# generated by tools/gen_cave.py
o cave_10
v 17.467 -1.500 15.750
v 17.500 -1.500 15.691
v 17.500 -1.571 15.750
v 17.430 -1.250 15.750
v 17.500 -1.250 15.619
v 17.455 -1.000 15.750
v 17.500 -1.000 15.661
v 17.500 -0.777 15.750
v 17.461 -1.750 16.000
v 17.500 -1.750 15.921
v 17.500 -1.809 16.000
v 17.346 -1.500 16.000
v 17.310 -1.250 16.000
v 17.335 -1.000 16.000
v 17.500 -0.750 15.761
v 17.386 -0.750 16.000
v 17.467 -0.500 16.000
v 17.500 -0.500 15.929
v 17.500 -0.426 16.000
v 17.749 -1.250 15.250
v 17.750 -1.250 15.249
v 17.750 -1.256 15.250
v 17.750 -1.234 15.250
v 17.618 -1.500 15.500
v 17.750 -1.500 15.318
v 17.750 -1.745 15.500
v 17.570 -1.250 15.500
v 17.750 -1.000 15.272
v 17.592 -1.000 15.500
v 17.647 -0.750 15.500
v 17.750 -0.750 15.350
v 17.738 -0.500 15.500
v 17.750 -0.500 15.483
v 17.750 -0.478 15.500
v 17.592 -1.750 15.750
v 17.750 -1.750 15.505
v 17.750 -1.968 15.750
v 17.506 -0.750 15.750
v 17.589 -0.500 15.750
v 17.750 -0.250 15.701
v 17.720 -0.250 15.750
v 17.750 -0.207 15.750
v 17.636 -2.000 16.000
v 17.750 -2.000 15.793
v 17.750 -2.142 16.000
v 17.590 -0.250 16.000
v 17.750 -0.025 16.000
v 17.968 -1.250 15.000
v 18.000 -1.250 14.965
v 18.000 -1.409 15.000
v 17.989 -1.000 15.000
v 18.000 -1.000 14.988
v 18.000 -0.954 15.000
v 17.945 -1.750 15.250
v 18.000 -1.750 15.186
v 18.000 -1.822 15.250
v 17.803 -1.500 15.250
v 18.000 -1.500 15.020
v 17.767 -1.000 15.250
v 18.000 -0.750 15.053
v 17.826 -0.750 15.250
v 17.925 -0.500 15.250
v 18.000 -0.500 15.163
v 18.000 -0.364 15.250
v 17.948 -2.000 15.500
v 18.000 -2.000 15.432
v 18.000 -2.065 15.500
v 17.753 -1.750 15.500
v 17.881 -0.250 15.500
v 18.000 -0.250 15.338
v 18.000 -0.096 15.500
v 17.776 -2.000 15.750
v 18.000 -2.186 15.750
v 17.913 0.000 15.750
v 18.000 0.000 15.619
v 18.000 0.090 15.750
v 18.000 -2.193 16.000
v 17.770 0.000 16.000
v 18.000 0.236 16.000
v 18.236 -1.500 14.750
v 18.250 -1.500 14.735
v 18.250 -1.524 14.750
v 18.190 -1.250 14.750
v 18.250 -1.250 14.683
v 18.213 -1.000 14.750
v 18.250 -1.000 14.710
v 18.250 -0.856 14.750
v 18.163 -1.750 15.000
v 18.250 -1.750 14.903
v 18.250 -1.860 15.000
v 18.018 -1.500 15.000
v 18.049 -0.750 15.000
v 18.250 -0.750 14.780
v 18.147 -0.500 15.000
v 18.250 -0.500 14.890
v 18.250 -0.319 15.000
v 18.148 -2.000 15.250
v 18.250 -2.000 15.133
v 18.250 -2.117 15.250
v 18.069 -0.250 15.250
v 18.250 -0.250 15.046
v 18.250 -0.030 15.250
v 18.250 -2.210 15.500
v 18.080 0.000 15.500
v 18.250 0.000 15.283
v 18.250 0.163 15.500
v 18.250 -2.205 15.750
v 18.170 0.250 15.750
v 18.250 0.250 15.638
v 18.250 0.314 15.750
v 18.250 -2.197 16.000
v 18.016 0.250 16.000
v 18.250 0.430 16.000
v 18.447 -1.500 14.500
v 18.500 -1.500 14.441
v 18.500 -1.594 14.500
v 18.406 -1.250 14.500
v 18.500 -1.250 14.397
v 18.431 -1.000 14.500
v 18.500 -1.000 14.424
v 18.495 -0.750 14.500
v 18.500 -0.750 14.494
v 18.500 -0.736 14.500
v 18.385 -1.750 14.750
v 18.500 -1.750 14.614
v 18.500 -1.895 14.750
v 18.277 -0.750 14.750
v 18.500 -0.500 14.612
v 18.378 -0.500 14.750
v 18.500 -0.291 14.750
v 18.369 -2.000 15.000
v 18.500 -2.000 14.852
v 18.500 -2.146 15.000
v 18.293 -0.250 15.000
v 18.500 -0.250 14.778
v 18.500 -0.008 15.000
v 18.500 -2.226 15.250
v 18.278 0.000 15.250
v 18.500 0.000 15.008
v 18.500 0.190 15.250
v 18.500 -2.219 15.500
v 18.357 0.250 15.500
v 18.500 0.250 15.336
v 18.500 0.348 15.500
v 18.500 -2.211 15.750
v 18.500 0.471 15.750
v 18.500 -2.203 16.000
v 18.500 0.500 15.826
v 18.374 0.500 16.000
v 18.500 0.563 16.000
v 18.667 -1.500 14.250
v 18.750 -1.500 14.166
v 18.750 -1.644 14.250
v 18.627 -1.250 14.250
v 18.750 -1.250 14.121
v 18.647 -1.000 14.250
v 18.750 -1.000 14.135
v 18.701 -0.750 14.250
v 18.750 -0.750 14.193
v 18.750 -0.612 14.250
v 18.592 -1.750 14.500
v 18.750 -1.750 14.323
v 18.750 -1.953 14.500
v 18.590 -0.500 14.500
v 18.750 -0.500 14.302
v 18.726 -0.250 14.500
v 18.750 -0.250 14.471
v 18.750 -0.217 14.500
v 18.585 -2.000 14.750
v 18.750 -2.000 14.549
v 18.750 -2.190 14.750
v 18.525 -0.250 14.750
v 18.750 0.000 14.726
v 18.730 0.000 14.750
v 18.750 0.019 14.750
v 18.750 -2.241 15.000
v 18.507 0.000 15.000
v 18.750 0.198 15.000
v 18.750 -2.233 15.250
v 18.583 0.250 15.250
v 18.750 0.250 15.076
v 18.750 0.351 15.250
v 18.750 -2.227 15.500
v 18.750 0.476 15.500
v 18.750 -2.218 15.750
v 18.750 0.500 15.560
v 18.567 0.500 15.750
v 18.750 0.572 15.750
v 18.750 -2.210 16.000
v 18.750 0.644 16.000
v 18.905 -1.500 14.000
v 19.000 -1.500 13.903
v 19.000 -1.663 14.000
v 18.855 -1.250 14.000
v 19.000 -1.250 13.841
v 18.859 -1.000 14.000
v 19.000 -1.000 13.834
v 18.903 -0.750 14.000
v 19.000 -0.750 13.883
v 18.992 -0.500 14.000
v 19.000 -0.500 13.991
v 19.000 -0.486 14.000
v 18.812 -1.750 14.250
v 19.000 -1.750 14.056
v 19.000 -1.998 14.250
v 18.789 -0.500 14.250
v 19.000 -0.250 14.164
v 18.926 -0.250 14.250
v 19.000 -0.154 14.250
v 18.789 -2.000 14.500
v 19.000 -2.000 14.252
v 19.000 -2.242 14.500
v 18.932 0.000 14.500
v 19.000 0.000 14.419
v 19.000 0.061 14.500
v 18.979 -2.250 14.750
v 19.000 -2.250 14.646
v 19.000 -2.253 14.750
v 19.000 0.221 14.750
v 19.000 -2.250 14.929
v 19.000 -2.249 15.000
v 19.000 0.250 14.800
v 18.826 0.250 15.000
v 19.000 0.351 15.000
v 19.000 -2.242 15.250
v 19.000 0.467 15.250
v 19.000 -2.234 15.500
v 19.000 0.500 15.332
v 18.816 0.500 15.500
v 19.000 0.562 15.500
v 19.000 -2.227 15.750
v 19.000 0.633 15.750
v 19.000 -2.219 16.000
v 19.000 0.683 16.000
v 19.140 -1.500 13.750
v 19.250 -1.500 13.630
v 19.250 -1.689 13.750
v 19.080 -1.250 13.750
v 19.250 -1.250 13.563
v 19.071 -1.000 13.750
v 19.250 -1.000 13.551
v 19.114 -0.750 13.750
v 19.250 -0.750 13.602
v 19.221 -0.500 13.750
v 19.250 -0.500 13.720
v 19.250 -0.456 13.750
v 19.235 -2.000 14.000
v 19.250 -2.000 13.985
v 19.250 -2.019 14.000
v 19.053 -1.750 14.000
v 19.250 -1.750 13.792
v 19.152 -0.250 14.000
v 19.250 -0.250 13.901
v 19.250 -0.141 14.000
v 19.219 -2.250 14.250
v 19.250 -2.250 14.217
v 19.250 -2.270 14.250
v 19.002 -2.000 14.250
v 19.148 0.000 14.250
v 19.250 0.000 14.148
v 19.250 0.082 14.250
v 19.052 -2.250 14.500
v 19.250 -2.267 14.500
v 19.250 0.238 14.500
v 19.250 -2.261 14.750
v 19.250 0.250 14.523
v 19.046 0.250 14.750
v 19.250 0.358 14.750
v 19.050 -2.250 15.000
v 19.250 -2.255 15.000
v 19.250 0.464 15.000
v 19.249 -2.250 15.250
v 19.250 -2.250 15.250
v 19.250 0.500 15.100
v 19.093 0.500 15.250
v 19.250 0.550 15.250
v 19.250 -2.250 15.251
v 19.250 -2.243 15.500
v 19.250 0.617 15.500
v 19.250 -2.236 15.750
v 19.250 0.665 15.750
v 19.250 -2.229 16.000
v 19.250 0.695 16.000
v 19.382 -1.500 13.500
v 19.500 -1.500 13.395
v 19.500 -1.680 13.500
v 19.316 -1.250 13.500
v 19.500 -1.250 13.342
v 19.305 -1.000 13.500
v 19.500 -1.000 13.334
v 19.361 -0.750 13.500
v 19.500 -0.750 13.380
v 19.492 -0.500 13.500
v 19.500 -0.500 13.493
v 19.500 -0.489 13.500
v 19.479 -2.000 13.750
v 19.500 -2.000 13.730
v 19.500 -2.026 13.750
v 19.290 -1.750 13.750
v 19.500 -1.750 13.546
v 19.412 -0.250 13.750
v 19.500 -0.250 13.669
v 19.500 -0.158 13.750
v 19.452 -2.250 14.000
v 19.500 -2.250 13.952
v 19.500 -2.282 14.000
v 19.402 0.000 14.000
v 19.500 0.000 13.908
v 19.500 0.078 14.000
v 19.500 -2.280 14.250
v 19.500 0.243 14.250
v 19.500 -2.274 14.500
v 19.500 0.250 14.263
v 19.271 0.250 14.500
v 19.500 0.364 14.500
v 19.500 -2.269 14.750
v 19.500 0.463 14.750
v 19.500 -2.264 15.000
v 19.500 0.500 14.860
v 19.356 0.500 15.000
v 19.500 0.545 15.000
v 19.500 -2.258 15.250
v 19.500 0.609 15.250
v 19.432 -2.250 15.500
v 19.500 -2.253 15.500
v 19.500 0.653 15.500
v 19.500 -2.250 15.597
v 19.500 -2.246 15.750
v 19.500 0.680 15.750
v 19.500 -2.239 16.000
v 19.500 0.690 16.000
v 19.714 -1.500 13.250
v 19.750 -1.500 13.229
v 19.750 -1.543 13.250
v 19.643 -1.250 13.250
v 19.750 -1.250 13.188
v 19.633 -1.000 13.250
v 19.750 -1.000 13.182
v 19.700 -0.750 13.250
v 19.750 -0.750 13.219
v 19.750 -0.658 13.250
v 19.555 -1.750 13.500
v 19.750 -1.750 13.362
v 19.750 -1.967 13.500
v 19.750 -0.500 13.309
v 19.706 -0.250 13.500
v 19.750 -0.250 13.464
v 19.750 -0.206 13.500
v 19.726 -2.250 13.750
v 19.750 -2.250 13.731
v 19.750 -2.266 13.750
v 19.750 -2.000 13.525
v 19.680 0.000 13.750
v 19.750 0.000 13.688
v 19.750 0.056 13.750
v 19.750 -2.295 14.000
v 19.750 0.241 14.000
v 19.750 -2.289 14.250
v 19.750 0.250 14.015
v 19.513 0.250 14.250
v 19.750 0.373 14.250
v 19.750 -2.283 14.500
v 19.750 0.470 14.500
v 19.750 -2.277 14.750
v 19.750 0.500 14.597
v 19.607 0.500 14.750
v 19.750 0.548 14.750
v 19.750 -2.272 15.000
v 19.750 0.609 15.000
v 19.750 -2.267 15.250
v 19.750 0.650 15.250
v 19.750 -2.262 15.500
v 19.750 0.675 15.500
v 19.614 -2.250 15.750
v 19.750 -2.255 15.750
v 19.750 0.683 15.750
v 19.750 -2.250 15.914
v 19.750 -2.248 16.000
v 19.750 0.674 16.000
v 19.958 -1.750 13.250
v 20.000 -1.750 13.229
v 20.000 -1.787 13.250
v 20.000 -1.500 13.110
v 20.000 -1.250 13.075
v 20.000 -1.000 13.071
v 20.000 -0.750 13.101
v 19.858 -0.500 13.250
v 20.000 -0.500 13.174
v 20.000 -0.346 13.250
v 19.790 -2.000 13.500
v 20.000 -2.000 13.384
v 20.000 -2.166 13.500
v 20.000 -0.250 13.302
v 20.000 -0.005 13.500
v 20.000 -2.250 13.619
v 20.000 -2.307 13.750
v 20.000 0.000 13.505
v 20.000 0.209 13.750
v 20.000 -2.303 14.000
v 20.000 0.250 13.810
v 19.767 0.250 14.000
v 20.000 0.367 14.000
v 20.000 -2.298 14.250
v 20.000 0.481 14.250
v 20.000 -2.292 14.500
v 20.000 0.500 14.308
v 19.832 0.500 14.500
v 20.000 0.563 14.500
v 20.000 -2.288 14.750
v 20.000 0.620 14.750
v 20.000 -2.282 15.000
v 20.000 0.658 15.000
v 20.000 -2.276 15.250
v 20.000 0.679 15.250
v 20.000 -2.270 15.500
v 20.000 0.685 15.500
v 20.000 -2.264 15.750
v 20.000 0.676 15.750
v 19.818 -2.250 16.000
v 20.000 -2.257 16.000
v 20.000 0.643 16.000
v 20.198 -1.250 13.000
v 20.250 -1.250 12.980
v 20.250 -1.397 13.000
v 20.188 -1.000 13.000
v 20.250 -1.000 12.976
v 20.250 -0.778 13.000
v 20.250 -1.750 13.124
v 20.250 -1.976 13.250
v 20.250 -1.500 13.013
v 20.250 -0.750 13.003
v 20.250 -0.500 13.066
v 20.101 -0.250 13.250
v 20.250 -0.250 13.177
v 20.250 -0.142 13.250
v 20.124 -2.250 13.500
v 20.250 -2.250 13.437
v 20.250 -2.306 13.500
v 20.250 -2.000 13.265
v 20.008 0.000 13.500
v 20.250 0.000 13.359
v 20.250 0.132 13.500
v 20.250 -2.314 13.750
v 20.087 0.250 13.750
v 20.250 0.250 13.649
v 20.250 0.321 13.750
v 20.250 -2.310 14.000
v 20.250 0.465 14.000
v 20.250 -2.306 14.250
v 20.250 0.500 14.080
v 20.053 0.500 14.250
v 20.250 0.572 14.250
v 20.250 -2.302 14.500
v 20.250 0.641 14.500
v 20.250 -2.298 14.750
v 20.250 0.679 14.750
v 20.250 -2.292 15.000
v 20.250 0.696 15.000
v 20.250 -2.286 15.250
v 20.250 0.698 15.250
v 20.250 -2.280 15.500
v 20.250 0.685 15.500
v 20.250 -2.274 15.750
v 20.250 0.652 15.750
v 20.250 -2.266 16.000
v 20.250 0.588 16.000
v 20.285 -1.500 13.000
v 20.500 -1.500 12.917
v 20.500 -1.699 13.000
v 20.500 -1.250 12.885
v 20.500 -1.000 12.880
v 20.258 -0.750 13.000
v 20.500 -0.750 12.906
v 20.417 -0.500 13.000
v 20.500 -0.500 12.967
v 20.500 -0.418 13.000
v 20.283 -2.000 13.250
v 20.500 -2.000 13.154
v 20.500 -2.155 13.250
v 20.500 -1.750 13.021
v 20.500 -0.250 13.072
v 20.478 0.000 13.250
v 20.500 0.000 13.240
v 20.500 0.011 13.250
v 20.500 -2.250 13.357
v 20.500 -2.325 13.500
v 20.500 0.247 13.500
v 20.500 -2.320 13.750
v 20.500 0.250 13.503
v 20.500 0.421 13.750
v 20.500 -2.318 14.000
v 20.500 0.500 13.897
v 20.351 0.500 14.000
v 20.500 0.554 14.000
v 20.500 -2.315 14.250
v 20.500 0.646 14.250
v 20.500 -2.312 14.500
v 20.500 0.701 14.500
v 20.500 -2.308 14.750
v 20.500 0.724 14.750
v 20.500 -2.303 15.000
v 20.500 0.724 15.000
v 20.500 -2.298 15.250
v 20.500 0.707 15.250
v 20.500 -2.293 15.500
v 20.500 0.669 15.500
v 20.500 -2.286 15.750
v 20.500 0.605 15.750
v 20.500 -2.279 16.000
v 20.492 0.500 16.000
v 20.500 0.497 16.000
v 20.500 0.500 15.993
v 20.550 -1.750 13.000
v 20.750 -1.750 12.915
v 20.750 -1.920 13.000
v 20.750 -1.500 12.821
v 20.750 -1.250 12.790
v 20.750 -1.000 12.785
v 20.750 -0.750 12.808
v 20.750 -0.500 12.868
v 20.682 -0.250 13.000
v 20.750 -0.250 12.972
v 20.750 -0.203 13.000
v 20.637 -2.250 13.250
v 20.750 -2.250 13.199
v 20.750 -2.306 13.250
v 20.750 -2.000 13.042
v 20.750 0.000 13.133
v 20.750 0.137 13.250
v 20.750 -2.334 13.500
v 20.750 0.250 13.364
v 20.506 0.250 13.500
v 20.750 0.366 13.500
v 20.750 -2.330 13.750
v 20.687 0.500 13.750
v 20.750 0.500 13.703
v 20.750 0.528 13.750
v 20.750 -2.327 14.000
v 20.750 0.639 14.000
v 20.750 -2.325 14.250
v 20.750 0.709 14.250
v 20.750 -2.322 14.500
v 20.750 0.746 14.500
v 20.750 -2.319 14.750
v 20.750 0.750 14.596
v 20.706 0.750 14.750
v 20.750 0.756 14.750
v 20.750 -2.315 15.000
v 20.750 0.741 15.000
v 20.750 0.750 14.851
v 20.750 -2.311 15.250
v 20.750 0.704 15.250
v 20.750 -2.306 15.500
v 20.750 0.637 15.500
v 20.750 -2.301 15.750
v 20.750 0.528 15.750
v 20.750 -2.290 16.000
v 20.750 0.365 16.000
v 20.750 0.500 15.796
v 20.928 -1.500 12.750
v 21.000 -1.500 12.719
v 21.000 -1.582 12.750
v 20.852 -1.250 12.750
v 21.000 -1.250 12.687
v 20.838 -1.000 12.750
v 21.000 -1.000 12.681
v 20.894 -0.750 12.750
v 21.000 -0.750 12.704
v 21.000 -0.561 12.750
v 20.842 -2.000 13.000
v 21.000 -2.000 12.929
v 21.000 -2.118 13.000
v 21.000 -1.750 12.808
v 21.000 -0.500 12.765
v 21.000 -0.250 12.868
v 21.000 -0.036 13.000
v 21.000 -2.250 13.108
v 21.000 -2.351 13.250
v 21.000 0.000 13.025
v 20.959 0.250 13.250
v 21.000 0.250 13.229
v 21.000 0.272 13.250
v 21.000 -2.344 13.500
v 21.000 0.495 13.500
v 21.000 -2.339 13.750
v 21.000 0.500 13.508
v 21.000 0.636 13.750
v 21.000 -2.337 14.000
v 21.000 0.723 14.000
v 21.000 -2.335 14.250
v 21.000 0.750 14.144
v 20.922 0.750 14.250
v 21.000 0.769 14.250
v 21.000 -2.332 14.500
v 20.774 0.750 14.500
v 21.000 0.787 14.500
v 21.000 -2.329 14.750
v 21.000 0.778 14.750
v 21.000 -2.326 15.000
v 21.000 0.746 15.000
v 21.000 0.750 14.971
v 21.000 -2.324 15.250
v 21.000 0.688 15.250
v 21.000 -2.321 15.500
v 21.000 0.587 15.500
v 21.000 -2.314 15.750
v 20.828 0.500 15.750
v 21.000 0.426 15.750
v 21.000 0.500 15.644
v 21.000 -2.250 15.900
v 20.872 -2.250 16.000
v 21.000 -2.186 16.000
v 20.945 0.250 16.000
v 21.000 0.209 16.000
v 21.000 0.250 15.959
v 21.127 -1.750 12.750
v 21.250 -1.750 12.689
v 21.250 -1.867 12.750
v 21.250 -1.500 12.592
v 21.250 -1.250 12.559
v 21.250 -1.000 12.553
v 21.250 -0.750 12.577
v 21.032 -0.500 12.750
v 21.250 -0.500 12.640
v 21.250 -0.258 12.750
v 21.195 -2.250 13.000
v 21.250 -2.250 12.976
v 21.250 -2.286 13.000
v 21.250 -2.000 12.817
v 21.250 -0.250 12.753
v 21.054 0.000 13.000
v 21.250 0.000 12.910
v 21.250 0.118 13.000
v 21.250 -2.361 13.250
v 21.250 0.250 13.109
v 21.250 0.402 13.250
v 21.250 -2.356 13.500
v 21.250 0.500 13.363
v 21.011 0.500 13.500
v 21.250 0.605 13.500
v 21.250 -2.352 13.750
v 21.250 0.732 13.750
v 21.250 -2.350 14.000
v 21.250 0.750 13.810
v 21.088 0.750 14.000
v 21.250 0.802 14.000
v 21.250 -2.347 14.250
v 21.250 0.831 14.250
v 21.250 -2.344 14.500
v 21.250 0.827 14.500
v 21.250 -2.341 14.750
v 21.250 0.795 14.750
v 21.250 -2.338 15.000
v 21.250 0.737 15.000
v 21.250 0.750 14.943
v 21.250 -2.337 15.250
v 21.250 0.653 15.250
v 21.250 -2.333 15.500
v 21.250 0.524 15.500
v 21.250 -2.264 15.750
v 21.250 0.331 15.750
v 21.250 0.500 15.536
v 21.250 -2.250 15.764
v 21.250 -2.000 15.997
v 21.245 -2.000 16.000
v 21.250 -1.996 16.000
v 21.250 0.069 16.000
v 21.250 0.250 15.837
v 21.398 -1.500 12.500
v 21.500 -1.500 12.425
v 21.500 -1.656 12.500
v 21.345 -1.250 12.500
v 21.500 -1.250 12.387
v 21.335 -1.000 12.500
v 21.500 -1.000 12.382
v 21.374 -0.750 12.500
v 21.500 -0.750 12.409
v 21.474 -0.500 12.500
v 21.500 -0.500 12.480
v 21.500 -0.459 12.500
v 21.391 -2.000 12.750
v 21.500 -2.000 12.691
v 21.500 -2.084 12.750
v 21.500 -1.750 12.541
v 21.257 -0.250 12.750
v 21.500 -0.250 12.599
v 21.500 -0.031 12.750
v 21.500 -2.250 12.863
v 21.500 -2.375 13.000
v 21.500 0.000 12.771
v 21.451 0.250 13.000
v 21.500 0.250 12.972
v 21.500 0.280 13.000
v 21.500 -2.376 13.250
v 21.451 0.500 13.250
v 21.500 0.500 13.224
v 21.500 0.523 13.250
v 21.500 -2.371 13.500
v 21.500 0.699 13.500
v 21.500 -2.368 13.750
v 21.500 0.750 13.606
v 21.304 0.750 13.750
v 21.500 0.816 13.750
v 21.500 -2.366 14.000
v 21.500 0.879 14.000
v 21.500 -2.364 14.250
v 21.500 0.896 14.250
v 21.500 -2.360 14.500
v 21.500 0.871 14.500
v 21.500 -2.356 14.750
v 21.500 0.809 14.750
v 21.500 -2.352 15.000
v 21.500 0.718 15.000
v 21.500 0.750 14.911
v 21.500 -2.350 15.250
v 21.500 0.607 15.250
v 21.500 -2.345 15.500
v 21.356 0.500 15.500
v 21.500 0.465 15.500
v 21.500 0.500 15.442
v 21.500 -2.250 15.630
v 21.277 -2.250 15.750
v 21.500 -2.129 15.750
v 21.500 0.272 15.750
v 21.500 -2.000 15.873
v 21.500 -1.853 16.000
v 21.472 0.000 16.000
v 21.500 -0.011 16.000
v 21.500 0.000 15.993
v 21.500 0.250 15.774
v 21.710 -1.500 12.250
v 21.750 -1.500 12.210
v 21.750 -1.571 12.250
v 21.666 -1.250 12.250
v 21.750 -1.250 12.168
v 21.660 -1.000 12.250
v 21.750 -1.000 12.163
v 21.687 -0.750 12.250
v 21.750 -0.750 12.186
v 21.749 -0.500 12.250
v 21.750 -0.500 12.249
v 21.750 -0.499 12.250
v 21.559 -1.750 12.500
v 21.750 -1.750 12.342
v 21.750 -1.959 12.500
v 21.622 -0.250 12.500
v 21.750 -0.250 12.369
v 21.750 -0.080 12.500
v 21.711 -2.250 12.750
v 21.750 -2.250 12.726
v 21.750 -2.283 12.750
v 21.750 -2.000 12.529
v 21.530 0.000 12.750
v 21.750 0.000 12.560
v 21.750 0.211 12.750
v 21.750 -2.395 13.000
v 21.750 0.250 12.785
v 21.750 0.455 13.000
v 21.750 -2.392 13.250
v 21.750 0.500 13.055
v 21.750 0.647 13.250
v 21.750 -2.390 13.500
v 21.750 0.750 13.421
v 21.633 0.750 13.500
v 21.750 0.799 13.500
v 21.750 -2.389 13.750
v 21.750 0.908 13.750
v 21.750 -2.387 14.000
v 21.750 0.961 14.000
v 21.750 -2.385 14.250
v 21.750 0.964 14.250
v 21.750 -2.381 14.500
v 21.750 0.923 14.500
v 21.750 -2.375 14.750
v 21.750 0.835 14.750
v 21.750 -2.371 15.000
v 21.750 0.709 15.000
v 21.750 0.750 14.918
v 21.750 -2.368 15.250
v 21.750 0.573 15.250
v 21.750 -2.270 15.500
v 21.750 0.430 15.500
v 21.750 0.500 15.379
v 21.750 -2.250 15.517
v 21.750 -2.021 15.750
v 21.750 0.254 15.750
v 21.750 -2.000 15.772
v 21.750 -1.751 16.000
v 21.750 -0.035 16.000
v 21.750 0.000 15.978
v 21.750 0.250 15.754
v 21.964 -1.500 12.000
v 22.000 -1.500 11.960
v 22.000 -1.567 12.000
v 21.917 -1.250 12.000
v 22.000 -1.250 11.905
v 21.905 -1.000 12.000
v 22.000 -1.000 11.885
v 21.916 -0.750 12.000
v 22.000 -0.750 11.894
v 21.954 -0.500 12.000
v 22.000 -0.500 11.941
v 22.000 -0.359 12.000
v 21.854 -1.750 12.250
v 22.000 -1.750 12.102
v 22.000 -1.924 12.250
v 21.849 -0.250 12.250
v 22.000 -0.250 12.050
v 21.999 0.000 12.250
v 22.000 0.000 12.249
v 22.000 0.001 12.250
v 21.788 -2.000 12.500
v 22.000 -2.000 12.311
v 22.000 -2.206 12.500
v 21.805 0.000 12.500
v 22.000 0.244 12.500
v 22.000 -2.250 12.539
v 22.000 -2.409 12.750
v 21.786 0.250 12.750
v 22.000 0.250 12.506
v 22.000 0.462 12.750
v 22.000 -2.413 13.000
v 21.808 0.500 13.000
v 22.000 0.500 12.798
v 22.000 0.643 13.000
v 22.000 -2.412 13.250
v 21.925 0.750 13.250
v 22.000 0.750 13.175
v 22.000 0.796 13.250
v 22.000 -2.412 13.500
v 22.000 0.926 13.500
v 22.000 -2.412 13.750
v 22.000 1.000 13.709
v 21.967 1.000 13.750
v 22.000 1.013 13.750
v 22.000 -2.412 14.000
v 21.862 1.000 14.000
v 22.000 1.045 14.000
v 22.000 -2.411 14.250
v 21.871 1.000 14.250
v 22.000 1.036 14.250
v 22.000 -2.406 14.500
v 22.000 0.988 14.500
v 22.000 1.000 14.445
v 22.000 -2.400 14.750
v 22.000 0.890 14.750
v 22.000 -2.395 15.000
v 22.000 0.742 15.000
v 22.000 0.750 14.986
v 22.000 -2.381 15.250
v 22.000 0.588 15.250
v 22.000 -2.250 15.426
v 21.798 -2.250 15.500
v 22.000 -2.180 15.500
v 22.000 0.443 15.500
v 22.000 0.500 15.401
v 22.000 -2.000 15.690
v 21.818 -2.000 15.750
v 22.000 -1.936 15.750
v 22.000 0.278 15.750
v 22.000 -1.750 15.928
v 21.754 -1.750 16.000
v 22.000 -1.656 16.000
v 22.000 -0.013 16.000
v 22.000 0.000 15.993
v 22.000 0.250 15.782
v 22.205 -1.500 11.750
v 22.250 -1.500 11.704
v 22.250 -1.575 11.750
v 22.137 -1.250 11.750
v 22.250 -1.250 11.621
v 22.109 -1.000 11.750
v 22.250 -1.000 11.575
v 22.112 -0.750 11.750
v 22.250 -0.750 11.578
v 22.152 -0.500 11.750
v 22.250 -0.500 11.635
v 22.247 -0.250 11.750
v 22.250 -0.250 11.746
v 22.250 -0.244 11.750
v 22.105 -1.750 12.000
v 22.250 -1.750 11.854
v 22.250 -1.926 12.000
v 22.038 -0.250 12.000
v 22.250 0.000 11.921
v 22.186 0.000 12.000
v 22.250 0.083 12.000
v 22.064 -2.000 12.250
v 22.250 -2.000 12.060
v 22.250 -2.199 12.250
v 22.194 0.250 12.250
v 22.250 0.250 12.173
v 22.250 0.314 12.250
v 22.045 -2.250 12.500
v 22.250 -2.250 12.300
v 22.250 -2.422 12.500
v 22.005 0.250 12.500
v 22.250 0.500 12.478
v 22.234 0.500 12.500
v 22.250 0.517 12.500
v 22.250 -2.439 12.750
v 22.039 0.500 12.750
v 22.250 0.693 12.750
v 22.250 -2.437 13.000
v 22.137 0.750 13.000
v 22.250 0.750 12.845
v 22.250 0.837 13.000
v 22.250 -2.436 13.250
v 22.250 0.959 13.250
v 22.250 -2.437 13.500
v 22.250 1.000 13.355
v 22.139 1.000 13.500
v 22.250 1.053 13.500
v 22.250 -2.439 13.750
v 22.250 1.108 13.750
v 22.250 -2.440 14.000
v 22.250 1.123 14.000
v 22.250 -2.439 14.250
v 22.250 1.107 14.250
v 22.250 -2.436 14.500
v 22.038 1.000 14.500
v 22.250 1.061 14.500
v 22.250 -2.431 14.750
v 22.250 0.976 14.750
v 22.250 1.000 14.689
v 22.250 -2.426 15.000
v 22.025 0.750 15.000
v 22.250 0.836 15.000
v 22.250 -2.376 15.250
v 22.250 0.673 15.250
v 22.250 0.750 15.134
v 22.250 -2.250 15.370
v 22.250 -2.125 15.500
v 22.191 0.500 15.500
v 22.250 0.520 15.500
v 22.250 -2.000 15.634
v 22.250 -1.878 15.750
v 22.250 0.353 15.750
v 22.250 0.500 15.533
v 22.250 -1.750 15.878
v 22.250 -1.589 16.000
v 22.037 0.000 16.000
v 22.250 0.069 16.000
v 22.250 0.250 15.863
v 22.463 -1.500 11.500
v 22.500 -1.500 11.471
v 22.500 -1.557 11.500
v 22.377 -1.250 11.500
v 22.500 -1.250 11.430
v 22.345 -1.000 11.500
v 22.500 -1.000 11.435
v 22.358 -0.750 11.500
v 22.500 -0.750 11.448
v 22.415 -0.500 11.500
v 22.500 -0.500 11.463
v 22.497 -0.250 11.500
v 22.500 -0.250 11.498
v 22.500 -0.244 11.500
v 22.357 -1.750 11.750
v 22.500 -1.750 11.615
v 22.500 -1.922 11.750
v 22.396 0.000 11.750
v 22.500 0.000 11.634
v 22.500 0.156 11.750
v 22.309 -2.000 12.000
v 22.500 -2.000 11.810
v 22.500 -2.211 12.000
v 22.379 0.250 12.000
v 22.500 0.250 11.833
v 22.500 0.403 12.000
v 22.298 -2.250 12.250
v 22.500 -2.250 12.038
v 22.500 -2.461 12.250
v 22.415 0.500 12.250
v 22.500 0.500 12.118
v 22.500 0.601 12.250
v 22.500 -2.472 12.500
v 22.476 0.750 12.500
v 22.500 0.750 12.461
v 22.500 0.776 12.500
v 22.500 -2.468 12.750
v 22.314 0.750 12.750
v 22.500 0.922 12.750
v 22.500 -2.466 13.000
v 22.462 1.000 13.000
v 22.500 1.000 12.927
v 22.500 1.029 13.000
v 22.500 -2.465 13.250
v 22.316 1.000 13.250
v 22.500 1.107 13.250
v 22.500 -2.466 13.500
v 22.500 1.161 13.500
v 22.500 -2.468 13.750
v 22.500 1.191 13.750
v 22.500 -2.471 14.000
v 22.500 1.197 14.000
v 22.500 -2.472 14.250
v 22.500 1.180 14.250
v 22.500 -2.469 14.500
v 22.500 1.139 14.500
v 22.500 -2.465 14.750
v 22.310 1.000 14.750
v 22.500 1.070 14.750
v 22.500 -2.459 15.000
v 22.500 0.965 15.000
v 22.500 1.000 14.929
v 22.500 -2.359 15.250
v 22.384 0.750 15.250
v 22.500 0.821 15.250
v 22.500 -2.250 15.346
v 22.500 -2.102 15.500
v 22.500 0.664 15.500
v 22.500 0.750 15.369
v 22.500 -2.000 15.611
v 22.500 -1.856 15.750
v 22.499 0.500 15.750
v 22.500 0.501 15.750
v 22.500 -1.750 15.862
v 22.500 -1.570 16.000
v 22.489 0.250 16.000
v 22.500 0.258 16.000
v 22.500 0.500 15.751
v 22.628 -1.750 11.500
v 22.750 -1.750 11.404
v 22.750 -1.897 11.500
v 22.750 -1.500 11.366
v 22.750 -1.250 11.393
v 22.750 -1.000 11.419
v 22.750 -0.750 11.433
v 22.750 -0.500 11.430
v 22.750 -0.250 11.417
v 22.623 0.000 11.500
v 22.750 0.000 11.413
v 22.746 0.250 11.500
v 22.750 0.250 11.496
v 22.750 0.257 11.500
v 22.562 -2.000 11.750
v 22.750 -2.000 11.573
v 22.750 -2.212 11.750
v 22.558 0.250 11.750
v 22.750 0.500 11.693
v 22.714 0.500 11.750
v 22.750 0.554 11.750
v 22.536 -2.250 12.000
v 22.750 -2.250 11.783
v 22.750 -2.481 12.000
v 22.571 0.500 12.000
v 22.750 0.750 11.999
v 22.750 0.750 12.000
v 22.750 0.751 12.000
v 22.692 -2.500 12.250
v 22.750 -2.500 12.153
v 22.750 -2.508 12.250
v 22.621 0.750 12.250
v 22.750 0.914 12.250
v 22.708 -2.500 12.500
v 22.750 -2.506 12.500
v 22.704 1.000 12.500
v 22.750 1.000 12.404
v 22.750 1.050 12.500
v 22.730 -2.500 12.750
v 22.750 -2.503 12.750
v 22.588 1.000 12.750
v 22.750 1.149 12.750
v 22.747 -2.500 13.000
v 22.750 -2.500 13.000
v 22.750 1.209 13.000
v 22.750 -2.500 13.068
v 22.750 -2.499 13.250
v 22.750 1.243 13.250
v 22.750 -2.499 13.500
v 22.750 1.250 13.335
v 22.718 1.250 13.500
v 22.750 1.263 13.500
v 22.735 -2.500 13.750
v 22.750 -2.500 13.559
v 22.750 -2.502 13.750
v 22.673 1.250 13.750
v 22.750 1.276 13.750
v 22.711 -2.500 14.000
v 22.750 -2.506 14.000
v 22.667 1.250 14.000
v 22.750 1.277 14.000
v 22.700 -2.500 14.250
v 22.750 -2.507 14.250
v 22.716 1.250 14.250
v 22.750 1.261 14.250
v 22.718 -2.500 14.500
v 22.750 -2.505 14.500
v 22.750 1.226 14.500
v 22.750 1.250 14.336
v 22.750 -2.500 14.712
v 22.750 -2.499 14.750
v 22.750 1.170 14.750
v 22.750 -2.493 15.000
v 22.564 1.000 15.000
v 22.750 1.092 15.000
v 22.750 -2.351 15.250
v 22.750 0.989 15.250
v 22.750 1.000 15.227
v 22.750 -2.250 15.344
v 22.750 -2.104 15.500
v 22.618 0.750 15.500
v 22.750 0.850 15.500
v 22.750 -2.000 15.618
v 22.750 -1.869 15.750
v 22.750 0.696 15.750
v 22.750 0.750 15.670
v 22.750 -1.750 15.887
v 22.750 -1.613 16.000
v 22.739 0.500 16.000
v 22.750 0.511 16.000
v 22.831 -2.000 11.500
v 23.000 -2.000 11.350
v 23.000 -2.193 11.500
v 23.000 -1.750 11.259
v 23.000 -1.500 11.291
v 23.000 -1.250 11.340
v 23.000 -1.000 11.373
v 23.000 -0.750 11.383
v 23.000 -0.500 11.371
v 23.000 -0.250 11.338
v 23.000 0.000 11.291
v 23.000 0.250 11.264
v 22.890 0.500 11.500
v 23.000 0.500 11.376
v 23.000 0.649 11.500
v 22.784 -2.250 11.750
v 23.000 -2.250 11.546
v 23.000 -2.477 11.750
v 22.889 0.750 11.750
v 23.000 0.750 11.597
v 23.000 0.879 11.750
v 22.807 -2.500 12.000
v 23.000 -2.500 11.816
v 23.000 -2.541 12.000
v 22.956 1.000 12.000
v 23.000 1.000 11.927
v 23.000 1.045 12.000
v 23.000 -2.544 12.250
v 22.825 1.000 12.250
v 23.000 1.179 12.250
v 23.000 -2.545 12.500
v 22.958 1.250 12.500
v 23.000 1.250 12.412
v 23.000 1.287 12.500
v 23.000 -2.545 12.750
v 22.869 1.250 12.750
v 23.000 1.356 12.750
v 23.000 -2.543 13.000
v 22.809 1.250 13.000
v 23.000 1.384 13.000
v 22.756 -2.500 13.250
v 23.000 -2.541 13.250
v 22.763 1.250 13.250
v 23.000 1.387 13.250
v 22.754 -2.500 13.500
v 23.000 -2.540 13.500
v 23.000 1.385 13.500
v 23.000 -2.543 13.750
v 23.000 1.387 13.750
v 23.000 -2.547 14.000
v 23.000 1.386 14.000
v 23.000 -2.549 14.250
v 23.000 1.370 14.250
v 23.000 -2.545 14.500
v 22.805 1.250 14.500
v 23.000 1.336 14.500
v 22.756 -2.500 14.750
v 23.000 -2.538 14.750
v 22.917 1.250 14.750
v 23.000 1.289 14.750
v 22.794 -2.500 15.000
v 23.000 -2.531 15.000
v 23.000 1.231 15.000
v 23.000 1.250 14.926
v 23.000 -2.500 15.065
v 23.000 -2.356 15.250
v 22.766 1.000 15.250
v 23.000 1.158 15.250
v 23.000 -2.250 15.357
v 23.000 -2.124 15.500
v 22.922 1.000 15.500
v 23.000 1.066 15.500
v 23.000 -2.000 15.651
v 23.000 -1.909 15.750
v 22.807 0.750 15.750
v 23.000 0.945 15.750
v 23.000 1.000 15.652
v 23.000 -1.750 15.952
v 23.000 -1.699 16.000
v 22.951 0.750 16.000
v 23.000 0.808 16.000
v 23.118 -2.000 11.250
v 23.250 -2.000 11.141
v 23.250 -2.156 11.250
v 23.016 -1.750 11.250
v 23.250 -1.750 11.108
v 23.094 -1.500 11.250
v 23.250 -1.500 11.157
v 23.187 -1.250 11.250
v 23.250 -1.250 11.197
v 23.210 -1.000 11.250
v 23.250 -1.000 11.208
v 23.212 -0.750 11.250
v 23.250 -0.750 11.208
v 23.207 -0.500 11.250
v 23.250 -0.500 11.207
v 23.165 -0.250 11.250
v 23.250 -0.250 11.186
v 23.070 0.000 11.250
v 23.250 0.000 11.142
v 23.017 0.250 11.250
v 23.250 0.250 11.095
v 23.121 0.500 11.250
v 23.250 0.500 11.121
v 23.250 0.668 11.250
v 23.050 -2.250 11.500
v 23.250 -2.250 11.319
v 23.250 -2.458 11.500
v 23.083 0.750 11.500
v 23.250 0.750 11.319
v 23.250 0.929 11.500
v 23.042 -2.500 11.750
v 23.250 -2.500 11.566
v 23.250 -2.575 11.750
v 23.119 1.000 11.750
v 23.250 1.000 11.582
v 23.250 1.122 11.750
v 23.250 -2.580 12.000
v 23.238 1.250 12.000
v 23.250 1.250 11.982
v 23.250 1.260 12.000
v 23.250 -2.584 12.250
v 23.085 1.250 12.250
v 23.250 1.381 12.250
v 23.250 -2.589 12.500
v 23.250 1.485 12.500
v 23.250 -2.591 12.750
v 23.250 1.500 12.553
v 23.181 1.500 12.750
v 23.250 1.552 12.750
v 23.250 -2.590 13.000
v 23.153 1.500 13.000
v 23.250 1.573 13.000
v 23.250 -2.587 13.250
v 23.161 1.500 13.250
v 23.250 1.565 13.250
v 23.250 -2.585 13.500
v 23.176 1.500 13.500
v 23.250 1.552 13.500
v 23.250 -2.587 13.750
v 23.183 1.500 13.750
v 23.250 1.546 13.750
v 23.250 -2.591 14.000
v 23.190 1.500 14.000
v 23.250 1.540 14.000
v 23.250 -2.593 14.250
v 23.217 1.500 14.250
v 23.250 1.522 14.250
v 23.250 -2.589 14.500
v 23.250 1.487 14.500
v 23.250 1.500 14.406
v 23.250 -2.581 14.750
v 23.250 1.442 14.750
v 23.250 -2.553 15.000
v 23.027 1.250 15.000
v 23.250 1.396 15.000
v 23.250 -2.500 15.090
v 23.250 -2.367 15.250
v 23.111 1.250 15.250
v 23.250 1.354 15.250
v 23.250 -2.250 15.381
v 23.250 -2.154 15.500
v 23.186 1.250 15.500
v 23.250 1.307 15.500
v 23.250 -2.000 15.707
v 23.250 -1.965 15.750
v 23.044 1.000 15.750
v 23.250 1.238 15.750
v 23.250 1.250 15.717
v 23.123 -1.750 16.000
v 23.250 -1.787 16.000
v 23.142 1.000 16.000
v 23.250 1.128 16.000
v 23.410 -2.000 11.000
v 23.500 -2.000 10.913
v 23.500 -2.107 11.000
v 23.381 -1.750 11.000
v 23.500 -1.750 10.879
v 23.411 -1.500 11.000
v 23.500 -1.500 10.888
v 23.412 -1.250 11.000
v 23.500 -1.250 10.888
v 23.412 -1.000 11.000
v 23.500 -1.000 10.888
v 23.412 -0.750 11.000
v 23.500 -0.750 10.888
v 23.412 -0.500 11.000
v 23.500 -0.500 10.888
v 23.412 -0.250 11.000
v 23.500 -0.250 10.888
v 23.403 0.000 11.000
v 23.500 0.000 10.888
v 23.354 0.250 11.000
v 23.500 0.250 10.866
v 23.358 0.500 11.000
v 23.500 0.500 10.860
v 23.500 0.718 11.000
v 23.327 -2.250 11.250
v 23.500 -2.250 11.105
v 23.500 -2.430 11.250
v 23.314 0.750 11.250
v 23.500 0.750 11.028
v 23.500 0.973 11.250
v 23.300 -2.500 11.500
v 23.500 -2.500 11.323
v 23.500 -2.611 11.500
v 23.316 1.000 11.500
v 23.500 1.000 11.278
v 23.500 1.193 11.500
v 23.500 -2.617 11.750
v 23.393 1.250 11.750
v 23.500 1.250 11.585
v 23.500 1.347 11.750
v 23.500 -2.622 12.000
v 23.500 1.464 12.000
v 23.500 -2.628 12.250
v 23.500 1.500 12.080
v 23.404 1.500 12.250
v 23.500 1.577 12.250
v 23.500 -2.634 12.500
v 23.270 1.500 12.500
v 23.500 1.676 12.500
v 23.500 -2.637 12.750
v 23.500 1.742 12.750
v 23.500 -2.636 13.000
v 23.500 1.750 12.819
v 23.476 1.750 13.000
v 23.500 1.768 13.000
v 23.500 -2.633 13.250
v 23.476 1.750 13.250
v 23.500 1.768 13.250
v 23.500 -2.631 13.500
v 23.488 1.750 13.500
v 23.500 1.759 13.500
v 23.500 -2.633 13.750
v 23.499 1.750 13.750
v 23.500 1.751 13.750
v 23.500 -2.637 14.000
v 23.500 1.738 14.000
v 23.500 1.750 13.762
v 23.500 -2.639 14.250
v 23.500 1.714 14.250
v 23.500 -2.637 14.500
v 23.268 1.500 14.500
v 23.500 1.680 14.500
v 23.500 -2.632 14.750
v 23.323 1.500 14.750
v 23.500 1.641 14.750
v 23.500 -2.566 15.000
v 23.372 1.500 15.000
v 23.500 1.607 15.000
v 23.500 -2.500 15.092
v 23.500 -2.382 15.250
v 23.408 1.500 15.250
v 23.500 1.580 15.250
v 23.500 -2.250 15.414
v 23.500 -2.188 15.500
v 23.441 1.500 15.500
v 23.500 1.554 15.500
v 23.393 -2.000 15.750
v 23.500 -2.022 15.750
v 23.259 1.250 15.750
v 23.490 1.500 15.750
v 23.500 1.510 15.750
v 23.500 -2.000 15.787
v 23.500 -1.864 16.000
v 23.341 1.250 16.000
v 23.500 1.420 16.000
v 23.500 1.500 15.780
v 23.645 -2.000 10.750
v 23.750 -2.000 10.615
v 23.750 -2.108 10.750
v 23.607 -1.750 10.750
v 23.750 -1.750 10.568
v 23.608 -1.500 10.750
v 23.750 -1.500 10.568
v 23.608 -1.250 10.750
v 23.750 -1.250 10.568
v 23.608 -1.000 10.750
v 23.750 -1.000 10.568
v 23.608 -0.750 10.750
v 23.750 -0.750 10.568
v 23.608 -0.500 10.750
v 23.750 -0.500 10.568
v 23.608 -0.250 10.750
v 23.750 -0.250 10.568
v 23.608 0.000 10.750
v 23.750 0.000 10.568
v 23.600 0.250 10.750
v 23.750 0.250 10.568
v 23.592 0.500 10.750
v 23.750 0.500 10.579
v 23.750 0.748 10.750
v 23.638 -2.250 11.000
v 23.750 -2.250 10.906
v 23.750 -2.340 11.000
v 23.525 0.750 11.000
v 23.750 0.750 10.752
v 23.750 0.998 11.000
v 23.582 -2.500 11.250
v 23.750 -2.500 11.141
v 23.750 -2.610 11.250
v 23.523 1.000 11.250
v 23.750 1.000 11.002
v 23.746 1.250 11.250
v 23.750 1.250 11.246
v 23.750 1.254 11.250
v 23.750 -2.648 11.500
v 23.555 1.250 11.500
v 23.750 1.440 11.500
v 23.750 -2.661 11.750
v 23.668 1.500 11.750
v 23.750 1.500 11.608
v 23.750 1.571 11.750
v 23.750 -2.669 12.000
v 23.542 1.500 12.000
v 23.750 1.681 12.000
v 23.750 -2.676 12.250
v 23.713 1.750 12.250
v 23.750 1.750 12.173
v 23.750 1.778 12.250
v 23.750 -2.681 12.500
v 23.599 1.750 12.500
v 23.750 1.855 12.500
v 23.750 -2.683 12.750
v 23.511 1.750 12.750
v 23.750 1.908 12.750
v 23.750 -2.682 13.000
v 23.750 1.941 13.000
v 23.750 -2.680 13.250
v 23.750 1.958 13.250
v 23.750 -2.678 13.500
v 23.750 1.963 13.500
v 23.750 -2.680 13.750
v 23.750 1.957 13.750
v 23.750 -2.683 14.000
v 23.514 1.750 14.000
v 23.750 1.941 14.000
v 23.750 -2.687 14.250
v 23.542 1.750 14.250
v 23.750 1.918 14.250
v 23.750 -2.688 14.500
v 23.580 1.750 14.500
v 23.750 1.895 14.500
v 23.750 -2.674 14.750
v 23.615 1.750 14.750
v 23.750 1.874 14.750
v 23.750 -2.566 15.000
v 23.642 1.750 15.000
v 23.750 1.856 15.000
v 23.750 -2.500 15.099
v 23.750 -2.401 15.250
v 23.663 1.750 15.250
v 23.750 1.835 15.250
v 23.750 -2.250 15.461
v 23.750 -2.225 15.500
v 23.691 1.750 15.500
v 23.750 1.805 15.500
v 23.750 -2.079 15.750
v 23.750 1.749 15.750
v 23.750 1.750 15.746
v 23.750 -2.000 15.904
v 23.750 -1.946 16.000
v 23.575 1.500 16.000
v 23.750 1.655 16.000
v 23.998 -1.750 10.250
v 24.000 -1.750 10.248
v 24.000 -1.770 10.250
v 23.998 -1.500 10.250
v 24.000 -1.500 10.248
v 23.998 -1.250 10.250
v 24.000 -1.250 10.248
v 23.998 -1.000 10.250
v 24.000 -1.000 10.248
v 23.998 -0.750 10.250
v 24.000 -0.750 10.248
v 23.998 -0.500 10.250
v 24.000 -0.500 10.248
v 23.998 -0.250 10.250
v 24.000 -0.250 10.248
v 23.998 0.000 10.250
v 24.000 0.000 10.248
v 23.998 0.250 10.250
v 24.000 0.250 10.248
v 24.000 0.274 10.250
v 23.833 -2.000 10.500
v 24.000 -2.000 10.274
v 24.000 -2.144 10.500
v 23.803 -1.750 10.500
v 23.803 -1.500 10.500
v 23.803 -1.250 10.500
v 23.803 -1.000 10.500
v 23.803 -0.750 10.500
v 23.803 -0.500 10.500
v 23.803 -0.250 10.500
v 23.803 0.000 10.500
v 23.803 0.250 10.500
v 24.000 0.500 10.271
v 23.813 0.500 10.500
v 23.988 0.750 10.500
v 24.000 0.750 10.487
v 24.000 0.761 10.500
v 23.925 -2.250 10.750
v 24.000 -2.250 10.673
v 24.000 -2.291 10.750
v 23.752 0.750 10.750
v 24.000 0.973 10.750
v 24.000 -2.476 11.000
v 23.752 1.000 11.000
v 24.000 1.000 10.780
v 23.995 1.250 11.000
v 24.000 1.250 10.995
v 24.000 1.255 11.000
v 24.000 -2.500 11.032
v 24.000 -2.663 11.250
v 24.000 1.480 11.250
v 24.000 -2.683 11.500
v 24.000 1.500 11.278
v 23.819 1.500 11.500
v 24.000 1.635 11.500
v 24.000 -2.701 11.750
v 23.982 1.750 11.750
v 24.000 1.750 11.724
v 24.000 1.763 11.750
v 24.000 -2.716 12.000
v 23.837 1.750 12.000
v 24.000 1.869 12.000
v 24.000 -2.725 12.250
v 24.000 1.953 12.250
v 24.000 -2.729 12.500
v 24.000 2.000 12.441
v 23.978 2.000 12.500
v 24.000 2.013 12.500
v 24.000 -2.730 12.750
v 23.900 2.000 12.750
v 24.000 2.058 12.750
v 24.000 -2.730 13.000
v 23.842 2.000 13.000
v 24.000 2.096 13.000
v 24.000 -2.730 13.250
v 23.810 2.000 13.250
v 24.000 2.126 13.250
v 24.000 -2.730 13.500
v 23.798 2.000 13.500
v 24.000 2.143 13.500
v 24.000 -2.731 13.750
v 23.804 2.000 13.750
v 24.000 2.143 13.750
v 24.000 -2.734 14.000
v 23.824 2.000 14.000
v 24.000 2.129 14.000
v 24.000 -2.738 14.250
v 23.850 2.000 14.250
v 24.000 2.112 14.250
v 24.000 -2.741 14.500
v 23.870 2.000 14.500
v 24.000 2.104 14.500
v 24.000 -2.690 14.750
v 23.881 2.000 14.750
v 24.000 2.102 14.750
v 24.000 -2.566 15.000
v 23.892 2.000 15.000
v 24.000 2.096 15.000
v 24.000 -2.500 15.112
v 24.000 -2.422 15.250
v 23.914 2.000 15.250
v 24.000 2.074 15.250
v 23.900 -2.250 15.500
v 24.000 -2.268 15.500
v 23.962 2.000 15.500
v 24.000 2.030 15.500
v 24.000 -2.250 15.530
v 24.000 -2.140 15.750
v 23.751 1.750 15.750
v 24.000 1.955 15.750
v 24.000 2.000 15.609
v 23.864 -2.000 16.000
v 24.000 -2.054 16.000
v 23.859 1.750 16.000
v 24.000 1.857 16.000
v 24.226 -2.000 10.000
v 24.250 -2.000 9.974
v 24.250 -2.016 10.000
v 24.194 -1.750 10.000
v 24.250 -1.750 9.928
v 24.194 -1.500 10.000
v 24.250 -1.500 9.928
v 24.194 -1.250 10.000
v 24.250 -1.250 9.928
v 24.194 -1.000 10.000
v 24.250 -1.000 9.928
v 24.194 -0.750 10.000
v 24.250 -0.750 9.928
v 24.194 -0.500 10.000
v 24.250 -0.500 9.928
v 24.194 -0.250 10.000
v 24.250 -0.250 9.928
v 24.194 0.000 10.000
v 24.250 0.000 9.928
v 24.194 0.250 10.000
v 24.250 0.250 9.928
v 24.220 0.500 10.000
v 24.250 0.500 9.965
v 24.250 0.550 10.000
v 24.018 -2.000 10.250
v 24.250 -2.157 10.250
v 24.016 0.500 10.250
v 24.250 0.750 10.199
v 24.204 0.750 10.250
v 24.250 0.793 10.250
v 24.172 -2.250 10.500
v 24.250 -2.250 10.426
v 24.250 -2.280 10.500
v 24.250 0.968 10.500
v 24.250 -2.386 10.750
v 24.250 1.000 10.544
v 24.033 1.000 10.750
v 24.243 1.250 10.750
v 24.250 1.250 10.742
v 24.250 1.258 10.750
v 24.093 -2.500 11.000
v 24.250 -2.500 10.953
v 24.250 -2.560 11.000
v 24.246 1.500 11.000
v 24.250 1.500 10.995
v 24.250 1.504 11.000
v 24.250 -2.697 11.250
v 24.024 1.500 11.250
v 24.250 1.668 11.250
v 24.250 -2.719 11.500
v 24.173 1.750 11.500
v 24.250 1.750 11.403
v 24.250 1.797 11.500
v 24.250 -2.739 11.750
v 24.250 1.912 11.750
v 24.215 -2.750 12.000
v 24.250 -2.750 11.918
v 24.250 -2.755 12.000
v 24.250 2.000 11.963
v 24.223 2.000 12.000
v 24.250 2.015 12.000
v 24.149 -2.750 12.250
v 24.250 -2.767 12.250
v 24.080 2.000 12.250
v 24.250 2.094 12.250
v 24.116 -2.750 12.500
v 24.250 -2.775 12.500
v 24.250 2.155 12.500
v 24.101 -2.750 12.750
v 24.250 -2.779 12.750
v 24.250 2.203 12.750
v 24.096 -2.750 13.000
v 24.250 -2.782 13.000
v 24.250 2.248 13.000
v 24.092 -2.750 13.250
v 24.250 -2.785 13.250
v 24.250 2.250 13.015
v 24.195 2.250 13.250
v 24.250 2.285 13.250
v 24.089 -2.750 13.500
v 24.250 -2.787 13.500
v 24.161 2.250 13.500
v 24.250 2.309 13.500
v 24.080 -2.750 13.750
v 24.250 -2.790 13.750
v 24.155 2.250 13.750
v 24.250 2.315 13.750
v 24.068 -2.750 14.000
v 24.250 -2.791 14.000
v 24.169 2.250 14.000
v 24.250 2.306 14.000
v 24.055 -2.750 14.250
v 24.250 -2.793 14.250
v 24.187 2.250 14.250
v 24.250 2.293 14.250
v 24.070 -2.750 14.500
v 24.250 -2.773 14.500
v 24.195 2.250 14.500
v 24.250 2.287 14.500
v 24.250 -2.750 14.574
v 24.250 -2.678 14.750
v 24.197 2.250 14.750
v 24.250 2.284 14.750
v 24.250 -2.565 15.000
v 24.209 2.250 15.000
v 24.250 2.276 15.000
v 24.250 -2.500 15.124
v 24.250 -2.439 15.250
v 24.249 2.250 15.250
v 24.250 2.251 15.250
v 24.250 -2.314 15.500
v 24.250 2.199 15.500
v 24.250 2.250 15.254
v 24.250 -2.250 15.637
v 24.250 -2.206 15.750
v 24.058 2.000 15.750
v 24.250 2.125 15.750
v 24.250 -2.140 16.000
v 24.198 2.000 16.000
v 24.250 2.033 16.000
v 24.389 -1.750 9.750
v 24.500 -1.750 9.609
v 24.500 -1.970 9.750
v 24.389 -1.500 9.750
v 24.500 -1.500 9.608
v 24.389 -1.250 9.750
v 24.500 -1.250 9.608
v 24.389 -1.000 9.750
v 24.500 -1.000 9.608
v 24.389 -0.750 9.750
v 24.500 -0.750 9.608
v 24.389 -0.500 9.750
v 24.500 -0.500 9.608
v 24.389 -0.250 9.750
v 24.500 -0.250 9.608
v 24.389 0.000 9.750
v 24.500 0.000 9.608
v 24.390 0.250 9.750
v 24.500 0.250 9.614
v 24.453 0.500 9.750
v 24.500 0.500 9.705
v 24.500 0.554 9.750
v 24.500 -2.000 9.765
v 24.500 -2.123 10.000
v 24.454 0.750 10.000
v 24.500 0.750 9.963
v 24.500 0.787 10.000
v 24.500 -2.249 10.250
v 24.500 0.979 10.250
v 24.500 -2.250 10.252
v 24.500 -2.344 10.500
v 24.500 1.000 10.283
v 24.295 1.000 10.500
v 24.471 1.250 10.500
v 24.500 1.250 10.470
v 24.500 1.285 10.500
v 24.500 -2.435 10.750
v 24.455 1.500 10.750
v 24.500 1.500 10.699
v 24.500 1.543 10.750
v 24.500 -2.500 10.912
v 24.500 -2.601 11.000
v 24.500 1.716 11.000
v 24.500 -2.733 11.250
v 24.500 1.750 11.059
v 24.362 1.750 11.250
v 24.500 1.846 11.250
v 24.468 -2.750 11.500
v 24.500 -2.750 11.448
v 24.500 -2.754 11.500
v 24.500 1.955 11.500
v 24.327 -2.750 11.750
v 24.500 -2.775 11.750
v 24.500 2.000 11.616
v 24.408 2.000 11.750
v 24.500 2.050 11.750
v 24.500 -2.792 12.000
v 24.500 2.138 12.000
v 24.500 -2.805 12.250
v 24.500 2.219 12.250
v 24.500 -2.816 12.500
v 24.500 2.250 12.358
v 24.426 2.250 12.500
v 24.500 2.287 12.500
v 24.500 -2.825 12.750
v 24.329 2.250 12.750
v 24.500 2.342 12.750
v 24.500 -2.834 13.000
v 24.254 2.250 13.000
v 24.500 2.391 13.000
v 24.500 -2.844 13.250
v 24.500 2.436 13.250
v 24.500 -2.850 13.500
v 24.500 2.470 13.500
v 24.500 -2.853 13.750
v 24.500 2.479 13.750
v 24.500 -2.852 14.000
v 24.500 2.466 14.000
v 24.500 -2.839 14.250
v 24.500 2.447 14.250
v 24.500 -2.764 14.500
v 24.500 2.432 14.500
v 24.500 -2.750 14.539
v 24.500 -2.667 14.750
v 24.500 2.420 14.750
v 24.500 -2.563 15.000
v 24.500 2.404 15.000
v 24.500 -2.500 15.144
v 24.500 -2.459 15.250
v 24.500 2.375 15.250
v 24.500 -2.365 15.500
v 24.338 2.250 15.500
v 24.500 2.331 15.500
v 24.378 -2.250 15.750
v 24.500 -2.293 15.750
v 24.463 2.250 15.750
v 24.500 2.269 15.750
v 24.500 -2.250 15.914
v 24.500 -2.230 16.000
v 24.500 2.184 16.000
v 24.500 2.250 15.811
v 24.599 -1.750 9.500
v 24.750 -1.750 9.393
v 24.750 -1.841 9.500
v 24.584 -1.500 9.500
v 24.750 -1.500 9.290
v 24.584 -1.250 9.500
v 24.750 -1.250 9.288
v 24.584 -1.000 9.500
v 24.750 -1.000 9.288
v 24.584 -0.750 9.500
v 24.750 -0.750 9.288
v 24.584 -0.500 9.500
v 24.750 -0.500 9.288
v 24.584 -0.250 9.500
v 24.750 -0.250 9.288
v 24.584 0.000 9.500
v 24.750 0.000 9.296
v 24.605 0.250 9.500
v 24.750 0.250 9.361
v 24.750 0.467 9.500
v 24.530 -2.000 9.750
v 24.750 -2.000 9.667
v 24.750 -2.046 9.750
v 24.750 0.500 9.522
v 24.750 0.711 9.750
v 24.750 -2.170 10.000
v 24.750 0.750 9.805
v 24.750 0.945 10.000
v 24.504 -2.250 10.250
v 24.750 -2.250 10.173
v 24.750 -2.285 10.250
v 24.750 1.000 10.070
v 24.535 1.000 10.250
v 24.750 1.242 10.250
v 24.750 -2.377 10.500
v 24.750 1.250 10.256
v 24.704 1.500 10.500
v 24.750 1.500 10.463
v 24.750 1.535 10.500
v 24.750 -2.456 10.750
v 24.750 1.734 10.750
v 24.750 -2.500 10.897
v 24.750 -2.601 11.000
v 24.750 1.750 10.774
v 24.545 1.750 11.000
v 24.750 1.884 11.000
v 24.630 -2.750 11.250
v 24.750 -2.750 11.218
v 24.750 -2.766 11.250
v 24.727 2.000 11.250
v 24.750 2.000 11.221
v 24.750 2.014 11.250
v 24.750 -2.788 11.500
v 24.570 2.000 11.500
v 24.750 2.111 11.500
v 24.750 -2.808 11.750
v 24.750 2.190 11.750
v 24.750 -2.827 12.000
v 24.750 2.250 11.947
v 24.719 2.250 12.000
v 24.750 2.265 12.000
v 24.750 -2.843 12.250
v 24.562 2.250 12.250
v 24.750 2.340 12.250
v 24.750 -2.856 12.500
v 24.750 2.407 12.500
v 24.750 -2.869 12.750
v 24.750 2.463 12.750
v 24.750 -2.882 13.000
v 24.750 2.500 12.925
v 24.717 2.500 13.000
v 24.750 2.515 13.000
v 24.750 -2.894 13.250
v 24.619 2.500 13.250
v 24.750 2.565 13.250
v 24.750 -2.901 13.500
v 24.553 2.500 13.500
v 24.750 2.606 13.500
v 24.750 -2.904 13.750
v 24.536 2.500 13.750
v 24.750 2.618 13.750
v 24.750 -2.900 14.000
v 24.559 2.500 14.000
v 24.750 2.604 14.000
v 24.750 -2.841 14.250
v 24.598 2.500 14.250
v 24.750 2.578 14.250
v 24.750 -2.756 14.500
v 24.635 2.500 14.500
v 24.750 2.555 14.500
v 24.750 -2.750 14.518
v 24.750 -2.664 14.750
v 24.672 2.500 14.750
v 24.750 2.535 14.750
v 24.750 -2.574 15.000
v 24.719 2.500 15.000
v 24.750 2.513 15.000
v 24.750 -2.500 15.209
v 24.750 -2.487 15.250
v 24.750 2.485 15.250
v 24.750 2.500 15.118
v 24.750 -2.422 15.500
v 24.750 2.446 15.500
v 24.750 -2.373 15.750
v 24.750 2.394 15.750
v 24.553 -2.250 16.000
v 24.750 -2.328 16.000
v 24.613 2.250 16.000
v 24.750 2.324 16.000
v 24.994 -1.000 9.000
v 25.000 -1.000 8.995
v 25.000 -1.027 9.000
v 24.985 -0.750 9.000
v 25.000 -0.750 8.987
v 24.995 -0.500 9.000
v 25.000 -0.500 8.995
v 25.000 -0.460 9.000
v 24.792 -1.500 9.250
v 25.000 -1.500 9.141
v 25.000 -1.647 9.250
v 24.780 -1.250 9.250
v 25.000 -1.250 9.044
v 24.780 -1.000 9.250
v 24.780 -0.750 9.250
v 24.780 -0.500 9.250
v 25.000 -0.250 9.027
v 24.780 -0.250 9.250
v 24.796 0.000 9.250
v 25.000 0.000 9.089
v 24.924 0.250 9.250
v 25.000 0.250 9.205
v 25.000 0.314 9.250
v 25.000 -1.750 9.322
v 25.000 -1.888 9.500
v 24.796 0.500 9.500
v 25.000 0.500 9.399
v 25.000 0.621 9.500
v 25.000 -2.000 9.640
v 25.000 -2.063 9.750
v 24.855 0.750 9.750
v 25.000 0.750 9.661
v 25.000 0.857 9.750
v 25.000 -2.183 10.000
v 24.839 1.000 10.000
v 25.000 1.000 9.877
v 25.000 1.144 10.000
v 25.000 -2.250 10.153
v 25.000 -2.299 10.250
v 24.758 1.250 10.250
v 25.000 1.250 10.085
v 25.000 1.441 10.250
v 25.000 -2.391 10.500
v 25.000 1.500 10.305
v 25.000 1.673 10.500
v 25.000 -2.461 10.750
v 25.000 1.750 10.600
v 24.779 1.750 10.750
v 25.000 1.853 10.750
v 25.000 -2.500 10.913
v 25.000 -2.575 11.000
v 24.970 2.000 11.000
v 25.000 2.000 10.977
v 25.000 2.014 11.000
v 25.000 -2.750 11.213
v 25.000 -2.775 11.250
v 25.000 2.148 11.250
v 25.000 -2.818 11.500
v 25.000 2.250 11.495
v 24.996 2.250 11.500
v 25.000 2.252 11.500
v 25.000 -2.841 11.750
v 24.851 2.250 11.750
v 25.000 2.330 11.750
v 25.000 -2.862 12.000
v 25.000 2.402 12.000
v 25.000 -2.880 12.250
v 25.000 2.468 12.250
v 25.000 -2.896 12.500
v 25.000 2.500 12.399
v 24.954 2.500 12.500
v 25.000 2.519 12.500
v 25.000 -2.902 12.750
v 24.838 2.500 12.750
v 25.000 2.562 12.750
v 25.000 -2.907 13.000
v 25.000 2.608 13.000
v 25.000 -2.908 13.250
v 25.000 2.661 13.250
v 25.000 -2.909 13.500
v 25.000 2.707 13.500
v 25.000 -2.902 13.750
v 25.000 2.727 13.750
v 25.000 -2.854 14.000
v 25.000 2.716 14.000
v 25.000 -2.787 14.250
v 25.000 2.691 14.250
v 25.000 -2.750 14.400
v 24.796 -2.750 14.500
v 25.000 -2.725 14.500
v 25.000 2.663 14.500
v 25.000 -2.661 14.750
v 25.000 2.636 14.750
v 25.000 -2.596 15.000
v 25.000 2.609 15.000
v 24.821 -2.500 15.250
v 25.000 -2.534 15.250
v 24.787 2.500 15.250
v 25.000 2.584 15.250
v 25.000 -2.500 15.424
v 25.000 -2.488 15.500
v 24.871 2.500 15.500
v 25.000 2.555 15.500
v 25.000 -2.457 15.750
v 24.965 2.500 15.750
v 25.000 2.516 15.750
v 25.000 -2.426 16.000
v 25.000 2.459 16.000
v 25.000 2.500 15.825
v 25.164 -1.250 9.000
v 25.250 -1.250 8.985
v 25.250 -1.276 9.000
v 25.250 -1.000 8.909
v 25.250 -0.750 8.877
v 25.250 -0.500 8.881
v 25.052 -0.250 9.000
v 25.250 -0.250 8.918
v 25.236 0.000 9.000
v 25.250 0.000 8.995
v 25.250 0.012 9.000
v 25.250 -1.500 9.118
v 25.250 -1.657 9.250
v 25.250 0.250 9.113
v 25.250 0.455 9.250
v 25.250 -1.750 9.327
v 25.250 -1.885 9.500
v 25.250 0.500 9.289
v 25.204 0.750 9.500
v 25.250 0.750 9.460
v 25.250 0.803 9.500
v 25.250 -2.000 9.658
v 25.250 -2.056 9.750
v 25.144 1.000 9.750
v 25.250 1.000 9.651
v 25.250 1.113 9.750
v 25.250 -2.178 10.000
v 25.108 1.250 10.000
v 25.250 1.250 9.872
v 25.250 1.377 10.000
v 25.250 -2.250 10.174
v 25.250 -2.294 10.250
v 25.087 1.500 10.250
v 25.250 1.500 10.132
v 25.250 1.595 10.250
v 25.250 -2.392 10.500
v 25.178 1.750 10.500
v 25.250 1.750 10.456
v 25.250 1.779 10.500
v 25.250 -2.447 10.750
v 25.250 1.952 10.750
v 25.250 -2.500 10.970
v 25.250 -2.525 11.000
v 25.250 2.000 10.820
v 25.250 2.112 11.000
v 25.130 -2.750 11.250
v 25.250 -2.721 11.250
v 25.250 2.250 11.249
v 25.248 2.250 11.250
v 25.250 2.251 11.250
v 25.250 -2.750 11.295
v 25.250 -2.847 11.500
v 25.250 2.357 11.500
v 25.250 -2.873 11.750
v 25.250 2.452 11.750
v 25.250 -2.896 12.000
v 25.250 2.500 11.897
v 25.183 2.500 12.000
v 25.250 2.531 12.000
v 25.250 -2.904 12.250
v 25.064 2.500 12.250
v 25.250 2.584 12.250
v 25.250 -2.905 12.500
v 25.250 2.619 12.500
v 25.250 -2.905 12.750
v 25.250 2.648 12.750
v 25.250 -2.906 13.000
v 25.250 2.687 13.000
v 25.250 -2.906 13.250
v 25.250 2.734 13.250
v 25.250 -2.891 13.500
v 25.250 2.750 13.340
v 25.144 2.750 13.500
v 25.250 2.778 13.500
v 25.250 -2.835 13.750
v 25.072 2.750 13.750
v 25.250 2.801 13.750
v 25.250 -2.772 14.000
v 25.095 2.750 14.000
v 25.250 2.801 14.000
v 25.250 -2.750 14.095
v 25.126 -2.750 14.250
v 25.250 -2.714 14.250
v 25.154 2.750 14.250
v 25.250 2.785 14.250
v 25.250 -2.666 14.500
v 25.224 2.750 14.500
v 25.250 2.760 14.500
v 25.250 -2.624 14.750
v 25.250 2.731 14.750
v 25.250 2.750 14.586
v 25.250 -2.584 15.000
v 25.250 2.702 15.000
v 25.250 -2.551 15.250
v 25.250 2.678 15.250
v 25.068 -2.500 15.500
v 25.250 -2.530 15.500
v 25.250 2.655 15.500
v 25.151 -2.500 15.750
v 25.250 -2.525 15.750
v 25.250 2.625 15.750
v 25.211 -2.500 16.000
v 25.250 -2.513 16.000
v 25.082 2.500 16.000
v 25.250 2.578 16.000
v 25.477 -1.250 9.000
v 25.500 -1.246 9.000
v 25.500 -1.000 8.898
v 25.500 -0.750 8.850
v 25.500 -0.500 8.845
v 25.500 -0.250 8.876
v 25.500 0.000 8.936
v 25.500 0.221 9.000
v 25.500 -1.500 9.147
v 25.500 -1.617 9.250
v 25.500 -1.250 9.001
v 25.500 0.250 9.010
v 25.313 0.500 9.250
v 25.500 0.500 9.096
v 25.481 0.750 9.250
v 25.500 0.750 9.233
v 25.500 0.775 9.250
v 25.500 -1.750 9.367
v 25.500 -1.858 9.500
v 25.405 1.000 9.500
v 25.500 1.000 9.410
v 25.500 1.110 9.500
v 25.500 -2.000 9.707
v 25.500 -2.029 9.750
v 25.370 1.250 9.750
v 25.500 1.250 9.619
v 25.500 1.378 9.750
v 25.500 -2.161 10.000
v 25.396 1.500 10.000
v 25.500 1.500 9.897
v 25.500 1.573 10.000
v 25.500 -2.250 10.226
v 25.500 -2.266 10.250
v 25.500 1.733 10.250
v 25.500 -2.345 10.500
v 25.500 1.750 10.275
v 25.500 1.891 10.500
v 25.500 -2.395 10.750
v 25.500 2.000 10.659
v 25.362 2.000 10.750
v 25.500 2.057 10.750
v 25.385 -2.500 11.000
v 25.500 -2.483 11.000
v 25.500 2.207 11.000
v 25.500 -2.500 11.029
v 25.500 -2.664 11.250
v 25.500 2.250 11.078
v 25.500 2.333 11.250
v 25.500 -2.750 11.388
v 25.500 -2.814 11.500
v 25.500 2.448 11.500
v 25.500 -2.888 11.750
v 25.500 2.500 11.620
v 25.362 2.500 11.750
v 25.500 2.551 11.750
v 25.500 -2.901 12.000
v 25.500 2.633 12.000
v 25.500 -2.901 12.250
v 25.500 2.683 12.250
v 25.500 -2.902 12.500
v 25.500 2.708 12.500
v 25.500 -2.903 12.750
v 25.500 2.727 12.750
v 25.500 -2.894 13.000
v 25.500 2.750 12.939
v 25.474 2.750 13.000
v 25.500 2.757 13.000
v 25.500 -2.860 13.250
v 25.311 2.750 13.250
v 25.500 2.797 13.250
v 25.500 -2.805 13.500
v 25.500 2.836 13.500
v 25.500 -2.750 13.742
v 25.495 -2.750 13.750
v 25.500 -2.748 13.750
v 25.500 2.861 13.750
v 25.320 -2.750 14.000
v 25.500 -2.694 14.000
v 25.500 2.869 14.000
v 25.500 -2.648 14.250
v 25.500 2.862 14.250
v 25.500 -2.611 14.500
v 25.500 2.844 14.500
v 25.500 -2.581 14.750
v 25.303 2.750 14.750
v 25.500 2.819 14.750
v 25.500 -2.554 15.000
v 25.383 2.750 15.000
v 25.500 2.791 15.000
v 25.500 -2.533 15.250
v 25.449 2.750 15.250
v 25.500 2.768 15.250
v 25.500 -2.524 15.500
v 25.500 2.746 15.500
v 25.500 2.750 15.452
v 25.500 -2.525 15.750
v 25.500 2.716 15.750
v 25.500 -2.526 16.000
v 25.500 2.671 16.000
v 25.750 -1.000 8.911
v 25.750 -1.162 9.000
v 25.750 -0.750 8.844
v 25.750 -0.500 8.819
v 25.750 -0.250 8.814
v 25.750 0.000 8.820
v 25.516 0.250 9.000
v 25.750 0.250 8.836
v 25.612 0.500 9.000
v 25.750 0.500 8.892
v 25.750 0.746 9.000
v 25.750 -1.500 9.193
v 25.750 -1.560 9.250
v 25.750 -1.250 9.034
v 25.750 0.750 9.002
v 25.668 1.000 9.250
v 25.750 1.000 9.174
v 25.750 1.089 9.250
v 25.750 -1.750 9.422
v 25.750 -1.817 9.500
v 25.629 1.250 9.500
v 25.750 1.250 9.393
v 25.750 1.351 9.500
v 25.648 -2.000 9.750
v 25.750 -1.983 9.750
v 25.658 1.500 9.750
v 25.750 1.500 9.673
v 25.750 1.556 9.750
v 25.750 -2.000 9.779
v 25.750 -2.131 10.000
v 25.750 1.717 10.000
v 25.543 -2.250 10.250
v 25.750 -2.193 10.250
v 25.750 1.750 10.054
v 25.529 1.750 10.250
v 25.750 1.866 10.250
v 25.723 -2.250 10.500
v 25.750 -2.237 10.500
v 25.701 2.000 10.500
v 25.750 2.000 10.460
v 25.750 2.024 10.500
v 25.750 -2.250 10.585
v 25.750 -2.304 10.750
v 25.750 2.172 10.750
v 25.750 -2.457 11.000
v 25.750 2.250 10.889
v 25.604 2.250 11.000
v 25.750 2.304 11.000
v 25.750 -2.500 11.062
v 25.750 -2.623 11.250
v 25.750 2.421 11.250
v 25.750 -2.750 11.482
v 25.750 -2.758 11.500
v 25.750 2.500 11.418
v 25.644 2.500 11.500
v 25.750 2.535 11.500
v 25.750 -2.810 11.750
v 25.750 2.635 11.750
v 25.750 -2.837 12.000
v 25.750 2.713 12.000
v 25.750 -2.856 12.250
v 25.750 2.750 12.210
v 25.725 2.750 12.250
v 25.750 2.757 12.250
v 25.750 -2.862 12.500
v 25.647 2.750 12.500
v 25.750 2.778 12.500
v 25.750 -2.846 12.750
v 25.582 2.750 12.750
v 25.750 2.795 12.750
v 25.750 -2.809 13.000
v 25.750 2.824 13.000
v 25.750 -2.761 13.250
v 25.750 2.861 13.250
v 25.750 -2.750 13.306
v 25.645 -2.750 13.500
v 25.750 -2.711 13.500
v 25.750 2.897 13.500
v 25.750 -2.665 13.750
v 25.750 2.921 13.750
v 25.750 -2.625 14.000
v 25.750 2.931 14.000
v 25.750 -2.592 14.250
v 25.750 2.928 14.250
v 25.750 -2.566 14.500
v 25.750 2.917 14.500
v 25.750 -2.545 14.750
v 25.750 2.899 14.750
v 25.750 -2.529 15.000
v 25.750 2.877 15.000
v 25.750 -2.521 15.250
v 25.750 2.852 15.250
v 25.750 -2.522 15.500
v 25.513 2.750 15.500
v 25.750 2.825 15.500
v 25.750 -2.524 15.750
v 25.614 2.750 15.750
v 25.750 2.789 15.750
v 25.750 -2.525 16.000
v 25.750 2.741 16.000
v 25.750 2.750 15.954
v 25.863 -0.500 8.750
v 26.000 -0.500 8.622
v 26.000 -0.744 8.750
v 25.817 -0.250 8.750
v 26.000 -0.250 8.551
v 25.808 0.000 8.750
v 26.000 0.000 8.544
v 25.833 0.250 8.750
v 26.000 0.250 8.598
v 25.932 0.500 8.750
v 26.000 0.500 8.704
v 26.000 0.608 8.750
v 26.000 -1.000 8.892
v 26.000 -1.150 9.000
v 26.000 -0.750 8.753
v 25.752 0.750 9.000
v 26.000 0.750 8.817
v 25.950 1.000 9.000
v 26.000 1.000 8.962
v 26.000 1.050 9.000
v 26.000 -1.500 9.243
v 26.000 -1.507 9.250
v 26.000 -1.250 9.040
v 25.913 1.250 9.250
v 26.000 1.250 9.175
v 26.000 1.320 9.250
v 26.000 -1.750 9.496
v 26.000 -1.753 9.500
v 25.970 1.500 9.500
v 26.000 1.500 9.475
v 26.000 1.517 9.500
v 26.000 -1.934 9.750
v 26.000 1.678 9.750
v 26.000 -2.000 9.925
v 26.000 -2.044 10.000
v 26.000 1.750 9.861
v 25.815 1.750 10.000
v 26.000 1.836 10.000
v 26.000 -2.116 10.250
v 25.999 2.000 10.250
v 26.000 2.000 10.249
v 26.000 2.000 10.250
v 26.000 -2.173 10.500
v 26.000 2.150 10.500
v 26.000 -2.250 10.648
v 26.000 -2.308 10.750
v 26.000 2.250 10.679
v 25.912 2.250 10.750
v 26.000 2.285 10.750
v 26.000 -2.461 11.000
v 26.000 2.403 11.000
v 26.000 -2.500 11.066
v 26.000 -2.602 11.250
v 26.000 2.500 11.211
v 25.953 2.500 11.250
v 26.000 2.517 11.250
v 25.776 -2.750 11.500
v 26.000 -2.680 11.500
v 26.000 2.620 11.500
v 25.903 -2.750 11.750
v 26.000 -2.712 11.750
v 26.000 2.710 11.750
v 25.958 -2.750 12.000
v 26.000 -2.733 12.000
v 26.000 2.750 11.904
v 25.899 2.750 12.000
v 26.000 2.773 12.000
v 25.997 -2.750 12.250
v 26.000 -2.749 12.250
v 26.000 2.809 12.250
v 26.000 -2.750 12.298
v 26.000 -2.756 12.500
v 26.000 2.830 12.500
v 26.000 -2.750 12.625
v 25.986 -2.750 12.750
v 26.000 -2.744 12.750
v 26.000 2.850 12.750
v 25.902 -2.750 13.000
v 26.000 -2.712 13.000
v 26.000 2.883 13.000
v 25.780 -2.750 13.250
v 26.000 -2.669 13.250
v 26.000 2.924 13.250
v 26.000 -2.628 13.500
v 26.000 2.962 13.500
v 26.000 -2.595 13.750
v 26.000 2.985 13.750
v 26.000 -2.570 14.000
v 26.000 2.992 14.000
v 26.000 -2.549 14.250
v 26.000 2.989 14.250
v 26.000 -2.532 14.500
v 26.000 2.982 14.500
v 26.000 -2.521 14.750
v 26.000 2.970 14.750
v 26.000 -2.516 15.000
v 26.000 2.952 15.000
v 26.000 -2.517 15.250
v 26.000 2.928 15.250
v 26.000 -2.519 15.500
v 26.000 2.894 15.500
v 26.000 -2.521 15.750
v 26.000 2.849 15.750
v 26.000 -2.523 16.000
v 25.792 2.750 16.000
v 26.000 2.794 16.000
v 26.234 -0.500 8.250
v 26.250 -0.500 8.227
v 26.250 -0.539 8.250
v 26.183 -0.250 8.250
v 26.250 -0.250 8.155
v 26.180 0.000 8.250
v 26.250 0.000 8.151
v 26.225 0.250 8.250
v 26.250 0.250 8.216
v 26.250 0.313 8.250
v 26.158 -0.750 8.500
v 26.250 -0.750 8.375
v 26.250 -0.890 8.500
v 26.068 -0.500 8.500
v 26.028 -0.250 8.500
v 26.024 0.000 8.500
v 26.056 0.250 8.500
v 26.250 0.500 8.355
v 26.136 0.500 8.500
v 26.250 0.672 8.500
v 26.121 -1.000 8.750
v 26.250 -1.000 8.608
v 26.250 -1.134 8.750
v 26.002 -0.750 8.750
v 26.060 0.750 8.750
v 26.250 0.750 8.571
v 26.250 0.947 8.750
v 26.110 -1.250 9.000
v 26.250 -1.250 8.897
v 26.250 -1.372 9.000
v 26.250 1.000 8.806
v 26.225 1.250 9.000
v 26.250 1.250 8.984
v 26.250 1.269 9.000
v 26.250 -1.500 9.142
v 26.250 -1.589 9.250
v 26.250 1.494 9.250
v 26.133 -1.750 9.500
v 26.250 -1.747 9.500
v 26.250 1.500 9.259
v 26.250 1.647 9.500
v 26.250 -1.750 9.504
v 26.250 -1.903 9.750
v 26.250 1.750 9.674
v 26.154 1.750 9.750
v 26.250 1.792 9.750
v 26.250 -2.000 9.972
v 26.250 -2.014 10.000
v 26.250 1.951 10.000
v 26.250 -2.128 10.250
v 26.250 2.000 10.070
v 26.250 2.111 10.250
v 26.250 -2.243 10.500
v 26.250 2.250 10.487
v 26.231 2.250 10.500
v 26.250 2.257 10.500
v 26.250 -2.250 10.516
v 26.250 -2.363 10.750
v 26.250 2.378 10.750
v 26.250 -2.488 11.000
v 26.250 2.497 11.000
v 26.250 -2.500 11.030
v 26.250 -2.570 11.250
v 26.250 2.500 11.006
v 26.250 2.605 11.250
v 26.250 -2.603 11.500
v 26.250 2.699 11.500
v 26.250 -2.627 11.750
v 26.250 2.750 11.672
v 26.160 2.750 11.750
v 26.250 2.771 11.750
v 26.250 -2.643 12.000
v 26.250 2.820 12.000
v 26.250 -2.656 12.250
v 26.250 2.851 12.250
v 26.014 -2.750 12.500
v 26.250 -2.661 12.500
v 26.250 2.873 12.500
v 26.250 -2.652 12.750
v 26.250 2.899 12.750
v 26.250 -2.626 13.000
v 26.250 2.937 13.000
v 26.250 -2.594 13.250
v 26.250 2.981 13.250
v 26.250 -2.565 13.500
v 26.250 3.000 13.373
v 26.162 3.000 13.500
v 26.250 3.020 13.500
v 26.250 -2.545 13.750
v 26.065 3.000 13.750
v 26.250 3.043 13.750
v 26.250 -2.531 14.000
v 26.034 3.000 14.000
v 26.250 3.051 14.000
v 26.250 -2.520 14.250
v 26.045 3.000 14.250
v 26.250 3.048 14.250
v 26.250 -2.512 14.500
v 26.076 3.000 14.500
v 26.250 3.041 14.500
v 26.250 -2.511 14.750
v 26.120 3.000 14.750
v 26.250 3.031 14.750
v 26.250 -2.513 15.000
v 26.186 3.000 15.000
v 26.250 3.015 15.000
v 26.250 -2.515 15.250
v 26.250 2.990 15.250
v 26.250 3.000 15.154
v 26.250 -2.517 15.500
v 26.250 2.952 15.500
v 26.250 -2.518 15.750
v 26.250 2.902 15.750
v 26.250 -2.520 16.000
v 26.250 2.841 16.000
v 26.445 -0.500 8.000
v 26.500 -0.500 7.947
v 26.500 -0.640 8.000
v 26.394 -0.250 8.000
v 26.500 -0.250 7.907
v 26.391 0.000 8.000
v 26.500 0.000 7.905
v 26.438 0.250 8.000
v 26.500 0.250 7.942
v 26.500 0.411 8.000
v 26.485 -1.000 8.250
v 26.500 -1.000 8.230
v 26.500 -1.018 8.250
v 26.335 -0.750 8.250
v 26.500 -0.750 8.044
v 26.323 0.500 8.250
v 26.500 0.500 8.034
v 26.473 0.750 8.250
v 26.500 0.750 8.216
v 26.500 0.782 8.250
v 26.313 -1.000 8.500
v 26.500 -1.227 8.500
v 26.294 0.750 8.500
v 26.500 0.991 8.500
v 26.338 -1.250 8.750
v 26.500 -1.250 8.531
v 26.500 -1.400 8.750
v 26.292 1.000 8.750
v 26.500 1.000 8.511
v 26.500 1.185 8.750
v 26.411 -1.500 9.000
v 26.500 -1.500 8.938
v 26.500 -1.555 9.000
v 26.500 1.250 8.852
v 26.500 1.417 9.000
v 26.500 -1.710 9.250
v 26.500 1.500 9.095
v 26.261 1.500 9.250
v 26.500 1.620 9.250
v 26.260 -1.750 9.500
v 26.500 -1.750 9.327
v 26.500 -1.839 9.500
v 26.454 1.750 9.500
v 26.500 1.750 9.462
v 26.500 1.771 9.500
v 26.500 -1.965 9.750
v 26.500 1.904 9.750
v 26.500 -2.000 9.813
v 26.500 -2.094 10.000
v 26.500 2.000 9.905
v 26.361 2.000 10.000
v 26.500 2.052 10.000
v 26.500 -2.221 10.250
v 26.500 2.200 10.250
v 26.269 -2.250 10.500
v 26.500 -2.250 10.310
v 26.500 -2.336 10.500
v 26.500 2.250 10.338
v 26.500 2.333 10.500
v 26.500 -2.439 10.750
v 26.500 2.457 10.750
v 26.449 -2.500 11.000
v 26.500 -2.500 10.989
v 26.500 -2.502 11.000
v 26.500 2.500 10.840
v 26.258 2.500 11.000
v 26.500 2.574 11.000
v 26.500 -2.522 11.250
v 26.500 2.678 11.250
v 26.500 -2.543 11.500
v 26.500 2.750 11.471
v 26.460 2.750 11.500
v 26.500 2.759 11.500
v 26.500 -2.560 11.750
v 26.500 2.814 11.750
v 26.500 -2.573 12.000
v 26.500 2.855 12.000
v 26.500 -2.582 12.250
v 26.500 2.889 12.250
v 26.500 -2.584 12.500
v 26.500 2.919 12.500
v 26.500 -2.577 12.750
v 26.500 2.952 12.750
v 26.500 -2.560 13.000
v 26.500 2.990 13.000
v 26.500 -2.541 13.250
v 26.500 3.000 13.064
v 26.346 3.000 13.250
v 26.500 3.029 13.250
v 26.500 -2.526 13.500
v 26.500 3.064 13.500
v 26.500 -2.516 13.750
v 26.500 3.087 13.750
v 26.500 -2.510 14.000
v 26.500 3.098 14.000
v 26.500 -2.506 14.250
v 26.500 3.099 14.250
v 26.500 -2.507 14.500
v 26.500 3.094 14.500
v 26.500 -2.509 14.750
v 26.500 3.082 14.750
v 26.500 -2.512 15.000
v 26.500 3.063 15.000
v 26.500 -2.513 15.250
v 26.301 3.000 15.250
v 26.500 3.036 15.250
v 26.500 -2.514 15.500
v 26.500 2.997 15.500
v 26.500 3.000 15.481
v 26.500 -2.516 15.750
v 26.500 2.945 15.750
v 26.500 -2.518 16.000
v 26.500 2.884 16.000
v 26.707 -1.000 8.000
v 26.750 -1.000 7.959
v 26.750 -1.053 8.000
v 26.553 -0.750 8.000
v 26.750 -0.750 7.860
v 26.750 -0.500 7.822
v 26.750 -0.250 7.811
v 26.750 0.000 7.811
v 26.750 0.250 7.823
v 26.543 0.500 8.000
v 26.750 0.500 7.860
v 26.701 0.750 8.000
v 26.750 0.750 7.956
v 26.750 0.809 8.000
v 26.691 -1.250 8.250
v 26.750 -1.250 8.173
v 26.750 -1.306 8.250
v 26.683 1.000 8.250
v 26.750 1.000 8.166
v 26.750 1.063 8.250
v 26.519 -1.250 8.500
v 26.750 -1.464 8.500
v 26.507 1.000 8.500
v 26.750 1.222 8.500
v 26.617 -1.500 8.750
v 26.750 -1.500 8.568
v 26.750 -1.596 8.750
v 26.580 1.250 8.750
v 26.750 1.250 8.553
v 26.750 1.376 8.750
v 26.750 -1.697 9.000
v 26.707 1.500 9.000
v 26.750 1.500 8.983
v 26.750 1.516 9.000
v 26.635 -1.750 9.250
v 26.750 -1.750 9.194
v 26.750 -1.784 9.250
v 26.750 1.720 9.250
v 26.750 -1.919 9.500
v 26.750 1.750 9.294
v 26.750 1.872 9.500
v 26.598 -2.000 9.750
v 26.750 -2.000 9.647
v 26.750 -2.051 9.750
v 26.750 2.000 9.743
v 26.741 2.000 9.750
v 26.750 2.003 9.750
v 26.750 -2.182 10.000
v 26.750 2.134 10.000
v 26.582 -2.250 10.250
v 26.750 -2.250 10.130
v 26.750 -2.307 10.250
v 26.750 2.250 10.213
v 26.678 2.250 10.250
v 26.750 2.269 10.250
v 26.750 -2.421 10.500
v 26.750 2.398 10.500
v 26.750 -2.488 10.750
v 26.750 2.500 10.702
v 26.660 2.500 10.750
v 26.750 2.523 10.750
v 26.548 -2.500 11.000
v 26.750 -2.491 11.000
v 26.750 2.635 11.000
v 26.702 -2.500 11.250
v 26.750 -2.495 11.250
v 26.750 2.731 11.250
v 26.750 -2.500 11.376
v 26.750 -2.505 11.500
v 26.750 2.750 11.320
v 26.750 2.796 11.500
v 26.750 -2.515 11.750
v 26.750 2.843 11.750
v 26.750 -2.523 12.000
v 26.750 2.883 12.000
v 26.750 -2.529 12.250
v 26.750 2.925 12.250
v 26.750 -2.529 12.500
v 26.750 2.968 12.500
v 26.750 -2.525 12.750
v 26.750 3.000 12.697
v 26.712 3.000 12.750
v 26.750 3.008 12.750
v 26.750 -2.518 13.000
v 26.548 3.000 13.000
v 26.750 3.042 13.000
v 26.750 -2.510 13.250
v 26.750 3.071 13.250
v 26.750 -2.505 13.500
v 26.750 3.098 13.500
v 26.750 -2.503 13.750
v 26.750 3.119 13.750
v 26.750 -2.504 14.000
v 26.750 3.133 14.000
v 26.750 -2.505 14.250
v 26.750 3.139 14.250
v 26.750 -2.507 14.500
v 26.750 3.137 14.500
v 26.750 -2.509 14.750
v 26.750 3.125 14.750
v 26.750 -2.510 15.000
v 26.750 3.104 15.000
v 26.750 -2.511 15.250
v 26.750 3.072 15.250
v 26.750 -2.512 15.500
v 26.523 3.000 15.500
v 26.750 3.029 15.500
v 26.750 -2.514 15.750
v 26.750 2.978 15.750
v 26.750 3.000 15.643
v 26.750 -2.515 16.000
v 26.750 2.922 16.000
v 26.930 -1.250 8.000
v 27.000 -1.250 7.942
v 27.000 -1.311 8.000
v 27.000 -1.000 7.832
v 27.000 -0.750 7.802
v 27.000 -0.500 7.800
v 27.000 -0.250 7.800
v 27.000 0.000 7.800
v 27.000 0.250 7.800
v 27.000 0.500 7.803
v 27.000 0.750 7.836
v 26.928 1.000 8.000
v 27.000 1.000 7.944
v 27.000 1.062 8.000
v 26.972 -1.500 8.250
v 27.000 -1.500 8.216
v 27.000 -1.520 8.250
v 26.967 1.250 8.250
v 27.000 1.250 8.211
v 27.000 1.274 8.250
v 26.792 -1.500 8.500
v 27.000 -1.644 8.500
v 26.784 1.250 8.500
v 27.000 1.403 8.500
v 27.000 -1.734 8.750
v 27.000 1.499 8.750
v 26.858 -1.750 9.000
v 27.000 -1.750 8.806
v 27.000 -1.834 9.000
v 27.000 1.500 8.752
v 27.000 1.650 9.000
v 27.000 -1.886 9.250
v 27.000 1.750 9.182
v 26.839 1.750 9.250
v 27.000 1.799 9.250
v 27.000 -1.994 9.500
v 27.000 1.954 9.500
v 27.000 -2.000 9.510
v 27.000 -2.128 9.750
v 27.000 2.000 9.584
v 27.000 2.082 9.750
v 26.966 -2.250 10.000
v 27.000 -2.250 9.979
v 27.000 -2.260 10.000
v 27.000 2.204 10.000
v 27.000 -2.378 10.250
v 27.000 2.250 10.089
v 27.000 2.332 10.250
v 27.000 -2.482 10.500
v 27.000 2.460 10.500
v 27.000 -2.486 10.750
v 27.000 2.500 10.579
v 27.000 2.580 10.750
v 27.000 -2.487 11.000
v 27.000 2.685 11.000
v 27.000 -2.489 11.250
v 27.000 2.750 11.195
v 26.878 2.750 11.250
v 27.000 2.767 11.250
v 26.837 -2.500 11.500
v 27.000 -2.491 11.500
v 27.000 2.822 11.500
v 26.924 -2.500 11.750
v 27.000 -2.494 11.750
v 27.000 2.864 11.750
v 26.972 -2.500 12.000
v 27.000 -2.497 12.000
v 27.000 2.906 12.000
v 27.000 -2.500 12.249
v 27.000 -2.500 12.250
v 27.000 2.958 12.250
v 27.000 -2.501 12.500
v 27.000 3.000 12.439
v 26.926 3.000 12.500
v 27.000 3.013 12.500
v 27.000 -2.500 12.708
v 26.998 -2.500 12.750
v 27.000 -2.500 12.750
v 27.000 3.057 12.750
v 26.977 -2.500 13.000
v 27.000 -2.498 13.000
v 27.000 3.088 13.000
v 26.949 -2.500 13.250
v 27.000 -2.498 13.250
v 27.000 3.109 13.250
v 26.938 -2.500 13.500
v 27.000 -2.498 13.500
v 27.000 3.128 13.500
v 27.000 -2.500 13.710
v 27.000 -2.500 13.750
v 27.000 3.146 13.750
v 27.000 -2.503 14.000
v 27.000 3.161 14.000
v 27.000 -2.506 14.250
v 27.000 3.170 14.250
v 27.000 -2.507 14.500
v 27.000 3.171 14.500
v 27.000 -2.508 14.750
v 27.000 3.162 14.750
v 27.000 -2.509 15.000
v 27.000 3.140 15.000
v 27.000 -2.510 15.250
v 27.000 3.105 15.250
v 27.000 -2.511 15.500
v 27.000 3.058 15.500
v 27.000 -2.512 15.750
v 26.959 3.000 15.750
v 27.000 3.004 15.750
v 27.000 -2.513 16.000
v 27.000 2.952 16.000
v 27.000 3.000 15.770
v 27.241 -1.500 8.000
v 27.250 -1.500 7.993
v 27.250 -1.506 8.000
v 27.250 -1.250 7.835
v 27.250 -1.000 7.800
v 27.250 -0.750 7.800
v 27.250 -0.500 7.800
v 27.250 -0.250 7.800
v 27.250 0.000 7.800
v 27.250 0.250 7.800
v 27.250 0.500 7.800
v 27.250 0.750 7.801
v 27.250 1.000 7.841
v 27.247 1.250 8.000
v 27.250 1.250 7.997
v 27.250 1.252 8.000
v 27.250 -1.670 8.250
v 27.250 1.423 8.250
v 27.187 -1.750 8.500
v 27.250 -1.750 8.417
v 27.250 -1.785 8.500
v 27.250 1.500 8.409
v 27.175 1.500 8.500
v 27.250 1.543 8.500
v 27.029 -1.750 8.750
v 27.250 -1.871 8.750
v 27.001 1.500 8.750
v 27.250 1.644 8.750
v 27.250 -1.938 9.000
v 27.250 1.729 9.000
v 27.250 -1.966 9.250
v 27.250 1.750 9.072
v 27.250 1.877 9.250
v 27.021 -2.000 9.500
v 27.250 -2.000 9.376
v 27.250 -2.060 9.500
v 27.250 2.000 9.448
v 27.152 2.000 9.500
v 27.250 2.029 9.500
v 27.250 -2.191 9.750
v 27.250 2.155 9.750
v 27.250 -2.250 9.864
v 27.250 -2.313 10.000
v 27.250 2.250 9.946
v 27.161 2.250 10.000
v 27.250 2.277 10.000
v 27.250 -2.431 10.250
v 27.250 2.403 10.250
v 27.250 -2.482 10.500
v 27.250 2.500 10.445
v 27.153 2.500 10.500
v 27.250 2.525 10.500
v 27.250 -2.483 10.750
v 27.250 2.633 10.750
v 27.250 -2.484 11.000
v 27.250 2.723 11.000
v 27.250 -2.486 11.250
v 27.250 2.750 11.089
v 27.250 2.792 11.250
v 27.250 -2.488 11.500
v 27.250 2.843 11.500
v 27.250 -2.491 11.750
v 27.250 2.885 11.750
v 27.250 -2.493 12.000
v 27.250 2.931 12.000
v 27.000 -2.500 12.250
v 27.250 -2.495 12.250
v 27.250 2.987 12.250
v 27.040 -2.500 12.500
v 27.250 -2.496 12.500
v 27.250 3.000 12.304
v 27.250 3.045 12.500
v 27.250 -2.497 12.750
v 27.250 3.092 12.750
v 27.250 -2.496 13.000
v 27.250 3.122 13.000
v 27.250 -2.496 13.250
v 27.250 3.142 13.250
v 27.250 -2.496 13.500
v 27.250 3.157 13.500
v 27.043 -2.500 13.750
v 27.250 -2.499 13.750
v 27.250 3.173 13.750
v 27.250 -2.500 13.862
v 27.250 -2.502 14.000
v 27.250 3.188 14.000
v 27.250 -2.505 14.250
v 27.250 3.197 14.250
v 27.250 -2.507 14.500
v 27.250 3.199 14.500
v 27.250 -2.508 14.750
v 27.250 3.190 14.750
v 27.250 -2.509 15.000
v 27.250 3.169 15.000
v 27.250 -2.509 15.250
v 27.250 3.133 15.250
v 27.250 -2.509 15.500
v 27.250 3.087 15.500
v 27.250 -2.510 15.750
v 27.250 3.033 15.750
v 27.250 -2.511 16.000
v 27.250 2.977 16.000
v 27.250 3.000 15.894
v 27.500 -1.500 7.876
v 27.500 -1.625 8.000
v 27.500 -1.250 7.801
v 27.500 -1.000 7.800
v 27.500 -0.750 7.800
v 27.500 -0.500 7.800
v 27.500 -0.250 7.800
v 27.500 0.000 7.800
v 27.500 0.250 7.800
v 27.500 0.500 7.800
v 27.500 0.750 7.800
v 27.500 1.000 7.804
v 27.500 1.250 7.887
v 27.500 1.366 8.000
v 27.404 -1.750 8.250
v 27.500 -1.750 8.163
v 27.500 -1.793 8.250
v 27.500 1.500 8.171
v 27.406 1.500 8.250
v 27.500 1.541 8.250
v 27.500 -1.891 8.500
v 27.500 1.647 8.500
v 27.500 -1.963 8.750
v 27.500 1.729 8.750
v 27.434 -2.000 9.000
v 27.500 -2.000 8.911
v 27.500 -2.034 9.000
v 27.500 1.750 8.825
v 27.317 1.750 9.000
v 27.500 1.848 9.000
v 27.362 -2.000 9.250
v 27.500 -2.055 9.250
v 27.500 1.961 9.250
v 27.500 -2.118 9.500
v 27.500 2.000 9.323
v 27.500 2.101 9.500
v 27.500 -2.236 9.750
v 27.500 2.229 9.750
v 27.500 -2.250 9.779
v 27.500 -2.352 10.000
v 27.500 2.250 9.792
v 27.500 2.353 10.000
v 27.500 -2.470 10.250
v 27.500 2.478 10.250
v 27.500 -2.481 10.500
v 27.500 2.500 10.297
v 27.500 2.587 10.500
v 27.500 -2.481 10.750
v 27.500 2.680 10.750
v 27.500 -2.482 11.000
v 27.404 1.250 11.000
v 27.500 1.121 11.000
v 27.500 1.250 10.974
v 27.500 1.500 10.957
v 27.344 1.500 11.000
v 27.500 1.750 10.976
v 27.411 1.750 11.000
v 27.500 1.866 11.000
v 27.500 2.750 10.983
v 27.460 2.750 11.000
v 27.500 2.755 11.000
v 27.500 -2.483 11.250
v 27.500 1.250 11.211
v 27.455 1.500 11.250
v 27.500 1.324 11.250
v 27.500 1.659 11.250
v 27.500 1.750 11.196
v 27.500 2.812 11.250
v 27.500 -2.486 11.500
v 27.500 1.500 11.261
v 27.500 2.861 11.500
v 27.500 -2.489 11.750
v 27.500 2.906 11.750
v 27.500 -2.491 12.000
v 27.500 2.953 12.000
v 27.500 -2.493 12.250
v 27.500 3.000 12.216
v 27.410 3.000 12.250
v 27.500 3.007 12.250
v 27.500 -2.495 12.500
v 27.500 3.063 12.500
v 27.500 -2.495 12.750
v 27.500 3.110 12.750
v 27.500 -2.495 13.000
v 27.500 3.143 13.000
v 27.500 -2.495 13.250
v 27.500 3.164 13.250
v 27.500 -2.495 13.500
v 27.500 3.182 13.500
v 27.500 -2.497 13.750
v 27.500 3.198 13.750
v 27.500 -2.500 13.980
v 27.500 -2.500 14.000
v 27.500 3.212 14.000
v 27.500 -2.504 14.250
v 27.500 3.221 14.250
v 27.500 -2.506 14.500
v 27.500 3.220 14.500
v 27.500 -2.508 14.750
v 27.500 3.208 14.750
v 27.500 -2.508 15.000
v 27.500 3.185 15.000
v 27.500 -2.508 15.250
v 27.500 3.152 15.250
v 27.500 -2.508 15.500
v 27.500 3.110 15.500
v 27.500 -2.509 15.750
v 27.500 3.058 15.750
v 27.500 -2.510 16.000
v 27.500 2.997 16.000
v 27.500 3.000 15.988
v 27.750 -1.500 7.821
v 27.750 -1.741 8.000
v 27.750 -1.250 7.800
v 27.750 -1.000 7.800
v 27.750 -0.750 7.800
v 27.750 -0.500 7.800
v 27.750 -0.250 7.800
v 27.750 0.000 7.800
v 27.750 0.250 7.800
v 27.750 0.500 7.800
v 27.750 0.750 7.800
v 27.750 1.000 7.800
v 27.750 1.250 7.832
v 27.750 1.469 8.000
v 27.750 -1.750 8.008
v 27.750 -1.875 8.250
v 27.750 1.500 8.030
v 27.750 1.618 8.250
v 27.750 -1.969 8.500
v 27.750 1.720 8.500
v 27.618 -2.000 8.750
v 27.750 -2.000 8.604
v 27.750 -2.050 8.750
v 27.750 1.750 8.587
v 27.568 1.750 8.750
v 27.750 1.828 8.750
v 27.750 -2.121 9.000
v 27.750 1.931 9.000
v 27.750 -2.124 9.250
v 27.750 2.000 9.216
v 27.664 2.000 9.250
v 27.750 2.022 9.250
v 27.750 -2.158 9.500
v 27.750 2.164 9.500
v 27.609 -2.250 9.750
v 27.750 -2.250 9.711
v 27.750 -2.267 9.750
v 27.750 2.250 9.662
v 27.581 2.250 9.750
v 27.750 2.293 9.750
v 27.750 -2.383 10.000
v 27.750 2.419 10.000
v 27.750 -2.476 10.250
v 27.750 2.500 10.165
v 27.588 2.500 10.250
v 27.750 2.537 10.250
v 27.750 -2.479 10.500
v 27.750 2.636 10.500
v 27.750 -2.479 10.750
v 27.750 2.715 10.750
v 27.750 -2.480 11.000
v 27.528 1.250 11.000
v 27.547 1.500 11.000
v 27.526 1.750 11.000
v 27.750 2.750 10.888
v 27.750 2.776 11.000
v 27.750 -2.481 11.250
v 27.513 1.500 11.250
v 27.750 2.827 11.250
v 27.750 -2.484 11.500
v 27.750 2.875 11.500
v 27.750 -2.486 11.750
v 27.600 2.000 11.750
v 27.750 1.800 11.750
v 27.750 2.000 11.685
v 27.750 2.250 11.726
v 27.691 2.250 11.750
v 27.750 2.296 11.750
v 27.750 2.920 11.750
v 27.750 -2.489 12.000
v 27.599 2.000 12.000
v 27.750 1.800 12.000
v 27.691 2.250 12.000
v 27.750 2.296 12.000
v 27.750 2.963 12.000
v 27.750 -2.492 12.250
v 27.750 2.000 12.066
v 27.750 2.250 12.025
v 27.750 3.000 12.174
v 27.750 3.015 12.250
v 27.750 -2.493 12.500
v 27.750 3.065 12.500
v 27.750 -2.494 12.750
v 27.750 3.111 12.750
v 27.750 -2.494 13.000
v 27.750 3.147 13.000
v 27.750 -2.494 13.250
v 27.750 3.174 13.250
v 27.750 -2.494 13.500
v 27.750 3.195 13.500
v 27.750 -2.496 13.750
v 27.750 3.214 13.750
v 27.542 -2.500 14.000
v 27.750 -2.499 14.000
v 27.750 3.230 14.000
v 27.750 -2.500 14.105
v 27.750 -2.502 14.250
v 27.750 3.237 14.250
v 27.750 -2.505 14.500
v 27.750 3.230 14.500
v 27.750 -2.507 14.750
v 27.750 3.211 14.750
v 27.750 -2.508 15.000
v 27.750 3.184 15.000
v 27.750 -2.508 15.250
v 27.750 3.154 15.250
v 27.750 -2.507 15.500
v 27.750 3.119 15.500
v 27.750 -2.507 15.750
v 27.750 3.071 15.750
v 27.750 -2.509 16.000
v 27.574 3.000 16.000
v 27.750 3.007 16.000
v 27.771 -1.750 8.000
v 28.000 -1.750 7.920
v 28.000 -1.806 8.000
v 28.000 -1.500 7.802
v 28.000 -1.250 7.800
v 28.000 -1.000 7.800
v 28.000 -0.750 7.800
v 28.000 -0.500 7.800
v 28.000 -0.250 7.800
v 28.000 0.000 7.800
v 28.000 0.250 7.800
v 28.000 0.500 7.800
v 28.000 0.750 7.800
v 28.000 1.000 7.800
v 28.000 1.250 7.808
v 27.837 1.500 8.000
v 28.000 1.500 7.948
v 28.000 1.537 8.000
v 28.000 -1.937 8.250
v 28.000 1.674 8.250
v 27.877 -2.000 8.500
v 28.000 -2.000 8.409
v 28.000 -2.031 8.500
v 28.000 1.750 8.426
v 27.879 1.750 8.500
v 28.000 1.782 8.500
v 28.000 -2.106 8.750
v 28.000 1.883 8.750
v 28.000 -2.164 9.000
v 28.000 1.965 9.000
v 28.000 -2.161 9.250
v 28.000 2.000 9.144
v 28.000 2.068 9.250
v 28.000 -2.181 9.500
v 28.000 2.206 9.500
v 28.000 -2.250 9.657
v 28.000 -2.293 9.750
v 28.000 2.250 9.583
v 28.000 2.332 9.750
v 28.000 -2.413 10.000
v 28.000 2.457 10.000
v 28.000 -2.477 10.250
v 28.000 2.500 10.090
v 28.000 2.568 10.250
v 28.000 -2.478 10.500
v 28.000 2.659 10.500
v 28.000 -2.478 10.750
v 28.000 2.731 10.750
v 28.000 -2.478 11.000
v 28.000 2.750 10.828
v 28.000 2.789 11.000
v 28.000 -2.480 11.250
v 28.000 2.839 11.250
v 28.000 -2.482 11.500
v 28.000 2.883 11.500
v 28.000 -2.485 11.750
v 27.835 2.000 11.750
v 27.782 2.250 11.750
v 28.000 2.924 11.750
v 28.000 -2.488 12.000
v 27.925 1.500 12.000
v 28.000 1.349 12.000
v 28.000 1.500 11.946
v 28.000 1.750 11.894
v 27.786 1.750 12.000
v 28.000 2.000 11.899
v 28.000 2.250 11.963
v 28.000 2.345 12.000
v 28.000 2.941 12.000
v 28.000 -2.490 12.250
v 28.000 1.500 12.064
v 28.000 1.750 12.122
v 28.000 2.000 12.114
v 28.000 2.250 12.043
v 28.000 3.000 12.211
v 28.000 3.007 12.250
v 28.000 -2.492 12.500
v 28.000 3.053 12.500
v 28.000 -2.493 12.750
v 28.000 3.098 12.750
v 28.000 -2.494 13.000
v 28.000 3.136 13.000
v 28.000 -2.494 13.250
v 28.000 3.166 13.250
v 28.000 -2.494 13.500
v 28.000 3.191 13.500
v 28.000 -2.495 13.750
v 28.000 3.213 13.750
v 28.000 -2.497 14.000
v 28.000 3.231 14.000
v 27.973 -2.500 14.250
v 28.000 -2.500 14.250
v 28.000 3.238 14.250
v 28.000 -2.500 14.270
v 28.000 -2.502 14.500
v 28.000 3.226 14.500
v 28.000 -2.505 14.750
v 28.000 3.199 14.750
v 28.000 -2.506 15.000
v 28.000 3.167 15.000
v 28.000 -2.507 15.250
v 28.000 3.139 15.250
v 28.000 -2.506 15.500
v 28.000 3.110 15.500
v 28.000 -2.506 15.750
v 28.000 3.067 15.750
v 28.000 -2.508 16.000
v 28.000 3.001 16.000
v 28.250 -1.750 7.872
v 28.250 -1.849 8.000
v 28.250 -1.500 7.800
v 28.250 -1.250 7.800
v 28.250 -1.000 7.800
v 28.250 -0.750 7.800
v 28.250 -0.500 7.800
v 28.250 -0.250 7.800
v 28.250 0.000 7.800
v 28.250 0.250 7.800
v 28.250 0.500 7.800
v 28.250 0.750 7.800
v 28.250 1.000 7.800
v 28.250 1.250 7.800
v 28.250 1.500 7.901
v 28.250 1.575 8.000
v 28.250 -1.984 8.250
v 28.250 1.715 8.250
v 28.250 -2.000 8.287
v 28.250 -2.070 8.500
v 28.250 1.750 8.324
v 28.250 1.821 8.500
v 28.250 -2.137 8.750
v 28.250 1.912 8.750
v 28.250 -2.190 9.000
v 28.250 1.986 9.000
v 28.250 -2.181 9.250
v 28.250 2.000 9.075
v 28.250 2.094 9.250
v 28.250 -2.191 9.500
v 28.250 2.220 9.500
v 28.250 -2.250 9.624
v 28.250 -2.312 9.750
v 28.250 2.250 9.558
v 28.250 2.344 9.750
v 28.250 -2.440 10.000
v 28.250 2.466 10.000
v 28.250 -2.478 10.250
v 28.250 2.500 10.073
v 28.250 2.572 10.250
v 28.250 -2.477 10.500
v 28.250 2.658 10.500
v 28.250 -2.476 10.750
v 28.250 2.731 10.750
v 28.250 -2.477 11.000
v 28.250 2.750 10.826
v 28.250 2.793 11.000
v 28.250 -2.479 11.250
v 28.250 2.845 11.250
v 28.250 -2.481 11.500
v 28.250 2.886 11.500
v 28.250 -2.483 11.750
v 28.250 2.918 11.750
v 28.250 -2.486 12.000
v 28.049 1.500 12.000
v 28.097 1.750 12.000
v 28.090 2.000 12.000
v 28.032 2.250 12.000
v 28.250 2.949 12.000
v 28.250 -2.488 12.250
v 28.082 3.000 12.250
v 28.250 2.987 12.250
v 28.250 -2.491 12.500
v 28.250 3.000 12.327
v 28.250 3.030 12.500
v 28.250 -2.492 12.750
v 28.250 3.075 12.750
v 28.250 -2.493 13.000
v 28.250 3.113 13.000
v 28.250 -2.494 13.250
v 28.250 3.145 13.250
v 28.250 -2.495 13.500
v 28.250 3.172 13.500
v 28.250 -2.495 13.750
v 28.250 3.197 13.750
v 28.250 -2.497 14.000
v 28.250 3.216 14.000
v 28.250 -2.498 14.250
v 28.250 3.222 14.250
v 28.250 -2.500 14.454
v 28.250 -2.500 14.500
v 28.250 3.207 14.500
v 28.250 -2.503 14.750
v 28.250 3.175 14.750
v 28.250 -2.505 15.000
v 28.250 3.139 15.000
v 28.250 -2.505 15.250
v 28.250 3.112 15.250
v 28.250 -2.505 15.500
v 28.250 3.085 15.500
v 28.250 -2.506 15.750
v 28.250 3.046 15.750
v 28.250 -2.508 16.000
v 28.011 3.000 16.000
v 28.250 2.981 16.000
v 28.250 3.000 15.928
v 28.500 -1.750 7.849
v 28.500 -1.876 8.000
v 28.500 -1.500 7.800
v 28.500 -1.250 7.800
v 28.500 -1.000 7.800
v 28.500 -0.750 7.800
v 28.500 -0.500 7.800
v 28.500 -0.250 7.800
v 28.500 0.000 7.800
v 28.500 0.250 7.800
v 28.500 0.500 7.800
v 28.500 0.750 7.800
v 28.500 1.000 7.800
v 28.500 1.250 7.800
v 28.500 1.500 7.876
v 28.500 1.598 8.000
v 28.379 -2.000 8.250
v 28.500 -2.000 8.216
v 28.500 -2.012 8.250
v 28.500 1.743 8.250
v 28.500 -2.092 8.500
v 28.500 1.750 8.265
v 28.500 1.843 8.500
v 28.500 -2.155 8.750
v 28.500 1.929 8.750
v 28.500 -2.206 9.000
v 28.500 1.998 9.000
v 28.500 -2.191 9.250
v 28.500 2.000 9.013
v 28.500 2.102 9.250
v 28.500 -2.190 9.500
v 28.500 2.218 9.500
v 28.500 -2.250 9.614
v 28.500 -2.322 9.750
v 28.500 2.250 9.564
v 28.500 2.339 9.750
v 28.500 -2.457 10.000
v 28.500 2.459 10.000
v 28.500 -2.478 10.250
v 28.500 2.500 10.092
v 28.500 2.563 10.250
v 28.500 -2.476 10.500
v 28.500 2.648 10.500
v 28.500 -2.475 10.750
v 28.500 2.723 10.750
v 28.500 -2.476 11.000
v 28.500 2.750 10.850
v 28.500 2.790 11.000
v 28.500 -2.478 11.250
v 28.500 2.844 11.250
v 28.500 -2.480 11.500
v 28.500 2.881 11.500
v 28.500 -2.483 11.750
v 28.500 2.907 11.750
v 28.500 -2.485 12.000
v 28.500 2.931 12.000
v 28.500 -2.487 12.250
v 28.500 2.964 12.250
v 28.500 -2.489 12.500
v 28.500 3.000 12.464
v 28.500 3.006 12.500
v 28.500 -2.491 12.750
v 28.500 3.050 12.750
v 28.500 -2.493 13.000
v 28.500 3.088 13.000
v 28.500 -2.495 13.250
v 28.500 3.119 13.250
v 28.500 -2.496 13.500
v 28.500 3.147 13.500
v 28.500 -2.496 13.750
v 28.500 3.172 13.750
v 28.500 -2.497 14.000
v 28.500 3.190 14.000
v 28.500 -2.498 14.250
v 28.500 3.194 14.250
v 28.360 -2.500 14.500
v 28.500 -2.499 14.500
v 28.500 3.178 14.500
v 28.500 -2.500 14.562
v 28.500 -2.502 14.750
v 28.500 3.145 14.750
v 28.500 -2.503 15.000
v 28.500 3.108 15.000
v 28.500 -2.504 15.250
v 28.500 3.079 15.250
v 28.500 -2.505 15.500
v 28.500 3.053 15.500
v 28.500 -2.505 15.750
v 28.500 3.015 15.750
v 28.500 -2.507 16.000
v 28.500 2.954 16.000
v 28.500 3.000 15.813
v 28.750 -1.750 7.841
v 28.750 -1.888 8.000
v 28.750 -1.500 7.800
v 28.750 -1.250 7.800
v 28.750 -1.000 7.800
v 28.750 -0.750 7.800
v 28.750 -0.500 7.800
v 28.750 -0.250 7.800
v 28.750 0.000 7.800
v 28.750 0.250 7.800
v 28.750 0.500 7.800
v 28.750 0.750 7.800
v 28.750 1.000 7.800
v 28.750 1.250 7.800
v 28.750 1.500 7.865
v 28.750 1.610 8.000
v 28.750 -2.000 8.186
v 28.750 -2.023 8.250
v 28.750 1.750 8.235
v 28.628 1.750 8.250
v 28.750 1.756 8.250
v 28.750 -2.101 8.500
v 28.750 1.853 8.500
v 28.750 -2.163 8.750
v 28.750 1.935 8.750
v 28.750 -2.213 9.000
v 28.750 2.000 8.996
v 28.661 2.000 9.000
v 28.750 2.003 9.000
v 28.750 -2.194 9.250
v 28.750 2.099 9.250
v 28.750 -2.186 9.500
v 28.750 2.212 9.500
v 28.750 -2.250 9.617
v 28.750 -2.321 9.750
v 28.750 2.250 9.579
v 28.750 2.330 9.750
v 28.750 -2.461 10.000
v 28.750 2.447 10.000
v 28.750 -2.479 10.250
v 28.750 2.500 10.122
v 28.750 2.551 10.250
v 28.750 -2.476 10.500
v 28.750 2.638 10.500
v 28.750 -2.475 10.750
v 28.750 2.715 10.750
v 28.750 -2.476 11.000
v 28.750 2.750 10.881
v 28.750 2.781 11.000
v 28.750 -2.478 11.250
v 28.750 2.833 11.250
v 28.750 -2.480 11.500
v 28.750 2.868 11.500
v 28.750 -2.482 11.750
v 28.750 2.893 11.750
v 28.750 -2.484 12.000
v 28.750 2.917 12.000
v 28.750 -2.486 12.250
v 28.750 2.948 12.250
v 28.750 -2.488 12.500
v 28.579 3.000 12.500
v 28.750 2.987 12.500
v 28.750 -2.490 12.750
v 28.750 3.000 12.578
v 28.750 3.028 12.750
v 28.750 -2.493 13.000
v 28.750 3.065 13.000
v 28.750 -2.495 13.250
v 28.750 3.096 13.250
v 28.750 -2.497 13.500
v 28.750 3.123 13.500
v 28.750 -2.498 13.750
v 28.750 3.145 13.750
v 28.750 -2.499 14.000
v 28.750 3.159 14.000
v 28.750 -2.499 14.250
v 28.750 3.160 14.250
v 28.614 -2.500 14.500
v 28.750 -2.500 14.380
v 28.750 -2.501 14.500
v 28.750 3.144 14.500
v 28.750 -2.502 14.750
v 28.750 3.113 14.750
v 28.750 -2.504 15.000
v 28.750 3.078 15.000
v 28.750 -2.504 15.250
v 28.750 3.047 15.250
v 28.750 -2.504 15.500
v 28.750 3.018 15.500
v 28.750 -2.504 15.750
v 28.612 3.000 15.750
v 28.750 2.981 15.750
v 28.750 3.000 15.619
v 28.750 -2.505 16.000
v 28.750 2.928 16.000
v 29.000 -1.750 7.845
v 29.000 -1.883 8.000
v 29.000 -1.500 7.800
v 29.000 -1.250 7.800
v 29.000 -1.000 7.800
v 29.000 -0.750 7.800
v 29.000 -0.500 7.800
v 29.000 -0.250 7.800
v 29.000 0.000 7.800
v 29.000 0.250 7.800
v 29.000 0.500 7.800
v 29.000 0.750 7.800
v 29.000 1.000 7.800
v 29.000 1.250 7.800
v 29.000 1.500 7.867
v 29.000 1.609 8.000
v 29.000 -2.000 8.197
v 29.000 -2.020 8.250
v 29.000 1.750 8.236
v 29.000 1.756 8.250
v 29.000 -2.098 8.500
v 29.000 1.851 8.500
v 29.000 -2.161 8.750
v 29.000 1.931 8.750
v 29.000 -2.211 9.000
v 28.807 2.000 9.000
v 29.000 1.996 9.000
v 29.000 -2.192 9.250
v 29.000 2.000 9.026
v 29.000 2.092 9.250
v 29.000 -2.182 9.500
v 29.000 2.207 9.500
v 29.000 -2.250 9.626
v 29.000 -2.313 9.750
v 29.000 2.250 9.589
v 29.000 2.323 9.750
v 29.000 -2.454 10.000
v 29.000 2.436 10.000
v 29.000 -2.479 10.250
v 29.000 2.500 10.152
v 29.000 2.540 10.250
v 29.000 -2.477 10.500
v 29.000 2.629 10.500
v 29.000 -2.476 10.750
v 29.000 2.704 10.750
v 29.000 -2.476 11.000
v 29.000 2.750 10.941
v 29.000 2.763 11.000
v 29.000 -2.478 11.250
v 29.000 2.809 11.250
v 29.000 -2.480 11.500
v 29.000 2.845 11.500
v 29.000 -2.482 11.750
v 29.000 2.876 11.750
v 29.000 -2.483 12.000
v 29.000 2.906 12.000
v 29.000 -2.485 12.250
v 29.000 2.938 12.250
v 29.000 -2.486 12.500
v 29.000 2.973 12.500
v 29.000 -2.488 12.750
v 29.000 3.000 12.687
v 29.000 3.009 12.750
v 29.000 -2.492 13.000
v 29.000 3.044 13.000
v 29.000 -2.495 13.250
v 29.000 3.075 13.250
v 29.000 -2.498 13.500
v 29.000 3.101 13.500
v 28.958 -2.500 13.750
v 29.000 -2.500 13.704
v 29.000 -2.500 13.750
v 29.000 3.118 13.750
v 28.870 -2.500 14.000
v 29.000 -2.501 14.000
v 29.000 3.125 14.000
v 28.808 -2.500 14.250
v 29.000 -2.502 14.250
v 29.000 3.122 14.250
v 29.000 -2.503 14.500
v 29.000 3.106 14.500
v 29.000 -2.505 14.750
v 29.000 3.079 14.750
v 29.000 -2.505 15.000
v 29.000 3.047 15.000
v 29.000 -2.505 15.250
v 29.000 3.015 15.250
v 29.000 -2.504 15.500
v 28.877 3.000 15.500
v 29.000 2.983 15.500
v 29.000 3.000 15.364
v 29.000 -2.503 15.750
v 29.000 2.948 15.750
v 29.000 -2.503 16.000
v 29.000 2.903 16.000
v 29.250 -1.750 7.863
v 29.250 -1.861 8.000
v 29.250 -1.500 7.800
v 29.250 -1.250 7.800
v 29.250 -1.000 7.800
v 29.250 -0.750 7.800
v 29.250 -0.500 7.800
v 29.250 -0.250 7.800
v 29.250 0.000 7.800
v 29.250 0.250 7.800
v 29.250 0.500 7.800
v 29.250 0.750 7.800
v 29.250 1.000 7.800
v 29.250 1.250 7.800
v 29.250 1.500 7.881
v 29.250 1.593 8.000
v 29.223 -2.000 8.250
v 29.250 -1.997 8.250
v 29.088 1.750 8.250
v 29.250 1.738 8.250
v 29.250 -2.000 8.257
v 29.250 -2.079 8.500
v 29.250 1.750 8.276
v 29.250 1.836 8.500
v 29.250 -2.144 8.750
v 29.250 1.917 8.750
v 29.250 -2.197 9.000
v 29.250 1.985 9.000
v 29.250 -2.180 9.250
v 29.250 2.000 9.088
v 29.250 2.080 9.250
v 29.250 -2.175 9.500
v 29.250 2.203 9.500
v 29.250 -2.250 9.640
v 29.250 -2.304 9.750
v 29.250 2.250 9.601
v 29.250 2.315 9.750
v 29.250 -2.442 10.000
v 29.250 2.420 10.000
v 29.250 -2.480 10.250
v 29.250 2.500 10.196
v 29.250 2.522 10.250
v 29.250 -2.478 10.500
v 29.250 2.611 10.500
v 29.250 -2.477 10.750
v 29.250 2.682 10.750
v 29.250 -2.477 11.000
v 29.114 2.750 11.000
v 29.250 2.733 11.000
v 29.250 -2.478 11.250
v 29.250 2.750 11.100
v 29.250 2.773 11.250
v 29.250 -2.479 11.500
v 29.250 2.812 11.500
v 29.250 -2.481 11.750
v 29.250 2.852 11.750
v 29.250 -2.482 12.000
v 29.250 2.890 12.000
v 29.250 -2.483 12.250
v 29.250 2.924 12.250
v 29.250 -2.484 12.500
v 29.250 2.956 12.500
v 29.250 -2.486 12.750
v 29.107 3.000 12.750
v 29.250 2.987 12.750
v 29.250 -2.490 13.000
v 29.250 3.000 12.845
v 29.250 3.020 13.000
v 29.250 -2.495 13.250
v 29.250 3.049 13.250
v 29.250 -2.499 13.500
v 29.250 3.070 13.500
v 29.250 -2.500 13.585
v 29.250 -2.502 13.750
v 29.250 3.082 13.750
v 29.250 -2.504 14.000
v 29.250 3.083 14.000
v 29.250 -2.505 14.250
v 29.250 3.075 14.250
v 29.250 -2.506 14.500
v 29.250 3.061 14.500
v 29.250 -2.507 14.750
v 29.250 3.040 14.750
v 29.250 -2.507 15.000
v 29.250 3.012 15.000
v 29.250 -2.505 15.250
v 29.110 3.000 15.250
v 29.250 2.983 15.250
v 29.250 3.000 15.100
v 29.250 -2.503 15.500
v 29.250 2.951 15.500
v 29.250 -2.502 15.750
v 29.250 2.917 15.750
v 29.250 -2.501 16.000
v 29.250 2.879 16.000
v 29.500 -1.750 7.903
v 29.500 -1.820 8.000
v 29.500 -1.500 7.800
v 29.500 -1.250 7.800
v 29.500 -1.000 7.800
v 29.500 -0.750 7.800
v 29.500 -0.500 7.800
v 29.500 -0.250 7.800
v 29.500 0.000 7.800
v 29.500 0.250 7.800
v 29.500 0.500 7.800
v 29.500 0.750 7.800
v 29.500 1.000 7.800
v 29.500 1.250 7.803
v 29.500 1.500 7.914
v 29.500 1.562 8.000
v 29.500 -1.948 8.250
v 29.500 1.699 8.250
v 29.500 -2.000 8.388
v 29.500 -2.036 8.500
v 29.500 1.750 8.368
v 29.500 1.802 8.500
v 29.500 -2.108 8.750
v 29.500 1.892 8.750
v 29.500 -2.166 9.000
v 29.500 1.967 9.000
v 29.500 -2.151 9.250
v 29.500 2.000 9.145
v 29.500 2.063 9.250
v 29.500 -2.156 9.500
v 29.500 2.190 9.500
v 29.500 -2.250 9.665
v 29.500 -2.293 9.750
v 29.500 2.250 9.637
v 29.500 2.296 9.750
v 29.500 -2.424 10.000
v 29.500 2.395 10.000
v 29.500 -2.480 10.250
v 29.428 2.500 10.250
v 29.500 2.491 10.250
v 29.500 -2.478 10.500
v 29.500 2.500 10.277
v 29.500 2.576 10.500
v 29.500 -2.477 10.750
v 29.500 2.642 10.750
v 29.500 -2.477 11.000
v 29.500 2.691 11.000
v 29.500 -2.477 11.250
v 29.392 2.750 11.250
v 29.500 2.732 11.250
v 29.500 -2.479 11.500
v 29.500 2.750 11.357
v 29.500 2.774 11.500
v 29.500 -2.481 11.750
v 29.500 2.819 11.750
v 29.500 -2.484 12.000
v 29.500 2.862 12.000
v 29.500 -2.485 12.250
v 29.500 2.899 12.250
v 29.500 -2.487 12.500
v 29.500 2.930 12.500
v 29.500 -2.488 12.750
v 29.500 2.958 12.750
v 29.500 -2.492 13.000
v 29.394 3.000 13.000
v 29.500 2.985 13.000
v 29.500 -2.496 13.250
v 29.500 3.000 13.166
v 29.500 3.007 13.250
v 29.500 -2.499 13.500
v 29.500 3.023 13.500
v 29.500 -2.500 13.568
v 29.500 -2.502 13.750
v 29.500 3.028 13.750
v 29.500 -2.504 14.000
v 29.500 3.026 14.000
v 29.500 -2.505 14.250
v 29.500 3.018 14.250
v 29.500 -2.507 14.500
v 29.500 3.008 14.500
v 29.500 -2.507 14.750
v 29.463 3.000 14.750
v 29.500 2.994 14.750
v 29.500 3.000 14.632
v 29.500 -2.507 15.000
v 29.327 3.000 15.000
v 29.500 2.975 15.000
v 29.500 -2.505 15.250
v 29.500 2.949 15.250
v 29.500 -2.503 15.500
v 29.500 2.918 15.500
v 29.500 -2.501 15.750
v 29.500 2.885 15.750
v 29.500 -2.500 16.000
v 29.500 2.853 16.000
v 29.750 -1.750 7.984
v 29.750 -1.760 8.000
v 29.750 -1.500 7.810
v 29.750 -1.250 7.800
v 29.750 -1.000 7.800
v 29.750 -0.750 7.800
v 29.750 -0.500 7.800
v 29.750 -0.250 7.800
v 29.750 0.000 7.800
v 29.750 0.250 7.800
v 29.750 0.500 7.800
v 29.750 0.750 7.800
v 29.750 1.000 7.800
v 29.750 1.250 7.816
v 29.750 1.500 7.979
v 29.750 1.514 8.000
v 29.750 -1.881 8.250
v 29.750 1.644 8.250
v 29.626 -2.000 8.500
v 29.750 -1.966 8.500
v 29.715 1.750 8.500
v 29.750 1.742 8.500
v 29.750 -2.000 8.621
v 29.750 -2.042 8.750
v 29.750 1.750 8.522
v 29.750 1.851 8.750
v 29.750 -2.113 9.000
v 29.750 1.947 9.000
v 29.750 -2.096 9.250
v 29.750 2.000 9.181
v 29.750 2.043 9.250
v 29.750 -2.111 9.500
v 29.750 2.165 9.500
v 29.750 -2.250 9.712
v 29.750 -2.270 9.750
v 29.750 2.250 9.717
v 29.750 2.262 9.750
v 29.750 -2.395 10.000
v 29.750 2.353 10.000
v 29.750 -2.476 10.250
v 29.750 2.442 10.250
v 29.750 -2.478 10.500
v 29.750 2.500 10.427
v 29.750 2.523 10.500
v 29.750 -2.478 10.750
v 29.750 2.589 10.750
v 29.750 -2.480 11.000
v 29.750 2.643 11.000
v 29.750 -2.484 11.250
v 29.750 2.689 11.250
v 29.750 -2.489 11.500
v 29.647 2.750 11.500
v 29.750 2.733 11.500
v 29.750 -2.496 11.750
v 29.750 2.750 11.595
v 29.750 2.778 11.750
v 29.732 -2.500 12.000
v 29.750 -2.500 11.944
v 29.750 -2.501 12.000
v 29.750 2.822 12.000
v 29.698 -2.500 12.250
v 29.750 -2.504 12.250
v 29.750 2.861 12.250
v 29.690 -2.500 12.500
v 29.750 -2.504 12.500
v 29.750 2.893 12.500
v 29.673 -2.500 12.750
v 29.750 -2.505 12.750
v 29.750 2.919 12.750
v 29.624 -2.500 13.000
v 29.750 -2.509 13.000
v 29.750 2.937 13.000
v 29.564 -2.500 13.250
v 29.750 -2.513 13.250
v 29.533 3.000 13.250
v 29.750 2.949 13.250
v 29.512 -2.500 13.500
v 29.750 -2.515 13.500
v 29.587 3.000 13.500
v 29.750 2.956 13.500
v 29.750 -2.512 13.750
v 29.601 3.000 13.750
v 29.750 2.957 13.750
v 29.750 -2.507 14.000
v 29.592 3.000 14.000
v 29.750 2.956 14.000
v 29.750 -2.504 14.250
v 29.569 3.000 14.250
v 29.750 2.953 14.250
v 29.750 -2.505 14.500
v 29.533 3.000 14.500
v 29.750 2.951 14.500
v 29.750 -2.506 14.750
v 29.750 2.946 14.750
v 29.750 -2.505 15.000
v 29.750 2.935 15.000
v 29.750 -2.504 15.250
v 29.750 2.914 15.250
v 29.750 -2.502 15.500
v 29.750 2.885 15.500
v 29.750 -2.501 15.750
v 29.750 2.853 15.750
v 29.750 -2.500 15.935
v 29.582 -2.500 16.000
v 29.750 -2.500 16.000
v 29.750 2.823 16.000
v 29.781 -1.750 8.000
v 30.000 -1.651 8.000
v 30.000 -1.500 7.848
v 30.000 -1.250 7.800
v 30.000 -1.000 7.800
v 30.000 -0.750 7.800
v 30.000 -0.500 7.800
v 30.000 -0.250 7.800
v 30.000 0.000 7.800
v 30.000 0.250 7.800
v 30.000 0.500 7.800
v 30.000 0.750 7.800
v 30.000 1.000 7.800
v 30.000 1.250 7.849
v 29.799 1.500 8.000
v 30.000 1.418 8.000
v 30.000 -1.750 8.139
v 30.000 -1.797 8.250
v 30.000 1.500 8.101
v 30.000 1.571 8.250
v 30.000 -1.883 8.500
v 30.000 1.675 8.500
v 29.852 -2.000 8.750
v 30.000 -1.952 8.750
v 30.000 1.750 8.712
v 30.000 1.773 8.750
v 30.000 -2.000 8.961
v 30.000 -2.015 9.000
v 30.000 1.911 9.000
v 30.000 -2.000 9.190
v 29.986 -2.000 9.250
v 30.000 -1.995 9.250
v 30.000 2.000 9.221
v 30.000 2.017 9.250
v 30.000 -2.000 9.338
v 30.000 -2.024 9.500
v 30.000 2.126 9.500
v 29.859 -2.250 9.750
v 30.000 -2.210 9.750
v 29.812 2.250 9.750
v 30.000 2.212 9.750
v 30.000 -2.250 9.807
v 30.000 -2.341 10.000
v 30.000 2.250 9.865
v 30.000 2.294 10.000
v 30.000 -2.449 10.250
v 30.000 2.377 10.250
v 30.000 -2.482 10.500
v 29.835 2.500 10.500
v 30.000 2.456 10.500
v 30.000 -2.489 10.750
v 30.000 2.500 10.651
v 30.000 2.527 10.750
v 30.000 -2.498 11.000
v 30.000 2.590 11.000
v 29.929 -2.500 11.250
v 30.000 -2.500 11.061
v 30.000 -2.506 11.250
v 30.000 2.645 11.250
v 29.850 -2.500 11.500
v 30.000 -2.515 11.500
v 30.000 2.693 11.500
v 29.785 -2.500 11.750
v 30.000 -2.526 11.750
v 29.917 2.750 11.750
v 30.000 2.736 11.750
v 30.000 -2.534 12.000
v 30.000 2.750 11.838
v 30.000 2.776 12.000
v 30.000 -2.537 12.250
v 30.000 2.815 12.250
v 30.000 -2.536 12.500
v 30.000 2.848 12.500
v 30.000 -2.536 12.750
v 30.000 2.871 12.750
v 30.000 -2.542 13.000
v 30.000 2.881 13.000
v 30.000 -2.550 13.250
v 30.000 2.883 13.250
v 30.000 -2.552 13.500
v 30.000 2.882 13.500
v 30.000 -2.543 13.750
v 30.000 2.881 13.750
v 30.000 -2.525 14.000
v 30.000 2.883 14.000
v 30.000 -2.510 14.250
v 30.000 2.887 14.250
v 30.000 -2.503 14.500
v 30.000 2.895 14.500
v 30.000 -2.503 14.750
v 30.000 2.900 14.750
v 30.000 -2.504 15.000
v 30.000 2.897 15.000
v 30.000 -2.503 15.250
v 30.000 2.881 15.250
v 30.000 -2.502 15.500
v 30.000 2.853 15.500
v 30.000 -2.501 15.750
v 30.000 2.822 15.750
v 30.000 -2.500 15.894
v 30.000 -2.499 16.000
v 30.000 2.793 16.000
v 30.250 -1.500 7.939
v 30.250 -1.544 8.000
v 30.250 -1.250 7.813
v 30.250 -1.000 7.800
v 30.250 -0.750 7.800
v 30.250 -0.500 7.800
v 30.250 -0.250 7.800
v 30.250 0.000 7.800
v 30.250 0.250 7.800
v 30.250 0.500 7.800
v 30.250 0.750 7.800
v 30.250 1.000 7.815
v 30.250 1.250 7.928
v 30.250 1.311 8.000
v 30.109 -1.750 8.250
v 30.250 -1.681 8.250
v 30.182 1.500 8.250
v 30.250 1.468 8.250
v 30.250 -1.750 8.422
v 30.250 -1.777 8.500
v 30.250 1.500 8.311
v 30.250 1.591 8.500
v 30.250 -1.856 8.750
v 30.058 1.750 8.750
v 30.250 1.699 8.750
v 30.027 -2.000 9.000
v 30.250 -1.921 9.000
v 30.250 1.750 8.890
v 30.250 1.838 9.000
v 30.250 -1.898 9.250
v 30.120 2.000 9.250
v 30.250 1.980 9.250
v 30.048 -2.000 9.500
v 30.250 -1.876 9.500
v 30.250 2.000 9.298
v 30.250 2.077 9.500
v 30.250 -2.000 9.651
v 30.250 -2.080 9.750
v 30.250 2.149 9.750
v 30.250 -2.250 9.980
v 30.250 -2.260 10.000
v 30.153 2.250 10.000
v 30.250 2.222 10.000
v 30.250 -2.380 10.250
v 30.250 2.250 10.088
v 30.250 2.300 10.250
v 30.250 -2.498 10.500
v 30.250 2.379 10.500
v 30.105 -2.500 10.750
v 30.250 -2.500 10.525
v 30.250 -2.514 10.750
v 30.098 2.500 10.750
v 30.250 2.457 10.750
v 30.015 -2.500 11.000
v 30.250 -2.531 11.000
v 30.250 2.500 10.890
v 30.250 2.533 11.000
v 30.250 -2.546 11.250
v 30.250 2.601 11.250
v 30.250 -2.562 11.500
v 30.250 2.656 11.500
v 30.250 -2.578 11.750
v 30.250 2.699 11.750
v 30.250 -2.589 12.000
v 30.161 2.750 12.000
v 30.250 2.736 12.000
v 30.250 -2.591 12.250
v 30.250 2.750 12.104
v 30.250 2.770 12.250
v 30.250 -2.586 12.500
v 30.197 2.000 12.500
v 30.250 1.780 12.500
v 30.250 2.000 12.434
v 30.250 2.250 12.455
v 30.214 2.250 12.500
v 30.250 2.361 12.500
v 30.250 2.799 12.500
v 30.250 -2.584 12.750
v 30.250 2.000 12.590
v 30.250 2.250 12.562
v 30.250 2.817 12.750
v 30.250 -2.592 13.000
v 30.250 2.823 13.000
v 30.250 -2.603 13.250
v 30.250 2.820 13.250
v 30.250 -2.606 13.500
v 30.250 2.815 13.500
v 30.250 -2.589 13.750
v 30.250 2.814 13.750
v 30.250 -2.558 14.000
v 30.250 2.819 14.000
v 30.250 -2.528 14.250
v 30.250 2.830 14.250
v 30.250 -2.509 14.500
v 30.250 2.846 14.500
v 30.250 -2.502 14.750
v 30.250 2.860 14.750
v 30.250 -2.503 15.000
v 30.250 2.864 15.000
v 30.250 -2.503 15.250
v 30.250 2.852 15.250
v 30.250 -2.502 15.500
v 30.250 2.826 15.500
v 30.250 -2.501 15.750
v 30.250 2.793 15.750
v 30.250 -2.500 15.826
v 30.250 -2.499 16.000
v 30.250 2.763 16.000
v 30.340 -1.500 8.000
v 30.500 -1.390 8.000
v 30.500 -1.250 7.873
v 30.500 -1.000 7.807
v 30.500 -0.750 7.800
v 30.500 -0.500 7.800
v 30.500 -0.250 7.800
v 30.500 0.000 7.800
v 30.500 0.250 7.800
v 30.500 0.500 7.800
v 30.500 0.750 7.809
v 30.500 1.000 7.872
v 30.368 1.250 8.000
v 30.500 1.158 8.000
v 30.500 -1.500 8.139
v 30.500 -1.550 8.250
v 30.500 1.250 8.097
v 30.500 1.340 8.250
v 30.301 -1.750 8.500
v 30.500 -1.644 8.500
v 30.435 1.500 8.500
v 30.500 1.468 8.500
v 30.437 -1.750 8.750
v 30.500 -1.716 8.750
v 30.500 1.500 8.570
v 30.500 1.623 8.750
v 30.500 -1.750 8.899
v 30.500 -1.786 9.000
v 30.500 1.750 8.981
v 30.500 1.767 9.000
v 30.500 -1.750 9.182
v 30.477 -1.750 9.250
v 30.500 -1.738 9.250
v 30.500 1.921 9.250
v 30.402 -1.750 9.500
v 30.500 -1.698 9.500
v 30.500 2.000 9.461
v 30.500 2.013 9.500
v 30.368 -2.000 9.750
v 30.500 -1.876 9.750
v 30.500 -1.750 9.618
v 30.500 2.076 9.750
v 30.277 -2.250 10.000
v 30.500 -2.125 10.000
v 30.500 -2.000 9.857
v 30.500 2.143 10.000
v 30.500 -2.250 10.141
v 30.500 -2.314 10.250
v 30.405 2.250 10.250
v 30.500 2.219 10.250
v 30.500 -2.474 10.500
v 30.500 2.250 10.344
v 30.500 2.299 10.500
v 30.500 -2.500 10.564
v 30.500 -2.547 10.750
v 30.500 2.382 10.750
v 30.500 -2.580 11.000
v 30.380 2.500 11.000
v 30.500 2.469 11.000
v 30.500 -2.610 11.250
v 30.500 2.500 11.096
v 30.500 2.550 11.250
v 30.500 -2.636 11.500
v 30.500 2.617 11.500
v 30.500 -2.657 11.750
v 30.500 2.666 11.750
v 30.500 -2.668 12.000
v 30.500 2.702 12.000
v 30.500 -2.667 12.250
v 30.376 2.750 12.250
v 30.500 2.732 12.250
v 30.500 -2.659 12.500
v 30.431 2.000 12.500
v 30.379 2.250 12.500
v 30.500 2.750 12.478
v 30.500 2.752 12.500
v 30.500 -2.654 12.750
v 30.500 2.764 12.750
v 30.500 -2.660 13.000
v 30.500 2.767 13.000
v 30.500 -2.669 13.250
v 30.500 2.764 13.250
v 30.500 -2.668 13.500
v 30.500 2.759 13.500
v 30.500 -2.642 13.750
v 30.500 2.759 13.750
v 30.500 -2.601 14.000
v 30.500 2.767 14.000
v 30.500 -2.561 14.250
v 30.500 2.782 14.250
v 30.500 -2.531 14.500
v 30.491 1.500 14.500
v 30.500 1.473 14.500
v 30.500 1.500 14.491
v 30.500 1.750 14.428
v 30.430 1.750 14.500
v 30.500 2.000 14.404
v 30.407 2.000 14.500
v 30.500 2.250 14.423
v 30.425 2.250 14.500
v 30.500 2.500 14.482
v 30.482 2.500 14.500
v 30.500 2.553 14.500
v 30.500 2.802 14.500
v 30.500 -2.512 14.750
v 30.500 1.500 14.522
v 30.500 1.750 14.657
v 30.500 2.000 14.699
v 30.500 2.250 14.666
v 30.500 2.500 14.542
v 30.500 2.822 14.750
v 30.500 -2.503 15.000
v 30.500 2.831 15.000
v 30.500 -2.502 15.250
v 30.500 2.823 15.250
v 30.500 -2.502 15.500
v 30.500 2.797 15.500
v 30.500 -2.500 15.714
v 30.414 -2.500 15.750
v 30.500 -2.500 15.750
v 30.500 2.762 15.750
v 30.500 -2.497 16.000
v 30.350 2.750 16.000
v 30.500 2.729 16.000
v 30.500 2.750 15.846
v 30.704 -1.250 8.000
v 30.750 -1.206 8.000
v 30.750 -1.000 7.865
v 30.750 -0.750 7.815
v 30.750 -0.500 7.802
v 30.750 -0.250 7.800
v 30.750 0.000 7.800
v 30.750 0.250 7.803
v 30.750 0.500 7.815
v 30.750 0.750 7.864
v 30.720 1.000 8.000
v 30.750 0.972 8.000
v 30.584 -1.500 8.250
v 30.750 -1.376 8.250
v 30.750 -1.250 8.037
v 30.750 1.000 8.021
v 30.643 1.250 8.250
v 30.750 1.170 8.250
v 30.726 -1.500 8.500
v 30.750 -1.481 8.500
v 30.750 1.250 8.375
v 30.750 1.331 8.500
v 30.750 -1.500 8.554
v 30.750 -1.562 8.750
v 30.701 1.500 8.750
v 30.750 1.475 8.750
v 30.544 -1.750 9.000
v 30.750 -1.627 9.000
v 30.750 1.500 8.805
v 30.558 1.750 9.000
v 30.750 1.688 9.000
v 30.750 -1.587 9.250
v 30.750 1.750 9.099
v 30.750 1.836 9.250
v 30.750 -1.550 9.500
v 30.541 2.000 9.500
v 30.750 1.925 9.500
v 30.641 -1.750 9.750
v 30.750 -1.692 9.750
v 30.738 2.000 9.750
v 30.750 1.996 9.750
v 30.734 -2.000 10.000
v 30.750 -1.989 10.000
v 30.750 -1.750 9.821
v 30.750 2.000 9.763
v 30.750 2.066 10.000
v 30.750 -2.250 10.232
v 30.750 -2.263 10.250
v 30.750 -2.000 10.008
v 30.750 2.146 10.250
v 30.750 -2.461 10.500
v 30.675 2.250 10.500
v 30.750 2.228 10.500
v 30.750 -2.500 10.552
v 30.750 -2.589 10.750
v 30.750 2.250 10.564
v 30.750 2.312 10.750
v 30.750 -2.642 11.000
v 30.750 2.401 11.000
v 30.750 -2.692 11.250
v 30.712 2.500 11.250
v 30.750 2.491 11.250
v 30.750 -2.732 11.500
v 30.750 2.500 11.278
v 30.750 2.570 11.500
v 30.732 -2.750 11.750
v 30.750 -2.750 11.678
v 30.750 -2.757 11.750
v 30.750 2.629 11.750
v 30.702 -2.750 12.000
v 30.750 -2.769 12.000
v 30.750 2.669 12.000
v 30.708 -2.750 12.250
v 30.750 -2.767 12.250
v 30.750 2.696 12.250
v 30.735 -2.750 12.500
v 30.750 -2.756 12.500
v 30.510 2.750 12.500
v 30.750 2.711 12.500
v 30.750 -2.750 12.658
v 30.750 -2.747 12.750
v 30.569 2.750 12.750
v 30.750 2.717 12.750
v 30.750 -2.746 13.000
v 30.580 2.750 13.000
v 30.750 2.717 13.000
v 30.750 -2.747 13.250
v 30.567 2.750 13.250
v 30.750 2.714 13.250
v 30.750 -2.734 13.500
v 30.547 2.750 13.500
v 30.750 2.711 13.500
v 30.750 -2.700 13.750
v 30.546 2.750 13.750
v 30.750 2.710 13.750
v 30.750 -2.653 14.000
v 30.584 2.750 14.000
v 30.750 2.718 14.000
v 30.750 -2.605 14.250
v 30.660 2.750 14.250
v 30.750 2.732 14.250
v 30.750 -2.566 14.500
v 30.525 1.500 14.500
v 30.674 1.750 14.500
v 30.719 2.000 14.500
v 30.683 2.250 14.500
v 30.547 2.500 14.500
v 30.750 2.750 14.458
v 30.750 2.754 14.500
v 30.750 -2.536 14.750
v 30.750 2.775 14.750
v 30.750 -2.513 15.000
v 30.750 2.787 15.000
v 30.750 -2.502 15.250
v 30.750 2.782 15.250
v 30.750 -2.500 15.500
v 30.750 2.757 15.500
v 30.750 -2.500 15.524
v 30.750 -2.498 15.750
v 30.577 2.750 15.750
v 30.750 2.721 15.750
v 30.750 2.750 15.553
v 30.750 -2.495 16.000
v 30.750 2.684 16.000
v 30.951 -1.000 8.000
v 31.000 -0.934 8.000
v 31.000 -0.750 7.900
v 31.000 -0.500 7.848
v 31.000 -0.250 7.831
v 31.000 0.000 7.831
v 31.000 0.250 7.847
v 31.000 0.500 7.897
v 30.966 0.750 8.000
v 31.000 0.703 8.000
v 30.909 -1.250 8.250
v 31.000 -1.155 8.250
v 31.000 -1.000 8.044
v 31.000 0.750 8.028
v 30.955 1.000 8.250
v 31.000 0.952 8.250
v 31.000 -1.250 8.423
v 31.000 -1.281 8.500
v 31.000 1.000 8.309
v 30.860 1.250 8.500
v 31.000 1.135 8.500
v 30.834 -1.500 8.750
v 31.000 -1.365 8.750
v 31.000 1.250 8.686
v 31.000 1.322 8.750
v 30.913 -1.500 9.000
v 31.000 -1.427 9.000
v 31.000 1.500 8.947
v 31.000 1.552 9.000
v 30.868 -1.500 9.250
v 31.000 -1.400 9.250
v 30.940 1.750 9.250
v 31.000 1.717 9.250
v 30.832 -1.500 9.500
v 31.000 -1.398 9.500
v 31.000 1.750 9.323
v 31.000 1.818 9.500
v 31.000 -1.500 9.662
v 31.000 -1.568 9.750
v 31.000 1.906 9.750
v 31.000 -1.750 9.937
v 31.000 -1.857 10.000
v 31.000 2.000 9.988
v 31.000 2.004 10.000
v 30.938 -2.250 10.250
v 31.000 -2.243 10.250
v 31.000 -2.000 10.078
v 31.000 2.093 10.250
v 31.000 -2.250 10.255
v 31.000 -2.481 10.500
v 31.000 2.178 10.500
v 31.000 -2.500 10.520
v 31.000 -2.633 10.750
v 31.000 2.250 10.732
v 31.000 2.255 10.750
v 31.000 -2.713 11.000
v 31.000 2.337 11.000
v 30.913 -2.750 11.250
v 31.000 -2.750 11.136
v 31.000 -2.781 11.250
v 31.000 2.424 11.250
v 30.796 -2.750 11.500
v 31.000 -2.831 11.500
v 31.000 2.500 11.468
v 31.000 2.511 11.500
v 31.000 -2.863 11.750
v 31.000 2.581 11.750
v 31.000 -2.879 12.000
v 31.000 2.629 12.000
v 31.000 -2.879 12.250
v 31.000 2.657 12.250
v 31.000 -2.869 12.500
v 31.000 2.669 12.500
v 30.758 -2.750 12.750
v 31.000 -2.856 12.750
v 31.000 2.672 12.750
v 30.760 -2.750 13.000
v 31.000 -2.845 13.000
v 31.000 2.670 13.000
v 30.760 -2.750 13.250
v 31.000 -2.832 13.250
v 31.000 2.665 13.250
v 30.804 -2.750 13.500
v 31.000 -2.807 13.500
v 31.000 2.660 13.500
v 30.940 -2.750 13.750
v 31.000 -2.766 13.750
v 31.000 2.654 13.750
v 31.000 -2.750 13.823
v 31.000 -2.712 14.000
v 31.000 2.659 14.000
v 31.000 -2.656 14.250
v 31.000 2.669 14.250
v 31.000 -2.607 14.500
v 30.763 2.750 14.500
v 31.000 2.662 14.500
v 31.000 -2.564 14.750
v 30.844 2.750 14.750
v 31.000 2.707 14.750
v 31.000 -2.529 15.000
v 30.896 2.750 15.000
v 31.000 2.721 15.000
v 31.000 -2.504 15.250
v 30.882 2.750 15.250
v 31.000 2.720 15.250
v 31.000 -2.500 15.400
v 30.768 -2.500 15.500
v 31.000 -2.497 15.500
v 30.783 2.750 15.500
v 31.000 2.699 15.500
v 31.000 -2.495 15.750
v 31.000 2.665 15.750
v 31.000 -2.492 16.000
v 31.000 2.624 16.000
v 31.118 -0.750 8.000
v 31.231 -0.500 8.000
v 31.250 -0.424 8.000
v 31.250 -0.250 7.965
v 31.250 0.000 7.964
v 31.236 0.250 8.000
v 31.250 0.191 8.000
v 31.128 0.500 8.000
v 31.143 -1.000 8.250
v 31.250 -0.838 8.250
v 31.250 -0.750 8.156
v 31.250 -0.500 8.017
v 31.250 0.250 8.012
v 31.250 0.500 8.135
v 31.175 0.750 8.250
v 31.250 0.628 8.250
v 31.038 -1.250 8.500
v 31.250 -1.011 8.500
v 31.250 -1.000 8.479
v 31.250 0.750 8.376
v 31.140 1.000 8.500
v 31.250 0.853 8.500
v 31.134 -1.250 8.750
v 31.250 -1.115 8.750
v 31.250 1.000 8.702
v 31.083 1.250 8.750
v 31.250 1.061 8.750
v 31.200 -1.250 9.000
v 31.250 -1.190 9.000
v 31.250 1.250 8.923
v 31.077 1.500 9.000
v 31.250 1.343 9.000
v 31.190 -1.250 9.250
v 31.250 -1.195 9.250
v 31.250 1.500 9.171
v 31.250 1.555 9.250
v 31.250 -1.250 9.337
v 31.250 -1.370 9.500
v 31.151 1.750 9.500
v 31.250 1.697 9.500
v 31.250 -1.500 9.700
v 31.250 -1.543 9.750
v 31.250 1.750 9.596
v 31.250 1.821 9.750
v 31.203 -1.750 10.000
v 31.250 -1.734 10.000
v 31.019 2.000 10.000
v 31.250 1.944 10.000
v 31.074 -2.250 10.250
v 31.250 -2.250 10.239
v 31.250 -2.262 10.250
v 31.250 -2.000 10.105
v 31.250 -1.750 10.012
v 31.250 2.000 10.115
v 31.250 2.054 10.250
v 31.092 -2.500 10.500
v 31.250 -2.500 10.467
v 31.250 -2.523 10.500
v 31.250 2.142 10.500
v 31.250 -2.694 10.750
v 31.032 2.250 10.750
v 31.250 2.213 10.750
v 31.123 -2.750 11.000
v 31.250 -2.750 10.888
v 31.250 -2.788 11.000
v 31.250 2.250 10.888
v 31.250 2.280 11.000
v 31.250 -2.864 11.250
v 31.250 2.358 11.250
v 31.250 -2.919 11.500
v 31.040 2.500 11.500
v 31.250 2.445 11.500
v 31.250 -2.931 11.750
v 31.250 2.500 11.668
v 31.250 2.524 11.750
v 31.250 -2.934 12.000
v 31.250 2.580 12.000
v 31.250 -2.934 12.250
v 31.250 2.611 12.250
v 31.250 -2.935 12.500
v 31.250 2.621 12.500
v 31.250 -2.936 12.750
v 31.250 2.620 12.750
v 31.250 -2.932 13.000
v 31.250 2.616 13.000
v 31.250 -2.924 13.250
v 31.250 2.611 13.250
v 31.250 -2.888 13.500
v 31.250 2.604 13.500
v 31.250 -2.838 13.750
v 31.118 1.750 13.750
v 31.250 1.505 13.750
v 31.250 1.750 13.618
v 31.250 2.000 13.578
v 31.078 2.000 13.750
v 31.250 2.250 13.642
v 31.142 2.250 13.750
v 31.250 2.434 13.750
v 31.250 2.537 13.750
v 31.152 -2.750 14.000
v 31.250 -2.775 14.000
v 31.250 1.750 13.858
v 31.250 2.000 13.895
v 31.250 2.250 13.838
v 31.250 2.587 14.000
v 31.250 -2.750 14.092
v 31.250 -2.707 14.250
v 31.250 2.587 14.250
v 31.250 -2.643 14.500
v 31.200 1.750 14.500
v 31.250 1.711 14.500
v 31.250 1.750 14.462
v 31.250 2.000 14.345
v 31.054 2.000 14.500
v 31.250 2.250 14.395
v 31.115 2.250 14.500
v 31.250 2.382 14.500
v 31.250 2.563 14.500
v 31.250 -2.587 14.750
v 31.250 1.750 14.523
v 31.250 2.000 14.602
v 31.250 2.250 14.566
v 31.250 2.613 14.750
v 31.250 -2.541 15.000
v 31.250 2.628 15.000
v 31.250 -2.508 15.250
v 31.250 2.633 15.250
v 31.250 -2.500 15.386
v 31.250 -2.493 15.500
v 31.250 2.621 15.500
v 31.250 -2.491 15.750
v 31.250 2.593 15.750
v 31.250 -2.488 16.000
v 31.250 2.551 16.000
v 31.285 -0.250 8.000
v 31.286 0.000 8.000
v 31.309 -0.750 8.250
v 31.415 -0.500 8.250
v 31.466 -0.250 8.250
v 31.467 0.000 8.250
v 31.420 0.250 8.250
v 31.327 0.500 8.250
v 31.260 -1.000 8.500
v 31.426 -0.750 8.500
v 31.500 -0.561 8.500
v 31.500 -0.500 8.438
v 31.500 -0.250 8.317
v 31.500 0.000 8.315
v 31.500 0.250 8.419
v 31.452 0.500 8.500
v 31.500 0.352 8.500
v 31.329 0.750 8.500
v 31.359 -1.000 8.750
v 31.499 -0.750 8.750
v 31.500 -0.748 8.750
v 31.500 0.500 8.633
v 31.450 0.750 8.750
v 31.500 0.621 8.750
v 31.297 1.000 8.750
v 31.440 -1.000 9.000
v 31.500 -0.903 9.000
v 31.500 -0.750 8.753
v 31.500 0.750 8.879
v 31.492 1.000 9.000
v 31.500 0.980 9.000
v 31.335 1.250 9.000
v 31.370 -1.250 9.250
v 31.500 -1.250 9.200
v 31.500 -1.299 9.250
v 31.500 -1.000 9.052
v 31.500 1.000 9.010
v 31.500 1.250 9.168
v 31.326 1.500 9.250
v 31.500 1.336 9.250
v 31.356 -1.500 9.500
v 31.500 -1.500 9.404
v 31.500 -1.597 9.500
v 31.500 1.500 9.420
v 31.500 1.557 9.500
v 31.479 -1.750 9.750
v 31.500 -1.750 9.738
v 31.500 -1.764 9.750
v 31.445 1.750 9.750
v 31.500 1.728 9.750
v 31.267 -1.750 10.000
v 31.500 -1.929 10.000
v 31.500 1.750 9.783
v 31.500 1.873 10.000
v 31.500 -2.250 10.221
v 31.500 -2.288 10.250
v 31.500 -2.000 10.081
v 31.500 2.000 10.244
v 31.500 2.003 10.250
v 31.500 -2.500 10.418
v 31.500 -2.564 10.500
v 31.500 2.096 10.500
v 31.500 -2.744 10.750
v 31.500 2.167 10.750
v 31.500 -2.750 10.761
v 31.500 -2.861 11.000
v 31.399 2.250 11.000
v 31.500 2.230 11.000
v 31.500 -2.922 11.250
v 31.500 2.250 11.071
v 31.500 2.300 11.250
v 31.500 -2.929 11.500
v 31.500 2.383 11.500
v 31.500 -2.931 11.750
v 31.353 2.500 11.750
v 31.500 2.464 11.750
v 31.500 -2.933 12.000
v 31.500 2.500 11.893
v 31.500 2.524 12.000
v 31.500 -2.935 12.250
v 31.500 2.555 12.250
v 31.500 -2.936 12.500
v 31.500 2.562 12.500
v 31.500 -2.938 12.750
v 31.500 2.557 12.750
v 31.500 -2.939 13.000
v 31.500 2.552 13.000
v 31.500 -2.940 13.250
v 31.500 2.550 13.250
v 31.500 -2.939 13.500
v 31.500 2.543 13.500
v 31.500 -2.908 13.750
v 31.358 1.750 13.750
v 31.395 2.000 13.750
v 31.338 2.250 13.750
v 31.500 2.527 13.750
v 31.500 -2.834 14.000
v 31.500 2.509 14.000
v 31.487 -2.750 14.250
v 31.500 -2.752 14.250
v 31.486 2.500 14.250
v 31.500 2.495 14.250
v 31.500 2.500 14.155
v 31.500 -2.750 14.257
v 31.500 -2.674 14.500
v 31.271 1.750 14.500
v 31.344 2.000 14.500
v 31.310 2.250 14.500
v 31.500 2.490 14.500
v 31.468 2.500 14.500
v 31.500 -2.606 14.750
v 31.500 2.500 14.729
v 31.500 2.501 14.750
v 31.500 -2.552 15.000
v 31.500 2.516 15.000
v 31.500 -2.513 15.250
v 31.500 2.528 15.250
v 31.500 -2.500 15.402
v 31.500 -2.491 15.500
v 31.500 2.528 15.500
v 31.500 -2.486 15.750
v 31.500 2.510 15.750
v 31.500 -2.484 16.000
v 31.407 2.500 16.000
v 31.500 2.469 16.000
v 31.500 2.500 15.812
v 31.535 -0.500 8.500
v 31.601 -0.250 8.500
v 31.604 0.000 8.500
v 31.549 0.250 8.500
v 31.648 -0.500 8.750
v 31.695 -0.250 8.750
v 31.702 0.000 8.750
v 31.669 0.250 8.750
v 31.579 0.500 8.750
v 31.655 -1.000 9.000
v 31.750 -1.000 8.959
v 31.750 -1.061 9.000
v 31.750 -0.750 8.876
v 31.750 -0.500 8.842
v 31.750 -0.250 8.832
v 31.750 0.000 8.876
v 31.750 0.250 8.948
v 31.739 0.500 9.000
v 31.750 0.429 9.000
v 31.628 0.750 9.000
v 31.750 -1.250 9.074
v 31.750 -1.491 9.250
v 31.750 0.500 9.016
v 31.750 0.750 9.098
v 31.750 1.000 9.214
v 31.588 1.250 9.250
v 31.750 1.055 9.250
v 31.707 -1.750 9.500
v 31.750 -1.750 9.472
v 31.750 -1.780 9.500
v 31.750 -1.500 9.255
v 31.750 1.250 9.376
v 31.592 1.500 9.500
v 31.750 1.384 9.500
v 31.750 -1.987 9.750
v 31.750 1.500 9.618
v 31.750 1.602 9.750
v 31.544 -2.000 10.000
v 31.750 -2.000 9.784
v 31.750 -2.148 10.000
v 31.750 1.750 9.966
v 31.750 1.770 10.000
v 31.750 -2.250 10.183
v 31.750 -2.330 10.250
v 31.508 2.000 10.250
v 31.750 1.904 10.250
v 31.750 -2.500 10.400
v 31.750 -2.586 10.500
v 31.750 2.000 10.456
v 31.750 2.017 10.500
v 31.540 -2.750 10.750
v 31.750 -2.750 10.708
v 31.750 -2.780 10.750
v 31.750 2.101 10.750
v 31.750 -2.912 11.000
v 31.750 2.175 11.000
v 31.750 -2.927 11.250
v 31.750 2.250 11.248
v 31.750 2.251 11.250
v 31.750 -2.928 11.500
v 31.750 2.329 11.500
v 31.750 -2.929 11.750
v 31.750 2.403 11.750
v 31.750 -2.931 12.000
v 31.599 2.500 12.000
v 31.750 2.459 12.000
v 31.750 -2.934 12.250
v 31.706 2.500 12.250
v 31.750 2.487 12.250
v 31.750 -2.936 12.500
v 31.717 2.500 12.500
v 31.750 2.490 12.500
v 31.750 -2.938 12.750
v 31.695 2.500 12.750
v 31.750 2.484 12.750
v 31.750 -2.939 13.000
v 31.684 2.500 13.000
v 31.750 2.481 13.000
v 31.750 -2.940 13.250
v 31.685 2.500 13.250
v 31.750 2.483 13.250
v 31.750 -2.941 13.500
v 31.668 2.500 13.500
v 31.750 2.479 13.500
v 31.750 -2.939 13.750
v 31.605 2.500 13.750
v 31.750 2.462 13.750
v 31.750 -2.881 14.000
v 31.531 2.500 14.000
v 31.750 2.437 14.000
v 31.750 -2.789 14.250
v 31.750 2.413 14.250
v 31.750 -2.750 14.362
v 31.750 -2.701 14.500
v 31.750 2.399 14.500
v 31.750 -2.626 14.750
v 31.502 2.500 14.750
v 31.750 2.396 14.750
v 31.750 -2.565 15.000
v 31.535 2.500 15.000
v 31.750 2.402 15.000
v 31.750 -2.521 15.250
v 31.563 2.500 15.250
v 31.750 2.415 15.250
v 31.750 -2.500 15.439
v 31.750 -2.493 15.500
v 31.568 2.500 15.500
v 31.750 2.421 15.500
v 31.750 -2.481 15.750
v 31.527 2.500 15.750
v 31.750 2.410 15.750
v 31.750 -2.480 16.000
v 31.750 2.373 16.000
v 31.929 -1.250 9.000
v 32.000 -1.250 8.963
v 32.000 -1.299 9.000
v 32.000 -1.000 8.851
v 32.000 -0.750 8.795
v 32.000 -0.500 8.782
v 32.000 -0.250 8.808
v 32.000 0.000 8.882
v 31.869 0.250 9.000
v 32.000 0.206 9.000
v 31.762 -1.500 9.250
v 32.000 -1.500 9.121
v 32.000 -1.641 9.250
v 32.000 0.250 9.021
v 32.000 0.500 9.131
v 32.000 0.750 9.230
v 31.806 1.000 9.250
v 32.000 0.786 9.250
v 32.000 -1.750 9.343
v 32.000 -1.901 9.500
v 32.000 1.000 9.364
v 31.924 1.250 9.500
v 32.000 1.183 9.500
v 31.776 -2.000 9.750
v 32.000 -2.000 9.616
v 32.000 -2.113 9.750
v 32.000 1.250 9.553
v 31.918 1.500 9.750
v 32.000 1.443 9.750
v 32.000 -2.249 10.000
v 32.000 1.500 9.817
v 31.787 1.750 10.000
v 32.000 1.626 10.000
v 32.000 -2.250 10.002
v 32.000 -2.404 10.250
v 32.000 1.750 10.205
v 32.000 1.774 10.250
v 32.000 -2.500 10.413
v 32.000 -2.583 10.500
v 31.790 2.000 10.500
v 32.000 1.897 10.500
v 32.000 -2.750 10.690
v 32.000 -2.798 10.750
v 32.000 2.000 10.722
v 32.000 2.011 10.750
v 32.000 -2.908 11.000
v 32.000 2.109 11.000
v 32.000 -2.924 11.250
v 31.753 2.250 11.250
v 32.000 2.197 11.250
v 32.000 -2.927 11.500
v 32.000 2.250 11.419
v 32.000 2.273 11.500
v 32.000 -2.928 11.750
v 32.000 2.334 11.750
v 32.000 -2.930 12.000
v 32.000 2.378 12.000
v 32.000 -2.932 12.250
v 32.000 2.401 12.250
v 32.000 -2.934 12.500
v 32.000 2.405 12.500
v 32.000 -2.936 12.750
v 32.000 2.403 12.750
v 32.000 -2.937 13.000
v 32.000 2.406 13.000
v 32.000 -2.938 13.250
v 32.000 2.409 13.250
v 32.000 -2.939 13.500
v 32.000 2.407 13.500
v 32.000 -2.940 13.750
v 32.000 2.393 13.750
v 32.000 -2.916 14.000
v 32.000 2.370 14.000
v 32.000 -2.821 14.250
v 32.000 2.345 14.250
v 32.000 -2.750 14.451
v 32.000 -2.732 14.500
v 32.000 2.324 14.500
v 32.000 -2.653 14.750
v 32.000 2.309 14.750
v 32.000 -2.588 15.000
v 32.000 2.303 15.000
v 32.000 -2.536 15.250
v 32.000 2.305 15.250
v 32.000 -2.500 15.494
v 32.000 -2.499 15.500
v 32.000 2.306 15.500
v 32.000 -2.478 15.750
v 32.000 2.295 15.750
v 32.000 -2.476 16.000
v 32.000 2.261 16.000
vn 0.851 0.263 0.455
vn 0.839 0.268 0.473
vn 0.831 0.323 0.453
vn 0.889 0.020 0.458
vn 0.869 0.030 0.494
vn 0.885 -0.132 0.447
vn 0.874 -0.130 0.469
vn 0.871 -0.214 0.443
vn 0.802 0.458 0.383
vn 0.793 0.461 0.400
vn 0.791 0.478 0.382
vn 0.878 0.258 0.404
vn 0.906 0.017 0.423
vn 0.896 -0.136 0.423
vn 0.869 -0.225 0.440
vn 0.883 -0.229 0.411
vn 0.856 -0.337 0.391
vn 0.850 -0.337 0.405
vn 0.843 -0.374 0.387
vn 0.780 0.054 0.623
vn 0.780 0.054 0.624
vn 0.780 0.059 0.623
vn 0.781 0.043 0.624
vn 0.799 0.281 0.532
vn 0.760 0.286 0.584
vn 0.723 0.464 0.513
vn 0.845 0.041 0.534
vn 0.782 -0.118 0.612
vn 0.844 -0.125 0.521
vn 0.821 -0.235 0.521
vn 0.781 -0.237 0.578
vn 0.776 -0.355 0.521
vn 0.772 -0.355 0.526
vn 0.771 -0.366 0.521
vn 0.767 0.464 0.443
vn 0.722 0.467 0.511
vn 0.719 0.535 0.444
vn 0.868 -0.225 0.443
vn 0.827 -0.342 0.446
vn 0.747 -0.486 0.454
vn 0.756 -0.484 0.441
vn 0.742 -0.507 0.439
vn 0.710 0.578 0.404
vn 0.705 0.556 0.439
vn 0.514 0.807 0.293
vn 0.795 -0.473 0.379
vn 0.716 -0.586 0.379
vn 0.743 0.044 0.668
vn 0.742 0.042 0.669
vn 0.735 0.193 0.650
vn 0.733 -0.117 0.670
vn 0.733 -0.118 0.670
vn 0.730 -0.137 0.669
vn 0.685 0.460 0.565
vn 0.678 0.459 0.573
vn 0.673 0.482 0.561
vn 0.748 0.284 0.600
vn 0.724 0.275 0.632
vn 0.776 -0.117 0.620
vn 0.720 -0.226 0.656
vn 0.756 -0.234 0.611
vn 0.725 -0.345 0.595
vn 0.710 -0.340 0.617
vn 0.703 -0.410 0.581
vn 0.676 0.544 0.498
vn 0.666 0.543 0.512
vn 0.637 0.606 0.477
vn 0.721 0.467 0.512
vn 0.718 -0.483 0.501
vn 0.695 -0.474 0.541
vn 0.678 -0.556 0.481
vn 0.699 0.567 0.436
vn 0.294 0.943 0.157
vn 0.678 -0.603 0.421
vn 0.664 -0.601 0.445
vn 0.650 -0.636 0.415
vn 0.069 0.998 -0.008
vn 0.707 -0.598 0.377
vn 0.623 -0.694 0.361
vn 0.723 0.275 0.634
vn 0.724 0.274 0.633
vn 0.719 0.293 0.631
vn 0.748 0.035 0.663
vn 0.748 0.031 0.663
vn 0.739 -0.126 0.662
vn 0.739 -0.128 0.661
vn 0.728 -0.189 0.659
vn 0.665 0.457 0.591
vn 0.662 0.458 0.592
vn 0.649 0.491 0.581
vn 0.723 0.274 0.634
vn 0.717 -0.225 0.659
vn 0.719 -0.233 0.655
vn 0.694 -0.333 0.639
vn 0.691 -0.334 0.641
vn 0.665 -0.420 0.618
vn 0.640 0.541 0.546
vn 0.632 0.540 0.556
vn 0.562 0.672 0.482
vn 0.679 -0.468 0.565
vn 0.654 -0.457 0.602
vn 0.614 -0.583 0.532
vn 0.181 0.979 0.095
vn 0.648 -0.601 0.469
vn 0.610 -0.598 0.519
vn 0.585 -0.671 0.456
vn 0.042 0.999 -0.024
vn 0.584 -0.708 0.397
vn 0.567 -0.710 0.417
vn 0.552 -0.737 0.390
vn 0.021 0.999 -0.032
vn 0.616 -0.702 0.358
vn 0.511 -0.796 0.324
vn 0.735 0.266 0.623
vn 0.729 0.263 0.632
vn 0.717 0.340 0.608
vn 0.756 0.024 0.654
vn 0.748 0.023 0.663
vn 0.751 -0.131 0.648
vn 0.749 -0.126 0.650
vn 0.743 -0.234 0.627
vn 0.743 -0.233 0.627
vn 0.743 -0.239 0.625
vn 0.671 0.461 0.580
vn 0.677 0.459 0.575
vn 0.660 0.504 0.557
vn 0.721 -0.234 0.653
vn 0.717 -0.337 0.610
vn 0.699 -0.339 0.630
vn 0.674 -0.437 0.596
vn 0.628 0.539 0.562
vn 0.637 0.538 0.552
vn 0.533 0.706 0.466
vn 0.650 -0.458 0.607
vn 0.664 -0.457 0.592
vn 0.584 -0.595 0.552
vn 0.137 0.988 0.074
vn 0.603 -0.599 0.526
vn 0.582 -0.599 0.550
vn 0.525 -0.697 0.489
vn 0.032 0.999 -0.029
vn 0.535 -0.719 0.443
vn 0.506 -0.727 0.464
vn 0.471 -0.772 0.427
vn 0.026 0.999 -0.032
vn 0.419 -0.836 0.355
vn 0.026 0.999 -0.033
vn 0.402 -0.854 0.331
vn 0.438 -0.847 0.301
vn 0.368 -0.886 0.281
vn 0.711 0.257 0.655
vn 0.707 0.258 0.659
vn 0.685 0.364 0.631
vn 0.741 0.028 0.671
vn 0.744 0.045 0.667
vn 0.753 -0.111 0.649
vn 0.763 -0.091 0.640
vn 0.757 -0.211 0.618
vn 0.762 -0.204 0.614
vn 0.752 -0.267 0.602
vn 0.678 0.457 0.576
vn 0.665 0.444 0.601
vn 0.655 0.515 0.553
vn 0.731 -0.334 0.594
vn 0.742 -0.320 0.589
vn 0.699 -0.454 0.552
vn 0.699 -0.454 0.552
vn 0.692 -0.473 0.546
vn 0.647 0.538 0.540
vn 0.649 0.531 0.544
vn 0.502 0.765 0.403
vn 0.668 -0.458 0.586
vn 0.614 -0.606 0.506
vn 0.612 -0.606 0.508
vn 0.606 -0.618 0.501
vn 0.124 0.991 0.043
vn 0.582 -0.599 0.550
vn 0.511 -0.715 0.477
vn 0.031 0.999 -0.028
vn 0.492 -0.733 0.470
vn 0.484 -0.743 0.463
vn 0.430 -0.791 0.435
vn 0.031 0.999 -0.032
vn 0.357 -0.857 0.371
vn 0.032 0.999 -0.033
vn 0.339 -0.872 0.352
vn 0.381 -0.860 0.340
vn 0.286 -0.909 0.303
vn 0.032 0.999 -0.032
vn 0.222 -0.948 0.229
vn 0.698 0.270 0.664
vn 0.704 0.280 0.653
vn 0.669 0.374 0.642
vn 0.742 0.066 0.667
vn 0.747 0.094 0.658
vn 0.765 -0.072 0.640
vn 0.765 -0.052 0.642
vn 0.760 -0.198 0.619
vn 0.753 -0.201 0.627
vn 0.715 -0.338 0.612
vn 0.714 -0.339 0.613
vn 0.711 -0.346 0.612
vn 0.659 0.440 0.610
vn 0.652 0.430 0.625
vn 0.639 0.509 0.576
vn 0.741 -0.321 0.590
vn 0.665 -0.475 0.577
vn 0.680 -0.465 0.566
vn 0.644 -0.527 0.554
vn 0.646 0.532 0.547
vn 0.639 0.510 0.575
vn 0.411 0.850 0.330
vn 0.605 -0.620 0.500
vn 0.593 -0.625 0.507
vn 0.571 -0.664 0.484
vn 0.114 0.993 0.031
vn 0.212 0.969 0.129
vn 0.087 0.996 0.006
vn 0.496 -0.752 0.434
vn 0.044 0.999 -0.015
vn 0.028 0.999 -0.024
vn 0.479 -0.767 0.428
vn 0.484 -0.750 0.452
vn 0.424 -0.812 0.401
vn 0.035 0.999 -0.031
vn 0.338 -0.869 0.361
vn 0.035 0.999 -0.030
vn 0.310 -0.889 0.338
vn 0.329 -0.877 0.350
vn 0.256 -0.919 0.301
vn 0.038 0.999 -0.031
vn 0.175 -0.957 0.231
vn 0.037 0.999 -0.034
vn 0.098 -0.982 0.162
vn 0.702 0.291 0.649
vn 0.689 0.297 0.661
vn 0.666 0.399 0.630
vn 0.740 0.103 0.665
vn 0.706 0.110 0.699
vn 0.753 -0.050 0.656
vn 0.705 -0.051 0.707
vn 0.728 -0.214 0.651
vn 0.690 -0.229 0.687
vn 0.660 -0.383 0.646
vn 0.654 -0.387 0.650
vn 0.648 -0.407 0.644
vn 0.634 0.496 0.593
vn 0.634 0.496 0.593
vn 0.633 0.499 0.592
vn 0.650 0.429 0.627
vn 0.654 0.434 0.620
vn 0.625 -0.496 0.603
vn 0.607 -0.509 0.610
vn 0.585 -0.559 0.588
vn 0.415 0.834 0.362
vn 0.418 0.830 0.369
vn 0.352 0.887 0.300
vn 0.639 0.510 0.575
vn 0.563 -0.636 0.528
vn 0.546 -0.641 0.539
vn 0.519 -0.690 0.504
vn 0.327 0.912 0.248
vn 0.051 0.999 -0.017
vn 0.455 -0.783 0.424
vn 0.031 0.999 -0.023
vn 0.449 -0.789 0.420
vn 0.475 -0.772 0.423
vn 0.397 -0.836 0.378
vn 0.028 0.999 -0.023
vn 0.029 0.999 -0.021
vn 0.332 -0.881 0.337
vn 0.033 0.999 -0.023
vn 0.033 0.999 -0.023
vn 0.301 -0.901 0.314
vn 0.307 -0.893 0.329
vn 0.259 -0.924 0.282
vn 0.033 0.999 -0.023
vn 0.039 0.999 -0.029
vn 0.174 -0.960 0.220
vn 0.040 0.999 -0.030
vn 0.092 -0.984 0.152
vn 0.041 0.999 -0.034
vn 0.014 -0.996 0.087
vn 0.648 0.297 0.701
vn 0.594 0.295 0.748
vn 0.596 0.403 0.694
vn 0.680 0.106 0.725
vn 0.589 0.097 0.802
vn 0.681 -0.055 0.730
vn 0.584 -0.057 0.810
vn 0.644 -0.238 0.727
vn 0.585 -0.234 0.776
vn 0.585 -0.404 0.703
vn 0.583 -0.404 0.705
vn 0.582 -0.410 0.702
vn 0.593 0.504 0.628
vn 0.587 0.506 0.632
vn 0.587 0.509 0.629
vn 0.647 0.435 0.626
vn 0.590 0.446 0.673
vn 0.577 -0.519 0.630
vn 0.564 -0.523 0.639
vn 0.554 -0.557 0.618
vn 0.441 0.799 0.408
vn 0.432 0.800 0.417
vn 0.346 0.885 0.313
vn 0.532 -0.639 0.556
vn 0.526 -0.637 0.563
vn 0.508 -0.680 0.529
vn 0.036 0.999 -0.016
vn 0.445 -0.784 0.434
vn 0.030 0.999 -0.021
vn 0.441 -0.788 0.430
vn 0.447 -0.790 0.419
vn 0.388 -0.845 0.368
vn 0.031 0.999 -0.019
vn 0.329 -0.888 0.320
vn 0.033 0.999 -0.021
vn 0.299 -0.907 0.298
vn 0.300 -0.903 0.307
vn 0.264 -0.926 0.270
vn 0.033 0.999 -0.021
vn 0.191 -0.960 0.207
vn 0.036 0.999 -0.025
vn 0.036 0.999 -0.024
vn 0.113 -0.984 0.139
vn 0.037 0.999 -0.026
vn 0.039 0.999 -0.029
vn 0.035 -0.997 0.074
vn 0.039 0.999 -0.035
vn -0.041 -0.999 0.010
vn 0.479 0.281 0.831
vn 0.463 0.280 0.841
vn 0.463 0.307 0.831
vn 0.511 0.087 0.855
vn 0.458 0.085 0.885
vn 0.513 -0.056 0.857
vn 0.455 -0.050 0.889
vn 0.490 -0.216 0.845
vn 0.466 -0.209 0.860
vn 0.476 -0.270 0.837
vn 0.566 0.447 0.692
vn 0.468 0.446 0.763
vn 0.482 0.506 0.715
vn 0.492 -0.373 0.787
vn 0.523 -0.515 0.679
vn 0.511 -0.512 0.691
vn 0.510 -0.532 0.676
vn 0.424 0.771 0.475
vn 0.411 0.776 0.478
vn 0.387 0.812 0.437
vn 0.484 0.517 0.706
vn 0.506 -0.631 0.588
vn 0.493 -0.633 0.597
vn 0.483 -0.659 0.576
vn 0.039 0.999 0.036
vn 0.437 -0.766 0.472
vn 0.032 0.999 -0.022
vn 0.434 -0.772 0.465
vn 0.441 -0.787 0.431
vn 0.398 -0.838 0.374
vn 0.035 0.999 -0.023
vn 0.348 -0.886 0.307
vn 0.034 0.999 -0.020
vn 0.323 -0.902 0.286
vn 0.307 -0.906 0.293
vn 0.286 -0.924 0.255
vn 0.034 0.999 -0.019
vn 0.214 -0.957 0.196
vn 0.034 0.999 -0.020
vn 0.137 -0.982 0.131
vn 0.033 0.999 -0.023
vn 0.064 -0.996 0.065
vn 0.037 0.999 -0.028
vn 0.034 0.999 -0.027
vn -0.007 -1.000 -0.000
vn 0.036 0.999 -0.030
vn 0.037 0.999 -0.031
vn -0.093 -0.993 -0.078
vn 0.396 0.436 0.808
vn 0.384 0.435 0.815
vn 0.385 0.444 0.809
vn 0.385 0.268 0.883
vn 0.385 0.075 0.920
vn 0.382 -0.042 0.923
vn 0.389 -0.180 0.904
vn 0.457 -0.354 0.816
vn 0.409 -0.330 0.851
vn 0.424 -0.428 0.798
vn 0.469 0.516 0.717
vn 0.397 0.511 0.762
vn 0.437 0.583 0.685
vn 0.432 -0.487 0.759
vn 0.425 -0.631 0.649
vn 0.297 0.836 0.461
vn 0.082 0.984 0.157
vn 0.424 -0.634 0.646
vn 0.386 -0.745 0.544
vn 0.028 0.999 -0.017
vn 0.378 -0.769 0.516
vn 0.431 -0.771 0.469
vn 0.364 -0.821 0.440
vn 0.031 0.999 -0.021
vn 0.347 -0.875 0.337
vn 0.036 0.999 -0.019
vn 0.338 -0.886 0.316
vn 0.334 -0.897 0.288
vn 0.311 -0.917 0.251
vn 0.038 0.999 -0.019
vn 0.249 -0.952 0.180
vn 0.037 0.999 -0.021
vn 0.172 -0.978 0.116
vn 0.036 0.999 -0.022
vn 0.095 -0.994 0.056
vn 0.035 0.999 -0.024
vn 0.021 -1.000 -0.006
vn 0.036 0.999 -0.024
vn -0.059 -0.995 -0.083
vn 0.037 0.999 -0.031
vn 0.036 0.999 -0.029
vn -0.164 -0.968 -0.191
vn 0.361 0.072 0.930
vn 0.357 0.071 0.931
vn 0.352 0.183 0.918
vn 0.363 -0.039 0.931
vn 0.358 -0.040 0.933
vn 0.358 -0.148 0.922
vn 0.353 0.418 0.837
vn 0.359 0.481 0.800
vn 0.348 0.256 0.902
vn 0.358 -0.162 0.920
vn 0.361 -0.299 0.883
vn 0.405 -0.474 0.782
vn 0.366 -0.456 0.811
vn 0.366 -0.530 0.765
vn 0.368 0.733 0.571
vn 0.303 0.761 0.573
vn 0.216 0.886 0.411
vn 0.362 0.493 0.791
vn 0.422 -0.634 0.648
vn 0.359 -0.629 0.689
vn 0.349 -0.703 0.619
vn 0.026 1.000 0.007
vn 0.361 -0.766 0.532
vn 0.333 -0.766 0.549
vn 0.327 -0.790 0.518
vn 0.028 0.999 -0.015
vn 0.313 -0.849 0.425
vn 0.034 0.999 -0.014
vn 0.307 -0.869 0.389
vn 0.336 -0.882 0.331
vn 0.296 -0.903 0.311
vn 0.038 0.999 -0.016
vn 0.259 -0.945 0.199
vn 0.039 0.999 -0.019
vn 0.203 -0.973 0.108
vn 0.040 0.999 -0.021
vn 0.134 -0.990 0.037
vn 0.041 0.999 -0.023
vn 0.056 -0.998 -0.023
vn 0.043 0.999 -0.023
vn -0.031 -0.995 -0.090
vn 0.041 0.999 -0.026
vn -0.134 -0.974 -0.184
vn 0.040 0.999 -0.027
vn -0.258 -0.913 -0.317
vn 0.348 0.254 0.903
vn 0.349 0.244 0.905
vn 0.354 0.360 0.863
vn 0.357 0.071 0.931
vn 0.360 -0.037 0.932
vn 0.358 -0.162 0.920
vn 0.360 -0.157 0.920
vn 0.353 -0.291 0.889
vn 0.351 -0.288 0.891
vn 0.347 -0.336 0.876
vn 0.360 0.488 0.796
vn 0.363 0.474 0.802
vn 0.390 0.535 0.749
vn 0.355 0.393 0.849
vn 0.337 -0.440 0.832
vn 0.331 -0.606 0.723
vn 0.328 -0.604 0.726
vn 0.329 -0.611 0.720
vn 0.276 0.789 0.549
vn 0.054 0.982 0.181
vn 0.336 -0.738 0.585
vn 0.030 0.999 -0.012
vn 0.336 -0.740 0.583
vn 0.331 -0.806 0.490
vn 0.032 0.999 -0.009
vn 0.314 -0.847 0.429
vn 0.305 -0.859 0.411
vn 0.299 -0.872 0.388
vn 0.035 0.999 -0.012
vn 0.253 -0.930 0.268
vn 0.037 0.999 -0.014
vn 0.204 -0.968 0.149
vn 0.039 0.999 -0.016
vn 0.151 -0.987 0.047
vn 0.042 0.999 -0.018
vn 0.091 -0.995 -0.034
vn 0.045 0.999 -0.019
vn 0.014 -0.994 -0.110
vn 0.048 0.999 -0.024
vn -0.091 -0.976 -0.197
vn 0.049 0.998 -0.026
vn -0.222 -0.924 -0.310
vn 0.045 0.998 -0.032
vn -0.349 -0.829 -0.437
vn -0.353 -0.825 -0.441
vn -0.349 -0.829 -0.437
vn 0.357 0.387 0.851
vn 0.366 0.372 0.853
vn 0.367 0.424 0.828
vn 0.361 0.227 0.904
vn 0.366 0.070 0.928
vn 0.369 -0.031 0.929
vn 0.370 -0.150 0.917
vn 0.362 -0.286 0.887
vn 0.338 -0.434 0.835
vn 0.340 -0.432 0.835
vn 0.337 -0.458 0.823
vn 0.371 0.676 0.637
vn 0.343 0.701 0.625
vn 0.279 0.818 0.503
vn 0.373 0.461 0.805
vn 0.325 -0.576 0.750
vn 0.338 -0.637 0.693
vn 0.037 0.999 0.036
vn 0.348 -0.694 0.631
vn 0.336 -0.739 0.584
vn 0.367 -0.739 0.564
vn 0.037 0.999 -0.014
vn 0.352 -0.819 0.453
vn 0.364 -0.810 0.461
vn 0.359 -0.824 0.439
vn 0.036 0.999 -0.009
vn 0.302 -0.898 0.320
vn 0.037 0.999 -0.009
vn 0.234 -0.951 0.202
vn 0.038 0.999 -0.011
vn 0.168 -0.982 0.090
vn 0.040 0.999 -0.013
vn 0.145 -0.988 0.052
vn 0.115 -0.993 0.001
vn 0.107 -0.994 -0.010
vn 0.042 0.999 -0.015
vn 0.044 -0.994 -0.101
vn 0.082 -0.996 -0.046
vn 0.047 0.999 -0.016
vn -0.035 -0.979 -0.201
vn 0.052 0.998 -0.019
vn -0.150 -0.934 -0.324
vn 0.052 0.998 -0.030
vn -0.294 -0.843 -0.450
vn -0.109 0.973 -0.203
vn -0.417 -0.726 -0.547
vn -0.317 -0.825 -0.468
vn 0.388 0.217 0.896
vn 0.402 0.215 0.890
vn 0.395 0.260 0.881
vn 0.382 0.070 0.921
vn 0.414 0.069 0.908
vn 0.382 -0.029 0.924
vn 0.416 -0.027 0.909
vn 0.390 -0.146 0.909
vn 0.411 -0.143 0.900
vn 0.397 -0.246 0.884
vn 0.367 0.450 0.814
vn 0.366 0.449 0.815
vn 0.369 0.482 0.795
vn 0.384 0.357 0.852
vn 0.392 -0.282 0.876
vn 0.365 -0.431 0.825
vn 0.341 -0.534 0.774
vn 0.290 0.723 0.628
vn 0.098 0.964 0.248
vn 0.339 -0.552 0.762
vn 0.349 -0.650 0.676
vn 0.348 -0.643 0.682
vn 0.350 -0.650 0.674
vn 0.041 0.999 -0.021
vn 0.370 -0.757 0.538
vn 0.043 0.999 -0.013
vn 0.370 -0.761 0.533
vn 0.349 -0.857 0.380
vn 0.043 0.999 -0.009
vn 0.300 -0.923 0.239
vn 0.043 0.999 -0.009
vn 0.263 -0.950 0.171
vn 0.234 -0.961 0.147
vn 0.234 -0.964 0.122
vn 0.042 0.999 -0.010
vn 0.167 -0.982 0.083
vn 0.158 -0.987 0.016
vn 0.042 0.999 -0.012
vn 0.076 -0.994 -0.079
vn 0.043 0.999 -0.010
vn -0.007 -0.985 -0.171
vn 0.003 -0.987 -0.160
vn 0.048 0.999 -0.010
vn -0.094 -0.952 -0.292
vn 0.050 0.999 -0.019
vn -0.198 -0.873 -0.445
vn -0.044 0.984 -0.174
vn -0.299 -0.821 -0.486
vn -0.309 -0.758 -0.575
vn -0.258 -0.813 -0.523
vn -0.297 0.841 -0.453
vn -0.288 0.863 -0.415
vn -0.451 0.648 -0.613
vn -0.407 -0.675 -0.615
vn -0.405 -0.655 -0.638
vn -0.387 -0.675 -0.627
vn 0.404 0.360 0.841
vn 0.432 0.369 0.823
vn 0.404 0.407 0.819
vn 0.486 0.223 0.845
vn 0.506 0.070 0.860
vn 0.505 -0.028 0.862
vn 0.494 -0.146 0.857
vn 0.399 -0.282 0.872
vn 0.467 -0.288 0.836
vn 0.417 -0.427 0.802
vn 0.402 0.608 0.685
vn 0.406 0.619 0.673
vn 0.382 0.676 0.630
vn 0.382 0.461 0.801
vn 0.416 -0.431 0.800
vn 0.345 -0.548 0.762
vn 0.380 -0.542 0.749
vn 0.366 -0.575 0.732
vn 0.048 0.996 0.079
vn 0.357 -0.623 0.696
vn 0.344 -0.678 0.649
vn 0.052 0.998 -0.018
vn 0.334 -0.735 0.591
vn 0.369 -0.759 0.537
vn 0.327 -0.797 0.508
vn 0.055 0.998 -0.012
vn 0.314 -0.888 0.337
vn 0.054 0.998 -0.010
vn 0.308 -0.903 0.300
vn 0.297 -0.930 0.218
vn 0.292 -0.939 0.184
vn 0.054 0.999 -0.010
vn 0.244 -0.969 0.049
vn 0.052 0.999 -0.012
vn 0.164 -0.984 -0.072
vn 0.050 0.999 -0.011
vn 0.060 -0.983 -0.174
vn 0.048 0.999 -0.008
vn -0.053 -0.963 -0.265
vn -0.028 -0.969 -0.244
vn 0.049 0.999 -0.009
vn -0.147 -0.914 -0.378
vn 0.044 0.994 -0.101
vn -0.208 -0.830 -0.518
vn -0.308 0.792 -0.526
vn -0.238 -0.719 -0.653
vn -0.212 -0.817 -0.536
vn -0.328 0.770 -0.548
vn -0.401 0.601 -0.692
vn -0.403 0.600 -0.691
vn -0.401 0.600 -0.693
vn -0.293 -0.615 -0.732
vn -0.250 -0.688 -0.681
vn 0.543 0.233 0.807
vn 0.587 0.238 0.774
vn 0.543 0.343 0.766
vn 0.543 0.071 0.836
vn 0.609 0.068 0.790
vn 0.539 -0.030 0.842
vn 0.607 -0.032 0.794
vn 0.546 -0.147 0.825
vn 0.602 -0.142 0.785
vn 0.570 -0.285 0.771
vn 0.584 -0.283 0.761
vn 0.577 -0.308 0.756
vn 0.402 0.471 0.785
vn 0.431 0.485 0.761
vn 0.412 0.490 0.768
vn 0.515 0.403 0.757
vn 0.418 -0.431 0.799
vn 0.535 -0.428 0.728
vn 0.478 -0.516 0.711
vn 0.353 0.662 0.661
vn 0.155 0.927 0.341
vn 0.472 -0.529 0.705
vn 0.406 -0.609 0.682
vn 0.424 -0.607 0.672
vn 0.416 -0.616 0.669
vn 0.059 0.998 -0.008
vn 0.349 -0.718 0.602
vn 0.358 -0.717 0.598
vn 0.351 -0.727 0.591
vn 0.066 0.998 -0.014
vn 0.315 -0.823 0.473
vn 0.070 0.997 -0.010
vn 0.310 -0.858 0.410
vn 0.311 -0.890 0.332
vn 0.313 -0.896 0.316
vn 0.072 0.997 -0.009
vn 0.299 -0.943 0.146
vn 0.071 0.997 -0.011
vn 0.256 -0.967 -0.014
vn 0.068 0.998 -0.014
vn 0.183 -0.970 -0.162
vn 0.064 0.998 -0.015
vn 0.074 -0.955 -0.288
vn 0.060 0.998 -0.011
vn -0.056 -0.926 -0.372
vn -0.010 -0.939 -0.344
vn 0.057 0.998 -0.013
vn -0.143 -0.886 -0.441
vn -0.066 0.953 -0.294
vn -0.190 -0.829 -0.526
vn -0.159 -0.827 -0.539
vn -0.160 -0.846 -0.509
vn -0.257 0.778 -0.573
vn -0.323 0.764 -0.558
vn -0.334 0.631 -0.701
vn -0.120 -0.727 -0.676
vn -0.316 0.638 -0.702
vn -0.310 0.607 -0.732
vn -0.151 -0.588 -0.794
vn -0.132 -0.582 -0.802
vn -0.130 -0.588 -0.799
vn -0.118 -0.717 -0.687
vn 0.652 0.245 0.717
vn 0.663 0.245 0.707
vn 0.648 0.301 0.700
vn 0.663 0.067 0.745
vn 0.690 0.066 0.721
vn 0.666 -0.026 0.746
vn 0.699 -0.022 0.715
vn 0.684 -0.118 0.720
vn 0.710 -0.107 0.696
vn 0.716 -0.231 0.658
vn 0.716 -0.231 0.658
vn 0.716 -0.232 0.658
vn 0.534 0.411 0.739
vn 0.597 0.432 0.676
vn 0.530 0.502 0.683
vn 0.610 -0.415 0.675
vn 0.686 -0.389 0.615
vn 0.645 -0.471 0.602
vn 0.482 0.580 0.656
vn 0.499 0.587 0.637
vn 0.480 0.627 0.613
vn 0.516 0.515 0.684
vn 0.488 -0.526 0.697
vn 0.624 -0.503 0.598
vn 0.565 -0.564 0.602
vn 0.074 0.990 0.116
vn 0.555 -0.580 0.596
vn 0.484 -0.668 0.565
vn 0.071 0.997 -0.009
vn 0.468 -0.694 0.547
vn 0.411 -0.757 0.508
vn 0.079 0.997 -0.006
vn 0.383 -0.804 0.455
vn 0.343 -0.825 0.449
vn 0.373 -0.823 0.429
vn 0.085 0.996 -0.005
vn 0.355 -0.892 0.280
vn 0.088 0.996 -0.008
vn 0.318 -0.943 0.098
vn 0.089 0.996 -0.013
vn 0.270 -0.960 -0.069
vn 0.087 0.996 -0.018
vn 0.219 -0.948 -0.231
vn 0.083 0.996 -0.019
vn 0.143 -0.912 -0.383
vn 0.080 0.997 -0.014
vn 0.034 -0.883 -0.469
vn 0.073 -0.891 -0.448
vn 0.059 0.991 -0.118
vn -0.043 -0.875 -0.482
vn -0.301 0.745 -0.595
vn -0.043 -0.847 -0.530
vn -0.047 -0.867 -0.495
vn -0.315 0.721 -0.618
vn -0.264 0.667 -0.697
vn 0.006 -0.753 -0.658
vn -0.260 0.669 -0.697
vn -0.241 0.614 -0.751
vn -0.009 -0.546 -0.838
vn -0.003 -0.569 -0.822
vn 0.006 -0.751 -0.660
vn 0.691 0.258 0.675
vn 0.691 0.263 0.673
vn 0.679 0.312 0.664
vn 0.730 0.084 0.678
vn 0.740 0.099 0.665
vn 0.750 0.002 0.662
vn 0.770 0.016 0.638
vn 0.766 -0.073 0.638
vn 0.782 -0.064 0.621
vn 0.772 -0.182 0.609
vn 0.774 -0.179 0.607
vn 0.762 -0.269 0.589
vn 0.619 0.435 0.653
vn 0.634 0.442 0.635
vn 0.604 0.501 0.619
vn 0.728 -0.366 0.580
vn 0.747 -0.341 0.570
vn 0.707 -0.482 0.517
vn 0.707 -0.482 0.517
vn 0.707 -0.482 0.517
vn 0.529 0.518 0.672
vn 0.586 0.528 0.614
vn 0.554 0.544 0.631
vn 0.652 -0.496 0.573
vn 0.657 -0.554 0.512
vn 0.532 0.595 0.603
vn 0.209 0.946 0.249
vn 0.574 -0.573 0.585
vn 0.655 -0.556 0.512
vn 0.600 -0.627 0.497
vn 0.082 0.997 0.005
vn 0.498 -0.681 0.537
vn 0.587 -0.646 0.488
vn 0.538 -0.707 0.460
vn 0.086 0.996 -0.002
vn 0.465 -0.764 0.448
vn 0.501 -0.751 0.431
vn 0.483 -0.765 0.425
vn 0.091 0.996 0.001
vn 0.429 -0.828 0.361
vn 0.096 0.995 -0.000
vn 0.384 -0.892 0.240
vn 0.374 -0.901 0.222
vn 0.372 -0.904 0.211
vn 0.101 0.995 -0.003
vn 0.322 -0.944 0.072
vn 0.314 -0.949 0.039
vn 0.105 0.994 -0.011
vn 0.276 -0.957 -0.087
vn 0.276 -0.955 -0.105
vn 0.106 0.994 -0.020
vn 0.260 -0.932 -0.253
vn 0.265 -0.939 -0.218
vn 0.107 0.994 -0.022
vn 0.243 -0.876 -0.416
vn 0.105 0.994 -0.034
vn 0.208 -0.828 -0.521
vn 0.212 -0.829 -0.517
vn 0.022 0.957 -0.288
vn 0.154 -0.848 -0.508
vn -0.177 0.751 -0.636
vn -0.298 0.716 -0.631
vn -0.214 0.673 -0.708
vn 0.139 -0.847 -0.513
vn 0.144 -0.854 -0.499
vn -0.197 0.692 -0.695
vn -0.245 0.676 -0.695
vn -0.198 0.680 -0.706
vn 0.148 -0.759 -0.634
vn -0.188 0.633 -0.751
vn -0.240 0.614 -0.751
vn -0.200 0.573 -0.795
vn 0.101 -0.513 -0.853
vn 0.104 -0.522 -0.847
vn 0.146 -0.738 -0.659
vn 0.680 0.302 0.668
vn 0.672 0.311 0.672
vn 0.661 0.354 0.661
vn 0.744 0.139 0.654
vn 0.713 0.172 0.679
vn 0.778 0.037 0.627
vn 0.711 0.060 0.701
vn 0.784 -0.062 0.618
vn 0.702 -0.077 0.708
vn 0.755 -0.193 0.626
vn 0.707 -0.215 0.674
vn 0.697 -0.347 0.628
vn 0.696 -0.347 0.628
vn 0.696 -0.349 0.627
vn 0.639 0.441 0.631
vn 0.627 0.448 0.637
vn 0.617 0.497 0.610
vn 0.744 -0.339 0.575
vn 0.681 -0.471 0.561
vn 0.689 -0.478 0.544
vn 0.681 -0.503 0.533
vn 0.599 0.526 0.604
vn 0.609 0.522 0.597
vn 0.604 0.542 0.584
vn 0.666 -0.559 0.494
vn 0.667 -0.557 0.495
vn 0.663 -0.568 0.487
vn 0.551 0.577 0.603
vn 0.591 0.581 0.560
vn 0.377 0.872 0.313
vn 0.656 -0.556 0.511
vn 0.637 -0.611 0.470
vn 0.634 -0.613 0.472
vn 0.635 -0.615 0.468
vn 0.113 0.993 0.020
vn 0.598 -0.638 0.485
vn 0.605 -0.674 0.423
vn 0.103 0.995 -0.006
vn 0.549 -0.724 0.416
vn 0.590 -0.699 0.405
vn 0.562 -0.734 0.381
vn 0.104 0.995 0.001
vn 0.497 -0.797 0.343
vn 0.105 0.994 0.005
vn 0.466 -0.828 0.313
vn 0.426 -0.850 0.309
vn 0.410 -0.874 0.261
vn 0.109 0.994 0.005
vn 0.332 -0.935 0.127
vn 0.114 0.993 0.002
vn 0.290 -0.957 -0.004
vn 0.119 0.993 -0.007
vn 0.276 -0.954 -0.114
vn 0.123 0.992 -0.016
vn 0.265 -0.931 -0.250
vn 0.284 -0.930 -0.233
vn 0.124 0.992 -0.021
vn 0.316 -0.870 -0.378
vn 0.310 -0.888 -0.339
vn 0.127 0.989 -0.073
vn 0.225 -0.824 -0.520
vn 0.355 -0.796 -0.490
vn -0.035 0.877 -0.479
vn 0.365 -0.783 -0.503
vn 0.371 -0.779 -0.505
vn -0.123 0.738 -0.663
vn -0.118 0.688 -0.716
vn 0.296 -0.816 -0.497
vn 0.346 -0.798 -0.493
vn -0.113 0.706 -0.700
vn -0.116 0.681 -0.723
vn 0.322 -0.733 -0.600
vn 0.344 -0.795 -0.499
vn -0.103 0.648 -0.754
vn -0.116 0.545 -0.830
vn 0.124 -0.511 -0.850
vn 0.268 -0.496 -0.826
vn 0.307 -0.654 -0.692
vn 0.585 0.312 0.749
vn 0.556 0.293 0.778
vn 0.580 0.345 0.738
vn 0.567 0.145 0.811
vn 0.365 0.059 0.929
vn 0.535 0.030 0.844
vn 0.226 -0.040 0.973
vn 0.482 -0.071 0.873
vn 0.204 -0.060 0.977
vn 0.451 -0.148 0.880
vn 0.305 -0.098 0.947
vn 0.520 -0.248 0.818
vn 0.516 -0.245 0.821
vn 0.521 -0.249 0.816
vn 0.621 0.448 0.643
vn 0.607 0.450 0.655
vn 0.606 0.486 0.630
vn 0.679 -0.436 0.590
vn 0.676 -0.397 0.621
vn 0.705 -0.451 0.548
vn 0.611 0.517 0.599
vn 0.603 0.507 0.616
vn 0.608 0.535 0.587
vn 0.686 -0.533 0.496
vn 0.710 -0.484 0.511
vn 0.714 -0.532 0.456
vn 0.602 0.563 0.566
vn 0.605 0.554 0.572
vn 0.428 0.840 0.335
vn 0.678 -0.581 0.451
vn 0.707 -0.558 0.436
vn 0.696 -0.576 0.428
vn 0.142 0.990 0.005
vn 0.664 -0.627 0.408
vn 0.674 -0.618 0.405
vn 0.669 -0.626 0.400
vn 0.128 0.992 -0.014
vn 0.607 -0.683 0.406
vn 0.633 -0.695 0.340
vn 0.128 0.992 -0.006
vn 0.567 -0.766 0.302
vn 0.591 -0.749 0.299
vn 0.568 -0.773 0.282
vn 0.126 0.992 0.001
vn 0.491 -0.811 0.317
vn 0.473 -0.853 0.221
vn 0.124 0.992 0.007
vn 0.374 -0.915 0.150
vn 0.127 0.992 0.009
vn 0.310 -0.949 0.065
vn 0.131 0.991 0.007
vn 0.288 -0.957 -0.022
vn 0.135 0.991 -0.003
vn 0.290 -0.951 -0.106
vn 0.136 0.991 -0.014
vn 0.306 -0.931 -0.197
vn 0.135 0.991 -0.020
vn 0.325 -0.875 -0.360
vn 0.347 -0.887 -0.303
vn 0.128 0.983 -0.128
vn 0.417 -0.814 -0.406
vn 0.397 -0.837 -0.376
vn -0.036 0.789 -0.614
vn 0.436 -0.758 -0.485
vn 0.477 -0.751 -0.457
vn -0.039 0.710 -0.703
vn -0.033 0.698 -0.715
vn 0.491 -0.733 -0.470
vn 0.492 -0.737 -0.463
vn -0.024 0.715 -0.698
vn -0.014 0.689 -0.725
vn 0.480 -0.701 -0.528
vn 0.480 -0.701 -0.528
vn 0.007 0.665 -0.747
vn 0.029 0.559 -0.828
vn 0.468 -0.528 -0.708
vn 0.477 -0.529 -0.703
vn 0.480 -0.700 -0.528
vn 0.588 0.420 0.692
vn 0.545 0.320 0.775
vn 0.584 0.447 0.678
vn 0.311 -0.010 0.950
vn 0.165 -0.108 0.980
vn 0.112 -0.082 0.990
vn 0.115 -0.024 0.993
vn 0.167 0.030 0.986
vn 0.288 0.038 0.957
vn 0.634 -0.282 0.720
vn 0.512 -0.081 0.855
vn 0.718 -0.365 0.592
vn 0.717 -0.361 0.596
vn 0.718 -0.367 0.591
vn 0.600 0.502 0.623
vn 0.590 0.489 0.642
vn 0.593 0.524 0.612
vn 0.722 -0.456 0.521
vn 0.739 -0.471 0.481
vn 0.746 -0.480 0.461
vn 0.742 -0.491 0.456
vn 0.607 0.547 0.577
vn 0.593 0.537 0.599
vn 0.461 0.798 0.388
vn 0.732 -0.532 0.427
vn 0.744 -0.549 0.381
vn 0.744 -0.549 0.381
vn 0.744 -0.549 0.381
vn 0.191 0.977 0.093
vn 0.255 0.953 0.163
vn 0.133 0.991 0.033
vn 0.720 -0.578 0.385
vn 0.716 -0.599 0.357
vn 0.140 0.990 -0.010
vn 0.143 0.990 -0.009
vn 0.690 -0.649 0.322
vn 0.697 -0.636 0.330
vn 0.685 -0.661 0.307
vn 0.149 0.989 -0.011
vn 0.151 0.988 -0.011
vn 0.641 -0.705 0.303
vn 0.639 -0.736 0.224
vn 0.152 0.988 -0.008
vn 0.153 0.988 -0.008
vn 0.568 -0.810 0.144
vn 0.152 0.988 -0.006
vn 0.149 0.989 -0.002
vn 0.477 -0.874 0.091
vn 0.146 0.989 0.006
vn 0.449 -0.890 0.079
vn 0.391 -0.918 0.071
vn 0.397 -0.916 0.059
vn 0.145 0.989 0.012
vn 0.146 0.989 0.008
vn 0.146 0.989 0.012
vn 0.336 -0.941 0.036
vn 0.355 -0.934 0.026
vn 0.146 0.989 0.010
vn 0.149 0.989 0.010
vn 0.321 -0.947 -0.026
vn 0.345 -0.938 -0.026
vn 0.148 0.989 -0.002
vn 0.151 0.989 -0.002
vn 0.338 -0.937 -0.093
vn 0.348 -0.933 -0.092
vn 0.147 0.989 -0.016
vn 0.148 0.989 -0.016
vn 0.358 -0.920 -0.162
vn 0.350 -0.930 -0.114
vn 0.145 0.989 -0.021
vn 0.144 0.989 -0.022
vn 0.387 -0.892 -0.234
vn 0.145 0.972 -0.188
vn 0.425 -0.821 -0.380
vn 0.445 -0.842 -0.305
vn -0.004 0.748 -0.664
vn 0.520 -0.771 -0.369
vn 0.514 -0.778 -0.363
vn 0.014 0.712 -0.702
vn 0.033 0.712 -0.701
vn 0.533 -0.717 -0.449
vn 0.571 -0.710 -0.413
vn 0.052 0.731 -0.681
vn 0.080 0.711 -0.698
vn 0.598 -0.667 -0.445
vn 0.592 -0.679 -0.434
vn 0.121 0.693 -0.711
vn 0.177 0.628 -0.758
vn 0.639 -0.574 -0.512
vn 0.645 -0.574 -0.504
vn 0.589 0.478 0.652
vn 0.593 0.414 0.690
vn 0.581 0.504 0.639
vn 0.468 0.059 0.882
vn 0.346 -0.152 0.926
vn 0.319 -0.155 0.935
vn 0.331 -0.086 0.940
vn 0.348 0.002 0.937
vn 0.364 0.085 0.927
vn 0.386 0.141 0.912
vn 0.439 0.134 0.889
vn 0.567 -0.066 0.821
vn 0.688 -0.455 0.565
vn 0.665 -0.422 0.616
vn 0.650 -0.511 0.562
vn 0.591 0.532 0.606
vn 0.579 0.524 0.624
vn 0.515 0.714 0.474
vn 0.700 -0.553 0.452
vn 0.653 -0.552 0.518
vn 0.658 -0.598 0.457
vn 0.384 0.868 0.313
vn 0.424 0.826 0.371
vn 0.168 0.981 0.096
vn 0.666 -0.641 0.381
vn 0.652 -0.645 0.399
vn 0.648 -0.658 0.382
vn 0.146 0.989 0.008
vn 0.698 -0.627 0.345
vn 0.630 -0.700 0.336
vn 0.158 0.987 0.002
vn 0.635 -0.724 0.268
vn 0.623 -0.725 0.293
vn 0.623 -0.736 0.263
vn 0.168 0.986 -0.004
vn 0.632 -0.753 0.182
vn 0.617 -0.773 0.147
vn 0.170 0.985 -0.008
vn 0.573 -0.811 0.119
vn 0.587 -0.809 0.047
vn 0.150 0.989 -0.002
vn 0.167 0.986 -0.006
vn 0.479 -0.873 0.086
vn 0.539 -0.842 0.002
vn 0.146 0.989 0.006
vn 0.163 0.987 0.004
vn 0.495 -0.869 0.001
vn 0.162 0.987 0.013
vn 0.470 -0.883 0.000
vn 0.164 0.986 0.011
vn 0.462 -0.887 -0.030
vn 0.164 0.986 -0.004
vn 0.459 -0.884 -0.087
vn 0.162 0.987 -0.021
vn 0.378 -0.913 -0.155
vn 0.458 -0.877 -0.143
vn 0.144 0.989 -0.022
vn 0.159 0.987 -0.026
vn 0.440 -0.877 -0.193
vn 0.469 -0.865 -0.181
vn 0.144 0.970 -0.197
vn 0.124 0.960 -0.250
vn 0.508 -0.836 -0.209
vn 0.495 -0.846 -0.197
vn 0.095 0.923 -0.373
vn 0.023 0.747 -0.664
vn 0.524 -0.771 -0.362
vn 0.576 -0.779 -0.249
vn 0.049 0.735 -0.676
vn 0.079 0.734 -0.674
vn 0.630 -0.698 -0.340
vn 0.649 -0.700 -0.298
vn 0.113 0.756 -0.645
vn 0.146 0.747 -0.649
vn 0.627 -0.658 -0.418
vn 0.702 -0.630 -0.332
vn 0.684 -0.655 -0.322
vn 0.220 0.733 -0.644
vn 0.248 0.715 -0.654
vn 0.737 -0.582 -0.344
vn 0.747 -0.582 -0.321
vn 0.600 0.356 0.716
vn 0.617 0.302 0.727
vn 0.590 0.438 0.679
vn 0.471 0.048 0.881
vn 0.583 -0.031 0.812
vn 0.417 -0.166 0.894
vn 0.593 -0.128 0.795
vn 0.573 -0.114 0.812
vn 0.669 -0.075 0.740
vn 0.675 -0.028 0.737
vn 0.725 -0.014 0.689
vn 0.696 0.004 0.718
vn 0.738 0.001 0.675
vn 0.661 0.050 0.749
vn 0.715 0.031 0.698
vn 0.548 0.139 0.825
vn 0.659 0.094 0.746
vn 0.465 0.156 0.872
vn 0.606 0.127 0.785
vn 0.564 -0.053 0.824
vn 0.613 0.061 0.788
vn 0.665 -0.377 0.645
vn 0.680 -0.268 0.682
vn 0.648 -0.475 0.595
vn 0.577 0.520 0.630
vn 0.574 0.509 0.641
vn 0.571 0.605 0.556
vn 0.629 -0.545 0.554
vn 0.629 -0.530 0.569
vn 0.618 -0.583 0.528
vn 0.466 0.779 0.419
vn 0.500 0.732 0.464
vn 0.225 0.962 0.154
vn 0.624 -0.641 0.447
vn 0.615 -0.616 0.492
vn 0.609 -0.668 0.428
vn 0.154 0.988 0.016
vn 0.585 -0.725 0.363
vn 0.586 -0.724 0.365
vn 0.584 -0.727 0.362
vn 0.161 0.987 0.018
vn 0.604 -0.723 0.336
vn 0.578 -0.746 0.330
vn 0.170 0.985 0.014
vn 0.589 -0.764 0.265
vn 0.176 0.984 0.002
vn 0.594 -0.768 0.240
vn 0.610 -0.780 0.137
vn 0.608 -0.782 0.136
vn 0.177 0.984 -0.009
vn 0.607 -0.794 0.024
vn 0.615 -0.788 0.019
vn 0.176 0.984 -0.009
vn 0.591 -0.807 -0.027
vn 0.612 -0.790 -0.034
vn 0.173 0.985 0.001
vn 0.576 -0.817 -0.025
vn 0.603 -0.797 -0.031
vn 0.172 0.985 0.012
vn 0.563 -0.826 -0.015
vn 0.591 -0.807 -0.019
vn 0.172 0.985 0.011
vn 0.556 -0.831 -0.036
vn 0.580 -0.814 -0.038
vn 0.174 0.985 -0.005
vn 0.558 -0.826 -0.085
vn 0.570 -0.817 -0.086
vn 0.177 0.984 -0.023
vn 0.565 -0.815 -0.129
vn 0.567 -0.816 -0.113
vn 0.183 0.981 -0.064
vn 0.572 -0.807 -0.144
vn 0.070 0.938 -0.339
vn 0.518 -0.832 -0.198
vn 0.598 -0.790 -0.137
vn 0.031 0.873 -0.486
vn 0.039 0.765 -0.643
vn 0.608 -0.771 -0.191
vn 0.642 -0.755 -0.135
vn 0.074 0.764 -0.641
vn 0.107 0.764 -0.637
vn 0.688 -0.699 -0.195
vn 0.694 -0.701 -0.167
vn 0.162 0.788 -0.593
vn 0.179 0.785 -0.593
vn 0.718 -0.623 -0.310
vn 0.735 -0.638 -0.231
vn 0.729 -0.647 -0.223
vn 0.256 0.753 -0.606
vn 0.266 0.775 -0.573
vn 0.764 -0.584 -0.274
vn 0.755 -0.600 -0.265
vn 0.648 0.298 0.702
vn 0.674 0.314 0.669
vn 0.607 0.409 0.681
vn 0.669 -0.009 0.743
vn 0.740 0.033 0.672
vn 0.751 -0.042 0.659
vn 0.782 -0.011 0.624
vn 0.784 -0.003 0.620
vn 0.788 -0.000 0.616
vn 0.788 -0.000 0.616
vn 0.788 -0.000 0.616
vn 0.788 -0.000 0.616
vn 0.788 -0.000 0.616
vn 0.788 -0.000 0.616
vn 0.788 -0.000 0.616
vn 0.778 0.013 0.628
vn 0.788 0.001 0.616
vn 0.721 0.074 0.689
vn 0.772 0.029 0.635
vn 0.657 0.076 0.750
vn 0.729 0.035 0.684
vn 0.707 -0.208 0.676
vn 0.724 -0.149 0.674
vn 0.662 -0.488 0.569
vn 0.564 0.506 0.653
vn 0.535 0.522 0.664
vn 0.533 0.553 0.640
vn 0.636 -0.526 0.565
vn 0.645 -0.524 0.556
vn 0.640 -0.549 0.537
vn 0.532 0.681 0.502
vn 0.491 0.669 0.558
vn 0.269 0.933 0.239
vn 0.623 -0.594 0.509
vn 0.640 -0.555 0.531
vn 0.641 -0.616 0.458
vn 0.164 0.986 0.021
vn 0.617 -0.685 0.388
vn 0.636 -0.646 0.422
vn 0.625 -0.690 0.365
vn 0.172 0.985 0.022
vn 0.609 -0.723 0.326
vn 0.177 0.984 0.024
vn 0.606 -0.727 0.322
vn 0.586 -0.743 0.324
vn 0.592 -0.743 0.311
vn 0.177 0.984 0.017
vn 0.588 -0.764 0.266
vn 0.580 -0.775 0.249
vn 0.177 0.984 0.004
vn 0.579 -0.803 0.142
vn 0.178 0.984 -0.009
vn 0.585 -0.803 0.113
vn 0.600 -0.799 0.038
vn 0.597 -0.801 0.040
vn 0.179 0.984 -0.010
vn 0.625 -0.781 -0.016
vn 0.624 -0.782 -0.014
vn 0.180 0.984 -0.000
vn 0.643 -0.766 -0.028
vn 0.643 -0.766 -0.028
vn 0.179 0.984 0.011
vn 0.644 -0.764 -0.033
vn 0.644 -0.764 -0.033
vn 0.178 0.984 0.012
vn 0.633 -0.772 -0.054
vn 0.644 -0.765 -0.034
vn 0.181 0.983 0.000
vn 0.626 -0.775 -0.089
vn 0.192 0.981 -0.014
vn 0.571 -0.811 -0.127
vn 0.634 -0.765 -0.111
vn 0.175 0.979 -0.103
vn 0.599 -0.790 -0.130
vn 0.654 -0.749 -0.108
vn 0.028 0.888 -0.460
vn 0.637 -0.764 -0.106
vn 0.676 -0.732 -0.088
vn 0.011 0.830 -0.558
vn 0.053 0.795 -0.605
vn 0.672 -0.735 -0.090
vn 0.691 -0.718 -0.077
vn 0.097 0.795 -0.599
vn 0.123 0.796 -0.593
vn 0.697 -0.708 -0.111
vn 0.701 -0.706 -0.103
vn 0.187 0.809 -0.557
vn 0.195 0.820 -0.539
vn 0.734 -0.640 -0.228
vn 0.700 -0.689 -0.187
vn 0.699 -0.690 -0.186
vn 0.205 0.827 -0.524
vn 0.284 0.834 -0.472
vn 0.733 -0.626 -0.266
vn 0.694 -0.667 -0.271
vn 0.698 -0.688 -0.198
vn 0.716 0.373 0.590
vn 0.733 0.398 0.552
vn 0.634 0.533 0.560
vn 0.776 0.054 0.628
vn 0.787 0.054 0.615
vn 0.788 -0.001 0.616
vn 0.788 -0.000 0.616
vn 0.788 -0.000 0.616
vn 0.788 -0.000 0.616
vn 0.788 -0.000 0.616
vn 0.788 -0.000 0.616
vn 0.788 -0.000 0.616
vn 0.788 -0.000 0.616
vn 0.788 -0.000 0.616
vn 0.788 -0.000 0.616
vn 0.788 -0.000 0.616
vn 0.788 -0.000 0.616
vn 0.788 0.012 0.616
vn 0.788 0.000 0.616
vn 0.755 0.022 0.655
vn 0.785 -0.012 0.619
vn 0.731 -0.143 0.667
vn 0.752 -0.178 0.635
vn 0.599 -0.564 0.569
vn 0.511 0.573 0.641
vn 0.499 0.632 0.593
vn 0.452 0.600 0.660
vn 0.642 -0.530 0.553
vn 0.597 -0.567 0.568
vn 0.579 -0.562 0.590
vn 0.494 0.629 0.600
vn 0.393 0.677 0.622
vn 0.332 0.830 0.447
vn 0.640 -0.551 0.536
vn 0.580 -0.562 0.590
vn 0.604 -0.593 0.533
vn 0.603 -0.593 0.534
vn 0.603 -0.594 0.533
vn 0.139 0.986 0.087
vn 0.640 -0.627 0.444
vn 0.601 -0.679 0.421
vn 0.163 0.986 0.040
vn 0.620 -0.707 0.340
vn 0.603 -0.701 0.382
vn 0.603 -0.721 0.341
vn 0.183 0.983 0.030
vn 0.613 -0.722 0.321
vn 0.602 -0.738 0.306
vn 0.186 0.982 0.023
vn 0.585 -0.762 0.277
vn 0.587 -0.758 0.283
vn 0.580 -0.769 0.269
vn 0.183 0.983 0.014
vn 0.569 -0.788 0.236
vn 0.545 -0.812 0.209
vn 0.180 0.984 0.003
vn 0.577 -0.804 0.142
vn 0.528 -0.838 0.140
vn 0.182 0.983 -0.007
vn 0.546 -0.834 0.080
vn 0.188 0.982 -0.008
vn 0.579 -0.814 0.035
vn 0.191 0.982 0.000
vn 0.607 -0.795 -0.001
vn 0.191 0.982 0.010
vn 0.616 -0.787 -0.033
vn 0.190 0.982 0.014
vn 0.634 -0.771 -0.055
vn 0.617 -0.785 -0.060
vn 0.192 0.981 0.010
vn 0.629 -0.772 -0.087
vn 0.624 -0.778 -0.071
vn 0.195 0.981 -0.021
vn 0.645 -0.758 -0.098
vn 0.650 -0.757 -0.066
vn 0.120 0.973 -0.198
vn 0.674 -0.734 -0.084
vn 0.683 -0.728 -0.056
vn 0.001 0.868 -0.497
vn 0.700 -0.711 -0.066
vn 0.707 -0.705 -0.054
vn 0.022 0.841 -0.541
vn 0.064 0.825 -0.562
vn 0.708 -0.703 -0.069
vn 0.709 -0.702 -0.072
vn 0.125 0.828 -0.546
vn 0.138 0.829 -0.543
vn 0.692 -0.712 -0.118
vn 0.686 -0.716 -0.128
vn 0.213 0.847 -0.488
vn 0.648 -0.729 -0.220
vn 0.649 -0.729 -0.218
vn 0.283 0.859 -0.427
vn 0.336 0.851 -0.403
vn 0.669 -0.691 -0.276
vn 0.627 -0.724 -0.287
vn 0.788 0.031 0.615
vn 0.788 0.031 0.615
vn 0.787 0.066 0.614
vn 0.788 -0.000 0.616
vn 0.788 -0.000 0.616
vn 0.788 -0.000 0.616
vn 0.788 -0.000 0.616
vn 0.788 -0.000 0.616
vn 0.788 -0.000 0.616
vn 0.788 -0.000 0.616
vn 0.788 -0.000 0.616
vn 0.788 -0.000 0.616
vn 0.788 -0.000 0.616
vn 0.788 -0.000 0.616
vn 0.788 -0.000 0.616
vn 0.788 -0.000 0.616
vn 0.788 -0.000 0.616
vn 0.788 -0.025 0.615
vn 0.788 -0.025 0.615
vn 0.787 -0.042 0.616
vn 0.735 0.413 0.538
vn 0.714 0.437 0.546
vn 0.558 0.685 0.469
vn 0.787 0.047 0.615
vn 0.788 -0.000 0.616
vn 0.788 -0.000 0.616
vn 0.788 -0.000 0.616
vn 0.788 -0.000 0.616
vn 0.788 -0.000 0.616
vn 0.788 -0.000 0.616
vn 0.788 -0.000 0.616
vn 0.787 -0.013 0.617
vn 0.763 -0.217 0.609
vn 0.754 -0.186 0.630
vn 0.585 -0.617 0.526
vn 0.586 -0.618 0.524
vn 0.581 -0.624 0.522
vn 0.466 0.741 0.483
vn 0.445 0.776 0.447
vn 0.423 0.761 0.492
vn 0.597 -0.567 0.567
vn 0.537 -0.607 0.586
vn 0.289 0.683 0.670
vn 0.579 -0.562 0.591
vn 0.536 -0.594 0.600
vn 0.577 -0.565 0.590
vn 0.577 -0.565 0.590
vn 0.577 -0.566 0.589
vn 0.262 0.709 0.654
vn 0.151 0.948 0.282
vn 0.547 -0.675 0.495
vn 0.137 0.988 0.075
vn 0.545 -0.685 0.483
vn 0.580 -0.701 0.415
vn 0.521 -0.748 0.412
vn 0.153 0.986 0.066
vn 0.524 -0.772 0.360
vn 0.518 -0.774 0.365
vn 0.517 -0.776 0.361
vn 0.169 0.985 0.046
vn 0.578 -0.756 0.306
vn 0.522 -0.796 0.308
vn 0.178 0.984 0.024
vn 0.514 -0.825 0.236
vn 0.184 0.983 0.010
vn 0.505 -0.842 0.190
vn 0.506 -0.844 0.178
vn 0.503 -0.846 0.176
vn 0.188 0.982 0.003
vn 0.509 -0.849 0.140
vn 0.501 -0.854 0.142
vn 0.195 0.981 -0.001
vn 0.532 -0.842 0.094
vn 0.517 -0.848 0.115
vn 0.205 0.979 -0.001
vn 0.567 -0.822 0.047
vn 0.542 -0.837 0.078
vn 0.213 0.977 0.003
vn 0.595 -0.803 0.006
vn 0.565 -0.825 0.028
vn 0.214 0.977 0.010
vn 0.605 -0.796 -0.030
vn 0.578 -0.816 -0.022
vn 0.210 0.978 0.013
vn 0.606 -0.793 -0.057
vn 0.587 -0.808 -0.050
vn 0.205 0.979 0.012
vn 0.615 -0.786 -0.058
vn 0.600 -0.799 -0.041
vn 0.167 0.984 -0.068
vn 0.639 -0.768 -0.039
vn 0.618 -0.786 -0.016
vn 0.012 0.947 -0.322
vn 0.664 -0.747 -0.029
vn 0.633 -0.774 -0.012
vn -0.000 0.882 -0.471
vn 0.675 -0.736 -0.044
vn 0.638 -0.769 -0.044
vn 0.025 0.867 -0.497
vn 0.066 0.857 -0.511
vn 0.662 -0.744 -0.091
vn 0.627 -0.772 -0.105
vn 0.144 0.849 -0.508
vn 0.149 0.861 -0.486
vn 0.620 -0.764 -0.176
vn 0.606 -0.774 -0.184
vn 0.160 0.866 -0.475
vn 0.239 0.888 -0.392
vn 0.648 -0.730 -0.220
vn 0.582 -0.769 -0.264
vn 0.597 -0.772 -0.221
vn 0.334 0.870 -0.363
vn 0.344 0.880 -0.328
vn 0.602 -0.742 -0.294
vn 0.572 -0.762 -0.304
vn 0.618 0.534 0.577
vn 0.601 0.549 0.580
vn 0.586 0.574 0.572
vn 0.787 0.047 0.615
vn 0.786 0.064 0.614
vn 0.788 -0.000 0.616
vn 0.788 -0.000 0.616
vn 0.788 -0.000 0.616
vn 0.788 -0.000 0.616
vn 0.788 -0.000 0.616
vn 0.788 -0.000 0.616
vn 0.788 -0.000 0.616
vn 0.788 -0.000 0.616
vn 0.788 -0.000 0.616
vn 0.788 -0.000 0.616
vn 0.788 -0.000 0.616
vn 0.788 -0.000 0.616
vn 0.788 -0.000 0.616
vn 0.788 -0.000 0.616
vn 0.787 -0.037 0.615
vn 0.787 -0.043 0.615
vn 0.736 -0.254 0.628
vn 0.729 -0.265 0.632
vn 0.710 -0.322 0.626
vn 0.710 0.442 0.549
vn 0.424 0.778 0.463
vn 0.761 -0.218 0.610
vn 0.563 -0.639 0.524
vn 0.573 -0.636 0.518
vn 0.559 -0.655 0.508
vn 0.373 0.841 0.392
vn 0.335 0.858 0.389
vn 0.332 0.856 0.395
vn 0.557 -0.640 0.529
vn 0.277 0.826 0.492
vn 0.558 -0.621 0.550
vn 0.534 -0.599 0.597
vn 0.631 -0.509 0.585
vn 0.633 -0.508 0.585
vn 0.632 -0.510 0.583
vn 0.224 0.723 0.653
vn 0.153 0.789 0.595
vn 0.154 0.788 0.596
vn 0.589 -0.633 0.502
vn 0.590 -0.632 0.502
vn 0.589 -0.634 0.501
vn 0.131 0.969 0.210
vn 0.544 -0.682 0.488
vn 0.531 -0.736 0.419
vn 0.139 0.987 0.081
vn 0.496 -0.777 0.387
vn 0.506 -0.770 0.388
vn 0.492 -0.785 0.377
vn 0.145 0.987 0.072
vn 0.463 -0.813 0.354
vn 0.153 0.987 0.055
vn 0.148 0.987 0.061
vn 0.150 0.987 0.056
vn 0.447 -0.837 0.317
vn 0.451 -0.837 0.309
vn 0.445 -0.841 0.309
vn 0.168 0.985 0.033
vn 0.160 0.986 0.038
vn 0.493 -0.837 0.238
vn 0.453 -0.858 0.241
vn 0.179 0.984 0.017
vn 0.172 0.985 0.024
vn 0.473 -0.861 0.186
vn 0.188 0.982 0.007
vn 0.187 0.982 0.014
vn 0.494 -0.856 0.156
vn 0.199 0.980 0.004
vn 0.204 0.979 0.011
vn 0.509 -0.850 0.136
vn 0.212 0.977 0.003
vn 0.223 0.975 0.011
vn 0.510 -0.850 0.134
vn 0.528 -0.843 0.097
vn 0.525 -0.844 0.104
vn 0.221 0.975 0.005
vn 0.235 0.972 0.010
vn 0.548 -0.836 0.043
vn 0.544 -0.837 0.052
vn 0.222 0.975 0.009
vn 0.237 0.972 0.008
vn 0.559 -0.829 -0.009
vn 0.555 -0.832 -0.006
vn 0.216 0.976 0.011
vn 0.230 0.973 0.006
vn 0.564 -0.825 -0.037
vn 0.557 -0.830 -0.038
vn 0.203 0.979 0.003
vn 0.196 0.980 -0.032
vn 0.564 -0.825 -0.031
vn 0.554 -0.832 -0.033
vn 0.140 0.985 -0.103
vn 0.059 0.976 -0.208
vn 0.559 -0.829 -0.012
vn 0.544 -0.839 -0.015
vn 0.020 0.963 -0.270
vn -0.042 0.922 -0.384
vn 0.549 -0.836 -0.016
vn 0.529 -0.849 -0.019
vn -0.005 0.904 -0.427
vn 0.532 -0.845 -0.056
vn 0.513 -0.856 -0.060
vn 0.028 0.895 -0.445
vn 0.067 0.891 -0.449
vn 0.502 -0.856 -0.126
vn 0.501 -0.856 -0.126
vn 0.168 0.895 -0.413
vn 0.500 -0.842 -0.202
vn 0.501 -0.856 -0.127
vn 0.236 0.903 -0.358
vn 0.290 0.903 -0.316
vn 0.565 -0.780 -0.270
vn 0.508 -0.817 -0.273
vn 0.331 0.907 -0.260
vn 0.525 -0.788 -0.320
vn 0.515 -0.795 -0.319
vn 0.779 0.150 0.609
vn 0.728 0.273 0.629
vn 0.396 0.676 0.622
vn 0.788 -0.000 0.616
vn 0.788 0.001 0.616
vn 0.788 -0.000 0.616
vn 0.788 -0.000 0.616
vn 0.788 -0.000 0.616
vn 0.788 -0.000 0.616
vn 0.788 -0.000 0.616
vn 0.788 -0.000 0.616
vn 0.788 -0.000 0.616
vn 0.788 -0.000 0.616
vn 0.788 -0.000 0.616
vn 0.788 -0.000 0.616
vn 0.788 -0.001 0.616
vn 0.788 -0.007 0.616
vn 0.778 -0.080 0.623
vn 0.754 -0.128 0.644
vn 0.631 -0.376 0.678
vn 0.601 -0.409 0.686
vn 0.577 -0.451 0.681
vn 0.357 0.708 0.609
vn 0.284 0.806 0.520
vn 0.468 -0.670 0.576
vn 0.442 -0.680 0.585
vn 0.448 -0.685 0.575
vn 0.194 0.894 0.404
vn 0.521 -0.657 0.545
vn 0.194 0.894 0.403
vn 0.203 0.895 0.398
vn 0.531 -0.644 0.551
vn 0.558 -0.627 0.544
vn 0.630 -0.484 0.607
vn 0.619 -0.486 0.616
vn 0.620 -0.495 0.608
vn 0.153 0.879 0.451
vn 0.603 -0.600 0.526
vn 0.593 -0.600 0.537
vn 0.586 -0.623 0.518
vn 0.063 0.861 0.505
vn 0.045 0.841 0.539
vn 0.546 -0.721 0.427
vn 0.128 0.969 0.212
vn 0.539 -0.736 0.410
vn 0.530 -0.754 0.389
vn 0.529 -0.767 0.363
vn 0.137 0.987 0.083
vn 0.136 0.985 0.109
vn 0.137 0.987 0.083
vn 0.505 -0.800 0.324
vn 0.143 0.987 0.073
vn 0.138 0.988 0.075
vn 0.487 -0.815 0.314
vn 0.462 -0.826 0.324
vn 0.463 -0.832 0.305
vn 0.142 0.988 0.061
vn 0.428 -0.856 0.290
vn 0.150 0.988 0.047
vn 0.428 -0.866 0.259
vn 0.161 0.986 0.038
vn 0.437 -0.867 0.240
vn 0.455 -0.866 0.208
vn 0.444 -0.870 0.214
vn 0.177 0.984 0.036
vn 0.486 -0.859 0.162
vn 0.457 -0.871 0.179
vn 0.196 0.980 0.037
vn 0.509 -0.850 0.136
vn 0.469 -0.868 0.161
vn 0.214 0.976 0.031
vn 0.490 -0.861 0.135
vn 0.225 0.974 0.018
vn 0.515 -0.854 0.073
vn 0.228 0.974 0.004
vn 0.523 -0.852 -0.007
vn 0.213 0.977 -0.025
vn 0.512 -0.857 -0.055
vn 0.108 0.982 -0.157
vn 0.493 -0.868 -0.059
vn -0.037 0.936 -0.350
vn 0.470 -0.882 -0.046
vn -0.039 0.933 -0.359
vn -0.024 0.931 -0.365
vn 0.445 -0.894 -0.050
vn 0.015 0.925 -0.379
vn 0.426 -0.901 -0.082
vn 0.059 0.924 -0.378
vn 0.093 0.925 -0.369
vn 0.422 -0.897 -0.132
vn 0.199 0.930 -0.310
vn 0.471 -0.860 -0.197
vn 0.434 -0.881 -0.189
vn 0.297 0.915 -0.273
vn 0.303 0.922 -0.240
vn 0.460 -0.851 -0.256
vn 0.455 -0.854 -0.252
vn 0.332 0.917 -0.221
vn 0.347 0.913 -0.216
vn 0.479 -0.823 -0.305
vn 0.460 -0.847 -0.266
vn 0.604 0.416 0.680
vn 0.368 0.576 0.730
vn 0.295 0.673 0.679
vn 0.787 0.020 0.616
vn 0.691 0.196 0.696
vn 0.788 -0.000 0.616
vn 0.786 0.002 0.618
vn 0.788 -0.000 0.616
vn 0.788 -0.000 0.616
vn 0.788 -0.000 0.616
vn 0.788 -0.000 0.616
vn 0.788 -0.000 0.616
vn 0.788 -0.000 0.616
vn 0.788 -0.000 0.616
vn 0.783 -0.010 0.622
vn 0.784 -0.028 0.620
vn 0.731 -0.106 0.674
vn 0.697 -0.206 0.687
vn 0.594 -0.318 0.739
vn 0.452 -0.516 0.728
vn 0.325 0.724 0.609
vn 0.138 0.794 0.592
vn 0.139 0.806 0.575
vn 0.422 -0.551 0.719
vn 0.364 -0.680 0.636
vn 0.111 0.863 0.493
vn 0.343 -0.714 0.610
vn 0.422 -0.677 0.603
vn 0.191 0.895 0.403
vn 0.078 0.904 0.420
vn 0.090 0.909 0.408
vn 0.464 -0.645 0.607
vn 0.522 -0.646 0.557
vn 0.494 -0.528 0.691
vn 0.102 0.917 0.386
vn 0.495 -0.523 0.694
vn 0.492 -0.617 0.614
vn 0.468 -0.621 0.629
vn 0.463 -0.640 0.613
vn 0.061 0.916 0.396
vn 0.439 -0.743 0.506
vn 0.001 0.907 0.422
vn -0.029 0.874 0.486
vn 0.439 -0.748 0.498
vn 0.531 -0.734 0.424
vn 0.456 -0.776 0.436
vn 0.107 0.963 0.249
vn 0.063 0.940 0.337
vn 0.083 0.956 0.281
vn 0.493 -0.792 0.359
vn 0.484 -0.793 0.370
vn 0.487 -0.795 0.360
vn 0.126 0.988 0.084
vn 0.506 -0.804 0.312
vn 0.491 -0.821 0.291
vn 0.131 0.988 0.078
vn 0.477 -0.840 0.259
vn 0.138 0.988 0.068
vn 0.463 -0.847 0.261
vn 0.456 -0.850 0.265
vn 0.458 -0.850 0.261
vn 0.148 0.987 0.058
vn 0.431 -0.864 0.259
vn 0.435 -0.865 0.249
vn 0.159 0.986 0.051
vn 0.412 -0.886 0.213
vn 0.157 0.986 0.050
vn 0.392 -0.901 0.187
vn 0.148 0.988 0.050
vn 0.389 -0.903 0.180
vn 0.399 -0.899 0.178
vn 0.389 -0.903 0.181
vn 0.126 0.991 0.038
vn 0.454 -0.879 0.147
vn 0.405 -0.899 0.166
vn 0.113 0.993 0.019
vn 0.502 -0.861 0.077
vn 0.429 -0.898 0.099
vn 0.093 0.996 -0.002
vn 0.516 -0.857 -0.007
vn 0.445 -0.895 -0.004
vn 0.013 0.994 -0.106
vn 0.499 -0.865 -0.059
vn 0.447 -0.892 -0.073
vn -0.109 0.951 -0.290
vn 0.471 -0.879 -0.069
vn 0.437 -0.895 -0.087
vn -0.083 0.938 -0.337
vn 0.439 -0.896 -0.064
vn 0.417 -0.906 -0.078
vn -0.078 0.938 -0.338
vn -0.010 0.942 -0.335
vn 0.407 -0.911 -0.069
vn 0.393 -0.916 -0.077
vn 0.062 0.944 -0.323
vn 0.382 -0.920 -0.091
vn 0.377 -0.922 -0.092
vn 0.133 0.946 -0.296
vn 0.145 0.947 -0.288
vn 0.382 -0.916 -0.120
vn 0.379 -0.919 -0.105
vn 0.242 0.944 -0.223
vn 0.406 -0.900 -0.160
vn 0.312 0.934 -0.173
vn 0.437 -0.874 -0.211
vn 0.347 0.915 -0.204
vn 0.361 0.918 -0.167
vn 0.470 -0.833 -0.293
vn 0.465 -0.843 -0.271
vn 0.576 0.094 0.812
vn 0.566 0.098 0.818
vn 0.549 0.120 0.827
vn 0.644 -0.001 0.765
vn 0.624 0.002 0.782
vn 0.620 -0.065 0.782
vn 0.613 -0.066 0.787
vn 0.604 -0.081 0.792
vn 0.618 0.266 0.740
vn 0.235 0.483 0.843
vn 0.142 0.622 0.770
vn 0.775 0.014 0.632
vn 0.420 0.267 0.867
vn 0.786 -0.000 0.619
vn 0.787 -0.000 0.617
vn 0.785 -0.001 0.619
vn 0.556 -0.150 0.818
vn 0.773 -0.021 0.634
vn 0.691 -0.147 0.708
vn 0.474 -0.283 0.834
vn 0.433 -0.432 0.791
vn 0.377 -0.457 0.806
vn 0.379 -0.484 0.789
vn 0.076 0.686 0.723
vn 0.053 0.764 0.643
vn 0.396 -0.564 0.725
vn 0.327 -0.596 0.734
vn 0.371 -0.630 0.682
vn 0.005 0.819 0.573
vn 0.017 0.834 0.551
vn 0.349 -0.712 0.609
vn 0.398 -0.696 0.598
vn 0.422 -0.674 0.607
vn 0.013 0.873 0.487
vn 0.469 -0.630 0.619
vn 0.511 -0.590 0.625
vn 0.498 -0.580 0.645
vn -0.003 0.904 0.428
vn 0.016 0.913 0.408
vn 0.493 -0.524 0.694
vn 0.489 -0.559 0.670
vn 0.426 -0.616 0.663
vn 0.033 0.930 0.367
vn 0.405 -0.643 0.649
vn 0.347 -0.733 0.584
vn -0.023 0.942 0.336
vn 0.339 -0.761 0.553
vn 0.424 -0.750 0.507
vn 0.336 -0.782 0.524
vn -0.050 0.932 0.358
vn -0.073 0.906 0.417
vn 0.372 -0.799 0.472
vn 0.359 -0.800 0.481
vn 0.361 -0.802 0.476
vn -0.087 0.877 0.472
vn -0.067 0.905 0.420
vn 0.390 -0.834 0.391
vn 0.117 0.986 0.122
vn 0.419 -0.854 0.308
vn 0.421 -0.854 0.306
vn 0.420 -0.854 0.306
vn 0.127 0.988 0.086
vn 0.471 -0.843 0.258
vn 0.449 -0.854 0.264
vn 0.137 0.988 0.078
vn 0.457 -0.856 0.240
vn 0.124 0.990 0.068
vn 0.430 -0.879 0.203
vn 0.096 0.994 0.043
vn 0.400 -0.898 0.181
vn 0.386 -0.906 0.176
vn 0.382 -0.909 0.169
vn 0.069 0.997 0.021
vn 0.370 -0.912 0.178
vn 0.342 -0.925 0.164
vn 0.043 0.999 0.010
vn 0.321 -0.929 0.183
vn 0.021 1.000 0.003
vn 0.313 -0.931 0.185
vn -0.017 1.000 -0.010
vn 0.318 -0.940 0.124
vn -0.121 0.988 -0.098
vn 0.337 -0.941 0.014
vn -0.248 0.942 -0.228
vn 0.363 -0.929 -0.067
vn -0.233 0.942 -0.242
vn 0.380 -0.920 -0.096
vn -0.197 0.952 -0.235
vn -0.101 0.943 -0.317
vn -0.168 0.957 -0.234
vn 0.377 -0.921 -0.100
vn -0.085 0.966 -0.243
vn 0.364 -0.926 -0.099
vn 0.012 0.971 -0.239
vn 0.354 -0.930 -0.097
vn 0.142 0.953 -0.266
vn 0.121 0.972 -0.203
vn 0.378 -0.918 -0.117
vn 0.362 -0.927 -0.101
vn 0.196 0.966 -0.167
vn 0.224 0.963 -0.148
vn 0.395 -0.908 -0.141
vn 0.385 -0.915 -0.124
vn 0.308 0.944 -0.121
vn 0.417 -0.892 -0.175
vn 0.414 -0.894 -0.170
vn 0.352 0.925 -0.141
vn 0.441 -0.867 -0.231
vn 0.422 -0.887 -0.188
vn 0.145 0.372 0.917
vn 0.048 0.401 0.915
vn 0.037 0.419 0.907
vn 0.167 0.229 0.959
vn 0.242 0.063 0.968
vn 0.267 -0.080 0.960
vn 0.481 -0.175 0.859
vn 0.261 -0.206 0.943
vn 0.250 -0.335 0.908
vn 0.242 -0.335 0.911
vn 0.245 -0.339 0.908
vn -0.021 0.558 0.830
vn -0.050 0.654 0.754
vn 0.302 -0.448 0.841
vn 0.406 -0.527 0.747
vn -0.068 0.704 0.707
vn -0.053 0.767 0.639
vn 0.418 -0.552 0.722
vn 0.536 -0.569 0.623
vn 0.556 -0.539 0.633
vn 0.558 -0.546 0.625
vn -0.073 0.821 0.567
vn -0.057 0.839 0.542
vn 0.563 -0.538 0.627
vn 0.590 -0.512 0.624
vn 0.589 -0.531 0.609
vn -0.050 0.873 0.485
vn 0.521 -0.568 0.638
vn 0.570 -0.565 0.597
vn 0.530 -0.610 0.589
vn -0.062 0.901 0.429
vn -0.046 0.910 0.412
vn 0.417 -0.653 0.632
vn 0.466 -0.668 0.580
vn 0.411 -0.714 0.567
vn -0.073 0.952 0.297
vn 0.332 -0.764 0.553
vn 0.341 -0.765 0.547
vn 0.332 -0.771 0.544
vn -0.121 0.956 0.268
vn 0.321 -0.786 0.528
vn -0.098 0.904 0.416
vn -0.107 0.892 0.440
vn 0.323 -0.793 0.516
vn 0.316 -0.817 0.483
vn -0.135 0.851 0.507
vn -0.182 0.808 0.560
vn 0.313 -0.856 0.412
vn 0.313 -0.856 0.411
vn 0.313 -0.856 0.411
vn -0.159 0.836 0.526
vn 0.007 0.968 0.250
vn 0.342 -0.872 0.351
vn 0.094 0.991 0.097
vn 0.382 -0.873 0.304
vn 0.076 0.995 0.061
vn 0.395 -0.879 0.266
vn 0.419 -0.876 0.237
vn 0.404 -0.883 0.238
vn 0.038 0.999 0.018
vn 0.420 -0.887 0.190
vn 0.390 -0.907 0.162
vn 0.010 1.000 0.003
vn 0.354 -0.928 0.118
vn 0.002 1.000 0.001
vn 0.315 -0.940 0.127
vn -0.024 1.000 0.002
vn 0.284 -0.945 0.162
vn -0.081 0.996 -0.025
vn 0.256 -0.951 0.175
vn -0.194 0.972 -0.134
vn 0.251 -0.955 0.160
vn 0.272 -0.954 0.129
vn 0.244 -0.961 0.129
vn -0.304 0.925 -0.226
vn 0.312 -0.950 0.023
vn 0.258 -0.965 0.044
vn -0.298 0.928 -0.225
vn 0.334 -0.941 -0.055
vn 0.290 -0.957 -0.031
vn -0.285 0.934 -0.216
vn -0.246 0.944 -0.222
vn -0.261 0.945 -0.199
vn 0.344 -0.935 -0.087
vn 0.322 -0.944 -0.077
vn -0.212 0.962 -0.171
vn 0.343 -0.934 -0.101
vn 0.338 -0.936 -0.100
vn -0.147 0.977 -0.155
vn 0.342 -0.934 -0.107
vn 0.340 -0.935 -0.102
vn -0.079 0.987 -0.140
vn 0.341 -0.935 -0.099
vn -0.009 0.994 -0.105
vn 0.345 -0.935 -0.087
vn 0.174 0.978 -0.119
vn 0.055 0.997 -0.049
vn 0.355 -0.930 -0.099
vn 0.192 0.979 -0.068
vn 0.115 0.993 -0.033
vn 0.367 -0.919 -0.142
vn 0.215 0.970 -0.110
vn 0.185 0.978 -0.099
vn 0.422 -0.879 -0.221
vn 0.381 -0.902 -0.204
vn -0.080 0.445 0.892
vn -0.090 0.447 0.890
vn -0.000 0.297 0.955
vn 0.065 0.118 0.991
vn 0.120 -0.047 0.992
vn 0.179 -0.159 0.971
vn 0.273 -0.233 0.933
vn 0.464 -0.261 0.847
vn -0.112 0.578 0.808
vn -0.123 0.626 0.770
vn -0.091 0.449 0.889
vn 0.491 -0.268 0.829
vn 0.488 -0.503 0.713
vn 0.603 -0.349 0.718
vn 0.616 -0.428 0.661
vn 0.617 -0.426 0.661
vn 0.615 -0.435 0.658
vn -0.127 0.701 0.702
vn -0.109 0.753 0.649
vn 0.601 -0.494 0.628
vn 0.601 -0.489 0.633
vn 0.588 -0.517 0.622
vn -0.122 0.819 0.561
vn -0.114 0.829 0.548
vn 0.584 -0.562 0.586
vn 0.571 -0.564 0.596
vn 0.545 -0.620 0.565
vn -0.096 0.874 0.476
vn 0.503 -0.678 0.536
vn 0.504 -0.686 0.525
vn 0.476 -0.722 0.502
vn -0.156 0.933 0.325
vn -0.155 0.935 0.317
vn 0.415 -0.769 0.487
vn -0.237 0.950 0.204
vn 0.410 -0.770 0.489
vn 0.384 -0.771 0.509
vn -0.275 0.932 0.237
vn 0.369 -0.778 0.509
vn 0.340 -0.785 0.519
vn 0.357 -0.788 0.502
vn -0.102 0.870 0.483
vn -0.132 0.843 0.522
vn 0.320 -0.831 0.455
vn -0.104 0.828 0.551
vn -0.159 0.819 0.551
vn 0.313 -0.842 0.439
vn 0.298 -0.862 0.410
vn -0.186 0.849 0.494
vn -0.185 0.891 0.415
vn 0.307 -0.873 0.378
vn -0.112 0.983 0.146
vn 0.316 -0.880 0.354
vn 0.353 -0.880 0.317
vn 0.323 -0.887 0.329
vn -0.098 0.995 0.023
vn 0.328 -0.914 0.240
vn -0.079 0.997 0.002
vn 0.319 -0.937 0.139
vn -0.073 0.997 0.004
vn 0.303 -0.949 0.085
vn -0.098 0.995 -0.015
vn 0.285 -0.954 0.094
vn -0.173 0.982 -0.080
vn 0.269 -0.955 0.124
vn 0.266 -0.954 0.137
vn 0.264 -0.955 0.134
vn -0.287 0.942 -0.172
vn 0.252 -0.953 0.170
vn 0.245 -0.958 0.150
vn -0.340 0.918 -0.206
vn 0.232 -0.965 0.122
vn -0.317 0.926 -0.205
vn -0.317 0.926 -0.206
vn -0.316 0.926 -0.205
vn 0.235 -0.970 0.063
vn -0.293 0.932 -0.215
vn -0.275 0.943 -0.188
vn 0.251 -0.968 0.002
vn -0.231 0.960 -0.157
vn 0.274 -0.961 -0.047
vn -0.189 0.974 -0.127
vn 0.298 -0.951 -0.082
vn -0.148 0.983 -0.108
vn 0.337 -0.936 -0.106
vn 0.319 -0.943 -0.099
vn -0.103 0.991 -0.089
vn 0.336 -0.937 -0.098
vn 0.331 -0.939 -0.097
vn -0.055 0.997 -0.054
vn 0.333 -0.939 -0.087
vn 0.329 -0.940 -0.087
vn -0.015 1.000 -0.014
vn 0.318 -0.943 -0.098
vn 0.320 -0.942 -0.096
vn -0.003 1.000 0.003
vn 0.305 -0.942 -0.138
vn 0.022 1.000 0.000
vn 0.298 -0.934 -0.195
vn -0.009 0.338 0.941
vn -0.074 0.430 0.900
vn 0.131 0.186 0.974
vn 0.330 0.065 0.942
vn 0.528 0.004 0.849
vn 0.644 -0.032 0.764
vn 0.515 -0.248 0.820
vn 0.657 -0.102 0.747
vn 0.618 -0.286 0.732
vn 0.608 -0.251 0.753
vn 0.596 -0.399 0.697
vn -0.121 0.588 0.800
vn -0.129 0.607 0.784
vn -0.080 0.481 0.873
vn 0.596 -0.401 0.696
vn 0.590 -0.499 0.635
vn 0.582 -0.501 0.640
vn 0.570 -0.532 0.626
vn -0.139 0.706 0.695
vn -0.137 0.736 0.663
vn 0.545 -0.580 0.605
vn 0.530 -0.594 0.605
vn 0.497 -0.639 0.588
vn -0.144 0.826 0.544
vn -0.162 0.825 0.542
vn 0.466 -0.702 0.539
vn 0.443 -0.713 0.543
vn 0.423 -0.738 0.526
vn -0.175 0.843 0.509
vn -0.170 0.929 0.328
vn 0.401 -0.781 0.479
vn -0.167 0.934 0.314
vn -0.316 0.921 0.228
vn 0.403 -0.780 0.478
vn 0.416 -0.770 0.484
vn 0.413 -0.775 0.478
vn -0.323 0.920 0.223
vn -0.354 0.911 0.210
vn 0.412 -0.769 0.489
vn 0.415 -0.770 0.486
vn 0.413 -0.772 0.484
vn -0.330 0.906 0.265
vn -0.276 0.881 0.386
vn 0.374 -0.808 0.456
vn -0.051 0.823 0.565
vn 0.351 -0.830 0.433
vn 0.328 -0.837 0.438
vn 0.336 -0.844 0.417
vn -0.045 0.829 0.558
vn -0.104 0.852 0.512
vn 0.315 -0.862 0.396
vn -0.246 0.907 0.342
vn -0.258 0.909 0.326
vn 0.307 -0.872 0.381
vn 0.303 -0.875 0.377
vn 0.303 -0.876 0.375
vn -0.344 0.928 0.144
vn 0.284 -0.904 0.320
vn -0.341 0.936 0.085
vn 0.259 -0.940 0.224
vn -0.302 0.952 0.046
vn 0.244 -0.960 0.139
vn 0.248 -0.961 0.125
vn 0.241 -0.963 0.124
vn -0.289 0.957 -0.018
vn 0.264 -0.962 0.077
vn 0.236 -0.969 0.075
vn -0.320 0.942 -0.097
vn 0.271 -0.958 0.091
vn 0.239 -0.967 0.089
vn -0.357 0.921 -0.158
vn 0.243 -0.962 0.128
vn -0.353 0.918 -0.181
vn 0.245 -0.959 0.142
vn -0.349 0.920 -0.181
vn -0.337 0.922 -0.190
vn -0.329 0.927 -0.178
vn 0.245 -0.963 0.116
vn -0.287 0.944 -0.161
vn 0.241 -0.968 0.064
vn -0.236 0.962 -0.139
vn 0.240 -0.971 0.013
vn -0.189 0.975 -0.113
vn 0.246 -0.969 -0.027
vn -0.150 0.985 -0.089
vn 0.265 -0.963 -0.056
vn -0.112 0.991 -0.069
vn 0.289 -0.954 -0.076
vn -0.070 0.997 -0.045
vn 0.307 -0.948 -0.089
vn -0.029 0.999 -0.014
vn 0.305 -0.947 -0.099
vn -0.009 1.000 0.005
vn 0.316 -0.943 -0.099
vn 0.283 -0.952 -0.122
vn -0.007 1.000 0.006
vn 0.280 -0.948 -0.148
vn 0.253 -0.954 -0.161
vn -0.005 1.000 0.003
vn 0.229 -0.951 -0.205
vn 0.234 -0.952 -0.197
vn 0.649 0.185 0.738
vn 0.792 0.226 0.567
vn 0.719 0.326 0.613
vn 0.696 0.072 0.714
vn 0.824 0.087 0.560
vn 0.732 -0.018 0.681
vn 0.822 -0.051 0.566
vn 0.721 -0.134 0.680
vn 0.792 -0.184 0.582
vn 0.713 -0.268 0.648
vn 0.736 -0.276 0.619
vn 0.695 -0.309 0.649
vn 0.405 0.396 0.824
vn 0.246 0.429 0.869
vn 0.714 0.329 0.618
vn 0.596 -0.401 0.696
vn 0.630 -0.359 0.689
vn 0.536 -0.496 0.683
vn 0.519 -0.492 0.699
vn 0.523 -0.513 0.681
vn -0.029 0.600 0.800
vn -0.031 0.602 0.798
vn 0.127 0.473 0.872
vn 0.519 -0.608 0.600
vn 0.508 -0.609 0.609
vn 0.500 -0.642 0.581
vn -0.132 0.768 0.627
vn -0.133 0.769 0.625
vn 0.430 -0.732 0.528
vn 0.431 -0.734 0.525
vn 0.424 -0.742 0.520
vn -0.180 0.891 0.417
vn 0.367 -0.785 0.498
vn -0.286 0.901 0.326
vn -0.302 0.903 0.306
vn 0.368 -0.785 0.498
vn 0.391 -0.782 0.485
vn 0.368 -0.784 0.500
vn -0.281 0.935 0.216
vn 0.385 -0.779 0.495
vn 0.385 -0.779 0.495
vn 0.385 -0.779 0.495
vn -0.126 0.916 0.381
vn 0.371 -0.805 0.462
vn 0.077 0.868 0.490
vn 0.108 0.854 0.509
vn 0.350 -0.831 0.432
vn 0.356 -0.829 0.431
vn 0.345 -0.839 0.422
vn 0.055 0.860 0.507
vn 0.329 -0.856 0.398
vn 0.022 0.869 0.494
vn -0.109 0.906 0.409
vn 0.321 -0.866 0.383
vn 0.320 -0.867 0.382
vn 0.320 -0.868 0.380
vn -0.261 0.914 0.311
vn -0.279 0.942 0.185
vn 0.294 -0.891 0.346
vn -0.349 0.930 0.118
vn -0.343 0.934 0.098
vn 0.250 -0.927 0.279
vn -0.366 0.928 0.071
vn -0.363 0.929 0.068
vn 0.222 -0.949 0.222
vn 0.225 -0.953 0.202
vn 0.205 -0.960 0.189
vn -0.374 0.926 0.043
vn -0.374 0.926 0.042
vn 0.184 -0.977 0.111
vn -0.375 0.927 0.033
vn -0.376 0.927 -0.008
vn 0.187 -0.979 0.080
vn -0.370 0.928 -0.045
vn -0.365 0.927 -0.083
vn -0.364 0.928 -0.082
vn 0.202 -0.974 0.104
vn -0.354 0.923 -0.148
vn -0.343 0.929 -0.141
vn 0.218 -0.965 0.144
vn -0.349 0.920 -0.179
vn -0.314 0.936 -0.157
vn 0.230 -0.961 0.153
vn -0.275 0.951 -0.138
vn 0.237 -0.964 0.117
vn -0.228 0.967 -0.111
vn 0.237 -0.970 0.059
vn -0.181 0.979 -0.090
vn 0.234 -0.972 0.009
vn -0.138 0.988 -0.072
vn 0.234 -0.972 -0.021
vn -0.101 0.993 -0.052
vn 0.242 -0.970 -0.038
vn -0.063 0.998 -0.030
vn 0.254 -0.966 -0.056
vn -0.029 1.000 -0.006
vn 0.263 -0.961 -0.080
vn -0.011 1.000 0.006
vn 0.261 -0.959 -0.111
vn -0.010 1.000 0.007
vn 0.243 -0.958 -0.150
vn -0.010 1.000 0.007
vn 0.216 -0.957 -0.193
vn -0.009 1.000 0.007
vn 0.223 -0.952 -0.209
vn 0.191 -0.955 -0.228
vn 0.779 0.247 0.576
vn 0.777 0.249 0.579
vn 0.775 0.271 0.571
vn 0.799 0.089 0.595
vn 0.781 0.091 0.617
vn 0.798 -0.067 0.598
vn 0.781 -0.073 0.621
vn 0.778 -0.228 0.586
vn 0.774 -0.232 0.589
vn 0.770 -0.269 0.579
vn 0.752 0.374 0.543
vn 0.754 0.393 0.526
vn 0.729 0.454 0.512
vn 0.791 0.230 0.566
vn 0.820 0.086 0.566
vn 0.819 -0.053 0.572
vn 0.788 -0.194 0.585
vn 0.746 -0.381 0.546
vn 0.742 -0.341 0.577
vn 0.705 -0.455 0.544
vn 0.682 0.472 0.559
vn 0.707 0.509 0.492
vn 0.679 0.531 0.508
vn 0.718 0.330 0.613
vn 0.648 -0.405 0.645
vn 0.683 -0.492 0.539
vn 0.613 -0.518 0.597
vn 0.447 0.538 0.715
vn 0.645 0.563 0.516
vn 0.590 0.596 0.545
vn 0.588 -0.531 0.611
vn 0.445 -0.592 0.672
vn 0.435 -0.590 0.680
vn 0.437 -0.598 0.672
vn 0.381 0.656 0.652
vn 0.334 0.709 0.622
vn 0.431 -0.726 0.535
vn -0.039 0.810 0.585
vn 0.115 0.856 0.504
vn 0.430 -0.729 0.532
vn 0.404 -0.787 0.467
vn 0.111 0.858 0.501
vn -0.037 0.907 0.419
vn 0.381 -0.793 0.476
vn 0.369 -0.791 0.488
vn 0.369 -0.795 0.482
vn 0.054 0.917 0.394
vn 0.047 0.918 0.394
vn 0.345 -0.789 0.509
vn 0.194 0.891 0.409
vn 0.341 -0.793 0.506
vn 0.323 -0.810 0.490
vn 0.290 0.868 0.403
vn 0.300 -0.843 0.446
vn 0.304 -0.842 0.446
vn 0.299 -0.844 0.444
vn 0.288 0.868 0.404
vn 0.230 0.875 0.427
vn 0.294 -0.861 0.415
vn 0.076 0.914 0.398
vn 0.294 -0.870 0.397
vn 0.046 0.925 0.377
vn -0.155 0.966 0.208
vn 0.294 -0.870 0.396
vn 0.288 -0.885 0.364
vn -0.264 0.958 0.111
vn 0.252 -0.919 0.303
vn -0.291 0.953 0.078
vn 0.216 -0.944 0.251
vn 0.218 -0.945 0.246
vn 0.200 -0.953 0.228
vn -0.306 0.950 0.055
vn 0.161 -0.974 0.156
vn -0.319 0.947 0.034
vn 0.156 -0.982 0.106
vn -0.373 0.928 -0.008
vn -0.327 0.945 -0.007
vn 0.175 -0.980 0.095
vn -0.319 0.945 -0.067
vn 0.197 -0.973 0.124
vn -0.289 0.951 -0.112
vn 0.205 -0.966 0.159
vn -0.244 0.963 -0.116
vn 0.202 -0.966 0.161
vn -0.195 0.976 -0.093
vn 0.200 -0.970 0.141
vn 0.211 -0.970 0.119
vn 0.197 -0.973 0.120
vn -0.152 0.986 -0.067
vn 0.227 -0.972 0.058
vn 0.199 -0.978 0.060
vn -0.115 0.992 -0.050
vn 0.230 -0.973 0.009
vn 0.207 -0.978 0.010
vn -0.081 0.996 -0.036
vn 0.231 -0.973 -0.020
vn 0.216 -0.976 -0.018
vn -0.047 0.999 -0.016
vn 0.236 -0.971 -0.035
vn 0.220 -0.975 -0.034
vn -0.022 1.000 0.002
vn 0.237 -0.970 -0.052
vn 0.219 -0.974 -0.052
vn -0.009 1.000 0.008
vn 0.226 -0.971 -0.078
vn 0.213 -0.974 -0.079
vn -0.008 1.000 0.006
vn 0.206 -0.971 -0.119
vn 0.209 -0.973 -0.103
vn -0.010 1.000 0.006
vn 0.196 -0.966 -0.168
vn -0.011 1.000 0.007
vn 0.184 -0.959 -0.215
vn -0.010 1.000 0.009
vn 0.175 -0.954 -0.245
vn 0.634 0.222 0.741
vn 0.584 0.208 0.785
vn 0.629 0.298 0.718
vn 0.648 0.082 0.757
vn 0.525 0.068 0.848
vn 0.649 -0.066 0.758
vn 0.521 -0.058 0.852
vn 0.632 -0.210 0.746
vn 0.573 -0.196 0.796
vn 0.622 -0.302 0.722
vn 0.682 0.504 0.530
vn 0.681 0.503 0.532
vn 0.680 0.510 0.526
vn 0.722 0.387 0.573
vn 0.653 0.362 0.665
vn 0.720 -0.377 0.583
vn 0.641 -0.355 0.680
vn 0.672 -0.505 0.542
vn 0.670 -0.505 0.544
vn 0.668 -0.518 0.534
vn 0.695 0.509 0.508
vn 0.656 0.600 0.458
vn 0.678 -0.497 0.541
vn 0.634 -0.606 0.481
vn 0.644 0.587 0.490
vn 0.652 0.612 0.448
vn 0.600 0.659 0.453
vn 0.595 -0.551 0.585
vn 0.632 -0.610 0.478
vn 0.544 -0.652 0.528
vn 0.536 0.713 0.451
vn 0.548 0.728 0.412
vn 0.515 0.749 0.416
vn 0.497 -0.680 0.539
vn 0.397 -0.702 0.591
vn 0.327 0.821 0.468
vn 0.333 -0.712 0.618
vn 0.427 -0.729 0.535
vn 0.349 -0.769 0.536
vn 0.127 0.857 0.500
vn 0.293 0.831 0.473
vn 0.291 0.852 0.435
vn 0.376 -0.805 0.459
vn 0.367 -0.804 0.468
vn 0.368 -0.810 0.457
vn 0.281 0.855 0.436
vn 0.348 -0.815 0.463
vn 0.295 0.850 0.435
vn 0.290 0.852 0.435
vn 0.315 -0.819 0.479
vn 0.324 -0.803 0.500
vn 0.299 -0.821 0.486
vn 0.306 0.859 0.411
vn 0.258 -0.843 0.472
vn 0.292 0.868 0.401
vn 0.309 0.862 0.402
vn 0.305 0.875 0.377
vn 0.249 -0.853 0.458
vn 0.245 -0.864 0.440
vn 0.224 0.926 0.304
vn 0.247 -0.874 0.419
vn 0.012 0.982 0.190
vn 0.007 0.989 0.149
vn -0.003 0.990 0.142
vn 0.247 -0.878 0.410
vn 0.293 -0.870 0.396
vn 0.247 -0.885 0.395
vn -0.146 0.986 0.081
vn 0.226 -0.913 0.338
vn -0.192 0.978 0.077
vn 0.187 -0.945 0.267
vn 0.194 -0.945 0.264
vn 0.182 -0.949 0.257
vn -0.219 0.974 0.059
vn 0.140 -0.972 0.189
vn -0.234 0.971 0.041
vn 0.124 -0.981 0.147
vn -0.248 0.968 0.022
vn 0.146 -0.981 0.126
vn -0.256 0.967 -0.009
vn 0.184 -0.975 0.123
vn -0.247 0.968 -0.046
vn 0.210 -0.968 0.136
vn -0.211 0.975 -0.069
vn 0.203 -0.968 0.150
vn -0.162 0.985 -0.067
vn 0.196 -0.969 0.148
vn 0.191 -0.969 0.154
vn 0.175 -0.974 0.145
vn -0.117 0.992 -0.049
vn 0.151 -0.982 0.113
vn -0.082 0.996 -0.032
vn 0.149 -0.987 0.067
vn -0.052 0.998 -0.019
vn 0.162 -0.986 0.025
vn -0.027 1.000 -0.005
vn 0.180 -0.984 -0.008
vn -0.010 1.000 0.006
vn 0.189 -0.981 -0.035
vn -0.005 1.000 0.009
vn 0.187 -0.981 -0.061
vn -0.006 1.000 0.007
vn 0.176 -0.980 -0.091
vn -0.008 1.000 0.005
vn 0.196 -0.973 -0.121
vn 0.161 -0.978 -0.130
vn -0.008 1.000 0.005
vn 0.147 -0.973 -0.177
vn 0.148 -0.974 -0.174
vn -0.009 1.000 0.007
vn 0.146 -0.965 -0.218
vn -0.010 1.000 0.009
vn 0.156 -0.958 -0.242
vn 0.572 0.444 0.689
vn 0.543 0.426 0.724
vn 0.564 0.468 0.680
vn 0.607 0.342 0.717
vn 0.392 0.232 0.890
vn 0.252 0.092 0.963
vn 0.187 0.021 0.982
vn 0.184 -0.024 0.983
vn 0.244 -0.092 0.965
vn 0.603 -0.338 0.722
vn 0.375 -0.227 0.899
vn 0.559 -0.443 0.701
vn 0.524 -0.422 0.740
vn 0.549 -0.470 0.691
vn 0.621 0.602 0.502
vn 0.609 0.597 0.523
vn 0.608 0.622 0.493
vn 0.611 -0.604 0.511
vn 0.599 -0.598 0.532
vn 0.600 -0.623 0.501
vn 0.648 0.611 0.455
vn 0.585 0.700 0.410
vn 0.631 -0.610 0.480
vn 0.575 -0.695 0.431
vn 0.557 0.720 0.414
vn 0.575 0.722 0.386
vn 0.522 0.765 0.378
vn 0.521 -0.694 0.497
vn 0.567 -0.710 0.418
vn 0.485 -0.750 0.450
vn 0.443 0.845 0.300
vn 0.338 -0.786 0.518
vn 0.342 -0.797 0.498
vn 0.336 -0.797 0.502
vn 0.300 0.852 0.430
vn 0.324 0.865 0.382
vn 0.295 0.867 0.401
vn 0.282 -0.787 0.548
vn 0.259 0.854 0.452
vn 0.284 -0.792 0.541
vn 0.305 -0.830 0.468
vn 0.293 0.849 0.440
vn 0.272 0.848 0.455
vn 0.280 0.850 0.447
vn 0.292 -0.848 0.442
vn 0.293 -0.848 0.442
vn 0.292 -0.849 0.441
vn 0.279 0.857 0.434
vn 0.257 -0.853 0.455
vn 0.298 0.861 0.412
vn 0.278 0.863 0.422
vn 0.273 0.869 0.412
vn 0.224 -0.861 0.457
vn 0.229 -0.858 0.460
vn 0.223 -0.861 0.456
vn 0.257 0.908 0.331
vn 0.219 -0.871 0.440
vn 0.073 0.992 0.107
vn 0.218 -0.880 0.422
vn 0.226 -0.879 0.420
vn 0.216 -0.882 0.419
vn -0.007 0.993 0.116
vn -0.027 1.000 0.013
vn 0.199 -0.905 0.376
vn -0.077 0.996 0.037
vn -0.062 0.998 0.028
vn 0.163 -0.940 0.299
vn -0.081 0.996 0.034
vn -0.101 0.994 0.040
vn 0.152 -0.949 0.276
vn 0.122 -0.968 0.217
vn -0.131 0.991 0.037
vn 0.098 -0.980 0.171
vn -0.149 0.988 0.027
vn 0.101 -0.982 0.163
vn -0.160 0.987 0.012
vn 0.136 -0.976 0.168
vn -0.162 0.987 -0.007
vn 0.181 -0.970 0.161
vn -0.150 0.988 -0.024
vn 0.201 -0.969 0.146
vn 0.206 -0.968 0.142
vn 0.206 -0.968 0.142
vn -0.120 0.992 -0.030
vn 0.201 -0.969 0.145
vn 0.191 -0.974 0.124
vn -0.085 0.996 -0.025
vn 0.156 -0.981 0.110
vn -0.054 0.998 -0.014
vn 0.126 -0.988 0.094
vn -0.031 1.000 -0.003
vn 0.116 -0.991 0.070
vn -0.013 1.000 0.004
vn 0.125 -0.991 0.040
vn -0.001 1.000 0.006
vn 0.140 -0.990 0.008
vn 0.001 1.000 0.007
vn 0.153 -0.988 -0.028
vn -0.002 1.000 0.006
vn 0.158 -0.985 -0.065
vn -0.005 1.000 0.005
vn 0.152 -0.983 -0.104
vn -0.006 1.000 0.004
vn 0.136 -0.980 -0.146
vn -0.007 1.000 0.004
vn 0.144 -0.973 -0.178
vn 0.119 -0.975 -0.186
vn -0.007 1.000 0.006
vn 0.115 -0.971 -0.212
vn 0.115 -0.973 -0.202
vn -0.009 1.000 0.007
vn 0.130 -0.965 -0.226
vn 0.511 0.540 0.668
vn 0.461 0.509 0.727
vn 0.487 0.566 0.665
vn 0.270 0.243 0.931
vn 0.110 0.060 0.992
vn 0.042 0.003 0.999
vn 0.021 -0.000 1.000
vn 0.021 -0.000 1.000
vn 0.044 -0.006 0.999
vn 0.110 -0.067 0.992
vn 0.265 -0.244 0.933
vn 0.499 -0.537 0.680
vn 0.448 -0.503 0.739
vn 0.475 -0.561 0.678
vn 0.537 0.707 0.460
vn 0.530 0.706 0.470
vn 0.529 0.714 0.459
vn 0.534 -0.704 0.468
vn 0.526 -0.703 0.479
vn 0.524 -0.712 0.467
vn 0.570 0.718 0.401
vn 0.509 0.773 0.378
vn 0.564 -0.709 0.423
vn 0.497 -0.770 0.400
vn 0.478 0.823 0.306
vn 0.453 -0.815 0.361
vn 0.435 0.864 0.253
vn 0.476 0.838 0.269
vn 0.428 0.879 0.212
vn 0.453 -0.815 0.361
vn 0.348 -0.846 0.403
vn 0.327 0.908 0.263
vn 0.231 -0.807 0.543
vn 0.261 -0.794 0.549
vn 0.238 -0.808 0.539
vn 0.238 0.848 0.473
vn 0.259 -0.844 0.470
vn 0.238 0.847 0.476
vn 0.239 0.860 0.451
vn 0.257 -0.855 0.450
vn 0.259 -0.866 0.429
vn 0.238 0.870 0.431
vn 0.231 0.871 0.433
vn 0.230 0.872 0.431
vn 0.244 -0.867 0.435
vn 0.219 0.890 0.400
vn 0.236 -0.867 0.440
vn 0.230 -0.866 0.443
vn 0.098 0.980 0.172
vn 0.220 -0.874 0.433
vn -0.009 1.000 0.008
vn 0.215 -0.880 0.424
vn 0.198 -0.895 0.401
vn -0.013 1.000 0.007
vn 0.159 -0.924 0.348
vn -0.017 1.000 0.007
vn 0.127 -0.953 0.276
vn 0.139 -0.950 0.278
vn 0.117 -0.959 0.259
vn -0.076 0.997 0.029
vn -0.032 0.999 0.009
vn 0.090 -0.977 0.191
vn -0.071 0.997 0.019
vn -0.047 0.999 0.012
vn 0.083 -0.982 0.167
vn -0.068 0.998 0.014
vn -0.059 0.998 0.013
vn 0.094 -0.978 0.186
vn -0.065 0.998 0.007
vn -0.065 0.998 0.007
vn 0.120 -0.971 0.208
vn -0.064 0.998 -0.000
vn 0.143 -0.970 0.199
vn 0.159 -0.970 0.185
vn 0.150 -0.969 0.194
vn -0.056 0.998 -0.004
vn -0.055 0.998 -0.005
vn -0.054 0.999 -0.005
vn 0.165 -0.975 0.146
vn -0.047 0.999 -0.007
vn -0.040 0.999 -0.005
vn 0.159 -0.982 0.103
vn -0.038 0.999 -0.005
vn -0.027 1.000 0.000
vn 0.138 -0.987 0.080
vn -0.026 1.000 0.001
vn -0.017 1.000 0.005
vn 0.117 -0.990 0.073
vn -0.010 1.000 0.008
vn -0.009 1.000 0.009
vn 0.107 -0.992 0.066
vn -0.004 1.000 0.010
vn 0.107 -0.993 0.048
vn -0.000 1.000 0.009
vn 0.113 -0.993 0.020
vn 0.001 1.000 0.006
vn 0.121 -0.993 -0.017
vn -0.001 1.000 0.004
vn 0.128 -0.990 -0.062
vn -0.003 1.000 0.003
vn 0.128 -0.985 -0.112
vn -0.005 1.000 0.003
vn 0.120 -0.980 -0.160
vn -0.006 1.000 0.004
vn 0.111 -0.975 -0.194
vn -0.007 1.000 0.005
vn 0.107 -0.972 -0.209
vn 0.106 -0.972 -0.208
vn -0.008 1.000 0.006
vn 0.107 -0.971 -0.213
vn 0.106 -0.972 -0.209
vn 0.421 0.644 0.639
vn 0.416 0.641 0.645
vn 0.417 0.646 0.639
vn 0.241 0.319 0.917
vn 0.060 0.067 0.996
vn 0.003 0.000 1.000
vn -0.000 -0.000 1.000
vn -0.000 -0.000 1.000
vn -0.000 -0.000 1.000
vn -0.000 -0.000 1.000
vn 0.006 -0.002 1.000
vn 0.067 -0.078 0.995
vn 0.239 -0.325 0.915
vn 0.403 -0.640 0.654
vn 0.401 -0.639 0.656
vn 0.402 -0.641 0.654
vn 0.443 0.775 0.451
vn 0.432 -0.772 0.466
vn 0.452 0.825 0.339
vn 0.442 0.824 0.354
vn 0.431 0.837 0.337
vn 0.437 -0.817 0.377
vn 0.447 -0.816 0.366
vn 0.422 -0.830 0.366
vn 0.470 0.830 0.300
vn 0.400 0.867 0.297
vn 0.453 -0.815 0.361
vn 0.376 -0.855 0.357
vn 0.374 0.910 0.180
vn 0.311 -0.885 0.347
vn 0.310 0.925 0.218
vn 0.279 -0.873 0.400
vn 0.255 -0.833 0.491
vn 0.236 0.849 0.472
vn 0.256 0.896 0.364
vn 0.214 0.874 0.436
vn 0.245 -0.842 0.480
vn 0.249 -0.850 0.465
vn 0.246 -0.850 0.466
vn 0.182 0.879 0.441
vn 0.253 -0.868 0.427
vn 0.174 0.883 0.436
vn 0.168 0.890 0.425
vn 0.258 -0.866 0.428
vn 0.252 -0.866 0.431
vn 0.258 -0.866 0.429
vn 0.159 0.936 0.315
vn 0.251 -0.867 0.430
vn -0.002 0.997 0.075
vn 0.235 -0.879 0.415
vn 0.227 -0.879 0.419
vn 0.229 -0.884 0.408
vn -0.009 1.000 0.003
vn 0.185 -0.915 0.358
vn -0.010 1.000 0.006
vn 0.124 -0.944 0.305
vn -0.011 1.000 0.008
vn 0.121 -0.950 0.287
vn 0.100 -0.961 0.258
vn -0.010 1.000 0.009
vn 0.077 -0.980 0.182
vn -0.010 1.000 0.008
vn 0.083 -0.981 0.176
vn -0.012 1.000 0.008
vn 0.094 -0.974 0.207
vn -0.065 0.998 0.007
vn -0.013 1.000 0.006
vn 0.095 -0.970 0.225
vn -0.055 0.998 0.000
vn -0.012 1.000 0.004
vn 0.095 -0.970 0.223
vn 0.098 -0.974 0.207
vn -0.009 1.000 0.001
vn 0.104 -0.983 0.152
vn -0.006 1.000 -0.001
vn 0.109 -0.989 0.098
vn -0.006 1.000 0.000
vn 0.109 -0.992 0.069
vn -0.007 1.000 0.005
vn 0.106 -0.992 0.063
vn -0.008 1.000 0.009
vn -0.007 1.000 0.011
vn 0.103 -0.993 0.061
vn -0.006 1.000 0.012
vn -0.005 1.000 0.013
vn 0.101 -0.994 0.047
vn -0.004 1.000 0.011
vn 0.098 -0.995 0.022
vn -0.002 1.000 0.006
vn 0.095 -0.995 -0.014
vn -0.001 1.000 0.003
vn 0.091 -0.994 -0.059
vn -0.001 1.000 0.001
vn 0.090 -0.990 -0.111
vn -0.003 1.000 0.002
vn 0.094 -0.982 -0.161
vn -0.005 1.000 0.002
vn 0.101 -0.975 -0.196
vn -0.006 1.000 0.004
vn 0.103 -0.972 -0.213
vn -0.006 1.000 0.006
vn 0.089 -0.971 -0.221
vn 0.096 -0.971 -0.218
vn 0.271 0.500 0.822
vn 0.335 0.679 0.653
vn 0.066 0.137 0.988
vn 0.000 0.002 1.000
vn -0.000 -0.000 1.000
vn -0.000 -0.000 1.000
vn -0.000 -0.000 1.000
vn -0.000 -0.000 1.000
vn -0.000 -0.000 1.000
vn -0.000 -0.000 1.000
vn 0.002 -0.009 1.000
vn 0.078 -0.155 0.985
vn 0.261 -0.512 0.819
vn 0.312 -0.671 0.672
vn 0.394 0.814 0.427
vn 0.365 0.804 0.469
vn 0.361 0.827 0.432
vn 0.346 -0.805 0.482
vn 0.379 -0.812 0.445
vn 0.341 -0.824 0.452
vn 0.355 0.868 0.347
vn 0.334 -0.861 0.383
vn 0.350 0.893 0.282
vn 0.332 -0.881 0.338
vn 0.349 0.924 0.156
vn 0.352 0.919 0.178
vn 0.339 0.929 0.149
vn 0.332 -0.892 0.308
vn 0.306 -0.891 0.334
vn 0.310 -0.897 0.314
vn 0.292 0.938 0.188
vn 0.277 0.953 0.120
vn 0.241 -0.858 0.453
vn 0.172 0.921 0.349
vn 0.224 -0.843 0.489
vn 0.233 -0.854 0.464
vn 0.132 0.895 0.426
vn 0.245 -0.866 0.435
vn 0.131 0.895 0.427
vn 0.125 0.900 0.418
vn 0.248 -0.866 0.434
vn 0.248 -0.868 0.430
vn 0.073 0.974 0.214
vn 0.239 -0.879 0.413
vn -0.005 1.000 0.015
vn 0.234 -0.884 0.405
vn 0.204 -0.908 0.365
vn -0.006 1.000 0.001
vn 0.161 -0.946 0.281
vn -0.008 1.000 0.005
vn -0.110 -0.286 -0.952
vn 0.564 -0.337 -0.754
vn 0.518 -0.216 -0.828
vn 0.489 0.006 -0.873
vn -0.571 0.007 -0.821
vn 0.522 0.229 -0.822
vn -0.048 0.302 -0.952
vn 0.564 0.337 -0.754
vn 0.119 -0.949 0.291
vn 0.119 -0.949 0.292
vn 0.116 -0.950 0.289
vn -0.009 1.000 0.008
vn 0.581 -0.230 0.781
vn 0.243 0.006 0.970
vn 0.466 -0.125 0.876
vn 0.466 0.122 0.876
vn 0.635 0.265 0.726
vn 0.084 -0.964 0.254
vn -0.009 1.000 0.010
vn 0.459 0.005 0.888
vn 0.066 -0.980 0.188
vn -0.008 1.000 0.010
vn 0.084 -0.973 0.217
vn -0.006 1.000 0.009
vn 0.070 -0.973 0.220
vn -0.005 1.000 0.007
vn 0.056 -0.975 0.214
vn 0.069 -0.973 0.220
vn 0.054 -0.975 0.216
vn -0.005 1.000 0.004
vn 0.039 -0.978 0.203
vn -0.005 1.000 0.001
vn 0.039 -0.987 0.159
vn -0.004 1.000 -0.002
vn 0.051 -0.993 0.108
vn -0.004 1.000 -0.000
vn 0.064 -0.995 0.077
vn -0.004 1.000 0.005
vn 0.074 -0.995 0.066
vn -0.005 1.000 0.011
vn 0.080 -0.995 0.061
vn -0.006 1.000 0.013
vn -0.006 1.000 0.013
vn 0.082 -0.996 0.045
vn -0.007 1.000 0.012
vn 0.078 -0.997 0.014
vn -0.005 1.000 0.008
vn 0.062 -0.998 -0.025
vn -0.003 1.000 0.004
vn 0.042 -0.997 -0.068
vn -0.002 1.000 0.001
vn 0.031 -0.994 -0.110
vn -0.002 1.000 -0.000
vn 0.041 -0.988 -0.148
vn -0.004 1.000 0.000
vn 0.063 -0.981 -0.185
vn -0.006 1.000 0.003
vn 0.075 -0.972 -0.221
vn -0.005 1.000 0.007
vn 0.058 -0.967 -0.248
vn 0.059 -0.967 -0.247
vn 0.133 0.324 0.937
vn 0.276 0.743 0.609
vn 0.002 0.040 0.999
vn -0.000 -0.000 1.000
vn -0.000 -0.000 1.000
vn -0.000 -0.000 1.000
vn -0.000 -0.000 1.000
vn -0.000 -0.000 1.000
vn -0.000 -0.000 1.000
vn -0.000 -0.000 1.000
vn -0.000 -0.000 1.000
vn 0.009 -0.060 0.998
vn 0.141 -0.356 0.924
vn 0.246 -0.726 0.642
vn 0.279 0.753 0.595
vn 0.281 0.856 0.434
vn 0.256 -0.762 0.595
vn 0.259 -0.847 0.465
vn 0.278 0.903 0.327
vn 0.265 -0.888 0.376
vn 0.311 0.911 0.270
vn 0.278 0.916 0.291
vn 0.258 0.926 0.277
vn 0.271 -0.897 0.350
vn 0.313 -0.889 0.334
vn 0.249 -0.899 0.360
vn 0.229 0.964 0.135
vn 0.206 -0.925 0.320
vn 0.188 0.981 0.048
vn 0.160 -0.881 0.445
vn 0.184 -0.867 0.464
vn 0.166 -0.876 0.454
vn 0.116 0.949 0.293
vn 0.182 -0.865 0.467
vn 0.119 0.898 0.424
vn 0.103 0.902 0.420
vn 0.104 0.902 0.420
vn 0.186 -0.871 0.455
vn 0.229 -0.869 0.439
vn 0.185 -0.875 0.446
vn 0.109 0.914 0.391
vn 0.181 -0.884 0.431
vn 0.011 0.989 0.149
vn 0.172 -0.897 0.407
vn 0.215 -0.888 0.407
vn 0.164 -0.905 0.392
vn -0.006 1.000 0.006
vn 0.132 -0.936 0.327
vn -0.005 1.000 0.001
vn 0.096 -0.960 0.263
vn -0.006 1.000 0.004
vn 0.675 -0.219 -0.705
vn 0.742 0.006 -0.671
vn 0.667 0.231 -0.709
vn 0.079 -0.968 0.237
vn 0.069 -0.973 0.219
vn -0.007 1.000 0.007
vn 0.516 0.005 0.857
vn 0.052 -0.979 0.196
vn -0.007 1.000 0.010
vn 0.048 -0.979 0.197
vn -0.007 1.000 0.011
vn -0.624 -0.112 -0.773
vn 0.158 -0.624 -0.765
vn 0.277 -0.121 -0.953
vn 0.261 0.538 -0.801
vn -0.059 0.575 -0.816
vn 0.243 0.591 -0.769
vn 0.046 -0.977 0.207
vn -0.007 1.000 0.010
vn -0.768 -0.092 0.634
vn -0.623 -0.467 0.627
vn -0.495 0.505 0.707
vn -0.350 0.601 0.719
vn -0.006 -0.977 0.211
vn -0.006 1.000 0.008
vn -0.391 -0.070 0.918
vn -0.327 0.499 0.803
vn 0.006 -0.981 0.193
vn -0.001 -0.981 0.194
vn -0.006 1.000 0.005
vn -0.019 -0.981 0.191
vn -0.005 1.000 0.001
vn -0.023 -0.986 0.164
vn -0.003 1.000 -0.001
vn -0.013 -0.992 0.124
vn -0.002 1.000 0.000
vn 0.003 -0.996 0.093
vn -0.001 1.000 0.004
vn 0.018 -0.997 0.079
vn -0.003 1.000 0.009
vn 0.030 -0.997 0.069
vn -0.006 1.000 0.013
vn -0.006 1.000 0.012
vn 0.038 -0.998 0.046
vn -0.007 1.000 0.012
vn -0.008 1.000 0.012
vn 0.035 -0.999 0.002
vn -0.007 1.000 0.010
vn 0.013 -0.999 -0.051
vn -0.006 1.000 0.006
vn -0.017 -0.996 -0.091
vn -0.004 1.000 0.002
vn -0.035 -0.993 -0.112
vn -0.003 1.000 -0.001
vn -0.026 -0.991 -0.129
vn -0.004 1.000 -0.001
vn -0.000 -0.986 -0.165
vn -0.004 1.000 0.004
vn 0.018 -0.975 -0.223
vn -0.003 1.000 0.009
vn 0.043 -0.966 -0.257
vn 0.007 -0.961 -0.276
vn 0.272 0.748 0.606
vn 0.189 0.672 0.716
vn 0.200 0.757 0.623
vn 0.039 0.199 0.979
vn -0.000 0.004 1.000
vn -0.000 -0.000 1.000
vn -0.000 -0.000 1.000
vn -0.000 -0.000 1.000
vn -0.000 -0.000 1.000
vn -0.000 -0.000 1.000
vn -0.000 -0.000 1.000
vn -0.000 -0.000 1.000
vn -0.000 -0.000 1.000
vn -0.000 -0.015 1.000
vn 0.059 -0.241 0.969
vn 0.228 -0.743 0.629
vn 0.174 -0.700 0.693
vn 0.178 -0.748 0.640
vn 0.205 0.888 0.412
vn 0.186 -0.872 0.452
vn 0.236 0.920 0.313
vn 0.202 0.923 0.329
vn 0.192 0.929 0.316
vn 0.192 -0.907 0.375
vn 0.226 -0.903 0.366
vn 0.183 -0.909 0.375
vn 0.170 0.945 0.280
vn 0.157 -0.914 0.373
vn 0.155 0.980 0.123
vn 0.126 -0.942 0.311
vn 0.117 0.993 0.010
vn 0.103 -0.918 0.382
vn 0.104 -0.898 0.427
vn 0.062 0.961 0.269
vn 0.096 -0.879 0.467
vn 0.074 0.904 0.421
vn 0.082 0.899 0.431
vn 0.094 -0.880 0.466
vn 0.090 -0.888 0.451
vn 0.098 0.933 0.346
vn 0.082 -0.901 0.426
vn 0.004 0.996 0.094
vn 0.076 -0.911 0.406
vn 0.063 -0.926 0.373
vn -0.005 1.000 0.002
vn 0.041 -0.951 0.305
vn -0.006 1.000 0.001
vn 0.029 -0.968 0.248
vn -0.005 1.000 0.003
vn 0.029 -0.971 0.235
vn 0.033 -0.977 0.211
vn -0.005 1.000 0.007
vn 0.035 -0.982 0.188
vn -0.005 1.000 0.009
vn 0.021 -0.985 0.169
vn -0.006 1.000 0.011
vn 0.491 -0.058 -0.869
vn 0.351 0.496 -0.794
vn -0.005 -0.993 0.115
vn -0.007 1.000 0.010
vn -0.178 -0.983 -0.042
vn 0.449 -0.875 -0.181
vn 0.470 -0.602 -0.645
vn 0.677 -0.130 -0.725
vn -0.593 -0.582 0.557
vn 0.834 0.156 -0.529
vn 0.836 0.474 -0.276
vn 0.768 0.630 -0.117
vn -0.037 -0.975 0.217
vn -0.006 1.000 0.008
vn 0.451 -0.703 0.550
vn 0.420 -0.134 0.898
vn 0.594 0.203 0.779
vn 0.803 0.551 0.225
vn -0.057 -0.980 0.189
vn -0.060 -0.980 0.188
vn -0.005 1.000 0.006
vn -0.067 -0.981 0.180
vn -0.004 1.000 0.003
vn -0.072 -0.984 0.165
vn -0.001 1.000 0.001
vn -0.068 -0.989 0.135
vn 0.001 1.000 0.001
vn -0.057 -0.993 0.108
vn 0.001 1.000 0.003
vn -0.044 -0.995 0.092
vn -0.001 1.000 0.006
vn -0.033 -0.996 0.080
vn -0.004 1.000 0.009
vn -0.026 -0.998 0.050
vn -0.007 1.000 0.010
vn -0.007 1.000 0.010
vn -0.028 -1.000 -0.010
vn -0.007 1.000 0.010
vn -0.008 1.000 0.010
vn -0.046 -0.996 -0.078
vn -0.008 1.000 0.008
vn -0.071 -0.991 -0.117
vn -0.006 1.000 0.004
vn -0.088 -0.989 -0.117
vn -0.005 1.000 -0.000
vn -0.084 -0.990 -0.113
vn -0.004 1.000 -0.001
vn -0.067 -0.987 -0.144
vn -0.003 1.000 0.004
vn -0.050 -0.975 -0.216
vn -0.003 1.000 0.010
vn -0.049 -0.955 -0.291
vn 0.111 0.583 0.805
vn 0.131 0.770 0.625
vn 0.004 0.127 0.992
vn -0.000 -0.000 1.000
vn -0.000 -0.000 1.000
vn -0.000 -0.000 1.000
vn -0.000 -0.000 1.000
vn -0.000 -0.000 1.000
vn -0.000 -0.000 1.000
vn -0.000 -0.000 1.000
vn -0.000 -0.000 1.000
vn -0.000 -0.000 1.000
vn -0.000 -0.001 1.000
vn 0.015 -0.172 0.985
vn 0.107 -0.635 0.765
vn 0.116 -0.755 0.646
vn 0.137 0.914 0.383
vn 0.125 -0.892 0.434
vn 0.136 0.923 0.359
vn 0.122 0.941 0.316
vn 0.126 -0.910 0.395
vn 0.115 -0.916 0.385
vn 0.108 0.955 0.276
vn 0.098 -0.923 0.372
vn 0.102 0.989 0.110
vn 0.083 -0.952 0.294
vn 0.067 0.997 -0.027
vn 0.074 -0.945 0.319
vn 0.049 -0.920 0.388
vn 0.018 0.967 0.254
vn 0.020 -0.890 0.456
vn 0.038 0.903 0.428
vn 0.052 0.888 0.458
vn 0.017 -0.888 0.459
vn 0.011 -0.894 0.447
vn 0.073 0.952 0.297
vn 0.002 -0.909 0.417
vn 0.002 0.999 0.051
vn -0.002 -0.917 0.398
vn -0.010 -0.934 0.358
vn -0.004 1.000 -0.003
vn -0.021 -0.954 0.300
vn -0.005 1.000 0.001
vn -0.016 -0.966 0.258
vn -0.004 1.000 0.005
vn -0.012 -0.969 0.247
vn 0.002 -0.975 0.224
vn -0.003 1.000 0.007
vn 0.011 -0.983 0.184
vn -0.003 1.000 0.009
vn -0.004 -0.989 0.145
vn -0.004 1.000 0.009
vn -0.037 -0.990 0.135
vn -0.005 1.000 0.010
vn 0.798 -0.584 -0.147
vn 0.989 -0.117 -0.094
vn 0.984 0.162 -0.071
vn 0.883 0.461 -0.091
vn -0.029 -0.988 0.151
vn -0.006 1.000 0.009
vn -0.068 -0.982 0.178
vn -0.081 -0.983 0.163
vn -0.005 1.000 0.008
vn -0.086 -0.983 0.164
vn -0.091 -0.981 0.173
vn -0.003 1.000 0.006
vn -0.094 -0.982 0.162
vn -0.001 1.000 0.004
vn -0.096 -0.986 0.138
vn 0.002 1.000 0.003
vn -0.092 -0.989 0.116
vn 0.003 1.000 0.003
vn -0.087 -0.991 0.102
vn 0.002 1.000 0.004
vn -0.082 -0.993 0.087
vn -0.001 1.000 0.005
vn -0.082 -0.995 0.051
vn -0.004 1.000 0.008
vn -0.086 -0.996 -0.018
vn -0.006 1.000 0.009
vn -0.006 1.000 0.009
vn -0.095 -0.991 -0.094
vn -0.007 1.000 0.008
vn -0.105 -0.986 -0.133
vn -0.006 1.000 0.005
vn -0.115 -0.986 -0.124
vn -0.005 1.000 0.001
vn -0.118 -0.987 -0.107
vn -0.003 1.000 0.001
vn -0.113 -0.985 -0.130
vn -0.002 1.000 0.004
vn -0.102 -0.973 -0.205
vn -0.003 1.000 0.009
vn -0.051 -0.955 -0.291
vn -0.088 -0.954 -0.286
vn -0.093 -0.960 -0.265
vn 0.052 0.520 0.852
vn 0.070 0.782 0.619
vn -0.000 0.090 0.996
vn -0.000 -0.000 1.000
vn -0.000 -0.000 1.000
vn -0.000 -0.000 1.000
vn -0.000 -0.000 1.000
vn -0.000 -0.000 1.000
vn -0.000 -0.000 1.000
vn -0.000 -0.000 1.000
vn -0.000 -0.000 1.000
vn -0.000 -0.000 1.000
vn -0.000 -0.000 1.000
vn 0.001 -0.134 0.991
vn 0.056 -0.585 0.809
vn 0.065 -0.761 0.646
vn 0.105 0.922 0.372
vn 0.076 0.920 0.385
vn 0.075 0.925 0.374
vn 0.073 -0.905 0.420
vn 0.067 0.948 0.312
vn 0.073 -0.909 0.411
vn 0.064 -0.920 0.386
vn 0.059 0.961 0.271
vn 0.050 -0.930 0.364
vn 0.057 0.993 0.099
vn 0.039 -0.960 0.276
vn 0.031 0.998 -0.061
vn 0.038 -0.960 0.278
vn 0.007 -0.936 0.352
vn -0.009 0.973 0.232
vn -0.015 -0.897 0.442
vn 0.006 0.899 0.438
vn 0.015 0.875 0.484
vn -0.018 -0.894 0.448
vn -0.025 -0.897 0.441
vn 0.034 0.964 0.264
vn -0.034 -0.911 0.410
vn 0.001 1.000 0.026
vn -0.038 -0.921 0.387
vn -0.039 -0.935 0.353
vn -0.001 1.000 -0.005
vn -0.037 -0.952 0.304
vn -0.002 1.000 0.001
vn -0.030 -0.962 0.273
vn -0.002 1.000 0.006
vn -0.027 -0.966 0.259
vn -0.023 -0.971 0.237
vn -0.002 1.000 0.008
vn -0.024 -0.983 0.180
vn -0.002 1.000 0.008
vn -0.035 -0.992 0.124
vn -0.003 1.000 0.008
vn -0.050 -0.994 0.100
vn -0.004 1.000 0.009
vn -0.065 -0.991 0.116
vn -0.005 1.000 0.009
vn -0.077 -0.986 0.150
vn -0.005 1.000 0.009
vn -0.084 -0.982 0.167
vn -0.085 -0.982 0.169
vn -0.004 1.000 0.008
vn -0.091 -0.983 0.158
vn -0.001 1.000 0.006
vn -0.096 -0.986 0.136
vn 0.002 1.000 0.005
vn -0.097 -0.988 0.117
vn 0.005 1.000 0.003
vn -0.097 -0.990 0.103
vn 0.005 1.000 0.002
vn -0.103 -0.991 0.085
vn 0.004 1.000 0.003
vn -0.113 -0.992 0.046
vn 0.002 1.000 0.005
vn -0.122 -0.992 -0.023
vn -0.003 1.000 0.009
vn 0.000 1.000 0.008
vn -0.123 -0.988 -0.098
vn 0.000 1.000 0.008
vn -0.001 1.000 0.008
vn -0.120 -0.983 -0.137
vn -0.002 1.000 0.005
vn -0.121 -0.984 -0.129
vn -0.002 1.000 0.002
vn -0.128 -0.986 -0.110
vn -0.003 1.000 0.002
vn -0.133 -0.983 -0.126
vn -0.003 1.000 0.004
vn -0.127 -0.973 -0.192
vn -0.005 1.000 0.007
vn -0.101 -0.958 -0.267
vn -0.122 -0.970 -0.212
vn 0.007 0.493 0.870
vn 0.013 0.788 0.616
vn -0.000 0.077 0.997
vn -0.000 -0.000 1.000
vn -0.000 -0.000 1.000
vn -0.000 -0.000 1.000
vn -0.000 -0.000 1.000
vn -0.000 -0.000 1.000
vn -0.000 -0.000 1.000
vn -0.000 -0.000 1.000
vn -0.000 -0.000 1.000
vn -0.000 -0.000 1.000
vn -0.000 -0.000 1.000
vn -0.000 -0.118 0.993
vn 0.015 -0.561 0.828
vn 0.019 -0.764 0.645
vn 0.015 0.916 0.400
vn 0.015 0.926 0.376
vn 0.024 -0.907 0.420
vn 0.048 -0.909 0.415
vn 0.024 -0.909 0.416
vn 0.015 0.950 0.311
vn 0.016 -0.924 0.381
vn 0.014 0.963 0.268
vn 0.005 -0.935 0.354
vn 0.014 0.996 0.092
vn -0.005 -0.965 0.262
vn 0.010 -0.964 0.267
vn -0.005 -0.965 0.262
vn 0.004 0.997 -0.083
vn -0.016 -0.943 0.334
vn -0.016 0.978 0.206
vn -0.019 -0.901 0.434
vn -0.012 0.897 0.441
vn -0.015 0.869 0.495
vn -0.021 -0.898 0.439
vn -0.028 -0.902 0.431
vn -0.004 0.965 0.263
vn -0.042 -0.913 0.406
vn 0.002 1.000 0.020
vn -0.045 -0.923 0.381
vn -0.043 -0.933 0.357
vn 0.002 1.000 -0.006
vn -0.035 -0.950 0.311
vn 0.001 1.000 0.000
vn -0.036 -0.961 0.274
vn -0.000 1.000 0.005
vn -0.043 -0.967 0.251
vn -0.052 -0.972 0.230
vn -0.001 1.000 0.007
vn -0.070 -0.983 0.171
vn -0.001 1.000 0.008
vn -0.072 -0.990 0.119
vn -0.002 1.000 0.007
vn -0.061 -0.993 0.097
vn -0.003 1.000 0.007
vn -0.051 -0.992 0.111
vn -0.004 1.000 0.007
vn -0.054 -0.988 0.142
vn -0.006 1.000 0.008
vn -0.079 -0.983 0.166
vn -0.066 -0.985 0.159
vn -0.006 1.000 0.009
vn -0.070 -0.985 0.158
vn -0.079 -0.985 0.152
vn -0.003 1.000 0.010
vn -0.086 -0.987 0.134
vn 0.001 1.000 0.009
vn -0.087 -0.989 0.116
vn 0.005 1.000 0.006
vn -0.092 -0.991 0.096
vn 0.008 1.000 0.003
vn -0.108 -0.992 0.071
vn 0.009 1.000 0.002
vn -0.128 -0.991 0.031
vn 0.009 1.000 0.004
vn -0.143 -0.989 -0.029
vn 0.004 1.000 0.007
vn 0.008 1.000 0.005
vn 0.008 1.000 0.006
vn -0.141 -0.986 -0.093
vn 0.006 1.000 0.006
vn -0.129 -0.983 -0.130
vn 0.004 1.000 0.004
vn -0.120 -0.984 -0.130
vn 0.001 1.000 0.001
vn -0.126 -0.985 -0.117
vn -0.002 1.000 -0.000
vn -0.136 -0.982 -0.128
vn -0.005 1.000 0.002
vn -0.129 -0.974 -0.185
vn -0.131 -0.976 -0.176
vn -0.134 -0.979 -0.151
vn -0.007 1.000 0.005
vn -0.099 -0.967 -0.235
vn -0.037 0.502 0.864
vn -0.048 0.784 0.619
vn -0.000 0.084 0.997
vn -0.000 -0.000 1.000
vn -0.000 -0.000 1.000
vn -0.000 -0.000 1.000
vn -0.000 -0.000 1.000
vn -0.000 -0.000 1.000
vn -0.000 -0.000 1.000
vn -0.000 -0.000 1.000
vn -0.000 -0.000 1.000
vn -0.000 -0.000 1.000
vn -0.000 -0.000 1.000
vn -0.000 -0.120 0.993
vn -0.026 -0.564 0.825
vn -0.030 -0.763 0.645
vn -0.053 0.917 0.395
vn -0.053 0.925 0.376
vn -0.032 -0.908 0.417
vn -0.032 -0.910 0.414
vn -0.048 0.949 0.312
vn -0.035 -0.927 0.374
vn -0.042 0.962 0.269
vn -0.040 -0.937 0.346
vn -0.039 0.995 0.092
vn -0.013 -0.965 0.261
vn -0.043 -0.965 0.259
vn -0.031 0.996 -0.086
vn -0.042 -0.963 0.264
vn -0.029 -0.940 0.341
vn -0.021 0.980 0.197
vn -0.015 -0.902 0.432
vn -0.022 0.898 0.439
vn -0.029 0.871 0.490
vn -0.018 -0.903 0.430
vn -0.028 -0.909 0.417
vn -0.031 0.959 0.283
vn -0.049 -0.916 0.398
vn 0.002 1.000 0.031
vn -0.055 -0.925 0.376
vn -0.055 -0.931 0.362
vn 0.004 1.000 -0.006
vn -0.051 -0.949 0.312
vn 0.003 1.000 -0.001
vn -0.062 -0.965 0.256
vn 0.001 1.000 0.004
vn -0.084 -0.973 0.215
vn -0.093 -0.975 0.202
vn -0.001 1.000 0.006
vn -0.117 -0.980 0.159
vn -0.002 1.000 0.007
vn -0.110 -0.985 0.132
vn -0.002 1.000 0.007
vn -0.081 -0.989 0.121
vn -0.003 1.000 0.006
vn -0.053 -0.991 0.124
vn -0.005 1.000 0.005
vn -0.048 -0.990 0.134
vn -0.007 1.000 0.007
vn -0.062 -0.988 0.143
vn -0.007 1.000 0.011
vn -0.075 -0.987 0.143
vn -0.079 -0.987 0.142
vn -0.005 1.000 0.014
vn -0.089 -0.987 0.131
vn -0.001 1.000 0.013
vn -0.095 -0.989 0.112
vn 0.004 1.000 0.010
vn -0.105 -0.991 0.084
vn 0.007 1.000 0.005
vn 0.007 1.000 0.007
vn 0.007 1.000 0.006
vn -0.126 -0.991 0.049
vn 0.009 1.000 0.003
vn 0.010 1.000 0.004
vn -0.151 -0.989 0.009
vn 0.009 1.000 0.004
vn 0.011 1.000 0.004
vn -0.166 -0.985 -0.037
vn 0.010 1.000 0.005
vn -0.162 -0.983 -0.083
vn 0.009 1.000 0.004
vn -0.143 -0.983 -0.115
vn 0.006 1.000 0.000
vn -0.126 -0.984 -0.124
vn 0.003 1.000 -0.003
vn -0.126 -0.984 -0.123
vn -0.001 1.000 -0.004
vn -0.134 -0.982 -0.129
vn -0.132 -0.983 -0.131
vn -0.129 -0.984 -0.126
vn -0.005 1.000 -0.001
vn -0.127 -0.979 -0.159
vn -0.007 1.000 0.002
vn -0.094 -0.976 -0.194
vn -0.093 0.553 0.828
vn -0.119 0.772 0.624
vn -0.000 0.113 0.994
vn -0.000 -0.000 1.000
vn -0.000 -0.000 1.000
vn -0.000 -0.000 1.000
vn -0.000 -0.000 1.000
vn -0.000 -0.000 1.000
vn -0.000 -0.000 1.000
vn -0.000 -0.000 1.000
vn -0.000 -0.000 1.000
vn -0.000 -0.000 1.000
vn -0.000 -0.000 1.000
vn -0.006 -0.142 0.990
vn -0.073 -0.599 0.798
vn -0.087 -0.759 0.645
vn -0.126 0.921 0.368
vn -0.134 0.920 0.369
vn -0.056 -0.910 0.411
vn -0.101 -0.904 0.415
vn -0.134 0.921 0.365
vn -0.128 0.942 0.311
vn -0.102 -0.911 0.399
vn -0.096 -0.925 0.368
vn -0.118 0.954 0.274
vn -0.086 -0.934 0.346
vn -0.111 0.989 0.099
vn -0.075 -0.960 0.269
vn -0.089 0.993 -0.072
vn -0.064 -0.952 0.300
vn -0.042 -0.928 0.369
vn -0.048 0.975 0.219
vn -0.030 -0.903 0.428
vn -0.037 0.893 0.448
vn -0.037 0.877 0.480
vn -0.037 -0.909 0.415
vn -0.049 -0.917 0.396
vn -0.049 0.949 0.312
vn -0.074 -0.922 0.381
vn 0.001 0.999 0.050
vn -0.089 -0.927 0.364
vn -0.092 -0.929 0.358
vn 0.003 1.000 -0.005
vn -0.101 -0.947 0.304
vn 0.003 1.000 -0.002
vn -0.118 -0.966 0.231
vn 0.001 1.000 0.001
vn -0.113 -0.975 0.189
vn -0.139 -0.975 0.175
vn -0.001 1.000 0.004
vn -0.143 -0.976 0.164
vn -0.150 -0.977 0.153
vn -0.002 1.000 0.006
vn -0.138 -0.979 0.153
vn -0.001 1.000 0.006
vn -0.111 -0.982 0.152
vn 0.001 1.000 0.005
vn -0.086 -0.986 0.143
vn 0.001 1.000 0.004
vn -0.076 -0.989 0.131
vn 0.001 1.000 0.006
vn -0.083 -0.989 0.126
vn -0.000 1.000 0.011
vn -0.087 -0.987 0.136
vn -0.099 -0.987 0.127
vn 0.000 1.000 0.016
vn -0.106 -0.987 0.125
vn -0.117 -0.986 0.121
vn 0.001 1.000 0.017
vn -0.134 -0.986 0.100
vn 0.002 1.000 0.014
vn -0.154 -0.986 0.065
vn 0.002 1.000 0.012
vn 0.003 1.000 0.009
vn -0.175 -0.984 0.025
vn 0.005 1.000 0.006
vn -0.193 -0.981 -0.012
vn 0.006 1.000 0.005
vn -0.200 -0.979 -0.042
vn 0.006 1.000 0.004
vn -0.189 -0.980 -0.069
vn 0.005 1.000 0.002
vn -0.165 -0.982 -0.093
vn 0.003 1.000 -0.003
vn -0.142 -0.984 -0.110
vn 0.001 1.000 -0.006
vn -0.129 -0.984 -0.122
vn -0.131 -0.984 -0.121
vn -0.137 -0.984 -0.114
vn -0.001 1.000 -0.007
vn -0.131 -0.983 -0.131
vn -0.004 1.000 -0.004
vn -0.125 -0.982 -0.142
vn -0.006 1.000 0.000
vn -0.099 -0.983 -0.156
vn -0.170 0.646 0.744
vn -0.195 0.762 0.618
vn -0.020 0.173 0.985
vn -0.000 0.000 1.000
vn -0.000 -0.000 1.000
vn -0.000 -0.000 1.000
vn -0.000 -0.000 1.000
vn -0.000 -0.000 1.000
vn -0.000 -0.000 1.000
vn -0.000 -0.000 1.000
vn -0.000 -0.000 1.000
vn -0.000 -0.000 1.000
vn -0.000 -0.006 1.000
vn -0.030 -0.189 0.981
vn -0.137 -0.664 0.735
vn -0.152 -0.756 0.636
vn -0.219 0.895 0.389
vn -0.176 -0.886 0.430
vn -0.222 0.923 0.316
vn -0.217 0.929 0.300
vn -0.179 -0.912 0.369
vn -0.166 -0.918 0.361
vn -0.204 0.940 0.275
vn -0.131 -0.926 0.355
vn -0.191 0.976 0.109
vn -0.091 -0.952 0.292
vn -0.168 0.984 -0.052
vn -0.062 -0.930 0.363
vn -0.055 -0.912 0.406
vn -0.112 0.956 0.271
vn -0.068 -0.906 0.417
vn -0.070 0.876 0.477
vn -0.062 0.875 0.481
vn -0.086 -0.917 0.389
vn -0.097 -0.923 0.372
vn -0.080 0.935 0.347
vn -0.123 -0.926 0.357
vn -0.006 0.997 0.076
vn -0.133 -0.929 0.345
vn -0.149 -0.929 0.340
vn 0.001 1.000 -0.004
vn -0.152 -0.930 0.336
vn -0.170 -0.942 0.288
vn 0.002 1.000 -0.002
vn -0.178 -0.959 0.219
vn 0.006 1.000 -0.000
vn -0.174 -0.970 0.170
vn 0.011 1.000 0.003
vn -0.158 -0.975 0.155
vn -0.165 -0.974 0.158
vn 0.018 1.000 0.008
vn -0.160 -0.974 0.160
vn -0.153 -0.974 0.167
vn 0.026 1.000 0.010
vn -0.142 -0.975 0.171
vn 0.034 0.999 0.008
vn -0.133 -0.979 0.157
vn 0.038 0.999 0.005
vn -0.124 -0.983 0.134
vn 0.037 0.999 0.005
vn -0.123 -0.986 0.116
vn 0.035 0.999 0.010
vn -0.134 -0.985 0.107
vn 0.035 0.999 0.015
vn -0.142 -0.984 0.107
vn -0.161 -0.982 0.096
vn 0.034 0.999 0.015
vn -0.183 -0.980 0.081
vn -0.194 -0.978 0.074
vn 0.030 0.999 0.012
vn -0.222 -0.974 0.041
vn 0.027 1.000 0.011
vn 0.019 1.000 0.009
vn -0.240 -0.971 0.007
vn 0.006 1.000 0.007
vn -0.245 -0.969 -0.019
vn -0.001 1.000 0.005
vn -0.237 -0.971 -0.035
vn -0.002 1.000 0.003
vn -0.214 -0.976 -0.048
vn -0.002 1.000 0.000
vn -0.180 -0.981 -0.070
vn -0.183 -0.981 -0.066
vn -0.198 -0.979 -0.058
vn -0.003 1.000 -0.004
vn -0.146 -0.984 -0.104
vn -0.155 -0.984 -0.089
vn -0.002 1.000 -0.007
vn -0.138 -0.984 -0.112
vn -0.002 1.000 -0.008
vn -0.132 -0.983 -0.127
vn -0.002 1.000 -0.006
vn -0.126 -0.984 -0.129
vn -0.003 1.000 -0.001
vn -0.110 -0.986 -0.129
vn -0.266 0.752 0.602
vn -0.270 0.764 0.586
vn -0.087 0.278 0.957
vn -0.000 0.020 1.000
vn -0.000 -0.000 1.000
vn -0.000 -0.000 1.000
vn -0.000 -0.000 1.000
vn -0.000 -0.000 1.000
vn -0.000 -0.000 1.000
vn -0.000 -0.000 1.000
vn -0.000 -0.000 1.000
vn -0.000 -0.000 1.000
vn -0.001 -0.030 1.000
vn -0.084 -0.276 0.957
vn -0.222 -0.745 0.629
vn -0.226 -0.760 0.610
vn -0.297 0.867 0.400
vn -0.249 -0.861 0.445
vn -0.261 0.921 0.291
vn -0.301 0.905 0.301
vn -0.237 -0.904 0.356
vn -0.247 -0.900 0.360
vn -0.301 0.915 0.269
vn -0.288 0.920 0.266
vn -0.246 -0.902 0.354
vn -0.189 -0.909 0.372
vn -0.266 0.957 0.113
vn -0.114 -0.938 0.327
vn -0.259 0.965 -0.042
vn -0.063 -0.908 0.415
vn -0.070 -0.902 0.426
vn -0.221 0.918 0.328
vn -0.115 -0.913 0.392
vn -0.137 0.851 0.507
vn -0.132 0.858 0.496
vn -0.153 -0.925 0.348
vn -0.157 -0.926 0.343
vn -0.145 0.912 0.384
vn -0.184 -0.925 0.331
vn -0.047 0.991 0.125
vn -0.209 -0.926 0.314
vn 0.007 1.000 0.003
vn -0.220 -0.932 0.289
vn -0.225 -0.934 0.276
vn 0.021 1.000 0.003
vn -0.219 -0.949 0.227
vn 0.038 0.999 0.011
vn -0.193 -0.963 0.190
vn 0.054 0.998 0.017
vn -0.167 -0.970 0.174
vn 0.071 0.997 0.023
vn -0.155 -0.973 0.170
vn -0.157 -0.972 0.173
vn 0.088 0.996 0.023
vn -0.158 -0.973 0.171
vn -0.160 -0.972 0.171
vn 0.097 0.995 0.015
vn 0.099 0.995 0.018
vn 0.102 0.995 0.016
vn -0.167 -0.973 0.159
vn 0.091 0.996 0.006
vn 0.105 0.994 0.006
vn -0.164 -0.977 0.139
vn 0.085 0.996 0.004
vn 0.101 0.995 0.003
vn -0.162 -0.980 0.113
vn 0.077 0.997 0.009
vn 0.097 0.995 0.009
vn -0.171 -0.981 0.086
vn 0.066 0.998 0.015
vn 0.100 0.995 0.016
vn -0.202 -0.978 0.060
vn 0.052 0.999 0.014
vn 0.107 0.994 0.013
vn -0.200 -0.977 0.068
vn -0.241 -0.970 0.036
vn 0.033 0.999 0.011
vn 0.104 0.995 -0.002
vn -0.240 -0.970 0.031
vn -0.271 -0.962 0.016
vn 0.078 0.997 -0.016
vn -0.259 -0.966 0.003
vn -0.284 -0.959 0.000
vn 0.039 0.999 -0.015
vn -0.258 -0.966 -0.017
vn -0.277 -0.961 -0.008
vn 0.008 1.000 -0.003
vn -0.243 -0.970 -0.029
vn -0.256 -0.967 -0.009
vn -0.007 1.000 0.003
vn -0.215 -0.976 -0.044
vn -0.223 -0.975 -0.014
vn -0.007 1.000 0.000
vn -0.186 -0.982 -0.033
vn -0.006 1.000 -0.003
vn -0.155 -0.986 -0.064
vn -0.004 1.000 -0.006
vn -0.135 -0.986 -0.098
vn -0.002 1.000 -0.007
vn -0.127 -0.985 -0.120
vn -0.001 1.000 -0.005
vn -0.124 -0.985 -0.121
vn -0.001 1.000 -0.003
vn -0.002 1.000 -0.002
vn -0.001 1.000 -0.003
vn -0.118 -0.986 -0.117
vn -0.278 0.765 0.581
vn -0.318 0.725 0.611
vn -0.205 0.449 0.870
vn -0.024 0.087 0.996
vn -0.000 -0.000 1.000
vn -0.000 -0.000 1.000
vn -0.000 -0.000 1.000
vn -0.000 -0.000 1.000
vn -0.000 -0.000 1.000
vn -0.000 -0.000 1.000
vn -0.000 -0.000 1.000
vn -0.000 -0.001 1.000
vn -0.028 -0.086 0.996
vn -0.184 -0.423 0.887
vn -0.242 -0.760 0.603
vn -0.288 -0.720 0.631
vn -0.358 0.826 0.435
vn -0.365 0.847 0.387
vn -0.318 -0.807 0.498
vn -0.317 -0.840 0.441
vn -0.367 0.875 0.317
vn -0.298 -0.867 0.399
vn -0.323 0.910 0.259
vn -0.364 0.890 0.273
vn -0.275 -0.887 0.372
vn -0.262 -0.887 0.381
vn -0.372 0.920 0.122
vn -0.368 0.924 0.107
vn -0.172 -0.915 0.366
vn -0.372 0.928 0.026
vn -0.365 0.931 -0.028
vn -0.370 0.928 -0.029
vn -0.097 -0.893 0.439
vn -0.102 -0.896 0.433
vn -0.380 0.923 0.063
vn -0.377 0.843 0.384
vn -0.160 -0.921 0.355
vn -0.184 0.842 0.506
vn -0.269 0.811 0.519
vn -0.170 -0.927 0.334
vn -0.209 -0.928 0.309
vn -0.256 0.831 0.494
vn -0.240 0.878 0.414
vn -0.223 -0.925 0.307
vn -0.241 -0.921 0.305
vn -0.157 0.956 0.248
vn -0.260 -0.919 0.297
vn 0.029 0.998 0.060
vn -0.239 -0.931 0.276
vn -0.263 -0.924 0.276
vn 0.070 0.997 0.030
vn -0.253 -0.932 0.260
vn -0.244 -0.937 0.250
vn 0.102 0.994 0.033
vn -0.207 -0.952 0.225
vn 0.106 0.994 0.031
vn 0.108 0.994 0.034
vn 0.127 0.991 0.036
vn -0.168 -0.965 0.199
vn 0.102 0.994 0.030
vn 0.149 0.988 0.041
vn -0.151 -0.973 0.176
vn 0.100 0.995 0.026
vn 0.170 0.985 0.040
vn -0.157 -0.974 0.164
vn -0.155 -0.975 0.162
vn 0.182 0.983 0.025
vn -0.159 -0.975 0.158
vn -0.168 -0.974 0.152
vn 0.180 0.984 0.004
vn -0.177 -0.975 0.138
vn 0.169 0.986 -0.002
vn -0.204 -0.972 0.119
vn 0.162 0.987 0.011
vn -0.206 -0.976 0.068
vn 0.168 0.985 0.027
vn -0.224 -0.974 0.024
vn 0.181 0.983 0.021
vn -0.251 -0.968 0.001
vn 0.181 0.983 -0.014
vn -0.272 -0.962 -0.004
vn 0.151 0.987 -0.055
vn -0.277 -0.961 0.001
vn 0.099 0.993 -0.065
vn -0.266 -0.964 0.012
vn 0.046 0.998 -0.042
vn -0.242 -0.970 0.024
vn 0.008 1.000 -0.012
vn -0.208 -0.978 0.026
vn -0.006 1.000 0.001
vn -0.172 -0.985 0.003
vn -0.005 1.000 -0.001
vn -0.141 -0.989 -0.039
vn -0.003 1.000 -0.003
vn -0.122 -0.989 -0.085
vn -0.001 1.000 -0.005
vn -0.116 -0.986 -0.116
vn -0.001 1.000 -0.005
vn -0.117 -0.986 -0.120
vn -0.001 1.000 -0.005
vn -0.002 1.000 -0.004
vn -0.119 -0.986 -0.116
vn -0.351 0.648 0.676
vn -0.377 0.706 0.599
vn -0.125 0.219 0.968
vn -0.014 0.024 1.000
vn -0.000 -0.000 1.000
vn -0.000 -0.000 1.000
vn -0.000 -0.000 1.000
vn -0.000 -0.000 1.000
vn -0.000 -0.000 1.000
vn -0.000 -0.000 1.000
vn -0.017 -0.028 0.999
vn -0.126 -0.206 0.970
vn -0.333 -0.599 0.728
vn -0.362 -0.679 0.638
vn -0.392 0.841 0.374
vn -0.424 0.818 0.388
vn -0.375 -0.823 0.427
vn -0.393 -0.808 0.438
vn -0.434 0.847 0.307
vn -0.431 0.851 0.299
vn -0.393 -0.824 0.409
vn -0.347 -0.839 0.419
vn -0.422 0.864 0.276
vn -0.265 -0.884 0.385
vn -0.275 -0.861 0.429
vn -0.375 0.921 0.107
vn -0.426 0.899 0.105
vn -0.238 -0.886 0.397
vn -0.210 -0.888 0.408
vn -0.444 0.891 -0.095
vn -0.127 -0.893 0.431
vn -0.164 -0.892 0.422
vn -0.409 0.824 0.392
vn -0.516 0.841 0.161
vn -0.169 -0.897 0.409
vn -0.210 -0.926 0.313
vn -0.469 0.678 0.566
vn -0.435 0.704 0.561
vn -0.252 -0.929 0.270
vn -0.342 0.812 0.473
vn -0.336 0.818 0.466
vn -0.261 -0.921 0.289
vn -0.276 -0.920 0.279
vn -0.235 0.875 0.424
vn -0.279 -0.917 0.284
vn -0.289 -0.913 0.289
vn 0.001 0.978 0.208
vn -0.286 -0.914 0.288
vn 0.091 0.995 0.045
vn 0.015 0.981 0.191
vn 0.119 0.991 0.068
vn -0.252 -0.931 0.263
vn -0.265 -0.922 0.282
vn 0.106 0.994 0.035
vn 0.169 0.983 0.068
vn -0.245 -0.930 0.273
vn -0.226 -0.937 0.268
vn 0.213 0.975 0.065
vn -0.180 -0.955 0.235
vn 0.245 0.967 0.064
vn -0.148 -0.970 0.190
vn 0.265 0.963 0.055
vn -0.139 -0.978 0.157
vn 0.271 0.962 0.027
vn -0.155 -0.978 0.143
vn -0.147 -0.980 0.133
vn 0.263 0.965 -0.005
vn -0.161 -0.977 0.137
vn -0.183 -0.974 0.135
vn 0.248 0.969 -0.013
vn -0.971 -0.142 -0.191
vn -0.743 -0.630 -0.226
vn -0.704 -0.155 -0.694
vn -0.734 0.396 -0.552
vn -0.907 0.368 -0.204
vn -0.848 0.464 -0.257
vn -0.307 -0.940 0.148
vn 0.236 0.972 0.011
vn -0.815 -0.175 0.552
vn -0.844 0.449 0.294
vn -0.266 -0.962 0.059
vn 0.235 0.971 0.038
vn -0.221 -0.975 0.005
vn 0.238 0.971 0.028
vn -0.231 -0.973 -0.015
vn 0.228 0.973 -0.029
vn -0.237 -0.971 -0.012
vn 0.196 0.976 -0.096
vn -0.236 -0.972 0.007
vn 0.149 0.982 -0.119
vn -0.224 -0.974 0.031
vn 0.099 0.991 -0.093
vn -0.210 -0.976 0.055
vn 0.053 0.997 -0.050
vn -0.226 -0.971 0.073
vn 0.016 1.000 -0.013
vn -0.182 -0.982 0.041
vn -0.001 1.000 0.001
vn -0.131 -0.991 -0.016
vn -0.001 1.000 -0.001
vn -0.115 -0.990 -0.075
vn -0.001 1.000 -0.004
vn -0.112 -0.987 -0.117
vn -0.002 1.000 -0.006
vn -0.118 -0.985 -0.125
vn -0.003 1.000 -0.006
vn -0.004 1.000 -0.007
vn -0.125 -0.985 -0.120
vn -0.403 0.700 0.589
vn -0.435 0.660 0.613
vn -0.324 0.443 0.836
vn -0.110 0.124 0.986
vn -0.027 0.014 1.000
vn -0.005 -0.000 1.000
vn -0.001 -0.000 1.000
vn -0.001 -0.000 1.000
vn -0.005 -0.000 1.000
vn -0.028 -0.017 0.999
vn -0.111 -0.124 0.986
vn -0.313 -0.414 0.855
vn -0.403 -0.663 0.631
vn -0.430 -0.627 0.650
vn -0.481 0.759 0.438
vn -0.491 0.782 0.385
vn -0.465 -0.709 0.529
vn -0.461 -0.749 0.475
vn -0.447 0.845 0.292
vn -0.505 0.807 0.307
vn -0.414 -0.805 0.425
vn -0.433 -0.787 0.440
vn -0.496 0.833 0.247
vn -0.518 0.818 0.250
vn -0.426 -0.798 0.427
vn -0.336 -0.813 0.476
vn -0.535 0.836 0.121
vn -0.531 0.844 0.071
vn -0.196 -0.851 0.488
vn -0.197 -0.853 0.484
vn -0.543 0.838 -0.059
vn -0.529 0.834 -0.156
vn -0.538 0.829 -0.154
vn -0.240 -0.884 0.401
vn -0.545 0.838 0.032
vn -0.550 0.835 0.027
vn -0.267 -0.916 0.299
vn -0.272 -0.921 0.278
vn -0.485 0.634 0.602
vn -0.480 0.660 0.578
vn -0.525 0.772 0.359
vn -0.287 -0.926 0.244
vn -0.340 0.810 0.478
vn -0.373 0.712 0.594
vn -0.460 0.626 0.630
vn -0.286 -0.921 0.263
vn -0.272 0.782 0.561
vn -0.206 0.815 0.541
vn -0.281 -0.916 0.287
vn -0.280 -0.916 0.286
vn -0.059 0.910 0.410
vn -0.278 -0.916 0.289
vn -0.277 -0.913 0.299
vn 0.007 0.942 0.337
vn 0.156 0.970 0.187
vn -0.266 -0.913 0.310
vn 0.226 0.966 0.128
vn -0.236 -0.928 0.290
vn -0.243 -0.919 0.310
vn 0.289 0.951 0.112
vn -0.230 -0.926 0.299
vn -0.205 -0.938 0.279
vn 0.330 0.940 0.090
vn -0.164 -0.961 0.221
vn 0.347 0.936 0.063
vn -0.138 -0.977 0.165
vn 0.348 0.937 0.021
vn -0.133 -0.983 0.129
vn 0.341 0.940 -0.018
vn -0.165 -0.980 0.114
vn -0.146 -0.986 0.077
vn 0.329 0.944 -0.026
vn 0.955 -0.164 -0.246
vn 0.639 0.662 -0.393
vn -0.239 -0.967 0.092
vn -0.251 -0.964 0.092
vn 0.315 0.949 0.002
vn -0.227 -0.973 0.033
vn 0.300 0.953 0.030
vn -0.204 -0.979 -0.000
vn 0.279 0.960 0.015
vn -0.205 -0.979 -0.014
vn 0.250 0.967 -0.054
vn -0.204 -0.979 -0.009
vn 0.218 0.967 -0.131
vn -0.202 -0.979 0.015
vn 0.185 0.970 -0.159
vn -0.195 -0.980 0.044
vn 0.149 0.979 -0.136
vn -0.228 -0.970 0.083
vn 0.110 0.989 -0.094
vn -0.638 -0.577 -0.510
vn -0.592 -0.612 -0.524
vn -0.578 -0.578 -0.576
vn -0.462 -0.265 -0.846
vn -0.876 -0.263 -0.404
vn -0.413 -0.013 -0.911
vn -0.932 -0.013 -0.361
vn -0.453 0.235 -0.860
vn -0.888 0.233 -0.396
vn -0.605 0.515 -0.607
vn -0.686 0.515 -0.513
vn -0.772 0.375 -0.513
vn -0.343 -0.927 0.149
vn 0.064 0.996 -0.054
vn -0.654 -0.651 -0.385
vn -0.541 -0.281 0.792
vn -0.406 -0.011 0.914
vn -0.511 0.238 0.826
vn -0.729 0.645 -0.228
vn -0.257 -0.963 0.087
vn 0.020 1.000 -0.018
vn -0.158 -0.987 0.002
vn -0.002 1.000 -0.003
vn -0.139 -0.988 -0.067
vn -0.003 1.000 -0.005
vn -0.135 -0.984 -0.119
vn -0.005 1.000 -0.008
vn -0.004 1.000 -0.007
vn -0.005 1.000 -0.008
vn -0.141 -0.981 -0.134
vn -0.007 1.000 -0.009
vn -0.136 -0.983 -0.123
vn -0.154 -0.980 -0.130
vn -0.145 -0.980 -0.132
vn -0.504 0.609 0.613
vn -0.515 0.594 0.618
vn -0.350 0.330 0.877
vn -0.163 0.111 0.980
vn -0.081 0.027 0.996
vn -0.054 0.004 0.999
vn -0.054 -0.005 0.999
vn -0.081 -0.028 0.996
vn -0.161 -0.110 0.981
vn -0.335 -0.319 0.886
vn -0.492 -0.579 0.650
vn -0.498 -0.570 0.653
vn -0.512 0.772 0.376
vn -0.563 0.727 0.393
vn -0.536 0.634 0.557
vn -0.512 -0.594 0.621
vn -0.502 -0.723 0.475
vn -0.533 -0.689 0.491
vn -0.564 0.777 0.279
vn -0.572 0.771 0.280
vn -0.528 -0.721 0.449
vn -0.494 -0.730 0.473
vn -0.574 0.776 0.261
vn -0.578 0.780 0.238
vn -0.400 -0.777 0.486
vn -0.414 -0.762 0.498
vn -0.546 0.835 0.064
vn -0.597 0.799 0.064
vn -0.401 -0.777 0.486
vn -0.215 -0.840 0.497
vn -0.343 -0.789 0.511
vn -0.583 0.800 -0.144
vn -0.319 -0.796 0.514
vn -0.345 -0.851 0.397
vn -0.529 0.843 0.094
vn -0.282 -0.918 0.278
vn -0.345 -0.896 0.278
vn -0.438 0.676 0.593
vn -0.413 0.686 0.599
vn -0.305 -0.917 0.259
vn -0.307 -0.916 0.260
vn -0.322 0.604 0.729
vn -0.315 0.603 0.733
vn -0.385 0.655 0.650
vn -0.304 -0.916 0.261
vn -0.263 -0.922 0.284
vn -0.133 0.732 0.668
vn -0.121 0.739 0.663
vn -0.310 0.601 0.736
vn -0.231 -0.926 0.300
vn 0.008 0.829 0.560
vn -0.240 -0.923 0.299
vn -0.224 -0.927 0.302
vn 0.047 0.865 0.500
vn 0.173 0.935 0.308
vn -0.226 -0.926 0.302
vn -0.235 -0.920 0.315
vn 0.261 0.944 0.203
vn -0.243 -0.913 0.329
vn 0.325 0.930 0.170
vn -0.232 -0.922 0.311
vn -0.235 -0.919 0.316
vn 0.366 0.923 0.120
vn -0.231 -0.922 0.312
vn -0.201 -0.945 0.259
vn 0.382 0.921 0.069
vn 0.379 0.921 0.084
vn 0.385 0.920 0.070
vn -0.165 -0.968 0.189
vn 0.383 0.923 0.018
vn 0.392 0.920 0.017
vn -0.145 -0.981 0.130
vn 0.385 0.923 -0.024
vn 0.394 0.919 -0.025
vn -0.153 -0.985 0.084
vn 0.388 0.921 -0.036
vn 0.391 0.920 -0.037
vn -0.247 -0.965 0.089
vn -0.124 -0.991 0.045
vn 0.383 0.923 -0.025
vn 0.379 0.925 -0.018
vn -0.213 -0.977 0.028
vn -0.169 -0.986 0.014
vn 0.351 0.936 -0.000
vn -0.199 -0.980 -0.001
vn -0.191 -0.982 -0.005
vn 0.311 0.950 -0.023
vn -0.202 -0.979 -0.013
vn -0.194 -0.981 -0.014
vn 0.270 0.959 -0.089
vn -0.203 -0.979 -0.008
vn -0.199 -0.980 -0.008
vn 0.238 0.958 -0.157
vn -0.202 -0.979 0.015
vn -0.211 -0.977 0.016
vn 0.213 0.960 -0.184
vn -0.200 -0.979 0.044
vn -0.212 -0.976 0.041
vn 0.185 0.968 -0.167
vn -0.225 -0.971 0.076
vn -0.218 -0.975 0.044
vn 0.149 0.980 -0.135
vn -0.508 -0.643 -0.573
vn 0.379 -0.464 -0.800
vn 0.625 -0.023 -0.780
vn 0.367 0.428 -0.826
vn -0.473 0.583 -0.661
vn -0.318 -0.941 0.114
vn -0.343 -0.931 0.126
vn 0.102 0.989 -0.104
vn -0.294 -0.952 0.088
vn 0.050 0.997 -0.066
vn -0.211 -0.977 0.014
vn 0.003 1.000 -0.025
vn -0.199 -0.978 -0.058
vn -0.008 1.000 -0.007
vn -0.189 -0.975 -0.117
vn -0.008 1.000 -0.008
vn -0.009 1.000 -0.010
vn -0.155 -0.978 -0.136
vn -0.188 -0.972 -0.141
vn -0.189 -0.974 -0.122
vn -0.010 1.000 -0.011
vn -0.203 -0.968 -0.146
vn -0.579 0.493 0.649
vn -0.596 0.468 0.653
vn -0.478 0.289 0.829
vn -0.333 0.120 0.935
vn -0.262 0.031 0.964
vn -0.261 -0.030 0.965
vn -0.327 -0.116 0.938
vn -0.460 -0.276 0.844
vn -0.563 -0.476 0.676
vn -0.576 -0.458 0.677
vn -0.613 0.681 0.399
vn -0.649 0.641 0.409
vn -0.623 0.522 0.582
vn -0.594 -0.493 0.636
vn -0.600 -0.629 0.494
vn -0.619 -0.608 0.497
vn -0.649 0.694 0.312
vn -0.646 0.705 0.292
vn -0.620 -0.628 0.470
vn -0.530 -0.702 0.475
vn -0.590 -0.643 0.488
vn -0.590 0.774 0.229
vn -0.644 0.728 0.236
vn -0.564 -0.668 0.485
vn -0.534 -0.670 0.515
vn -0.621 0.782 0.062
vn -0.654 0.754 0.069
vn -0.419 -0.700 0.579
vn -0.428 -0.719 0.547
vn -0.586 0.802 -0.117
vn -0.625 0.776 -0.079
vn -0.418 -0.812 0.407
vn -0.442 -0.798 0.409
vn -0.493 0.859 0.138
vn -0.377 0.890 0.255
vn -0.429 -0.816 0.387
vn -0.396 -0.858 0.327
vn -0.289 0.775 0.562
vn -0.250 0.709 0.659
vn -0.311 -0.891 0.330
vn -0.269 0.590 0.761
vn -0.230 0.563 0.794
vn -0.228 -0.912 0.340
vn -0.225 -0.913 0.341
vn -0.034 0.681 0.732
vn -0.007 0.659 0.752
vn -0.159 0.528 0.834
vn -0.173 -0.929 0.328
vn -0.003 0.662 0.749
vn 0.094 0.784 0.613
vn -0.162 -0.940 0.301
vn 0.101 0.798 0.595
vn 0.194 0.894 0.404
vn -0.183 -0.940 0.289
vn -0.185 -0.939 0.290
vn 0.273 0.924 0.267
vn -0.223 -0.924 0.310
vn 0.321 0.925 0.202
vn 0.298 0.924 0.239
vn 0.319 0.922 0.219
vn -0.246 -0.914 0.323
vn 0.364 0.923 0.126
vn 0.353 0.923 0.153
vn -0.234 -0.924 0.301
vn -0.232 -0.927 0.295
vn 0.349 0.933 0.089
vn -0.200 -0.954 0.222
vn 0.330 0.944 0.030
vn -0.175 -0.974 0.145
vn 0.336 0.942 -0.018
vn -0.169 -0.983 0.078
vn 0.362 0.931 -0.043
vn -0.178 -0.984 0.029
vn 0.380 0.925 -0.019
vn 0.381 0.923 -0.045
vn -0.192 -0.981 0.001
vn 0.352 0.936 -0.002
vn 0.365 0.930 -0.045
vn -0.200 -0.980 -0.012
vn 0.312 0.950 -0.025
vn 0.336 0.939 -0.072
vn -0.204 -0.979 -0.019
vn 0.276 0.956 -0.097
vn 0.294 0.947 -0.126
vn -0.246 -0.969 -0.026
vn 0.257 0.950 -0.177
vn 0.262 0.948 -0.182
vn -0.355 -0.935 -0.001
vn 0.254 0.948 -0.190
vn 0.233 0.950 -0.209
vn -0.292 -0.956 0.034
vn 0.197 0.959 -0.202
vn -0.324 -0.946 0.010
vn 0.151 0.972 -0.179
vn -0.344 -0.930 0.125
vn -0.303 -0.947 0.109
vn 0.102 0.983 -0.154
vn -0.301 -0.950 0.082
vn -0.274 -0.957 0.099
vn 0.056 0.991 -0.118
vn -0.258 -0.966 0.021
vn -0.296 -0.955 0.025
vn 0.013 0.998 -0.060
vn -0.240 -0.969 -0.051
vn -0.279 -0.959 -0.043
vn -0.003 0.999 -0.034
vn -0.009 1.000 -0.008
vn -0.014 1.000 -0.018
vn -0.198 -0.973 -0.116
vn -0.258 -0.960 -0.105
vn -0.014 1.000 -0.010
vn -0.244 -0.959 -0.142
vn -0.013 1.000 -0.012
vn -0.253 -0.953 -0.166
vn -0.623 0.362 0.693
vn -0.670 0.230 0.706
vn -0.681 0.187 0.708
vn -0.641 0.075 0.764
vn -0.639 -0.067 0.766
vn -0.669 -0.215 0.711
vn -0.678 -0.184 0.712
vn -0.615 -0.343 0.710
vn -0.698 0.566 0.438
vn -0.752 0.483 0.449
vn -0.747 0.422 0.515
vn -0.694 0.237 0.680
vn -0.687 -0.220 0.693
vn -0.736 -0.384 0.557
vn -0.695 -0.512 0.504
vn -0.741 -0.450 0.498
vn -0.655 0.696 0.295
vn -0.745 0.590 0.312
vn -0.746 0.585 0.318
vn -0.741 -0.504 0.444
vn -0.658 -0.586 0.473
vn -0.731 -0.513 0.449
vn -0.675 0.698 0.240
vn -0.735 0.632 0.245
vn -0.720 -0.528 0.450
vn -0.576 -0.638 0.512
vn -0.705 -0.527 0.475
vn -0.704 0.704 0.092
vn -0.730 0.675 0.109
vn -0.614 -0.538 0.578
vn -0.464 -0.690 0.555
vn -0.601 -0.575 0.555
vn -0.410 0.897 0.163
vn -0.257 0.913 0.317
vn -0.534 -0.669 0.517
vn -0.520 -0.708 0.477
vn 0.167 0.883 0.437
vn 0.584 0.677 0.448
vn -0.413 -0.826 0.383
vn -0.420 -0.803 0.423
vn 0.608 0.658 0.445
vn 0.609 0.642 0.465
vn -0.376 -0.824 0.424
vn -0.310 -0.851 0.423
vn 0.125 0.537 0.835
vn 0.229 0.524 0.820
vn -0.225 -0.911 0.346
vn -0.225 -0.884 0.410
vn 0.014 0.640 0.769
vn 0.055 0.584 0.810
vn 0.060 0.594 0.802
vn -0.008 0.416 0.909
vn 0.195 0.514 0.835
vn -0.199 -0.901 0.385
vn -0.171 -0.917 0.360
vn 0.112 0.779 0.616
vn 0.132 0.758 0.639
vn 0.139 0.765 0.629
vn -0.154 -0.943 0.297
vn 0.196 0.866 0.460
vn -0.182 -0.941 0.285
vn -0.167 -0.951 0.259
vn 0.272 0.921 0.279
vn 0.243 0.903 0.354
vn 0.272 0.916 0.296
vn -0.181 -0.948 0.263
vn -0.198 -0.942 0.271
vn 0.276 0.929 0.247
vn -0.228 -0.924 0.308
vn 0.179 0.976 0.124
vn -0.233 -0.926 0.299
vn -0.233 -0.922 0.310
vn 0.114 0.993 0.027
vn -0.224 -0.936 0.272
vn -0.218 -0.943 0.252
vn 0.089 0.996 0.007
vn -0.203 -0.966 0.163
vn 0.091 0.996 0.003
vn -0.200 -0.976 0.080
vn 0.111 0.994 0.003
vn -0.211 -0.977 0.019
vn 0.137 0.991 -0.006
vn -0.224 -0.974 -0.010
vn 0.166 0.986 -0.022
vn -0.229 -0.973 -0.018
vn 0.204 0.976 -0.082
vn -0.226 -0.974 -0.024
vn 0.264 0.951 -0.163
vn -0.314 -0.937 -0.153
vn 0.270 0.939 -0.214
vn -0.891 -0.432 0.141
vn 0.172 -0.970 0.173
vn 0.140 -0.432 -0.891
vn 0.102 0.040 -0.994
vn -0.994 0.040 0.102
vn 0.173 0.572 -0.801
vn -0.764 0.625 0.161
vn -0.992 -0.125 0.013
vn -0.683 -0.726 -0.081
vn 0.233 0.944 -0.233
vn 0.231 0.941 -0.248
vn 0.218 -0.707 0.673
vn 0.230 0.096 0.968
vn 0.252 0.784 0.567
vn -0.379 -0.921 0.090
vn 0.214 0.944 -0.250
vn 0.183 0.950 -0.251
vn -0.468 -0.882 -0.052
vn 0.130 0.964 -0.232
vn 0.415 -0.845 0.337
vn 0.489 -0.820 0.297
vn 0.537 -0.823 0.188
vn 0.753 -0.176 -0.634
vn -0.605 -0.277 0.746
vn 0.748 0.629 -0.213
vn 0.109 0.850 0.516
vn -0.112 0.397 0.911
vn -0.605 -0.790 0.102
vn 0.083 0.976 -0.201
vn 0.486 -0.753 0.445
vn 0.414 -0.103 0.904
vn 0.465 0.464 0.754
vn -0.459 -0.879 0.129
vn 0.047 0.986 -0.158
vn -0.378 -0.925 0.039
vn 0.019 0.995 -0.095
vn -0.356 -0.934 -0.014
vn 0.002 0.998 -0.060
vn -0.012 0.999 -0.033
vn -0.322 -0.944 -0.075
vn -0.017 1.000 -0.009
vn -0.294 -0.947 -0.131
vn -0.015 1.000 -0.010
vn -0.292 -0.939 -0.183
vn -0.677 0.079 0.731
vn -0.677 -0.071 0.733
vn -0.767 0.435 0.472
vn -0.811 0.282 0.513
vn -0.845 0.101 0.526
vn -0.845 -0.088 0.527
vn -0.813 -0.252 0.525
vn -0.769 -0.385 0.509
vn -0.748 0.585 0.314
vn -0.812 0.459 0.361
vn -0.865 0.342 0.366
vn -0.868 0.302 0.395
vn -0.874 0.105 0.475
vn -0.873 -0.089 0.480
vn -0.867 -0.257 0.427
vn -0.828 -0.371 0.421
vn -0.864 -0.297 0.407
vn -0.766 -0.471 0.437
vn -0.764 0.583 0.277
vn -0.818 0.474 0.327
vn -0.819 0.472 0.327
vn -0.849 -0.358 0.388
vn -0.813 -0.393 0.429
vn -0.843 -0.352 0.406
vn -0.729 -0.505 0.462
vn -0.526 0.636 0.565
vn -0.426 0.549 0.720
vn -0.815 0.475 0.331
vn -0.823 -0.349 0.449
vn -0.714 -0.355 0.604
vn -0.723 -0.345 0.599
vn -0.635 -0.522 0.570
vn 0.203 0.707 0.678
vn 0.349 0.549 0.759
vn 0.385 0.550 0.741
vn -0.120 0.549 0.827
vn -0.704 -0.346 0.620
vn -0.594 -0.503 0.628
vn -0.538 -0.674 0.507
vn -0.566 -0.564 0.601
vn 0.536 0.672 0.511
vn 0.516 0.645 0.564
vn 0.546 0.652 0.526
vn -0.481 -0.682 0.551
vn -0.444 -0.719 0.535
vn 0.700 0.611 0.370
vn 0.701 0.612 0.366
vn 0.703 0.610 0.367
vn -0.341 -0.809 0.480
vn -0.347 -0.796 0.495
vn 0.317 0.540 0.780
vn 0.702 0.536 0.470
vn -0.340 -0.803 0.489
vn -0.294 -0.840 0.457
vn 0.100 0.516 0.851
vn 0.102 0.545 0.832
vn 0.530 0.477 0.702
vn -0.261 -0.883 0.391
vn -0.260 -0.884 0.389
vn 0.091 0.724 0.683
vn 0.109 0.752 0.650
vn -0.231 -0.924 0.305
vn 0.143 0.846 0.514
vn -0.208 -0.946 0.250
vn 0.148 0.850 0.505
vn 0.235 0.915 0.327
vn -0.193 -0.947 0.257
vn -0.194 -0.949 0.250
vn 0.110 0.987 0.121
vn -0.193 -0.946 0.261
vn -0.198 -0.936 0.291
vn 0.015 1.000 0.017
vn -0.214 -0.927 0.308
vn -0.003 1.000 0.007
vn -0.218 -0.941 0.258
vn -0.223 -0.939 0.262
vn -0.004 1.000 0.008
vn -0.227 -0.952 0.208
vn -0.228 -0.959 0.169
vn -0.002 1.000 0.007
vn -0.239 -0.968 0.073
vn 0.001 1.000 0.006
vn -0.254 -0.967 0.005
vn 0.004 1.000 0.005
vn -0.265 -0.964 -0.018
vn 0.013 1.000 0.005
vn -0.263 -0.965 -0.014
vn 0.026 1.000 0.000
vn -0.250 -0.968 -0.018
vn 0.091 0.994 -0.055
vn -0.268 -0.962 -0.048
vn 0.196 0.959 -0.204
vn 0.894 -0.427 0.132
vn 0.994 0.042 0.102
vn 0.791 0.568 0.227
vn -0.189 -0.978 -0.090
vn 0.200 0.935 -0.294
vn -0.288 -0.955 -0.062
vn 0.157 0.941 -0.301
vn 0.156 0.940 -0.304
vn -0.339 -0.940 -0.034
vn -0.323 -0.946 -0.034
vn -0.314 -0.948 -0.043
vn 0.154 0.940 -0.303
vn 0.112 0.953 -0.281
vn 0.607 -0.740 0.289
vn 0.958 -0.110 0.264
vn 0.846 0.419 0.330
vn -0.303 -0.953 0.012
vn -0.351 -0.936 0.019
vn 0.075 0.968 -0.240
vn -0.399 -0.916 0.040
vn -0.405 -0.913 0.043
vn 0.049 0.981 -0.186
vn -0.418 -0.907 0.050
vn 0.027 0.992 -0.122
vn -0.404 -0.914 0.022
vn 0.010 0.997 -0.079
vn -0.001 0.999 -0.053
vn -0.370 -0.928 -0.035
vn -0.020 1.000 -0.013
vn -0.338 -0.935 -0.109
vn -0.016 1.000 -0.007
vn -0.313 -0.931 -0.187
vn -0.330 -0.924 -0.190
vn -0.336 -0.933 -0.128
vn -0.872 0.303 0.385
vn -0.897 0.111 0.428
vn -0.895 -0.083 0.439
vn -0.873 -0.249 0.420
vn -0.744 0.287 0.603
vn -0.816 0.113 0.567
vn -0.893 -0.052 0.447
vn -0.876 -0.202 0.439
vn -0.842 -0.335 0.423
vn 0.164 0.417 0.894
vn 0.323 0.336 0.885
vn 0.346 0.364 0.865
vn 0.108 0.214 0.971
vn -0.202 0.096 0.975
vn -0.529 -0.019 0.848
vn -0.697 -0.143 0.703
vn -0.782 -0.154 0.604
vn -0.727 -0.220 0.651
vn -0.725 -0.188 0.662
vn -0.739 -0.341 0.581
vn 0.351 0.470 0.810
vn 0.372 0.556 0.744
vn -0.692 -0.211 0.690
vn -0.527 -0.310 0.791
vn -0.514 -0.411 0.753
vn -0.562 -0.518 0.645
vn -0.512 -0.437 0.739
vn 0.394 0.663 0.636
vn 0.383 0.658 0.648
vn 0.379 0.664 0.644
vn 0.373 0.561 0.739
vn -0.499 -0.542 0.676
vn -0.457 -0.685 0.568
vn -0.467 -0.619 0.632
vn 0.427 0.760 0.489
vn -0.441 -0.684 0.581
vn -0.411 -0.735 0.540
vn 0.607 0.600 0.522
vn 0.452 0.760 0.467
vn 0.496 0.759 0.422
vn -0.393 -0.785 0.479
vn -0.390 -0.791 0.471
vn 0.316 0.708 0.631
vn 0.236 0.702 0.671
vn -0.264 -0.882 0.390
vn -0.379 -0.831 0.408
vn 0.003 0.701 0.713
vn 0.031 0.729 0.684
vn -0.354 -0.867 0.351
vn -0.347 -0.874 0.340
vn 0.135 0.843 0.521
vn 0.081 0.810 0.581
vn 0.093 0.823 0.561
vn -0.285 -0.913 0.291
vn 0.085 0.967 0.240
vn -0.222 -0.935 0.276
vn 0.004 1.000 0.027
vn -0.187 -0.939 0.288
vn -0.187 -0.939 0.288
vn -0.003 1.000 0.005
vn -0.206 -0.935 0.289
vn -0.005 1.000 0.008
vn -0.242 -0.939 0.244
vn -0.006 1.000 0.009
vn -0.243 -0.956 0.164
vn -0.272 -0.950 0.155
vn -0.006 1.000 0.009
vn -0.281 -0.958 0.059
vn -0.291 -0.955 0.057
vn -0.004 1.000 0.008
vn -0.292 -0.956 -0.006
vn -0.298 -0.954 -0.007
vn -0.003 1.000 0.006
vn -0.289 -0.957 -0.019
vn -0.295 -0.955 -0.017
vn -0.003 1.000 0.004
vn -0.278 -0.961 -0.005
vn -0.283 -0.959 -0.001
vn -0.004 1.000 0.004
vn -0.265 -0.964 -0.008
vn -0.271 -0.963 -0.005
vn -0.001 1.000 -0.001
vn -0.264 -0.964 -0.043
vn -0.252 -0.967 -0.041
vn 0.054 0.993 -0.102
vn -0.217 -0.972 -0.086
vn -0.222 -0.972 -0.082
vn 0.155 0.942 -0.299
vn -0.286 -0.956 -0.066
vn -0.266 -0.960 -0.093
vn 0.129 0.932 -0.338
vn -0.289 -0.954 -0.072
vn 0.121 0.937 -0.327
vn 0.111 0.943 -0.313
vn -0.284 -0.958 -0.034
vn 0.092 0.959 -0.267
vn -0.404 -0.914 0.043
vn -0.360 -0.933 0.005
vn 0.072 0.975 -0.210
vn -0.417 -0.908 0.049
vn -0.393 -0.919 0.034
vn 0.046 0.988 -0.148
vn -0.407 -0.913 0.027
vn -0.408 -0.912 0.034
vn 0.023 0.995 -0.097
vn 0.014 0.997 -0.080
vn -0.379 -0.925 -0.026
vn -0.404 -0.915 -0.008
vn -0.016 1.000 -0.023
vn -0.343 -0.933 -0.107
vn -0.390 -0.917 -0.089
vn -0.015 1.000 -0.002
vn -0.375 -0.909 -0.181
vn 0.325 0.459 0.827
vn 0.311 0.457 0.833
vn 0.323 0.473 0.820
vn 0.274 0.320 0.907
vn 0.248 0.158 0.956
vn 0.207 -0.018 0.978
vn 0.129 -0.197 0.972
vn 0.082 -0.343 0.936
vn -0.440 -0.306 0.844
vn 0.039 -0.406 0.913
vn 0.369 0.560 0.742
vn 0.315 0.569 0.760
vn 0.323 0.598 0.734
vn 0.018 -0.428 0.904
vn -0.187 -0.463 0.867
vn -0.395 -0.392 0.831
vn -0.490 -0.429 0.759
vn -0.401 -0.407 0.821
vn 0.314 0.640 0.701
vn 0.287 0.676 0.678
vn -0.443 -0.486 0.753
vn -0.465 -0.575 0.673
vn -0.462 -0.557 0.691
vn 0.397 0.764 0.509
vn 0.286 0.735 0.615
vn 0.235 0.787 0.571
vn -0.466 -0.587 0.662
vn -0.444 -0.697 0.563
vn -0.461 -0.675 0.576
vn 0.244 0.864 0.441
vn -0.457 -0.701 0.548
vn -0.398 -0.786 0.472
vn -0.447 -0.752 0.484
vn 0.245 0.864 0.440
vn 0.209 0.863 0.459
vn -0.435 -0.788 0.435
vn -0.432 -0.795 0.427
vn -0.008 0.778 0.628
vn 0.002 0.756 0.655
vn -0.357 -0.866 0.349
vn -0.403 -0.827 0.392
vn 0.018 0.792 0.610
vn 0.036 0.822 0.569
vn -0.349 -0.862 0.368
vn -0.341 -0.866 0.366
vn -0.052 0.978 0.201
vn -0.268 -0.902 0.337
vn -0.026 0.999 0.038
vn -0.187 -0.939 0.288
vn -0.224 -0.927 0.300
vn -0.003 1.000 0.009
vn -0.235 -0.934 0.268
vn -0.242 -0.936 0.254
vn -0.003 1.000 0.005
vn -0.294 -0.935 0.198
vn -0.006 1.000 0.007
vn -0.339 -0.933 0.125
vn -0.008 1.000 0.008
vn -0.353 -0.934 0.050
vn -0.008 1.000 0.008
vn -0.341 -0.940 0.004
vn -0.008 1.000 0.007
vn -0.319 -0.948 0.000
vn -0.008 1.000 0.004
vn -0.305 -0.952 0.011
vn -0.008 1.000 0.003
vn -0.301 -0.954 0.004
vn -0.009 1.000 0.003
vn -0.298 -0.954 -0.031
vn -0.002 0.999 -0.038
vn -0.287 -0.955 -0.072
vn 0.099 0.969 -0.227
vn -0.273 -0.958 -0.093
vn 0.131 0.930 -0.344
vn -0.268 -0.959 -0.090
vn 0.131 0.937 -0.324
vn 0.132 0.939 -0.318
vn -0.283 -0.957 -0.068
vn 0.124 0.951 -0.282
vn -0.315 -0.948 -0.040
vn 0.104 0.966 -0.237
vn -0.356 -0.934 -0.009
vn 0.071 0.980 -0.183
vn -0.397 -0.918 0.006
vn 0.035 0.992 -0.118
vn 0.033 0.993 -0.117
vn -0.427 -0.904 -0.017
vn -0.013 0.999 -0.041
vn -0.439 -0.894 -0.083
vn -0.071 0.997 -0.007
vn -0.430 -0.888 -0.164
f 3//3 2//2 1//1
f 5//5 4//4 1//1
f 5//5 1//1 2//2
f 7//7 6//6 4//4
f 7//7 4//4 5//5
f 8//8 6//6 7//7
f 11//11 10//10 9//9
f 9//9 10//10 3//3
f 1//1 9//9 3//3
f 12//12 9//9 1//1
f 13//13 1//1 4//4
f 12//12 1//1 13//13
f 14//14 4//4 6//6
f 13//13 4//4 14//14
f 6//6 8//8 15//15
f 16//16 6//6 15//15
f 14//14 6//6 16//16
f 18//18 17//17 16//16
f 18//18 16//16 15//15
f 19//19 17//17 18//18
f 22//22 21//21 20//20
f 23//23 20//20 21//21
f 26//26 25//25 24//24
f 24//24 25//25 22//22
f 20//20 24//24 22//22
f 27//27 24//24 20//20
f 20//20 23//23 28//28
f 29//29 20//20 28//28
f 27//27 20//20 29//29
f 31//31 30//30 29//29
f 31//31 29//29 28//28
f 33//33 32//32 30//30
f 33//33 30//30 31//31
f 34//34 32//32 33//33
f 37//37 36//36 35//35
f 35//35 36//36 26//26
f 35//35 26//26 24//24
f 3//3 35//35 24//24
f 2//2 3//3 24//24
f 2//2 24//24 5//5
f 5//5 24//24 27//27
f 5//5 27//27 7//7
f 7//7 27//27 29//29
f 7//7 29//29 8//8
f 29//29 38//38 8//8
f 29//29 30//30 38//38
f 39//39 30//30 32//32
f 38//38 30//30 39//39
f 32//32 34//34 40//40
f 41//41 32//32 40//40
f 39//39 32//32 41//41
f 42//42 41//41 40//40
f 45//45 44//44 43//43
f 43//43 44//44 37//37
f 43//43 37//37 35//35
f 11//11 43//43 35//35
f 10//10 11//11 35//35
f 10//10 35//35 3//3
f 38//38 15//15 8//8
f 15//15 38//38 18//18
f 18//18 38//38 39//39
f 18//18 39//39 19//19
f 39//39 46//46 19//19
f 39//39 41//41 46//46
f 41//41 42//42 47//47
f 41//41 47//47 46//46
f 50//50 49//49 48//48
f 52//52 51//51 48//48
f 52//52 48//48 49//49
f 53//53 51//51 52//52
f 56//56 55//55 54//54
f 58//58 57//57 54//54
f 58//58 54//54 55//55
f 57//57 58//58 50//50
f 57//57 50//50 48//48
f 22//22 57//57 48//48
f 21//21 22//22 48//48
f 21//21 48//48 23//23
f 48//48 59//59 23//23
f 48//48 51//51 59//59
f 51//51 53//53 60//60
f 61//61 51//51 60//60
f 59//59 51//51 61//61
f 63//63 62//62 61//61
f 63//63 61//61 60//60
f 64//64 62//62 63//63
f 67//67 66//66 65//65
f 65//65 66//66 56//56
f 54//54 65//65 56//56
f 68//68 65//65 54//54
f 26//26 68//68 25//25
f 68//68 57//57 25//25
f 68//68 54//54 57//57
f 25//25 57//57 22//22
f 59//59 28//28 23//23
f 28//28 59//59 31//31
f 31//31 59//59 61//61
f 31//31 61//61 33//33
f 33//33 61//61 62//62
f 70//70 69//69 34//34
f 70//70 34//34 33//33
f 64//64 70//70 33//33
f 62//62 64//64 33//33
f 71//71 69//69 70//70
f 67//67 65//65 72//72
f 67//67 72//72 73//73
f 37//37 72//72 36//36
f 72//72 68//68 36//36
f 72//72 65//65 68//68
f 36//36 68//68 26//26
f 69//69 40//40 34//34
f 75//75 74//74 42//42
f 75//75 42//42 40//40
f 71//71 75//75 40//40
f 69//69 71//71 40//40
f 76//76 74//74 75//75
f 73//73 72//72 44//44
f 45//45 73//73 44//44
f 77//77 73//73 45//45
f 44//44 72//72 37//37
f 78//78 47//47 74//74
f 74//74 47//47 42//42
f 74//74 76//76 79//79
f 74//74 79//79 78//78
f 82//82 81//81 80//80
f 84//84 83//83 80//80
f 84//84 80//80 81//81
f 86//86 85//85 83//83
f 86//86 83//83 84//84
f 87//87 85//85 86//86
f 90//90 89//89 88//88
f 88//88 89//89 82//82
f 80//80 88//88 82//82
f 91//91 88//88 80//80
f 50//50 91//91 49//49
f 91//91 83//83 49//49
f 91//91 80//80 83//83
f 49//49 83//83 52//52
f 52//52 83//83 85//85
f 93//93 92//92 53//53
f 93//93 53//53 52//52
f 87//87 93//93 52//52
f 85//85 87//87 52//52
f 95//95 94//94 92//92
f 95//95 92//92 93//93
f 96//96 94//94 95//95
f 99//99 98//98 97//97
f 97//97 98//98 90//90
f 97//97 90//90 88//88
f 56//56 97//97 88//88
f 55//55 56//56 88//88
f 55//55 88//88 58//58
f 58//58 88//88 91//91
f 58//58 91//91 50//50
f 92//92 60//60 53//53
f 60//60 92//92 63//63
f 63//63 92//92 94//94
f 101//101 100//100 64//64
f 101//101 64//64 63//63
f 96//96 101//101 63//63
f 94//94 96//96 63//63
f 102//102 100//100 101//101
f 99//99 97//97 66//66
f 67//67 99//99 66//66
f 103//103 99//99 67//67
f 66//66 97//97 56//56
f 100//100 70//70 64//64
f 105//105 104//104 71//71
f 105//105 71//71 70//70
f 102//102 105//105 70//70
f 100//100 102//102 70//70
f 106//106 104//104 105//105
f 73//73 103//103 67//67
f 73//73 107//107 103//103
f 104//104 75//75 71//71
f 109//109 108//108 76//76
f 109//109 76//76 75//75
f 106//106 109//109 75//75
f 104//104 106//106 75//75
f 110//110 108//108 109//109
f 77//77 107//107 73//73
f 77//77 111//111 107//107
f 112//112 79//79 108//108
f 108//108 79//79 76//76
f 108//108 110//110 113//113
f 108//108 113//113 112//112
f 116//116 115//115 114//114
f 118//118 117//117 114//114
f 118//118 114//114 115//115
f 120//120 119//119 117//117
f 120//120 117//117 118//118
f 122//122 121//121 119//119
f 122//122 119//119 120//120
f 123//123 121//121 122//122
f 126//126 125//125 124//124
f 124//124 125//125 116//116
f 124//124 116//116 114//114
f 82//82 124//124 114//114
f 81//81 82//82 114//114
f 81//81 114//114 84//84
f 84//84 114//114 117//117
f 84//84 117//117 86//86
f 86//86 117//117 119//119
f 86//86 119//119 87//87
f 119//119 127//127 87//87
f 119//119 121//121 127//127
f 121//121 123//123 128//128
f 129//129 121//121 128//128
f 127//127 121//121 129//129
f 130//130 129//129 128//128
f 133//133 132//132 131//131
f 131//131 132//132 126//126
f 131//131 126//126 124//124
f 90//90 131//131 124//124
f 89//89 90//90 124//124
f 89//89 124//124 82//82
f 127//127 93//93 87//87
f 93//93 127//127 95//95
f 95//95 127//127 129//129
f 135//135 134//134 96//96
f 135//135 96//96 95//95
f 130//130 135//135 95//95
f 129//129 130//130 95//95
f 136//136 134//134 135//135
f 133//133 131//131 98//98
f 99//99 133//133 98//98
f 137//137 133//133 99//99
f 98//98 131//131 90//90
f 134//134 101//101 96//96
f 139//139 138//138 102//102
f 139//139 102//102 101//101
f 136//136 139//139 101//101
f 134//134 136//136 101//101
f 140//140 138//138 139//139
f 103//103 137//137 99//99
f 103//103 141//141 137//137
f 138//138 105//105 102//102
f 143//143 142//142 106//106
f 143//143 106//106 105//105
f 140//140 143//143 105//105
f 138//138 140//140 105//105
f 144//144 142//142 143//143
f 107//107 141//141 103//103
f 107//107 145//145 141//141
f 142//142 109//109 106//106
f 110//110 109//109 142//142
f 144//144 110//110 142//142
f 146//146 110//110 144//144
f 111//111 145//145 107//107
f 111//111 147//147 145//145
f 149//149 113//113 148//148
f 113//113 146//146 148//148
f 113//113 110//110 146//146
f 150//150 149//149 148//148
f 153//153 152//152 151//151
f 155//155 154//154 151//151
f 155//155 151//151 152//152
f 157//157 156//156 154//154
f 157//157 154//154 155//155
f 159//159 158//158 156//156
f 159//159 156//156 157//157
f 160//160 158//158 159//159
f 163//163 162//162 161//161
f 161//161 162//162 153//153
f 161//161 153//153 151//151
f 116//116 161//161 151//151
f 115//115 116//116 151//151
f 115//115 151//151 118//118
f 118//118 151//151 154//154
f 118//118 154//154 120//120
f 120//120 154//154 156//156
f 120//120 156//156 122//122
f 122//122 156//156 158//158
f 165//165 164//164 123//123
f 165//165 123//123 122//122
f 160//160 165//165 122//122
f 158//158 160//160 122//122
f 167//167 166//166 164//164
f 167//167 164//164 165//165
f 168//168 166//166 167//167
f 171//171 170//170 169//169
f 169//169 170//170 163//163
f 169//169 163//163 161//161
f 126//126 169//169 161//161
f 125//125 126//126 161//161
f 125//125 161//161 116//116
f 164//164 128//128 123//123
f 128//128 164//164 130//130
f 164//164 172//172 130//130
f 164//164 166//166 172//172
f 166//166 168//168 173//173
f 174//174 166//166 173//173
f 172//172 166//166 174//174
f 175//175 174//174 173//173
f 171//171 169//169 132//132
f 133//133 171//171 132//132
f 176//176 171//171 133//133
f 132//132 169//169 126//126
f 172//172 135//135 130//130
f 135//135 172//172 136//136
f 172//172 177//177 136//136
f 172//172 174//174 177//177
f 174//174 175//175 178//178
f 174//174 178//178 177//177
f 137//137 176//176 133//133
f 137//137 179//179 176//176
f 177//177 139//139 136//136
f 181//181 180//180 140//140
f 181//181 140//140 139//139
f 178//178 181//181 139//139
f 177//177 178//178 139//139
f 182//182 180//180 181//181
f 141//141 179//179 137//137
f 141//141 183//183 179//179
f 180//180 143//143 140//140
f 144//144 143//143 180//180
f 182//182 144//144 180//180
f 184//184 144//144 182//182
f 145//145 183//183 141//141
f 145//145 185//185 183//183
f 187//187 146//146 186//186
f 146//146 184//184 186//186
f 146//146 144//144 184//184
f 188//188 187//187 186//186
f 147//147 185//185 145//145
f 147//147 189//189 185//185
f 187//187 148//148 146//146
f 150//150 148//148 187//187
f 188//188 150//150 187//187
f 190//190 150//150 188//188
f 193//193 192//192 191//191
f 195//195 194//194 191//191
f 195//195 191//191 192//192
f 197//197 196//196 194//194
f 197//197 194//194 195//195
f 199//199 198//198 196//196
f 199//199 196//196 197//197
f 201//201 200//200 198//198
f 201//201 198//198 199//199
f 202//202 200//200 201//201
f 205//205 204//204 203//203
f 203//203 204//204 193//193
f 203//203 193//193 191//191
f 153//153 203//203 191//191
f 152//152 153//153 191//191
f 152//152 191//191 155//155
f 155//155 191//191 194//194
f 155//155 194//194 157//157
f 157//157 194//194 196//196
f 157//157 196//196 159//159
f 159//159 196//196 198//198
f 159//159 198//198 160//160
f 198//198 206//206 160//160
f 198//198 200//200 206//206
f 200//200 202//202 207//207
f 208//208 200//200 207//207
f 206//206 200//200 208//208
f 209//209 208//208 207//207
f 212//212 211//211 210//210
f 210//210 211//211 205//205
f 210//210 205//205 203//203
f 163//163 210//210 203//203
f 162//162 163//163 203//203
f 162//162 203//203 153//153
f 206//206 165//165 160//160
f 165//165 206//206 167//167
f 167//167 206//206 208//208
f 214//214 213//213 168//168
f 214//214 168//168 167//167
f 209//209 214//214 167//167
f 208//208 209//209 167//167
f 215//215 213//213 214//214
f 218//218 217//217 216//216
f 216//216 217//217 212//212
f 216//216 212//212 210//210
f 171//171 216//216 210//210
f 170//170 171//171 210//210
f 170//170 210//210 163//163
f 213//213 173//173 168//168
f 175//175 173//173 213//213
f 215//215 175//175 213//213
f 219//219 175//175 215//215
f 220//220 218//218 216//216
f 216//216 171//171 220//220
f 171//171 221//221 220//220
f 171//171 176//176 221//221
f 223//223 178//178 222//222
f 178//178 219//219 222//222
f 178//178 175//175 219//219
f 224//224 223//223 222//222
f 179//179 221//221 176//176
f 179//179 225//225 221//221
f 223//223 181//181 178//178
f 182//182 181//181 223//223
f 224//224 182//182 223//223
f 226//226 182//182 224//224
f 183//183 225//225 179//179
f 183//183 227//227 225//225
f 229//229 184//184 228//228
f 184//184 226//226 228//228
f 184//184 182//182 226//226
f 230//230 229//229 228//228
f 185//185 227//227 183//183
f 185//185 231//231 227//227
f 229//229 186//186 184//184
f 188//188 186//186 229//229
f 230//230 188//188 229//229
f 232//232 188//188 230//230
f 189//189 231//231 185//185
f 189//189 233//233 231//231
f 232//232 190//190 188//188
f 234//234 190//190 232//232
f 237//237 236//236 235//235
f 239//239 238//238 235//235
f 239//239 235//235 236//236
f 241//241 240//240 238//238
f 241//241 238//238 239//239
f 243//243 242//242 240//240
f 243//243 240//240 241//241
f 245//245 244//244 242//242
f 245//245 242//242 243//243
f 246//246 244//244 245//245
f 249//249 248//248 247//247
f 251//251 250//250 247//247
f 251//251 247//247 248//248
f 250//250 251//251 237//237
f 250//250 237//237 235//235
f 193//193 250//250 235//235
f 192//192 193//193 235//235
f 192//192 235//235 195//195
f 195//195 235//235 238//238
f 195//195 238//238 197//197
f 197//197 238//238 240//240
f 197//197 240//240 199//199
f 199//199 240//240 242//242
f 199//199 242//242 201//201
f 201//201 242//242 244//244
f 253//253 252//252 202//202
f 253//253 202//202 201//201
f 246//246 253//253 201//201
f 244//244 246//246 201//201
f 254//254 252//252 253//253
f 257//257 256//256 255//255
f 255//255 256//256 249//249
f 247//247 255//255 249//249
f 258//258 255//255 247//247
f 205//205 258//258 204//204
f 258//258 250//250 204//204
f 258//258 247//247 250//250
f 204//204 250//250 193//193
f 252//252 207//207 202//202
f 260//260 259//259 209//209
f 260//260 209//209 207//207
f 254//254 260//260 207//207
f 252//252 254//254 207//207
f 261//261 259//259 260//260
f 257//257 255//255 262//262
f 257//257 262//262 263//263
f 212//212 262//262 211//211
f 262//262 258//258 211//211
f 262//262 255//255 258//258
f 211//211 258//258 205//205
f 259//259 214//214 209//209
f 215//215 214//214 259//259
f 261//261 215//215 259//259
f 264//264 215//215 261//261
f 263//263 262//262 217//217
f 218//218 263//263 217//217
f 265//265 263//263 218//218
f 217//217 262//262 212//212
f 267//267 219//219 266//266
f 219//219 264//264 266//266
f 219//219 215//215 264//264
f 268//268 267//267 266//266
f 218//218 220//220 269//269
f 270//270 218//218 269//269
f 265//265 218//218 270//270
f 221//221 269//269 220//220
f 267//267 222//222 219//219
f 224//224 222//222 267//267
f 268//268 224//224 267//267
f 271//271 224//224 268//268
f 270//270 269//269 272//272
f 270//270 272//272 273//273
f 225//225 272//272 221//221
f 221//221 272//272 269//269
f 275//275 226//226 274//274
f 226//226 271//271 274//274
f 226//226 224//224 271//271
f 276//276 275//275 274//274
f 277//277 273//273 272//272
f 272//272 225//225 277//277
f 225//225 278//278 277//277
f 225//225 227//227 278//278
f 275//275 228//228 226//226
f 230//230 228//228 275//275
f 276//276 230//230 275//275
f 279//279 230//230 276//276
f 231//231 278//278 227//227
f 231//231 280//280 278//278
f 279//279 232//232 230//230
f 281//281 232//232 279//279
f 233//233 280//280 231//231
f 233//233 282//282 280//280
f 281//281 234//234 232//232
f 283//283 234//234 281//281
f 286//286 285//285 284//284
f 288//288 287//287 284//284
f 288//288 284//284 285//285
f 290//290 289//289 287//287
f 290//290 287//287 288//288
f 292//292 291//291 289//289
f 292//292 289//289 290//290
f 294//294 293//293 291//291
f 294//294 291//291 292//292
f 295//295 293//293 294//294
f 298//298 297//297 296//296
f 300//300 299//299 296//296
f 300//300 296//296 297//297
f 299//299 300//300 286//286
f 299//299 286//286 284//284
f 237//237 299//299 284//284
f 236//236 237//237 284//284
f 236//236 284//284 239//239
f 239//239 284//284 287//287
f 239//239 287//287 241//241
f 241//241 287//287 289//289
f 241//241 289//289 243//243
f 243//243 289//289 291//291
f 243//243 291//291 245//245
f 245//245 291//291 293//293
f 302//302 301//301 246//246
f 302//302 246//246 245//245
f 295//295 302//302 245//245
f 293//293 295//295 245//245
f 303//303 301//301 302//302
f 306//306 305//305 304//304
f 304//304 305//305 298//298
f 304//304 298//298 296//296
f 249//249 304//304 296//296
f 248//248 249//249 296//296
f 248//248 296//296 251//251
f 251//251 296//296 299//299
f 251//251 299//299 237//237
f 301//301 253//253 246//246
f 308//308 307//307 254//254
f 308//308 254//254 253//253
f 303//303 308//308 253//253
f 301//301 303//303 253//253
f 309//309 307//307 308//308
f 306//306 304//304 256//256
f 257//257 306//306 256//256
f 310//310 306//306 257//257
f 256//256 304//304 249//249
f 307//307 260//260 254//254
f 261//261 260//260 307//307
f 309//309 261//261 307//307
f 311//311 261//261 309//309
f 263//263 310//310 257//257
f 263//263 312//312 310//310
f 314//314 264//264 313//313
f 264//264 311//311 313//313
f 264//264 261//261 311//311
f 315//315 314//314 313//313
f 265//265 312//312 263//263
f 265//265 316//316 312//312
f 314//314 266//266 264//264
f 268//268 266//266 314//314
f 315//315 268//268 314//314
f 317//317 268//268 315//315
f 270//270 316//316 265//265
f 270//270 318//318 316//316
f 320//320 271//271 319//319
f 271//271 317//317 319//319
f 271//271 268//268 317//317
f 321//321 320//320 319//319
f 273//273 318//318 270//270
f 273//273 322//322 318//318
f 320//320 274//274 271//271
f 276//276 274//274 320//320
f 321//321 276//276 320//320
f 323//323 276//276 321//321
f 273//273 277//277 324//324
f 325//325 273//273 324//324
f 322//322 273//273 325//325
f 278//278 324//324 277//277
f 323//323 279//279 276//276
f 326//326 279//279 323//323
f 327//327 325//325 324//324
f 324//324 278//278 327//327
f 278//278 328//328 327//327
f 278//278 280//280 328//328
f 326//326 281//281 279//279
f 329//329 281//281 326//326
f 282//282 328//328 280//280
f 282//282 330//330 328//328
f 329//329 283//283 281//281
f 331//331 283//283 329//329
f 334//334 333//333 332//332
f 336//336 335//335 332//332
f 336//336 332//332 333//333
f 338//338 337//337 335//335
f 338//338 335//335 336//336
f 340//340 339//339 337//337
f 340//340 337//337 338//338
f 341//341 339//339 340//340
f 344//344 343//343 342//342
f 342//342 343//343 334//334
f 342//342 334//334 332//332
f 286//286 342//342 332//332
f 285//285 286//286 332//332
f 285//285 332//332 288//288
f 288//288 332//332 335//335
f 288//288 335//335 290//290
f 290//290 335//335 337//337
f 290//290 337//337 292//292
f 292//292 337//337 339//339
f 341//341 345//345 339//339
f 345//345 292//292 339//339
f 345//345 294//294 292//292
f 347//347 346//346 295//295
f 294//294 347//347 295//295
f 345//345 347//347 294//294
f 348//348 346//346 347//347
f 351//351 350//350 349//349
f 297//297 298//298 349//349
f 350//350 297//297 349//349
f 352//352 297//297 350//350
f 342//342 300//300 344//344
f 300//300 352//352 344//344
f 300//300 297//297 352//352
f 300//300 342//342 286//286
f 346//346 302//302 295//295
f 354//354 353//353 303//303
f 354//354 303//303 302//302
f 348//348 354//354 302//302
f 346//346 348//348 302//302
f 355//355 353//353 354//354
f 351//351 349//349 305//305
f 306//306 351//351 305//305
f 356//356 351//351 306//306
f 305//305 349//349 298//298
f 353//353 308//308 303//303
f 309//309 308//308 353//353
f 355//355 309//309 353//353
f 357//357 309//309 355//355
f 310//310 356//356 306//306
f 310//310 358//358 356//356
f 360//360 311//311 359//359
f 311//311 357//357 359//359
f 311//311 309//309 357//357
f 361//361 360//360 359//359
f 312//312 358//358 310//310
f 312//312 362//362 358//358
f 360//360 313//313 311//311
f 315//315 313//313 360//360
f 361//361 315//315 360//360
f 363//363 315//315 361//361
f 316//316 362//362 312//312
f 316//316 364//364 362//362
f 366//366 317//317 365//365
f 317//317 363//363 365//365
f 317//317 315//315 363//363
f 367//367 366//366 365//365
f 318//318 364//364 316//316
f 318//318 368//368 364//364
f 366//366 319//319 317//317
f 321//321 319//319 366//366
f 367//367 321//321 366//366
f 369//369 321//321 367//367
f 322//322 368//368 318//318
f 322//322 370//370 368//368
f 369//369 323//323 321//321
f 371//371 323//323 369//369
f 325//325 370//370 322//322
f 325//325 372//372 370//370
f 371//371 326//326 323//323
f 373//373 326//326 371//371
f 325//325 327//327 374//374
f 375//375 325//325 374//374
f 372//372 325//325 375//375
f 328//328 374//374 327//327
f 373//373 329//329 326//326
f 376//376 329//329 373//373
f 377//377 375//375 374//374
f 374//374 328//328 377//377
f 328//328 378//378 377//377
f 328//328 330//330 378//378
f 376//376 331//331 329//329
f 379//379 331//331 376//376
f 382//382 381//381 380//380
f 333//333 334//334 380//380
f 381//381 333//333 380//380
f 383//383 333//333 381//381
f 333//333 384//384 336//336
f 383//383 384//384 333//333
f 336//336 385//385 338//338
f 384//384 385//385 336//336
f 338//338 386//386 340//340
f 385//385 386//386 338//338
f 388//388 387//387 341//341
f 340//340 388//388 341//341
f 386//386 388//388 340//340
f 389//389 387//387 388//388
f 392//392 391//391 390//390
f 390//390 391//391 382//382
f 390//390 382//382 380//380
f 344//344 390//390 380//380
f 343//343 344//344 380//380
f 343//343 380//380 334//334
f 387//387 345//345 341//341
f 389//389 393//393 387//387
f 393//393 345//345 387//387
f 393//393 347//347 345//345
f 348//348 347//347 393//393
f 348//348 393//393 394//394
f 396//396 395//395 350//350
f 396//396 350//350 351//351
f 390//390 352//352 392//392
f 352//352 395//395 392//392
f 352//352 350//350 395//395
f 352//352 390//390 344//344
f 394//394 397//397 348//348
f 348//348 397//397 354//354
f 355//355 354//354 397//397
f 355//355 397//397 398//398
f 356//356 396//396 351//351
f 356//356 399//399 396//396
f 401//401 357//357 400//400
f 357//357 398//398 400//400
f 357//357 355//355 398//398
f 402//402 401//401 400//400
f 358//358 399//399 356//356
f 358//358 403//403 399//399
f 401//401 359//359 357//357
f 361//361 359//359 401//401
f 402//402 361//361 401//401
f 404//404 361//361 402//402
f 362//362 403//403 358//358
f 362//362 405//405 403//403
f 407//407 363//363 406//406
f 363//363 404//404 406//406
f 363//363 361//361 404//404
f 408//408 407//407 406//406
f 364//364 405//405 362//362
f 364//364 409//409 405//405
f 407//407 365//365 363//363
f 367//367 365//365 407//407
f 408//408 367//367 407//407
f 410//410 367//367 408//408
f 368//368 409//409 364//364
f 368//368 411//411 409//409
f 410//410 369//369 367//367
f 412//412 369//369 410//410
f 370//370 411//411 368//368
f 370//370 413//413 411//411
f 412//412 371//371 369//369
f 414//414 371//371 412//412
f 372//372 413//413 370//370
f 372//372 415//415 413//413
f 414//414 373//373 371//371
f 416//416 373//373 414//414
f 375//375 415//415 372//372
f 375//375 417//417 415//415
f 416//416 376//376 373//373
f 418//418 376//376 416//416
f 375//375 377//377 419//419
f 420//420 375//375 419//419
f 417//417 375//375 420//420
f 378//378 419//419 377//377
f 418//418 379//379 376//376
f 421//421 379//379 418//418
f 424//424 423//423 422//422
f 426//426 425//425 422//422
f 426//426 422//422 423//423
f 427//427 425//425 426//426
f 429//429 428//428 381//381
f 429//429 381//381 382//382
f 381//381 430//430 383//383
f 428//428 430//430 381//381
f 422//422 384//384 424//424
f 384//384 430//430 424//424
f 384//384 383//383 430//430
f 384//384 422//422 385//385
f 385//385 422//422 425//425
f 427//427 431//431 425//425
f 431//431 385//385 425//425
f 431//431 386//386 385//385
f 386//386 432//432 388//388
f 431//431 432//432 386//386
f 434//434 433//433 389//389
f 388//388 434//434 389//389
f 432//432 434//434 388//388
f 435//435 433//433 434//434
f 438//438 437//437 436//436
f 391//391 392//392 436//436
f 437//437 391//391 436//436
f 439//439 391//391 437//437
f 382//382 391//391 429//429
f 429//429 391//391 439//439
f 433//433 393//393 389//389
f 441//441 440//440 394//394
f 441//441 394//394 393//393
f 435//435 441//441 393//393
f 433//433 435//435 393//393
f 442//442 440//440 441//441
f 438//438 436//436 395//395
f 396//396 438//438 395//395
f 443//443 438//438 396//396
f 395//395 436//436 392//392
f 440//440 397//397 394//394
f 445//445 444//444 398//398
f 445//445 398//398 397//397
f 442//442 445//445 397//397
f 440//440 442//442 397//397
f 446//446 444//444 445//445
f 399//399 443//443 396//396
f 399//399 447//447 443//443
f 444//444 400//400 398//398
f 402//402 400//400 444//444
f 446//446 402//402 444//444
f 448//448 402//402 446//446
f 403//403 447//447 399//399
f 403//403 449//449 447//447
f 451//451 404//404 450//450
f 404//404 448//448 450//450
f 404//404 402//402 448//448
f 452//452 451//451 450//450
f 405//405 449//449 403//403
f 405//405 453//453 449//449
f 451//451 406//406 404//404
f 408//408 406//406 451//451
f 452//452 408//408 451//451
f 454//454 408//408 452//452
f 409//409 453//453 405//405
f 409//409 455//455 453//453
f 454//454 410//410 408//408
f 456//456 410//410 454//454
f 411//411 455//455 409//409
f 411//411 457//457 455//455
f 456//456 412//412 410//410
f 458//458 412//412 456//456
f 413//413 457//457 411//411
f 413//413 459//459 457//457
f 458//458 414//414 412//412
f 460//460 414//414 458//458
f 415//415 459//459 413//413
f 415//415 461//461 459//459
f 460//460 416//416 414//414
f 462//462 416//416 460//460
f 417//417 461//461 415//415
f 417//417 463//463 461//461
f 462//462 418//418 416//416
f 464//464 418//418 462//462
f 420//420 463//463 417//417
f 420//420 465//465 463//463
f 464//464 421//421 418//418
f 466//466 421//421 464//464
f 469//469 468//468 467//467
f 423//423 424//424 467//467
f 468//468 423//423 467//467
f 470//470 423//423 468//468
f 423//423 471//471 426//426
f 470//470 471//471 423//423
f 473//473 472//472 427//427
f 426//426 473//473 427//427
f 471//471 473//473 426//426
f 475//475 474//474 472//472
f 475//475 472//472 473//473
f 476//476 474//474 475//475
f 479//479 478//478 477//477
f 428//428 429//429 477//477
f 478//478 428//428 477//477
f 480//480 428//428 478//478
f 467//467 430//430 469//469
f 430//430 480//480 469//469
f 430//430 428//428 480//480
f 430//430 467//467 424//424
f 472//472 431//431 427//427
f 431//431 472//472 432//432
f 432//432 472//472 474//474
f 476//476 481//481 474//474
f 481//481 432//432 474//474
f 481//481 434//434 432//432
f 483//483 482//482 435//435
f 434//434 483//483 435//435
f 481//481 483//483 434//434
f 484//484 482//482 483//483
f 486//486 485//485 437//437
f 486//486 437//437 438//438
f 477//477 439//439 479//479
f 439//439 485//485 479//479
f 439//439 437//437 485//485
f 439//439 477//477 429//429
f 482//482 441//441 435//435
f 442//442 441//441 482//482
f 484//484 442//442 482//482
f 487//487 442//442 484//484
f 443//443 486//486 438//438
f 443//443 488//488 486//486
f 487//487 489//489 442//442
f 442//442 489//489 445//445
f 446//446 445//445 489//489
f 446//446 489//489 490//490
f 447//447 488//488 443//443
f 447//447 491//491 488//488
f 493//493 448//448 492//492
f 448//448 490//490 492//492
f 448//448 446//446 490//490
f 494//494 493//493 492//492
f 449//449 491//491 447//447
f 449//449 495//495 491//491
f 493//493 450//450 448//448
f 452//452 450//450 493//493
f 494//494 452//452 493//493
f 496//496 452//452 494//494
f 453//453 495//495 449//449
f 453//453 497//497 495//495
f 496//496 454//454 452//452
f 498//498 454//454 496//496
f 455//455 497//497 453//453
f 455//455 499//499 497//497
f 498//498 456//456 454//454
f 500//500 456//456 498//498
f 457//457 499//499 455//455
f 457//457 501//501 499//499
f 500//500 458//458 456//456
f 502//502 458//458 500//500
f 459//459 501//501 457//457
f 459//459 503//503 501//501
f 502//502 460//460 458//458
f 504//504 460//460 502//502
f 461//461 503//503 459//459
f 461//461 505//505 503//503
f 504//504 462//462 460//460
f 506//506 462//462 504//504
f 463//463 505//505 461//461
f 463//463 507//507 505//505
f 506//506 464//464 462//462
f 508//508 464//464 506//506
f 465//465 507//507 463//463
f 465//465 509//509 507//507
f 512//512 511//511 510//510
f 508//508 512//512 510//510
f 466//466 508//508 510//510
f 464//464 508//508 466//466
f 515//515 514//514 513//513
f 468//468 469//469 513//513
f 514//514 468//468 513//513
f 516//516 468//468 514//514
f 468//468 517//517 470//470
f 516//516 517//517 468//468
f 470//470 518//518 471//471
f 517//517 518//518 470//470
f 471//471 519//519 473//473
f 518//518 519//519 471//471
f 473//473 520//520 475//475
f 519//519 520//520 473//473
f 522//522 521//521 476//476
f 475//475 522//522 476//476
f 520//520 522//522 475//475
f 523//523 521//521 522//522
f 526//526 525//525 524//524
f 478//478 479//479 524//524
f 525//525 478//478 524//524
f 527//527 478//478 525//525
f 513//513 480//480 515//515
f 480//480 527//527 515//515
f 480//480 478//478 527//527
f 480//480 513//513 469//469
f 521//521 481//481 476//476
f 523//523 528//528 521//521
f 528//528 481//481 521//521
f 528//528 483//483 481//481
f 484//484 483//483 528//528
f 484//484 528//528 529//529
f 526//526 524//524 485//485
f 486//486 526//526 485//485
f 530//530 526//526 486//486
f 485//485 524//524 479//479
f 532//532 487//487 531//531
f 487//487 529//529 531//531
f 487//487 484//484 529//529
f 533//533 532//532 531//531
f 488//488 530//530 486//486
f 488//488 534//534 530//530
f 532//532 489//489 487//487
f 536//536 535//535 490//490
f 536//536 490//490 489//489
f 533//533 536//536 489//489
f 532//532 533//533 489//489
f 537//537 535//535 536//536
f 491//491 534//534 488//488
f 491//491 538//538 534//534
f 535//535 492//492 490//490
f 494//494 492//492 535//535
f 537//537 494//494 535//535
f 539//539 494//494 537//537
f 495//495 538//538 491//491
f 495//495 540//540 538//538
f 539//539 496//496 494//494
f 541//541 496//496 539//539
f 497//497 540//540 495//495
f 497//497 542//542 540//540
f 541//541 498//498 496//496
f 543//543 498//498 541//541
f 499//499 542//542 497//497
f 499//499 544//544 542//542
f 546//546 500//500 545//545
f 500//500 543//543 545//545
f 500//500 498//498 543//543
f 547//547 546//546 545//545
f 501//501 544//544 499//499
f 501//501 548//548 544//544
f 550//550 549//549 546//546
f 549//549 500//500 546//546
f 549//549 502//502 500//500
f 550//550 546//546 547//547
f 503//503 548//548 501//501
f 503//503 551//551 548//548
f 549//549 504//504 502//502
f 552//552 504//504 549//549
f 505//505 551//551 503//503
f 505//505 553//553 551//551
f 552//552 506//506 504//504
f 554//554 506//506 552//552
f 507//507 553//553 505//505
f 507//507 555//555 553//553
f 554//554 508//508 506//506
f 556//556 508//508 554//554
f 509//509 555//555 507//507
f 509//509 557//557 555//555
f 559//559 558//558 512//512
f 512//512 558//558 511//511
f 512//512 508//508 556//556
f 512//512 556//556 559//559
f 562//562 561//561 560//560
f 564//564 563//563 560//560
f 564//564 560//560 561//561
f 566//566 565//565 563//563
f 566//566 563//563 564//564
f 568//568 567//567 565//565
f 568//568 565//565 566//566
f 569//569 567//567 568//568
f 572//572 571//571 570//570
f 514//514 515//515 570//570
f 571//571 514//514 570//570
f 573//573 514//514 571//571
f 560//560 516//516 562//562
f 516//516 573//573 562//562
f 516//516 514//514 573//573
f 516//516 560//560 517//517
f 517//517 560//560 563//563
f 517//517 563//563 518//518
f 518//518 563//563 565//565
f 518//518 565//565 519//519
f 519//519 565//565 567//567
f 569//569 574//574 567//567
f 574//574 519//519 567//567
f 574//574 520//520 519//519
f 520//520 575//575 522//522
f 574//574 575//575 520//520
f 523//523 522//522 575//575
f 523//523 575//575 576//576
f 578//578 577//577 525//525
f 578//578 525//525 526//526
f 570//570 527//527 572//572
f 527//527 577//577 572//572
f 527//527 525//525 577//577
f 527//527 570//570 515//515
f 576//576 579//579 523//523
f 523//523 579//579 528//528
f 581//581 580//580 529//529
f 528//528 581//581 529//529
f 579//579 581//581 528//528
f 582//582 580//580 581//581
f 530//530 578//578 526//526
f 530//530 583//583 578//578
f 580//580 531//531 529//529
f 533//533 531//531 580//580
f 582//582 533//533 580//580
f 584//584 533//533 582//582
f 534//534 583//583 530//530
f 534//534 585//585 583//583
f 584//584 586//586 533//533
f 533//533 586//586 536//536
f 537//537 536//536 586//586
f 537//537 586//586 587//587
f 538//538 585//585 534//534
f 538//538 588//588 585//585
f 587//587 539//539 537//537
f 589//589 539//539 587//587
f 540//540 588//588 538//538
f 540//540 590//590 588//588
f 592//592 541//541 591//591
f 541//541 589//589 591//591
f 541//541 539//539 589//589
f 593//593 592//592 591//591
f 542//542 590//590 540//540
f 542//542 594//594 590//590
f 595//595 543//543 592//592
f 592//592 543//543 541//541
f 592//592 593//593 596//596
f 592//592 596//596 595//595
f 544//544 594//594 542//542
f 544//544 597//597 594//594
f 595//595 545//545 543//543
f 547//547 545//545 595//595
f 596//596 547//547 595//595
f 598//598 547//547 596//596
f 548//548 597//597 544//544
f 548//548 599//599 597//597
f 601//601 600//600 550//550
f 550//550 600//600 549//549
f 550//550 547//547 598//598
f 550//550 598//598 601//601
f 551//551 599//599 548//548
f 551//551 602//602 599//599
f 600//600 552//552 549//549
f 603//603 552//552 600//600
f 553//553 602//602 551//551
f 553//553 604//604 602//602
f 603//603 554//554 552//552
f 605//605 554//554 603//603
f 555//555 604//604 553//553
f 555//555 606//606 604//604
f 609//609 608//608 607//607
f 605//605 609//609 607//607
f 556//556 605//605 607//607
f 554//554 605//605 556//556
f 557//557 611//611 610//610
f 606//606 557//557 610//610
f 555//555 557//557 606//606
f 611//611 612//612 610//610
f 615//615 614//614 613//613
f 615//615 613//613 608//608
f 608//608 613//613 607//607
f 613//613 558//558 607//607
f 558//558 559//559 607//607
f 607//607 559//559 556//556
f 618//618 617//617 616//616
f 561//561 562//562 616//616
f 617//617 561//561 616//616
f 619//619 561//561 617//617
f 561//561 620//620 564//564
f 619//619 620//620 561//561
f 564//564 621//621 566//566
f 620//620 621//621 564//564
f 566//566 622//622 568//568
f 621//621 622//622 566//566
f 624//624 623//623 569//569
f 568//568 624//624 569//569
f 622//622 624//624 568//568
f 625//625 623//623 624//624
f 628//628 627//627 626//626
f 571//571 572//572 626//626
f 627//627 571//571 626//626
f 629//629 571//571 627//627
f 616//616 573//573 618//618
f 573//573 629//629 618//618
f 573//573 571//571 629//629
f 573//573 616//616 562//562
f 623//623 574//574 569//569
f 625//625 630//630 623//623
f 630//630 574//574 623//623
f 630//630 575//575 574//574
f 632//632 631//631 576//576
f 575//575 632//632 576//576
f 630//630 632//632 575//575
f 633//633 631//631 632//632
f 628//628 626//626 577//577
f 578//578 628//628 577//577
f 634//634 628//628 578//578
f 577//577 626//626 572//572
f 631//631 579//579 576//576
f 633//633 635//635 631//631
f 635//635 579//579 631//631
f 635//635 581//581 579//579
f 582//582 581//581 635//635
f 582//582 635//635 636//636
f 583//583 634//634 578//578
f 583//583 637//637 634//634
f 639//639 584//584 638//638
f 584//584 636//636 638//638
f 584//584 582//582 636//636
f 640//640 639//639 638//638
f 585//585 637//637 583//583
f 585//585 641//641 637//637
f 639//639 586//586 584//584
f 587//587 586//586 639//639
f 640//640 587//587 639//639
f 642//642 587//587 640//640
f 588//588 641//641 585//585
f 588//588 643//643 641//641
f 645//645 589//589 644//644
f 589//589 642//642 644//644
f 589//589 587//587 642//642
f 646//646 645//645 644//644
f 590//590 643//643 588//588
f 590//590 647//647 643//643
f 645//645 591//591 589//589
f 593//593 591//591 645//645
f 646//646 593//593 645//645
f 648//648 593//593 646//646
f 594//594 647//647 590//590
f 594//594 649//649 647//647
f 648//648 596//596 593//593
f 650//650 596//596 648//648
f 597//597 649//649 594//594
f 597//597 651//651 649//649
f 650//650 598//598 596//596
f 652//652 598//598 650//650
f 599//599 651//651 597//597
f 599//599 653//653 651//651
f 655//655 654//654 601//601
f 601//601 654//654 600//600
f 601//601 598//598 652//652
f 601//601 652//652 655//655
f 602//602 653//653 599//599
f 602//602 656//656 653//653
f 654//654 603//603 600//600
f 657//657 603//603 654//654
f 604//604 656//656 602//602
f 604//604 658//658 656//656
f 657//657 605//605 603//603
f 659//659 605//605 657//657
f 606//606 658//658 604//604
f 606//606 660//660 658//658
f 662//662 661//661 609//609
f 609//609 661//661 608//608
f 609//609 605//605 659//659
f 609//609 659//659 662//662
f 663//663 660//660 606//606
f 663//663 606//606 610//610
f 665//665 664//664 612//612
f 664//664 610//610 612//612
f 664//664 663//663 610//610
f 665//665 666//666 664//664
f 668//668 667//667 615//615
f 615//615 667//667 614//614
f 615//615 608//608 661//661
f 615//615 661//661 668//668
f 671//671 670//670 669//669
f 673//673 672//672 669//669
f 673//673 669//669 670//670
f 675//675 674//674 672//672
f 675//675 672//672 673//673
f 677//677 676//676 674//674
f 677//677 674//674 675//675
f 679//679 678//678 676//676
f 679//679 676//676 677//677
f 680//680 678//678 679//679
f 683//683 682//682 681//681
f 617//617 618//618 681//681
f 682//682 617//617 681//681
f 684//684 617//617 682//682
f 669//669 619//619 671//671
f 619//619 684//684 671//671
f 619//619 617//617 684//684
f 619//619 669//669 620//620
f 620//620 669//669 672//672
f 620//620 672//672 621//621
f 621//621 672//672 674//674
f 621//621 674//674 622//622
f 622//622 674//674 676//676
f 622//622 676//676 624//624
f 624//624 676//676 678//678
f 686//686 685//685 625//625
f 686//686 625//625 624//624
f 680//680 686//686 624//624
f 678//678 680//680 624//624
f 687//687 685//685 686//686
f 689//689 688//688 627//627
f 689//689 627//627 628//628
f 681//681 629//629 683//683
f 629//629 688//688 683//683
f 629//629 627//627 688//688
f 629//629 681//681 618//618
f 685//685 630//630 625//625
f 687//687 690//690 685//685
f 690//690 630//630 685//685
f 690//690 632//632 630//630
f 692//692 691//691 633//633
f 632//632 692//692 633//633
f 690//690 692//692 632//632
f 693//693 691//691 692//692
f 634//634 689//689 628//628
f 634//634 694//694 689//689
f 691//691 635//635 633//633
f 696//696 695//695 636//636
f 696//696 636//636 635//635
f 693//693 696//696 635//635
f 691//691 693//693 635//635
f 697//697 695//695 696//696
f 637//637 694//694 634//634
f 637//637 698//698 694//694
f 695//695 638//638 636//636
f 640//640 638//638 695//695
f 697//697 640//640 695//695
f 699//699 640//640 697//697
f 641//641 698//698 637//637
f 641//641 700//700 698//698
f 702//702 642//642 701//701
f 642//642 699//699 701//701
f 642//642 640//640 699//699
f 703//703 702//702 701//701
f 643//643 700//700 641//641
f 643//643 704//704 700//700
f 702//702 644//644 642//642
f 646//646 644//644 702//702
f 703//703 646//646 702//702
f 705//705 646//646 703//703
f 647//647 704//704 643//643
f 647//647 706//706 704//704
f 705//705 648//648 646//646
f 707//707 648//648 705//705
f 649//649 706//706 647//647
f 649//649 708//708 706//706
f 707//707 650//650 648//648
f 709//709 650//650 707//707
f 651//651 708//708 649//649
f 651//651 710//710 708//708
f 709//709 652//652 650//650
f 711//711 652//652 709//709
f 653//653 710//710 651//651
f 653//653 712//712 710//710
f 714//714 713//713 655//655
f 655//655 713//713 654//654
f 655//655 652//652 711//711
f 655//655 711//711 714//714
f 656//656 712//712 653//653
f 656//656 715//715 712//712
f 713//713 657//657 654//654
f 716//716 657//657 713//713
f 658//658 715//715 656//656
f 658//658 717//717 715//715
f 720//720 719//719 718//718
f 716//716 720//720 718//718
f 659//659 716//716 718//718
f 657//657 716//716 659//659
f 660//660 722//722 721//721
f 717//717 660//660 721//721
f 658//658 660//660 717//717
f 722//722 723//723 721//721
f 718//718 719//719 662//662
f 719//719 661//661 662//662
f 719//719 724//724 661//661
f 718//718 662//662 659//659
f 663//663 722//722 660//660
f 725//725 723//723 722//722
f 663//663 725//725 722//722
f 664//664 725//725 663//663
f 664//664 666//666 725//725
f 725//725 666//666 726//726
f 729//729 728//728 727//727
f 667//667 668//668 727//727
f 668//668 729//729 727//727
f 668//668 730//730 729//729
f 668//668 661//661 724//724
f 668//668 724//724 730//730
f 733//733 732//732 731//731
f 735//735 734//734 731//731
f 735//735 731//731 732//732
f 737//737 736//736 734//734
f 737//737 734//734 735//735
f 739//739 738//738 736//736
f 739//739 736//736 737//737
f 741//741 740//740 738//738
f 741//741 738//738 739//739
f 742//742 740//740 741//741
f 745//745 744//744 743//743
f 743//743 744//744 733//733
f 743//743 733//733 731//731
f 671//671 743//743 731//731
f 670//670 671//671 731//731
f 670//670 731//731 673//673
f 673//673 731//731 734//734
f 673//673 734//734 675//675
f 675//675 734//734 736//736
f 675//675 736//736 677//677
f 677//677 736//736 738//738
f 677//677 738//738 679//679
f 679//679 738//738 740//740
f 747//747 746//746 680//680
f 747//747 680//680 679//679
f 742//742 747//747 679//679
f 740//740 742//742 679//679
f 748//748 746//746 747//747
f 751//751 750//750 749//749
f 682//682 683//683 749//749
f 750//750 682//682 749//749
f 752//752 682//682 750//750
f 743//743 684//684 745//745
f 684//684 752//752 745//745
f 684//684 682//682 752//752
f 684//684 743//743 671//671
f 746//746 686//686 680//680
f 754//754 753//753 687//687
f 754//754 687//687 686//686
f 748//748 754//754 686//686
f 746//746 748//748 686//686
f 755//755 753//753 754//754
f 751//751 749//749 688//688
f 689//689 751//751 688//688
f 756//756 751//751 689//689
f 688//688 749//749 683//683
f 753//753 690//690 687//687
f 755//755 757//757 753//753
f 757//757 690//690 753//753
f 757//757 692//692 690//690
f 693//693 692//692 757//757
f 693//693 757//757 758//758
f 694//694 756//756 689//689
f 694//694 759//759 756//756
f 758//758 760//760 693//693
f 693//693 760//760 696//696
f 697//697 696//696 760//760
f 697//697 760//760 761//761
f 698//698 759//759 694//694
f 698//698 762//762 759//759
f 764//764 699//699 763//763
f 699//699 761//761 763//763
f 699//699 697//697 761//761
f 765//765 764//764 763//763
f 700//700 762//762 698//698
f 700//700 766//766 762//762
f 764//764 701//701 699//699
f 703//703 701//701 764//764
f 765//765 703//703 764//764
f 767//767 703//703 765//765
f 704//704 766//766 700//700
f 704//704 768//768 766//766
f 767//767 705//705 703//703
f 769//769 705//705 767//767
f 706//706 768//768 704//704
f 706//706 770//770 768//768
f 769//769 707//707 705//705
f 771//771 707//707 769//769
f 708//708 770//770 706//706
f 708//708 772//772 770//770
f 771//771 709//709 707//707
f 773//773 709//709 771//771
f 710//710 772//772 708//708
f 710//710 774//774 772//772
f 773//773 711//711 709//709
f 775//775 711//711 773//773
f 712//712 774//774 710//710
f 712//712 776//776 774//774
f 778//778 777//777 714//714
f 714//714 777//777 713//713
f 714//714 711//711 775//775
f 714//714 775//775 778//778
f 715//715 776//776 712//712
f 715//715 779//779 776//776
f 777//777 716//716 713//713
f 780//780 716//716 777//777
f 717//717 779//779 715//715
f 717//717 781//781 779//779
f 783//783 782//782 720//720
f 720//720 782//782 719//719
f 720//720 716//716 780//780
f 720//720 780//780 783//783
f 784//784 781//781 717//717
f 784//784 717//717 721//721
f 721//721 723//723 784//784
f 784//784 723//723 785//785
f 782//782 724//724 719//719
f 786//786 724//724 782//782
f 787//787 785//785 723//723
f 787//787 723//723 725//725
f 725//725 726//726 787//787
f 787//787 726//726 788//788
f 790//790 789//789 729//729
f 729//729 789//789 728//728
f 791//791 729//729 730//730
f 791//791 790//790 729//729
f 730//730 724//724 786//786
f 730//730 786//786 791//791
f 794//794 793//793 792//792
f 796//796 795//795 792//792
f 796//796 792//792 793//793
f 798//798 797//797 795//795
f 798//798 795//795 796//796
f 800//800 799//799 797//797
f 800//800 797//797 798//798
f 802//802 801//801 799//799
f 802//802 799//799 800//800
f 803//803 801//801 802//802
f 806//806 805//805 804//804
f 804//804 805//805 794//794
f 804//804 794//794 792//792
f 733//733 804//804 792//792
f 732//732 733//733 792//792
f 732//732 792//792 735//735
f 735//735 792//792 795//795
f 735//735 795//795 737//737
f 737//737 795//795 797//797
f 737//737 797//797 739//739
f 739//739 797//797 799//799
f 739//739 799//799 741//741
f 741//741 799//799 801//801
f 808//808 807//807 742//742
f 808//808 742//742 741//741
f 803//803 808//808 741//741
f 801//801 803//803 741//741
f 810//810 809//809 807//807
f 810//810 807//807 808//808
f 811//811 809//809 810//810
f 814//814 813//813 812//812
f 812//812 813//813 806//806
f 812//812 806//806 804//804
f 745//745 812//812 804//804
f 744//744 745//745 804//804
f 744//744 804//804 733//733
f 807//807 747//747 742//742
f 747//747 807//807 748//748
f 807//807 815//815 748//748
f 807//807 809//809 815//815
f 809//809 811//811 816//816
f 809//809 816//816 815//815
f 818//818 817//817 750//750
f 818//818 750//750 751//751
f 812//812 752//752 814//814
f 752//752 817//817 814//814
f 752//752 750//750 817//817
f 752//752 812//812 745//745
f 815//815 754//754 748//748
f 820//820 819//819 755//755
f 820//820 755//755 754//754
f 816//816 820//820 754//754
f 815//815 816//816 754//754
f 821//821 819//819 820//820
f 756//756 818//818 751//751
f 756//756 822//822 818//818
f 819//819 757//757 755//755
f 824//824 823//823 758//758
f 824//824 758//758 757//757
f 821//821 824//824 757//757
f 819//819 821//821 757//757
f 825//825 823//823 824//824
f 759//759 822//822 756//756
f 759//759 826//826 822//822
f 823//823 760//760 758//758
f 828//828 827//827 761//761
f 828//828 761//761 760//760
f 825//825 828//828 760//760
f 823//823 825//825 760//760
f 829//829 827//827 828//828
f 762//762 826//826 759//759
f 762//762 830//830 826//826
f 827//827 763//763 761//761
f 765//765 763//763 827//827
f 829//829 765//765 827//827
f 831//831 765//765 829//829
f 766//766 830//830 762//762
f 766//766 832//832 830//830
f 834//834 767//767 833//833
f 767//767 831//831 833//833
f 767//767 765//765 831//831
f 835//835 834//834 833//833
f 768//768 832//832 766//766
f 768//768 836//836 832//832
f 837//837 769//769 834//834
f 834//834 769//769 767//767
f 834//834 835//835 838//838
f 834//834 838//838 837//837
f 770//770 836//836 768//768
f 770//770 839//839 836//836
f 840//840 771//771 837//837
f 837//837 771//771 769//769
f 837//837 838//838 841//841
f 837//837 841//841 840//840
f 772//772 839//839 770//770
f 772//772 842//842 839//839
f 844//844 843//843 840//840
f 843//843 771//771 840//840
f 843//843 773//773 771//771
f 844//844 840//840 841//841
f 774//774 842//842 772//772
f 774//774 845//845 842//842
f 843//843 775//775 773//773
f 846//846 775//775 843//843
f 776//776 845//845 774//774
f 776//776 847//847 845//845
f 849//849 848//848 778//778
f 778//778 848//848 777//777
f 778//778 775//775 846//846
f 778//778 846//846 849//849
f 779//779 847//847 776//776
f 779//779 850//850 847//847
f 848//848 780//780 777//777
f 851//851 780//780 848//848
f 781//781 853//853 852//852
f 850//850 781//781 852//852
f 779//779 781//781 850//850
f 853//853 854//854 852//852
f 856//856 855//855 783//783
f 783//783 855//855 782//782
f 783//783 780//780 851//851
f 783//783 851//851 856//856
f 784//784 853//853 781//781
f 858//858 857//857 785//785
f 785//785 857//857 784//784
f 857//857 854//854 784//784
f 854//854 853//853 784//784
f 858//858 859//859 857//857
f 855//855 786//786 782//782
f 860//860 786//786 855//855
f 787//787 858//858 785//785
f 862//862 861//861 788//788
f 788//788 861//861 787//787
f 861//861 859//859 787//787
f 859//859 858//858 787//787
f 862//862 863//863 861//861
f 865//865 864//864 790//790
f 790//790 864//864 789//789
f 866//866 790//790 791//791
f 866//866 865//865 790//790
f 791//791 786//786 860//860
f 791//791 860//860 866//866
f 869//869 868//868 867//867
f 871//871 870//870 867//867
f 871//871 867//867 868//868
f 873//873 872//872 870//870
f 873//873 870//870 871//871
f 875//875 874//874 872//872
f 875//875 872//872 873//873
f 877//877 876//876 874//874
f 877//877 874//874 875//875
f 879//879 878//878 876//876
f 879//879 876//876 877//877
f 880//880 878//878 879//879
f 883//883 882//882 881//881
f 881//881 882//882 869//869
f 881//881 869//869 867//867
f 794//794 881//881 867//867
f 793//793 794//794 867//867
f 793//793 867//867 796//796
f 796//796 867//867 870//870
f 796//796 870//870 798//798
f 798//798 870//870 872//872
f 798//798 872//872 800//800
f 800//800 872//872 874//874
f 800//800 874//874 802//802
f 802//802 874//874 876//876
f 802//802 876//876 803//803
f 876//876 884//884 803//803
f 876//876 878//878 884//884
f 878//878 880//880 885//885
f 886//886 878//878 885//885
f 884//884 878//878 886//886
f 887//887 886//886 885//885
f 890//890 889//889 888//888
f 888//888 889//889 883//883
f 888//888 883//883 881//881
f 806//806 888//888 881//881
f 805//805 806//806 881//881
f 805//805 881//881 794//794
f 884//884 808//808 803//803
f 808//808 884//884 810//810
f 810//810 884//884 886//886
f 892//892 891//891 811//811
f 892//892 811//811 810//810
f 887//887 892//892 810//810
f 886//886 887//887 810//810
f 893//893 891//891 892//892
f 896//896 895//895 894//894
f 894//894 895//895 890//890
f 894//894 890//890 888//888
f 814//814 894//894 888//888
f 813//813 814//814 888//888
f 813//813 888//888 806//806
f 897//897 816//816 891//891
f 891//891 816//816 811//811
f 891//891 893//893 898//898
f 899//899 891//891 898//898
f 897//897 891//891 899//899
f 900//900 899//899 898//898
f 896//896 894//894 817//817
f 818//818 896//896 817//817
f 901//901 896//896 818//818
f 817//817 894//894 814//814
f 897//897 820//820 816//816
f 820//820 897//897 821//821
f 897//897 902//902 821//821
f 897//897 899//899 902//902
f 899//899 900//900 903//903
f 899//899 903//903 902//902
f 822//822 901//901 818//818
f 822//822 904//904 901//901
f 902//902 824//824 821//821
f 906//906 905//905 825//825
f 906//906 825//825 824//824
f 903//903 906//906 824//824
f 902//902 903//903 824//824
f 907//907 905//905 906//906
f 826//826 904//904 822//822
f 826//826 908//908 904//904
f 905//905 828//828 825//825
f 829//829 828//828 905//905
f 907//907 829//829 905//905
f 909//909 829//829 907//907
f 830//830 908//908 826//826
f 830//830 910//910 908//908
f 912//912 831//831 911//911
f 831//831 909//909 911//911
f 831//831 829//829 909//909
f 913//913 912//912 911//911
f 832//832 910//910 830//830
f 832//832 914//914 910//910
f 912//912 833//833 831//831
f 835//835 833//833 912//912
f 913//913 835//835 912//912
f 915//915 835//835 913//913
f 836//836 914//914 832//832
f 836//836 916//916 914//914
f 915//915 838//838 835//835
f 917//917 838//838 915//915
f 839//839 916//916 836//836
f 839//839 918//918 916//916
f 917//917 841//841 838//838
f 919//919 841//841 917//917
f 842//842 918//918 839//839
f 842//842 920//920 918//918
f 921//921 843//843 844//844
f 922//922 921//921 844//844
f 841//841 922//922 844//844
f 919//919 922//922 841//841
f 845//845 920//920 842//842
f 845//845 923//923 920//920
f 925//925 924//924 921//921
f 924//924 843//843 921//921
f 924//924 846//846 843//843
f 925//925 921//921 922//922
f 847//847 923//923 845//845
f 847//847 926//926 923//923
f 927//927 848//848 849//849
f 928//928 927//927 849//849
f 846//846 928//928 849//849
f 924//924 928//928 846//846
f 850//850 926//926 847//847
f 850//850 929//929 926//926
f 931//931 930//930 927//927
f 930//930 848//848 927//927
f 930//930 851//851 848//848
f 931//931 927//927 928//928
f 932//932 929//929 850//850
f 932//932 850//850 852//852
f 852//852 854//854 932//932
f 932//932 854//854 933//933
f 934//934 855//855 856//856
f 935//935 934//934 856//856
f 851//851 935//935 856//856
f 930//930 935//935 851//851
f 936//936 933//933 854//854
f 936//936 854//854 857//857
f 857//857 859//859 936//936
f 936//936 859//859 937//937
f 939//939 938//938 934//934
f 938//938 855//855 934//934
f 938//938 860//860 855//855
f 939//939 934//934 935//935
f 940//940 937//937 859//859
f 940//940 859//859 861//861
f 861//861 863//863 940//940
f 940//940 863//863 941//941
f 942//942 864//864 865//865
f 942//942 865//865 943//943
f 865//865 944//944 943//943
f 865//865 866//866 944//944
f 866//866 860//860 938//938
f 866//866 938//938 944//944
f 947//947 946//946 945//945
f 949//949 948//948 945//945
f 949//949 945//945 946//946
f 951//951 950//950 948//948
f 951//951 948//948 949//949
f 953//953 952//952 950//950
f 953//953 950//950 951//951
f 955//955 954//954 952//952
f 955//955 952//952 953//953
f 957//957 956//956 954//954
f 957//957 954//954 955//955
f 958//958 956//956 957//957
f 961//961 960//960 959//959
f 959//959 960//960 947//947
f 959//959 947//947 945//945
f 869//869 959//959 945//945
f 868//868 869//869 945//945
f 868//868 945//945 871//871
f 871//871 945//945 948//948
f 871//871 948//948 873//873
f 873//873 948//948 950//950
f 873//873 950//950 875//875
f 875//875 950//950 952//952
f 875//875 952//952 877//877
f 877//877 952//952 954//954
f 877//877 954//954 879//879
f 879//879 954//954 956//956
f 963//963 962//962 880//880
f 963//963 880//880 879//879
f 958//958 963//963 879//879
f 956//956 958//958 879//879
f 964//964 962//962 963//963
f 967//967 966//966 965//965
f 965//965 966//966 961//961
f 965//965 961//961 959//959
f 883//883 965//965 959//959
f 882//882 883//883 959//959
f 882//882 959//959 869//869
f 962//962 885//885 880//880
f 969//969 968//968 887//887
f 969//969 887//887 885//885
f 964//964 969//969 885//885
f 962//962 964//964 885//885
f 970//970 968//968 969//969
f 973//973 972//972 971//971
f 971//971 972//972 967//967
f 971//971 967//967 965//965
f 890//890 971//971 965//965
f 889//889 890//890 965//965
f 889//889 965//965 883//883
f 968//968 892//892 887//887
f 975//975 974//974 893//893
f 975//975 893//893 892//892
f 970//970 975//975 892//892
f 968//968 970//970 892//892
f 976//976 974//974 975//975
f 973//973 971//971 895//895
f 896//896 973//973 895//895
f 977//977 973//973 896//896
f 895//895 971//971 890//890
f 974//974 898//898 893//893
f 979//979 978//978 900//900
f 979//979 900//900 898//898
f 976//976 979//979 898//898
f 974//974 976//976 898//898
f 980//980 978//978 979//979
f 901//901 977//977 896//896
f 901//901 981//981 977//977
f 982//982 903//903 978//978
f 978//978 903//903 900//900
f 978//978 980//980 983//983
f 978//978 983//983 982//982
f 904//904 981//981 901//901
f 904//904 984//984 981//981
f 982//982 906//906 903//903
f 986//986 985//985 907//907
f 986//986 907//907 906//906
f 983//983 986//986 906//906
f 982//982 983//983 906//906
f 987//987 985//985 986//986
f 908//908 984//984 904//904
f 908//908 988//988 984//984
f 989//989 909//909 985//985
f 985//985 909//909 907//907
f 985//985 987//987 990//990
f 985//985 990//990 989//989
f 910//910 988//988 908//908
f 910//910 991//991 988//988
f 989//989 911//911 909//909
f 913//913 911//911 989//989
f 990//990 913//913 989//989
f 992//992 913//913 990//990
f 914//914 991//991 910//910
f 914//914 993//993 991//991
f 992//992 915//915 913//913
f 994//994 915//915 992//992
f 916//916 993//993 914//914
f 916//916 995//995 993//993
f 994//994 917//917 915//915
f 996//996 917//917 994//994
f 918//918 995//995 916//916
f 918//918 997//997 995//995
f 996//996 919//919 917//917
f 998//998 919//919 996//996
f 920//920 997//997 918//918
f 920//920 999//999 997//997
f 998//998 922//922 919//919
f 1000//1000 922//922 998//998
f 923//923 999//999 920//920
f 923//923 1001//1001 999//999
f 1002//1002 924//924 925//925
f 1003//1003 1002//1002 925//925
f 922//922 1003//1003 925//925
f 1000//1000 1003//1003 922//922
f 926//926 1001//1001 923//923
f 926//926 1004//1004 1001//1001
f 1006//1006 1005//1005 1002//1002
f 1005//1005 924//924 1002//1002
f 1005//1005 928//928 924//924
f 1006//1006 1002//1002 1003//1003
f 929//929 1004//1004 926//926
f 929//929 1007//1007 1004//1004
f 1008//1008 930//930 931//931
f 1009//1009 1008//1008 931//931
f 928//928 1009//1009 931//931
f 1005//1005 1009//1009 928//928
f 1010//1010 1007//1007 929//929
f 1010//1010 929//929 932//932
f 932//932 933//933 1010//1010
f 1010//1010 933//933 1011//1011
f 1013//1013 1012//1012 1008//1008
f 1012//1012 930//930 1008//1008
f 1012//1012 935//935 930//930
f 1013//1013 1008//1008 1009//1009
f 1014//1014 1011//1011 933//933
f 1014//1014 933//933 936//936
f 936//936 937//937 1014//1014
f 1014//1014 937//937 1015//1015
f 1016//1016 938//938 939//939
f 1017//1017 1016//1016 939//939
f 935//935 1017//1017 939//939
f 1012//1012 1017//1017 935//935
f 1018//1018 1015//1015 937//937
f 1018//1018 937//937 940//940
f 940//940 941//941 1018//1018
f 1018//1018 941//941 1019//1019
f 1020//1020 943//943 944//944
f 1021//1021 1020//1020 944//944
f 1021//1021 944//944 938//938
f 1022//1022 1021//1021 938//938
f 1016//1016 1022//1022 938//938
f 1022//1022 1016//1016 1017//1017
f 1025//1025 1024//1024 1023//1023
f 946//946 947//947 1023//1023
f 1024//1024 946//946 1023//1023
f 1026//1026 946//946 1024//1024
f 946//946 1027//1027 949//949
f 1026//1026 1027//1027 946//946
f 949//949 1028//1028 951//951
f 1027//1027 1028//1028 949//949
f 951//951 1029//1029 953//953
f 1028//1028 1029//1029 951//951
f 953//953 1030//1030 955//955
f 1029//1029 1030//1030 953//953
f 955//955 1031//1031 957//957
f 1030//1030 1031//1031 955//955
f 1033//1033 1032//1032 958//958
f 957//957 1033//1033 958//958
f 1031//1031 1033//1033 957//957
f 1035//1035 1034//1034 1032//1032
f 1035//1035 1032//1032 1033//1033
f 1036//1036 1034//1034 1035//1035
f 1039//1039 1038//1038 1037//1037
f 1037//1037 1038//1038 1025//1025
f 1037//1037 1025//1025 1023//1023
f 961//961 1037//1037 1023//1023
f 960//960 961//961 1023//1023
f 960//960 1023//1023 947//947
f 1032//1032 963//963 958//958
f 963//963 1032//1032 964//964
f 1032//1032 1040//1040 964//964
f 1032//1032 1034//1034 1040//1040
f 1034//1034 1036//1036 1041//1041
f 1042//1042 1034//1034 1041//1041
f 1040//1040 1034//1034 1042//1042
f 1043//1043 1042//1042 1041//1041
f 1046//1046 1045//1045 1044//1044
f 1044//1044 1045//1045 1039//1039
f 1044//1044 1039//1039 1037//1037
f 967//967 1044//1044 1037//1037
f 966//966 967//967 1037//1037
f 966//966 1037//1037 961//961
f 1040//1040 969//969 964//964
f 969//969 1040//1040 970//970
f 1040//1040 1047//1047 970//970
f 1040//1040 1042//1042 1047//1047
f 1042//1042 1043//1043 1048//1048
f 1049//1049 1042//1042 1048//1048
f 1047//1047 1042//1042 1049//1049
f 1050//1050 1049//1049 1048//1048
f 1053//1053 1052//1052 1051//1051
f 1051//1051 1052//1052 1046//1046
f 1051//1051 1046//1046 1044//1044
f 973//973 1051//1051 1044//1044
f 972//972 973//973 1044//1044
f 972//972 1044//1044 967//967
f 1047//1047 975//975 970//970
f 975//975 1047//1047 976//976
f 1047//1047 1054//1054 976//976
f 1047//1047 1049//1049 1054//1054
f 1049//1049 1050//1050 1055//1055
f 1049//1049 1055//1055 1054//1054
f 1053//1053 1051//1051 1056//1056
f 1053//1053 1056//1056 1057//1057
f 977//977 1056//1056 973//973
f 973//973 1056//1056 1051//1051
f 1054//1054 979//979 976//976
f 1059//1059 1058//1058 980//980
f 1059//1059 980//980 979//979
f 1055//1055 1059//1059 979//979
f 1054//1054 1055//1055 979//979
f 1060//1060 1058//1058 1059//1059
f 1057//1057 1056//1056 1061//1061
f 1057//1057 1061//1061 1062//1062
f 981//981 1061//1061 977//977
f 977//977 1061//1061 1056//1056
f 1063//1063 983//983 1058//1058
f 1058//1058 983//983 980//980
f 1058//1058 1060//1060 1064//1064
f 1058//1058 1064//1064 1063//1063
f 1062//1062 1061//1061 1065//1065
f 1062//1062 1065//1065 1066//1066
f 984//984 1065//1065 981//981
f 981//981 1065//1065 1061//1061
f 1063//1063 986//986 983//983
f 987//987 986//986 1063//1063
f 1064//1064 987//987 1063//1063
f 1067//1067 987//987 1064//1064
f 1068//1068 1066//1066 1065//1065
f 1065//1065 984//984 1068//1068
f 984//984 1069//1069 1068//1068
f 984//984 988//988 1069//1069
f 1067//1067 990//990 987//987
f 1070//1070 990//990 1067//1067
f 991//991 1069//1069 988//988
f 991//991 1071//1071 1069//1069
f 1073//1073 992//992 1072//1072
f 992//992 1070//1070 1072//1072
f 992//992 990//990 1070//1070
f 1074//1074 1073//1073 1072//1072
f 1077//1077 1076//1076 1075//1075
f 1076//1076 1071//1071 1075//1075
f 1071//1071 993//993 1075//1075
f 1071//1071 991//991 993//993
f 1078//1078 994//994 1073//1073
f 1073//1073 994//994 992//992
f 1073//1073 1074//1074 1079//1079
f 1073//1073 1079//1079 1078//1078
f 1077//1077 1075//1075 1080//1080
f 1077//1077 1080//1080 1081//1081
f 995//995 1080//1080 993//993
f 993//993 1080//1080 1075//1075
f 1082//1082 996//996 1078//1078
f 1078//1078 996//996 994//994
f 1078//1078 1079//1079 1083//1083
f 1078//1078 1083//1083 1082//1082
f 1081//1081 1080//1080 1084//1084
f 1081//1081 1084//1084 1085//1085
f 997//997 1084//1084 995//995
f 995//995 1084//1084 1080//1080
f 1086//1086 998//998 1082//1082
f 1082//1082 998//998 996//996
f 1082//1082 1083//1083 1087//1087
f 1082//1082 1087//1087 1086//1086
f 1085//1085 1084//1084 1088//1088
f 1085//1085 1088//1088 1089//1089
f 999//999 1088//1088 997//997
f 997//997 1088//1088 1084//1084
f 1091//1091 1090//1090 1086//1086
f 1090//1090 998//998 1086//1086
f 1090//1090 1000//1000 998//998
f 1091//1091 1086//1086 1087//1087
f 1092//1092 1089//1089 1088//1088
f 1088//1088 999//999 1092//1092
f 999//999 1093//1093 1092//1092
f 999//999 1001//1001 1093//1093
f 1090//1090 1003//1003 1000//1000
f 1094//1094 1003//1003 1090//1090
f 1004//1004 1093//1093 1001//1001
f 1004//1004 1095//1095 1093//1093
f 1096//1096 1005//1005 1006//1006
f 1097//1097 1096//1096 1006//1006
f 1003//1003 1097//1097 1006//1006
f 1094//1094 1097//1097 1003//1003
f 1007//1007 1095//1095 1004//1004
f 1007//1007 1098//1098 1095//1095
f 1100//1100 1099//1099 1096//1096
f 1099//1099 1005//1005 1096//1096
f 1099//1099 1009//1009 1005//1005
f 1100//1100 1096//1096 1097//1097
f 1101//1101 1098//1098 1007//1007
f 1101//1101 1007//1007 1010//1010
f 1010//1010 1011//1011 1101//1101
f 1101//1101 1011//1011 1102//1102
f 1103//1103 1012//1012 1013//1013
f 1104//1104 1103//1103 1013//1013
f 1009//1009 1104//1104 1013//1013
f 1099//1099 1104//1104 1009//1009
f 1105//1105 1102//1102 1011//1011
f 1105//1105 1011//1011 1014//1014
f 1014//1014 1015//1015 1105//1105
f 1105//1105 1015//1015 1106//1106
f 1108//1108 1107//1107 1103//1103
f 1107//1107 1012//1012 1103//1103
f 1107//1107 1017//1017 1012//1012
f 1108//1108 1103//1103 1104//1104
f 1109//1109 1106//1106 1015//1015
f 1109//1109 1015//1015 1018//1018
f 1018//1018 1019//1019 1109//1109
f 1109//1109 1019//1019 1110//1110
f 1111//1111 1021//1021 1022//1022
f 1112//1112 1111//1111 1022//1022
f 1017//1017 1112//1112 1022//1022
f 1107//1107 1112//1112 1017//1017
f 1115//1115 1114//1114 1113//1113
f 1024//1024 1025//1025 1113//1113
f 1114//1114 1024//1024 1113//1113
f 1116//1116 1024//1024 1114//1114
f 1024//1024 1117//1117 1026//1026
f 1116//1116 1117//1117 1024//1024
f 1026//1026 1118//1118 1027//1027
f 1117//1117 1118//1118 1026//1026
f 1027//1027 1119//1119 1028//1028
f 1118//1118 1119//1119 1027//1027
f 1028//1028 1120//1120 1029//1029
f 1119//1119 1120//1120 1028//1028
f 1029//1029 1121//1121 1030//1030
f 1120//1120 1121//1121 1029//1029
f 1030//1030 1122//1122 1031//1031
f 1121//1121 1122//1122 1030//1030
f 1031//1031 1123//1123 1033//1033
f 1122//1122 1123//1123 1031//1031
f 1033//1033 1124//1124 1035//1035
f 1123//1123 1124//1124 1033//1033
f 1126//1126 1125//1125 1036//1036
f 1035//1035 1126//1126 1036//1036
f 1124//1124 1126//1126 1035//1035
f 1127//1127 1125//1125 1126//1126
f 1130//1130 1129//1129 1128//1128
f 1128//1128 1129//1129 1115//1115
f 1128//1128 1115//1115 1113//1113
f 1039//1039 1128//1128 1113//1113
f 1038//1038 1039//1039 1113//1113
f 1038//1038 1113//1113 1025//1025
f 1125//1125 1041//1041 1036//1036
f 1132//1132 1131//1131 1043//1043
f 1132//1132 1043//1043 1041//1041
f 1127//1127 1132//1132 1041//1041
f 1125//1125 1127//1127 1041//1041
f 1133//1133 1131//1131 1132//1132
f 1136//1136 1135//1135 1134//1134
f 1134//1134 1135//1135 1130//1130
f 1134//1134 1130//1130 1128//1128
f 1046//1046 1134//1134 1128//1128
f 1045//1045 1046//1046 1128//1128
f 1045//1045 1128//1128 1039//1039
f 1131//1131 1048//1048 1043//1043
f 1138//1138 1137//1137 1050//1050
f 1138//1138 1050//1050 1048//1048
f 1133//1133 1138//1138 1048//1048
f 1131//1131 1133//1133 1048//1048
f 1139//1139 1137//1137 1138//1138
f 1136//1136 1134//1134 1052//1052
f 1053//1053 1136//1136 1052//1052
f 1140//1140 1136//1136 1053//1053
f 1052//1052 1134//1134 1046//1046
f 1141//1141 1055//1055 1137//1137
f 1137//1137 1055//1055 1050//1050
f 1137//1137 1139//1139 1142//1142
f 1137//1137 1142//1142 1141//1141
f 1057//1057 1140//1140 1053//1053
f 1057//1057 1143//1143 1140//1140
f 1141//1141 1059//1059 1055//1055
f 1145//1145 1144//1144 1060//1060
f 1145//1145 1060//1060 1059//1059
f 1142//1142 1145//1145 1059//1059
f 1141//1141 1142//1142 1059//1059
f 1146//1146 1144//1144 1145//1145
f 1062//1062 1143//1143 1057//1057
f 1062//1062 1147//1147 1143//1143
f 1148//1148 1064//1064 1144//1144
f 1144//1144 1064//1064 1060//1060
f 1144//1144 1146//1146 1149//1149
f 1144//1144 1149//1149 1148//1148
f 1066//1066 1147//1147 1062//1062
f 1066//1066 1150//1150 1147//1147
f 1151//1151 1067//1067 1148//1148
f 1148//1148 1067//1067 1064//1064
f 1148//1148 1149//1149 1152//1152
f 1148//1148 1152//1152 1151//1151
f 1066//1066 1068//1068 1153//1153
f 1154//1154 1066//1066 1153//1153
f 1150//1150 1066//1066 1154//1154
f 1069//1069 1153//1153 1068//1068
f 1155//1155 1070//1070 1151//1151
f 1151//1151 1070//1070 1067//1067
f 1151//1151 1152//1152 1156//1156
f 1151//1151 1156//1156 1155//1155
f 1154//1154 1153//1153 1157//1157
f 1154//1154 1157//1157 1158//1158
f 1071//1071 1157//1157 1069//1069
f 1069//1069 1157//1157 1153//1153
f 1155//1155 1072//1072 1070//1070
f 1074//1074 1072//1072 1155//1155
f 1156//1156 1074//1074 1155//1155
f 1159//1159 1074//1074 1156//1156
f 1158//1158 1157//1157 1076//1076
f 1077//1077 1158//1158 1076//1076
f 1160//1160 1158//1158 1077//1077
f 1076//1076 1157//1157 1071//1071
f 1159//1159 1079//1079 1074//1074
f 1161//1161 1079//1079 1159//1159
f 1081//1081 1160//1160 1077//1077
f 1081//1081 1162//1162 1160//1160
f 1161//1161 1083//1083 1079//1079
f 1163//1163 1083//1083 1161//1161
f 1085//1085 1162//1162 1081//1081
f 1085//1085 1164//1164 1162//1162
f 1163//1163 1087//1087 1083//1083
f 1165//1165 1087//1087 1163//1163
f 1089//1089 1164//1164 1085//1085
f 1089//1089 1166//1166 1164//1164
f 1167//1167 1090//1090 1091//1091
f 1168//1168 1167//1167 1091//1091
f 1087//1087 1168//1168 1091//1091
f 1165//1165 1168//1168 1087//1087
f 1089//1089 1092//1092 1169//1169
f 1170//1170 1089//1089 1169//1169
f 1166//1166 1089//1089 1170//1170
f 1093//1093 1169//1169 1092//1092
f 1171//1171 1094//1094 1167//1167
f 1167//1167 1094//1094 1090//1090
f 1167//1167 1168//1168 1172//1172
f 1167//1167 1172//1172 1171//1171
f 1170//1170 1169//1169 1173//1173
f 1170//1170 1173//1173 1174//1174
f 1095//1095 1173//1173 1093//1093
f 1093//1093 1173//1173 1169//1169
f 1176//1176 1175//1175 1171//1171
f 1175//1175 1094//1094 1171//1171
f 1175//1175 1097//1097 1094//1094
f 1176//1176 1171//1171 1172//1172
f 1177//1177 1174//1174 1173//1173
f 1173//1173 1095//1095 1177//1177
f 1095//1095 1178//1178 1177//1177
f 1095//1095 1098//1098 1178//1178
f 1179//1179 1099//1099 1100//1100
f 1180//1180 1179//1179 1100//1100
f 1097//1097 1180//1180 1100//1100
f 1175//1175 1180//1180 1097//1097
f 1181//1181 1178//1178 1098//1098
f 1181//1181 1098//1098 1101//1101
f 1101//1101 1102//1102 1181//1181
f 1181//1181 1102//1102 1182//1182
f 1183//1183 1104//1104 1179//1179
f 1179//1179 1104//1104 1099//1099
f 1179//1179 1180//1180 1184//1184
f 1179//1179 1184//1184 1183//1183
f 1185//1185 1182//1182 1102//1102
f 1185//1185 1102//1102 1105//1105
f 1105//1105 1106//1106 1185//1185
f 1185//1185 1106//1106 1186//1186
f 1187//1187 1107//1107 1108//1108
f 1188//1188 1187//1187 1108//1108
f 1188//1188 1108//1108 1104//1104
f 1189//1189 1188//1188 1104//1104
f 1183//1183 1189//1189 1104//1104
f 1189//1189 1183//1183 1184//1184
f 1190//1190 1186//1186 1106//1106
f 1190//1190 1106//1106 1109//1109
f 1109//1109 1110//1110 1190//1190
f 1190//1190 1110//1110 1191//1191
f 1192//1192 1112//1112 1187//1187
f 1187//1187 1112//1112 1107//1107
f 1187//1187 1188//1188 1193//1193
f 1187//1187 1193//1193 1192//1192
f 1196//1196 1195//1195 1194//1194
f 1198//1198 1197//1197 1194//1194
f 1198//1198 1194//1194 1195//1195
f 1200//1200 1199//1199 1197//1197
f 1200//1200 1197//1197 1198//1198
f 1202//1202 1201//1201 1199//1199
f 1202//1202 1199//1199 1200//1200
f 1204//1204 1203//1203 1201//1201
f 1204//1204 1201//1201 1202//1202
f 1206//1206 1205//1205 1203//1203
f 1206//1206 1203//1203 1204//1204
f 1208//1208 1207//1207 1205//1205
f 1208//1208 1205//1205 1206//1206
f 1210//1210 1209//1209 1207//1207
f 1210//1210 1207//1207 1208//1208
f 1212//1212 1211//1211 1209//1209
f 1212//1212 1209//1209 1210//1210
f 1214//1214 1213//1213 1211//1211
f 1214//1214 1211//1211 1212//1212
f 1216//1216 1215//1215 1213//1213
f 1216//1216 1213//1213 1214//1214
f 1217//1217 1215//1215 1216//1216
f 1220//1220 1219//1219 1218//1218
f 1218//1218 1219//1219 1196//1196
f 1218//1218 1196//1196 1194//1194
f 1115//1115 1218//1218 1194//1194
f 1114//1114 1115//1115 1194//1194
f 1114//1114 1194//1194 1116//1116
f 1116//1116 1194//1194 1197//1197
f 1116//1116 1197//1197 1117//1117
f 1117//1117 1197//1197 1199//1199
f 1117//1117 1199//1199 1118//1118
f 1118//1118 1199//1199 1201//1201
f 1118//1118 1201//1201 1119//1119
f 1119//1119 1201//1201 1203//1203
f 1119//1119 1203//1203 1120//1120
f 1120//1120 1203//1203 1205//1205
f 1120//1120 1205//1205 1121//1121
f 1121//1121 1205//1205 1207//1207
f 1121//1121 1207//1207 1122//1122
f 1122//1122 1207//1207 1209//1209
f 1122//1122 1209//1209 1123//1123
f 1123//1123 1209//1209 1211//1211
f 1123//1123 1211//1211 1124//1124
f 1124//1124 1211//1211 1213//1213
f 1124//1124 1213//1213 1126//1126
f 1126//1126 1213//1213 1215//1215
f 1222//1222 1221//1221 1127//1127
f 1222//1222 1127//1127 1126//1126
f 1217//1217 1222//1222 1126//1126
f 1215//1215 1217//1217 1126//1126
f 1223//1223 1221//1221 1222//1222
f 1226//1226 1225//1225 1224//1224
f 1224//1224 1225//1225 1220//1220
f 1224//1224 1220//1220 1218//1218
f 1130//1130 1224//1224 1218//1218
f 1129//1129 1130//1130 1218//1218
f 1129//1129 1218//1218 1115//1115
f 1221//1221 1132//1132 1127//1127
f 1228//1228 1227//1227 1133//1133
f 1228//1228 1133//1133 1132//1132
f 1223//1223 1228//1228 1132//1132
f 1221//1221 1223//1223 1132//1132
f 1229//1229 1227//1227 1228//1228
f 1226//1226 1224//1224 1135//1135
f 1136//1136 1226//1226 1135//1135
f 1230//1230 1226//1226 1136//1136
f 1135//1135 1224//1224 1130//1130
f 1227//1227 1138//1138 1133//1133
f 1232//1232 1231//1231 1139//1139
f 1232//1232 1139//1139 1138//1138
f 1229//1229 1232//1232 1138//1138
f 1227//1227 1229//1229 1138//1138
f 1233//1233 1231//1231 1232//1232
f 1140//1140 1230//1230 1136//1136
f 1140//1140 1234//1234 1230//1230
f 1235//1235 1142//1142 1231//1231
f 1231//1231 1142//1142 1139//1139
f 1231//1231 1233//1233 1236//1236
f 1231//1231 1236//1236 1235//1235
f 1143//1143 1234//1234 1140//1140
f 1143//1143 1237//1237 1234//1234
f 1235//1235 1145//1145 1142//1142
f 1146//1146 1145//1145 1235//1235
f 1236//1236 1146//1146 1235//1235
f 1238//1238 1146//1146 1236//1236
f 1147//1147 1237//1237 1143//1143
f 1147//1147 1239//1239 1237//1237
f 1241//1241 1149//1149 1240//1240
f 1149//1149 1238//1238 1240//1240
f 1149//1149 1146//1146 1238//1238
f 1242//1242 1241//1241 1240//1240
f 1150//1150 1239//1239 1147//1147
f 1150//1150 1243//1243 1239//1239
f 1244//1244 1152//1152 1241//1241
f 1241//1241 1152//1152 1149//1149
f 1241//1241 1242//1242 1245//1245
f 1241//1241 1245//1245 1244//1244
f 1154//1154 1243//1243 1150//1150
f 1154//1154 1246//1246 1243//1243
f 1247//1247 1156//1156 1244//1244
f 1244//1244 1156//1156 1152//1152
f 1244//1244 1245//1245 1248//1248
f 1244//1244 1248//1248 1247//1247
f 1158//1158 1246//1246 1154//1154
f 1158//1158 1249//1249 1246//1246
f 1250//1250 1159//1159 1247//1247
f 1247//1247 1159//1159 1156//1156
f 1247//1247 1248//1248 1251//1251
f 1247//1247 1251//1251 1250//1250
f 1160//1160 1249//1249 1158//1158
f 1160//1160 1252//1252 1249//1249
f 1253//1253 1161//1161 1250//1250
f 1250//1250 1161//1161 1159//1159
f 1250//1250 1251//1251 1254//1254
f 1250//1250 1254//1254 1253//1253
f 1162//1162 1252//1252 1160//1160
f 1162//1162 1255//1255 1252//1252
f 1256//1256 1163//1163 1253//1253
f 1253//1253 1163//1163 1161//1161
f 1253//1253 1254//1254 1257//1257
f 1253//1253 1257//1257 1256//1256
f 1164//1164 1255//1255 1162//1162
f 1164//1164 1258//1258 1255//1255
f 1259//1259 1165//1165 1256//1256
f 1256//1256 1165//1165 1163//1163
f 1256//1256 1257//1257 1260//1260
f 1256//1256 1260//1260 1259//1259
f 1166//1166 1258//1258 1164//1164
f 1166//1166 1261//1261 1258//1258
f 1263//1263 1262//1262 1259//1259
f 1262//1262 1165//1165 1259//1259
f 1262//1262 1168//1168 1165//1165
f 1263//1263 1259//1259 1260//1260
f 1170//1170 1261//1261 1166//1166
f 1170//1170 1264//1264 1261//1261
f 1262//1262 1172//1172 1168//1168
f 1265//1265 1172//1172 1262//1262
f 1174//1174 1264//1264 1170//1170
f 1174//1174 1266//1266 1264//1264
f 1267//1267 1175//1175 1176//1176
f 1268//1268 1267//1267 1176//1176
f 1172//1172 1268//1268 1176//1176
f 1265//1265 1268//1268 1172//1172
f 1269//1269 1266//1266 1174//1174
f 1269//1269 1174//1174 1177//1177
f 1177//1177 1178//1178 1269//1269
f 1269//1269 1178//1178 1270//1270
f 1271//1271 1180//1180 1267//1267
f 1267//1267 1180//1180 1175//1175
f 1267//1267 1268//1268 1272//1272
f 1267//1267 1272//1272 1271//1271
f 1273//1273 1270//1270 1178//1178
f 1273//1273 1178//1178 1181//1181
f 1181//1181 1182//1182 1273//1273
f 1273//1273 1182//1182 1274//1274
f 1275//1275 1184//1184 1271//1271
f 1271//1271 1184//1184 1180//1180
f 1271//1271 1272//1272 1276//1276
f 1271//1271 1276//1276 1275//1275
f 1277//1277 1274//1274 1182//1182
f 1277//1277 1182//1182 1185//1185
f 1185//1185 1186//1186 1277//1277
f 1277//1277 1186//1186 1278//1278
f 1279//1279 1188//1188 1189//1189
f 1280//1280 1279//1279 1189//1189
f 1280//1280 1189//1189 1184//1184
f 1281//1281 1280//1280 1184//1184
f 1275//1275 1281//1281 1184//1184
f 1281//1281 1275//1275 1276//1276
f 1186//1186 1190//1190 1282//1282
f 1283//1283 1186//1186 1282//1282
f 1278//1278 1186//1186 1283//1283
f 1191//1191 1282//1282 1190//1190
f 1284//1284 1193//1193 1279//1279
f 1279//1279 1193//1193 1188//1188
f 1279//1279 1280//1280 1285//1285
f 1279//1279 1285//1285 1284//1284
f 1288//1288 1287//1287 1286//1286
f 1290//1290 1289//1289 1286//1286
f 1290//1290 1286//1286 1287//1287
f 1292//1292 1291//1291 1289//1289
f 1292//1292 1289//1289 1290//1290
f 1294//1294 1293//1293 1291//1291
f 1294//1294 1291//1291 1292//1292
f 1296//1296 1295//1295 1293//1293
f 1296//1296 1293//1293 1294//1294
f 1298//1298 1297//1297 1295//1295
f 1298//1298 1295//1295 1296//1296
f 1300//1300 1299//1299 1297//1297
f 1300//1300 1297//1297 1298//1298
f 1302//1302 1301//1301 1299//1299
f 1302//1302 1299//1299 1300//1300
f 1304//1304 1303//1303 1301//1301
f 1304//1304 1301//1301 1302//1302
f 1306//1306 1305//1305 1303//1303
f 1306//1306 1303//1303 1304//1304
f 1308//1308 1307//1307 1305//1305
f 1308//1308 1305//1305 1306//1306
f 1309//1309 1307//1307 1308//1308
f 1312//1312 1311//1311 1310//1310
f 1310//1310 1311//1311 1288//1288
f 1310//1310 1288//1288 1286//1286
f 1196//1196 1310//1310 1286//1286
f 1195//1195 1196//1196 1286//1286
f 1195//1195 1286//1286 1198//1198
f 1198//1198 1286//1286 1289//1289
f 1198//1198 1289//1289 1200//1200
f 1200//1200 1289//1289 1291//1291
f 1200//1200 1291//1291 1202//1202
f 1202//1202 1291//1291 1293//1293
f 1202//1202 1293//1293 1204//1204
f 1204//1204 1293//1293 1295//1295
f 1204//1204 1295//1295 1206//1206
f 1206//1206 1295//1295 1297//1297
f 1206//1206 1297//1297 1208//1208
f 1208//1208 1297//1297 1299//1299
f 1208//1208 1299//1299 1210//1210
f 1210//1210 1299//1299 1301//1301
f 1210//1210 1301//1301 1212//1212
f 1212//1212 1301//1301 1303//1303
f 1212//1212 1303//1303 1214//1214
f 1214//1214 1303//1303 1305//1305
f 1214//1214 1305//1305 1216//1216
f 1216//1216 1305//1305 1307//1307
f 1314//1314 1313//1313 1217//1217
f 1314//1314 1217//1217 1216//1216
f 1309//1309 1314//1314 1216//1216
f 1307//1307 1309//1309 1216//1216
f 1315//1315 1313//1313 1314//1314
f 1318//1318 1317//1317 1316//1316
f 1316//1316 1317//1317 1312//1312
f 1316//1316 1312//1312 1310//1310
f 1220//1220 1316//1316 1310//1310
f 1219//1219 1220//1220 1310//1310
f 1219//1219 1310//1310 1196//1196
f 1313//1313 1222//1222 1217//1217
f 1320//1320 1319//1319 1223//1223
f 1320//1320 1223//1223 1222//1222
f 1315//1315 1320//1320 1222//1222
f 1313//1313 1315//1315 1222//1222
f 1321//1321 1319//1319 1320//1320
f 1318//1318 1316//1316 1225//1225
f 1226//1226 1318//1318 1225//1225
f 1322//1322 1318//1318 1226//1226
f 1225//1225 1316//1316 1220//1220
f 1319//1319 1228//1228 1223//1223
f 1324//1324 1323//1323 1229//1229
f 1324//1324 1229//1229 1228//1228
f 1321//1321 1324//1324 1228//1228
f 1319//1319 1321//1321 1228//1228
f 1325//1325 1323//1323 1324//1324
f 1230//1230 1322//1322 1226//1226
f 1230//1230 1326//1326 1322//1322
f 1323//1323 1232//1232 1229//1229
f 1233//1233 1232//1232 1323//1323
f 1325//1325 1233//1233 1323//1323
f 1327//1327 1233//1233 1325//1325
f 1234//1234 1326//1326 1230//1230
f 1234//1234 1328//1328 1326//1326
f 1330//1330 1236//1236 1329//1329
f 1236//1236 1327//1327 1329//1329
f 1236//1236 1233//1233 1327//1327
f 1331//1331 1330//1330 1329//1329
f 1237//1237 1328//1328 1234//1234
f 1237//1237 1332//1332 1328//1328
f 1333//1333 1238//1238 1330//1330
f 1330//1330 1238//1238 1236//1236
f 1330//1330 1331//1331 1334//1334
f 1330//1330 1334//1334 1333//1333
f 1239//1239 1332//1332 1237//1237
f 1239//1239 1335//1335 1332//1332
f 1333//1333 1240//1240 1238//1238
f 1242//1242 1240//1240 1333//1333
f 1334//1334 1242//1242 1333//1333
f 1336//1336 1242//1242 1334//1334
f 1243//1243 1335//1335 1239//1239
f 1243//1243 1337//1337 1335//1335
f 1339//1339 1245//1245 1338//1338
f 1245//1245 1336//1336 1338//1338
f 1245//1245 1242//1242 1336//1336
f 1340//1340 1339//1339 1338//1338
f 1246//1246 1337//1337 1243//1243
f 1246//1246 1341//1341 1337//1337
f 1342//1342 1248//1248 1339//1339
f 1339//1339 1248//1248 1245//1245
f 1339//1339 1340//1340 1343//1343
f 1339//1339 1343//1343 1342//1342
f 1249//1249 1341//1341 1246//1246
f 1249//1249 1344//1344 1341//1341
f 1345//1345 1251//1251 1342//1342
f 1342//1342 1251//1251 1248//1248
f 1342//1342 1343//1343 1346//1346
f 1342//1342 1346//1346 1345//1345
f 1252//1252 1344//1344 1249//1249
f 1252//1252 1347//1347 1344//1344
f 1348//1348 1254//1254 1345//1345
f 1345//1345 1254//1254 1251//1251
f 1345//1345 1346//1346 1349//1349
f 1345//1345 1349//1349 1348//1348
f 1255//1255 1347//1347 1252//1252
f 1255//1255 1350//1350 1347//1347
f 1352//1352 1351//1351 1348//1348
f 1351//1351 1254//1254 1348//1348
f 1351//1351 1257//1257 1254//1254
f 1352//1352 1348//1348 1349//1349
f 1258//1258 1350//1350 1255//1255
f 1258//1258 1353//1353 1350//1350
f 1351//1351 1260//1260 1257//1257
f 1354//1354 1260//1260 1351//1351
f 1261//1261 1353//1353 1258//1258
f 1261//1261 1355//1355 1353//1353
f 1356//1356 1262//1262 1263//1263
f 1357//1357 1356//1356 1263//1263
f 1260//1260 1357//1357 1263//1263
f 1354//1354 1357//1357 1260//1260
f 1264//1264 1355//1355 1261//1261
f 1264//1264 1358//1358 1355//1355
f 1359//1359 1265//1265 1356//1356
f 1356//1356 1265//1265 1262//1262
f 1356//1356 1357//1357 1360//1360
f 1356//1356 1360//1360 1359//1359
f 1266//1266 1358//1358 1264//1264
f 1266//1266 1361//1361 1358//1358
f 1362//1362 1268//1268 1359//1359
f 1359//1359 1268//1268 1265//1265
f 1359//1359 1360//1360 1363//1363
f 1359//1359 1363//1363 1362//1362
f 1364//1364 1361//1361 1266//1266
f 1364//1364 1266//1266 1269//1269
f 1269//1269 1270//1270 1364//1364
f 1364//1364 1270//1270 1365//1365
f 1366//1366 1272//1272 1362//1362
f 1362//1362 1272//1272 1268//1268
f 1362//1362 1363//1363 1367//1367
f 1362//1362 1367//1367 1366//1366
f 1368//1368 1365//1365 1270//1270
f 1368//1368 1270//1270 1273//1273
f 1273//1273 1274//1274 1368//1368
f 1368//1368 1274//1274 1369//1369
f 1370//1370 1276//1276 1366//1366
f 1366//1366 1276//1276 1272//1272
f 1366//1366 1367//1367 1371//1371
f 1366//1366 1371//1371 1370//1370
f 1274//1274 1277//1277 1372//1372
f 1373//1373 1274//1274 1372//1372
f 1369//1369 1274//1274 1373//1373
f 1278//1278 1372//1372 1277//1277
f 1374//1374 1280//1280 1281//1281
f 1276//1276 1370//1370 1281//1281
f 1370//1370 1374//1374 1281//1281
f 1370//1370 1375//1375 1374//1374
f 1370//1370 1371//1371 1376//1376
f 1370//1370 1376//1376 1375//1375
f 1377//1377 1373//1373 1372//1372
f 1372//1372 1278//1278 1377//1377
f 1278//1278 1378//1378 1377//1377
f 1278//1278 1283//1283 1378//1378
f 1379//1379 1285//1285 1374//1374
f 1374//1374 1285//1285 1280//1280
f 1375//1375 1381//1381 1380//1380
f 1379//1379 1375//1375 1380//1380
f 1374//1374 1375//1375 1379//1379
f 1381//1381 1375//1375 1376//1376
f 1384//1384 1383//1383 1382//1382
f 1386//1386 1385//1385 1382//1382
f 1386//1386 1382//1382 1383//1383
f 1388//1388 1387//1387 1385//1385
f 1388//1388 1385//1385 1386//1386
f 1390//1390 1389//1389 1387//1387
f 1390//1390 1387//1387 1388//1388
f 1392//1392 1391//1391 1389//1389
f 1392//1392 1389//1389 1390//1390
f 1394//1394 1393//1393 1391//1391
f 1394//1394 1391//1391 1392//1392
f 1396//1396 1395//1395 1393//1393
f 1396//1396 1393//1393 1394//1394
f 1398//1398 1397//1397 1395//1395
f 1398//1398 1395//1395 1396//1396
f 1400//1400 1399//1399 1397//1397
f 1400//1400 1397//1397 1398//1398
f 1402//1402 1401//1401 1399//1399
f 1402//1402 1399//1399 1400//1400
f 1404//1404 1403//1403 1401//1401
f 1404//1404 1401//1401 1402//1402
f 1405//1405 1403//1403 1404//1404
f 1408//1408 1407//1407 1406//1406
f 1406//1406 1407//1407 1384//1384
f 1406//1406 1384//1384 1382//1382
f 1288//1288 1406//1406 1382//1382
f 1287//1287 1288//1288 1382//1382
f 1287//1287 1382//1382 1290//1290
f 1290//1290 1382//1382 1385//1385
f 1290//1290 1385//1385 1292//1292
f 1292//1292 1385//1385 1387//1387
f 1292//1292 1387//1387 1294//1294
f 1294//1294 1387//1387 1389//1389
f 1294//1294 1389//1389 1296//1296
f 1296//1296 1389//1389 1391//1391
f 1296//1296 1391//1391 1298//1298
f 1298//1298 1391//1391 1393//1393
f 1298//1298 1393//1393 1300//1300
f 1300//1300 1393//1393 1395//1395
f 1300//1300 1395//1395 1302//1302
f 1302//1302 1395//1395 1397//1397
f 1302//1302 1397//1397 1304//1304
f 1304//1304 1397//1397 1399//1399
f 1304//1304 1399//1399 1306//1306
f 1306//1306 1399//1399 1401//1401
f 1306//1306 1401//1401 1308//1308
f 1308//1308 1401//1401 1403//1403
f 1410//1410 1409//1409 1309//1309
f 1410//1410 1309//1309 1308//1308
f 1405//1405 1410//1410 1308//1308
f 1403//1403 1405//1405 1308//1308
f 1411//1411 1409//1409 1410//1410
f 1414//1414 1413//1413 1412//1412
f 1412//1412 1413//1413 1408//1408
f 1412//1412 1408//1408 1406//1406
f 1312//1312 1412//1412 1406//1406
f 1311//1311 1312//1312 1406//1406
f 1311//1311 1406//1406 1288//1288
f 1409//1409 1314//1314 1309//1309
f 1416//1416 1415//1415 1315//1315
f 1416//1416 1315//1315 1314//1314
f 1411//1411 1416//1416 1314//1314
f 1409//1409 1411//1411 1314//1314
f 1418//1418 1417//1417 1415//1415
f 1418//1418 1415//1415 1416//1416
f 1419//1419 1417//1417 1418//1418
f 1414//1414 1412//1412 1317//1317
f 1318//1318 1414//1414 1317//1317
f 1420//1420 1414//1414 1318//1318
f 1317//1317 1412//1412 1312//1312
f 1415//1415 1320//1320 1315//1315
f 1320//1320 1415//1415 1321//1321
f 1415//1415 1421//1421 1321//1321
f 1415//1415 1417//1417 1421//1421
f 1417//1417 1419//1419 1422//1422
f 1417//1417 1422//1422 1421//1421
f 1322//1322 1420//1420 1318//1318
f 1322//1322 1423//1423 1420//1420
f 1421//1421 1324//1324 1321//1321
f 1425//1425 1424//1424 1325//1325
f 1425//1425 1325//1325 1324//1324
f 1422//1422 1425//1425 1324//1324
f 1421//1421 1422//1422 1324//1324
f 1426//1426 1424//1424 1425//1425
f 1326//1326 1423//1423 1322//1322
f 1326//1326 1427//1427 1423//1423
f 1428//1428 1327//1327 1424//1424
f 1424//1424 1327//1327 1325//1325
f 1424//1424 1426//1426 1429//1429
f 1424//1424 1429//1429 1428//1428
f 1328//1328 1427//1427 1326//1326
f 1328//1328 1430//1430 1427//1427
f 1428//1428 1329//1329 1327//1327
f 1432//1432 1431//1431 1331//1331
f 1432//1432 1331//1331 1329//1329
f 1429//1429 1432//1432 1329//1329
f 1428//1428 1429//1429 1329//1329
f 1433//1433 1431//1431 1432//1432
f 1332//1332 1430//1430 1328//1328
f 1332//1332 1434//1434 1430//1430
f 1435//1435 1334//1334 1431//1431
f 1431//1431 1334//1334 1331//1331
f 1431//1431 1433//1433 1436//1436
f 1431//1431 1436//1436 1435//1435
f 1335//1335 1434//1434 1332//1332
f 1335//1335 1437//1437 1434//1434
f 1438//1438 1336//1336 1435//1435
f 1435//1435 1336//1336 1334//1334
f 1435//1435 1436//1436 1439//1439
f 1435//1435 1439//1439 1438//1438
f 1337//1337 1437//1437 1335//1335
f 1337//1337 1440//1440 1437//1437
f 1438//1438 1338//1338 1336//1336
f 1340//1340 1338//1338 1438//1438
f 1439//1439 1340//1340 1438//1438
f 1441//1441 1340//1340 1439//1439
f 1341//1341 1440//1440 1337//1337
f 1341//1341 1442//1442 1440//1440
f 1441//1441 1343//1343 1340//1340
f 1443//1443 1343//1343 1441//1441
f 1344//1344 1442//1442 1341//1341
f 1344//1344 1444//1444 1442//1442
f 1443//1443 1346//1346 1343//1343
f 1445//1445 1346//1346 1443//1443
f 1347//1347 1444//1444 1344//1344
f 1347//1347 1446//1446 1444//1444
f 1445//1445 1349//1349 1346//1346
f 1447//1447 1349//1349 1445//1445
f 1350//1350 1446//1446 1347//1347
f 1350//1350 1448//1448 1446//1446
f 1449//1449 1351//1351 1352//1352
f 1450//1450 1449//1449 1352//1352
f 1349//1349 1450//1450 1352//1352
f 1447//1447 1450//1450 1349//1349
f 1353//1353 1448//1448 1350//1350
f 1353//1353 1451//1451 1448//1448
f 1452//1452 1354//1354 1449//1449
f 1449//1449 1354//1354 1351//1351
f 1449//1449 1450//1450 1453//1453
f 1449//1449 1453//1453 1452//1452
f 1355//1355 1451//1451 1353//1353
f 1355//1355 1454//1454 1451//1451
f 1455//1455 1357//1357 1452//1452
f 1452//1452 1357//1357 1354//1354
f 1452//1452 1453//1453 1456//1456
f 1452//1452 1456//1456 1455//1455
f 1358//1358 1454//1454 1355//1355
f 1358//1358 1457//1457 1454//1454
f 1458//1458 1360//1360 1455//1455
f 1455//1455 1360//1360 1357//1357
f 1455//1455 1456//1456 1459//1459
f 1455//1455 1459//1459 1458//1458
f 1361//1361 1457//1457 1358//1358
f 1361//1361 1460//1460 1457//1457
f 1461//1461 1363//1363 1458//1458
f 1458//1458 1363//1363 1360//1360
f 1458//1458 1459//1459 1462//1462
f 1458//1458 1462//1462 1461//1461
f 1463//1463 1460//1460 1361//1361
f 1463//1463 1361//1361 1364//1364
f 1364//1364 1365//1365 1463//1463
f 1463//1463 1365//1365 1464//1464
f 1465//1465 1367//1367 1461//1461
f 1461//1461 1367//1367 1363//1363
f 1461//1461 1462//1462 1466//1466
f 1461//1461 1466//1466 1465//1465
f 1467//1467 1464//1464 1365//1365
f 1467//1467 1365//1365 1368//1368
f 1368//1368 1369//1369 1467//1467
f 1467//1467 1369//1369 1468//1468
f 1469//1469 1371//1371 1465//1465
f 1465//1465 1371//1371 1367//1367
f 1465//1465 1466//1466 1470//1470
f 1465//1465 1470//1470 1469//1469
f 1373//1373 1468//1468 1369//1369
f 1373//1373 1471//1471 1468//1468
f 1473//1473 1472//1472 1469//1469
f 1472//1472 1371//1371 1469//1469
f 1472//1472 1376//1376 1371//1371
f 1473//1473 1469//1469 1470//1470
f 1474//1474 1471//1471 1373//1373
f 1474//1474 1373//1373 1377//1377
f 1377//1377 1378//1378 1474//1474
f 1474//1474 1378//1378 1475//1475
f 1476//1476 1380//1380 1381//1381
f 1477//1477 1476//1476 1381//1381
f 1376//1376 1477//1477 1381//1381
f 1472//1472 1477//1477 1376//1376
f 1480//1480 1479//1479 1478//1478
f 1482//1482 1481//1481 1478//1478
f 1482//1482 1478//1478 1479//1479
f 1484//1484 1483//1483 1481//1481
f 1484//1484 1481//1481 1482//1482
f 1486//1486 1485//1485 1483//1483
f 1486//1486 1483//1483 1484//1484
f 1488//1488 1487//1487 1485//1485
f 1488//1488 1485//1485 1486//1486
f 1490//1490 1489//1489 1487//1487
f 1490//1490 1487//1487 1488//1488
f 1492//1492 1491//1491 1489//1489
f 1492//1492 1489//1489 1490//1490
f 1494//1494 1493//1493 1491//1491
f 1494//1494 1491//1491 1492//1492
f 1496//1496 1495//1495 1493//1493
f 1496//1496 1493//1493 1494//1494
f 1497//1497 1495//1495 1496//1496
f 1500//1500 1499//1499 1498//1498
f 1498//1498 1499//1499 1480//1480
f 1478//1478 1498//1498 1480//1480
f 1501//1501 1498//1498 1478//1478
f 1502//1502 1478//1478 1481//1481
f 1501//1501 1478//1478 1502//1502
f 1503//1503 1481//1481 1483//1483
f 1502//1502 1481//1481 1503//1503
f 1504//1504 1483//1483 1485//1485
f 1503//1503 1483//1483 1504//1504
f 1505//1505 1485//1485 1487//1487
f 1504//1504 1485//1485 1505//1505
f 1506//1506 1487//1487 1489//1489
f 1505//1505 1487//1487 1506//1506
f 1507//1507 1489//1489 1491//1491
f 1506//1506 1489//1489 1507//1507
f 1508//1508 1491//1491 1493//1493
f 1507//1507 1491//1491 1508//1508
f 1509//1509 1493//1493 1495//1495
f 1508//1508 1493//1493 1509//1509
f 1495//1495 1497//1497 1510//1510
f 1511//1511 1495//1495 1510//1510
f 1509//1509 1495//1495 1511//1511
f 1513//1513 1512//1512 1511//1511
f 1513//1513 1511//1511 1510//1510
f 1514//1514 1512//1512 1513//1513
f 1517//1517 1516//1516 1515//1515
f 1515//1515 1516//1516 1500//1500
f 1515//1515 1500//1500 1498//1498
f 1384//1384 1515//1515 1498//1498
f 1383//1383 1384//1384 1498//1498
f 1383//1383 1498//1498 1386//1386
f 1386//1386 1498//1498 1501//1501
f 1386//1386 1501//1501 1388//1388
f 1388//1388 1501//1501 1502//1502
f 1388//1388 1502//1502 1390//1390
f 1390//1390 1502//1502 1503//1503
f 1390//1390 1503//1503 1392//1392
f 1392//1392 1503//1503 1504//1504
f 1392//1392 1504//1504 1394//1394
f 1394//1394 1504//1504 1505//1505
f 1394//1394 1505//1505 1396//1396
f 1396//1396 1505//1505 1506//1506
f 1396//1396 1506//1506 1398//1398
f 1398//1398 1506//1506 1507//1507
f 1398//1398 1507//1507 1400//1400
f 1400//1400 1507//1507 1508//1508
f 1400//1400 1508//1508 1402//1402
f 1402//1402 1508//1508 1509//1509
f 1402//1402 1509//1509 1404//1404
f 1404//1404 1509//1509 1511//1511
f 1404//1404 1511//1511 1405//1405
f 1511//1511 1518//1518 1405//1405
f 1511//1511 1512//1512 1518//1518
f 1512//1512 1514//1514 1519//1519
f 1512//1512 1519//1519 1518//1518
f 1517//1517 1515//1515 1407//1407
f 1408//1408 1517//1517 1407//1407
f 1520//1520 1517//1517 1408//1408
f 1407//1407 1515//1515 1384//1384
f 1518//1518 1410//1410 1405//1405
f 1522//1522 1521//1521 1411//1411
f 1522//1522 1411//1411 1410//1410
f 1519//1519 1522//1522 1410//1410
f 1518//1518 1519//1519 1410//1410
f 1524//1524 1523//1523 1521//1521
f 1524//1524 1521//1521 1522//1522
f 1525//1525 1523//1523 1524//1524
f 1527//1527 1526//1526 1413//1413
f 1527//1527 1413//1413 1414//1414
f 1408//1408 1413//1413 1520//1520
f 1520//1520 1413//1413 1526//1526
f 1521//1521 1416//1416 1411//1411
f 1416//1416 1521//1521 1418//1418
f 1418//1418 1521//1521 1523//1523
f 1419//1419 1418//1418 1523//1523
f 1525//1525 1419//1419 1523//1523
f 1528//1528 1419//1419 1525//1525
f 1420//1420 1527//1527 1414//1414
f 1420//1420 1529//1529 1527//1527
f 1531//1531 1422//1422 1530//1530
f 1422//1422 1528//1528 1530//1530
f 1422//1422 1419//1419 1528//1528
f 1532//1532 1531//1531 1530//1530
f 1423//1423 1529//1529 1420//1420
f 1423//1423 1533//1533 1529//1529
f 1531//1531 1425//1425 1422//1422
f 1535//1535 1534//1534 1426//1426
f 1535//1535 1426//1426 1425//1425
f 1532//1532 1535//1535 1425//1425
f 1531//1531 1532//1532 1425//1425
f 1536//1536 1534//1534 1535//1535
f 1427//1427 1533//1533 1423//1423
f 1427//1427 1537//1537 1533//1533
f 1538//1538 1429//1429 1534//1534
f 1534//1534 1429//1429 1426//1426
f 1534//1534 1536//1536 1539//1539
f 1534//1534 1539//1539 1538//1538
f 1430//1430 1537//1537 1427//1427
f 1430//1430 1540//1540 1537//1537
f 1538//1538 1432//1432 1429//1429
f 1433//1433 1432//1432 1538//1538
f 1539//1539 1433//1433 1538//1538
f 1541//1541 1433//1433 1539//1539
f 1434//1434 1540//1540 1430//1430
f 1434//1434 1542//1542 1540//1540
f 1544//1544 1436//1436 1543//1543
f 1436//1436 1541//1541 1543//1543
f 1436//1436 1433//1433 1541//1541
f 1545//1545 1544//1544 1543//1543
f 1437//1437 1542//1542 1434//1434
f 1437//1437 1546//1546 1542//1542
f 1547//1547 1439//1439 1544//1544
f 1544//1544 1439//1439 1436//1436
f 1544//1544 1545//1545 1548//1548
f 1544//1544 1548//1548 1547//1547
f 1440//1440 1546//1546 1437//1437
f 1440//1440 1549//1549 1546//1546
f 1550//1550 1441//1441 1547//1547
f 1547//1547 1441//1441 1439//1439
f 1547//1547 1548//1548 1551//1551
f 1547//1547 1551//1551 1550//1550
f 1442//1442 1549//1549 1440//1440
f 1442//1442 1552//1552 1549//1549
f 1553//1553 1443//1443 1550//1550
f 1550//1550 1443//1443 1441//1441
f 1550//1550 1551//1551 1554//1554
f 1550//1550 1554//1554 1553//1553
f 1444//1444 1552//1552 1442//1442
f 1444//1444 1555//1555 1552//1552
f 1556//1556 1445//1445 1553//1553
f 1553//1553 1445//1445 1443//1443
f 1553//1553 1554//1554 1557//1557
f 1553//1553 1557//1557 1556//1556
f 1446//1446 1555//1555 1444//1444
f 1446//1446 1558//1558 1555//1555
f 1559//1559 1447//1447 1556//1556
f 1556//1556 1447//1447 1445//1445
f 1556//1556 1557//1557 1560//1560
f 1556//1556 1560//1560 1559//1559
f 1448//1448 1558//1558 1446//1446
f 1448//1448 1561//1561 1558//1558
f 1562//1562 1450//1450 1559//1559
f 1559//1559 1450//1450 1447//1447
f 1559//1559 1560//1560 1563//1563
f 1559//1559 1563//1563 1562//1562
f 1451//1451 1561//1561 1448//1448
f 1451//1451 1564//1564 1561//1561
f 1565//1565 1453//1453 1562//1562
f 1562//1562 1453//1453 1450//1450
f 1562//1562 1563//1563 1566//1566
f 1562//1562 1566//1566 1565//1565
f 1454//1454 1564//1564 1451//1451
f 1454//1454 1567//1567 1564//1564
f 1568//1568 1456//1456 1565//1565
f 1565//1565 1456//1456 1453//1453
f 1565//1565 1566//1566 1569//1569
f 1565//1565 1569//1569 1568//1568
f 1457//1457 1567//1567 1454//1454
f 1457//1457 1570//1570 1567//1567
f 1571//1571 1459//1459 1568//1568
f 1568//1568 1459//1459 1456//1456
f 1568//1568 1569//1569 1572//1572
f 1568//1568 1572//1572 1571//1571
f 1460//1460 1570//1570 1457//1457
f 1460//1460 1573//1573 1570//1570
f 1574//1574 1462//1462 1571//1571
f 1571//1571 1462//1462 1459//1459
f 1571//1571 1572//1572 1575//1575
f 1571//1571 1575//1575 1574//1574
f 1576//1576 1573//1573 1460//1460
f 1576//1576 1460//1460 1463//1463
f 1463//1463 1464//1464 1576//1576
f 1576//1576 1464//1464 1577//1577
f 1578//1578 1466//1466 1574//1574
f 1574//1574 1466//1466 1462//1462
f 1574//1574 1575//1575 1579//1579
f 1574//1574 1579//1579 1578//1578
f 1464//1464 1467//1467 1580//1580
f 1581//1581 1464//1464 1580//1580
f 1577//1577 1464//1464 1581//1581
f 1468//1468 1580//1580 1467//1467
f 1582//1582 1470//1470 1578//1578
f 1578//1578 1470//1470 1466//1466
f 1578//1578 1579//1579 1583//1583
f 1578//1578 1583//1583 1582//1582
f 1584//1584 1581//1581 1580//1580
f 1580//1580 1468//1468 1584//1584
f 1468//1468 1585//1585 1584//1584
f 1468//1468 1471//1471 1585//1585
f 1586//1586 1472//1472 1473//1473
f 1587//1587 1586//1586 1473//1473
f 1587//1587 1473//1473 1470//1470
f 1588//1588 1587//1587 1470//1470
f 1582//1582 1588//1588 1470//1470
f 1588//1588 1582//1582 1583//1583
f 1471//1471 1474//1474 1589//1589
f 1590//1590 1471//1471 1589//1589
f 1585//1585 1471//1471 1590//1590
f 1475//1475 1589//1589 1474//1474
f 1591//1591 1477//1477 1586//1586
f 1586//1586 1477//1477 1472//1472
f 1586//1586 1587//1587 1592//1592
f 1586//1586 1592//1592 1591//1591
f 1595//1595 1594//1594 1593//1593
f 1597//1597 1596//1596 1593//1593
f 1597//1597 1593//1593 1594//1594
f 1599//1599 1598//1598 1596//1596
f 1599//1599 1596//1596 1597//1597
f 1601//1601 1600//1600 1598//1598
f 1601//1601 1598//1598 1599//1599
f 1603//1603 1602//1602 1600//1600
f 1603//1603 1600//1600 1601//1601
f 1605//1605 1604//1604 1602//1602
f 1605//1605 1602//1602 1603//1603
f 1607//1607 1606//1606 1604//1604
f 1607//1607 1604//1604 1605//1605
f 1609//1609 1608//1608 1606//1606
f 1609//1609 1606//1606 1607//1607
f 1611//1611 1610//1610 1608//1608
f 1611//1611 1608//1608 1609//1609
f 1613//1613 1612//1612 1610//1610
f 1613//1613 1610//1610 1611//1611
f 1615//1615 1614//1614 1612//1612
f 1615//1615 1612//1612 1613//1613
f 1616//1616 1614//1614 1615//1615
f 1595//1595 1593//1593 1617//1617
f 1595//1595 1617//1617 1618//1618
f 1480//1480 1617//1617 1479//1479
f 1617//1617 1596//1596 1479//1479
f 1617//1617 1593//1593 1596//1596
f 1479//1479 1596//1596 1482//1482
f 1482//1482 1596//1596 1598//1598
f 1482//1482 1598//1598 1484//1484
f 1484//1484 1598//1598 1600//1600
f 1484//1484 1600//1600 1486//1486
f 1486//1486 1600//1600 1602//1602
f 1486//1486 1602//1602 1488//1488
f 1488//1488 1602//1602 1604//1604
f 1488//1488 1604//1604 1490//1490
f 1490//1490 1604//1604 1606//1606
f 1490//1490 1606//1606 1492//1492
f 1492//1492 1606//1606 1608//1608
f 1492//1492 1608//1608 1494//1494
f 1494//1494 1608//1608 1610//1610
f 1494//1494 1610//1610 1496//1496
f 1496//1496 1610//1610 1612//1612
f 1496//1496 1612//1612 1497//1497
f 1612//1612 1619//1619 1497//1497
f 1612//1612 1614//1614 1619//1619
f 1614//1614 1616//1616 1620//1620
f 1621//1621 1614//1614 1620//1620
f 1619//1619 1614//1614 1621//1621
f 1622//1622 1621//1621 1620//1620
f 1625//1625 1624//1624 1623//1623
f 1623//1623 1624//1624 1618//1618
f 1623//1623 1618//1618 1617//1617
f 1500//1500 1623//1623 1617//1617
f 1499//1499 1500//1500 1617//1617
f 1499//1499 1617//1617 1480//1480
f 1619//1619 1510//1510 1497//1497
f 1510//1510 1619//1619 1513//1513
f 1513//1513 1619//1619 1621//1621
f 1514//1514 1513//1513 1621//1621
f 1622//1622 1514//1514 1621//1621
f 1626//1626 1514//1514 1622//1622
f 1625//1625 1623//1623 1516//1516
f 1517//1517 1625//1625 1516//1516
f 1627//1627 1625//1625 1517//1517
f 1516//1516 1623//1623 1500//1500
f 1629//1629 1519//1519 1628//1628
f 1519//1519 1626//1626 1628//1628
f 1519//1519 1514//1514 1626//1626
f 1631//1631 1630//1630 1629//1629
f 1631//1631 1629//1629 1628//1628
f 1632//1632 1630//1630 1631//1631
f 1635//1635 1634//1634 1633//1633
f 1634//1634 1627//1627 1633//1633
f 1627//1627 1520//1520 1633//1633
f 1627//1627 1517//1517 1520//1520
f 1629//1629 1522//1522 1519//1519
f 1522//1522 1629//1629 1524//1524
f 1524//1524 1629//1629 1630//1630
f 1637//1637 1636//1636 1525//1525
f 1637//1637 1525//1525 1524//1524
f 1632//1632 1637//1637 1524//1524
f 1630//1630 1632//1632 1524//1524
f 1638//1638 1636//1636 1637//1637
f 1635//1635 1633//1633 1526//1526
f 1527//1527 1635//1635 1526//1526
f 1639//1639 1635//1635 1527//1527
f 1526//1526 1633//1633 1520//1520
f 1640//1640 1528//1528 1636//1636
f 1636//1636 1528//1528 1525//1525
f 1636//1636 1638//1638 1641//1641
f 1636//1636 1641//1641 1640//1640
f 1529//1529 1639//1639 1527//1527
f 1529//1529 1642//1642 1639//1639
f 1640//1640 1530//1530 1528//1528
f 1644//1644 1643//1643 1532//1532
f 1644//1644 1532//1532 1530//1530
f 1641//1641 1644//1644 1530//1530
f 1640//1640 1641//1641 1530//1530
f 1645//1645 1643//1643 1644//1644
f 1533//1533 1642//1642 1529//1529
f 1533//1533 1646//1646 1642//1642
f 1643//1643 1535//1535 1532//1532
f 1536//1536 1535//1535 1643//1643
f 1645//1645 1536//1536 1643//1643
f 1647//1647 1536//1536 1645//1645
f 1650//1650 1649//1649 1648//1648
f 1649//1649 1646//1646 1648//1648
f 1646//1646 1537//1537 1648//1648
f 1646//1646 1533//1533 1537//1537
f 1652//1652 1539//1539 1651//1651
f 1539//1539 1647//1647 1651//1651
f 1539//1539 1536//1536 1647//1647
f 1653//1653 1652//1652 1651//1651
f 1650//1650 1648//1648 1654//1654
f 1650//1650 1654//1654 1655//1655
f 1540//1540 1654//1654 1537//1537
f 1537//1537 1654//1654 1648//1648
f 1656//1656 1541//1541 1652//1652
f 1652//1652 1541//1541 1539//1539
f 1652//1652 1653//1653 1657//1657
f 1652//1652 1657//1657 1656//1656
f 1655//1655 1654//1654 1658//1658
f 1655//1655 1658//1658 1659//1659
f 1542//1542 1658//1658 1540//1540
f 1540//1540 1658//1658 1654//1654
f 1656//1656 1543//1543 1541//1541
f 1545//1545 1543//1543 1656//1656
f 1657//1657 1545//1545 1656//1656
f 1660//1660 1545//1545 1657//1657
f 1659//1659 1658//1658 1661//1661
f 1659//1659 1661//1661 1662//1662
f 1546//1546 1661//1661 1542//1542
f 1542//1542 1661//1661 1658//1658
f 1660//1660 1548//1548 1545//1545
f 1663//1663 1548//1548 1660//1660
f 1662//1662 1661//1661 1664//1664
f 1662//1662 1664//1664 1665//1665
f 1549//1549 1664//1664 1546//1546
f 1546//1546 1664//1664 1661//1661
f 1663//1663 1551//1551 1548//1548
f 1666//1666 1551//1551 1663//1663
f 1665//1665 1664//1664 1667//1667
f 1665//1665 1667//1667 1668//1668
f 1552//1552 1667//1667 1549//1549
f 1549//1549 1667//1667 1664//1664
f 1670//1670 1554//1554 1669//1669
f 1554//1554 1666//1666 1669//1669
f 1554//1554 1551//1551 1666//1666
f 1671//1671 1670//1670 1669//1669
f 1668//1668 1667//1667 1672//1672
f 1668//1668 1672//1672 1673//1673
f 1555//1555 1672//1672 1552//1552
f 1552//1552 1672//1672 1667//1667
f 1674//1674 1557//1557 1670//1670
f 1670//1670 1557//1557 1554//1554
f 1670//1670 1671//1671 1675//1675
f 1670//1670 1675//1675 1674//1674
f 1673//1673 1672//1672 1676//1676
f 1673//1673 1676//1676 1677//1677
f 1558//1558 1676//1676 1555//1555
f 1555//1555 1676//1676 1672//1672
f 1678//1678 1560//1560 1674//1674
f 1674//1674 1560//1560 1557//1557
f 1674//1674 1675//1675 1679//1679
f 1674//1674 1679//1679 1678//1678
f 1677//1677 1676//1676 1680//1680
f 1677//1677 1680//1680 1681//1681
f 1561//1561 1680//1680 1558//1558
f 1558//1558 1680//1680 1676//1676
f 1682//1682 1563//1563 1678//1678
f 1678//1678 1563//1563 1560//1560
f 1678//1678 1679//1679 1683//1683
f 1678//1678 1683//1683 1682//1682
f 1681//1681 1680//1680 1684//1684
f 1681//1681 1684//1684 1685//1685
f 1564//1564 1684//1684 1561//1561
f 1561//1561 1684//1684 1680//1680
f 1686//1686 1566//1566 1682//1682
f 1682//1682 1566//1566 1563//1563
f 1682//1682 1683//1683 1687//1687
f 1682//1682 1687//1687 1686//1686
f 1685//1685 1684//1684 1688//1688
f 1685//1685 1688//1688 1689//1689
f 1567//1567 1688//1688 1564//1564
f 1564//1564 1688//1688 1684//1684
f 1690//1690 1569//1569 1686//1686
f 1686//1686 1569//1569 1566//1566
f 1686//1686 1687//1687 1691//1691
f 1686//1686 1691//1691 1690//1690
f 1692//1692 1689//1689 1688//1688
f 1688//1688 1567//1567 1692//1692
f 1567//1567 1693//1693 1692//1692
f 1567//1567 1570//1570 1693//1693
f 1694//1694 1572//1572 1690//1690
f 1690//1690 1572//1572 1569//1569
f 1690//1690 1691//1691 1695//1695
f 1690//1690 1695//1695 1694//1694
f 1573//1573 1693//1693 1570//1570
f 1573//1573 1696//1696 1693//1693
f 1697//1697 1575//1575 1694//1694
f 1694//1694 1575//1575 1572//1572
f 1694//1694 1695//1695 1698//1698
f 1694//1694 1698//1698 1697//1697
f 1699//1699 1696//1696 1573//1573
f 1699//1699 1573//1573 1576//1576
f 1576//1576 1577//1577 1699//1699
f 1699//1699 1577//1577 1700//1700
f 1701//1701 1579//1579 1697//1697
f 1697//1697 1579//1579 1575//1575
f 1697//1697 1698//1698 1702//1702
f 1697//1697 1702//1702 1701//1701
f 1581//1581 1700//1700 1577//1577
f 1581//1581 1703//1703 1700//1700
f 1705//1705 1704//1704 1701//1701
f 1704//1704 1579//1579 1701//1701
f 1704//1704 1583//1583 1579//1579
f 1705//1705 1701//1701 1702//1702
f 1706//1706 1703//1703 1581//1581
f 1706//1706 1581//1581 1584//1584
f 1584//1584 1585//1585 1706//1706
f 1706//1706 1585//1585 1707//1707
f 1708//1708 1587//1587 1588//1588
f 1709//1709 1708//1708 1588//1588
f 1583//1583 1709//1709 1588//1588
f 1704//1704 1709//1709 1583//1583
f 1590//1590 1707//1707 1585//1585
f 1590//1590 1710//1710 1707//1707
f 1711//1711 1592//1592 1708//1708
f 1708//1708 1592//1592 1587//1587
f 1708//1708 1709//1709 1712//1712
f 1708//1708 1712//1712 1711//1711
f 1715//1715 1714//1714 1713//1713
f 1717//1717 1716//1716 1713//1713
f 1717//1717 1713//1713 1714//1714
f 1719//1719 1718//1718 1716//1716
f 1719//1719 1716//1716 1717//1717
f 1721//1721 1720//1720 1718//1718
f 1721//1721 1718//1718 1719//1719
f 1723//1723 1722//1722 1720//1720
f 1723//1723 1720//1720 1721//1721
f 1725//1725 1724//1724 1722//1722
f 1725//1725 1722//1722 1723//1723
f 1727//1727 1726//1726 1724//1724
f 1727//1727 1724//1724 1725//1725
f 1729//1729 1728//1728 1726//1726
f 1729//1729 1726//1726 1727//1727
f 1731//1731 1730//1730 1728//1728
f 1731//1731 1728//1728 1729//1729
f 1733//1733 1732//1732 1730//1730
f 1733//1733 1730//1730 1731//1731
f 1734//1734 1732//1732 1733//1733
f 1736//1736 1735//1735 1594//1594
f 1736//1736 1594//1594 1595//1595
f 1713//1713 1597//1597 1715//1715
f 1597//1597 1735//1735 1715//1715
f 1597//1597 1594//1594 1735//1735
f 1597//1597 1713//1713 1599//1599
f 1599//1599 1713//1713 1716//1716
f 1599//1599 1716//1716 1601//1601
f 1601//1601 1716//1716 1718//1718
f 1601//1601 1718//1718 1603//1603
f 1603//1603 1718//1718 1720//1720
f 1603//1603 1720//1720 1605//1605
f 1605//1605 1720//1720 1722//1722
f 1605//1605 1722//1722 1607//1607
f 1607//1607 1722//1722 1724//1724
f 1607//1607 1724//1724 1609//1609
f 1609//1609 1724//1724 1726//1726
f 1609//1609 1726//1726 1611//1611
f 1611//1611 1726//1726 1728//1728
f 1611//1611 1728//1728 1613//1613
f 1613//1613 1728//1728 1730//1730
f 1613//1613 1730//1730 1615//1615
f 1615//1615 1730//1730 1732//1732
f 1738//1738 1737//1737 1616//1616
f 1738//1738 1616//1616 1615//1615
f 1734//1734 1738//1738 1615//1615
f 1732//1732 1734//1734 1615//1615
f 1739//1739 1737//1737 1738//1738
f 1618//1618 1736//1736 1595//1595
f 1618//1618 1740//1740 1736//1736
f 1737//1737 1620//1620 1616//1616
f 1622//1622 1620//1620 1737//1737
f 1739//1739 1622//1622 1737//1737
f 1741//1741 1622//1622 1739//1739
f 1743//1743 1742//1742 1624//1624
f 1743//1743 1624//1624 1625//1625
f 1618//1618 1624//1624 1740//1740
f 1740//1740 1624//1624 1742//1742
f 1745//1745 1626//1626 1744//1744
f 1626//1626 1741//1741 1744//1744
f 1626//1626 1622//1622 1741//1741
f 1747//1747 1746//1746 1745//1745
f 1747//1747 1745//1745 1744//1744
f 1748//1748 1746//1746 1747//1747
f 1627//1627 1743//1743 1625//1625
f 1627//1627 1749//1749 1743//1743
f 1745//1745 1628//1628 1626//1626
f 1628//1628 1745//1745 1631//1631
f 1631//1631 1745//1745 1746//1746
f 1751//1751 1750//1750 1632//1632
f 1751//1751 1632//1632 1631//1631
f 1748//1748 1751//1751 1631//1631
f 1746//1746 1748//1748 1631//1631
f 1752//1752 1750//1750 1751//1751
f 1754//1754 1753//1753 1634//1634
f 1754//1754 1634//1634 1635//1635
f 1627//1627 1634//1634 1749//1749
f 1749//1749 1634//1634 1753//1753
f 1750//1750 1637//1637 1632//1632
f 1638//1638 1637//1637 1750//1750
f 1752//1752 1638//1638 1750//1750
f 1755//1755 1638//1638 1752//1752
f 1639//1639 1754//1754 1635//1635
f 1639//1639 1756//1756 1754//1754
f 1758//1758 1641//1641 1757//1757
f 1641//1641 1755//1755 1757//1757
f 1641//1641 1638//1638 1755//1755
f 1759//1759 1758//1758 1757//1757
f 1762//1762 1761//1761 1760//1760
f 1761//1761 1756//1756 1760//1760
f 1756//1756 1642//1642 1760//1760
f 1756//1756 1639//1639 1642//1642
f 1758//1758 1644//1644 1641//1641
f 1645//1645 1644//1644 1758//1758
f 1759//1759 1645//1645 1758//1758
f 1763//1763 1645//1645 1759//1759
f 1762//1762 1760//1760 1764//1764
f 1762//1762 1764//1764 1765//1765
f 1646//1646 1764//1764 1642//1642
f 1642//1642 1764//1764 1760//1760
f 1767//1767 1647//1647 1766//1766
f 1647//1647 1763//1763 1766//1766
f 1647//1647 1645//1645 1763//1763
f 1768//1768 1767//1767 1766//1766
f 1765//1765 1764//1764 1649//1649
f 1650//1650 1765//1765 1649//1649
f 1769//1769 1765//1765 1650//1650
f 1649//1649 1764//1764 1646//1646
f 1767//1767 1651//1651 1647//1647
f 1653//1653 1651//1651 1767//1767
f 1768//1768 1653//1653 1767//1767
f 1770//1770 1653//1653 1768//1768
f 1655//1655 1769//1769 1650//1650
f 1655//1655 1771//1771 1769//1769
f 1770//1770 1657//1657 1653//1653
f 1772//1772 1657//1657 1770//1770
f 1659//1659 1771//1771 1655//1655
f 1659//1659 1773//1773 1771//1771
f 1775//1775 1660//1660 1774//1774
f 1660//1660 1772//1772 1774//1774
f 1660//1660 1657//1657 1772//1772
f 1776//1776 1775//1775 1774//1774
f 1662//1662 1773//1773 1659//1659
f 1662//1662 1777//1777 1773//1773
f 1778//1778 1663//1663 1775//1775
f 1775//1775 1663//1663 1660//1660
f 1775//1775 1776//1776 1779//1779
f 1775//1775 1779//1779 1778//1778
f 1665//1665 1777//1777 1662//1662
f 1665//1665 1780//1780 1777//1777
f 1781//1781 1666//1666 1778//1778
f 1778//1778 1666//1666 1663//1663
f 1778//1778 1779//1779 1782//1782
f 1778//1778 1782//1782 1781//1781
f 1668//1668 1780//1780 1665//1665
f 1668//1668 1783//1783 1780//1780
f 1781//1781 1669//1669 1666//1666
f 1671//1671 1669//1669 1781//1781
f 1782//1782 1671//1671 1781//1781
f 1784//1784 1671//1671 1782//1782
f 1673//1673 1783//1783 1668//1668
f 1673//1673 1785//1785 1783//1783
f 1784//1784 1675//1675 1671//1671
f 1786//1786 1675//1675 1784//1784
f 1677//1677 1785//1785 1673//1673
f 1677//1677 1787//1787 1785//1785
f 1786//1786 1679//1679 1675//1675
f 1788//1788 1679//1679 1786//1786
f 1681//1681 1787//1787 1677//1677
f 1681//1681 1789//1789 1787//1787
f 1788//1788 1683//1683 1679//1679
f 1790//1790 1683//1683 1788//1788
f 1685//1685 1789//1789 1681//1681
f 1685//1685 1791//1791 1789//1789
f 1790//1790 1687//1687 1683//1683
f 1792//1792 1687//1687 1790//1790
f 1689//1689 1791//1791 1685//1685
f 1689//1689 1793//1793 1791//1791
f 1792//1792 1691//1691 1687//1687
f 1794//1794 1691//1691 1792//1792
f 1795//1795 1793//1793 1689//1689
f 1795//1795 1689//1689 1692//1692
f 1692//1692 1693//1693 1795//1795
f 1795//1795 1693//1693 1796//1796
f 1794//1794 1695//1695 1691//1691
f 1797//1797 1695//1695 1794//1794
f 1696//1696 1796//1796 1693//1693
f 1696//1696 1798//1798 1796//1796
f 1797//1797 1698//1698 1695//1695
f 1799//1799 1698//1698 1797//1797
f 1800//1800 1798//1798 1696//1696
f 1800//1800 1696//1696 1699//1699
f 1699//1699 1700//1700 1800//1800
f 1800//1800 1700//1700 1801//1801
f 1799//1799 1702//1702 1698//1698
f 1802//1802 1702//1702 1799//1799
f 1703//1703 1801//1801 1700//1700
f 1703//1703 1803//1803 1801//1801
f 1804//1804 1704//1704 1705//1705
f 1805//1805 1804//1804 1705//1705
f 1702//1702 1805//1805 1705//1705
f 1802//1802 1805//1805 1702//1702
f 1703//1703 1706//1706 1806//1806
f 1807//1807 1703//1703 1806//1806
f 1803//1803 1703//1703 1807//1807
f 1707//1707 1806//1806 1706//1706
f 1808//1808 1709//1709 1804//1804
f 1804//1804 1709//1709 1704//1704
f 1804//1804 1805//1805 1809//1809
f 1804//1804 1809//1809 1808//1808
f 1810//1810 1807//1807 1806//1806
f 1806//1806 1707//1707 1810//1810
f 1707//1707 1811//1811 1810//1810
f 1707//1707 1710//1710 1811//1811
f 1813//1813 1812//1812 1808//1808
f 1812//1812 1709//1709 1808//1808
f 1812//1812 1712//1712 1709//1709
f 1813//1813 1808//1808 1809//1809
f 1816//1816 1815//1815 1814//1814
f 1818//1818 1817//1817 1814//1814
f 1818//1818 1814//1814 1815//1815
f 1820//1820 1819//1819 1817//1817
f 1820//1820 1817//1817 1818//1818
f 1822//1822 1821//1821 1819//1819
f 1822//1822 1819//1819 1820//1820
f 1824//1824 1823//1823 1821//1821
f 1824//1824 1821//1821 1822//1822
f 1826//1826 1825//1825 1823//1823
f 1826//1826 1823//1823 1824//1824
f 1828//1828 1827//1827 1825//1825
f 1828//1828 1825//1825 1826//1826
f 1830//1830 1829//1829 1827//1827
f 1830//1830 1827//1827 1828//1828
f 1832//1832 1831//1831 1829//1829
f 1832//1832 1829//1829 1830//1830
f 1833//1833 1831//1831 1832//1832
f 1836//1836 1835//1835 1834//1834
f 1834//1834 1835//1835 1816//1816
f 1834//1834 1816//1816 1814//1814
f 1715//1715 1834//1834 1814//1814
f 1714//1714 1715//1715 1814//1814
f 1714//1714 1814//1814 1717//1717
f 1717//1717 1814//1814 1817//1817
f 1717//1717 1817//1817 1719//1719
f 1719//1719 1817//1817 1819//1819
f 1719//1719 1819//1819 1721//1721
f 1721//1721 1819//1819 1821//1821
f 1721//1721 1821//1821 1723//1723
f 1723//1723 1821//1821 1823//1823
f 1723//1723 1823//1823 1725//1725
f 1725//1725 1823//1823 1825//1825
f 1725//1725 1825//1825 1727//1727
f 1727//1727 1825//1825 1827//1827
f 1727//1727 1827//1827 1729//1729
f 1729//1729 1827//1827 1829//1829
f 1729//1729 1829//1829 1731//1731
f 1731//1731 1829//1829 1831//1831
f 1833//1833 1837//1837 1831//1831
f 1837//1837 1731//1731 1831//1831
f 1837//1837 1733//1733 1731//1731
f 1734//1734 1733//1733 1837//1837
f 1734//1734 1837//1837 1838//1838
f 1836//1836 1834//1834 1735//1735
f 1736//1736 1836//1836 1735//1735
f 1839//1839 1836//1836 1736//1736
f 1735//1735 1834//1834 1715//1715
f 1838//1838 1840//1840 1734//1734
f 1734//1734 1840//1840 1738//1738
f 1739//1739 1738//1738 1840//1840
f 1739//1739 1840//1840 1841//1841
f 1844//1844 1843//1843 1842//1842
f 1843//1843 1839//1839 1842//1842
f 1839//1839 1740//1740 1842//1842
f 1839//1839 1736//1736 1740//1740
f 1846//1846 1741//1741 1845//1845
f 1741//1741 1841//1841 1845//1845
f 1741//1741 1739//1739 1841//1841
f 1847//1847 1846//1846 1845//1845
f 1844//1844 1842//1842 1742//1742
f 1743//1743 1844//1844 1742//1742
f 1848//1848 1844//1844 1743//1743
f 1742//1742 1842//1842 1740//1740
f 1846//1846 1744//1744 1741//1741
f 1847//1847 1849//1849 1846//1846
f 1849//1849 1744//1744 1846//1846
f 1849//1849 1747//1747 1744//1744
f 1851//1851 1850//1850 1748//1748
f 1747//1747 1851//1851 1748//1748
f 1849//1849 1851//1851 1747//1747
f 1852//1852 1850//1850 1851//1851
f 1749//1749 1848//1848 1743//1743
f 1749//1749 1853//1853 1848//1848
f 1850//1850 1751//1751 1748//1748
f 1752//1752 1751//1751 1850//1850
f 1852//1852 1752//1752 1850//1850
f 1854//1854 1752//1752 1852//1852
f 1856//1856 1855//1855 1753//1753
f 1856//1856 1753//1753 1754//1754
f 1749//1749 1753//1753 1853//1853
f 1853//1853 1753//1753 1855//1855
f 1858//1858 1755//1755 1857//1857
f 1755//1755 1854//1854 1857//1857
f 1755//1755 1752//1752 1854//1854
f 1859//1859 1858//1858 1857//1857
f 1862//1862 1861//1861 1860//1860
f 1861//1861 1856//1856 1860//1860
f 1856//1856 1756//1756 1860//1860
f 1856//1856 1754//1754 1756//1756
f 1858//1858 1757//1757 1755//1755
f 1864//1864 1863//1863 1759//1759
f 1864//1864 1759//1759 1757//1757
f 1859//1859 1864//1864 1757//1757
f 1858//1858 1859//1859 1757//1757
f 1865//1865 1863//1863 1864//1864
f 1862//1862 1860//1860 1761//1761
f 1762//1762 1862//1862 1761//1761
f 1866//1866 1862//1862 1762//1762
f 1761//1761 1860//1860 1756//1756
f 1867//1867 1763//1763 1863//1863
f 1863//1863 1763//1763 1759//1759
f 1863//1863 1865//1865 1868//1868
f 1863//1863 1868//1868 1867//1867
f 1765//1765 1866//1866 1762//1762
f 1765//1765 1869//1869 1866//1866
f 1867//1867 1766//1766 1763//1763
f 1768//1768 1766//1766 1867//1867
f 1868//1868 1768//1768 1867//1867
f 1870//1870 1768//1768 1868//1868
f 1769//1769 1869//1869 1765//1765
f 1769//1769 1871//1871 1869//1869
f 1873//1873 1770//1770 1872//1872
f 1770//1770 1870//1870 1872//1872
f 1770//1770 1768//1768 1870//1870
f 1874//1874 1873//1873 1872//1872
f 1771//1771 1871//1871 1769//1769
f 1771//1771 1875//1875 1871//1871
f 1876//1876 1772//1772 1873//1873
f 1873//1873 1772//1772 1770//1770
f 1873//1873 1874//1874 1877//1877
f 1873//1873 1877//1877 1876//1876
f 1773//1773 1875//1875 1771//1771
f 1773//1773 1878//1878 1875//1875
f 1876//1876 1774//1774 1772//1772
f 1776//1776 1774//1774 1876//1876
f 1877//1877 1776//1776 1876//1876
f 1879//1879 1776//1776 1877//1877
f 1777//1777 1878//1878 1773//1773
f 1777//1777 1880//1880 1878//1878
f 1879//1879 1779//1779 1776//1776
f 1881//1881 1779//1779 1879//1879
f 1780//1780 1880//1880 1777//1777
f 1780//1780 1882//1882 1880//1880
f 1884//1884 1782//1782 1883//1883
f 1782//1782 1881//1881 1883//1883
f 1782//1782 1779//1779 1881//1881
f 1885//1885 1884//1884 1883//1883
f 1783//1783 1882//1882 1780//1780
f 1783//1783 1886//1886 1882//1882
f 1887//1887 1784//1784 1884//1884
f 1884//1884 1784//1784 1782//1782
f 1884//1884 1885//1885 1888//1888
f 1884//1884 1888//1888 1887//1887
f 1785//1785 1886//1886 1783//1783
f 1785//1785 1889//1889 1886//1886
f 1890//1890 1786//1786 1887//1887
f 1887//1887 1786//1786 1784//1784
f 1887//1887 1888//1888 1891//1891
f 1887//1887 1891//1891 1890//1890
f 1787//1787 1889//1889 1785//1785
f 1787//1787 1892//1892 1889//1889
f 1893//1893 1788//1788 1890//1890
f 1890//1890 1788//1788 1786//1786
f 1890//1890 1891//1891 1894//1894
f 1890//1890 1894//1894 1893//1893
f 1789//1789 1892//1892 1787//1787
f 1789//1789 1895//1895 1892//1892
f 1896//1896 1790//1790 1893//1893
f 1893//1893 1790//1790 1788//1788
f 1893//1893 1894//1894 1897//1897
f 1893//1893 1897//1897 1896//1896
f 1791//1791 1895//1895 1789//1789
f 1791//1791 1898//1898 1895//1895
f 1899//1899 1792//1792 1896//1896
f 1896//1896 1792//1792 1790//1790
f 1896//1896 1897//1897 1900//1900
f 1896//1896 1900//1900 1899//1899
f 1793//1793 1898//1898 1791//1791
f 1793//1793 1901//1901 1898//1898
f 1902//1902 1794//1794 1899//1899
f 1899//1899 1794//1794 1792//1792
f 1899//1899 1900//1900 1903//1903
f 1899//1899 1903//1903 1902//1902
f 1904//1904 1901//1901 1793//1793
f 1904//1904 1793//1793 1795//1795
f 1795//1795 1796//1796 1904//1904
f 1904//1904 1796//1796 1905//1905
f 1906//1906 1797//1797 1902//1902
f 1902//1902 1797//1797 1794//1794
f 1902//1902 1903//1903 1907//1907
f 1902//1902 1907//1907 1906//1906
f 1798//1798 1905//1905 1796//1796
f 1798//1798 1908//1908 1905//1905
f 1909//1909 1799//1799 1906//1906
f 1906//1906 1799//1799 1797//1797
f 1906//1906 1907//1907 1910//1910
f 1906//1906 1910//1910 1909//1909
f 1911//1911 1908//1908 1798//1798
f 1911//1911 1798//1798 1800//1800
f 1800//1800 1801//1801 1911//1911
f 1911//1911 1801//1801 1912//1912
f 1914//1914 1913//1913 1909//1909
f 1913//1913 1799//1799 1909//1909
f 1913//1913 1802//1802 1799//1799
f 1914//1914 1909//1909 1910//1910
f 1803//1803 1912//1912 1801//1801
f 1803//1803 1915//1915 1912//1912
f 1913//1913 1805//1805 1802//1802
f 1916//1916 1805//1805 1913//1913
f 1807//1807 1915//1915 1803//1803
f 1807//1807 1917//1917 1915//1915
f 1916//1916 1809//1809 1805//1805
f 1918//1918 1809//1809 1916//1916
f 1807//1807 1810//1810 1919//1919
f 1920//1920 1807//1807 1919//1919
f 1917//1917 1807//1807 1920//1920
f 1811//1811 1919//1919 1810//1810
f 1921//1921 1812//1812 1813//1813
f 1922//1922 1921//1921 1813//1813
f 1809//1809 1922//1922 1813//1813
f 1918//1918 1922//1922 1809//1809
f 1925//1925 1924//1924 1923//1923
f 1927//1927 1926//1926 1923//1923
f 1927//1927 1923//1923 1924//1924
f 1929//1929 1928//1928 1926//1926
f 1929//1929 1926//1926 1927//1927
f 1930//1930 1928//1928 1929//1929
f 1933//1933 1932//1932 1931//1931
f 1935//1935 1934//1934 1931//1931
f 1935//1935 1931//1931 1932//1932
f 1934//1934 1935//1935 1925//1925
f 1923//1923 1934//1934 1925//1925
f 1936//1936 1934//1934 1923//1923
f 1937//1937 1923//1923 1926//1926
f 1936//1936 1923//1923 1937//1937
f 1938//1938 1926//1926 1928//1928
f 1937//1937 1926//1926 1938//1938
f 1928//1928 1930//1930 1939//1939
f 1940//1940 1928//1928 1939//1939
f 1938//1938 1928//1928 1940//1940
f 1942//1942 1941//1941 1940//1940
f 1942//1942 1940//1940 1939//1939
f 1944//1944 1943//1943 1941//1941
f 1944//1944 1941//1941 1942//1942
f 1945//1945 1943//1943 1944//1944
f 1947//1947 1946//1946 1815//1815
f 1947//1947 1815//1815 1816//1816
f 1931//1931 1818//1818 1933//1933
f 1818//1818 1946//1946 1933//1933
f 1818//1818 1815//1815 1946//1946
f 1818//1818 1931//1931 1820//1820
f 1820//1820 1931//1931 1934//1934
f 1820//1820 1934//1934 1822//1822
f 1822//1822 1934//1934 1936//1936
f 1822//1822 1936//1936 1824//1824
f 1824//1824 1936//1936 1937//1937
f 1824//1824 1937//1937 1826//1826
f 1826//1826 1937//1937 1938//1938
f 1826//1826 1938//1938 1828//1828
f 1828//1828 1938//1938 1940//1940
f 1828//1828 1940//1940 1830//1830
f 1830//1830 1940//1940 1941//1941
f 1830//1830 1941//1941 1832//1832
f 1832//1832 1941//1941 1943//1943
f 1949//1949 1948//1948 1833//1833
f 1949//1949 1833//1833 1832//1832
f 1945//1945 1949//1949 1832//1832
f 1943//1943 1945//1945 1832//1832
f 1950//1950 1948//1948 1949//1949
f 1952//1952 1951//1951 1835//1835
f 1952//1952 1835//1835 1836//1836
f 1816//1816 1835//1835 1947//1947
f 1947//1947 1835//1835 1951//1951
f 1948//1948 1837//1837 1833//1833
f 1954//1954 1953//1953 1838//1838
f 1954//1954 1838//1838 1837//1837
f 1950//1950 1954//1954 1837//1837
f 1948//1948 1950//1950 1837//1837
f 1955//1955 1953//1953 1954//1954
f 1839//1839 1952//1952 1836//1836
f 1839//1839 1956//1956 1952//1952
f 1953//1953 1840//1840 1838//1838
f 1958//1958 1957//1957 1841//1841
f 1958//1958 1841//1841 1840//1840
f 1955//1955 1958//1958 1840//1840
f 1953//1953 1955//1955 1840//1840
f 1959//1959 1957//1957 1958//1958
f 1961//1961 1960//1960 1843//1843
f 1961//1961 1843//1843 1844//1844
f 1839//1839 1843//1843 1956//1956
f 1956//1956 1843//1843 1960//1960
f 1957//1957 1845//1845 1841//1841
f 1963//1963 1962//1962 1847//1847
f 1963//1963 1847//1847 1845//1845
f 1959//1959 1963//1963 1845//1845
f 1957//1957 1959//1959 1845//1845
f 1964//1964 1962//1962 1963//1963
f 1848//1848 1961//1961 1844//1844
f 1848//1848 1965//1965 1961//1961
f 1962//1962 1849//1849 1847//1847
f 1964//1964 1966//1966 1962//1962
f 1966//1966 1849//1849 1962//1962
f 1966//1966 1851//1851 1849//1849
f 1852//1852 1851//1851 1966//1966
f 1852//1852 1966//1966 1967//1967
f 1853//1853 1965//1965 1848//1848
f 1853//1853 1968//1968 1965//1965
f 1970//1970 1854//1854 1969//1969
f 1854//1854 1967//1967 1969//1969
f 1854//1854 1852//1852 1967//1967
f 1971//1971 1970//1970 1969//1969
f 1973//1973 1972//1972 1855//1855
f 1973//1973 1855//1855 1856//1856
f 1853//1853 1855//1855 1968//1968
f 1968//1968 1855//1855 1972//1972
f 1970//1970 1857//1857 1854//1854
f 1975//1975 1974//1974 1859//1859
f 1975//1975 1859//1859 1857//1857
f 1971//1971 1975//1975 1857//1857
f 1970//1970 1971//1971 1857//1857
f 1976//1976 1974//1974 1975//1975
f 1978//1978 1977//1977 1861//1861
f 1978//1978 1861//1861 1862//1862
f 1856//1856 1861//1861 1973//1973
f 1973//1973 1861//1861 1977//1977
f 1974//1974 1864//1864 1859//1859
f 1865//1865 1864//1864 1974//1974
f 1976//1976 1865//1865 1974//1974
f 1979//1979 1865//1865 1976//1976
f 1866//1866 1978//1978 1862//1862
f 1866//1866 1980//1980 1978//1978
f 1982//1982 1868//1868 1981//1981
f 1868//1868 1979//1979 1981//1981
f 1868//1868 1865//1865 1979//1979
f 1983//1983 1982//1982 1981//1981
f 1869//1869 1980//1980 1866//1866
f 1869//1869 1984//1984 1980//1980
f 1985//1985 1870//1870 1982//1982
f 1982//1982 1870//1870 1868//1868
f 1982//1982 1983//1983 1986//1986
f 1982//1982 1986//1986 1985//1985
f 1871//1871 1984//1984 1869//1869
f 1871//1871 1987//1987 1984//1984
f 1985//1985 1872//1872 1870//1870
f 1874//1874 1872//1872 1985//1985
f 1986//1986 1874//1874 1985//1985
f 1988//1988 1874//1874 1986//1986
f 1875//1875 1987//1987 1871//1871
f 1875//1875 1989//1989 1987//1987
f 1988//1988 1877//1877 1874//1874
f 1990//1990 1877//1877 1988//1988
f 1878//1878 1989//1989 1875//1875
f 1878//1878 1991//1991 1989//1989
f 1993//1993 1879//1879 1992//1992
f 1879//1879 1990//1990 1992//1992
f 1879//1879 1877//1877 1990//1990
f 1994//1994 1993//1993 1992//1992
f 1880//1880 1991//1991 1878//1878
f 1880//1880 1995//1995 1991//1991
f 1996//1996 1881//1881 1993//1993
f 1993//1993 1881//1881 1879//1879
f 1993//1993 1994//1994 1997//1997
f 1993//1993 1997//1997 1996//1996
f 1882//1882 1995//1995 1880//1880
f 1882//1882 1998//1998 1995//1995
f 1996//1996 1883//1883 1881//1881
f 1885//1885 1883//1883 1996//1996
f 1997//1997 1885//1885 1996//1996
f 1999//1999 1885//1885 1997//1997
f 1886//1886 1998//1998 1882//1882
f 1886//1886 2000//2000 1998//1998
f 1999//1999 1888//1888 1885//1885
f 2001//2001 1888//1888 1999//1999
f 1889//1889 2000//2000 1886//1886
f 1889//1889 2002//2002 2000//2000
f 2001//2001 1891//1891 1888//1888
f 2003//2003 1891//1891 2001//2001
f 1892//1892 2002//2002 1889//1889
f 1892//1892 2004//2004 2002//2002
f 2003//2003 1894//1894 1891//1891
f 2005//2005 1894//1894 2003//2003
f 1895//1895 2004//2004 1892//1892
f 1895//1895 2006//2006 2004//2004
f 2005//2005 1897//1897 1894//1894
f 2007//2007 1897//1897 2005//2005
f 1898//1898 2006//2006 1895//1895
f 1898//1898 2008//2008 2006//2006
f 2007//2007 1900//1900 1897//1897
f 2009//2009 1900//1900 2007//2007
f 1901//1901 2011//2011 2010//2010
f 2008//2008 1901//1901 2010//2010
f 1898//1898 1901//1901 2008//2008
f 2011//2011 2012//2012 2010//2010
f 2009//2009 1903//1903 1900//1900
f 2013//2013 1903//1903 2009//2009
f 1904//1904 2011//2011 1901//1901
f 1904//1904 1905//1905 2011//2011
f 1905//1905 2012//2012 2011//2011
f 1905//1905 2014//2014 2012//2012
f 2013//2013 1907//1907 1903//1903
f 2015//2015 1907//1907 2013//2013
f 1908//1908 2014//2014 1905//1905
f 1908//1908 2016//2016 2014//2014
f 2015//2015 1910//1910 1907//1907
f 2017//2017 1910//1910 2015//2015
f 1908//1908 1911//1911 2018//2018
f 2019//2019 1908//1908 2018//2018
f 2016//2016 1908//1908 2019//2019
f 1912//1912 2018//2018 1911//1911
f 2020//2020 1913//1913 1914//1914
f 2021//2021 2020//2020 1914//1914
f 1910//1910 2021//2021 1914//1914
f 2017//2017 2021//2021 1910//1910
f 2022//2022 2019//2019 2018//2018
f 2018//2018 1912//1912 2022//2022
f 1912//1912 2023//2023 2022//2022
f 1912//1912 1915//1915 2023//2023
f 2024//2024 1916//1916 2020//2020
f 2020//2020 1916//1916 1913//1913
f 2020//2020 2021//2021 2025//2025
f 2020//2020 2025//2025 2024//2024
f 1917//1917 2023//2023 1915//1915
f 1917//1917 2026//2026 2023//2023
f 2027//2027 1918//1918 2024//2024
f 2024//2024 1918//1918 1916//1916
f 2024//2024 2025//2025 2028//2028
f 2024//2024 2028//2028 2027//2027
f 1920//1920 2026//2026 1917//1917
f 1920//1920 2029//2029 2026//2026
f 2031//2031 2030//2030 2027//2027
f 2030//2030 1918//1918 2027//2027
f 2030//2030 1922//1922 1918//1918
f 2031//2031 2027//2027 2028//2028
f 2034//2034 2033//2033 2032//2032
f 1924//1924 1925//1925 2032//2032
f 2033//2033 1924//1924 2032//2032
f 2035//2035 1924//1924 2033//2033
f 1924//1924 2036//2036 1927//1927
f 2035//2035 2036//2036 1924//1924
f 1927//1927 2037//2037 1929//1929
f 2036//2036 2037//2037 1927//1927
f 2039//2039 2038//2038 1930//1930
f 1929//1929 2039//2039 1930//1930
f 2037//2037 2039//2039 1929//1929
f 2041//2041 2040//2040 2038//2038
f 2041//2041 2038//2038 2039//2039
f 2042//2042 2040//2040 2041//2041
f 2044//2044 2043//2043 1932//1932
f 2044//2044 1932//1932 1933//1933
f 2032//2032 1935//1935 2034//2034
f 1935//1935 2043//2043 2034//2034
f 1935//1935 1932//1932 2043//2043
f 1935//1935 2032//2032 1925//1925
f 2038//2038 1939//1939 1930//1930
f 1939//1939 2038//2038 1942//1942
f 1942//1942 2038//2038 2040//2040
f 2042//2042 2045//2045 2040//2040
f 2045//2045 1942//1942 2040//2040
f 2045//2045 1944//1944 1942//1942
f 1945//1945 1944//1944 2045//2045
f 1945//1945 2045//2045 2046//2046
f 2048//2048 2047//2047 1946//1946
f 2048//2048 1946//1946 1947//1947
f 1933//1933 1946//1946 2044//2044
f 2044//2044 1946//1946 2047//2047
f 2046//2046 2049//2049 1945//1945
f 1945//1945 2049//2049 1949//1949
f 2051//2051 2050//2050 1950//1950
f 1949//1949 2051//2051 1950//1950
f 2049//2049 2051//2051 1949//1949
f 2052//2052 2050//2050 2051//2051
f 2054//2054 2053//2053 1951//1951
f 2054//2054 1951//1951 1952//1952
f 1947//1947 1951//1951 2048//2048
f 2048//2048 1951//1951 2053//2053
f 2050//2050 1954//1954 1950//1950
f 2056//2056 2055//2055 1955//1955
f 2056//2056 1955//1955 1954//1954
f 2052//2052 2056//2056 1954//1954
f 2050//2050 2052//2052 1954//1954
f 2057//2057 2055//2055 2056//2056
f 1956//1956 2054//2054 1952//1952
f 1956//1956 2058//2058 2054//2054
f 2055//2055 1958//1958 1955//1955
f 2060//2060 2059//2059 1959//1959
f 2060//2060 1959//1959 1958//1958
f 2057//2057 2060//2060 1958//1958
f 2055//2055 2057//2057 1958//1958
f 2061//2061 2059//2059 2060//2060
f 2063//2063 2062//2062 1960//1960
f 2063//2063 1960//1960 1961//1961
f 1956//1956 1960//1960 2058//2058
f 2058//2058 1960//1960 2062//2062
f 2059//2059 1963//1963 1959//1959
f 2065//2065 2064//2064 1964//1964
f 2065//2065 1964//1964 1963//1963
f 2061//2061 2065//2065 1963//1963
f 2059//2059 2061//2061 1963//1963
f 2066//2066 2064//2064 2065//2065
f 1965//1965 2063//2063 1961//1961
f 1965//1965 2067//2067 2063//2063
f 2064//2064 1966//1966 1964//1964
f 2069//2069 2068//2068 1967//1967
f 2069//2069 1967//1967 1966//1966
f 2066//2066 2069//2069 1966//1966
f 2064//2064 2066//2066 1966//1966
f 2070//2070 2068//2068 2069//2069
f 1968//1968 2067//2067 1965//1965
f 1968//1968 2071//2071 2067//2067
f 2068//2068 1969//1969 1967//1967
f 1971//1971 1969//1969 2068//2068
f 2070//2070 1971//1971 2068//2068
f 2072//2072 1971//1971 2070//2070
f 2074//2074 2073//2073 1972//1972
f 2074//2074 1972//1972 1973//1973
f 1968//1968 1972//1972 2071//2071
f 2071//2071 1972//1972 2073//2073
f 2072//2072 2075//2075 1971//1971
f 1971//1971 2075//2075 1975//1975
f 1976//1976 1975//1975 2075//2075
f 1976//1976 2075//2075 2076//2076
f 1978//1978 2077//2077 1977//1977
f 2077//2077 2078//2078 1977//1977
f 2078//2078 1973//1973 1977//1977
f 2078//2078 2074//2074 1973//1973
f 2080//2080 1979//1979 2079//2079
f 1979//1979 2076//2076 2079//2079
f 1979//1979 1976//1976 2076//2076
f 2081//2081 2080//2080 2079//2079
f 2083//2083 2082//2082 2077//2077
f 1978//1978 2083//2083 2077//2077
f 1980//1980 2083//2083 1978//1978
f 2077//2077 2082//2082 2078//2078
f 2080//2080 1981//1981 1979//1979
f 1983//1983 1981//1981 2080//2080
f 2081//2081 1983//1983 2080//2080
f 2084//2084 1983//1983 2081//2081
f 1984//1984 2083//2083 1980//1980
f 1984//1984 2085//2085 2083//2083
f 2084//2084 1986//1986 1983//1983
f 2086//2086 1986//1986 2084//2084
f 1987//1987 2085//2085 1984//1984
f 1987//1987 2087//2087 2085//2085
f 2089//2089 1988//1988 2088//2088
f 1988//1988 2086//2086 2088//2088
f 1988//1988 1986//1986 2086//2086
f 2090//2090 2089//2089 2088//2088
f 1989//1989 2087//2087 1987//1987
f 1989//1989 2091//2091 2087//2087
f 2092//2092 1990//1990 2089//2089
f 2089//2089 1990//1990 1988//1988
f 2089//2089 2090//2090 2093//2093
f 2089//2089 2093//2093 2092//2092
f 1991//1991 2091//2091 1989//1989
f 1991//1991 2094//2094 2091//2091
f 2092//2092 1992//1992 1990//1990
f 1994//1994 1992//1992 2092//2092
f 2093//2093 1994//1994 2092//2092
f 2095//2095 1994//1994 2093//2093
f 1995//1995 2094//2094 1991//1991
f 1995//1995 2096//2096 2094//2094
f 2095//2095 1997//1997 1994//1994
f 2097//2097 1997//1997 2095//2095
f 1998//1998 2096//2096 1995//1995
f 1998//1998 2098//2098 2096//2096
f 2097//2097 1999//1999 1997//1997
f 2099//2099 1999//1999 2097//2097
f 2000//2000 2098//2098 1998//1998
f 2000//2000 2100//2100 2098//2098
f 2099//2099 2001//2001 1999//1999
f 2101//2101 2001//2001 2099//2099
f 2002//2002 2100//2100 2000//2000
f 2002//2002 2102//2102 2100//2100
f 2104//2104 2003//2003 2103//2103
f 2003//2003 2101//2101 2103//2103
f 2003//2003 2001//2001 2101//2101
f 2105//2105 2104//2104 2103//2103
f 2004//2004 2102//2102 2002//2002
f 2004//2004 2106//2106 2102//2102
f 2107//2107 2005//2005 2104//2104
f 2104//2104 2005//2005 2003//2003
f 2104//2104 2105//2105 2108//2108
f 2104//2104 2108//2108 2107//2107
f 2006//2006 2106//2106 2004//2004
f 2006//2006 2109//2109 2106//2106
f 2110//2110 2007//2007 2107//2107
f 2107//2107 2007//2007 2005//2005
f 2107//2107 2108//2108 2111//2111
f 2107//2107 2111//2111 2110//2110
f 2008//2008 2113//2113 2112//2112
f 2109//2109 2008//2008 2112//2112
f 2006//2006 2008//2008 2109//2109
f 2113//2113 2114//2114 2112//2112
f 2115//2115 2009//2009 2110//2110
f 2110//2110 2009//2009 2007//2007
f 2110//2110 2111//2111 2116//2116
f 2110//2110 2116//2116 2115//2115
f 2010//2010 2113//2113 2008//2008
f 2010//2010 2012//2012 2113//2113
f 2012//2012 2114//2114 2113//2113
f 2012//2012 2117//2117 2114//2114
f 2118//2118 2013//2013 2115//2115
f 2115//2115 2013//2013 2009//2009
f 2115//2115 2116//2116 2119//2119
f 2115//2115 2119//2119 2118//2118
f 2014//2014 2117//2117 2012//2012
f 2014//2014 2120//2120 2117//2117
f 2122//2122 2121//2121 2118//2118
f 2121//2121 2013//2013 2118//2118
f 2121//2121 2015//2015 2013//2013
f 2122//2122 2118//2118 2119//2119
f 2016//2016 2120//2120 2014//2014
f 2016//2016 2123//2123 2120//2120
f 2121//2121 2017//2017 2015//2015
f 2124//2124 2017//2017 2121//2121
f 2019//2019 2123//2123 2016//2016
f 2019//2019 2125//2125 2123//2123
f 2124//2124 2021//2021 2017//2017
f 2126//2126 2021//2021 2124//2124
f 2019//2019 2022//2022 2127//2127
f 2128//2128 2019//2019 2127//2127
f 2125//2125 2019//2019 2128//2128
f 2023//2023 2127//2127 2022//2022
f 2126//2126 2025//2025 2021//2021
f 2129//2129 2025//2025 2126//2126
f 2128//2128 2127//2127 2130//2130
f 2128//2128 2130//2130 2131//2131
f 2026//2026 2130//2130 2023//2023
f 2023//2023 2130//2130 2127//2127
f 2129//2129 2028//2028 2025//2025
f 2132//2132 2028//2028 2129//2129
f 2131//2131 2130//2130 2133//2133
f 2131//2131 2133//2133 2134//2134
f 2029//2029 2133//2133 2026//2026
f 2026//2026 2133//2133 2130//2130
f 2135//2135 2030//2030 2031//2031
f 2136//2136 2135//2135 2031//2031
f 2028//2028 2136//2136 2031//2031
f 2132//2132 2136//2136 2028//2028
f 2034//2034 2137//2137 2033//2033
f 2033//2033 2137//2137 2138//2138
f 2139//2139 2033//2033 2138//2138
f 2035//2035 2033//2033 2139//2139
f 2035//2035 2140//2140 2036//2036
f 2139//2139 2140//2140 2035//2035
f 2036//2036 2141//2141 2037//2037
f 2140//2140 2141//2141 2036//2036
f 2037//2037 2142//2142 2039//2039
f 2141//2141 2142//2142 2037//2037
f 2039//2039 2143//2143 2041//2041
f 2142//2142 2143//2143 2039//2039
f 2042//2042 2041//2041 2143//2143
f 2042//2042 2143//2143 2144//2144
f 2146//2146 2145//2145 2043//2043
f 2146//2146 2043//2043 2044//2044
f 2034//2034 2043//2043 2137//2137
f 2043//2043 2147//2147 2137//2137
f 2043//2043 2145//2145 2147//2147
f 2137//2137 2147//2147 2138//2138
f 2144//2144 2148//2148 2042//2042
f 2042//2042 2148//2148 2045//2045
f 2150//2150 2149//2149 2046//2046
f 2045//2045 2150//2150 2046//2046
f 2148//2148 2150//2150 2045//2045
f 2152//2152 2151//2151 2149//2149
f 2152//2152 2149//2149 2150//2150
f 2153//2153 2151//2151 2152//2152
f 2155//2155 2154//2154 2047//2047
f 2155//2155 2047//2047 2048//2048
f 2044//2044 2047//2047 2146//2146
f 2146//2146 2047//2047 2154//2154
f 2149//2149 2049//2049 2046//2046
f 2049//2049 2149//2149 2051//2051
f 2051//2051 2149//2149 2151//2151
f 2157//2157 2156//2156 2052//2052
f 2157//2157 2052//2052 2051//2051
f 2153//2153 2157//2157 2051//2051
f 2151//2151 2153//2153 2051//2051
f 2158//2158 2156//2156 2157//2157
f 2160//2160 2159//2159 2053//2053
f 2160//2160 2053//2053 2054//2054
f 2048//2048 2053//2053 2155//2155
f 2155//2155 2053//2053 2159//2159
f 2156//2156 2056//2056 2052//2052
f 2162//2162 2161//2161 2057//2057
f 2162//2162 2057//2057 2056//2056
f 2158//2158 2162//2162 2056//2056
f 2156//2156 2158//2158 2056//2056
f 2163//2163 2161//2161 2162//2162
f 2058//2058 2160//2160 2054//2054
f 2058//2058 2164//2164 2160//2160
f 2161//2161 2060//2060 2057//2057
f 2166//2166 2165//2165 2061//2061
f 2166//2166 2061//2061 2060//2060
f 2163//2163 2166//2166 2060//2060
f 2161//2161 2163//2163 2060//2060
f 2167//2167 2165//2165 2166//2166
f 2169//2169 2168//2168 2062//2062
f 2169//2169 2062//2062 2063//2063
f 2058//2058 2062//2062 2164//2164
f 2164//2164 2062//2062 2168//2168
f 2165//2165 2065//2065 2061//2061
f 2066//2066 2065//2065 2165//2165
f 2167//2167 2066//2066 2165//2165
f 2170//2170 2066//2066 2167//2167
f 2067//2067 2169//2169 2063//2063
f 2067//2067 2171//2171 2169//2169
f 2170//2170 2172//2172 2066//2066
f 2066//2066 2172//2172 2069//2069
f 2070//2070 2069//2069 2172//2172
f 2070//2070 2172//2172 2173//2173
f 2071//2071 2171//2171 2067//2067
f 2071//2071 2174//2174 2171//2171
f 2176//2176 2072//2072 2175//2175
f 2072//2072 2173//2173 2175//2175
f 2072//2072 2070//2070 2173//2173
f 2177//2177 2176//2176 2175//2175
f 2074//2074 2178//2178 2073//2073
f 2178//2178 2179//2179 2073//2073
f 2179//2179 2071//2071 2073//2073
f 2179//2179 2174//2174 2071//2071
f 2176//2176 2075//2075 2072//2072
f 2076//2076 2075//2075 2176//2176
f 2177//2177 2076//2076 2176//2176
f 2180//2180 2076//2076 2177//2177
f 2182//2182 2181//2181 2178//2178
f 2074//2074 2182//2182 2178//2178
f 2078//2078 2182//2182 2074//2074
f 2178//2178 2181//2181 2179//2179
f 2180//2180 2183//2183 2076//2076
f 2076//2076 2183//2183 2079//2079
f 2081//2081 2079//2079 2183//2183
f 2081//2081 2183//2183 2184//2184
f 2186//2186 2185//2185 2082//2082
f 2186//2186 2082//2082 2083//2083
f 2078//2078 2082//2082 2182//2182
f 2182//2182 2082//2082 2185//2185
f 2184//2184 2084//2084 2081//2081
f 2187//2187 2084//2084 2184//2184
f 2085//2085 2186//2186 2083//2083
f 2085//2085 2188//2188 2186//2186
f 2190//2190 2086//2086 2189//2189
f 2086//2086 2187//2187 2189//2189
f 2086//2086 2084//2084 2187//2187
f 2191//2191 2190//2190 2189//2189
f 2087//2087 2188//2188 2085//2085
f 2087//2087 2192//2192 2188//2188
f 2190//2190 2088//2088 2086//2086
f 2090//2090 2088//2088 2190//2190
f 2191//2191 2090//2090 2190//2190
f 2193//2193 2090//2090 2191//2191
f 2091//2091 2192//2192 2087//2087
f 2091//2091 2194//2194 2192//2192
f 2193//2193 2093//2093 2090//2090
f 2195//2195 2093//2093 2193//2193
f 2094//2094 2194//2194 2091//2091
f 2094//2094 2196//2196 2194//2194
f 2195//2195 2095//2095 2093//2093
f 2197//2197 2095//2095 2195//2195
f 2096//2096 2196//2196 2094//2094
f 2096//2096 2198//2198 2196//2196
f 2197//2197 2097//2097 2095//2095
f 2199//2199 2097//2097 2197//2197
f 2098//2098 2198//2198 2096//2096
f 2098//2098 2200//2200 2198//2198
f 2202//2202 2099//2099 2201//2201
f 2099//2099 2199//2199 2201//2201
f 2099//2099 2097//2097 2199//2199
f 2203//2203 2202//2202 2201//2201
f 2100//2100 2200//2200 2098//2098
f 2100//2100 2204//2204 2200//2200
f 2205//2205 2101//2101 2202//2202
f 2202//2202 2101//2101 2099//2099
f 2202//2202 2203//2203 2206//2206
f 2202//2202 2206//2206 2205//2205
f 2102//2102 2204//2204 2100//2100
f 2102//2102 2207//2207 2204//2204
f 2205//2205 2103//2103 2101//2101
f 2105//2105 2103//2103 2205//2205
f 2206//2206 2105//2105 2205//2205
f 2208//2208 2105//2105 2206//2206
f 2106//2106 2210//2210 2209//2209
f 2207//2207 2106//2106 2209//2209
f 2102//2102 2106//2106 2207//2207
f 2210//2210 2211//2211 2209//2209
f 2208//2208 2108//2108 2105//2105
f 2212//2212 2108//2108 2208//2208
f 2109//2109 2213//2213 2210//2210
f 2109//2109 2210//2210 2106//2106
f 2211//2211 2210//2210 2214//2214
f 2214//2214 2210//2210 2213//2213
f 2212//2212 2111//2111 2108//2108
f 2215//2215 2111//2111 2212//2212
f 2112//2112 2213//2213 2109//2109
f 2112//2112 2114//2114 2213//2213
f 2114//2114 2214//2214 2213//2213
f 2114//2114 2216//2216 2214//2214
f 2215//2215 2116//2116 2111//2111
f 2217//2217 2116//2116 2215//2215
f 2117//2117 2216//2216 2114//2114
f 2117//2117 2218//2218 2216//2216
f 2217//2217 2119//2119 2116//2116
f 2219//2219 2119//2119 2217//2217
f 2120//2120 2218//2218 2117//2117
f 2120//2120 2220//2220 2218//2218
f 2221//2221 2121//2121 2122//2122
f 2222//2222 2221//2221 2122//2122
f 2119//2119 2222//2222 2122//2122
f 2219//2219 2222//2222 2119//2119
f 2123//2123 2220//2220 2120//2120
f 2123//2123 2223//2223 2220//2220
f 2224//2224 2124//2124 2221//2221
f 2221//2221 2124//2124 2121//2121
f 2221//2221 2222//2222 2225//2225
f 2221//2221 2225//2225 2224//2224
f 2125//2125 2223//2223 2123//2123
f 2125//2125 2226//2226 2223//2223
f 2227//2227 2126//2126 2224//2224
f 2224//2224 2126//2126 2124//2124
f 2224//2224 2225//2225 2228//2228
f 2224//2224 2228//2228 2227//2227
f 2128//2128 2226//2226 2125//2125
f 2128//2128 2229//2229 2226//2226
f 2231//2231 2230//2230 2227//2227
f 2230//2230 2126//2126 2227//2227
f 2230//2230 2129//2129 2126//2126
f 2231//2231 2227//2227 2228//2228
f 2131//2131 2229//2229 2128//2128
f 2131//2131 2232//2232 2229//2229
f 2230//2230 2132//2132 2129//2129
f 2233//2233 2132//2132 2230//2230
f 2134//2134 2232//2232 2131//2131
f 2134//2134 2234//2234 2232//2232
f 2233//2233 2136//2136 2132//2132
f 2235//2235 2136//2136 2233//2233
f 2237//2237 2236//2236 2139//2139
f 2237//2237 2139//2139 2138//2138
f 2139//2139 2238//2238 2140//2140
f 2236//2236 2238//2238 2139//2139
f 2140//2140 2239//2239 2141//2141
f 2238//2238 2239//2239 2140//2140
f 2141//2141 2240//2240 2142//2142
f 2239//2239 2240//2240 2141//2141
f 2142//2142 2241//2241 2143//2143
f 2240//2240 2241//2241 2142//2142
f 2243//2243 2242//2242 2144//2144
f 2143//2143 2243//2243 2144//2144
f 2241//2241 2243//2243 2143//2143
f 2245//2245 2244//2244 2242//2242
f 2245//2245 2242//2242 2243//2243
f 2246//2246 2244//2244 2245//2245
f 2248//2248 2247//2247 2145//2145
f 2248//2248 2145//2145 2146//2146
f 2145//2145 2249//2249 2147//2147
f 2247//2247 2249//2249 2145//2145
f 2138//2138 2147//2147 2237//2237
f 2237//2237 2147//2147 2249//2249
f 2242//2242 2148//2148 2144//2144
f 2148//2148 2242//2242 2150//2150
f 2150//2150 2242//2242 2244//2244
f 2246//2246 2250//2250 2244//2244
f 2250//2250 2150//2150 2244//2244
f 2250//2250 2152//2152 2150//2150
f 2252//2252 2251//2251 2153//2153
f 2152//2152 2252//2252 2153//2153
f 2250//2250 2252//2252 2152//2152
f 2253//2253 2251//2251 2252//2252
f 2255//2255 2254//2254 2154//2154
f 2255//2255 2154//2154 2155//2155
f 2146//2146 2154//2154 2248//2248
f 2248//2248 2154//2154 2254//2254
f 2251//2251 2157//2157 2153//2153
f 2257//2257 2256//2256 2158//2158
f 2257//2257 2158//2158 2157//2157
f 2253//2253 2257//2257 2157//2157
f 2251//2251 2253//2253 2157//2157
f 2258//2258 2256//2256 2257//2257
f 2160//2160 2259//2259 2159//2159
f 2259//2259 2260//2260 2159//2159
f 2260//2260 2155//2155 2159//2159
f 2260//2260 2255//2255 2155//2155
f 2256//2256 2162//2162 2158//2158
f 2262//2262 2261//2261 2163//2163
f 2262//2262 2163//2163 2162//2162
f 2258//2258 2262//2262 2162//2162
f 2256//2256 2258//2258 2162//2162
f 2263//2263 2261//2261 2262//2262
f 2265//2265 2264//2264 2259//2259
f 2160//2160 2265//2265 2259//2259
f 2164//2164 2265//2265 2160//2160
f 2259//2259 2264//2264 2260//2260
f 2261//2261 2166//2166 2163//2163
f 2167//2167 2166//2166 2261//2261
f 2263//2263 2167//2167 2261//2261
f 2266//2266 2167//2167 2263//2263
f 2169//2169 2267//2267 2168//2168
f 2267//2267 2268//2268 2168//2168
f 2268//2268 2164//2164 2168//2168
f 2268//2268 2265//2265 2164//2164
f 2270//2270 2170//2170 2269//2269
f 2170//2170 2266//2266 2269//2269
f 2170//2170 2167//2167 2266//2266
f 2271//2271 2270//2270 2269//2269
f 2171//2171 2272//2272 2267//2267
f 2171//2171 2267//2267 2169//2169
f 2268//2268 2267//2267 2273//2273
f 2273//2273 2267//2267 2272//2272
f 2270//2270 2172//2172 2170//2170
f 2275//2275 2274//2274 2173//2173
f 2275//2275 2173//2173 2172//2172
f 2271//2271 2275//2275 2172//2172
f 2270//2270 2271//2271 2172//2172
f 2276//2276 2274//2274 2275//2275
f 2278//2278 2277//2277 2272//2272
f 2171//2171 2278//2278 2272//2272
f 2174//2174 2278//2278 2171//2171
f 2272//2272 2277//2277 2273//2273
f 2274//2274 2175//2175 2173//2173
f 2177//2177 2175//2175 2274//2274
f 2276//2276 2177//2177 2274//2274
f 2279//2279 2177//2177 2276//2276
f 2179//2179 2278//2278 2174//2174
f 2179//2179 2280//2280 2278//2278
f 2282//2282 2180//2180 2281//2281
f 2180//2180 2279//2279 2281//2281
f 2180//2180 2177//2177 2279//2279
f 2283//2283 2282//2282 2281//2281
f 2285//2285 2284//2284 2181//2181
f 2285//2285 2181//2181 2182//2182
f 2179//2179 2181//2181 2280//2280
f 2280//2280 2181//2181 2284//2284
f 2282//2282 2183//2183 2180//2180
f 2184//2184 2183//2183 2282//2282
f 2283//2283 2184//2184 2282//2282
f 2286//2286 2184//2184 2283//2283
f 2288//2288 2287//2287 2185//2185
f 2288//2288 2185//2185 2186//2186
f 2182//2182 2185//2185 2285//2285
f 2285//2285 2185//2185 2287//2287
f 2290//2290 2187//2187 2289//2289
f 2187//2187 2286//2286 2289//2289
f 2187//2187 2184//2184 2286//2286
f 2291//2291 2290//2290 2289//2289
f 2188//2188 2288//2288 2186//2186
f 2188//2188 2292//2292 2288//2288
f 2290//2290 2189//2189 2187//2187
f 2191//2191 2189//2189 2290//2290
f 2291//2291 2191//2191 2290//2290
f 2293//2293 2191//2191 2291//2291
f 2192//2192 2292//2292 2188//2188
f 2192//2192 2294//2294 2292//2292
f 2293//2293 2193//2193 2191//2191
f 2295//2295 2193//2193 2293//2293
f 2194//2194 2294//2294 2192//2192
f 2194//2194 2296//2296 2294//2294
f 2298//2298 2195//2195 2297//2297
f 2195//2195 2295//2295 2297//2297
f 2195//2195 2193//2193 2295//2295
f 2299//2299 2298//2298 2297//2297
f 2196//2196 2296//2296 2194//2194
f 2196//2196 2300//2300 2296//2296
f 2301//2301 2197//2197 2298//2298
f 2298//2298 2197//2197 2195//2195
f 2298//2298 2299//2299 2302//2302
f 2298//2298 2302//2302 2301//2301
f 2198//2198 2300//2300 2196//2196
f 2198//2198 2303//2303 2300//2300
f 2304//2304 2199//2199 2301//2301
f 2301//2301 2199//2199 2197//2197
f 2301//2301 2302//2302 2305//2305
f 2301//2301 2305//2305 2304//2304
f 2200//2200 2303//2303 2198//2198
f 2200//2200 2306//2306 2303//2303
f 2304//2304 2201//2201 2199//2199
f 2203//2203 2201//2201 2304//2304
f 2305//2305 2203//2203 2304//2304
f 2307//2307 2203//2203 2305//2305
f 2204//2204 2306//2306 2200//2200
f 2204//2204 2308//2308 2306//2306
f 2307//2307 2206//2206 2203//2203
f 2309//2309 2206//2206 2307//2307
f 2207//2207 2311//2311 2310//2310
f 2308//2308 2207//2207 2310//2310
f 2204//2204 2207//2207 2308//2308
f 2311//2311 2312//2312 2310//2310
f 2309//2309 2208//2208 2206//2206
f 2313//2313 2208//2208 2309//2309
f 2209//2209 2311//2311 2207//2207
f 2209//2209 2211//2211 2311//2311
f 2211//2211 2312//2312 2311//2311
f 2211//2211 2314//2314 2312//2312
f 2313//2313 2212//2212 2208//2208
f 2315//2315 2212//2212 2313//2313
f 2214//2214 2314//2314 2211//2211
f 2214//2214 2316//2316 2314//2314
f 2315//2315 2215//2215 2212//2212
f 2317//2317 2215//2215 2315//2315
f 2216//2216 2316//2316 2214//2214
f 2216//2216 2318//2318 2316//2316
f 2317//2317 2217//2217 2215//2215
f 2319//2319 2217//2217 2317//2317
f 2218//2218 2318//2318 2216//2216
f 2218//2218 2320//2320 2318//2318
f 2319//2319 2219//2219 2217//2217
f 2321//2321 2219//2219 2319//2319
f 2220//2220 2320//2320 2218//2218
f 2220//2220 2322//2322 2320//2320
f 2321//2321 2222//2222 2219//2219
f 2323//2323 2222//2222 2321//2321
f 2223//2223 2322//2322 2220//2220
f 2223//2223 2324//2324 2322//2322
f 2323//2323 2225//2225 2222//2222
f 2325//2325 2225//2225 2323//2323
f 2226//2226 2324//2324 2223//2223
f 2226//2226 2326//2326 2324//2324
f 2325//2325 2228//2228 2225//2225
f 2327//2327 2228//2228 2325//2325
f 2229//2229 2326//2326 2226//2226
f 2229//2229 2328//2328 2326//2326
f 2329//2329 2230//2230 2231//2231
f 2330//2330 2329//2329 2231//2231
f 2228//2228 2330//2330 2231//2231
f 2327//2327 2330//2330 2228//2228
f 2232//2232 2328//2328 2229//2229
f 2232//2232 2331//2331 2328//2328
f 2332//2332 2233//2233 2329//2329
f 2329//2329 2233//2233 2230//2230
f 2329//2329 2330//2330 2333//2333
f 2329//2329 2333//2333 2332//2332
f 2234//2234 2331//2331 2232//2232
f 2234//2234 2334//2334 2331//2331
f 2336//2336 2335//2335 2332//2332
f 2335//2335 2233//2233 2332//2332
f 2335//2335 2235//2235 2233//2233
f 2336//2336 2332//2332 2333//2333
f 2339//2339 2338//2338 2337//2337
f 2341//2341 2340//2340 2337//2337
f 2341//2341 2337//2337 2338//2338
f 2343//2343 2342//2342 2340//2340
f 2343//2343 2340//2340 2341//2341
f 2345//2345 2344//2344 2342//2342
f 2345//2345 2342//2342 2343//2343
f 2347//2347 2346//2346 2344//2344
f 2347//2347 2344//2344 2345//2345
f 2348//2348 2346//2346 2347//2347
f 2350//2350 2349//2349 2236//2236
f 2350//2350 2236//2236 2237//2237
f 2236//2236 2351//2351 2238//2238
f 2349//2349 2351//2351 2236//2236
f 2337//2337 2239//2239 2339//2339
f 2239//2239 2351//2351 2339//2339
f 2239//2239 2238//2238 2351//2351
f 2239//2239 2337//2337 2240//2240
f 2240//2240 2337//2337 2340//2340
f 2240//2240 2340//2340 2241//2241
f 2241//2241 2340//2340 2342//2342
f 2241//2241 2342//2342 2243//2243
f 2243//2243 2342//2342 2344//2344
f 2243//2243 2344//2344 2245//2245
f 2245//2245 2344//2344 2346//2346
f 2353//2353 2352//2352 2246//2246
f 2353//2353 2246//2246 2245//2245
f 2348//2348 2353//2353 2245//2245
f 2346//2346 2348//2348 2245//2245
f 2355//2355 2354//2354 2352//2352
f 2355//2355 2352//2352 2353//2353
f 2356//2356 2354//2354 2355//2355
f 2358//2358 2357//2357 2247//2247
f 2358//2358 2247//2247 2248//2248
f 2247//2247 2359//2359 2249//2249
f 2357//2357 2359//2359 2247//2247
f 2237//2237 2249//2249 2350//2350
f 2350//2350 2249//2249 2359//2359
f 2352//2352 2250//2250 2246//2246
f 2250//2250 2352//2352 2252//2252
f 2252//2252 2352//2352 2354//2354
f 2361//2361 2360//2360 2253//2253
f 2361//2361 2253//2253 2252//2252
f 2356//2356 2361//2361 2252//2252
f 2354//2354 2356//2356 2252//2252
f 2362//2362 2360//2360 2361//2361
f 2364//2364 2363//2363 2254//2254
f 2364//2364 2254//2254 2255//2255
f 2248//2248 2254//2254 2358//2358
f 2358//2358 2254//2254 2363//2363
f 2360//2360 2257//2257 2253//2253
f 2366//2366 2365//2365 2258//2258
f 2366//2366 2258//2258 2257//2257
f 2362//2362 2366//2366 2257//2257
f 2360//2360 2362//2362 2257//2257
f 2367//2367 2365//2365 2366//2366
f 2260//2260 2364//2364 2255//2255
f 2260//2260 2368//2368 2364//2364
f 2365//2365 2262//2262 2258//2258
f 2263//2263 2262//2262 2365//2365
f 2367//2367 2263//2263 2365//2365
f 2369//2369 2263//2263 2367//2367
f 2371//2371 2370//2370 2264//2264
f 2371//2371 2264//2264 2265//2265
f 2260//2260 2264//2264 2368//2368
f 2368//2368 2264//2264 2370//2370
f 2373//2373 2266//2266 2372//2372
f 2266//2266 2369//2369 2372//2372
f 2266//2266 2263//2263 2369//2369
f 2374//2374 2373//2373 2372//2372
f 2268//2268 2371//2371 2265//2265
f 2268//2268 2375//2375 2371//2371
f 2373//2373 2269//2269 2266//2266
f 2377//2377 2376//2376 2271//2271
f 2377//2377 2271//2271 2269//2269
f 2374//2374 2377//2377 2269//2269
f 2373//2373 2374//2374 2269//2269
f 2378//2378 2376//2376 2377//2377
f 2273//2273 2375//2375 2268//2268
f 2273//2273 2379//2379 2375//2375
f 2376//2376 2275//2275 2271//2271
f 2276//2276 2275//2275 2376//2376
f 2378//2378 2276//2276 2376//2376
f 2380//2380 2276//2276 2378//2378
f 2382//2382 2381//2381 2277//2277
f 2382//2382 2277//2277 2278//2278
f 2273//2273 2277//2277 2379//2379
f 2379//2379 2277//2277 2381//2381
f 2384//2384 2279//2279 2383//2383
f 2279//2279 2380//2380 2383//2383
f 2279//2279 2276//2276 2380//2380
f 2385//2385 2384//2384 2383//2383
f 2280//2280 2382//2382 2278//2278
f 2280//2280 2386//2386 2382//2382
f 2384//2384 2281//2281 2279//2279
f 2283//2283 2281//2281 2384//2384
f 2385//2385 2283//2283 2384//2384
f 2387//2387 2283//2283 2385//2385
f 2389//2389 2388//2388 2284//2284
f 2389//2389 2284//2284 2285//2285
f 2280//2280 2284//2284 2386//2386
f 2386//2386 2284//2284 2388//2388
f 2391//2391 2286//2286 2390//2390
f 2286//2286 2387//2387 2390//2390
f 2286//2286 2283//2283 2387//2387
f 2392//2392 2391//2391 2390//2390
f 2288//2288 2393//2393 2287//2287
f 2393//2393 2394//2394 2287//2287
f 2394//2394 2285//2285 2287//2287
f 2394//2394 2389//2389 2285//2285
f 2391//2391 2289//2289 2286//2286
f 2291//2291 2289//2289 2391//2391
f 2392//2392 2291//2291 2391//2391
f 2395//2395 2291//2291 2392//2392
f 2292//2292 2396//2396 2393//2393
f 2292//2292 2393//2393 2288//2288
f 2394//2394 2393//2393 2397//2397
f 2397//2397 2393//2393 2396//2396
f 2395//2395 2293//2293 2291//2291
f 2398//2398 2293//2293 2395//2395
f 2294//2294 2399//2399 2396//2396
f 2294//2294 2396//2396 2292//2292
f 2397//2397 2396//2396 2400//2400
f 2400//2400 2396//2396 2399//2399
f 2402//2402 2295//2295 2401//2401
f 2295//2295 2398//2398 2401//2401
f 2295//2295 2293//2293 2398//2398
f 2403//2403 2402//2402 2401//2401
f 2296//2296 2404//2404 2399//2399
f 2296//2296 2399//2399 2294//2294
f 2400//2400 2399//2399 2405//2405
f 2405//2405 2399//2399 2404//2404
f 2402//2402 2297//2297 2295//2295
f 2299//2299 2297//2297 2402//2402
f 2403//2403 2299//2299 2402//2402
f 2406//2406 2299//2299 2403//2403
f 2408//2408 2407//2407 2404//2404
f 2296//2296 2408//2408 2404//2404
f 2300//2300 2408//2408 2296//2296
f 2404//2404 2407//2407 2405//2405
f 2406//2406 2302//2302 2299//2299
f 2409//2409 2302//2302 2406//2406
f 2303//2303 2411//2411 2410//2410
f 2408//2408 2303//2303 2410//2410
f 2300//2300 2303//2303 2408//2408
f 2411//2411 2412//2412 2410//2410
f 2409//2409 2305//2305 2302//2302
f 2413//2413 2305//2305 2409//2409
f 2306//2306 2414//2414 2411//2411
f 2306//2306 2411//2411 2303//2303
f 2412//2412 2411//2411 2415//2415
f 2415//2415 2411//2411 2414//2414
f 2413//2413 2307//2307 2305//2305
f 2416//2416 2307//2307 2413//2413
f 2308//2308 2417//2417 2414//2414
f 2308//2308 2414//2414 2306//2306
f 2415//2415 2414//2414 2418//2418
f 2418//2418 2414//2414 2417//2417
f 2416//2416 2309//2309 2307//2307
f 2419//2419 2309//2309 2416//2416
f 2310//2310 2417//2417 2308//2308
f 2310//2310 2312//2312 2417//2417
f 2312//2312 2418//2418 2417//2417
f 2312//2312 2420//2420 2418//2418
f 2419//2419 2313//2313 2309//2309
f 2421//2421 2313//2313 2419//2419
f 2314//2314 2420//2420 2312//2312
f 2314//2314 2422//2422 2420//2420
f 2421//2421 2315//2315 2313//2313
f 2423//2423 2315//2315 2421//2421
f 2316//2316 2422//2422 2314//2314
f 2316//2316 2424//2424 2422//2422
f 2423//2423 2317//2317 2315//2315
f 2425//2425 2317//2317 2423//2423
f 2318//2318 2424//2424 2316//2316
f 2318//2318 2426//2426 2424//2424
f 2425//2425 2319//2319 2317//2317
f 2427//2427 2319//2319 2425//2425
f 2320//2320 2426//2426 2318//2318
f 2320//2320 2428//2428 2426//2426
f 2427//2427 2321//2321 2319//2319
f 2429//2429 2321//2321 2427//2427
f 2322//2322 2428//2428 2320//2320
f 2322//2322 2430//2430 2428//2428
f 2429//2429 2323//2323 2321//2321
f 2431//2431 2323//2323 2429//2429
f 2324//2324 2430//2430 2322//2322
f 2324//2324 2432//2432 2430//2430
f 2431//2431 2325//2325 2323//2323
f 2433//2433 2325//2325 2431//2431
f 2326//2326 2432//2432 2324//2324
f 2326//2326 2434//2434 2432//2432
f 2433//2433 2327//2327 2325//2325
f 2435//2435 2327//2327 2433//2433
f 2328//2328 2434//2434 2326//2326
f 2328//2328 2436//2436 2434//2434
f 2435//2435 2330//2330 2327//2327
f 2437//2437 2330//2330 2435//2435
f 2331//2331 2436//2436 2328//2328
f 2331//2331 2438//2438 2436//2436
f 2437//2437 2333//2333 2330//2330
f 2439//2439 2333//2333 2437//2437
f 2334//2334 2438//2438 2331//2331
f 2334//2334 2440//2440 2438//2438
f 2441//2441 2335//2335 2336//2336
f 2442//2442 2441//2441 2336//2336
f 2333//2333 2442//2442 2336//2336
f 2439//2439 2442//2442 2333//2333
f 2445//2445 2444//2444 2443//2443
f 2447//2447 2446//2446 2443//2443
f 2447//2447 2443//2443 2444//2444
f 2449//2449 2448//2448 2446//2446
f 2449//2449 2446//2446 2447//2447
f 2451//2451 2450//2450 2448//2448
f 2451//2451 2448//2448 2449//2449
f 2452//2452 2450//2450 2451//2451
f 2455//2455 2454//2454 2453//2453
f 2453//2453 2454//2454 2445//2445
f 2443//2443 2453//2453 2445//2445
f 2456//2456 2453//2453 2443//2443
f 2457//2457 2443//2443 2446//2446
f 2456//2456 2443//2443 2457//2457
f 2458//2458 2446//2446 2448//2448
f 2457//2457 2446//2446 2458//2458
f 2459//2459 2448//2448 2450//2450
f 2458//2458 2448//2448 2459//2459
f 2450//2450 2452//2452 2460//2460
f 2461//2461 2450//2450 2460//2460
f 2459//2459 2450//2450 2461//2461
f 2462//2462 2461//2461 2460//2460
f 2465//2465 2464//2464 2463//2463
f 2463//2463 2464//2464 2455//2455
f 2453//2453 2463//2463 2455//2455
f 2466//2466 2463//2463 2453//2453
f 2339//2339 2466//2466 2338//2338
f 2466//2466 2456//2456 2338//2338
f 2466//2466 2453//2453 2456//2456
f 2338//2338 2456//2456 2341//2341
f 2341//2341 2456//2456 2457//2457
f 2341//2341 2457//2457 2343//2343
f 2343//2343 2457//2457 2458//2458
f 2343//2343 2458//2458 2345//2345
f 2345//2345 2458//2458 2459//2459
f 2345//2345 2459//2459 2347//2347
f 2347//2347 2459//2459 2461//2461
f 2468//2468 2467//2467 2348//2348
f 2468//2468 2348//2348 2347//2347
f 2462//2462 2468//2468 2347//2347
f 2461//2461 2462//2462 2347//2347
f 2469//2469 2467//2467 2468//2468
f 2472//2472 2471//2471 2470//2470
f 2470//2470 2471//2471 2465//2465
f 2470//2470 2465//2465 2463//2463
f 2350//2350 2470//2470 2463//2463
f 2349//2349 2350//2350 2463//2463
f 2349//2349 2463//2463 2351//2351
f 2351//2351 2463//2463 2466//2466
f 2351//2351 2466//2466 2339//2339
f 2467//2467 2353//2353 2348//2348
f 2469//2469 2473//2473 2467//2467
f 2473//2473 2353//2353 2467//2467
f 2473//2473 2355//2355 2353//2353
f 2475//2475 2474//2474 2356//2356
f 2355//2355 2475//2475 2356//2356
f 2473//2473 2475//2475 2355//2355
f 2476//2476 2474//2474 2475//2475
f 2478//2478 2477//2477 2357//2357
f 2478//2478 2357//2357 2358//2358
f 2470//2470 2359//2359 2472//2472
f 2359//2359 2477//2477 2472//2472
f 2359//2359 2357//2357 2477//2477
f 2359//2359 2470//2470 2350//2350
f 2474//2474 2361//2361 2356//2356
f 2362//2362 2361//2361 2474//2474
f 2476//2476 2362//2362 2474//2474
f 2479//2479 2362//2362 2476//2476
f 2364//2364 2480//2480 2363//2363
f 2480//2480 2481//2481 2363//2363
f 2481//2481 2358//2358 2363//2363
f 2481//2481 2478//2478 2358//2358
f 2479//2479 2482//2482 2362//2362
f 2362//2362 2482//2482 2366//2366
f 2367//2367 2366//2366 2482//2482
f 2367//2367 2482//2482 2483//2483
f 2485//2485 2484//2484 2480//2480
f 2364//2364 2485//2485 2480//2480
f 2368//2368 2485//2485 2364//2364
f 2480//2480 2484//2484 2481//2481
f 2487//2487 2369//2369 2486//2486
f 2369//2369 2483//2483 2486//2486
f 2369//2369 2367//2367 2483//2483
f 2488//2488 2487//2487 2486//2486
f 2490//2490 2489//2489 2370//2370
f 2490//2490 2370//2370 2371//2371
f 2368//2368 2370//2370 2485//2485
f 2485//2485 2370//2370 2489//2489
f 2487//2487 2372//2372 2369//2369
f 2374//2374 2372//2372 2487//2487
f 2488//2488 2374//2374 2487//2487
f 2491//2491 2374//2374 2488//2488
f 2375//2375 2490//2490 2371//2371
f 2375//2375 2492//2492 2490//2490
f 2491//2491 2493//2493 2374//2374
f 2374//2374 2493//2493 2377//2377
f 2378//2378 2377//2377 2493//2493
f 2378//2378 2493//2493 2494//2494
f 2379//2379 2492//2492 2375//2375
f 2379//2379 2495//2495 2492//2492
f 2497//2497 2380//2380 2496//2496
f 2380//2380 2494//2494 2496//2496
f 2380//2380 2378//2378 2494//2494
f 2498//2498 2497//2497 2496//2496
f 2500//2500 2499//2499 2381//2381
f 2500//2500 2381//2381 2382//2382
f 2379//2379 2381//2381 2495//2495
f 2495//2495 2381//2381 2499//2499
f 2497//2497 2383//2383 2380//2380
f 2385//2385 2383//2383 2497//2497
f 2498//2498 2385//2385 2497//2497
f 2501//2501 2385//2385 2498//2498
f 2386//2386 2500//2500 2382//2382
f 2386//2386 2502//2502 2500//2500
f 2501//2501 2387//2387 2385//2385
f 2503//2503 2387//2387 2501//2501
f 2505//2505 2504//2504 2388//2388
f 2505//2505 2388//2388 2389//2389
f 2386//2386 2388//2388 2502//2502
f 2502//2502 2388//2388 2504//2504
f 2503//2503 2506//2506 2387//2387
f 2387//2387 2506//2506 2390//2390
f 2392//2392 2390//2390 2506//2506
f 2392//2392 2506//2506 2507//2507
f 2394//2394 2505//2505 2389//2389
f 2394//2394 2508//2508 2505//2505
f 2507//2507 2395//2395 2392//2392
f 2509//2509 2395//2395 2507//2507
f 2397//2397 2508//2508 2394//2394
f 2397//2397 2510//2510 2508//2508
f 2512//2512 2398//2398 2511//2511
f 2398//2398 2509//2509 2511//2511
f 2398//2398 2395//2395 2509//2509
f 2513//2513 2512//2512 2511//2511
f 2400//2400 2510//2510 2397//2397
f 2400//2400 2514//2514 2510//2510
f 2512//2512 2401//2401 2398//2398
f 2403//2403 2401//2401 2512//2512
f 2513//2513 2403//2403 2512//2512
f 2515//2515 2403//2403 2513//2513
f 2405//2405 2514//2514 2400//2400
f 2405//2405 2516//2516 2514//2514
f 2515//2515 2406//2406 2403//2403
f 2517//2517 2406//2406 2515//2515
f 2408//2408 2518//2518 2407//2407
f 2518//2518 2519//2519 2407//2407
f 2519//2519 2405//2405 2407//2407
f 2519//2519 2516//2516 2405//2405
f 2517//2517 2409//2409 2406//2406
f 2520//2520 2409//2409 2517//2517
f 2410//2410 2518//2518 2408//2408
f 2410//2410 2412//2412 2518//2518
f 2412//2412 2519//2519 2518//2518
f 2412//2412 2521//2521 2519//2519
f 2520//2520 2413//2413 2409//2409
f 2522//2522 2413//2413 2520//2520
f 2415//2415 2521//2521 2412//2412
f 2415//2415 2523//2523 2521//2521
f 2522//2522 2416//2416 2413//2413
f 2524//2524 2416//2416 2522//2522
f 2418//2418 2523//2523 2415//2415
f 2418//2418 2525//2525 2523//2523
f 2524//2524 2419//2419 2416//2416
f 2526//2526 2419//2419 2524//2524
f 2420//2420 2525//2525 2418//2418
f 2420//2420 2527//2527 2525//2525
f 2529//2529 2421//2421 2528//2528
f 2421//2421 2526//2526 2528//2528
f 2421//2421 2419//2419 2526//2526
f 2530//2530 2529//2529 2528//2528
f 2422//2422 2527//2527 2420//2420
f 2422//2422 2531//2531 2527//2527
f 2532//2532 2423//2423 2529//2529
f 2529//2529 2423//2423 2421//2421
f 2529//2529 2530//2530 2533//2533
f 2529//2529 2533//2533 2532//2532
f 2424//2424 2531//2531 2422//2422
f 2424//2424 2534//2534 2531//2531
f 2535//2535 2425//2425 2532//2532
f 2532//2532 2425//2425 2423//2423
f 2532//2532 2533//2533 2536//2536
f 2532//2532 2536//2536 2535//2535
f 2426//2426 2534//2534 2424//2424
f 2426//2426 2537//2537 2534//2534
f 2538//2538 2427//2427 2535//2535
f 2535//2535 2427//2427 2425//2425
f 2535//2535 2536//2536 2539//2539
f 2535//2535 2539//2539 2538//2538
f 2428//2428 2537//2537 2426//2426
f 2428//2428 2540//2540 2537//2537
f 2541//2541 2429//2429 2538//2538
f 2538//2538 2429//2429 2427//2427
f 2538//2538 2539//2539 2542//2542
f 2538//2538 2542//2542 2541//2541
f 2430//2430 2540//2540 2428//2428
f 2430//2430 2543//2543 2540//2540
f 2544//2544 2431//2431 2541//2541
f 2541//2541 2431//2431 2429//2429
f 2541//2541 2542//2542 2545//2545
f 2541//2541 2545//2545 2544//2544
f 2432//2432 2543//2543 2430//2430
f 2432//2432 2546//2546 2543//2543
f 2547//2547 2433//2433 2544//2544
f 2544//2544 2433//2433 2431//2431
f 2544//2544 2545//2545 2548//2548
f 2544//2544 2548//2548 2547//2547
f 2434//2434 2546//2546 2432//2432
f 2434//2434 2549//2549 2546//2546
f 2551//2551 2550//2550 2547//2547
f 2550//2550 2433//2433 2547//2547
f 2550//2550 2435//2435 2433//2433
f 2551//2551 2547//2547 2548//2548
f 2436//2436 2549//2549 2434//2434
f 2436//2436 2552//2552 2549//2549
f 2550//2550 2437//2437 2435//2435
f 2553//2553 2437//2437 2550//2550
f 2438//2438 2552//2552 2436//2436
f 2438//2438 2554//2554 2552//2552
f 2553//2553 2439//2439 2437//2437
f 2555//2555 2439//2439 2553//2553
f 2440//2440 2554//2554 2438//2438
f 2440//2440 2556//2556 2554//2554
f 2555//2555 2442//2442 2439//2439
f 2557//2557 2442//2442 2555//2555
f 2560//2560 2559//2559 2558//2558
f 2562//2562 2561//2561 2558//2558
f 2562//2562 2558//2558 2559//2559
f 2564//2564 2563//2563 2561//2561
f 2564//2564 2561//2561 2562//2562
f 2566//2566 2565//2565 2563//2563
f 2566//2566 2563//2563 2564//2564
f 2567//2567 2565//2565 2566//2566
f 2570//2570 2569//2569 2568//2568
f 2572//2572 2571//2571 2568//2568
f 2572//2572 2568//2568 2569//2569
f 2571//2571 2572//2572 2560//2560
f 2571//2571 2560//2560 2558//2558
f 2445//2445 2571//2571 2558//2558
f 2444//2444 2445//2445 2558//2558
f 2444//2444 2558//2558 2447//2447
f 2447//2447 2558//2558 2561//2561
f 2447//2447 2561//2561 2449//2449
f 2449//2449 2561//2561 2563//2563
f 2449//2449 2563//2563 2451//2451
f 2451//2451 2563//2563 2565//2565
f 2574//2574 2573//2573 2452//2452
f 2574//2574 2452//2452 2451//2451
f 2567//2567 2574//2574 2451//2451
f 2565//2565 2567//2567 2451//2451
f 2576//2576 2575//2575 2573//2573
f 2576//2576 2573//2573 2574//2574
f 2577//2577 2575//2575 2576//2576
f 2570//2570 2568//2568 2578//2578
f 2570//2570 2578//2578 2579//2579
f 2455//2455 2578//2578 2454//2454
f 2578//2578 2571//2571 2454//2454
f 2578//2578 2568//2568 2571//2571
f 2454//2454 2571//2571 2445//2445
f 2573//2573 2460//2460 2452//2452
f 2460//2460 2573//2573 2462//2462
f 2573//2573 2580//2580 2462//2462
f 2573//2573 2575//2575 2580//2580
f 2575//2575 2577//2577 2581//2581
f 2575//2575 2581//2581 2580//2580
f 2584//2584 2583//2583 2582//2582
f 2582//2582 2583//2583 2579//2579
f 2582//2582 2579//2579 2578//2578
f 2465//2465 2582//2582 2578//2578
f 2464//2464 2465//2465 2578//2578
f 2464//2464 2578//2578 2455//2455
f 2580//2580 2468//2468 2462//2462
f 2586//2586 2585//2585 2469//2469
f 2586//2586 2469//2469 2468//2468
f 2581//2581 2586//2586 2468//2468
f 2580//2580 2581//2581 2468//2468
f 2587//2587 2585//2585 2586//2586
f 2590//2590 2589//2589 2588//2588
f 2588//2588 2589//2589 2584//2584
f 2588//2588 2584//2584 2582//2582
f 2472//2472 2588//2588 2582//2582
f 2471//2471 2472//2472 2582//2582
f 2471//2471 2582//2582 2465//2465
f 2585//2585 2473//2473 2469//2469
f 2587//2587 2591//2591 2585//2585
f 2591//2591 2473//2473 2585//2585
f 2591//2591 2475//2475 2473//2473
f 2476//2476 2475//2475 2591//2591
f 2476//2476 2591//2591 2592//2592
f 2590//2590 2588//2588 2477//2477
f 2478//2478 2590//2590 2477//2477
f 2593//2593 2590//2590 2478//2478
f 2477//2477 2588//2588 2472//2472
f 2595//2595 2479//2479 2594//2594
f 2479//2479 2592//2592 2594//2594
f 2479//2479 2476//2476 2592//2592
f 2596//2596 2595//2595 2594//2594
f 2599//2599 2598//2598 2597//2597
f 2598//2598 2593//2593 2597//2597
f 2593//2593 2481//2481 2597//2597
f 2593//2593 2478//2478 2481//2481
f 2595//2595 2482//2482 2479//2479
f 2601//2601 2600//2600 2483//2483
f 2601//2601 2483//2483 2482//2482
f 2596//2596 2601//2601 2482//2482
f 2595//2595 2596//2596 2482//2482
f 2602//2602 2600//2600 2601//2601
f 2599//2599 2597//2597 2484//2484
f 2485//2485 2599//2599 2484//2484
f 2603//2603 2599//2599 2485//2485
f 2484//2484 2597//2597 2481//2481
f 2600//2600 2486//2486 2483//2483
f 2488//2488 2486//2486 2600//2600
f 2602//2602 2488//2488 2600//2600
f 2604//2604 2488//2488 2602//2602
f 2606//2606 2605//2605 2489//2489
f 2606//2606 2489//2489 2490//2490
f 2485//2485 2489//2489 2603//2603
f 2603//2603 2489//2489 2605//2605
f 2608//2608 2491//2491 2607//2607
f 2491//2491 2604//2604 2607//2607
f 2491//2491 2488//2488 2604//2604
f 2609//2609 2608//2608 2607//2607
f 2492//2492 2606//2606 2490//2490
f 2492//2492 2610//2610 2606//2606
f 2608//2608 2493//2493 2491//2491
f 2494//2494 2493//2493 2608//2608
f 2609//2609 2494//2494 2608//2608
f 2611//2611 2494//2494 2609//2609
f 2614//2614 2613//2613 2612//2612
f 2613//2613 2610//2610 2612//2612
f 2610//2610 2495//2495 2612//2612
f 2610//2610 2492//2492 2495//2495
f 2611//2611 2615//2615 2494//2494
f 2494//2494 2615//2615 2496//2496
f 2498//2498 2496//2496 2615//2615
f 2498//2498 2615//2615 2616//2616
f 2614//2614 2612//2612 2499//2499
f 2500//2500 2614//2614 2499//2499
f 2617//2617 2614//2614 2500//2500
f 2499//2499 2612//2612 2495//2495
f 2616//2616 2501//2501 2498//2498
f 2618//2618 2501//2501 2616//2616
f 2621//2621 2620//2620 2619//2619
f 2620//2620 2617//2617 2619//2619
f 2617//2617 2502//2502 2619//2619
f 2617//2617 2500//2500 2502//2502
f 2623//2623 2503//2503 2622//2622
f 2503//2503 2618//2618 2622//2622
f 2503//2503 2501//2501 2618//2618
f 2624//2624 2623//2623 2622//2622
f 2621//2621 2619//2619 2504//2504
f 2505//2505 2621//2621 2504//2504
f 2625//2625 2621//2621 2505//2505
f 2504//2504 2619//2619 2502//2502
f 2623//2623 2506//2506 2503//2503
f 2507//2507 2506//2506 2623//2623
f 2624//2624 2507//2507 2623//2623
f 2626//2626 2507//2507 2624//2624
f 2508//2508 2625//2625 2505//2505
f 2508//2508 2627//2627 2625//2625
f 2629//2629 2509//2509 2628//2628
f 2509//2509 2626//2626 2628//2628
f 2509//2509 2507//2507 2626//2626
f 2630//2630 2629//2629 2628//2628
f 2510//2510 2627//2627 2508//2508
f 2510//2510 2631//2631 2627//2627
f 2629//2629 2511//2511 2509//2509
f 2513//2513 2511//2511 2629//2629
f 2630//2630 2513//2513 2629//2629
f 2632//2632 2513//2513 2630//2630
f 2514//2514 2631//2631 2510//2510
f 2514//2514 2633//2633 2631//2631
f 2632//2632 2515//2515 2513//2513
f 2634//2634 2515//2515 2632//2632
f 2516//2516 2633//2633 2514//2514
f 2516//2516 2635//2635 2633//2633
f 2634//2634 2517//2517 2515//2515
f 2636//2636 2517//2517 2634//2634
f 2519//2519 2635//2635 2516//2516
f 2519//2519 2637//2637 2635//2635
f 2636//2636 2520//2520 2517//2517
f 2638//2638 2520//2520 2636//2636
f 2521//2521 2637//2637 2519//2519
f 2521//2521 2639//2639 2637//2637
f 2638//2638 2522//2522 2520//2520
f 2640//2640 2522//2522 2638//2638
f 2523//2523 2639//2639 2521//2521
f 2523//2523 2641//2641 2639//2639
f 2640//2640 2524//2524 2522//2522
f 2642//2642 2524//2524 2640//2640
f 2525//2525 2641//2641 2523//2523
f 2525//2525 2643//2643 2641//2641
f 2645//2645 2526//2526 2644//2644
f 2526//2526 2642//2642 2644//2644
f 2526//2526 2524//2524 2642//2642
f 2646//2646 2645//2645 2644//2644
f 2527//2527 2643//2643 2525//2525
f 2527//2527 2647//2647 2643//2643
f 2645//2645 2528//2528 2526//2526
f 2530//2530 2528//2528 2645//2645
f 2646//2646 2530//2530 2645//2645
f 2648//2648 2530//2530 2646//2646
f 2531//2531 2647//2647 2527//2527
f 2531//2531 2649//2649 2647//2647
f 2648//2648 2533//2533 2530//2530
f 2650//2650 2533//2533 2648//2648
f 2534//2534 2649//2649 2531//2531
f 2534//2534 2651//2651 2649//2649
f 2650//2650 2536//2536 2533//2533
f 2652//2652 2536//2536 2650//2650
f 2537//2537 2651//2651 2534//2534
f 2537//2537 2653//2653 2651//2651
f 2652//2652 2539//2539 2536//2536
f 2654//2654 2539//2539 2652//2652
f 2540//2540 2653//2653 2537//2537
f 2540//2540 2655//2655 2653//2653
f 2654//2654 2542//2542 2539//2539
f 2656//2656 2542//2542 2654//2654
f 2543//2543 2655//2655 2540//2540
f 2543//2543 2657//2657 2655//2655
f 2656//2656 2545//2545 2542//2542
f 2658//2658 2545//2545 2656//2656
f 2546//2546 2657//2657 2543//2543
f 2546//2546 2659//2659 2657//2657
f 2658//2658 2548//2548 2545//2545
f 2660//2660 2548//2548 2658//2658
f 2549//2549 2659//2659 2546//2546
f 2549//2549 2661//2661 2659//2659
f 2662//2662 2550//2550 2551//2551
f 2663//2663 2662//2662 2551//2551
f 2548//2548 2663//2663 2551//2551
f 2660//2660 2663//2663 2548//2548
f 2552//2552 2661//2661 2549//2549
f 2552//2552 2664//2664 2661//2661
f 2666//2666 2665//2665 2662//2662
f 2665//2665 2550//2550 2662//2662
f 2665//2665 2553//2553 2550//2550
f 2666//2666 2662//2662 2663//2663
f 2554//2554 2664//2664 2552//2552
f 2554//2554 2667//2667 2664//2664
f 2665//2665 2555//2555 2553//2553
f 2668//2668 2555//2555 2665//2665
f 2556//2556 2667//2667 2554//2554
f 2556//2556 2669//2669 2667//2667
f 2668//2668 2557//2557 2555//2555
f 2670//2670 2557//2557 2668//2668
f 2673//2673 2672//2672 2671//2671
f 2675//2675 2674//2674 2671//2671
f 2675//2675 2671//2671 2672//2672
f 2559//2559 2560//2560 2674//2674
f 2675//2675 2559//2559 2674//2674
f 2676//2676 2559//2559 2675//2675
f 2559//2559 2677//2677 2562//2562
f 2676//2676 2677//2677 2559//2559
f 2562//2562 2678//2678 2564//2564
f 2677//2677 2678//2678 2562//2562
f 2564//2564 2679//2679 2566//2566
f 2678//2678 2679//2679 2564//2564
f 2681//2681 2680//2680 2567//2567
f 2566//2566 2681//2681 2567//2567
f 2679//2679 2681//2681 2566//2566
f 2683//2683 2682//2682 2680//2680
f 2683//2683 2680//2680 2681//2681
f 2684//2684 2682//2682 2683//2683
f 2687//2687 2686//2686 2685//2685
f 2685//2685 2686//2686 2673//2673
f 2685//2685 2673//2673 2671//2671
f 2570//2570 2685//2685 2671//2671
f 2569//2569 2570//2570 2671//2671
f 2569//2569 2671//2671 2572//2572
f 2572//2572 2671//2671 2674//2674
f 2572//2572 2674//2674 2560//2560
f 2680//2680 2574//2574 2567//2567
f 2574//2574 2680//2680 2576//2576
f 2576//2576 2680//2680 2682//2682
f 2689//2689 2688//2688 2577//2577
f 2689//2689 2577//2577 2576//2576
f 2684//2684 2689//2689 2576//2576
f 2682//2682 2684//2684 2576//2576
f 2690//2690 2688//2688 2689//2689
f 2687//2687 2685//2685 2691//2691
f 2687//2687 2691//2691 2692//2692
f 2579//2579 2691//2691 2570//2570
f 2570//2570 2691//2691 2685//2685
f 2693//2693 2581//2581 2688//2688
f 2688//2688 2581//2581 2577//2577
f 2688//2688 2690//2690 2694//2694
f 2688//2688 2694//2694 2693//2693
f 2697//2697 2696//2696 2695//2695
f 2695//2695 2696//2696 2692//2692
f 2695//2695 2692//2692 2691//2691
f 2584//2584 2695//2695 2691//2691
f 2583//2583 2584//2584 2691//2691
f 2583//2583 2691//2691 2579//2579
f 2693//2693 2586//2586 2581//2581
f 2699//2699 2698//2698 2587//2587
f 2699//2699 2587//2587 2586//2586
f 2694//2694 2699//2699 2586//2586
f 2693//2693 2694//2694 2586//2586
f 2700//2700 2698//2698 2699//2699
f 2697//2697 2695//2695 2589//2589
f 2590//2590 2697//2697 2589//2589
f 2701//2701 2697//2697 2590//2590
f 2589//2589 2695//2695 2584//2584
f 2698//2698 2591//2591 2587//2587
f 2703//2703 2702//2702 2592//2592
f 2703//2703 2592//2592 2591//2591
f 2700//2700 2703//2703 2591//2591
f 2698//2698 2700//2700 2591//2591
f 2704//2704 2702//2702 2703//2703
f 2707//2707 2706//2706 2705//2705
f 2706//2706 2701//2701 2705//2705
f 2701//2701 2593//2593 2705//2705
f 2701//2701 2590//2590 2593//2593
f 2702//2702 2594//2594 2592//2592
f 2596//2596 2594//2594 2702//2702
f 2704//2704 2596//2596 2702//2702
f 2708//2708 2596//2596 2704//2704
f 2707//2707 2705//2705 2598//2598
f 2599//2599 2707//2707 2598//2598
f 2709//2709 2707//2707 2599//2599
f 2598//2598 2705//2705 2593//2593
f 2708//2708 2710//2710 2596//2596
f 2596//2596 2710//2710 2601//2601
f 2602//2602 2601//2601 2710//2710
f 2602//2602 2710//2710 2711//2711
f 2714//2714 2713//2713 2712//2712
f 2713//2713 2709//2709 2712//2712
f 2709//2709 2603//2603 2712//2712
f 2709//2709 2599//2599 2603//2603
f 2716//2716 2604//2604 2715//2715
f 2604//2604 2711//2711 2715//2715
f 2604//2604 2602//2602 2711//2711
f 2717//2717 2716//2716 2715//2715
f 2714//2714 2712//2712 2605//2605
f 2606//2606 2714//2714 2605//2605
f 2718//2718 2714//2714 2606//2606
f 2605//2605 2712//2712 2603//2603
f 2716//2716 2607//2607 2604//2604
f 2609//2609 2607//2607 2716//2716
f 2717//2717 2609//2609 2716//2716
f 2719//2719 2609//2609 2717//2717
f 2722//2722 2721//2721 2720//2720
f 2721//2721 2718//2718 2720//2720
f 2718//2718 2610//2610 2720//2720
f 2718//2718 2606//2606 2610//2610
f 2724//2724 2611//2611 2723//2723
f 2611//2611 2719//2719 2723//2723
f 2611//2611 2609//2609 2719//2719
f 2725//2725 2724//2724 2723//2723
f 2722//2722 2720//2720 2613//2613
f 2614//2614 2722//2722 2613//2613
f 2726//2726 2722//2722 2614//2614
f 2613//2613 2720//2720 2610//2610
f 2724//2724 2615//2615 2611//2611
f 2616//2616 2615//2615 2724//2724
f 2725//2725 2616//2616 2724//2724
f 2727//2727 2616//2616 2725//2725
f 2617//2617 2726//2726 2614//2614
f 2617//2617 2728//2728 2726//2726
f 2730//2730 2618//2618 2729//2729
f 2618//2618 2727//2727 2729//2729
f 2618//2618 2616//2616 2727//2727
f 2731//2731 2730//2730 2729//2729
f 2621//2621 2732//2732 2620//2620
f 2732//2732 2733//2733 2620//2620
f 2733//2733 2617//2617 2620//2620
f 2733//2733 2728//2728 2617//2617
f 2730//2730 2622//2622 2618//2618
f 2624//2624 2622//2622 2730//2730
f 2731//2731 2624//2624 2730//2730
f 2734//2734 2624//2624 2731//2731
f 2625//2625 2735//2735 2732//2732
f 2625//2625 2732//2732 2621//2621
f 2733//2733 2732//2732 2736//2736
f 2736//2736 2732//2732 2735//2735
f 2734//2734 2626//2626 2624//2624
f 2737//2737 2626//2626 2734//2734
f 2739//2739 2738//2738 2735//2735
f 2625//2625 2739//2739 2735//2735
f 2627//2627 2739//2739 2625//2625
f 2735//2735 2738//2738 2736//2736
f 2737//2737 2740//2740 2626//2626
f 2626//2626 2740//2740 2628//2628
f 2630//2630 2628//2628 2740//2740
f 2630//2630 2740//2740 2741//2741
f 2631//2631 2739//2739 2627//2627
f 2631//2631 2742//2742 2739//2739
f 2741//2741 2632//2632 2630//2630
f 2743//2743 2632//2632 2741//2741
f 2633//2633 2742//2742 2631//2631
f 2633//2633 2744//2744 2742//2742
f 2743//2743 2634//2634 2632//2632
f 2745//2745 2634//2634 2743//2743
f 2635//2635 2744//2744 2633//2633
f 2635//2635 2746//2746 2744//2744
f 2745//2745 2636//2636 2634//2634
f 2747//2747 2636//2636 2745//2745
f 2637//2637 2746//2746 2635//2635
f 2637//2637 2748//2748 2746//2746
f 2747//2747 2638//2638 2636//2636
f 2749//2749 2638//2638 2747//2747
f 2639//2639 2748//2748 2637//2637
f 2639//2639 2750//2750 2748//2748
f 2752//2752 2640//2640 2751//2751
f 2640//2640 2749//2749 2751//2751
f 2640//2640 2638//2638 2749//2749
f 2753//2753 2752//2752 2751//2751
f 2641//2641 2750//2750 2639//2639
f 2641//2641 2754//2754 2750//2750
f 2755//2755 2642//2642 2752//2752
f 2752//2752 2642//2642 2640//2640
f 2752//2752 2753//2753 2756//2756
f 2752//2752 2756//2756 2755//2755
f 2643//2643 2754//2754 2641//2641
f 2643//2643 2757//2757 2754//2754
f 2755//2755 2644//2644 2642//2642
f 2646//2646 2644//2644 2755//2755
f 2756//2756 2646//2646 2755//2755
f 2758//2758 2646//2646 2756//2756
f 2647//2647 2757//2757 2643//2643
f 2647//2647 2759//2759 2757//2757
f 2758//2758 2648//2648 2646//2646
f 2760//2760 2648//2648 2758//2758
f 2649//2649 2759//2759 2647//2647
f 2649//2649 2761//2761 2759//2759
f 2760//2760 2650//2650 2648//2648
f 2762//2762 2650//2650 2760//2760
f 2651//2651 2761//2761 2649//2649
f 2651//2651 2763//2763 2761//2761
f 2762//2762 2652//2652 2650//2650
f 2764//2764 2652//2652 2762//2762
f 2653//2653 2763//2763 2651//2651
f 2653//2653 2765//2765 2763//2763
f 2764//2764 2654//2654 2652//2652
f 2766//2766 2654//2654 2764//2764
f 2655//2655 2765//2765 2653//2653
f 2655//2655 2767//2767 2765//2765
f 2766//2766 2656//2656 2654//2654
f 2768//2768 2656//2656 2766//2766
f 2657//2657 2767//2767 2655//2655
f 2657//2657 2769//2769 2767//2767
f 2768//2768 2658//2658 2656//2656
f 2770//2770 2658//2658 2768//2768
f 2659//2659 2769//2769 2657//2657
f 2659//2659 2771//2771 2769//2769
f 2770//2770 2660//2660 2658//2658
f 2772//2772 2660//2660 2770//2770
f 2661//2661 2771//2771 2659//2659
f 2661//2661 2773//2773 2771//2771
f 2772//2772 2663//2663 2660//2660
f 2774//2774 2663//2663 2772//2772
f 2664//2664 2773//2773 2661//2661
f 2664//2664 2775//2775 2773//2773
f 2776//2776 2665//2665 2666//2666
f 2777//2777 2776//2776 2666//2666
f 2663//2663 2777//2777 2666//2666
f 2774//2774 2777//2777 2663//2663
f 2667//2667 2775//2775 2664//2664
f 2667//2667 2778//2778 2775//2775
f 2780//2780 2779//2779 2776//2776
f 2779//2779 2665//2665 2776//2776
f 2779//2779 2668//2668 2665//2665
f 2780//2780 2776//2776 2777//2777
f 2669//2669 2778//2778 2667//2667
f 2669//2669 2781//2781 2778//2778
f 2779//2779 2670//2670 2668//2668
f 2782//2782 2670//2670 2779//2779
f 2785//2785 2784//2784 2783//2783
f 2672//2672 2673//2673 2783//2783
f 2784//2784 2672//2672 2783//2783
f 2786//2786 2672//2672 2784//2784
f 2672//2672 2787//2787 2675//2675
f 2786//2786 2787//2787 2672//2672
f 2675//2675 2788//2788 2676//2676
f 2787//2787 2788//2788 2675//2675
f 2676//2676 2789//2789 2677//2677
f 2788//2788 2789//2789 2676//2676
f 2677//2677 2790//2790 2678//2678
f 2789//2789 2790//2790 2677//2677
f 2678//2678 2791//2791 2679//2679
f 2790//2790 2791//2791 2678//2678
f 2679//2679 2792//2792 2681//2681
f 2791//2791 2792//2792 2679//2679
f 2681//2681 2793//2793 2683//2683
f 2792//2792 2793//2793 2681//2681
f 2795//2795 2794//2794 2684//2684
f 2683//2683 2795//2795 2684//2684
f 2793//2793 2795//2795 2683//2683
f 2796//2796 2794//2794 2795//2795
f 2799//2799 2798//2798 2797//2797
f 2797//2797 2798//2798 2785//2785
f 2797//2797 2785//2785 2783//2783
f 2687//2687 2797//2797 2783//2783
f 2686//2686 2687//2687 2783//2783
f 2686//2686 2783//2783 2673//2673
f 2794//2794 2689//2689 2684//2684
f 2801//2801 2800//2800 2690//2690
f 2801//2801 2690//2690 2689//2689
f 2796//2796 2801//2801 2689//2689
f 2794//2794 2796//2796 2689//2689
f 2802//2802 2800//2800 2801//2801
f 2799//2799 2797//2797 2803//2803
f 2799//2799 2803//2803 2804//2804
f 2692//2692 2803//2803 2687//2687
f 2687//2687 2803//2803 2797//2797
f 2805//2805 2694//2694 2800//2800
f 2800//2800 2694//2694 2690//2690
f 2800//2800 2802//2802 2806//2806
f 2800//2800 2806//2806 2805//2805
f 2804//2804 2803//2803 2696//2696
f 2697//2697 2804//2804 2696//2696
f 2807//2807 2804//2804 2697//2697
f 2696//2696 2803//2803 2692//2692
f 2805//2805 2699//2699 2694//2694
f 2700//2700 2699//2699 2805//2805
f 2806//2806 2700//2700 2805//2805
f 2808//2808 2700//2700 2806//2806
f 2811//2811 2810//2810 2809//2809
f 2810//2810 2807//2807 2809//2809
f 2807//2807 2701//2701 2809//2809
f 2807//2807 2697//2697 2701//2701
f 2808//2808 2812//2812 2700//2700
f 2700//2700 2812//2812 2703//2703
f 2704//2704 2703//2703 2812//2812
f 2704//2704 2812//2812 2813//2813
f 2811//2811 2809//2809 2706//2706
f 2707//2707 2811//2811 2706//2706
f 2814//2814 2811//2811 2707//2707
f 2706//2706 2809//2809 2701//2701
f 2816//2816 2708//2708 2815//2815
f 2708//2708 2813//2813 2815//2815
f 2708//2708 2704//2704 2813//2813
f 2817//2817 2816//2816 2815//2815
f 2709//2709 2814//2814 2707//2707
f 2709//2709 2818//2818 2814//2814
f 2816//2816 2710//2710 2708//2708
f 2711//2711 2710//2710 2816//2816
f 2817//2817 2711//2711 2816//2816
f 2819//2819 2711//2711 2817//2817
f 2821//2821 2820//2820 2713//2713
f 2821//2821 2713//2713 2714//2714
f 2709//2709 2713//2713 2818//2818
f 2818//2818 2713//2713 2820//2820
f 2819//2819 2822//2822 2711//2711
f 2711//2711 2822//2822 2715//2715
f 2717//2717 2715//2715 2822//2822
f 2717//2717 2822//2822 2823//2823
f 2826//2826 2825//2825 2824//2824
f 2825//2825 2821//2821 2824//2824
f 2821//2821 2718//2718 2824//2824
f 2821//2821 2714//2714 2718//2718
f 2823//2823 2719//2719 2717//2717
f 2827//2827 2719//2719 2823//2823
f 2826//2826 2824//2824 2721//2721
f 2722//2722 2826//2826 2721//2721
f 2828//2828 2826//2826 2722//2722
f 2721//2721 2824//2824 2718//2718
f 2827//2827 2829//2829 2719//2719
f 2719//2719 2829//2829 2723//2723
f 2725//2725 2723//2723 2829//2829
f 2725//2725 2829//2829 2830//2830
f 2726//2726 2828//2828 2722//2722
f 2726//2726 2831//2831 2828//2828
f 2830//2830 2727//2727 2725//2725
f 2832//2832 2727//2727 2830//2830
f 2728//2728 2831//2831 2726//2726
f 2728//2728 2833//2833 2831//2831
f 2832//2832 2834//2834 2727//2727
f 2727//2727 2834//2834 2729//2729
f 2731//2731 2729//2729 2834//2834
f 2731//2731 2834//2834 2835//2835
f 2733//2733 2833//2833 2728//2728
f 2733//2733 2836//2836 2833//2833
f 2835//2835 2734//2734 2731//2731
f 2837//2837 2734//2734 2835//2835
f 2736//2736 2836//2836 2733//2733
f 2736//2736 2838//2838 2836//2836
f 2840//2840 2737//2737 2839//2839
f 2737//2737 2837//2837 2839//2839
f 2737//2737 2734//2734 2837//2837
f 2841//2841 2840//2840 2839//2839
f 2739//2739 2842//2842 2738//2738
f 2842//2842 2843//2843 2738//2738
f 2843//2843 2736//2736 2738//2738
f 2843//2843 2838//2838 2736//2736
f 2840//2840 2740//2740 2737//2737
f 2741//2741 2740//2740 2840//2840
f 2841//2841 2741//2741 2840//2840
f 2844//2844 2741//2741 2841//2841
f 2742//2742 2845//2845 2842//2842
f 2742//2742 2842//2842 2739//2739
f 2843//2843 2842//2842 2846//2846
f 2846//2846 2842//2842 2845//2845
f 2844//2844 2743//2743 2741//2741
f 2847//2847 2743//2743 2844//2844
f 2744//2744 2848//2848 2845//2845
f 2744//2744 2845//2845 2742//2742
f 2846//2846 2845//2845 2849//2849
f 2849//2849 2845//2845 2848//2848
f 2847//2847 2745//2745 2743//2743
f 2850//2850 2745//2745 2847//2847
f 2852//2852 2851//2851 2848//2848
f 2744//2744 2852//2852 2848//2848
f 2746//2746 2852//2852 2744//2744
f 2848//2848 2851//2851 2849//2849
f 2850//2850 2747//2747 2745//2745
f 2853//2853 2747//2747 2850//2850
f 2748//2748 2852//2852 2746//2746
f 2748//2748 2854//2854 2852//2852
f 2856//2856 2749//2749 2855//2855
f 2749//2749 2853//2853 2855//2855
f 2749//2749 2747//2747 2853//2853
f 2857//2857 2856//2856 2855//2855
f 2750//2750 2859//2859 2858//2858
f 2854//2854 2750//2750 2858//2858
f 2748//2748 2750//2750 2854//2854
f 2859//2859 2860//2860 2858//2858
f 2856//2856 2751//2751 2749//2749
f 2753//2753 2751//2751 2856//2856
f 2857//2857 2753//2753 2856//2856
f 2861//2861 2753//2753 2857//2857
f 2754//2754 2862//2862 2859//2859
f 2754//2754 2859//2859 2750//2750
f 2860//2860 2859//2859 2863//2863
f 2863//2863 2859//2859 2862//2862
f 2861//2861 2756//2756 2753//2753
f 2864//2864 2756//2756 2861//2861
f 2757//2757 2865//2865 2862//2862
f 2757//2757 2862//2862 2754//2754
f 2863//2863 2862//2862 2866//2866
f 2866//2866 2862//2862 2865//2865
f 2864//2864 2758//2758 2756//2756
f 2867//2867 2758//2758 2864//2864
f 2759//2759 2868//2868 2865//2865
f 2759//2759 2865//2865 2757//2757
f 2866//2866 2865//2865 2869//2869
f 2869//2869 2865//2865 2868//2868
f 2867//2867 2760//2760 2758//2758
f 2870//2870 2760//2760 2867//2867
f 2872//2872 2871//2871 2868//2868
f 2759//2759 2872//2872 2868//2868
f 2761//2761 2872//2872 2759//2759
f 2868//2868 2871//2871 2869//2869
f 2870//2870 2762//2762 2760//2760
f 2873//2873 2762//2762 2870//2870
f 2763//2763 2872//2872 2761//2761
f 2763//2763 2874//2874 2872//2872
f 2873//2873 2764//2764 2762//2762
f 2875//2875 2764//2764 2873//2873
f 2765//2765 2874//2874 2763//2763
f 2765//2765 2876//2876 2874//2874
f 2875//2875 2766//2766 2764//2764
f 2877//2877 2766//2766 2875//2875
f 2767//2767 2876//2876 2765//2765
f 2767//2767 2878//2878 2876//2876
f 2877//2877 2768//2768 2766//2766
f 2879//2879 2768//2768 2877//2877
f 2769//2769 2878//2878 2767//2767
f 2769//2769 2880//2880 2878//2878
f 2879//2879 2770//2770 2768//2768
f 2881//2881 2770//2770 2879//2879
f 2771//2771 2880//2880 2769//2769
f 2771//2771 2882//2882 2880//2880
f 2881//2881 2772//2772 2770//2770
f 2883//2883 2772//2772 2881//2881
f 2773//2773 2882//2882 2771//2771
f 2773//2773 2884//2884 2882//2882
f 2883//2883 2774//2774 2772//2772
f 2885//2885 2774//2774 2883//2883
f 2775//2775 2884//2884 2773//2773
f 2775//2775 2886//2886 2884//2884
f 2885//2885 2777//2777 2774//2774
f 2887//2887 2777//2777 2885//2885
f 2778//2778 2886//2886 2775//2775
f 2778//2778 2888//2888 2886//2886
f 2889//2889 2779//2779 2780//2780
f 2890//2890 2889//2889 2780//2780
f 2777//2777 2890//2890 2780//2780
f 2887//2887 2890//2890 2777//2777
f 2781//2781 2888//2888 2778//2778
f 2781//2781 2891//2891 2888//2888
f 2893//2893 2892//2892 2889//2889
f 2892//2892 2779//2779 2889//2889
f 2892//2892 2782//2782 2779//2779
f 2893//2893 2889//2889 2890//2890
f 2896//2896 2895//2895 2894//2894
f 2784//2784 2785//2785 2894//2894
f 2895//2895 2784//2784 2894//2894
f 2897//2897 2784//2784 2895//2895
f 2784//2784 2898//2898 2786//2786
f 2897//2897 2898//2898 2784//2784
f 2786//2786 2899//2899 2787//2787
f 2898//2898 2899//2899 2786//2786
f 2787//2787 2900//2900 2788//2788
f 2899//2899 2900//2900 2787//2787
f 2788//2788 2901//2901 2789//2789
f 2900//2900 2901//2901 2788//2788
f 2789//2789 2902//2902 2790//2790
f 2901//2901 2902//2902 2789//2789
f 2790//2790 2903//2903 2791//2791
f 2902//2902 2903//2903 2790//2790
f 2791//2791 2904//2904 2792//2792
f 2903//2903 2904//2904 2791//2791
f 2792//2792 2905//2905 2793//2793
f 2904//2904 2905//2905 2792//2792
f 2793//2793 2906//2906 2795//2795
f 2905//2905 2906//2906 2793//2793
f 2908//2908 2907//2907 2796//2796
f 2795//2795 2908//2908 2796//2796
f 2906//2906 2908//2908 2795//2795
f 2909//2909 2907//2907 2908//2908
f 2896//2896 2894//2894 2798//2798
f 2799//2799 2896//2896 2798//2798
f 2910//2910 2896//2896 2799//2799
f 2798//2798 2894//2894 2785//2785
f 2907//2907 2801//2801 2796//2796
f 2802//2802 2801//2801 2907//2907
f 2909//2909 2802//2802 2907//2907
f 2911//2911 2802//2802 2909//2909
f 2914//2914 2913//2913 2912//2912
f 2913//2913 2910//2910 2912//2912
f 2910//2910 2804//2804 2912//2912
f 2910//2910 2799//2799 2804//2804
f 2916//2916 2806//2806 2915//2915
f 2806//2806 2911//2911 2915//2915
f 2806//2806 2802//2802 2911//2911
f 2917//2917 2916//2916 2915//2915
f 2914//2914 2912//2912 2918//2918
f 2914//2914 2918//2918 2919//2919
f 2807//2807 2918//2918 2804//2804
f 2804//2804 2918//2918 2912//2912
f 2920//2920 2808//2808 2916//2916
f 2916//2916 2808//2808 2806//2806
f 2916//2916 2917//2917 2921//2921
f 2916//2916 2921//2921 2920//2920
f 2919//2919 2918//2918 2810//2810
f 2811//2811 2919//2919 2810//2810
f 2922//2922 2919//2919 2811//2811
f 2810//2810 2918//2918 2807//2807
f 2920//2920 2812//2812 2808//2808
f 2813//2813 2812//2812 2920//2920
f 2921//2921 2813//2813 2920//2920
f 2923//2923 2813//2813 2921//2921
f 2814//2814 2922//2922 2811//2811
f 2814//2814 2924//2924 2922//2922
f 2923//2923 2925//2925 2813//2813
f 2813//2813 2925//2925 2815//2815
f 2817//2817 2815//2815 2925//2925
f 2817//2817 2925//2925 2926//2926
f 2929//2929 2928//2928 2927//2927
f 2928//2928 2924//2924 2927//2927
f 2924//2924 2818//2818 2927//2927
f 2924//2924 2814//2814 2818//2818
f 2931//2931 2819//2819 2930//2930
f 2819//2819 2926//2926 2930//2930
f 2819//2819 2817//2817 2926//2926
f 2932//2932 2931//2931 2930//2930
f 2929//2929 2927//2927 2820//2820
f 2821//2821 2929//2929 2820//2820
f 2933//2933 2929//2929 2821//2821
f 2820//2820 2927//2927 2818//2818
f 2931//2931 2822//2822 2819//2819
f 2823//2823 2822//2822 2931//2931
f 2932//2932 2823//2823 2931//2931
f 2934//2934 2823//2823 2932//2932
f 2936//2936 2935//2935 2825//2825
f 2936//2936 2825//2825 2826//2826
f 2821//2821 2825//2825 2933//2933
f 2933//2933 2825//2825 2935//2935
f 2938//2938 2827//2827 2937//2937
f 2827//2827 2934//2934 2937//2937
f 2827//2827 2823//2823 2934//2934
f 2939//2939 2938//2938 2937//2937
f 2828//2828 2936//2936 2826//2826
f 2828//2828 2940//2940 2936//2936
f 2938//2938 2829//2829 2827//2827
f 2830//2830 2829//2829 2938//2938
f 2939//2939 2830//2830 2938//2938
f 2941//2941 2830//2830 2939//2939
f 2831//2831 2940//2940 2828//2828
f 2831//2831 2942//2942 2940//2940
f 2944//2944 2832//2832 2943//2943
f 2832//2832 2941//2941 2943//2943
f 2832//2832 2830//2830 2941//2941
f 2945//2945 2944//2944 2943//2943
f 2833//2833 2942//2942 2831//2831
f 2833//2833 2946//2946 2942//2942
f 2944//2944 2834//2834 2832//2832
f 2835//2835 2834//2834 2944//2944
f 2945//2945 2835//2835 2944//2944
f 2947//2947 2835//2835 2945//2945
f 2836//2836 2946//2946 2833//2833
f 2836//2836 2948//2948 2946//2946
f 2947//2947 2837//2837 2835//2835
f 2949//2949 2837//2837 2947//2947
f 2838//2838 2948//2948 2836//2836
f 2838//2838 2950//2950 2948//2948
f 2949//2949 2951//2951 2837//2837
f 2837//2837 2951//2951 2839//2839
f 2841//2841 2839//2839 2951//2951
f 2841//2841 2951//2951 2952//2952
f 2843//2843 2950//2950 2838//2838
f 2843//2843 2953//2953 2950//2950
f 2952//2952 2844//2844 2841//2841
f 2954//2954 2844//2844 2952//2952
f 2846//2846 2953//2953 2843//2843
f 2846//2846 2955//2955 2953//2953
f 2954//2954 2847//2847 2844//2844
f 2956//2956 2847//2847 2954//2954
f 2849//2849 2955//2955 2846//2846
f 2849//2849 2957//2957 2955//2955
f 2956//2956 2850//2850 2847//2847
f 2958//2958 2850//2850 2956//2956
f 2852//2852 2959//2959 2851//2851
f 2959//2959 2960//2960 2851//2851
f 2960//2960 2849//2849 2851//2851
f 2960//2960 2957//2957 2849//2849
f 2958//2958 2853//2853 2850//2850
f 2961//2961 2853//2853 2958//2958
f 2854//2854 2962//2962 2959//2959
f 2854//2854 2959//2959 2852//2852
f 2960//2960 2959//2959 2963//2963
f 2963//2963 2959//2959 2962//2962
f 2961//2961 2964//2964 2853//2853
f 2853//2853 2964//2964 2855//2855
f 2857//2857 2855//2855 2964//2964
f 2857//2857 2964//2964 2965//2965
f 2858//2858 2962//2962 2854//2854
f 2858//2858 2860//2860 2962//2962
f 2860//2860 2963//2963 2962//2962
f 2860//2860 2966//2966 2963//2963
f 2965//2965 2861//2861 2857//2857
f 2967//2967 2861//2861 2965//2965
f 2863//2863 2966//2966 2860//2860
f 2863//2863 2968//2968 2966//2966
f 2967//2967 2864//2864 2861//2861
f 2969//2969 2864//2864 2967//2967
f 2866//2866 2968//2968 2863//2863
f 2866//2866 2970//2970 2968//2968
f 2969//2969 2867//2867 2864//2864
f 2971//2971 2867//2867 2969//2969
f 2869//2869 2970//2970 2866//2866
f 2869//2869 2972//2972 2970//2970
f 2971//2971 2870//2870 2867//2867
f 2973//2973 2870//2870 2971//2971
f 2872//2872 2974//2974 2871//2871
f 2974//2974 2975//2975 2871//2871
f 2975//2975 2869//2869 2871//2871
f 2975//2975 2972//2972 2869//2869
f 2973//2973 2873//2873 2870//2870
f 2976//2976 2873//2873 2973//2973
f 2978//2978 2977//2977 2974//2974
f 2872//2872 2978//2978 2974//2974
f 2874//2874 2978//2978 2872//2872
f 2974//2974 2977//2977 2975//2975
f 2976//2976 2875//2875 2873//2873
f 2979//2979 2875//2875 2976//2976
f 2876//2876 2978//2978 2874//2874
f 2876//2876 2980//2980 2978//2978
f 2979//2979 2877//2877 2875//2875
f 2981//2981 2877//2877 2979//2979
f 2878//2878 2980//2980 2876//2876
f 2878//2878 2982//2982 2980//2980
f 2981//2981 2879//2879 2877//2877
f 2983//2983 2879//2879 2981//2981
f 2880//2880 2982//2982 2878//2878
f 2880//2880 2984//2984 2982//2982
f 2983//2983 2881//2881 2879//2879
f 2985//2985 2881//2881 2983//2983
f 2882//2882 2984//2984 2880//2880
f 2882//2882 2986//2986 2984//2984
f 2985//2985 2883//2883 2881//2881
f 2987//2987 2883//2883 2985//2985
f 2884//2884 2986//2986 2882//2882
f 2884//2884 2988//2988 2986//2986
f 2987//2987 2885//2885 2883//2883
f 2989//2989 2885//2885 2987//2987
f 2886//2886 2988//2988 2884//2884
f 2886//2886 2990//2990 2988//2988
f 2989//2989 2887//2887 2885//2885
f 2991//2991 2887//2887 2989//2989
f 2888//2888 2990//2990 2886//2886
f 2888//2888 2992//2992 2990//2990
f 2991//2991 2890//2890 2887//2887
f 2993//2993 2890//2890 2991//2991
f 2891//2891 2992//2992 2888//2888
f 2891//2891 2994//2994 2992//2992
f 2996//2996 2995//2995 2893//2893
f 2893//2893 2995//2995 2892//2892
f 2893//2893 2890//2890 2993//2993
f 2893//2893 2993//2993 2996//2996
f 2998//2998 2997//2997 2895//2895
f 2998//2998 2895//2895 2896//2896
f 2895//2895 2999//2999 2897//2897
f 2997//2997 2999//2999 2895//2895
f 2897//2897 3000//3000 2898//2898
f 2999//2999 3000//3000 2897//2897
f 2898//2898 3001//3001 2899//2899
f 3000//3000 3001//3001 2898//2898
f 2899//2899 3002//3002 2900//2900
f 3001//3001 3002//3002 2899//2899
f 2900//2900 3003//3003 2901//2901
f 3002//3002 3003//3003 2900//2900
f 2901//2901 3004//3004 2902//2902
f 3003//3003 3004//3004 2901//2901
f 2902//2902 3005//3005 2903//2903
f 3004//3004 3005//3005 2902//2902
f 2903//2903 3006//3006 2904//2904
f 3005//3005 3006//3006 2903//2903
f 2904//2904 3007//3007 2905//2905
f 3006//3006 3007//3007 2904//2904
f 2905//2905 3008//3008 2906//2906
f 3007//3007 3008//3008 2905//2905
f 2906//2906 3009//3009 2908//2908
f 3008//3008 3009//3009 2906//2906
f 2909//2909 2908//2908 3009//3009
f 2909//2909 3009//3009 3010//3010
f 3013//3013 3012//3012 3011//3011
f 3012//3012 2998//2998 3011//3011
f 2998//2998 2910//2910 3011//3011
f 2998//2998 2896//2896 2910//2910
f 3015//3015 2911//2911 3014//3014
f 2911//2911 3010//3010 3014//3014
f 2911//2911 2909//2909 3010//3010
f 3016//3016 3015//3015 3014//3014
f 3013//3013 3011//3011 2913//2913
f 2914//2914 3013//3013 2913//2913
f 3017//3017 3013//3013 2914//2914
f 2913//2913 3011//3011 2910//2910
f 3015//3015 2915//2915 2911//2911
f 2917//2917 2915//2915 3015//3015
f 3016//3016 2917//2917 3015//3015
f 3018//3018 2917//2917 3016//3016
f 2919//2919 3017//3017 2914//2914
f 2919//2919 3019//3019 3017//3017
f 3018//3018 2921//2921 2917//2917
f 3020//3020 2921//2921 3018//3018
f 3023//3023 3022//3022 3021//3021
f 3022//3022 3019//3019 3021//3021
f 3019//3019 2922//2922 3021//3021
f 3019//3019 2919//2919 2922//2922
f 3025//3025 2923//2923 3024//3024
f 2923//2923 3020//3020 3024//3024
f 2923//2923 2921//2921 3020//3020
f 3026//3026 3025//3025 3024//3024
f 3023//3023 3021//3021 3027//3027
f 3023//3023 3027//3027 3028//3028
f 2924//2924 3027//3027 2922//2922
f 2922//2922 3027//3027 3021//3021
f 3025//3025 2925//2925 2923//2923
f 2926//2926 2925//2925 3025//3025
f 3026//3026 2926//2926 3025//3025
f 3029//3029 2926//2926 3026//3026
f 3028//3028 3027//3027 2928//2928
f 2929//2929 3028//3028 2928//2928
f 3030//3030 3028//3028 2929//2929
f 2928//2928 3027//3027 2924//2924
f 3029//3029 3031//3031 2926//2926
f 2926//2926 3031//3031 2930//2930
f 2932//2932 2930//2930 3031//3031
f 2932//2932 3031//3031 3032//3032
f 2933//2933 3030//3030 2929//2929
f 2933//2933 3033//3033 3030//3030
f 3032//3032 2934//2934 2932//2932
f 3034//3034 2934//2934 3032//3032
f 3036//3036 3035//3035 2935//2935
f 3036//3036 2935//2935 2936//2936
f 2933//2933 2935//2935 3033//3033
f 3033//3033 2935//2935 3035//3035
f 3034//3034 3037//3037 2934//2934
f 2934//2934 3037//3037 2937//2937
f 2939//2939 2937//2937 3037//3037
f 2939//2939 3037//3037 3038//3038
f 2940//2940 3036//3036 2936//2936
f 2940//2940 3039//3039 3036//3036
f 3038//3038 2941//2941 2939//2939
f 3040//3040 2941//2941 3038//3038
f 2942//2942 3039//3039 2940//2940
f 2942//2942 3041//3041 3039//3039
f 3040//3040 3042//3042 2941//2941
f 2941//2941 3042//3042 2943//2943
f 2945//2945 2943//2943 3042//3042
f 2945//2945 3042//3042 3043//3043
f 2946//2946 3041//3041 2942//2942
f 2946//2946 3044//3044 3041//3041
f 3043//3043 2947//2947 2945//2945
f 3045//3045 2947//2947 3043//3043
f 2948//2948 3044//3044 2946//2946
f 2948//2948 3046//3046 3044//3044
f 3049//3049 3048//3048 3047//3047
f 3051//3051 3050//3050 3047//3047
f 3047//3047 3050//3050 3049//3049
f 3053//3053 3052//3052 3051//3051
f 3051//3051 3052//3052 3050//3050
f 3053//3053 3054//3054 3052//3052
f 3056//3056 2949//2949 3055//3055
f 2949//2949 3045//3045 3055//3055
f 2949//2949 2947//2947 3045//3045
f 3057//3057 3056//3056 3055//3055
f 2950//2950 3046//3046 2948//2948
f 2950//2950 3058//3058 3046//3046
f 3048//3048 3047//3047 3059//3059
f 3061//3061 3060//3060 3059//3059
f 3060//3060 3059//3059 3047//3047
f 3060//3060 3051//3051 3047//3047
f 3063//3063 3062//3062 3053//3053
f 3053//3053 3062//3062 3060//3060
f 3053//3053 3051//3051 3060//3060
f 3053//3053 3054//3054 3063//3063
f 3056//3056 2951//2951 2949//2949
f 2952//2952 2951//2951 3056//3056
f 3057//3057 2952//2952 3056//3056
f 3064//3064 2952//2952 3057//3057
f 2953//2953 3058//3058 2950//2950
f 2953//2953 3065//3065 3058//3058
f 3061//3061 3066//3066 3060//3060
f 3060//3060 3066//3066 3062//3062
f 3064//3064 2954//2954 2952//2952
f 3067//3067 2954//2954 3064//3064
f 2955//2955 3065//3065 2953//2953
f 2955//2955 3068//3068 3065//3065
f 3067//3067 2956//2956 2954//2954
f 3069//3069 2956//2956 3067//3067
f 2957//2957 3068//3068 2955//2955
f 2957//2957 3070//3070 3068//3068
f 3069//3069 2958//2958 2956//2956
f 3071//3071 2958//2958 3069//3069
f 2960//2960 3070//3070 2957//2957
f 2960//2960 3072//3072 3070//3070
f 3074//3074 2961//2961 3073//3073
f 2961//2961 3071//3071 3073//3073
f 2961//2961 2958//2958 3071//3071
f 3075//3075 3074//3074 3073//3073
f 2963//2963 3072//3072 2960//2960
f 2963//2963 3076//3076 3072//3072
f 3074//3074 2964//2964 2961//2961
f 2965//2965 2964//2964 3074//3074
f 3075//3075 2965//2965 3074//3074
f 3077//3077 2965//2965 3075//3075
f 2966//2966 3076//3076 2963//2963
f 2966//2966 3078//3078 3076//3076
f 3077//3077 2967//2967 2965//2965
f 3079//3079 2967//2967 3077//3077
f 2968//2968 3078//3078 2966//2966
f 2968//2968 3080//3080 3078//3078
f 3079//3079 2969//2969 2967//2967
f 3081//3081 2969//2969 3079//3079
f 2970//2970 3080//3080 2968//2968
f 2970//2970 3082//3082 3080//3080
f 3081//3081 2971//2971 2969//2969
f 3083//3083 2971//2971 3081//3081
f 2972//2972 3082//3082 2970//2970
f 2972//2972 3084//3084 3082//3082
f 3083//3083 2973//2973 2971//2971
f 3085//3085 2973//2973 3083//3083
f 2975//2975 3084//3084 2972//2972
f 2975//2975 3086//3086 3084//3084
f 3085//3085 2976//2976 2973//2973
f 3087//3087 2976//2976 3085//3085
f 3089//3089 3088//3088 2977//2977
f 3089//3089 2977//2977 2978//2978
f 2975//2975 2977//2977 3086//3086
f 3086//3086 2977//2977 3088//3088
f 3087//3087 2979//2979 2976//2976
f 3090//3090 2979//2979 3087//3087
f 2980//2980 3089//3089 2978//2978
f 2980//2980 3091//3091 3089//3089
f 3090//3090 2981//2981 2979//2979
f 3092//3092 2981//2981 3090//3090
f 2982//2982 3091//3091 2980//2980
f 2982//2982 3093//3093 3091//3091
f 3092//3092 2983//2983 2981//2981
f 3094//3094 2983//2983 3092//3092
f 2984//2984 3093//3093 2982//2982
f 2984//2984 3095//3095 3093//3093
f 3094//3094 2985//2985 2983//2983
f 3096//3096 2985//2985 3094//3094
f 2986//2986 3095//3095 2984//2984
f 2986//2986 3097//3097 3095//3095
f 3096//3096 2987//2987 2985//2985
f 3098//3098 2987//2987 3096//3096
f 2988//2988 3097//3097 2986//2986
f 2988//2988 3099//3099 3097//3097
f 3098//3098 2989//2989 2987//2987
f 3100//3100 2989//2989 3098//3098
f 2990//2990 3099//3099 2988//2988
f 2990//2990 3101//3101 3099//3099
f 3100//3100 2991//2991 2989//2989
f 3102//3102 2991//2991 3100//3100
f 2992//2992 3101//3101 2990//2990
f 2992//2992 3103//3103 3101//3101
f 3102//3102 2993//2993 2991//2991
f 3104//3104 2993//2993 3102//3102
f 2994//2994 3103//3103 2992//2992
f 2994//2994 3105//3105 3103//3103
f 3107//3107 3106//3106 2996//2996
f 2996//2996 3106//3106 2995//2995
f 2996//2996 2993//2993 3104//3104
f 2996//2996 3104//3104 3107//3107
f 3109//3109 3108//3108 2997//2997
f 3109//3109 2997//2997 2998//2998
f 2997//2997 3110//3110 2999//2999
f 3108//3108 3110//3110 2997//2997
f 2999//2999 3111//3111 3000//3000
f 3110//3110 3111//3111 2999//2999
f 3000//3000 3112//3112 3001//3001
f 3111//3111 3112//3112 3000//3000
f 3001//3001 3113//3113 3002//3002
f 3112//3112 3113//3113 3001//3001
f 3002//3002 3114//3114 3003//3003
f 3113//3113 3114//3114 3002//3002
f 3003//3003 3115//3115 3004//3004
f 3114//3114 3115//3115 3003//3003
f 3004//3004 3116//3116 3005//3005
f 3115//3115 3116//3116 3004//3004
f 3005//3005 3117//3117 3006//3006
f 3116//3116 3117//3117 3005//3005
f 3006//3006 3118//3118 3007//3007
f 3117//3117 3118//3118 3006//3006
f 3007//3007 3119//3119 3008//3008
f 3118//3118 3119//3119 3007//3007
f 3008//3008 3120//3120 3009//3009
f 3119//3119 3120//3120 3008//3008
f 3010//3010 3009//3009 3120//3120
f 3010//3010 3120//3120 3121//3121
f 3123//3123 3122//3122 3012//3012
f 3123//3123 3012//3012 3013//3013
f 2998//2998 3012//3012 3109//3109
f 3109//3109 3012//3012 3122//3122
f 3121//3121 3124//3124 3010//3010
f 3010//3010 3124//3124 3014//3014
f 3016//3016 3014//3014 3124//3124
f 3016//3016 3124//3124 3125//3125
f 3017//3017 3123//3123 3013//3013
f 3017//3017 3126//3126 3123//3123
f 3125//3125 3018//3018 3016//3016
f 3127//3127 3018//3018 3125//3125
f 3130//3130 3129//3129 3128//3128
f 3129//3129 3126//3126 3128//3128
f 3126//3126 3019//3019 3128//3128
f 3126//3126 3017//3017 3019//3019
f 3132//3132 3020//3020 3131//3131
f 3020//3020 3127//3127 3131//3131
f 3020//3020 3018//3018 3127//3127
f 3133//3133 3132//3132 3131//3131
f 3130//3130 3128//3128 3022//3022
f 3023//3023 3130//3130 3022//3022
f 3134//3134 3130//3130 3023//3023
f 3022//3022 3128//3128 3019//3019
f 3132//3132 3024//3024 3020//3020
f 3026//3026 3024//3024 3132//3132
f 3133//3133 3026//3026 3132//3132
f 3135//3135 3026//3026 3133//3133
f 3028//3028 3134//3134 3023//3023
f 3028//3028 3136//3136 3134//3134
f 3138//3138 3029//3029 3137//3137
f 3029//3029 3135//3135 3137//3137
f 3029//3029 3026//3026 3135//3135
f 3139//3139 3138//3138 3137//3137
f 3030//3030 3136//3136 3028//3028
f 3030//3030 3140//3140 3136//3136
f 3138//3138 3031//3031 3029//3029
f 3032//3032 3031//3031 3138//3138
f 3139//3139 3032//3032 3138//3138
f 3141//3141 3032//3032 3139//3139
f 3144//3144 3143//3143 3142//3142
f 3143//3143 3140//3140 3142//3142
f 3140//3140 3033//3033 3142//3142
f 3140//3140 3030//3030 3033//3033
f 3146//3146 3034//3034 3145//3145
f 3034//3034 3141//3141 3145//3145
f 3034//3034 3032//3032 3141//3141
f 3147//3147 3146//3146 3145//3145
f 3144//3144 3142//3142 3035//3035
f 3036//3036 3144//3144 3035//3035
f 3148//3148 3144//3144 3036//3036
f 3035//3035 3142//3142 3033//3033
f 3146//3146 3037//3037 3034//3034
f 3038//3038 3037//3037 3146//3146
f 3147//3147 3038//3038 3146//3146
f 3149//3149 3038//3038 3147//3147
f 3039//3039 3148//3148 3036//3036
f 3039//3039 3150//3150 3148//3148
f 3152//3152 3040//3040 3151//3151
f 3040//3040 3149//3149 3151//3151
f 3040//3040 3038//3038 3149//3149
f 3153//3153 3152//3152 3151//3151
f 3041//3041 3150//3150 3039//3039
f 3041//3041 3154//3154 3150//3150
f 3152//3152 3042//3042 3040//3040
f 3043//3043 3042//3042 3152//3152
f 3153//3153 3043//3043 3152//3152
f 3155//3155 3043//3043 3153//3153
f 3044//3044 3154//3154 3041//3041
f 3044//3044 3156//3156 3154//3154
f 3155//3155 3045//3045 3043//3043
f 3157//3157 3045//3045 3155//3155
f 3046//3046 3156//3156 3044//3044
f 3046//3046 3158//3158 3156//3156
f 3159//3159 3048//3048 3049//3049
f 3050//3050 3160//3160 3049//3049
f 3049//3049 3160//3160 3159//3159
f 3052//3052 3161//3161 3050//3050
f 3050//3050 3161//3161 3160//3160
f 3054//3054 3161//3161 3052//3052
f 3157//3157 3162//3162 3045//3045
f 3045//3045 3162//3162 3055//3055
f 3057//3057 3055//3055 3162//3162
f 3057//3057 3162//3162 3163//3163
f 3058//3058 3158//3158 3046//3046
f 3058//3058 3164//3164 3158//3158
f 3159//3159 3059//3059 3048//3048
f 3059//3059 3159//3159 3061//3061
f 3159//3159 3165//3165 3061//3061
f 3159//3159 3160//3160 3165//3165
f 3062//3062 3165//3165 3063//3063
f 3165//3165 3161//3161 3063//3063
f 3165//3165 3160//3160 3161//3161
f 3063//3063 3161//3161 3054//3054
f 3163//3163 3064//3064 3057//3057
f 3166//3166 3064//3064 3163//3163
f 3065//3065 3164//3164 3058//3058
f 3065//3065 3167//3167 3164//3164
f 3165//3165 3066//3066 3061//3061
f 3066//3066 3165//3165 3062//3062
f 3166//3166 3067//3067 3064//3064
f 3168//3168 3067//3067 3166//3166
f 3068//3068 3167//3167 3065//3065
f 3068//3068 3169//3169 3167//3167
f 3172//3172 3171//3171 3170//3170
f 3174//3174 3173//3173 3170//3170
f 3170//3170 3173//3173 3172//3172
f 3174//3174 3175//3175 3173//3173
f 3168//3168 3069//3069 3067//3067
f 3176//3176 3069//3069 3168//3168
f 3070//3070 3169//3169 3068//3068
f 3070//3070 3177//3177 3169//3169
f 3170//3170 3171//3171 3178//3178
f 3178//3178 3171//3171 3179//3179
f 3170//3170 3180//3180 3174//3174
f 3170//3170 3178//3178 3180//3180
f 3175//3175 3174//3174 3181//3181
f 3181//3181 3174//3174 3180//3180
f 3176//3176 3071//3071 3069//3069
f 3182//3182 3071//3071 3176//3176
f 3072//3072 3177//3177 3070//3070
f 3072//3072 3183//3183 3177//3177
f 3179//3179 3184//3184 3178//3178
f 3178//3178 3184//3184 3180//3180
f 3180//3180 3184//3184 3185//3185
f 3180//3180 3185//3185 3181//3181
f 3182//3182 3186//3186 3071//3071
f 3071//3071 3186//3186 3073//3073
f 3075//3075 3073//3073 3186//3186
f 3075//3075 3186//3186 3187//3187
f 3076//3076 3183//3183 3072//3072
f 3076//3076 3188//3188 3183//3183
f 3187//3187 3077//3077 3075//3075
f 3189//3189 3077//3077 3187//3187
f 3078//3078 3188//3188 3076//3076
f 3078//3078 3190//3190 3188//3188
f 3189//3189 3079//3079 3077//3077
f 3191//3191 3079//3079 3189//3189
f 3080//3080 3190//3190 3078//3078
f 3080//3080 3192//3192 3190//3190
f 3191//3191 3081//3081 3079//3079
f 3193//3193 3081//3081 3191//3191
f 3082//3082 3192//3192 3080//3080
f 3082//3082 3194//3194 3192//3192
f 3193//3193 3083//3083 3081//3081
f 3195//3195 3083//3083 3193//3193
f 3084//3084 3194//3194 3082//3082
f 3084//3084 3196//3196 3194//3194
f 3195//3195 3085//3085 3083//3083
f 3197//3197 3085//3085 3195//3195
f 3086//3086 3196//3196 3084//3084
f 3086//3086 3198//3198 3196//3196
f 3197//3197 3087//3087 3085//3085
f 3199//3199 3087//3087 3197//3197
f 3089//3089 3200//3200 3088//3088
f 3200//3200 3201//3201 3088//3088
f 3201//3201 3086//3086 3088//3088
f 3201//3201 3198//3198 3086//3086
f 3199//3199 3090//3090 3087//3087
f 3202//3202 3090//3090 3199//3199
f 3204//3204 3203//3203 3200//3200
f 3089//3089 3204//3204 3200//3200
f 3091//3091 3204//3204 3089//3089
f 3200//3200 3203//3203 3201//3201
f 3202//3202 3092//3092 3090//3090
f 3205//3205 3092//3092 3202//3202
f 3093//3093 3204//3204 3091//3091
f 3093//3093 3206//3206 3204//3204
f 3205//3205 3094//3094 3092//3092
f 3207//3207 3094//3094 3205//3205
f 3095//3095 3206//3206 3093//3093
f 3095//3095 3208//3208 3206//3206
f 3207//3207 3096//3096 3094//3094
f 3209//3209 3096//3096 3207//3207
f 3097//3097 3208//3208 3095//3095
f 3097//3097 3210//3210 3208//3208
f 3209//3209 3098//3098 3096//3096
f 3211//3211 3098//3098 3209//3209
f 3099//3099 3210//3210 3097//3097
f 3099//3099 3212//3212 3210//3210
f 3211//3211 3100//3100 3098//3098
f 3213//3213 3100//3100 3211//3211
f 3101//3101 3212//3212 3099//3099
f 3101//3101 3214//3214 3212//3212
f 3213//3213 3102//3102 3100//3100
f 3215//3215 3102//3102 3213//3213
f 3103//3103 3214//3214 3101//3101
f 3103//3103 3216//3216 3214//3214
f 3215//3215 3104//3104 3102//3102
f 3217//3217 3104//3104 3215//3215
f 3105//3105 3216//3216 3103//3103
f 3105//3105 3218//3218 3216//3216
f 3219//3219 3106//3106 3107//3107
f 3220//3220 3219//3219 3107//3107
f 3104//3104 3220//3220 3107//3107
f 3217//3217 3220//3220 3104//3104
f 3223//3223 3222//3222 3221//3221
f 3108//3108 3109//3109 3221//3221
f 3222//3222 3108//3108 3221//3221
f 3224//3224 3108//3108 3222//3222
f 3108//3108 3225//3225 3110//3110
f 3224//3224 3225//3225 3108//3108
f 3110//3110 3226//3226 3111//3111
f 3225//3225 3226//3226 3110//3110
f 3111//3111 3227//3227 3112//3112
f 3226//3226 3227//3227 3111//3111
f 3112//3112 3228//3228 3113//3113
f 3227//3227 3228//3228 3112//3112
f 3113//3113 3229//3229 3114//3114
f 3228//3228 3229//3229 3113//3113
f 3114//3114 3230//3230 3115//3115
f 3229//3229 3230//3230 3114//3114
f 3115//3115 3231//3231 3116//3116
f 3230//3230 3231//3231 3115//3115
f 3116//3116 3232//3232 3117//3117
f 3231//3231 3232//3232 3116//3116
f 3117//3117 3233//3233 3118//3118
f 3232//3232 3233//3233 3117//3117
f 3118//3118 3234//3234 3119//3119
f 3233//3233 3234//3234 3118//3118
f 3119//3119 3235//3235 3120//3120
f 3234//3234 3235//3235 3119//3119
f 3237//3237 3236//3236 3121//3121
f 3120//3120 3237//3237 3121//3121
f 3235//3235 3237//3237 3120//3120
f 3238//3238 3236//3236 3237//3237
f 3223//3223 3221//3221 3122//3122
f 3123//3123 3223//3223 3122//3122
f 3239//3239 3223//3223 3123//3123
f 3122//3122 3221//3221 3109//3109
f 3236//3236 3124//3124 3121//3121
f 3125//3125 3124//3124 3236//3236
f 3238//3238 3125//3125 3236//3236
f 3240//3240 3125//3125 3238//3238
f 3243//3243 3242//3242 3241//3241
f 3242//3242 3239//3239 3241//3241
f 3239//3239 3126//3126 3241//3241
f 3239//3239 3123//3123 3126//3126
f 3245//3245 3127//3127 3244//3244
f 3127//3127 3240//3240 3244//3244
f 3127//3127 3125//3125 3240//3240
f 3246//3246 3245//3245 3244//3244
f 3243//3243 3241//3241 3129//3129
f 3130//3130 3243//3243 3129//3129
f 3247//3247 3243//3243 3130//3130
f 3129//3129 3241//3241 3126//3126
f 3245//3245 3131//3131 3127//3127
f 3133//3133 3131//3131 3245//3245
f 3246//3246 3133//3133 3245//3245
f 3248//3248 3133//3133 3246//3246
f 3134//3134 3247//3247 3130//3130
f 3134//3134 3249//3249 3247//3247
f 3248//3248 3135//3135 3133//3133
f 3250//3250 3135//3135 3248//3248
f 3136//3136 3249//3249 3134//3134
f 3136//3136 3251//3251 3249//3249
f 3250//3250 3252//3252 3135//3135
f 3135//3135 3252//3252 3137//3137
f 3139//3139 3137//3137 3252//3252
f 3139//3139 3252//3252 3253//3253
f 3140//3140 3251//3251 3136//3136
f 3140//3140 3254//3254 3251//3251
f 3253//3253 3141//3141 3139//3139
f 3255//3255 3141//3141 3253//3253
f 3257//3257 3256//3256 3143//3143
f 3257//3257 3143//3143 3144//3144
f 3140//3140 3143//3143 3254//3254
f 3254//3254 3143//3143 3256//3256
f 3255//3255 3258//3258 3141//3141
f 3141//3141 3258//3258 3145//3145
f 3147//3147 3145//3145 3258//3258
f 3147//3147 3258//3258 3259//3259
f 3148//3148 3257//3257 3144//3144
f 3148//3148 3260//3260 3257//3257
f 3259//3259 3149//3149 3147//3147
f 3261//3261 3149//3149 3259//3259
f 3150//3150 3260//3260 3148//3148
f 3150//3150 3262//3262 3260//3260
f 3261//3261 3263//3263 3149//3149
f 3149//3149 3263//3263 3151//3151
f 3153//3153 3151//3151 3263//3263
f 3153//3153 3263//3263 3264//3264
f 3154//3154 3262//3262 3150//3150
f 3154//3154 3265//3265 3262//3262
f 3264//3264 3155//3155 3153//3153
f 3266//3266 3155//3155 3264//3264
f 3156//3156 3265//3265 3154//3154
f 3156//3156 3267//3267 3265//3265
f 3266//3266 3157//3157 3155//3155
f 3268//3268 3157//3157 3266//3266
f 3158//3158 3267//3267 3156//3156
f 3158//3158 3269//3269 3267//3267
f 3268//3268 3270//3270 3157//3157
f 3157//3157 3270//3270 3162//3162
f 3163//3163 3162//3162 3270//3270
f 3163//3163 3270//3270 3271//3271
f 3164//3164 3269//3269 3158//3158
f 3164//3164 3272//3272 3269//3269
f 3271//3271 3166//3166 3163//3163
f 3273//3273 3166//3166 3271//3271
f 3167//3167 3272//3272 3164//3164
f 3167//3167 3274//3274 3272//3272
f 3273//3273 3168//3168 3166//3166
f 3275//3275 3168//3168 3273//3273
f 3169//3169 3274//3274 3167//3167
f 3169//3169 3276//3276 3274//3274
f 3277//3277 3171//3171 3172//3172
f 3173//3173 3278//3278 3172//3172
f 3172//3172 3278//3278 3277//3277
f 3175//3175 3278//3278 3173//3173
f 3275//3275 3176//3176 3168//3168
f 3279//3279 3176//3176 3275//3275
f 3177//3177 3276//3276 3169//3169
f 3177//3177 3280//3280 3276//3276
f 3283//3283 3282//3282 3281//3281
f 3285//3285 3284//3284 3281//3281
f 3281//3281 3284//3284 3283//3283
f 3286//3286 3284//3284 3277//3277
f 3284//3284 3179//3179 3277//3277
f 3179//3179 3171//3171 3277//3277
f 3284//3284 3285//3285 3179//3179
f 3286//3286 3277//3277 3278//3278
f 3286//3286 3278//3278 3287//3287
f 3278//3278 3175//3175 3287//3287
f 3175//3175 3288//3288 3287//3287
f 3175//3175 3181//3181 3288//3288
f 3279//3279 3182//3182 3176//3176
f 3289//3289 3182//3182 3279//3279
f 3183//3183 3280//3280 3177//3177
f 3183//3183 3290//3290 3280//3280
f 3282//3282 3291//3291 3281//3281
f 3281//3281 3291//3291 3285//3285
f 3285//3285 3291//3291 3292//3292
f 3285//3285 3292//3292 3179//3179
f 3292//3292 3184//3184 3179//3179
f 3292//3292 3293//3293 3184//3184
f 3184//3184 3294//3294 3185//3185
f 3293//3293 3294//3294 3184//3184
f 3181//3181 3185//3185 3288//3288
f 3288//3288 3185//3185 3294//3294
f 3289//3289 3295//3295 3182//3182
f 3182//3182 3295//3295 3186//3186
f 3187//3187 3186//3186 3295//3295
f 3187//3187 3295//3295 3296//3296
f 3188//3188 3290//3290 3183//3183
f 3188//3188 3297//3297 3290//3290
f 3296//3296 3189//3189 3187//3187
f 3298//3298 3189//3189 3296//3296
f 3190//3190 3297//3297 3188//3188
f 3190//3190 3299//3299 3297//3297
f 3298//3298 3191//3191 3189//3189
f 3300//3300 3191//3191 3298//3298
f 3192//3192 3299//3299 3190//3190
f 3192//3192 3301//3301 3299//3299
f 3300//3300 3193//3193 3191//3191
f 3302//3302 3193//3193 3300//3300
f 3194//3194 3301//3301 3192//3192
f 3194//3194 3303//3303 3301//3301
f 3302//3302 3195//3195 3193//3193
f 3304//3304 3195//3195 3302//3302
f 3196//3196 3303//3303 3194//3194
f 3196//3196 3305//3305 3303//3303
f 3304//3304 3197//3197 3195//3195
f 3306//3306 3197//3197 3304//3304
f 3198//3198 3305//3305 3196//3196
f 3198//3198 3307//3307 3305//3305
f 3306//3306 3199//3199 3197//3197
f 3308//3308 3199//3199 3306//3306
f 3201//3201 3307//3307 3198//3198
f 3201//3201 3309//3309 3307//3307
f 3308//3308 3202//3202 3199//3199
f 3310//3310 3202//3202 3308//3308
f 3204//3204 3311//3311 3203//3203
f 3311//3311 3312//3312 3203//3203
f 3312//3312 3201//3201 3203//3203
f 3312//3312 3309//3309 3201//3201
f 3310//3310 3205//3205 3202//3202
f 3313//3313 3205//3205 3310//3310
f 3315//3315 3314//3314 3311//3311
f 3204//3204 3315//3315 3311//3311
f 3206//3206 3315//3315 3204//3204
f 3311//3311 3314//3314 3312//3312
f 3313//3313 3207//3207 3205//3205
f 3316//3316 3207//3207 3313//3313
f 3208//3208 3315//3315 3206//3206
f 3208//3208 3317//3317 3315//3315
f 3316//3316 3209//3209 3207//3207
f 3318//3318 3209//3209 3316//3316
f 3210//3210 3317//3317 3208//3208
f 3210//3210 3319//3319 3317//3317
f 3318//3318 3211//3211 3209//3209
f 3320//3320 3211//3211 3318//3318
f 3212//3212 3319//3319 3210//3210
f 3212//3212 3321//3321 3319//3319
f 3320//3320 3213//3213 3211//3211
f 3322//3322 3213//3213 3320//3320
f 3214//3214 3321//3321 3212//3212
f 3214//3214 3323//3323 3321//3321
f 3322//3322 3215//3215 3213//3213
f 3324//3324 3215//3215 3322//3322
f 3216//3216 3323//3323 3214//3214
f 3216//3216 3325//3325 3323//3323
f 3324//3324 3217//3217 3215//3215
f 3326//3326 3217//3217 3324//3324
f 3218//3218 3325//3325 3216//3216
f 3218//3218 3327//3327 3325//3325
f 3326//3326 3220//3220 3217//3217
f 3328//3328 3220//3220 3326//3326
f 3330//3330 3329//3329 3222//3222
f 3330//3330 3222//3222 3223//3223
f 3222//3222 3331//3331 3224//3224
f 3329//3329 3331//3331 3222//3222
f 3224//3224 3332//3332 3225//3225
f 3331//3331 3332//3332 3224//3224
f 3225//3225 3333//3333 3226//3226
f 3332//3332 3333//3333 3225//3225
f 3226//3226 3334//3334 3227//3227
f 3333//3333 3334//3334 3226//3226
f 3227//3227 3335//3335 3228//3228
f 3334//3334 3335//3335 3227//3227
f 3228//3228 3336//3336 3229//3229
f 3335//3335 3336//3336 3228//3228
f 3229//3229 3337//3337 3230//3230
f 3336//3336 3337//3337 3229//3229
f 3230//3230 3338//3338 3231//3231
f 3337//3337 3338//3338 3230//3230
f 3231//3231 3339//3339 3232//3232
f 3338//3338 3339//3339 3231//3231
f 3232//3232 3340//3340 3233//3233
f 3339//3339 3340//3340 3232//3232
f 3233//3233 3341//3341 3234//3234
f 3340//3340 3341//3341 3233//3233
f 3234//3234 3342//3342 3235//3235
f 3341//3341 3342//3342 3234//3234
f 3235//3235 3343//3343 3237//3237
f 3342//3342 3343//3343 3235//3235
f 3238//3238 3237//3237 3343//3343
f 3238//3238 3343//3343 3344//3344
f 3239//3239 3330//3330 3223//3223
f 3239//3239 3345//3345 3330//3330
f 3344//3344 3240//3240 3238//3238
f 3346//3346 3240//3240 3344//3344
f 3348//3348 3347//3347 3242//3242
f 3348//3348 3242//3242 3243//3243
f 3239//3239 3242//3242 3345//3345
f 3345//3345 3242//3242 3347//3347
f 3346//3346 3349//3349 3240//3240
f 3240//3240 3349//3349 3244//3244
f 3246//3246 3244//3244 3349//3349
f 3246//3246 3349//3349 3350//3350
f 3247//3247 3348//3348 3243//3243
f 3247//3247 3351//3351 3348//3348
f 3350//3350 3248//3248 3246//3246
f 3352//3352 3248//3248 3350//3350
f 3249//3249 3351//3351 3247//3247
f 3249//3249 3353//3353 3351//3351
f 3352//3352 3250//3250 3248//3248
f 3354//3354 3250//3250 3352//3352
f 3251//3251 3353//3353 3249//3249
f 3251//3251 3355//3355 3353//3353
f 3354//3354 3356//3356 3250//3250
f 3250//3250 3356//3356 3252//3252
f 3253//3253 3252//3252 3356//3356
f 3253//3253 3356//3356 3357//3357
f 3254//3254 3355//3355 3251//3251
f 3254//3254 3358//3358 3355//3355
f 3357//3357 3255//3255 3253//3253
f 3359//3359 3255//3255 3357//3357
f 3361//3361 3360//3360 3256//3256
f 3361//3361 3256//3256 3257//3257
f 3254//3254 3256//3256 3358//3358
f 3358//3358 3256//3256 3360//3360
f 3359//3359 3362//3362 3255//3255
f 3255//3255 3362//3362 3258//3258
f 3259//3259 3258//3258 3362//3362
f 3259//3259 3362//3362 3363//3363
f 3260//3260 3361//3361 3257//3257
f 3260//3260 3364//3364 3361//3361
f 3363//3363 3261//3261 3259//3259
f 3365//3365 3261//3261 3363//3363
f 3262//3262 3364//3364 3260//3260
f 3262//3262 3366//3366 3364//3364
f 3365//3365 3367//3367 3261//3261
f 3261//3261 3367//3367 3263//3263
f 3264//3264 3263//3263 3367//3367
f 3264//3264 3367//3367 3368//3368
f 3265//3265 3366//3366 3262//3262
f 3265//3265 3369//3369 3366//3366
f 3368//3368 3266//3266 3264//3264
f 3370//3370 3266//3266 3368//3368
f 3267//3267 3369//3369 3265//3265
f 3267//3267 3371//3371 3369//3369
f 3370//3370 3268//3268 3266//3266
f 3372//3372 3268//3268 3370//3370
f 3269//3269 3371//3371 3267//3267
f 3269//3269 3373//3373 3371//3371
f 3372//3372 3374//3374 3268//3268
f 3268//3268 3374//3374 3270//3270
f 3271//3271 3270//3270 3374//3374
f 3271//3271 3374//3374 3375//3375
f 3272//3272 3373//3373 3269//3269
f 3272//3272 3376//3376 3373//3373
f 3375//3375 3273//3273 3271//3271
f 3377//3377 3273//3273 3375//3375
f 3274//3274 3376//3376 3272//3272
f 3274//3274 3378//3378 3376//3376
f 3377//3377 3275//3275 3273//3273
f 3379//3379 3275//3275 3377//3377
f 3276//3276 3378//3378 3274//3274
f 3276//3276 3380//3380 3378//3378
f 3379//3379 3279//3279 3275//3275
f 3381//3381 3279//3279 3379//3379
f 3280//3280 3380//3380 3276//3276
f 3280//3280 3382//3382 3380//3380
f 3383//3383 3282//3282 3283//3283
f 3284//3284 3384//3384 3283//3283
f 3283//3283 3384//3384 3383//3383
f 3286//3286 3385//3385 3284//3284
f 3284//3284 3385//3385 3384//3384
f 3287//3287 3386//3386 3286//3286
f 3286//3286 3386//3386 3385//3385
f 3288//3288 3386//3386 3287//3287
f 3381//3381 3289//3289 3279//3279
f 3387//3387 3289//3289 3381//3381
f 3290//3290 3382//3382 3280//3280
f 3290//3290 3388//3388 3382//3382
f 3383//3383 3291//3291 3282//3282
f 3291//3291 3383//3383 3292//3292
f 3292//3292 3383//3383 3384//3384
f 3292//3292 3384//3384 3293//3293
f 3293//3293 3384//3384 3385//3385
f 3293//3293 3385//3385 3294//3294
f 3294//3294 3385//3385 3386//3386
f 3294//3294 3386//3386 3288//3288
f 3295//3295 3289//3289 3389//3389
f 3289//3289 3390//3390 3389//3389
f 3289//3289 3387//3387 3390//3390
f 3389//3389 3296//3296 3295//3295
f 3297//3297 3388//3388 3290//3290
f 3297//3297 3391//3391 3388//3388
f 3390//3390 3392//3392 3389//3389
f 3296//3296 3389//3389 3392//3392
f 3393//3393 3296//3296 3392//3392
f 3298//3298 3296//3296 3393//3393
f 3299//3299 3391//3391 3297//3297
f 3299//3299 3394//3394 3391//3391
f 3393//3393 3300//3300 3298//3298
f 3395//3395 3300//3300 3393//3393
f 3301//3301 3394//3394 3299//3299
f 3301//3301 3396//3396 3394//3394
f 3395//3395 3302//3302 3300//3300
f 3397//3397 3302//3302 3395//3395
f 3303//3303 3396//3396 3301//3301
f 3303//3303 3398//3398 3396//3396
f 3397//3397 3304//3304 3302//3302
f 3399//3399 3304//3304 3397//3397
f 3305//3305 3398//3398 3303//3303
f 3305//3305 3400//3400 3398//3398
f 3399//3399 3306//3306 3304//3304
f 3401//3401 3306//3306 3399//3399
f 3307//3307 3400//3400 3305//3305
f 3307//3307 3402//3402 3400//3400
f 3401//3401 3308//3308 3306//3306
f 3403//3403 3308//3308 3401//3401
f 3309//3309 3402//3402 3307//3307
f 3309//3309 3404//3404 3402//3402
f 3403//3403 3310//3310 3308//3308
f 3405//3405 3310//3310 3403//3403
f 3312//3312 3404//3404 3309//3309
f 3312//3312 3406//3406 3404//3404
f 3405//3405 3313//3313 3310//3310
f 3407//3407 3313//3313 3405//3405
f 3409//3409 3408//3408 3314//3314
f 3409//3409 3314//3314 3315//3315
f 3312//3312 3314//3314 3406//3406
f 3406//3406 3314//3314 3408//3408
f 3407//3407 3316//3316 3313//3313
f 3410//3410 3316//3316 3407//3407
f 3317//3317 3409//3409 3315//3315
f 3317//3317 3411//3411 3409//3409
f 3410//3410 3318//3318 3316//3316
f 3412//3412 3318//3318 3410//3410
f 3319//3319 3411//3411 3317//3317
f 3319//3319 3413//3413 3411//3411
f 3412//3412 3320//3320 3318//3318
f 3414//3414 3320//3320 3412//3412
f 3321//3321 3413//3413 3319//3319
f 3321//3321 3415//3415 3413//3413
f 3414//3414 3322//3322 3320//3320
f 3416//3416 3322//3322 3414//3414
f 3323//3323 3415//3415 3321//3321
f 3323//3323 3417//3417 3415//3415
f 3416//3416 3324//3324 3322//3322
f 3418//3418 3324//3324 3416//3416
f 3325//3325 3417//3417 3323//3323
f 3325//3325 3419//3419 3417//3417
f 3418//3418 3326//3326 3324//3324
f 3420//3420 3326//3326 3418//3418
f 3327//3327 3419//3419 3325//3325
f 3327//3327 3421//3421 3419//3419
f 3424//3424 3423//3423 3422//3422
f 3420//3420 3424//3424 3422//3422
f 3328//3328 3420//3420 3422//3422
f 3326//3326 3420//3420 3328//3328
f 3426//3426 3425//3425 3329//3329
f 3426//3426 3329//3329 3330//3330
f 3329//3329 3427//3427 3331//3331
f 3425//3425 3427//3427 3329//3329
f 3331//3331 3428//3428 3332//3332
f 3427//3427 3428//3428 3331//3331
f 3332//3332 3429//3429 3333//3333
f 3428//3428 3429//3429 3332//3332
f 3333//3333 3430//3430 3334//3334
f 3429//3429 3430//3430 3333//3333
f 3334//3334 3431//3431 3335//3335
f 3430//3430 3431//3431 3334//3334
f 3335//3335 3432//3432 3336//3336
f 3431//3431 3432//3432 3335//3335
f 3336//3336 3433//3433 3337//3337
f 3432//3432 3433//3433 3336//3336
f 3337//3337 3434//3434 3338//3338
f 3433//3433 3434//3434 3337//3337
f 3338//3338 3435//3435 3339//3339
f 3434//3434 3435//3435 3338//3338
f 3339//3339 3436//3436 3340//3340
f 3435//3435 3436//3436 3339//3339
f 3340//3340 3437//3437 3341//3341
f 3436//3436 3437//3437 3340//3340
f 3341//3341 3438//3438 3342//3342
f 3437//3437 3438//3438 3341//3341
f 3342//3342 3439//3439 3343//3343
f 3438//3438 3439//3439 3342//3342
f 3344//3344 3343//3343 3439//3439
f 3344//3344 3439//3439 3440//3440
f 3443//3443 3442//3442 3441//3441
f 3442//3442 3426//3426 3441//3441
f 3426//3426 3345//3345 3441//3441
f 3426//3426 3330//3330 3345//3345
f 3440//3440 3346//3346 3344//3344
f 3444//3444 3346//3346 3440//3440
f 3443//3443 3441//3441 3347//3347
f 3348//3348 3443//3443 3347//3347
f 3445//3445 3443//3443 3348//3348
f 3347//3347 3441//3441 3345//3345
f 3444//3444 3446//3446 3346//3346
f 3346//3346 3446//3446 3349//3349
f 3350//3350 3349//3349 3446//3446
f 3350//3350 3446//3446 3447//3447
f 3351//3351 3445//3445 3348//3348
f 3351//3351 3448//3448 3445//3445
f 3447//3447 3352//3352 3350//3350
f 3449//3449 3352//3352 3447//3447
f 3353//3353 3448//3448 3351//3351
f 3353//3353 3450//3450 3448//3448
f 3449//3449 3354//3354 3352//3352
f 3451//3451 3354//3354 3449//3449
f 3355//3355 3450//3450 3353//3353
f 3355//3355 3452//3452 3450//3450
f 3451//3451 3453//3453 3354//3354
f 3354//3354 3453//3453 3356//3356
f 3357//3357 3356//3356 3453//3453
f 3357//3357 3453//3453 3454//3454
f 3358//3358 3452//3452 3355//3355
f 3358//3358 3455//3455 3452//3452
f 3454//3454 3359//3359 3357//3357
f 3456//3456 3359//3359 3454//3454
f 3458//3458 3457//3457 3360//3360
f 3458//3458 3360//3360 3361//3361
f 3358//3358 3360//3360 3455//3455
f 3455//3455 3360//3360 3457//3457
f 3456//3456 3459//3459 3359//3359
f 3359//3359 3459//3459 3362//3362
f 3363//3363 3362//3362 3459//3459
f 3363//3363 3459//3459 3460//3460
f 3364//3364 3458//3458 3361//3361
f 3364//3364 3461//3461 3458//3458
f 3460//3460 3365//3365 3363//3363
f 3462//3462 3365//3365 3460//3460
f 3366//3366 3461//3461 3364//3364
f 3366//3366 3463//3463 3461//3461
f 3462//3462 3464//3464 3365//3365
f 3365//3365 3464//3464 3367//3367
f 3368//3368 3367//3367 3464//3464
f 3368//3368 3464//3464 3465//3465
f 3369//3369 3463//3463 3366//3366
f 3369//3369 3466//3466 3463//3463
f 3465//3465 3370//3370 3368//3368
f 3467//3467 3370//3370 3465//3465
f 3371//3371 3466//3466 3369//3369
f 3371//3371 3468//3468 3466//3466
f 3467//3467 3372//3372 3370//3370
f 3469//3469 3372//3372 3467//3467
f 3373//3373 3468//3468 3371//3371
f 3373//3373 3470//3470 3468//3468
f 3469//3469 3471//3471 3372//3372
f 3372//3372 3471//3471 3374//3374
f 3375//3375 3374//3374 3471//3471
f 3375//3375 3471//3471 3472//3472
f 3376//3376 3470//3470 3373//3373
f 3376//3376 3473//3473 3470//3470
f 3472//3472 3377//3377 3375//3375
f 3474//3474 3377//3377 3472//3472
f 3378//3378 3473//3473 3376//3376
f 3378//3378 3475//3475 3473//3473
f 3474//3474 3379//3379 3377//3377
f 3476//3476 3379//3379 3474//3474
f 3380//3380 3475//3475 3378//3378
f 3380//3380 3477//3477 3475//3475
f 3476//3476 3381//3381 3379//3379
f 3478//3478 3381//3381 3476//3476
f 3382//3382 3477//3477 3380//3380
f 3382//3382 3479//3479 3477//3477
f 3478//3478 3387//3387 3381//3381
f 3480//3480 3387//3387 3478//3478
f 3388//3388 3479//3479 3382//3382
f 3388//3388 3481//3481 3479//3479
f 3480//3480 3390//3390 3387//3387
f 3482//3482 3390//3390 3480//3480
f 3391//3391 3481//3481 3388//3388
f 3391//3391 3483//3483 3481//3481
f 3482//3482 3484//3484 3390//3390
f 3390//3390 3484//3484 3392//3392
f 3393//3393 3392//3392 3484//3484
f 3393//3393 3484//3484 3485//3485
f 3394//3394 3483//3483 3391//3391
f 3394//3394 3486//3486 3483//3483
f 3485//3485 3395//3395 3393//3393
f 3487//3487 3395//3395 3485//3485
f 3396//3396 3486//3486 3394//3394
f 3396//3396 3488//3488 3486//3486
f 3487//3487 3397//3397 3395//3395
f 3489//3489 3397//3397 3487//3487
f 3398//3398 3488//3488 3396//3396
f 3398//3398 3490//3490 3488//3488
f 3489//3489 3399//3399 3397//3397
f 3491//3491 3399//3399 3489//3489
f 3400//3400 3490//3490 3398//3398
f 3400//3400 3492//3492 3490//3490
f 3491//3491 3401//3401 3399//3399
f 3493//3493 3401//3401 3491//3491
f 3402//3402 3492//3492 3400//3400
f 3402//3402 3494//3494 3492//3492
f 3493//3493 3403//3403 3401//3401
f 3495//3495 3403//3403 3493//3493
f 3404//3404 3494//3494 3402//3402
f 3404//3404 3496//3496 3494//3494
f 3495//3495 3405//3405 3403//3403
f 3497//3497 3405//3405 3495//3495
f 3406//3406 3496//3496 3404//3404
f 3406//3406 3498//3498 3496//3496
f 3497//3497 3407//3407 3405//3405
f 3499//3499 3407//3407 3497//3497
f 3409//3409 3500//3500 3408//3408
f 3500//3500 3501//3501 3408//3408
f 3501//3501 3406//3406 3408//3408
f 3501//3501 3498//3498 3406//3406
f 3499//3499 3410//3410 3407//3407
f 3502//3502 3410//3410 3499//3499
f 3504//3504 3503//3503 3500//3500
f 3409//3409 3504//3504 3500//3500
f 3411//3411 3504//3504 3409//3409
f 3500//3500 3503//3503 3501//3501
f 3502//3502 3412//3412 3410//3410
f 3505//3505 3412//3412 3502//3502
f 3413//3413 3504//3504 3411//3411
f 3413//3413 3506//3506 3504//3504
f 3505//3505 3414//3414 3412//3412
f 3507//3507 3414//3414 3505//3505
f 3415//3415 3506//3506 3413//3413
f 3415//3415 3508//3508 3506//3506
f 3507//3507 3416//3416 3414//3414
f 3509//3509 3416//3416 3507//3507
f 3417//3417 3508//3508 3415//3415
f 3417//3417 3510//3510 3508//3508
f 3509//3509 3418//3418 3416//3416
f 3511//3511 3418//3418 3509//3509
f 3419//3419 3510//3510 3417//3417
f 3419//3419 3512//3512 3510//3510
f 3511//3511 3420//3420 3418//3418
f 3513//3513 3420//3420 3511//3511
f 3421//3421 3512//3512 3419//3419
f 3421//3421 3514//3514 3512//3512
f 3516//3516 3515//3515 3424//3424
f 3424//3424 3515//3515 3423//3423
f 3424//3424 3420//3420 3513//3513
f 3424//3424 3513//3513 3516//3516
f 3518//3518 3517//3517 3425//3425
f 3518//3518 3425//3425 3426//3426
f 3425//3425 3519//3519 3427//3427
f 3517//3517 3519//3519 3425//3425
f 3427//3427 3520//3520 3428//3428
f 3519//3519 3520//3520 3427//3427
f 3428//3428 3521//3521 3429//3429
f 3520//3520 3521//3521 3428//3428
f 3429//3429 3522//3522 3430//3430
f 3521//3521 3522//3522 3429//3429
f 3430//3430 3523//3523 3431//3431
f 3522//3522 3523//3523 3430//3430
f 3431//3431 3524//3524 3432//3432
f 3523//3523 3524//3524 3431//3431
f 3432//3432 3525//3525 3433//3433
f 3524//3524 3525//3525 3432//3432
f 3433//3433 3526//3526 3434//3434
f 3525//3525 3526//3526 3433//3433
f 3434//3434 3527//3527 3435//3435
f 3526//3526 3527//3527 3434//3434
f 3435//3435 3528//3528 3436//3436
f 3527//3527 3528//3528 3435//3435
f 3436//3436 3529//3529 3437//3437
f 3528//3528 3529//3529 3436//3436
f 3437//3437 3530//3530 3438//3438
f 3529//3529 3530//3530 3437//3437
f 3438//3438 3531//3531 3439//3439
f 3530//3530 3531//3531 3438//3438
f 3440//3440 3439//3439 3531//3531
f 3440//3440 3531//3531 3532//3532
f 3534//3534 3533//3533 3442//3442
f 3534//3534 3442//3442 3443//3443
f 3426//3426 3442//3442 3518//3518
f 3518//3518 3442//3442 3533//3533
f 3536//3536 3444//3444 3535//3535
f 3444//3444 3532//3532 3535//3535
f 3444//3444 3440//3440 3532//3532
f 3537//3537 3536//3536 3535//3535
f 3445//3445 3534//3534 3443//3443
f 3445//3445 3538//3538 3534//3534
f 3536//3536 3446//3446 3444//3444
f 3447//3447 3446//3446 3536//3536
f 3537//3537 3447//3447 3536//3536
f 3539//3539 3447//3447 3537//3537
f 3448//3448 3538//3538 3445//3445
f 3448//3448 3540//3540 3538//3538
f 3539//3539 3449//3449 3447//3447
f 3541//3541 3449//3449 3539//3539
f 3450//3450 3540//3540 3448//3448
f 3450//3450 3542//3542 3540//3540
f 3544//3544 3451//3451 3543//3543
f 3451//3451 3541//3541 3543//3543
f 3451//3451 3449//3449 3541//3541
f 3545//3545 3544//3544 3543//3543
f 3452//3452 3542//3542 3450//3450
f 3452//3452 3546//3546 3542//3542
f 3544//3544 3453//3453 3451//3451
f 3454//3454 3453//3453 3544//3544
f 3545//3545 3454//3454 3544//3544
f 3547//3547 3454//3454 3545//3545
f 3455//3455 3546//3546 3452//3452
f 3455//3455 3548//3548 3546//3546
f 3547//3547 3456//3456 3454//3454
f 3549//3549 3456//3456 3547//3547
f 3551//3551 3550//3550 3457//3457
f 3551//3551 3457//3457 3458//3458
f 3455//3455 3457//3457 3548//3548
f 3548//3548 3457//3457 3550//3550
f 3549//3549 3552//3552 3456//3456
f 3456//3456 3552//3552 3459//3459
f 3460//3460 3459//3459 3552//3552
f 3460//3460 3552//3552 3553//3553
f 3461//3461 3551//3551 3458//3458
f 3461//3461 3554//3554 3551//3551
f 3553//3553 3462//3462 3460//3460
f 3555//3555 3462//3462 3553//3553
f 3463//3463 3554//3554 3461//3461
f 3463//3463 3556//3556 3554//3554
f 3555//3555 3557//3557 3462//3462
f 3462//3462 3557//3557 3464//3464
f 3465//3465 3464//3464 3557//3557
f 3465//3465 3557//3557 3558//3558
f 3466//3466 3556//3556 3463//3463
f 3466//3466 3559//3559 3556//3556
f 3558//3558 3467//3467 3465//3465
f 3560//3560 3467//3467 3558//3558
f 3468//3468 3559//3559 3466//3466
f 3468//3468 3561//3561 3559//3559
f 3560//3560 3469//3469 3467//3467
f 3562//3562 3469//3469 3560//3560
f 3470//3470 3561//3561 3468//3468
f 3470//3470 3563//3563 3561//3561
f 3562//3562 3564//3564 3469//3469
f 3469//3469 3564//3564 3471//3471
f 3472//3472 3471//3471 3564//3564
f 3472//3472 3564//3564 3565//3565
f 3473//3473 3563//3563 3470//3470
f 3473//3473 3566//3566 3563//3563
f 3565//3565 3474//3474 3472//3472
f 3567//3567 3474//3474 3565//3565
f 3475//3475 3566//3566 3473//3473
f 3475//3475 3568//3568 3566//3566
f 3567//3567 3476//3476 3474//3474
f 3569//3569 3476//3476 3567//3567
f 3477//3477 3568//3568 3475//3475
f 3477//3477 3570//3570 3568//3568
f 3569//3569 3478//3478 3476//3476
f 3571//3571 3478//3478 3569//3569
f 3479//3479 3570//3570 3477//3477
f 3479//3479 3572//3572 3570//3570
f 3571//3571 3480//3480 3478//3478
f 3573//3573 3480//3480 3571//3571
f 3481//3481 3572//3572 3479//3479
f 3481//3481 3574//3574 3572//3572
f 3573//3573 3482//3482 3480//3480
f 3575//3575 3482//3482 3573//3573
f 3483//3483 3574//3574 3481//3481
f 3483//3483 3576//3576 3574//3574
f 3484//3484 3482//3482 3577//3577
f 3482//3482 3578//3578 3577//3577
f 3482//3482 3575//3575 3578//3578
f 3577//3577 3485//3485 3484//3484
f 3486//3486 3576//3576 3483//3483
f 3486//3486 3579//3579 3576//3576
f 3578//3578 3580//3580 3577//3577
f 3485//3485 3577//3577 3580//3580
f 3581//3581 3485//3485 3580//3580
f 3487//3487 3485//3485 3581//3581
f 3488//3488 3579//3579 3486//3486
f 3488//3488 3582//3582 3579//3579
f 3581//3581 3489//3489 3487//3487
f 3583//3583 3489//3489 3581//3581
f 3490//3490 3582//3582 3488//3488
f 3490//3490 3584//3584 3582//3582
f 3583//3583 3491//3491 3489//3489
f 3585//3585 3491//3491 3583//3583
f 3492//3492 3584//3584 3490//3490
f 3492//3492 3586//3586 3584//3584
f 3585//3585 3493//3493 3491//3491
f 3587//3587 3493//3493 3585//3585
f 3494//3494 3586//3586 3492//3492
f 3494//3494 3588//3588 3586//3586
f 3587//3587 3495//3495 3493//3493
f 3589//3589 3495//3495 3587//3587
f 3496//3496 3588//3588 3494//3494
f 3496//3496 3590//3590 3588//3588
f 3589//3589 3497//3497 3495//3495
f 3591//3591 3497//3497 3589//3589
f 3498//3498 3590//3590 3496//3496
f 3498//3498 3592//3592 3590//3590
f 3591//3591 3499//3499 3497//3497
f 3593//3593 3499//3499 3591//3591
f 3596//3596 3595//3595 3594//3594
f 3595//3595 3592//3592 3594//3594
f 3592//3592 3501//3501 3594//3594
f 3592//3592 3498//3498 3501//3501
f 3593//3593 3502//3502 3499//3499
f 3597//3597 3502//3502 3593//3593
f 3596//3596 3594//3594 3503//3503
f 3504//3504 3596//3596 3503//3503
f 3598//3598 3596//3596 3504//3504
f 3503//3503 3594//3594 3501//3501
f 3597//3597 3505//3505 3502//3502
f 3599//3599 3505//3505 3597//3597
f 3506//3506 3598//3598 3504//3504
f 3506//3506 3600//3600 3598//3598
f 3599//3599 3507//3507 3505//3505
f 3601//3601 3507//3507 3599//3599
f 3508//3508 3600//3600 3506//3506
f 3508//3508 3602//3602 3600//3600
f 3601//3601 3509//3509 3507//3507
f 3603//3603 3509//3509 3601//3601
f 3510//3510 3602//3602 3508//3508
f 3510//3510 3604//3604 3602//3602
f 3603//3603 3511//3511 3509//3509
f 3605//3605 3511//3511 3603//3603
f 3512//3512 3604//3604 3510//3510
f 3512//3512 3606//3606 3604//3604
f 3609//3609 3608//3608 3607//3607
f 3605//3605 3609//3609 3607//3607
f 3513//3513 3605//3605 3607//3607
f 3511//3511 3605//3605 3513//3513
f 3514//3514 3606//3606 3512//3512
f 3514//3514 3610//3610 3606//3606
f 3607//3607 3608//3608 3516//3516
f 3608//3608 3515//3515 3516//3516
f 3608//3608 3611//3611 3515//3515
f 3607//3607 3516//3516 3513//3513
f 3613//3613 3612//3612 3517//3517
f 3613//3613 3517//3517 3518//3518
f 3517//3517 3614//3614 3519//3519
f 3612//3612 3614//3614 3517//3517
f 3519//3519 3615//3615 3520//3520
f 3614//3614 3615//3615 3519//3519
f 3520//3520 3616//3616 3521//3521
f 3615//3615 3616//3616 3520//3520
f 3521//3521 3617//3617 3522//3522
f 3616//3616 3617//3617 3521//3521
f 3522//3522 3618//3618 3523//3523
f 3617//3617 3618//3618 3522//3522
f 3523//3523 3619//3619 3524//3524
f 3618//3618 3619//3619 3523//3523
f 3524//3524 3620//3620 3525//3525
f 3619//3619 3620//3620 3524//3524
f 3525//3525 3621//3621 3526//3526
f 3620//3620 3621//3621 3525//3525
f 3526//3526 3622//3622 3527//3527
f 3621//3621 3622//3622 3526//3526
f 3527//3527 3623//3623 3528//3528
f 3622//3622 3623//3623 3527//3527
f 3528//3528 3624//3624 3529//3529
f 3623//3623 3624//3624 3528//3528
f 3529//3529 3625//3625 3530//3530
f 3624//3624 3625//3625 3529//3529
f 3530//3530 3626//3626 3531//3531
f 3625//3625 3626//3626 3530//3530
f 3532//3532 3531//3531 3626//3626
f 3532//3532 3626//3626 3627//3627
f 3629//3629 3628//3628 3533//3533
f 3629//3629 3533//3533 3534//3534
f 3518//3518 3533//3533 3613//3613
f 3613//3613 3533//3533 3628//3628
f 3627//3627 3630//3630 3532//3532
f 3532//3532 3630//3630 3535//3535
f 3537//3537 3535//3535 3630//3630
f 3537//3537 3630//3630 3631//3631
f 3538//3538 3629//3629 3534//3534
f 3538//3538 3632//3632 3629//3629
f 3631//3631 3539//3539 3537//3537
f 3633//3633 3539//3539 3631//3631
f 3540//3540 3632//3632 3538//3538
f 3540//3540 3634//3634 3632//3632
f 3633//3633 3541//3541 3539//3539
f 3635//3635 3541//3541 3633//3633
f 3542//3542 3634//3634 3540//3540
f 3542//3542 3636//3636 3634//3634
f 3543//3543 3541//3541 3637//3637
f 3541//3541 3638//3638 3637//3637
f 3541//3541 3635//3635 3638//3638
f 3637//3637 3545//3545 3543//3543
f 3546//3546 3636//3636 3542//3542
f 3546//3546 3639//3639 3636//3636
f 3638//3638 3640//3640 3637//3637
f 3545//3545 3637//3637 3640//3640
f 3641//3641 3545//3545 3640//3640
f 3547//3547 3545//3545 3641//3641
f 3548//3548 3639//3639 3546//3546
f 3548//3548 3642//3642 3639//3639
f 3641//3641 3549//3549 3547//3547
f 3643//3643 3549//3549 3641//3641
f 3645//3645 3644//3644 3550//3550
f 3645//3645 3550//3550 3551//3551
f 3548//3548 3550//3550 3642//3642
f 3642//3642 3550//3550 3644//3644
f 3643//3643 3646//3646 3549//3549
f 3549//3549 3646//3646 3552//3552
f 3553//3553 3552//3552 3646//3646
f 3553//3553 3646//3646 3647//3647
f 3554//3554 3645//3645 3551//3551
f 3554//3554 3648//3648 3645//3645
f 3647//3647 3555//3555 3553//3553
f 3649//3649 3555//3555 3647//3647
f 3556//3556 3648//3648 3554//3554
f 3556//3556 3650//3650 3648//3648
f 3649//3649 3651//3651 3555//3555
f 3555//3555 3651//3651 3557//3557
f 3558//3558 3557//3557 3651//3651
f 3558//3558 3651//3651 3652//3652
f 3559//3559 3650//3650 3556//3556
f 3559//3559 3653//3653 3650//3650
f 3652//3652 3560//3560 3558//3558
f 3654//3654 3560//3560 3652//3652
f 3561//3561 3653//3653 3559//3559
f 3561//3561 3655//3655 3653//3653
f 3654//3654 3562//3562 3560//3560
f 3656//3656 3562//3562 3654//3654
f 3563//3563 3655//3655 3561//3561
f 3563//3563 3657//3657 3655//3655
f 3656//3656 3658//3658 3562//3562
f 3562//3562 3658//3658 3564//3564
f 3565//3565 3564//3564 3658//3658
f 3565//3565 3658//3658 3659//3659
f 3566//3566 3657//3657 3563//3563
f 3566//3566 3660//3660 3657//3657
f 3659//3659 3567//3567 3565//3565
f 3661//3661 3567//3567 3659//3659
f 3568//3568 3660//3660 3566//3566
f 3568//3568 3662//3662 3660//3660
f 3661//3661 3569//3569 3567//3567
f 3663//3663 3569//3569 3661//3661
f 3570//3570 3662//3662 3568//3568
f 3570//3570 3664//3664 3662//3662
f 3663//3663 3571//3571 3569//3569
f 3665//3665 3571//3571 3663//3663
f 3572//3572 3664//3664 3570//3570
f 3572//3572 3666//3666 3664//3664
f 3665//3665 3573//3573 3571//3571
f 3667//3667 3573//3573 3665//3665
f 3574//3574 3666//3666 3572//3572
f 3574//3574 3668//3668 3666//3666
f 3667//3667 3575//3575 3573//3573
f 3669//3669 3575//3575 3667//3667
f 3576//3576 3668//3668 3574//3574
f 3576//3576 3670//3670 3668//3668
f 3669//3669 3578//3578 3575//3575
f 3671//3671 3578//3578 3669//3669
f 3579//3579 3670//3670 3576//3576
f 3579//3579 3672//3672 3670//3670
f 3671//3671 3673//3673 3578//3578
f 3578//3578 3673//3673 3580//3580
f 3581//3581 3580//3580 3673//3673
f 3581//3581 3673//3673 3674//3674
f 3582//3582 3672//3672 3579//3579
f 3582//3582 3675//3675 3672//3672
f 3674//3674 3583//3583 3581//3581
f 3676//3676 3583//3583 3674//3674
f 3584//3584 3675//3675 3582//3582
f 3584//3584 3677//3677 3675//3675
f 3676//3676 3585//3585 3583//3583
f 3678//3678 3585//3585 3676//3676
f 3586//3586 3677//3677 3584//3584
f 3586//3586 3679//3679 3677//3677
f 3678//3678 3587//3587 3585//3585
f 3680//3680 3587//3587 3678//3678
f 3683//3683 3682//3682 3681//3681
f 3682//3682 3679//3679 3681//3681
f 3679//3679 3588//3588 3681//3681
f 3679//3679 3586//3586 3588//3588
f 3680//3680 3589//3589 3587//3587
f 3684//3684 3589//3589 3680//3680
f 3683//3683 3681//3681 3685//3685
f 3683//3683 3685//3685 3686//3686
f 3590//3590 3685//3685 3588//3588
f 3588//3588 3685//3685 3681//3681
f 3684//3684 3591//3591 3589//3589
f 3687//3687 3591//3591 3684//3684
f 3686//3686 3685//3685 3688//3688
f 3686//3686 3688//3688 3689//3689
f 3592//3592 3688//3688 3590//3590
f 3590//3590 3688//3688 3685//3685
f 3687//3687 3593//3593 3591//3591
f 3690//3690 3593//3593 3687//3687
f 3689//3689 3688//3688 3595//3595
f 3596//3596 3689//3689 3595//3595
f 3691//3691 3689//3689 3596//3596
f 3595//3595 3688//3688 3592//3592
f 3690//3690 3597//3597 3593//3593
f 3692//3692 3597//3597 3690//3690
f 3598//3598 3691//3691 3596//3596
f 3598//3598 3693//3693 3691//3691
f 3692//3692 3599//3599 3597//3597
f 3694//3694 3599//3599 3692//3692
f 3600//3600 3693//3693 3598//3598
f 3600//3600 3695//3695 3693//3693
f 3694//3694 3601//3601 3599//3599
f 3696//3696 3601//3601 3694//3694
f 3602//3602 3695//3695 3600//3600
f 3602//3602 3697//3697 3695//3695
f 3696//3696 3603//3603 3601//3601
f 3698//3698 3603//3603 3696//3696
f 3604//3604 3697//3697 3602//3602
f 3604//3604 3699//3699 3697//3697
f 3702//3702 3701//3701 3700//3700
f 3698//3698 3702//3702 3700//3700
f 3605//3605 3698//3698 3700//3700
f 3603//3603 3698//3698 3605//3605
f 3606//3606 3699//3699 3604//3604
f 3606//3606 3703//3703 3699//3699
f 3700//3700 3701//3701 3609//3609
f 3701//3701 3608//3608 3609//3609
f 3701//3701 3704//3704 3608//3608
f 3700//3700 3609//3609 3605//3605
f 3610//3610 3703//3703 3606//3606
f 3610//3610 3705//3705 3703//3703
f 3704//3704 3611//3611 3608//3608
f 3706//3706 3611//3611 3704//3704
f 3708//3708 3707//3707 3612//3612
f 3708//3708 3612//3612 3613//3613
f 3612//3612 3709//3709 3614//3614
f 3707//3707 3709//3709 3612//3612
f 3614//3614 3710//3710 3615//3615
f 3709//3709 3710//3710 3614//3614
f 3615//3615 3711//3711 3616//3616
f 3710//3710 3711//3711 3615//3615
f 3616//3616 3712//3712 3617//3617
f 3711//3711 3712//3712 3616//3616
f 3617//3617 3713//3713 3618//3618
f 3712//3712 3713//3713 3617//3617
f 3618//3618 3714//3714 3619//3619
f 3713//3713 3714//3714 3618//3618
f 3619//3619 3715//3715 3620//3620
f 3714//3714 3715//3715 3619//3619
f 3620//3620 3716//3716 3621//3621
f 3715//3715 3716//3716 3620//3620
f 3621//3621 3717//3717 3622//3622
f 3716//3716 3717//3717 3621//3621
f 3622//3622 3718//3718 3623//3623
f 3717//3717 3718//3718 3622//3622
f 3623//3623 3719//3719 3624//3624
f 3718//3718 3719//3719 3623//3623
f 3624//3624 3720//3720 3625//3625
f 3719//3719 3720//3720 3624//3624
f 3625//3625 3721//3721 3626//3626
f 3720//3720 3721//3721 3625//3625
f 3627//3627 3626//3626 3721//3721
f 3627//3627 3721//3721 3722//3722
f 3629//3629 3723//3723 3628//3628
f 3723//3723 3724//3724 3628//3628
f 3724//3724 3613//3613 3628//3628
f 3724//3724 3708//3708 3613//3613
f 3630//3630 3627//3627 3725//3725
f 3627//3627 3726//3726 3725//3725
f 3627//3627 3722//3722 3726//3726
f 3725//3725 3631//3631 3630//3630
f 3728//3728 3727//3727 3723//3723
f 3629//3629 3728//3728 3723//3723
f 3632//3632 3728//3728 3629//3629
f 3723//3723 3727//3727 3724//3724
f 3726//3726 3729//3729 3725//3725
f 3631//3631 3725//3725 3729//3729
f 3730//3730 3631//3631 3729//3729
f 3633//3633 3631//3631 3730//3730
f 3634//3634 3728//3728 3632//3632
f 3634//3634 3731//3731 3728//3728
f 3730//3730 3635//3635 3633//3633
f 3732//3732 3635//3635 3730//3730
f 3636//3636 3731//3731 3634//3634
f 3636//3636 3733//3733 3731//3731
f 3732//3732 3638//3638 3635//3635
f 3734//3734 3638//3638 3732//3732
f 3639//3639 3733//3733 3636//3636
f 3639//3639 3735//3735 3733//3733
f 3734//3734 3736//3736 3638//3638
f 3638//3638 3736//3736 3640//3640
f 3641//3641 3640//3640 3736//3736
f 3641//3641 3736//3736 3737//3737
f 3642//3642 3735//3735 3639//3639
f 3642//3642 3738//3738 3735//3735
f 3737//3737 3643//3643 3641//3641
f 3739//3739 3643//3643 3737//3737
f 3741//3741 3740//3740 3644//3644
f 3741//3741 3644//3644 3645//3645
f 3642//3642 3644//3644 3738//3738
f 3738//3738 3644//3644 3740//3740
f 3739//3739 3742//3742 3643//3643
f 3643//3643 3742//3742 3646//3646
f 3647//3647 3646//3646 3742//3742
f 3647//3647 3742//3742 3743//3743
f 3648//3648 3741//3741 3645//3645
f 3648//3648 3744//3744 3741//3741
f 3743//3743 3649//3649 3647//3647
f 3745//3745 3649//3649 3743//3743
f 3650//3650 3744//3744 3648//3648
f 3650//3650 3746//3746 3744//3744
f 3745//3745 3747//3747 3649//3649
f 3649//3649 3747//3747 3651//3651
f 3652//3652 3651//3651 3747//3747
f 3652//3652 3747//3747 3748//3748
f 3653//3653 3746//3746 3650//3650
f 3653//3653 3749//3749 3746//3746
f 3748//3748 3654//3654 3652//3652
f 3750//3750 3654//3654 3748//3748
f 3655//3655 3749//3749 3653//3653
f 3655//3655 3751//3751 3749//3749
f 3750//3750 3656//3656 3654//3654
f 3752//3752 3656//3656 3750//3750
f 3657//3657 3751//3751 3655//3655
f 3657//3657 3753//3753 3751//3751
f 3658//3658 3656//3656 3754//3754
f 3656//3656 3755//3755 3754//3754
f 3656//3656 3752//3752 3755//3755
f 3754//3754 3659//3659 3658//3658
f 3660//3660 3753//3753 3657//3657
f 3660//3660 3756//3756 3753//3753
f 3755//3755 3757//3757 3754//3754
f 3659//3659 3754//3754 3757//3757
f 3758//3758 3659//3659 3757//3757
f 3661//3661 3659//3659 3758//3758
f 3662//3662 3756//3756 3660//3660
f 3662//3662 3759//3759 3756//3756
f 3758//3758 3663//3663 3661//3661
f 3760//3760 3663//3663 3758//3758
f 3664//3664 3759//3759 3662//3662
f 3664//3664 3761//3761 3759//3759
f 3760//3760 3665//3665 3663//3663
f 3762//3762 3665//3665 3760//3760
f 3666//3666 3761//3761 3664//3664
f 3666//3666 3763//3763 3761//3761
f 3762//3762 3667//3667 3665//3665
f 3764//3764 3667//3667 3762//3762
f 3668//3668 3763//3763 3666//3666
f 3668//3668 3765//3765 3763//3763
f 3764//3764 3669//3669 3667//3667
f 3766//3766 3669//3669 3764//3764
f 3670//3670 3765//3765 3668//3668
f 3670//3670 3767//3767 3765//3765
f 3766//3766 3671//3671 3669//3669
f 3768//3768 3671//3671 3766//3766
f 3672//3672 3767//3767 3670//3670
f 3672//3672 3769//3769 3767//3767
f 3673//3673 3671//3671 3770//3770
f 3671//3671 3771//3771 3770//3770
f 3671//3671 3768//3768 3771//3771
f 3770//3770 3674//3674 3673//3673
f 3675//3675 3769//3769 3672//3672
f 3675//3675 3772//3772 3769//3769
f 3771//3771 3773//3773 3770//3770
f 3674//3674 3770//3770 3773//3773
f 3774//3774 3674//3674 3773//3773
f 3676//3676 3674//3674 3774//3774
f 3677//3677 3772//3772 3675//3675
f 3677//3677 3775//3775 3772//3772
f 3774//3774 3678//3678 3676//3676
f 3776//3776 3678//3678 3774//3774
f 3679//3679 3775//3775 3677//3677
f 3679//3679 3777//3777 3775//3775
f 3776//3776 3680//3680 3678//3678
f 3778//3778 3680//3680 3776//3776
f 3780//3780 3779//3779 3682//3682
f 3780//3780 3682//3682 3683//3683
f 3679//3679 3682//3682 3777//3777
f 3777//3777 3682//3682 3779//3779
f 3778//3778 3684//3684 3680//3680
f 3781//3781 3684//3684 3778//3778
f 3686//3686 3780//3780 3683//3683
f 3686//3686 3782//3782 3780//3780
f 3781//3781 3687//3687 3684//3684
f 3783//3783 3687//3687 3781//3781
f 3689//3689 3782//3782 3686//3686
f 3689//3689 3784//3784 3782//3782
f 3783//3783 3690//3690 3687//3687
f 3785//3785 3690//3690 3783//3783
f 3691//3691 3784//3784 3689//3689
f 3691//3691 3786//3786 3784//3784
f 3785//3785 3692//3692 3690//3690
f 3787//3787 3692//3692 3785//3785
f 3693//3693 3786//3786 3691//3691
f 3693//3693 3788//3788 3786//3786
f 3787//3787 3694//3694 3692//3692
f 3789//3789 3694//3694 3787//3787
f 3695//3695 3788//3788 3693//3693
f 3695//3695 3790//3790 3788//3788
f 3789//3789 3696//3696 3694//3694
f 3791//3791 3696//3696 3789//3789
f 3697//3697 3790//3790 3695//3695
f 3697//3697 3792//3792 3790//3790
f 3795//3795 3794//3794 3793//3793
f 3791//3791 3795//3795 3793//3793
f 3698//3698 3791//3791 3793//3793
f 3696//3696 3791//3791 3698//3698
f 3699//3699 3792//3792 3697//3697
f 3699//3699 3796//3796 3792//3792
f 3793//3793 3794//3794 3702//3702
f 3794//3794 3701//3701 3702//3702
f 3794//3794 3797//3797 3701//3701
f 3793//3793 3702//3702 3698//3698
f 3703//3703 3796//3796 3699//3699
f 3703//3703 3798//3798 3796//3796
f 3797//3797 3704//3704 3701//3701
f 3799//3799 3704//3704 3797//3797
f 3705//3705 3798//3798 3703//3703
f 3705//3705 3800//3800 3798//3798
f 3799//3799 3706//3706 3704//3704
f 3801//3801 3706//3706 3799//3799
f 3803//3803 3802//3802 3707//3707
f 3803//3803 3707//3707 3708//3708
f 3707//3707 3804//3804 3709//3709
f 3802//3802 3804//3804 3707//3707
f 3709//3709 3805//3805 3710//3710
f 3804//3804 3805//3805 3709//3709
f 3710//3710 3806//3806 3711//3711
f 3805//3805 3806//3806 3710//3710
f 3711//3711 3807//3807 3712//3712
f 3806//3806 3807//3807 3711//3711
f 3712//3712 3808//3808 3713//3713
f 3807//3807 3808//3808 3712//3712
f 3713//3713 3809//3809 3714//3714
f 3808//3808 3809//3809 3713//3713
f 3714//3714 3810//3810 3715//3715
f 3809//3809 3810//3810 3714//3714
f 3715//3715 3811//3811 3716//3716
f 3810//3810 3811//3811 3715//3715
f 3716//3716 3812//3812 3717//3717
f 3811//3811 3812//3812 3716//3716
f 3717//3717 3813//3813 3718//3718
f 3812//3812 3813//3813 3717//3717
f 3718//3718 3814//3814 3719//3719
f 3813//3813 3814//3814 3718//3718
f 3719//3719 3815//3815 3720//3720
f 3814//3814 3815//3815 3719//3719
f 3720//3720 3816//3816 3721//3721
f 3815//3815 3816//3816 3720//3720
f 3722//3722 3721//3721 3816//3816
f 3722//3722 3816//3816 3817//3817
f 3724//3724 3803//3803 3708//3708
f 3724//3724 3818//3818 3803//3803
f 3817//3817 3726//3726 3722//3722
f 3819//3819 3726//3726 3817//3817
f 3821//3821 3820//3820 3727//3727
f 3821//3821 3727//3727 3728//3728
f 3724//3724 3727//3727 3818//3818
f 3818//3818 3727//3727 3820//3820
f 3819//3819 3822//3822 3726//3726
f 3726//3726 3822//3822 3729//3729
f 3730//3730 3729//3729 3822//3822
f 3730//3730 3822//3822 3823//3823
f 3731//3731 3821//3821 3728//3728
f 3731//3731 3824//3824 3821//3821
f 3823//3823 3732//3732 3730//3730
f 3825//3825 3732//3732 3823//3823
f 3733//3733 3824//3824 3731//3731
f 3733//3733 3826//3826 3824//3824
f 3825//3825 3734//3734 3732//3732
f 3827//3827 3734//3734 3825//3825
f 3735//3735 3826//3826 3733//3733
f 3735//3735 3828//3828 3826//3826
f 3827//3827 3829//3829 3734//3734
f 3734//3734 3829//3829 3736//3736
f 3737//3737 3736//3736 3829//3829
f 3737//3737 3829//3829 3830//3830
f 3738//3738 3828//3828 3735//3735
f 3738//3738 3831//3831 3828//3828
f 3830//3830 3739//3739 3737//3737
f 3832//3832 3739//3739 3830//3830
f 3834//3834 3833//3833 3740//3740
f 3834//3834 3740//3740 3741//3741
f 3738//3738 3740//3740 3831//3831
f 3831//3831 3740//3740 3833//3833
f 3832//3832 3835//3835 3739//3739
f 3739//3739 3835//3835 3742//3742
f 3743//3743 3742//3742 3835//3835
f 3743//3743 3835//3835 3836//3836
f 3744//3744 3834//3834 3741//3741
f 3744//3744 3837//3837 3834//3834
f 3836//3836 3745//3745 3743//3743
f 3838//3838 3745//3745 3836//3836
f 3746//3746 3837//3837 3744//3744
f 3746//3746 3839//3839 3837//3837
f 3747//3747 3745//3745 3840//3840
f 3745//3745 3841//3841 3840//3840
f 3745//3745 3838//3838 3841//3841
f 3840//3840 3748//3748 3747//3747
f 3749//3749 3839//3839 3746//3746
f 3749//3749 3842//3842 3839//3839
f 3841//3841 3843//3843 3840//3840
f 3748//3748 3840//3840 3843//3843
f 3844//3844 3748//3748 3843//3843
f 3750//3750 3748//3748 3844//3844
f 3751//3751 3842//3842 3749//3749
f 3751//3751 3845//3845 3842//3842
f 3844//3844 3752//3752 3750//3750
f 3846//3846 3752//3752 3844//3844
f 3753//3753 3845//3845 3751//3751
f 3753//3753 3847//3847 3845//3845
f 3846//3846 3755//3755 3752//3752
f 3848//3848 3755//3755 3846//3846
f 3756//3756 3847//3847 3753//3753
f 3756//3756 3849//3849 3847//3847
f 3757//3757 3755//3755 3850//3850
f 3755//3755 3851//3851 3850//3850
f 3755//3755 3848//3848 3851//3851
f 3850//3850 3758//3758 3757//3757
f 3759//3759 3849//3849 3756//3756
f 3759//3759 3852//3852 3849//3849
f 3851//3851 3853//3853 3850//3850
f 3758//3758 3850//3850 3853//3853
f 3854//3854 3758//3758 3853//3853
f 3760//3760 3758//3758 3854//3854
f 3761//3761 3852//3852 3759//3759
f 3761//3761 3855//3855 3852//3852
f 3854//3854 3762//3762 3760//3760
f 3856//3856 3762//3762 3854//3854
f 3763//3763 3855//3855 3761//3761
f 3763//3763 3857//3857 3855//3855
f 3856//3856 3764//3764 3762//3762
f 3858//3858 3764//3764 3856//3856
f 3765//3765 3857//3857 3763//3763
f 3765//3765 3859//3859 3857//3857
f 3858//3858 3766//3766 3764//3764
f 3860//3860 3766//3766 3858//3858
f 3767//3767 3859//3859 3765//3765
f 3767//3767 3861//3861 3859//3859
f 3860//3860 3768//3768 3766//3766
f 3862//3862 3768//3768 3860//3860
f 3769//3769 3861//3861 3767//3767
f 3769//3769 3863//3863 3861//3861
f 3862//3862 3771//3771 3768//3768
f 3864//3864 3771//3771 3862//3862
f 3772//3772 3863//3863 3769//3769
f 3772//3772 3865//3865 3863//3863
f 3773//3773 3771//3771 3866//3866
f 3771//3771 3867//3867 3866//3866
f 3771//3771 3864//3864 3867//3867
f 3866//3866 3774//3774 3773//3773
f 3775//3775 3865//3865 3772//3772
f 3775//3775 3868//3868 3865//3865
f 3867//3867 3869//3869 3866//3866
f 3774//3774 3866//3866 3869//3869
f 3870//3870 3774//3774 3869//3869
f 3776//3776 3774//3774 3870//3870
f 3777//3777 3868//3868 3775//3775
f 3777//3777 3871//3871 3868//3868
f 3870//3870 3778//3778 3776//3776
f 3872//3872 3778//3778 3870//3870
f 3874//3874 3873//3873 3779//3779
f 3874//3874 3779//3779 3780//3780
f 3777//3777 3779//3779 3871//3871
f 3871//3871 3779//3779 3873//3873
f 3872//3872 3781//3781 3778//3778
f 3875//3875 3781//3781 3872//3872
f 3782//3782 3874//3874 3780//3780
f 3782//3782 3876//3876 3874//3874
f 3875//3875 3783//3783 3781//3781
f 3877//3877 3783//3783 3875//3875
f 3784//3784 3876//3876 3782//3782
f 3784//3784 3878//3878 3876//3876
f 3877//3877 3785//3785 3783//3783
f 3879//3879 3785//3785 3877//3877
f 3786//3786 3878//3878 3784//3784
f 3786//3786 3880//3880 3878//3878
f 3879//3879 3787//3787 3785//3785
f 3881//3881 3787//3787 3879//3879
f 3788//3788 3880//3880 3786//3786
f 3788//3788 3882//3882 3880//3880
f 3885//3885 3884//3884 3883//3883
f 3881//3881 3885//3885 3883//3883
f 3789//3789 3881//3881 3883//3883
f 3787//3787 3881//3881 3789//3789
f 3790//3790 3882//3882 3788//3788
f 3790//3790 3886//3886 3882//3882
f 3883//3883 3884//3884 3887//3887
f 3887//3887 3884//3884 3888//3888
f 3887//3887 3791//3791 3789//3789
f 3887//3887 3789//3789 3883//3883
f 3792//3792 3886//3886 3790//3790
f 3792//3792 3889//3889 3886//3886
f 3887//3887 3888//3888 3795//3795
f 3888//3888 3794//3794 3795//3795
f 3888//3888 3890//3890 3794//3794
f 3887//3887 3795//3795 3791//3791
f 3796//3796 3889//3889 3792//3792
f 3796//3796 3891//3891 3889//3889
f 3890//3890 3797//3797 3794//3794
f 3892//3892 3797//3797 3890//3890
f 3798//3798 3891//3891 3796//3796
f 3798//3798 3893//3893 3891//3891
f 3892//3892 3799//3799 3797//3797
f 3894//3894 3799//3799 3892//3892
f 3800//3800 3893//3893 3798//3798
f 3800//3800 3895//3895 3893//3893
f 3894//3894 3801//3801 3799//3799
f 3896//3896 3801//3801 3894//3894
f 3898//3898 3897//3897 3802//3802
f 3898//3898 3802//3802 3803//3803
f 3802//3802 3899//3899 3804//3804
f 3897//3897 3899//3899 3802//3802
f 3804//3804 3900//3900 3805//3805
f 3899//3899 3900//3900 3804//3804
f 3805//3805 3901//3901 3806//3806
f 3900//3900 3901//3901 3805//3805
f 3806//3806 3902//3902 3807//3807
f 3901//3901 3902//3902 3806//3806
f 3807//3807 3903//3903 3808//3808
f 3902//3902 3903//3903 3807//3807
f 3808//3808 3904//3904 3809//3809
f 3903//3903 3904//3904 3808//3808
f 3809//3809 3905//3905 3810//3810
f 3904//3904 3905//3905 3809//3809
f 3810//3810 3906//3906 3811//3811
f 3905//3905 3906//3906 3810//3810
f 3811//3811 3907//3907 3812//3812
f 3906//3906 3907//3907 3811//3811
f 3812//3812 3908//3908 3813//3813
f 3907//3907 3908//3908 3812//3812
f 3813//3813 3909//3909 3814//3814
f 3908//3908 3909//3909 3813//3813
f 3814//3814 3910//3910 3815//3815
f 3909//3909 3910//3910 3814//3814
f 3815//3815 3911//3911 3816//3816
f 3910//3910 3911//3911 3815//3815
f 3817//3817 3816//3816 3911//3911
f 3817//3817 3911//3911 3912//3912
f 3818//3818 3898//3898 3803//3803
f 3818//3818 3913//3913 3898//3898
f 3912//3912 3819//3819 3817//3817
f 3914//3914 3819//3819 3912//3912
f 3821//3821 3915//3915 3820//3820
f 3915//3915 3916//3916 3820//3820
f 3916//3916 3818//3818 3820//3820
f 3916//3916 3913//3913 3818//3818
f 3822//3822 3819//3819 3917//3917
f 3819//3819 3918//3918 3917//3917
f 3819//3819 3914//3914 3918//3918
f 3917//3917 3823//3823 3822//3822
f 3920//3920 3919//3919 3915//3915
f 3821//3821 3920//3920 3915//3915
f 3824//3824 3920//3920 3821//3821
f 3915//3915 3919//3919 3916//3916
f 3918//3918 3921//3921 3917//3917
f 3823//3823 3917//3917 3921//3921
f 3922//3922 3823//3823 3921//3921
f 3825//3825 3823//3823 3922//3922
f 3826//3826 3920//3920 3824//3824
f 3826//3826 3923//3923 3920//3920
f 3922//3922 3827//3827 3825//3825
f 3924//3924 3827//3827 3922//3922
f 3828//3828 3923//3923 3826//3826
f 3828//3828 3925//3925 3923//3923
f 3924//3924 3926//3926 3827//3827
f 3827//3827 3926//3926 3829//3829
f 3830//3830 3829//3829 3926//3926
f 3830//3830 3926//3926 3927//3927
f 3831//3831 3925//3925 3828//3828
f 3831//3831 3928//3928 3925//3925
f 3927//3927 3832//3832 3830//3830
f 3929//3929 3832//3832 3927//3927
f 3931//3931 3930//3930 3833//3833
f 3931//3931 3833//3833 3834//3834
f 3831//3831 3833//3833 3928//3928
f 3928//3928 3833//3833 3930//3930
f 3929//3929 3932//3932 3832//3832
f 3832//3832 3932//3932 3835//3835
f 3836//3836 3835//3835 3932//3932
f 3836//3836 3932//3932 3933//3933
f 3837//3837 3931//3931 3834//3834
f 3837//3837 3934//3934 3931//3931
f 3933//3933 3838//3838 3836//3836
f 3935//3935 3838//3838 3933//3933
f 3839//3839 3934//3934 3837//3837
f 3839//3839 3936//3936 3934//3934
f 3935//3935 3841//3841 3838//3838
f 3937//3937 3841//3841 3935//3935
f 3842//3842 3936//3936 3839//3839
f 3842//3842 3938//3938 3936//3936
f 3937//3937 3939//3939 3841//3841
f 3841//3841 3939//3939 3843//3843
f 3844//3844 3843//3843 3939//3939
f 3844//3844 3939//3939 3940//3940
f 3845//3845 3938//3938 3842//3842
f 3845//3845 3941//3941 3938//3938
f 3940//3940 3846//3846 3844//3844
f 3942//3942 3846//3846 3940//3940
f 3847//3847 3941//3941 3845//3845
f 3847//3847 3943//3943 3941//3941
f 3942//3942 3848//3848 3846//3846
f 3944//3944 3848//3848 3942//3942
f 3849//3849 3943//3943 3847//3847
f 3849//3849 3945//3945 3943//3943
f 3944//3944 3851//3851 3848//3848
f 3946//3946 3851//3851 3944//3944
f 3852//3852 3945//3945 3849//3849
f 3852//3852 3947//3947 3945//3945
f 3853//3853 3851//3851 3948//3948
f 3851//3851 3949//3949 3948//3948
f 3851//3851 3946//3946 3949//3949
f 3948//3948 3854//3854 3853//3853
f 3855//3855 3947//3947 3852//3852
f 3855//3855 3950//3950 3947//3947
f 3949//3949 3951//3951 3948//3948
f 3854//3854 3948//3948 3951//3951
f 3952//3952 3854//3854 3951//3951
f 3856//3856 3854//3854 3952//3952
f 3955//3955 3954//3954 3953//3953
f 3954//3954 3950//3950 3953//3953
f 3950//3950 3857//3857 3953//3953
f 3950//3950 3855//3855 3857//3857
f 3952//3952 3858//3858 3856//3856
f 3956//3956 3858//3858 3952//3952
f 3955//3955 3953//3953 3957//3957
f 3955//3955 3957//3957 3958//3958
f 3859//3859 3957//3957 3857//3857
f 3857//3857 3957//3957 3953//3953
f 3956//3956 3860//3860 3858//3858
f 3959//3959 3860//3860 3956//3956
f 3958//3958 3957//3957 3960//3960
f 3958//3958 3960//3960 3961//3961
f 3861//3861 3960//3960 3859//3859
f 3859//3859 3960//3960 3957//3957
f 3959//3959 3862//3862 3860//3860
f 3962//3962 3862//3862 3959//3959
f 3961//3961 3960//3960 3963//3963
f 3961//3961 3963//3963 3964//3964
f 3863//3863 3963//3963 3861//3861
f 3861//3861 3963//3963 3960//3960
f 3962//3962 3864//3864 3862//3862
f 3965//3965 3864//3864 3962//3962
f 3964//3964 3963//3963 3966//3966
f 3964//3964 3966//3966 3967//3967
f 3865//3865 3966//3966 3863//3863
f 3863//3863 3966//3966 3963//3963
f 3965//3965 3867//3867 3864//3864
f 3968//3968 3867//3867 3965//3965
f 3967//3967 3966//3966 3969//3969
f 3967//3967 3969//3969 3970//3970
f 3868//3868 3969//3969 3865//3865
f 3865//3865 3969//3969 3966//3966
f 3869//3869 3867//3867 3971//3971
f 3867//3867 3972//3972 3971//3971
f 3867//3867 3968//3968 3972//3972
f 3971//3971 3870//3870 3869//3869
f 3970//3970 3969//3969 3973//3973
f 3970//3970 3973//3973 3974//3974
f 3871//3871 3973//3973 3868//3868
f 3868//3868 3973//3973 3969//3969
f 3971//3971 3972//3972 3975//3975
f 3975//3975 3972//3972 3976//3976
f 3975//3975 3872//3872 3870//3870
f 3975//3975 3870//3870 3971//3971
f 3974//3974 3973//3973 3873//3873
f 3874//3874 3974//3974 3873//3873
f 3977//3977 3974//3974 3874//3874
f 3873//3873 3973//3973 3871//3871
f 3975//3975 3976//3976 3978//3978
f 3978//3978 3976//3976 3979//3979
f 3978//3978 3875//3875 3872//3872
f 3978//3978 3872//3872 3975//3975
f 3876//3876 3977//3977 3874//3874
f 3876//3876 3980//3980 3977//3977
f 3978//3978 3979//3979 3981//3981
f 3981//3981 3979//3979 3982//3982
f 3981//3981 3877//3877 3875//3875
f 3981//3981 3875//3875 3978//3978
f 3878//3878 3980//3980 3876//3876
f 3878//3878 3983//3983 3980//3980
f 3981//3981 3982//3982 3984//3984
f 3984//3984 3982//3982 3985//3985
f 3984//3984 3879//3879 3877//3877
f 3984//3984 3877//3877 3981//3981
f 3880//3880 3983//3983 3878//3878
f 3880//3880 3986//3986 3983//3983
f 3984//3984 3985//3985 3987//3987
f 3987//3987 3985//3985 3988//3988
f 3987//3987 3881//3881 3879//3879
f 3987//3987 3879//3879 3984//3984
f 3882//3882 3986//3986 3880//3880
f 3882//3882 3989//3989 3986//3986
f 3987//3987 3988//3988 3885//3885
f 3988//3988 3884//3884 3885//3885
f 3988//3988 3990//3990 3884//3884
f 3987//3987 3885//3885 3881//3881
f 3886//3886 3989//3989 3882//3882
f 3886//3886 3991//3991 3989//3989
f 3990//3990 3888//3888 3884//3884
f 3992//3992 3888//3888 3990//3990
f 3889//3889 3991//3991 3886//3886
f 3889//3889 3993//3993 3991//3991
f 3992//3992 3890//3890 3888//3888
f 3994//3994 3890//3890 3992//3992
f 3891//3891 3993//3993 3889//3889
f 3891//3891 3995//3995 3993//3993
f 3994//3994 3892//3892 3890//3890
f 3996//3996 3892//3892 3994//3994
f 3893//3893 3995//3995 3891//3891
f 3893//3893 3997//3997 3995//3995
f 3996//3996 3894//3894 3892//3892
f 3998//3998 3894//3894 3996//3996
f 3895//3895 4000//4000 3999//3999
f 3997//3997 3895//3895 3999//3999
f 3893//3893 3895//3895 3997//3997
f 4000//4000 4001//4001 3999//3999
f 3998//3998 3896//3896 3894//3894
f 4002//4002 3896//3896 3998//3998
f 3898//3898 4003//4003 3897//3897
f 3897//3897 4003//4003 4004//4004
f 4005//4005 3897//3897 4004//4004
f 3899//3899 3897//3897 4005//4005
f 3899//3899 4006//4006 3900//3900
f 4005//4005 4006//4006 3899//3899
f 3900//3900 4007//4007 3901//3901
f 4006//4006 4007//4007 3900//3900
f 3901//3901 4008//4008 3902//3902
f 4007//4007 4008//4008 3901//3901
f 3902//3902 4009//4009 3903//3903
f 4008//4008 4009//4009 3902//3902
f 3903//3903 4010//4010 3904//3904
f 4009//4009 4010//4010 3903//3903
f 3904//3904 4011//4011 3905//3905
f 4010//4010 4011//4011 3904//3904
f 3905//3905 4012//4012 3906//3906
f 4011//4011 4012//4012 3905//3905
f 3906//3906 4013//4013 3907//3907
f 4012//4012 4013//4013 3906//3906
f 3907//3907 4014//4014 3908//3908
f 4013//4013 4014//4014 3907//3907
f 3908//3908 4015//4015 3909//3909
f 4014//4014 4015//4015 3908//3908
f 3909//3909 4016//4016 3910//3910
f 4015//4015 4016//4016 3909//3909
f 4016//4016 4018//4018 4017//4017
f 3911//3911 4016//4016 4017//4017
f 3910//3910 4016//4016 3911//3911
f 4017//4017 3912//3912 3911//3911
f 4020//4020 4019//4019 4003//4003
f 3898//3898 4020//4020 4003//4003
f 3913//3913 4020//4020 3898//3898
f 4003//4003 4019//4019 4004//4004
f 4018//4018 4021//4021 4017//4017
f 3912//3912 4017//4017 4021//4021
f 4022//4022 3912//3912 4021//4021
f 3914//3914 3912//3912 4022//4022
f 3916//3916 4020//4020 3913//3913
f 3916//3916 4023//4023 4020//4020
f 4022//4022 3918//3918 3914//3914
f 4024//4024 3918//3918 4022//4022
f 3920//3920 4025//4025 3919//3919
f 4025//4025 4026//4026 3919//3919
f 4026//4026 3916//3916 3919//3919
f 4026//4026 4023//4023 3916//3916
f 4024//4024 4027//4027 3918//3918
f 3918//3918 4027//4027 3921//3921
f 3922//3922 3921//3921 4027//4027
f 3922//3922 4027//4027 4028//4028
f 4030//4030 4029//4029 4025//4025
f 3920//3920 4030//4030 4025//4025
f 3923//3923 4030//4030 3920//3920
f 4025//4025 4029//4029 4026//4026
f 4028//4028 3924//3924 3922//3922
f 4031//4031 3924//3924 4028//4028
f 3925//3925 4033//4033 4032//4032
f 4030//4030 3925//3925 4032//4032
f 3923//3923 3925//3925 4030//4030
f 4033//4033 4034//4034 4032//4032
f 4031//4031 4035//4035 3924//3924
f 3924//3924 4035//4035 3926//3926
f 3927//3927 3926//3926 4035//4035
f 3927//3927 4035//4035 4036//4036
f 4038//4038 4037//4037 4033//4033
f 3925//3925 4038//4038 4033//4033
f 3928//3928 4038//4038 3925//3925
f 4033//4033 4037//4037 4034//4034
f 4036//4036 3929//3929 3927//3927
f 4039//4039 3929//3929 4036//4036
f 3931//3931 4040//4040 3930//3930
f 4040//4040 4041//4041 3930//3930
f 4041//4041 3928//3928 3930//3930
f 4041//4041 4038//4038 3928//3928
f 3932//3932 3929//3929 4042//4042
f 3929//3929 4043//4043 4042//4042
f 3929//3929 4039//4039 4043//4043
f 4042//4042 3933//3933 3932//3932
f 4045//4045 4044//4044 4040//4040
f 3931//3931 4045//4045 4040//4040
f 3934//3934 4045//4045 3931//3931
f 4040//4040 4044//4044 4041//4041
f 4043//4043 4046//4046 4042//4042
f 3933//3933 4042//4042 4046//4046
f 4047//4047 3933//3933 4046//4046
f 3935//3935 3933//3933 4047//4047
f 3936//3936 4045//4045 3934//3934
f 3936//3936 4048//4048 4045//4045
f 4047//4047 3937//3937 3935//3935
f 4049//4049 3937//3937 4047//4047
f 3938//3938 4048//4048 3936//3936
f 3938//3938 4050//4050 4048//4048
f 3939//3939 3937//3937 4051//4051
f 3937//3937 4052//4052 4051//4051
f 3937//3937 4049//4049 4052//4052
f 4051//4051 3940//3940 3939//3939
f 3941//3941 4050//4050 3938//3938
f 3941//3941 4053//4053 4050//4050
f 4052//4052 4054//4054 4051//4051
f 3940//3940 4051//4051 4054//4054
f 4055//4055 3940//3940 4054//4054
f 3942//3942 3940//3940 4055//4055
f 3943//3943 4053//4053 3941//3941
f 3943//3943 4056//4056 4053//4053
f 4055//4055 3944//3944 3942//3942
f 4057//4057 3944//3944 4055//4055
f 4060//4060 4059//4059 4058//4058
f 4059//4059 4056//4056 4058//4058
f 4056//4056 3945//3945 4058//4058
f 4056//4056 3943//3943 3945//3945
f 4057//4057 3946//3946 3944//3944
f 4061//4061 3946//3946 4057//4057
f 4060//4060 4058//4058 4062//4062
f 4060//4060 4062//4062 4063//4063
f 3947//3947 4062//4062 3945//3945
f 3945//3945 4062//4062 4058//4058
f 4061//4061 3949//3949 3946//3946
f 4064//4064 3949//3949 4061//4061
f 4063//4063 4062//4062 4065//4065
f 4063//4063 4065//4065 4066//4066
f 3950//3950 4065//4065 3947//3947
f 3947//3947 4065//4065 4062//4062
f 3951//3951 3949//3949 4067//4067
f 3949//3949 4068//4068 4067//4067
f 3949//3949 4064//4064 4068//4068
f 4067//4067 3952//3952 3951//3951
f 4066//4066 4065//4065 3954//3954
f 3955//3955 4066//4066 3954//3954
f 4069//4069 4066//4066 3955//3955
f 3954//3954 4065//4065 3950//3950
f 4068//4068 4070//4070 4067//4067
f 3952//3952 4067//4067 4070//4070
f 4071//4071 3952//3952 4070//4070
f 3956//3956 3952//3952 4071//4071
f 3958//3958 4069//4069 3955//3955
f 3958//3958 4072//4072 4069//4069
f 4071//4071 3959//3959 3956//3956
f 4073//4073 3959//3959 4071//4071
f 3961//3961 4072//4072 3958//3958
f 3961//3961 4074//4074 4072//4072
f 4073//4073 3962//3962 3959//3959
f 4075//4075 3962//3962 4073//4073
f 3964//3964 4074//4074 3961//3961
f 3964//3964 4076//4076 4074//4074
f 4075//4075 3965//3965 3962//3962
f 4077//4077 3965//3965 4075//4075
f 3967//3967 4076//4076 3964//3964
f 3967//3967 4078//4078 4076//4076
f 4077//4077 3968//3968 3965//3965
f 4079//4079 3968//3968 4077//4077
f 3970//3970 4078//4078 3967//3967
f 3970//3970 4080//4080 4078//4078
f 4079//4079 3972//3972 3968//3968
f 4081//4081 3972//3972 4079//4079
f 3974//3974 4080//4080 3970//3970
f 3974//3974 4082//4082 4080//4080
f 4081//4081 3976//3976 3972//3972
f 4083//4083 3976//3976 4081//4081
f 3977//3977 4082//4082 3974//3974
f 3977//3977 4084//4084 4082//4082
f 4083//4083 3979//3979 3976//3976
f 4085//4085 3979//3979 4083//4083
f 3980//3980 4084//4084 3977//3977
f 3980//3980 4086//4086 4084//4084
f 4085//4085 3982//3982 3979//3979
f 4087//4087 3982//3982 4085//4085
f 3983//3983 4086//4086 3980//3980
f 3983//3983 4088//4088 4086//4086
f 4087//4087 3985//3985 3982//3982
f 4089//4089 3985//3985 4087//4087
f 3986//3986 4088//4088 3983//3983
f 3986//3986 4090//4090 4088//4088
f 4089//4089 3988//3988 3985//3985
f 4091//4091 3988//3988 4089//4089
f 3989//3989 4090//4090 3986//3986
f 3989//3989 4092//4092 4090//4090
f 4091//4091 3990//3990 3988//3988
f 4093//4093 3990//3990 4091//4091
f 3991//3991 4092//4092 3989//3989
f 3991//3991 4094//4094 4092//4092
f 4093//4093 3992//3992 3990//3990
f 4095//4095 3992//3992 4093//4093
f 3993//3993 4094//4094 3991//3991
f 3993//3993 4096//4096 4094//4094
f 4095//4095 3994//3994 3992//3992
f 4097//4097 3994//3994 4095//4095
f 3995//3995 4096//4096 3993//3993
f 3995//3995 4098//4098 4096//4096
f 4097//4097 3996//3996 3994//3994
f 4099//4099 3996//3996 4097//4097
f 3997//3997 4098//4098 3995//3995
f 3997//3997 4100//4100 4098//4098
f 4099//4099 3998//3998 3996//3996
f 4101//4101 3998//3998 4099//4099
f 4102//4102 4100//4100 3997//3997
f 4102//4102 3997//3997 3999//3999
f 3999//3999 4001//4001 4102//4102
f 4102//4102 4001//4001 4103//4103
f 4101//4101 4002//4002 3998//3998
f 4104//4104 4002//4002 4101//4101
f 4106//4106 4105//4105 4005//4005
f 4106//4106 4005//4005 4004//4004
f 4005//4005 4107//4107 4006//4006
f 4105//4105 4107//4107 4005//4005
f 4006//4006 4108//4108 4007//4007
f 4107//4107 4108//4108 4006//4006
f 4007//4007 4109//4109 4008//4008
f 4108//4108 4109//4109 4007//4007
f 4008//4008 4110//4110 4009//4009
f 4109//4109 4110//4110 4008//4008
f 4009//4009 4111//4111 4010//4010
f 4110//4110 4111//4111 4009//4009
f 4010//4010 4112//4112 4011//4011
f 4111//4111 4112//4112 4010//4010
f 4011//4011 4113//4113 4012//4012
f 4112//4112 4113//4113 4011//4011
f 4012//4012 4114//4114 4013//4013
f 4113//4113 4114//4114 4012//4012
f 4013//4013 4115//4115 4014//4014
f 4114//4114 4115//4115 4013//4013
f 4014//4014 4116//4116 4015//4015
f 4115//4115 4116//4116 4014//4014
f 4015//4015 4117//4117 4016//4016
f 4116//4116 4117//4117 4015//4015
f 4018//4018 4016//4016 4117//4117
f 4018//4018 4117//4117 4118//4118
f 4020//4020 4119//4119 4019//4019
f 4119//4119 4120//4120 4019//4019
f 4120//4120 4004//4004 4019//4019
f 4120//4120 4106//4106 4004//4004
f 4021//4021 4018//4018 4121//4121
f 4018//4018 4122//4122 4121//4121
f 4018//4018 4118//4118 4122//4122
f 4121//4121 4022//4022 4021//4021
f 4124//4124 4123//4123 4119//4119
f 4020//4020 4124//4124 4119//4119
f 4023//4023 4124//4124 4020//4020
f 4119//4119 4123//4123 4120//4120
f 4122//4122 4125//4125 4121//4121
f 4022//4022 4121//4121 4125//4125
f 4126//4126 4022//4022 4125//4125
f 4024//4024 4022//4022 4126//4126
f 4026//4026 4124//4124 4023//4023
f 4026//4026 4127//4127 4124//4124
f 4027//4027 4024//4024 4128//4128
f 4024//4024 4129//4129 4128//4128
f 4024//4024 4126//4126 4129//4129
f 4128//4128 4028//4028 4027//4027
f 4030//4030 4130//4130 4029//4029
f 4130//4130 4131//4131 4029//4029
f 4131//4131 4026//4026 4029//4029
f 4131//4131 4127//4127 4026//4026
f 4129//4129 4132//4132 4128//4128
f 4028//4028 4128//4128 4132//4132
f 4133//4133 4028//4028 4132//4132
f 4031//4031 4028//4028 4133//4133
f 4032//4032 4130//4130 4030//4030
f 4032//4032 4034//4034 4130//4130
f 4034//4034 4131//4131 4130//4130
f 4034//4034 4134//4134 4131//4131
f 4035//4035 4031//4031 4135//4135
f 4031//4031 4136//4136 4135//4135
f 4031//4031 4133//4133 4136//4136
f 4135//4135 4036//4036 4035//4035
f 4038//4038 4137//4137 4037//4037
f 4137//4137 4138//4138 4037//4037
f 4138//4138 4034//4034 4037//4037
f 4138//4138 4134//4134 4034//4034
f 4136//4136 4139//4139 4135//4135
f 4036//4036 4135//4135 4139//4139
f 4140//4140 4036//4036 4139//4139
f 4039//4039 4036//4036 4140//4140
f 4142//4142 4141//4141 4137//4137
f 4038//4038 4142//4142 4137//4137
f 4041//4041 4142//4142 4038//4038
f 4137//4137 4141//4141 4138//4138
f 4140//4140 4043//4043 4039//4039
f 4143//4143 4043//4043 4140//4140
f 4145//4145 4144//4144 4044//4044
f 4145//4145 4044//4044 4045//4045
f 4041//4041 4044//4044 4142//4142
f 4142//4142 4044//4044 4144//4144
f 4046//4046 4043//4043 4146//4146
f 4043//4043 4147//4147 4146//4146
f 4043//4043 4143//4143 4147//4147
f 4146//4146 4047//4047 4046//4046
f 4048//4048 4145//4145 4045//4045
f 4048//4048 4148//4148 4145//4145
f 4147//4147 4149//4149 4146//4146
f 4047//4047 4146//4146 4149//4149
f 4150//4150 4047//4047 4149//4149
f 4049//4049 4047//4047 4150//4150
f 4050//4050 4148//4148 4048//4048
f 4050//4050 4151//4151 4148//4148
f 4150//4150 4052//4052 4049//4049
f 4152//4152 4052//4052 4150//4150
f 4155//4155 4154//4154 4153//4153
f 4154//4154 4151//4151 4153//4153
f 4151//4151 4053//4053 4153//4153
f 4151//4151 4050//4050 4053//4053
f 4054//4054 4052//4052 4156//4156
f 4052//4052 4157//4157 4156//4156
f 4052//4052 4152//4152 4157//4157
f 4156//4156 4055//4055 4054//4054
f 4155//4155 4153//4153 4158//4158
f 4155//4155 4158//4158 4159//4159
f 4056//4056 4158//4158 4053//4053
f 4053//4053 4158//4158 4153//4153
f 4157//4157 4160//4160 4156//4156
f 4055//4055 4156//4156 4160//4160
f 4161//4161 4055//4055 4160//4160
f 4057//4057 4055//4055 4161//4161
f 4159//4159 4158//4158 4059//4059
f 4060//4060 4159//4159 4059//4059
f 4162//4162 4159//4159 4060//4060
f 4059//4059 4158//4158 4056//4056
f 4161//4161 4061//4061 4057//4057
f 4163//4163 4061//4061 4161//4161
f 4063//4063 4162//4162 4060//4060
f 4063//4063 4164//4164 4162//4162
f 4163//4163 4064//4064 4061//4061
f 4165//4165 4064//4064 4163//4163
f 4066//4066 4164//4164 4063//4063
f 4066//4066 4166//4166 4164//4164
f 4165//4165 4068//4068 4064//4064
f 4167//4167 4068//4068 4165//4165
f 4069//4069 4166//4166 4066//4066
f 4069//4069 4168//4168 4166//4166
f 4070//4070 4068//4068 4169//4169
f 4068//4068 4170//4170 4169//4169
f 4068//4068 4167//4167 4170//4170
f 4169//4169 4071//4071 4070//4070
f 4072//4072 4168//4168 4069//4069
f 4072//4072 4171//4171 4168//4168
f 4170//4170 4172//4172 4169//4169
f 4071//4071 4169//4169 4172//4172
f 4173//4173 4071//4071 4172//4172
f 4073//4073 4071//4071 4173//4173
f 4074//4074 4171//4171 4072//4072
f 4074//4074 4174//4174 4171//4171
f 4177//4177 4176//4176 4175//4175
f 4179//4179 4178//4178 4175//4175
f 4175//4175 4178//4178 4177//4177
f 4179//4179 4180//4180 4178//4178
f 4173//4173 4075//4075 4073//4073
f 4181//4181 4075//4075 4173//4173
f 4076//4076 4174//4174 4074//4074
f 4076//4076 4182//4182 4174//4174
f 4176//4176 4183//4183 4175//4175
f 4175//4175 4183//4183 4179//4179
f 4179//4179 4183//4183 4184//4184
f 4179//4179 4184//4184 4180//4180
f 4181//4181 4077//4077 4075//4075
f 4185//4185 4077//4077 4181//4181
f 4078//4078 4182//4182 4076//4076
f 4078//4078 4186//4186 4182//4182
f 4185//4185 4079//4079 4077//4077
f 4187//4187 4079//4079 4185//4185
f 4080//4080 4186//4186 4078//4078
f 4080//4080 4188//4188 4186//4186
f 4187//4187 4081//4081 4079//4079
f 4189//4189 4081//4081 4187//4187
f 4082//4082 4188//4188 4080//4080
f 4082//4082 4190//4190 4188//4188
f 4189//4189 4083//4083 4081//4081
f 4191//4191 4083//4083 4189//4189
f 4084//4084 4190//4190 4082//4082
f 4084//4084 4192//4192 4190//4190
f 4191//4191 4085//4085 4083//4083
f 4193//4193 4085//4085 4191//4191
f 4086//4086 4192//4192 4084//4084
f 4086//4086 4194//4194 4192//4192
f 4193//4193 4087//4087 4085//4085
f 4195//4195 4087//4087 4193//4193
f 4088//4088 4194//4194 4086//4086
f 4088//4088 4196//4196 4194//4194
f 4195//4195 4089//4089 4087//4087
f 4197//4197 4089//4089 4195//4195
f 4090//4090 4196//4196 4088//4088
f 4090//4090 4198//4198 4196//4196
f 4197//4197 4091//4091 4089//4089
f 4199//4199 4091//4091 4197//4197
f 4092//4092 4198//4198 4090//4090
f 4092//4092 4200//4200 4198//4198
f 4199//4199 4093//4093 4091//4091
f 4201//4201 4093//4093 4199//4199
f 4094//4094 4200//4200 4092//4092
f 4094//4094 4202//4202 4200//4200
f 4201//4201 4095//4095 4093//4093
f 4203//4203 4095//4095 4201//4201
f 4096//4096 4202//4202 4094//4094
f 4096//4096 4204//4204 4202//4202
f 4203//4203 4097//4097 4095//4095
f 4205//4205 4097//4097 4203//4203
f 4098//4098 4204//4204 4096//4096
f 4098//4098 4206//4206 4204//4204
f 4205//4205 4099//4099 4097//4097
f 4207//4207 4099//4099 4205//4205
f 4100//4100 4206//4206 4098//4098
f 4100//4100 4208//4208 4206//4206
f 4207//4207 4101//4101 4099//4099
f 4209//4209 4101//4101 4207//4207
f 4210//4210 4208//4208 4100//4100
f 4210//4210 4100//4100 4102//4102
f 4102//4102 4103//4103 4210//4210
f 4210//4210 4103//4103 4211//4211
f 4209//4209 4104//4104 4101//4101
f 4212//4212 4104//4104 4209//4209
f 4106//4106 4213//4213 4105//4105
f 4105//4105 4213//4213 4214//4214
f 4215//4215 4105//4105 4214//4214
f 4107//4107 4105//4105 4215//4215
f 4107//4107 4216//4216 4108//4108
f 4215//4215 4216//4216 4107//4107
f 4108//4108 4217//4217 4109//4109
f 4216//4216 4217//4217 4108//4108
f 4109//4109 4218//4218 4110//4110
f 4217//4217 4218//4218 4109//4109
f 4110//4110 4219//4219 4111//4111
f 4218//4218 4219//4219 4110//4110
f 4111//4111 4220//4220 4112//4112
f 4219//4219 4220//4220 4111//4111
f 4112//4112 4221//4221 4113//4113
f 4220//4220 4221//4221 4112//4112
f 4113//4113 4222//4222 4114//4114
f 4221//4221 4222//4222 4113//4113
f 4114//4114 4223//4223 4115//4115
f 4222//4222 4223//4223 4114//4114
f 4115//4115 4224//4224 4116//4116
f 4223//4223 4224//4224 4115//4115
f 4224//4224 4226//4226 4225//4225
f 4117//4117 4224//4224 4225//4225
f 4116//4116 4224//4224 4117//4117
f 4225//4225 4118//4118 4117//4117
f 4228//4228 4227//4227 4213//4213
f 4106//4106 4228//4228 4213//4213
f 4120//4120 4228//4228 4106//4106
f 4213//4213 4227//4227 4214//4214
f 4226//4226 4229//4229 4225//4225
f 4118//4118 4225//4225 4229//4229
f 4230//4230 4118//4118 4229//4229
f 4122//4122 4118//4118 4230//4230
f 4124//4124 4231//4231 4123//4123
f 4231//4231 4232//4232 4123//4123
f 4232//4232 4120//4120 4123//4123
f 4232//4232 4228//4228 4120//4120
f 4125//4125 4122//4122 4233//4233
f 4122//4122 4234//4234 4233//4233
f 4122//4122 4230//4230 4234//4234
f 4233//4233 4126//4126 4125//4125
f 4127//4127 4235//4235 4231//4231
f 4127//4127 4231//4231 4124//4124
f 4232//4232 4231//4231 4236//4236
f 4236//4236 4231//4231 4235//4235
f 4234//4234 4237//4237 4233//4233
f 4126//4126 4233//4233 4237//4237
f 4238//4238 4126//4126 4237//4237
f 4129//4129 4126//4126 4238//4238
f 4240//4240 4239//4239 4235//4235
f 4127//4127 4240//4240 4235//4235
f 4131//4131 4240//4240 4127//4127
f 4235//4235 4239//4239 4236//4236
f 4238//4238 4241//4241 4129//4129
f 4129//4129 4241//4241 4132//4132
f 4133//4133 4132//4132 4241//4241
f 4133//4133 4241//4241 4242//4242
f 4134//4134 4244//4244 4243//4243
f 4240//4240 4134//4134 4243//4243
f 4131//4131 4134//4134 4240//4240
f 4244//4244 4245//4245 4243//4243
f 4242//4242 4136//4136 4133//4133
f 4246//4246 4136//4136 4242//4242
f 4138//4138 4247//4247 4244//4244
f 4138//4138 4244//4244 4134//4134
f 4245//4245 4244//4244 4248//4248
f 4248//4248 4244//4244 4247//4247
f 4246//4246 4249//4249 4136//4136
f 4136//4136 4249//4249 4139//4139
f 4140//4140 4139//4139 4249//4249
f 4140//4140 4249//4249 4250//4250
f 4142//4142 4251//4251 4141//4141
f 4251//4251 4252//4252 4141//4141
f 4141//4141 4252//4252 4138//4138
f 4252//4252 4253//4253 4138//4138
f 4253//4253 4247//4247 4138//4138
f 4247//4247 4253//4253 4248//4248
f 4250//4250 4143//4143 4140//4140
f 4254//4254 4143//4143 4250//4250
f 4145//4145 4255//4255 4144//4144
f 4255//4255 4256//4256 4144//4144
f 4144//4144 4256//4256 4142//4142
f 4256//4256 4257//4257 4142//4142
f 4257//4257 4251//4251 4142//4142
f 4251//4251 4257//4257 4252//4252
f 4254//4254 4147//4147 4143//4143
f 4258//4258 4147//4147 4254//4254
f 4260//4260 4259//4259 4255//4255
f 4145//4145 4260//4260 4255//4255
f 4148//4148 4260//4260 4145//4145
f 4255//4255 4259//4259 4256//4256
f 4149//4149 4147//4147 4261//4261
f 4147//4147 4262//4262 4261//4261
f 4147//4147 4258//4258 4262//4262
f 4261//4261 4150//4150 4149//4149
f 4151//4151 4260//4260 4148//4148
f 4151//4151 4263//4263 4260//4260
f 4262//4262 4264//4264 4261//4261
f 4150//4150 4261//4261 4264//4264
f 4265//4265 4150//4150 4264//4264
f 4152//4152 4150//4150 4265//4265
f 4267//4267 4266//4266 4154//4154
f 4267//4267 4154//4154 4155//4155
f 4151//4151 4154//4154 4263//4263
f 4263//4263 4154//4154 4266//4266
f 4265//4265 4157//4157 4152//4152
f 4268//4268 4157//4157 4265//4265
f 4159//4159 4267//4267 4155//4155
f 4159//4159 4269//4269 4267//4267
f 4160//4160 4157//4157 4270//4270
f 4157//4157 4271//4271 4270//4270
f 4157//4157 4268//4268 4271//4271
f 4270//4270 4161//4161 4160//4160
f 4162//4162 4269//4269 4159//4159
f 4162//4162 4272//4272 4269//4269
f 4271//4271 4273//4273 4270//4270
f 4161//4161 4270//4270 4273//4273
f 4274//4274 4161//4161 4273//4273
f 4163//4163 4161//4161 4274//4274
f 4164//4164 4272//4272 4162//4162
f 4164//4164 4275//4275 4272//4272
f 4274//4274 4165//4165 4163//4163
f 4276//4276 4165//4165 4274//4274
f 4166//4166 4275//4275 4164//4164
f 4166//4166 4277//4277 4275//4275
f 4276//4276 4167//4167 4165//4165
f 4278//4278 4167//4167 4276//4276
f 4168//4168 4277//4277 4166//4166
f 4168//4168 4279//4279 4277//4277
f 4278//4278 4170//4170 4167//4167
f 4280//4280 4170//4170 4278//4278
f 4171//4171 4279//4279 4168//4168
f 4171//4171 4281//4281 4279//4279
f 4172//4172 4170//4170 4282//4282
f 4170//4170 4283//4283 4282//4282
f 4170//4170 4280//4280 4283//4283
f 4282//4282 4173//4173 4172//4172
f 4174//4174 4281//4281 4171//4171
f 4174//4174 4284//4284 4281//4281
f 4285//4285 4176//4176 4177//4177
f 4178//4178 4286//4286 4177//4177
f 4177//4177 4286//4286 4285//4285
f 4180//4180 4286//4286 4178//4178
f 4283//4283 4287//4287 4282//4282
f 4173//4173 4282//4282 4287//4287
f 4288//4288 4173//4173 4287//4287
f 4181//4181 4173//4173 4288//4288
f 4182//4182 4284//4284 4174//4174
f 4182//4182 4289//4289 4284//4284
f 4285//4285 4183//4183 4176//4176
f 4183//4183 4285//4285 4184//4184
f 4184//4184 4285//4285 4286//4286
f 4184//4184 4286//4286 4180//4180
f 4288//4288 4185//4185 4181//4181
f 4290//4290 4185//4185 4288//4288
f 4186//4186 4289//4289 4182//4182
f 4186//4186 4291//4291 4289//4289
f 4290//4290 4187//4187 4185//4185
f 4292//4292 4187//4187 4290//4290
f 4188//4188 4291//4291 4186//4186
f 4188//4188 4293//4293 4291//4291
f 4292//4292 4189//4189 4187//4187
f 4294//4294 4189//4189 4292//4292
f 4190//4190 4293//4293 4188//4188
f 4190//4190 4295//4295 4293//4293
f 4294//4294 4191//4191 4189//4189
f 4296//4296 4191//4191 4294//4294
f 4192//4192 4295//4295 4190//4190
f 4192//4192 4297//4297 4295//4295
f 4296//4296 4193//4193 4191//4191
f 4298//4298 4193//4193 4296//4296
f 4194//4194 4297//4297 4192//4192
f 4194//4194 4299//4299 4297//4297
f 4298//4298 4195//4195 4193//4193
f 4300//4300 4195//4195 4298//4298
f 4196//4196 4299//4299 4194//4194
f 4196//4196 4301//4301 4299//4299
f 4300//4300 4197//4197 4195//4195
f 4302//4302 4197//4197 4300//4300
f 4198//4198 4301//4301 4196//4196
f 4198//4198 4303//4303 4301//4301
f 4306//4306 4305//4305 4304//4304
f 4308//4308 4307//4307 4304//4304
f 4304//4304 4307//4307 4306//4306
f 4310//4310 4309//4309 4308//4308
f 4308//4308 4309//4309 4307//4307
f 4312//4312 4311//4311 4310//4310
f 4310//4310 4311//4311 4309//4309
f 4314//4314 4313//4313 4312//4312
f 4312//4312 4313//4313 4311//4311
f 4314//4314 4315//4315 4313//4313
f 4302//4302 4199//4199 4197//4197
f 4316//4316 4199//4199 4302//4302
f 4200//4200 4303//4303 4198//4198
f 4200//4200 4317//4317 4303//4303
f 4305//4305 4318//4318 4304//4304
f 4304//4304 4318//4318 4308//4308
f 4308//4308 4318//4318 4319//4319
f 4308//4308 4319//4319 4310//4310
f 4310//4310 4319//4319 4320//4320
f 4310//4310 4320//4320 4312//4312
f 4312//4312 4320//4320 4321//4321
f 4312//4312 4321//4321 4314//4314
f 4314//4314 4321//4321 4322//4322
f 4314//4314 4322//4322 4315//4315
f 4316//4316 4201//4201 4199//4199
f 4323//4323 4201//4201 4316//4316
f 4202//4202 4317//4317 4200//4200
f 4202//4202 4324//4324 4317//4317
f 4323//4323 4203//4203 4201//4201
f 4325//4325 4203//4203 4323//4323
f 4204//4204 4324//4324 4202//4202
f 4204//4204 4326//4326 4324//4324
f 4325//4325 4205//4205 4203//4203
f 4327//4327 4205//4205 4325//4325
f 4206//4206 4326//4326 4204//4204
f 4206//4206 4328//4328 4326//4326
f 4327//4327 4207//4207 4205//4205
f 4329//4329 4207//4207 4327//4327
f 4208//4208 4331//4331 4330//4330
f 4328//4328 4208//4208 4330//4330
f 4206//4206 4208//4208 4328//4328
f 4331//4331 4332//4332 4330//4330
f 4329//4329 4209//4209 4207//4207
f 4333//4333 4209//4209 4329//4329
f 4210//4210 4331//4331 4208//4208
f 4210//4210 4211//4211 4331//4331
f 4211//4211 4332//4332 4331//4331
f 4211//4211 4334//4334 4332//4332
f 4337//4337 4336//4336 4335//4335
f 4333//4333 4337//4337 4335//4335
f 4212//4212 4333//4333 4335//4335
f 4209//4209 4333//4333 4212//4212
f 4214//4214 4338//4338 4215//4215
f 4215//4215 4338//4338 4339//4339
f 4340//4340 4215//4215 4339//4339
f 4216//4216 4215//4215 4340//4340
f 4216//4216 4341//4341 4217//4217
f 4340//4340 4341//4341 4216//4216
f 4217//4217 4342//4342 4218//4218
f 4341//4341 4342//4342 4217//4217
f 4218//4218 4343//4343 4219//4219
f 4342//4342 4343//4343 4218//4218
f 4219//4219 4344//4344 4220//4220
f 4343//4343 4344//4344 4219//4219
f 4220//4220 4345//4345 4221//4221
f 4344//4344 4345//4345 4220//4220
f 4221//4221 4346//4346 4222//4222
f 4345//4345 4346//4346 4221//4221
f 4222//4222 4347//4347 4223//4223
f 4346//4346 4347//4347 4222//4222
f 4347//4347 4349//4349 4348//4348
f 4224//4224 4347//4347 4348//4348
f 4223//4223 4347//4347 4224//4224
f 4348//4348 4226//4226 4224//4224
f 4228//4228 4350//4350 4227//4227
f 4350//4350 4351//4351 4227//4227
f 4227//4227 4351//4351 4214//4214
f 4351//4351 4352//4352 4214//4214
f 4352//4352 4338//4338 4214//4214
f 4338//4338 4352//4352 4339//4339
f 4349//4349 4353//4353 4348//4348
f 4353//4353 4355//4355 4354//4354
f 4353//4353 4354//4354 4229//4229
f 4348//4348 4353//4353 4229//4229
f 4226//4226 4348//4348 4229//4229
f 4354//4354 4230//4230 4229//4229
f 4232//4232 4356//4356 4350//4350
f 4232//4232 4350//4350 4228//4228
f 4351//4351 4350//4350 4357//4357
f 4357//4357 4350//4350 4356//4356
f 4355//4355 4358//4358 4354//4354
f 4230//4230 4354//4354 4358//4358
f 4359//4359 4230//4230 4358//4358
f 4234//4234 4230//4230 4359//4359
f 4361//4361 4360//4360 4356//4356
f 4232//4232 4361//4361 4356//4356
f 4236//4236 4361//4361 4232//4232
f 4356//4356 4360//4360 4357//4357
f 4237//4237 4234//4234 4362//4362
f 4234//4234 4363//4363 4362//4362
f 4234//4234 4359//4359 4363//4363
f 4362//4362 4238//4238 4237//4237
f 4240//4240 4364//4364 4239//4239
f 4364//4364 4365//4365 4239//4239
f 4365//4365 4236//4236 4239//4239
f 4365//4365 4361//4361 4236//4236
f 4363//4363 4366//4366 4362//4362
f 4366//4366 4368//4368 4367//4367
f 4366//4366 4367//4367 4241//4241
f 4362//4362 4366//4366 4241//4241
f 4238//4238 4362//4362 4241//4241
f 4367//4367 4242//4242 4241//4241
f 4243//4243 4364//4364 4240//4240
f 4243//4243 4245//4245 4364//4364
f 4245//4245 4365//4365 4364//4364
f 4245//4245 4369//4369 4365//4365
f 4368//4368 4370//4370 4367//4367
f 4242//4242 4367//4367 4370//4370
f 4371//4371 4242//4242 4370//4370
f 4246//4246 4242//4242 4371//4371
f 4248//4248 4369//4369 4245//4245
f 4248//4248 4372//4372 4369//4369
f 4249//4249 4246//4246 4373//4373
f 4246//4246 4374//4374 4373//4373
f 4246//4246 4371//4371 4374//4374
f 4373//4373 4250//4250 4249//4249
f 4252//4252 4375//4375 4253//4253
f 4375//4375 4376//4376 4253//4253
f 4376//4376 4248//4248 4253//4253
f 4376//4376 4372//4372 4248//4248
f 4373//4373 4374//4374 4377//4377
f 4377//4377 4374//4374 4378//4378
f 4377//4377 4254//4254 4250//4250
f 4377//4377 4250//4250 4373//4373
f 4256//4256 4379//4379 4257//4257
f 4379//4379 4380//4380 4257//4257
f 4257//4257 4380//4380 4252//4252
f 4380//4380 4381//4381 4252//4252
f 4381//4381 4375//4375 4252//4252
f 4375//4375 4381//4381 4376//4376
f 4378//4378 4382//4382 4377//4377
f 4254//4254 4377//4377 4382//4382
f 4383//4383 4254//4254 4382//4382
f 4258//4258 4254//4254 4383//4383
f 4385//4385 4384//4384 4259//4259
f 4385//4385 4259//4259 4260//4260
f 4256//4256 4259//4259 4379//4379
f 4259//4259 4386//4386 4379//4379
f 4259//4259 4384//4384 4386//4386
f 4379//4379 4386//4386 4380//4380
f 4383//4383 4262//4262 4258//4258
f 4387//4387 4262//4262 4383//4383
f 4263//4263 4385//4385 4260//4260
f 4263//4263 4388//4388 4385//4385
f 4264//4264 4262//4262 4389//4389
f 4262//4262 4390//4390 4389//4389
f 4262//4262 4387//4387 4390//4390
f 4389//4389 4265//4265 4264//4264
f 4392//4392 4391//4391 4266//4266
f 4392//4392 4266//4266 4267//4267
f 4263//4263 4266//4266 4388//4388
f 4388//4388 4266//4266 4391//4391
f 4390//4390 4393//4393 4389//4389
f 4265//4265 4389//4389 4393//4393
f 4394//4394 4265//4265 4393//4393
f 4268//4268 4265//4265 4394//4394
f 4269//4269 4392//4392 4267//4267
f 4269//4269 4395//4395 4392//4392
f 4394//4394 4271//4271 4268//4268
f 4396//4396 4271//4271 4394//4394
f 4272//4272 4395//4395 4269//4269
f 4272//4272 4397//4397 4395//4395
f 4273//4273 4271//4271 4398//4398
f 4271//4271 4399//4399 4398//4398
f 4271//4271 4396//4396 4399//4399
f 4398//4398 4274//4274 4273//4273
f 4275//4275 4397//4397 4272//4272
f 4275//4275 4400//4400 4397//4397
f 4399//4399 4401//4401 4398//4398
f 4274//4274 4398//4398 4401//4401
f 4402//4402 4274//4274 4401//4401
f 4276//4276 4274//4274 4402//4402
f 4405//4405 4404//4404 4403//4403
f 4404//4404 4400//4400 4403//4403
f 4400//4400 4277//4277 4403//4403
f 4400//4400 4275//4275 4277//4277
f 4402//4402 4278//4278 4276//4276
f 4406//4406 4278//4278 4402//4402
f 4405//4405 4403//4403 4407//4407
f 4405//4405 4407//4407 4408//4408
f 4279//4279 4407//4407 4277//4277
f 4277//4277 4407//4407 4403//4403
f 4406//4406 4280//4280 4278//4278
f 4409//4409 4280//4280 4406//4406
f 4408//4408 4407//4407 4410//4410
f 4408//4408 4410//4410 4411//4411
f 4281//4281 4410//4410 4279//4279
f 4279//4279 4410//4410 4407//4407
f 4409//4409 4283//4283 4280//4280
f 4412//4412 4283//4283 4409//4409
f 4411//4411 4410//4410 4413//4413
f 4411//4411 4413//4413 4414//4414
f 4284//4284 4413//4413 4281//4281
f 4281//4281 4413//4413 4410//4410
f 4287//4287 4283//4283 4415//4415
f 4283//4283 4416//4416 4415//4415
f 4283//4283 4412//4412 4416//4416
f 4415//4415 4288//4288 4287//4287
f 4417//4417 4414//4414 4413//4413
f 4413//4413 4284//4284 4417//4417
f 4284//4284 4418//4418 4417//4417
f 4284//4284 4289//4289 4418//4418
f 4415//4415 4416//4416 4419//4419
f 4419//4419 4416//4416 4420//4420
f 4419//4419 4290//4290 4288//4288
f 4419//4419 4288//4288 4415//4415
f 4291//4291 4418//4418 4289//4289
f 4291//4291 4421//4421 4418//4418
f 4419//4419 4420//4420 4422//4422
f 4422//4422 4420//4420 4423//4423
f 4422//4422 4292//4292 4290//4290
f 4422//4422 4290//4290 4419//4419
f 4293//4293 4421//4421 4291//4291
f 4293//4293 4424//4424 4421//4421
f 4422//4422 4423//4423 4425//4425
f 4425//4425 4423//4423 4426//4426
f 4425//4425 4294//4294 4292//4292
f 4425//4425 4292//4292 4422//4422
f 4295//4295 4424//4424 4293//4293
f 4295//4295 4427//4427 4424//4424
f 4425//4425 4426//4426 4428//4428
f 4428//4428 4426//4426 4429//4429
f 4428//4428 4296//4296 4294//4294
f 4428//4428 4294//4294 4425//4425
f 4297//4297 4427//4427 4295//4295
f 4297//4297 4430//4430 4427//4427
f 4428//4428 4429//4429 4431//4431
f 4431//4431 4429//4429 4432//4432
f 4431//4431 4298//4298 4296//4296
f 4431//4431 4296//4296 4428//4428
f 4299//4299 4430//4430 4297//4297
f 4299//4299 4433//4433 4430//4430
f 4431//4431 4432//4432 4434//4434
f 4434//4434 4432//4432 4435//4435
f 4434//4434 4300//4300 4298//4298
f 4434//4434 4298//4298 4431//4431
f 4301//4301 4433//4433 4299//4299
f 4301//4301 4436//4436 4433//4433
f 4434//4434 4435//4435 4437//4437
f 4437//4437 4435//4435 4438//4438
f 4437//4437 4302//4302 4300//4300
f 4437//4437 4300//4300 4434//4434
f 4303//4303 4436//4436 4301//4301
f 4303//4303 4439//4439 4436//4436
f 4440//4440 4305//4305 4306//4306
f 4307//4307 4441//4441 4306//4306
f 4306//4306 4441//4441 4440//4440
f 4309//4309 4442//4442 4307//4307
f 4307//4307 4442//4442 4441//4441
f 4311//4311 4443//4443 4309//4309
f 4309//4309 4443//4443 4442//4442
f 4313//4313 4444//4444 4311//4311
f 4311//4311 4444//4444 4443//4443
f 4438//4438 4445//4445 4437//4437
f 4444//4444 4313//4313 4315//4315
f 4302//4302 4437//4437 4445//4445
f 4446//4446 4302//4302 4445//4445
f 4316//4316 4302//4302 4446//4446
f 4317//4317 4439//4439 4303//4303
f 4317//4317 4447//4447 4439//4439
f 4440//4440 4305//4305 4318//4318
f 4318//4318 4319//4319 4440//4440
f 4319//4319 4441//4441 4440//4440
f 4319//4319 4441//4441 4320//4320
f 4320//4320 4442//4442 4441//4441
f 4320//4320 4442//4442 4321//4321
f 4321//4321 4443//4443 4442//4442
f 4321//4321 4322//4322 4443//4443
f 4322//4322 4444//4444 4443//4443
f 4322//4322 4315//4315 4444//4444
f 4446//4446 4323//4323 4316//4316
f 4448//4448 4323//4323 4446//4446
f 4324//4324 4447//4447 4317//4317
f 4324//4324 4449//4449 4447//4447
f 4448//4448 4325//4325 4323//4323
f 4450//4450 4325//4325 4448//4448
f 4326//4326 4449//4449 4324//4324
f 4326//4326 4451//4451 4449//4449
f 4450//4450 4327//4327 4325//4325
f 4452//4452 4327//4327 4450//4450
f 4328//4328 4451//4451 4326//4326
f 4328//4328 4453//4453 4451//4451
f 4452//4452 4329//4329 4327//4327
f 4454//4454 4329//4329 4452//4452
f 4455//4455 4453//4453 4328//4328
f 4455//4455 4328//4328 4330//4330
f 4330//4330 4332//4332 4455//4455
f 4455//4455 4332//4332 4456//4456
f 4459//4459 4458//4458 4457//4457
f 4454//4454 4459//4459 4457//4457
f 4333//4333 4454//4454 4457//4457
f 4329//4329 4454//4454 4333//4333
f 4334//4334 4456//4456 4332//4332
f 4334//4334 4460//4460 4456//4456
f 4457//4457 4458//4458 4337//4337
f 4458//4458 4336//4336 4337//4337
f 4458//4458 4461//4461 4336//4336
f 4457//4457 4337//4337 4333//4333
f 4339//4339 4462//4462 4340//4340
f 4340//4340 4462//4462 4463//4463
f 4464//4464 4340//4340 4463//4463
f 4341//4341 4340//4340 4464//4464
f 4341//4341 4465//4465 4342//4342
f 4464//4464 4465//4465 4341//4341
f 4342//4342 4466//4466 4343//4343
f 4465//4465 4466//4466 4342//4342
f 4343//4343 4467//4467 4344//4344
f 4466//4466 4467//4467 4343//4343
f 4344//4344 4468//4468 4345//4345
f 4467//4467 4468//4468 4344//4344
f 4345//4345 4469//4469 4346//4346
f 4468//4468 4469//4469 4345//4345
f 4469//4469 4471//4471 4470//4470
f 4347//4347 4469//4469 4470//4470
f 4346//4346 4469//4469 4347//4347
f 4470//4470 4349//4349 4347//4347
f 4351//4351 4472//4472 4352//4352
f 4472//4472 4473//4473 4352//4352
f 4352//4352 4473//4473 4339//4339
f 4473//4473 4474//4474 4339//4339
f 4474//4474 4462//4462 4339//4339
f 4462//4462 4474//4474 4463//4463
f 4471//4471 4475//4475 4470//4470
f 4475//4475 4477//4477 4476//4476
f 4475//4475 4476//4476 4353//4353
f 4470//4470 4475//4475 4353//4353
f 4349//4349 4470//4470 4353//4353
f 4476//4476 4355//4355 4353//4353
f 4479//4479 4478//4478 4472//4472
f 4351//4351 4479//4479 4472//4472
f 4357//4357 4479//4479 4351//4351
f 4472//4472 4478//4478 4473//4473
f 4477//4477 4480//4480 4476//4476
f 4480//4480 4482//4482 4481//4481
f 4480//4480 4481//4481 4358//4358
f 4476//4476 4480//4480 4358//4358
f 4355//4355 4476//4476 4358//4358
f 4481//4481 4359//4359 4358//4358
f 4361//4361 4483//4483 4360//4360
f 4483//4483 4484//4484 4360//4360
f 4484//4484 4357//4357 4360//4360
f 4484//4484 4479//4479 4357//4357
f 4482//4482 4485//4485 4481//4481
f 4359//4359 4481//4481 4485//4485
f 4486//4486 4359//4359 4485//4485
f 4363//4363 4359//4359 4486//4486
f 4365//4365 4487//4487 4483//4483
f 4365//4365 4483//4483 4361//4361
f 4484//4484 4483//4483 4488//4488
f 4488//4488 4483//4483 4487//4487
f 4486//4486 4489//4489 4363//4363
f 4363//4363 4489//4489 4366//4366
f 4368//4368 4366//4366 4489//4489
f 4368//4368 4489//4489 4490//4490
f 4369//4369 4491//4491 4487//4487
f 4369//4369 4487//4487 4365//4365
f 4488//4488 4487//4487 4492//4492
f 4492//4492 4487//4487 4491//4491
f 4370//4370 4368//4368 4493//4493
f 4368//4368 4494//4494 4493//4493
f 4368//4368 4490//4490 4494//4494
f 4493//4493 4371//4371 4370//4370
f 4372//4372 4495//4495 4491//4491
f 4372//4372 4491//4491 4369//4369
f 4492//4492 4491//4491 4496//4496
f 4496//4496 4491//4491 4495//4495
f 4494//4494 4497//4497 4493//4493
f 4371//4371 4493//4493 4497//4497
f 4498//4498 4371//4371 4497//4497
f 4374//4374 4371//4371 4498//4498
f 4500//4500 4499//4499 4495//4495
f 4372//4372 4500//4500 4495//4495
f 4376//4376 4500//4500 4372//4372
f 4495//4495 4499//4499 4496//4496
f 4498//4498 4378//4378 4374//4374
f 4501//4501 4378//4378 4498//4498
f 4503//4503 4502//4502 4381//4381
f 4503//4503 4381//4381 4380//4380
f 4376//4376 4381//4381 4500//4500
f 4500//4500 4381//4381 4502//4502
f 4501//4501 4504//4504 4378//4378
f 4378//4378 4504//4504 4382//4382
f 4383//4383 4382//4382 4504//4504
f 4383//4383 4504//4504 4505//4505
f 4385//4385 4506//4506 4384//4384
f 4384//4384 4506//4506 4507//4507
f 4508//4508 4384//4384 4507//4507
f 4386//4386 4384//4384 4508//4508
f 4380//4380 4386//4386 4503//4503
f 4503//4503 4386//4386 4508//4508
f 4505//4505 4387//4387 4383//4383
f 4509//4509 4387//4387 4505//4505
f 4511//4511 4510//4510 4506//4506
f 4385//4385 4511//4511 4506//4506
f 4388//4388 4511//4511 4385//4385
f 4506//4506 4510//4510 4507//4507
f 4509//4509 4390//4390 4387//4387
f 4512//4512 4390//4390 4509//4509
f 4514//4514 4513//4513 4391//4391
f 4514//4514 4391//4391 4392//4392
f 4388//4388 4391//4391 4511//4511
f 4511//4511 4391//4391 4513//4513
f 4512//4512 4515//4515 4390//4390
f 4390//4390 4515//4515 4393//4393
f 4394//4394 4393//4393 4515//4515
f 4394//4394 4515//4515 4516//4516
f 4395//4395 4514//4514 4392//4392
f 4395//4395 4517//4517 4514//4514
f 4516//4516 4396//4396 4394//4394
f 4518//4518 4396//4396 4516//4516
f 4521//4521 4520//4520 4519//4519
f 4520//4520 4517//4517 4519//4519
f 4517//4517 4397//4397 4519//4519
f 4517//4517 4395//4395 4397//4397
f 4518//4518 4399//4399 4396//4396
f 4522//4522 4399//4399 4518//4518
f 4521//4521 4519//4519 4523//4523
f 4521//4521 4523//4523 4524//4524
f 4400//4400 4523//4523 4397//4397
f 4397//4397 4523//4523 4519//4519
f 4522//4522 4525//4525 4399//4399
f 4399//4399 4525//4525 4401//4401
f 4402//4402 4401//4401 4525//4525
f 4402//4402 4525//4525 4526//4526
f 4524//4524 4523//4523 4404//4404
f 4405//4405 4524//4524 4404//4404
f 4527//4527 4524//4524 4405//4405
f 4404//4404 4523//4523 4400//4400
f 4526//4526 4406//4406 4402//4402
f 4528//4528 4406//4406 4526//4526
f 4408//4408 4527//4527 4405//4405
f 4408//4408 4529//4529 4527//4527
f 4528//4528 4409//4409 4406//4406
f 4530//4530 4409//4409 4528//4528
f 4411//4411 4529//4529 4408//4408
f 4411//4411 4531//4531 4529//4529
f 4530//4530 4412//4412 4409//4409
f 4532//4532 4412//4412 4530//4530
f 4414//4414 4531//4531 4411//4411
f 4414//4414 4533//4533 4531//4531
f 4532//4532 4416//4416 4412//4412
f 4534//4534 4416//4416 4532//4532
f 4414//4414 4417//4417 4535//4535
f 4536//4536 4414//4414 4535//4535
f 4533//4533 4414//4414 4536//4536
f 4418//4418 4535//4535 4417//4417
f 4534//4534 4420//4420 4416//4416
f 4537//4537 4420//4420 4534//4534
f 4536//4536 4535//4535 4538//4538
f 4536//4536 4538//4538 4539//4539
f 4421//4421 4538//4538 4418//4418
f 4418//4418 4538//4538 4535//4535
f 4537//4537 4423//4423 4420//4420
f 4540//4540 4423//4423 4537//4537
f 4539//4539 4538//4538 4541//4541
f 4539//4539 4541//4541 4542//4542
f 4424//4424 4541//4541 4421//4421
f 4421//4421 4541//4541 4538//4538
f 4540//4540 4426//4426 4423//4423
f 4543//4543 4426//4426 4540//4540
f 4542//4542 4541//4541 4544//4544
f 4542//4542 4544//4544 4545//4545
f 4427//4427 4544//4544 4424//4424
f 4424//4424 4544//4544 4541//4541
f 4543//4543 4429//4429 4426//4426
f 4546//4546 4429//4429 4543//4543
f 4545//4545 4544//4544 4547//4547
f 4545//4545 4547//4547 4548//4548
f 4430//4430 4547//4547 4427//4427
f 4427//4427 4547//4547 4544//4544
f 4546//4546 4432//4432 4429//4429
f 4549//4549 4432//4432 4546//4546
f 4550//4550 4548//4548 4547//4547
f 4547//4547 4430//4430 4550//4550
f 4430//4430 4551//4551 4550//4550
f 4430//4430 4433//4433 4551//4551
f 4549//4549 4435//4435 4432//4432
f 4552//4552 4435//4435 4549//4549
f 4436//4436 4551//4551 4433//4433
f 4436//4436 4553//4553 4551//4551
f 4552//4552 4438//4438 4435//4435
f 4554//4554 4438//4438 4552//4552
f 4439//4439 4553//4553 4436//4436
f 4439//4439 4555//4555 4553//4553
f 4445//4445 4438//4438 4556//4556
f 4438//4438 4557//4557 4556//4556
f 4438//4438 4554//4554 4557//4557
f 4556//4556 4446//4446 4445//4445
f 4447//4447 4555//4555 4439//4439
f 4447//4447 4558//4558 4555//4555
f 4556//4556 4557//4557 4559//4559
f 4559//4559 4557//4557 4560//4560
f 4559//4559 4448//4448 4446//4446
f 4559//4559 4446//4446 4556//4556
f 4449//4449 4558//4558 4447//4447
f 4449//4449 4561//4561 4558//4558
f 4559//4559 4560//4560 4562//4562
f 4562//4562 4560//4560 4563//4563
f 4562//4562 4450//4450 4448//4448
f 4562//4562 4448//4448 4559//4559
f 4451//4451 4561//4561 4449//4449
f 4451//4451 4564//4564 4561//4561
f 4562//4562 4563//4563 4565//4565
f 4565//4565 4563//4563 4566//4566
f 4565//4565 4452//4452 4450//4450
f 4565//4565 4450//4450 4562//4562
f 4453//4453 4568//4568 4567//4567
f 4564//4564 4453//4453 4567//4567
f 4451//4451 4453//4453 4564//4564
f 4568//4568 4569//4569 4567//4567
f 4565//4565 4566//4566 4570//4570
f 4570//4570 4566//4566 4571//4571
f 4570//4570 4454//4454 4452//4452
f 4570//4570 4452//4452 4565//4565
f 4455//4455 4568//4568 4453//4453
f 4455//4455 4456//4456 4568//4568
f 4456//4456 4569//4569 4568//4568
f 4456//4456 4572//4572 4569//4569
f 4570//4570 4571//4571 4459//4459
f 4571//4571 4458//4458 4459//4459
f 4571//4571 4573//4573 4458//4458
f 4570//4570 4459//4459 4454//4454
f 4460//4460 4572//4572 4456//4456
f 4460//4460 4574//4574 4572//4572
f 4573//4573 4461//4461 4458//4458
f 4575//4575 4461//4461 4573//4573
f 4463//4463 4576//4576 4464//4464
f 4577//4577 4465//4465 4464//4464
f 4577//4577 4464//4464 4576//4576
f 4465//4465 4577//4577 4578//4578
f 4579//4579 4465//4465 4578//4578
f 4466//4466 4465//4465 4579//4579
f 4466//4466 4580//4580 4467//4467
f 4579//4579 4580//4580 4466//4466
f 4580//4580 4582//4582 4581//4581
f 4468//4468 4580//4580 4581//4581
f 4467//4467 4580//4580 4468//4468
f 4583//4583 4469//4469 4468//4468
f 4583//4583 4468//4468 4581//4581
f 4583//4583 4471//4471 4469//4469
f 4473//4473 4584//4584 4474//4474
f 4584//4584 4585//4585 4474//4474
f 4474//4474 4585//4585 4463//4463
f 4585//4585 4586//4586 4463//4463
f 4586//4586 4576//4576 4463//4463
f 4576//4576 4586//4586 4577//4577
f 4577//4577 4586//4586 4587//4587
f 4577//4577 4587//4587 4578//4578
f 4582//4582 4588//4588 4581//4581
f 4581//4581 4588//4588 4583//4583
f 4583//4583 4588//4588 4589//4589
f 4589//4589 4591//4591 4590//4590
f 4589//4589 4590//4590 4475//4475
f 4583//4583 4589//4589 4475//4475
f 4471//4471 4583//4583 4475//4475
f 4590//4590 4477//4477 4475//4475
f 4479//4479 4592//4592 4478//4478
f 4592//4592 4593//4593 4478//4478
f 4478//4478 4593//4593 4473//4473
f 4593//4593 4594//4594 4473//4473
f 4594//4594 4584//4584 4473//4473
f 4584//4584 4594//4594 4585//4585
f 4591//4591 4595//4595 4590//4590
f 4595//4595 4597//4597 4596//4596
f 4595//4595 4596//4596 4480//4480
f 4590//4590 4595//4595 4480//4480
f 4477//4477 4590//4590 4480//4480
f 4596//4596 4482//4482 4480//4480
f 4484//4484 4598//4598 4592//4592
f 4484//4484 4592//4592 4479//4479
f 4593//4593 4592//4592 4599//4599
f 4599//4599 4592//4592 4598//4598
f 4597//4597 4600//4600 4596//4596
f 4600//4600 4602//4602 4601//4601
f 4600//4600 4601//4601 4485//4485
f 4596//4596 4600//4600 4485//4485
f 4482//4482 4596//4596 4485//4485
f 4601//4601 4486//4486 4485//4485
f 4488//4488 4603//4603 4598//4598
f 4488//4488 4598//4598 4484//4484
f 4599//4599 4598//4598 4604//4604
f 4604//4604 4598//4598 4603//4603
f 4602//4602 4605//4605 4601//4601
f 4605//4605 4607//4607 4606//4606
f 4605//4605 4606//4606 4489//4489
f 4601//4601 4605//4605 4489//4489
f 4486//4486 4601//4601 4489//4489
f 4606//4606 4490//4490 4489//4489
f 4492//4492 4608//4608 4603//4603
f 4492//4492 4603//4603 4488//4488
f 4604//4604 4603//4603 4609//4609
f 4609//4609 4603//4603 4608//4608
f 4607//4607 4610//4610 4606//4606
f 4490//4490 4606//4606 4610//4610
f 4611//4611 4490//4490 4610//4610
f 4494//4494 4490//4490 4611//4611
f 4613//4613 4612//4612 4608//4608
f 4492//4492 4613//4613 4608//4608
f 4496//4496 4613//4613 4492//4492
f 4608//4608 4612//4612 4609//4609
f 4497//4497 4494//4494 4614//4614
f 4494//4494 4615//4615 4614//4614
f 4494//4494 4611//4611 4615//4615
f 4614//4614 4498//4498 4497//4497
f 4617//4617 4616//4616 4499//4499
f 4617//4617 4499//4499 4500//4500
f 4496//4496 4499//4499 4613//4613
f 4613//4613 4499//4499 4616//4616
f 4615//4615 4618//4618 4614//4614
f 4498//4498 4614//4614 4618//4618
f 4619//4619 4498//4498 4618//4618
f 4501//4501 4498//4498 4619//4619
f 4503//4503 4620//4620 4502//4502
f 4620//4620 4621//4621 4502//4502
f 4621//4621 4500//4500 4502//4502
f 4621//4621 4617//4617 4500//4500
f 4504//4504 4501//4501 4622//4622
f 4501//4501 4623//4623 4622//4622
f 4501//4501 4619//4619 4623//4623
f 4622//4622 4505//4505 4504//4504
f 4626//4626 4625//4625 4624//4624
f 4508//4508 4507//4507 4624//4624
f 4625//4625 4508//4508 4624//4624
f 4627//4627 4508//4508 4625//4625
f 4503//4503 4508//4508 4620//4620
f 4508//4508 4628//4628 4620//4620
f 4508//4508 4627//4627 4628//4628
f 4620//4620 4628//4628 4621//4621
f 4623//4623 4629//4629 4622//4622
f 4505//4505 4622//4622 4629//4629
f 4630//4630 4505//4505 4629//4629
f 4509//4509 4505//4505 4630//4630
f 4633//4633 4632//4632 4631//4631
f 4631//4631 4632//4632 4626//4626
f 4631//4631 4626//4626 4624//4624
f 4511//4511 4631//4631 4624//4624
f 4510//4510 4511//4511 4624//4624
f 4510//4510 4624//4624 4507//4507
f 4630//4630 4512//4512 4509//4509
f 4634//4634 4512//4512 4630//4630
f 4633//4633 4631//4631 4513//4513
f 4514//4514 4633//4633 4513//4513
f 4635//4635 4633//4633 4514//4514
f 4513//4513 4631//4631 4511//4511
f 4515//4515 4512//4512 4636//4636
f 4512//4512 4637//4637 4636//4636
f 4512//4512 4634//4634 4637//4637
f 4636//4636 4516//4516 4515//4515
f 4640//4640 4639//4639 4638//4638
f 4639//4639 4635//4635 4638//4638
f 4635//4635 4517//4517 4638//4638
f 4635//4635 4514//4514 4517//4517
f 4637//4637 4641//4641 4636//4636
f 4516//4516 4636//4636 4641//4641
f 4642//4642 4516//4516 4641//4641
f 4518//4518 4516//4516 4642//4642
f 4640//4640 4638//4638 4520//4520
f 4521//4521 4640//4640 4520//4520
f 4643//4643 4640//4640 4521//4521
f 4520//4520 4638//4638 4517//4517
f 4642//4642 4522//4522 4518//4518
f 4644//4644 4522//4522 4642//4642
f 4524//4524 4643//4643 4521//4521
f 4524//4524 4645//4645 4643//4643
f 4525//4525 4522//4522 4646//4646
f 4522//4522 4647//4647 4646//4646
f 4522//4522 4644//4644 4647//4647
f 4646//4646 4526//4526 4525//4525
f 4527//4527 4645//4645 4524//4524
f 4527//4527 4648//4648 4645//4645
f 4647//4647 4649//4649 4646//4646
f 4526//4526 4646//4646 4649//4649
f 4650//4650 4526//4526 4649//4649
f 4528//4528 4526//4526 4650//4650
f 4529//4529 4648//4648 4527//4527
f 4529//4529 4651//4651 4648//4648
f 4650//4650 4530//4530 4528//4528
f 4652//4652 4530//4530 4650//4650
f 4531//4531 4651//4651 4529//4529
f 4531//4531 4653//4653 4651//4651
f 4652//4652 4532//4532 4530//4530
f 4654//4654 4532//4532 4652//4652
f 4533//4533 4653//4653 4531//4531
f 4533//4533 4655//4655 4653//4653
f 4654//4654 4534//4534 4532//4532
f 4656//4656 4534//4534 4654//4654
f 4536//4536 4655//4655 4533//4533
f 4536//4536 4657//4657 4655//4655
f 4656//4656 4537//4537 4534//4534
f 4658//4658 4537//4537 4656//4656
f 4539//4539 4657//4657 4536//4536
f 4539//4539 4659//4659 4657//4657
f 4658//4658 4540//4540 4537//4537
f 4660//4660 4540//4540 4658//4658
f 4542//4542 4659//4659 4539//4539
f 4542//4542 4661//4661 4659//4659
f 4660//4660 4543//4543 4540//4540
f 4662//4662 4543//4543 4660//4660
f 4545//4545 4661//4661 4542//4542
f 4545//4545 4663//4663 4661//4661
f 4662//4662 4546//4546 4543//4543
f 4664//4664 4546//4546 4662//4662
f 4548//4548 4663//4663 4545//4545
f 4548//4548 4665//4665 4663//4663
f 4668//4668 4667//4667 4666//4666
f 4670//4670 4669//4669 4666//4666
f 4666//4666 4669//4669 4668//4668
f 4672//4672 4671//4671 4670//4670
f 4670//4670 4671//4671 4669//4669
f 4672//4672 4673//4673 4671//4671
f 4664//4664 4549//4549 4546//4546
f 4674//4674 4549//4549 4664//4664
f 4548//4548 4550//4550 4675//4675
f 4676//4676 4548//4548 4675//4675
f 4665//4665 4548//4548 4676//4676
f 4551//4551 4675//4675 4550//4550
f 4667//4667 4677//4677 4666//4666
f 4666//4666 4677//4677 4670//4670
f 4670//4670 4677//4677 4678//4678
f 4670//4670 4678//4678 4672//4672
f 4672//4672 4678//4678 4679//4679
f 4672//4672 4679//4679 4673//4673
f 4674//4674 4552//4552 4549//4549
f 4680//4680 4552//4552 4674//4674
f 4681//4681 4676//4676 4675//4675
f 4675//4675 4551//4551 4681//4681
f 4551//4551 4682//4682 4681//4681
f 4551//4551 4553//4553 4682//4682
f 4680//4680 4554//4554 4552//4552
f 4683//4683 4554//4554 4680//4680
f 4555//4555 4682//4682 4553//4553
f 4555//4555 4684//4684 4682//4682
f 4687//4687 4686//4686 4685//4685
f 4689//4689 4685//4685 4688//4688
f 4685//4685 4687//4687 4688//4688
f 4691//4691 4689//4689 4690//4690
f 4689//4689 4688//4688 4690//4690
f 4691//4691 4690//4690 4692//4692
f 4683//4683 4557//4557 4554//4554
f 4693//4693 4557//4557 4683//4683
f 4558//4558 4684//4684 4555//4555
f 4558//4558 4694//4694 4684//4684
f 4686//4686 4695//4695 4685//4685
f 4685//4685 4695//4695 4689//4689
f 4689//4689 4695//4695 4696//4696
f 4689//4689 4696//4696 4691//4691
f 4691//4691 4696//4696 4697//4697
f 4691//4691 4697//4697 4692//4692
f 4693//4693 4560//4560 4557//4557
f 4698//4698 4560//4560 4693//4693
f 4561//4561 4694//4694 4558//4558
f 4561//4561 4699//4699 4694//4694
f 4698//4698 4563//4563 4560//4560
f 4700//4700 4563//4563 4698//4698
f 4564//4564 4699//4699 4561//4561
f 4564//4564 4701//4701 4699//4699
f 4700//4700 4566//4566 4563//4563
f 4702//4702 4566//4566 4700//4700
f 4703//4703 4701//4701 4564//4564
f 4703//4703 4564//4564 4567//4567
f 4567//4567 4569//4569 4703//4703
f 4703//4703 4569//4569 4704//4704
f 4702//4702 4571//4571 4566//4566
f 4705//4705 4571//4571 4702//4702
f 4572//4572 4704//4704 4569//4569
f 4572//4572 4706//4706 4704//4704
f 4705//4705 4573//4573 4571//4571
f 4707//4707 4573//4573 4705//4705
f 4574//4574 4706//4706 4572//4572
f 4574//4574 4708//4708 4706//4706
f 4707//4707 4575//4575 4573//4573
f 4709//4709 4575//4575 4707//4707
f 4578//4578 4710//4710 4579//4579
f 4711//4711 4580//4580 4579//4579
f 4711//4711 4579//4579 4710//4710
f 4711//4711 4582//4582 4580//4580
f 4585//4585 4712//4712 4586//4586
f 4713//4713 4587//4587 4586//4586
f 4713//4713 4586//4586 4712//4712
f 4710//4710 4578//4578 4587//4587
f 4713//4713 4710//4710 4587//4587
f 4714//4714 4710//4710 4713//4713
f 4710//4710 4715//4715 4711//4711
f 4710//4710 4714//4714 4715//4715
f 4716//4716 4588//4588 4582//4582
f 4711//4711 4716//4716 4582//4582
f 4715//4715 4716//4716 4711//4711
f 4717//4717 4589//4589 4588//4588
f 4717//4717 4588//4588 4716//4716
f 4717//4717 4591//4591 4589//4589
f 4593//4593 4718//4718 4594//4594
f 4712//4712 4585//4585 4594//4594
f 4718//4718 4712//4712 4594//4594
f 4719//4719 4712//4712 4718//4718
f 4721//4721 4713//4713 4720//4720
f 4713//4713 4719//4719 4720//4720
f 4713//4713 4712//4712 4719//4719
f 4713//4713 4721//4721 4714//4714
f 4714//4714 4721//4721 4722//4722
f 4714//4714 4722//4722 4715//4715
f 4715//4715 4722//4722 4723//4723
f 4715//4715 4723//4723 4716//4716
f 4716//4716 4723//4723 4724//4724
f 4726//4726 4725//4725 4724//4724
f 4725//4725 4716//4716 4724//4724
f 4725//4725 4717//4717 4716//4716
f 4727//4727 4595//4595 4591//4591
f 4717//4717 4727//4727 4591//4591
f 4725//4725 4727//4727 4717//4717
f 4727//4727 4597//4597 4595//4595
f 4599//4599 4728//4728 4718//4718
f 4599//4599 4718//4718 4593//4593
f 4718//4718 4729//4729 4719//4719
f 4718//4718 4728//4728 4729//4729
f 4720//4720 4719//4719 4730//4730
f 4730//4730 4719//4719 4729//4729
f 4726//4726 4731//4731 4725//4725
f 4733//4733 4732//4732 4731//4731
f 4732//4732 4725//4725 4731//4731
f 4732//4732 4727//4727 4725//4725
f 4734//4734 4600//4600 4597//4597
f 4727//4727 4734//4734 4597//4597
f 4732//4732 4734//4734 4727//4727
f 4734//4734 4602//4602 4600//4600
f 4604//4604 4735//4735 4728//4728
f 4604//4604 4728//4728 4599//4599
f 4737//4737 4729//4729 4736//4736
f 4729//4729 4735//4735 4736//4736
f 4729//4729 4728//4728 4735//4735
f 4729//4729 4737//4737 4730//4730
f 4733//4733 4738//4738 4732//4732
f 4740//4740 4739//4739 4738//4738
f 4739//4739 4732//4732 4738//4738
f 4739//4739 4734//4734 4732//4732
f 4741//4741 4605//4605 4602//4602
f 4734//4734 4741//4741 4602//4602
f 4739//4739 4741//4741 4734//4734
f 4741//4741 4607//4607 4605//4605
f 4744//4744 4743//4743 4742//4742
f 4743//4743 4745//4745 4735//4735
f 4609//4609 4743//4743 4735//4735
f 4604//4604 4609//4609 4735//4735
f 4742//4742 4743//4743 4609//4609
f 4735//4735 4745//4745 4736//4736
f 4740//4740 4746//4746 4739//4739
f 4739//4739 4746//4746 4741//4741
f 4741//4741 4746//4746 4747//4747
f 4747//4747 4749//4749 4748//4748
f 4747//4747 4748//4748 4610//4610
f 4741//4741 4747//4747 4610//4610
f 4607//4607 4741//4741 4610//4610
f 4748//4748 4611//4611 4610//4610
f 4752//4752 4751//4751 4750//4750
f 4750//4750 4751//4751 4744//4744
f 4750//4750 4744//4744 4742//4742
f 4613//4613 4750//4750 4742//4742
f 4612//4612 4613//4613 4742//4742
f 4612//4612 4742//4742 4609//4609
f 4749//4749 4753//4753 4748//4748
f 4611//4611 4748//4748 4753//4753
f 4754//4754 4611//4611 4753//4753
f 4615//4615 4611//4611 4754//4754
f 4757//4757 4756//4756 4755//4755
f 4755//4755 4756//4756 4752//4752
f 4755//4755 4752//4752 4750//4750
f 4617//4617 4755//4755 4750//4750
f 4616//4616 4617//4617 4750//4750
f 4616//4616 4750//4750 4613//4613
f 4618//4618 4615//4615 4758//4758
f 4615//4615 4759//4759 4758//4758
f 4615//4615 4754//4754 4759//4759
f 4758//4758 4619//4619 4618//4618
f 4757//4757 4755//4755 4760//4760
f 4757//4757 4760//4760 4761//4761
f 4621//4621 4760//4760 4617//4617
f 4617//4617 4760//4760 4755//4755
f 4759//4759 4762//4762 4758//4758
f 4619//4619 4758//4758 4762//4762
f 4763//4763 4619//4619 4762//4762
f 4623//4623 4619//4619 4763//4763
f 4765//4765 4764//4764 4625//4625
f 4765//4765 4625//4625 4626//4626
f 4625//4625 4766//4766 4627//4627
f 4764//4764 4766//4766 4625//4625
f 4760//4760 4628//4628 4761//4761
f 4628//4628 4766//4766 4761//4761
f 4628//4628 4627//4627 4766//4766
f 4628//4628 4760//4760 4621//4621
f 4763//4763 4767//4767 4623//4623
f 4623//4623 4767//4767 4629//4629
f 4630//4630 4629//4629 4767//4767
f 4630//4630 4767//4767 4768//4768
f 4770//4770 4769//4769 4632//4632
f 4770//4770 4632//4632 4633//4633
f 4626//4626 4632//4632 4765//4765
f 4765//4765 4632//4632 4769//4769
f 4768//4768 4634//4634 4630//4630
f 4771//4771 4634//4634 4768//4768
f 4635//4635 4770//4770 4633//4633
f 4635//4635 4772//4772 4770//4770
f 4771//4771 4637//4637 4634//4634
f 4773//4773 4637//4637 4771//4771
f 4775//4775 4774//4774 4639//4639
f 4775//4775 4639//4639 4640//4640
f 4635//4635 4639//4639 4772//4772
f 4772//4772 4639//4639 4774//4774
f 4641//4641 4637//4637 4776//4776
f 4637//4637 4777//4777 4776//4776
f 4637//4637 4773//4773 4777//4777
f 4776//4776 4642//4642 4641//4641
f 4643//4643 4775//4775 4640//4640
f 4643//4643 4778//4778 4775//4775
f 4777//4777 4779//4779 4776//4776
f 4642//4642 4776//4776 4779//4779
f 4780//4780 4642//4642 4779//4779
f 4644//4644 4642//4642 4780//4780
f 4645//4645 4778//4778 4643//4643
f 4645//4645 4781//4781 4778//4778
f 4780//4780 4647//4647 4644//4644
f 4782//4782 4647//4647 4780//4780
f 4648//4648 4781//4781 4645//4645
f 4648//4648 4783//4783 4781//4781
f 4649//4649 4647//4647 4784//4784
f 4647//4647 4785//4785 4784//4784
f 4647//4647 4782//4782 4785//4785
f 4784//4784 4650//4650 4649//4649
f 4651//4651 4783//4783 4648//4648
f 4651//4651 4786//4786 4783//4783
f 4785//4785 4787//4787 4784//4784
f 4650//4650 4784//4784 4787//4787
f 4788//4788 4650//4650 4787//4787
f 4652//4652 4650//4650 4788//4788
f 4653//4653 4786//4786 4651//4651
f 4653//4653 4789//4789 4786//4786
f 4788//4788 4654//4654 4652//4652
f 4790//4790 4654//4654 4788//4788
f 4655//4655 4789//4789 4653//4653
f 4655//4655 4791//4791 4789//4789
f 4790//4790 4656//4656 4654//4654
f 4792//4792 4656//4656 4790//4790
f 4657//4657 4791//4791 4655//4655
f 4657//4657 4793//4793 4791//4791
f 4792//4792 4658//4658 4656//4656
f 4794//4794 4658//4658 4792//4792
f 4659//4659 4793//4793 4657//4657
f 4659//4659 4795//4795 4793//4793
f 4794//4794 4660//4660 4658//4658
f 4796//4796 4660//4660 4794//4794
f 4661//4661 4795//4795 4659//4659
f 4661//4661 4797//4797 4795//4795
f 4796//4796 4662//4662 4660//4660
f 4798//4798 4662//4662 4796//4796
f 4663//4663 4797//4797 4661//4661
f 4663//4663 4799//4799 4797//4797
f 4798//4798 4664//4664 4662//4662
f 4800//4800 4664//4664 4798//4798
f 4665//4665 4799//4799 4663//4663
f 4665//4665 4801//4801 4799//4799
f 4802//4802 4667//4667 4668//4668
f 4669//4669 4803//4803 4668//4668
f 4668//4668 4803//4803 4802//4802
f 4671//4671 4804//4804 4669//4669
f 4669//4669 4804//4804 4803//4803
f 4673//4673 4804//4804 4671//4671
f 4800//4800 4674//4674 4664//4664
f 4805//4805 4674//4674 4800//4800
f 4676//4676 4801//4801 4665//4665
f 4676//4676 4806//4806 4801//4801
f 4802//4802 4677//4677 4667//4667
f 4677//4677 4802//4802 4678//4678
f 4678//4678 4802//4802 4803//4803
f 4678//4678 4803//4803 4679//4679
f 4679//4679 4803//4803 4804//4804
f 4679//4679 4804//4804 4673//4673
f 4805//4805 4680//4680 4674//4674
f 4807//4807 4680//4680 4805//4805
f 4676//4676 4681//4681 4808//4808
f 4809//4809 4676//4676 4808//4808
f 4806//4806 4676//4676 4809//4809
f 4682//4682 4808//4808 4681//4681
f 4812//4812 4811//4811 4810//4810
f 4807//4807 4812//4812 4810//4810
f 4683//4683 4807//4807 4810//4810
f 4680//4680 4807//4807 4683//4683
f 4813//4813 4809//4809 4808//4808
f 4808//4808 4682//4682 4813//4813
f 4682//4682 4814//4814 4813//4813
f 4682//4682 4684//4684 4814//4814
f 4815//4815 4686//4686 4687//4687
f 4688//4688 4816//4816 4687//4687
f 4687//4687 4816//4816 4815//4815
f 4690//4690 4817//4817 4688//4688
f 4688//4688 4817//4817 4816//4816
f 4690//4690 4692//4692 4817//4817
f 4811//4811 4818//4818 4810//4810
f 4819//4819 4810//4810 4818//4818
f 4819//4819 4693//4693 4683//4683
f 4819//4819 4683//4683 4810//4810
f 4694//4694 4814//4814 4684//4684
f 4694//4694 4820//4820 4814//4814
f 4815//4815 4695//4695 4686//4686
f 4695//4695 4815//4815 4696//4696
f 4696//4696 4815//4815 4816//4816
f 4696//4696 4816//4816 4697//4697
f 4697//4697 4816//4816 4817//4817
f 4818//4818 4821//4821 4819//4819
f 4697//4697 4817//4817 4692//4692
f 4693//4693 4819//4819 4821//4821
f 4822//4822 4693//4693 4821//4821
f 4698//4698 4693//4693 4822//4822
f 4699//4699 4820//4820 4694//4694
f 4699//4699 4823//4823 4820//4820
f 4822//4822 4700//4700 4698//4698
f 4824//4824 4700//4700 4822//4822
f 4701//4701 4823//4823 4699//4699
f 4701//4701 4825//4825 4823//4823
f 4824//4824 4702//4702 4700//4700
f 4826//4826 4702//4702 4824//4824
f 4827//4827 4825//4825 4701//4701
f 4827//4827 4701//4701 4703//4703
f 4703//4703 4704//4704 4827//4827
f 4827//4827 4704//4704 4828//4828
f 4826//4826 4705//4705 4702//4702
f 4829//4829 4705//4705 4826//4826
f 4706//4706 4828//4828 4704//4704
f 4706//4706 4830//4830 4828//4828
f 4829//4829 4707//4707 4705//4705
f 4831//4831 4707//4707 4829//4829
f 4708//4708 4830//4830 4706//4706
f 4708//4708 4832//4832 4830//4830
f 4835//4835 4834//4834 4833//4833
f 4831//4831 4835//4835 4833//4833
f 4709//4709 4831//4831 4833//4833
f 4707//4707 4831//4831 4709//4709
f 4720//4720 4836//4836 4721//4721
f 4837//4837 4722//4722 4721//4721
f 4837//4837 4721//4721 4836//4836
f 4838//4838 4723//4723 4722//4722
f 4838//4838 4722//4722 4837//4837
f 4839//4839 4724//4724 4723//4723
f 4839//4839 4723//4723 4838//4838
f 4839//4839 4726//4726 4724//4724
f 4730//4730 4840//4840 4836//4836
f 4730//4730 4836//4836 4720//4720
f 4836//4836 4841//4841 4837//4837
f 4836//4836 4840//4840 4841//4841
f 4837//4837 4842//4842 4838//4838
f 4837//4837 4841//4841 4842//4842
f 4838//4838 4843//4843 4839//4839
f 4838//4838 4842//4842 4843//4843
f 4844//4844 4731//4731 4726//4726
f 4839//4839 4844//4844 4726//4726
f 4843//4843 4844//4844 4839//4839
f 4844//4844 4733//4733 4731//4731
f 4847//4847 4846//4846 4845//4845
f 4737//4737 4736//4736 4845//4845
f 4846//4846 4737//4737 4845//4845
f 4848//4848 4737//4737 4846//4846
f 4730//4730 4737//4737 4840//4840
f 4737//4737 4849//4849 4840//4840
f 4737//4737 4848//4848 4849//4849
f 4840//4840 4849//4849 4841//4841
f 4841//4841 4849//4849 4850//4850
f 4841//4841 4850//4850 4842//4842
f 4842//4842 4850//4850 4851//4851
f 4842//4842 4851//4851 4843//4843
f 4843//4843 4851//4851 4852//4852
f 4854//4854 4853//4853 4852//4852
f 4853//4853 4843//4843 4852//4852
f 4853//4853 4844//4844 4843//4843
f 4855//4855 4738//4738 4733//4733
f 4844//4844 4855//4855 4733//4733
f 4853//4853 4855//4855 4844//4844
f 4855//4855 4740//4740 4738//4738
f 4857//4857 4856//4856 4743//4743
f 4857//4857 4743//4743 4744//4744
f 4845//4845 4745//4745 4847//4847
f 4745//4745 4856//4856 4847//4847
f 4745//4745 4743//4743 4856//4856
f 4745//4745 4845//4845 4736//4736
f 4854//4854 4858//4858 4853//4853
f 4853//4853 4858//4858 4855//4855
f 4855//4855 4858//4858 4859//4859
f 4855//4855 4859//4859 4740//4740
f 4859//4859 4746//4746 4740//4740
f 4859//4859 4860//4860 4746//4746
f 4860//4860 4862//4862 4861//4861
f 4747//4747 4860//4860 4861//4861
f 4746//4746 4860//4860 4747//4747
f 4861//4861 4749//4749 4747//4747
f 4865//4865 4864//4864 4863//4863
f 4751//4751 4752//4752 4863//4863
f 4864//4864 4751//4751 4863//4863
f 4866//4866 4751//4751 4864//4864
f 4744//4744 4751//4751 4857//4857
f 4857//4857 4751//4751 4866//4866
f 4862//4862 4867//4867 4861//4861
f 4867//4867 4869//4869 4868//4868
f 4867//4867 4868//4868 4753//4753
f 4861//4861 4867//4867 4753//4753
f 4749//4749 4861//4861 4753//4753
f 4868//4868 4754//4754 4753//4753
f 4865//4865 4863//4863 4756//4756
f 4757//4757 4865//4865 4756//4756
f 4870//4870 4865//4865 4757//4757
f 4756//4756 4863//4863 4752//4752
f 4869//4869 4871//4871 4868//4868
f 4754//4754 4868//4868 4871//4871
f 4872//4872 4754//4754 4871//4871
f 4759//4759 4754//4754 4872//4872
f 4875//4875 4874//4874 4873//4873
f 4874//4874 4870//4870 4873//4873
f 4870//4870 4761//4761 4873//4873
f 4870//4870 4757//4757 4761//4761
f 4872//4872 4876//4876 4759//4759
f 4759//4759 4876//4876 4762//4762
f 4763//4763 4762//4762 4876//4876
f 4763//4763 4876//4876 4877//4877
f 4879//4879 4878//4878 4764//4764
f 4879//4879 4764//4764 4765//4765
f 4873//4873 4766//4766 4875//4875
f 4766//4766 4878//4878 4875//4875
f 4766//4766 4764//4764 4878//4878
f 4766//4766 4873//4873 4761//4761
f 4767//4767 4763//4763 4880//4880
f 4763//4763 4881//4881 4880//4880
f 4763//4763 4877//4877 4881//4881
f 4880//4880 4768//4768 4767//4767
f 4883//4883 4882//4882 4769//4769
f 4883//4883 4769//4769 4770//4770
f 4765//4765 4769//4769 4879//4879
f 4879//4879 4769//4769 4882//4882
f 4881//4881 4884//4884 4880//4880
f 4768//4768 4880//4880 4884//4884
f 4885//4885 4768//4768 4884//4884
f 4771//4771 4768//4768 4885//4885
f 4888//4888 4887//4887 4886//4886
f 4887//4887 4883//4883 4886//4886
f 4883//4883 4772//4772 4886//4886
f 4883//4883 4770//4770 4772//4772
f 4885//4885 4773//4773 4771//4771
f 4889//4889 4773//4773 4885//4885
f 4888//4888 4886//4886 4774//4774
f 4775//4775 4888//4888 4774//4774
f 4890//4890 4888//4888 4775//4775
f 4774//4774 4886//4886 4772//4772
f 4889//4889 4777//4777 4773//4773
f 4891//4891 4777//4777 4889//4889
f 4778//4778 4890//4890 4775//4775
f 4778//4778 4892//4892 4890//4890
f 4891//4891 4893//4893 4777//4777
f 4777//4777 4893//4893 4779//4779
f 4780//4780 4779//4779 4893//4893
f 4780//4780 4893//4893 4894//4894
f 4781//4781 4892//4892 4778//4778
f 4781//4781 4895//4895 4892//4892
f 4894//4894 4782//4782 4780//4780
f 4896//4896 4782//4782 4894//4894
f 4783//4783 4895//4895 4781//4781
f 4783//4783 4897//4897 4895//4895
f 4896//4896 4785//4785 4782//4782
f 4898//4898 4785//4785 4896//4896
f 4786//4786 4897//4897 4783//4783
f 4786//4786 4899//4899 4897//4897
f 4787//4787 4785//4785 4900//4900
f 4785//4785 4901//4901 4900//4900
f 4785//4785 4898//4898 4901//4901
f 4900//4900 4788//4788 4787//4787
f 4789//4789 4899//4899 4786//4786
f 4789//4789 4902//4902 4899//4899
f 4900//4900 4901//4901 4903//4903
f 4903//4903 4901//4901 4904//4904
f 4903//4903 4790//4790 4788//4788
f 4903//4903 4788//4788 4900//4900
f 4791//4791 4902//4902 4789//4789
f 4791//4791 4905//4905 4902//4902
f 4903//4903 4904//4904 4906//4906
f 4906//4906 4904//4904 4907//4907
f 4906//4906 4792//4792 4790//4790
f 4906//4906 4790//4790 4903//4903
f 4793//4793 4905//4905 4791//4791
f 4793//4793 4908//4908 4905//4905
f 4906//4906 4907//4907 4909//4909
f 4909//4909 4907//4907 4910//4910
f 4909//4909 4794//4794 4792//4792
f 4909//4909 4792//4792 4906//4906
f 4795//4795 4908//4908 4793//4793
f 4795//4795 4911//4911 4908//4908
f 4909//4909 4910//4910 4912//4912
f 4912//4912 4910//4910 4913//4913
f 4912//4912 4796//4796 4794//4794
f 4912//4912 4794//4794 4909//4909
f 4797//4797 4911//4911 4795//4795
f 4797//4797 4914//4914 4911//4911
f 4912//4912 4913//4913 4915//4915
f 4915//4915 4913//4913 4916//4916
f 4915//4915 4798//4798 4796//4796
f 4915//4915 4796//4796 4912//4912
f 4799//4799 4914//4914 4797//4797
f 4799//4799 4917//4917 4914//4914
f 4915//4915 4916//4916 4918//4918
f 4918//4918 4916//4916 4919//4919
f 4918//4918 4800//4800 4798//4798
f 4918//4918 4798//4798 4915//4915
f 4801//4801 4917//4917 4799//4799
f 4801//4801 4920//4920 4917//4917
f 4918//4918 4919//4919 4921//4921
f 4921//4921 4919//4919 4922//4922
f 4921//4921 4805//4805 4800//4800
f 4921//4921 4800//4800 4918//4918
f 4806//4806 4920//4920 4801//4801
f 4806//4806 4923//4923 4920//4920
f 4921//4921 4922//4922 4924//4924
f 4924//4924 4922//4922 4925//4925
f 4924//4924 4807//4807 4805//4805
f 4924//4924 4805//4805 4921//4921
f 4809//4809 4923//4923 4806//4806
f 4809//4809 4926//4926 4923//4923
f 4924//4924 4925//4925 4812//4812
f 4925//4925 4811//4811 4812//4812
f 4925//4925 4927//4927 4811//4811
f 4924//4924 4812//4812 4807//4807
f 4928//4928 4926//4926 4809//4809
f 4928//4928 4809//4809 4813//4813
f 4813//4813 4814//4814 4928//4928
f 4928//4928 4814//4814 4929//4929
f 4927//4927 4818//4818 4811//4811
f 4930//4930 4818//4818 4927//4927
f 4820//4820 4929//4929 4814//4814
f 4820//4820 4931//4931 4929//4929
f 4821//4821 4818//4818 4932//4932
f 4818//4818 4933//4933 4932//4932
f 4818//4818 4930//4930 4933//4933
f 4932//4932 4822//4822 4821//4821
f 4823//4823 4931//4931 4820//4820
f 4823//4823 4934//4934 4931//4931
f 4932//4932 4933//4933 4935//4935
f 4935//4935 4933//4933 4936//4936
f 4935//4935 4824//4824 4822//4822
f 4935//4935 4822//4822 4932//4932
f 4825//4825 4934//4934 4823//4823
f 4825//4825 4937//4937 4934//4934
f 4935//4935 4936//4936 4938//4938
f 4938//4938 4936//4936 4939//4939
f 4938//4938 4826//4826 4824//4824
f 4938//4938 4824//4824 4935//4935
f 4940//4940 4937//4937 4825//4825
f 4940//4940 4825//4825 4827//4827
f 4827//4827 4828//4828 4940//4940
f 4940//4940 4828//4828 4941//4941
f 4938//4938 4939//4939 4942//4942
f 4942//4942 4939//4939 4943//4943
f 4942//4942 4829//4829 4826//4826
f 4942//4942 4826//4826 4938//4938
f 4830//4830 4941//4941 4828//4828
f 4830//4830 4944//4944 4941//4941
f 4942//4942 4943//4943 4945//4945
f 4945//4945 4943//4943 4946//4946
f 4945//4945 4831//4831 4829//4829
f 4945//4945 4829//4829 4942//4942
f 4832//4832 4944//4944 4830//4830
f 4832//4832 4947//4947 4944//4944
f 4945//4945 4946//4946 4835//4835
f 4946//4946 4834//4834 4835//4835
f 4946//4946 4948//4948 4834//4834
f 4945//4945 4835//4835 4831//4831
f 4951//4951 4950//4950 4949//4949
f 4846//4846 4847//4847 4949//4949
f 4950//4950 4846//4846 4949//4949
f 4952//4952 4846//4846 4950//4950
f 4846//4846 4953//4953 4848//4848
f 4952//4952 4953//4953 4846//4846
f 4848//4848 4954//4954 4849//4849
f 4953//4953 4954//4954 4848//4848
f 4849//4849 4955//4955 4850//4850
f 4954//4954 4955//4955 4849//4849
f 4850//4850 4956//4956 4851//4851
f 4955//4955 4956//4956 4850//4850
f 4956//4956 4958//4958 4957//4957
f 4852//4852 4956//4956 4957//4957
f 4851//4851 4956//4956 4852//4852
f 4957//4957 4854//4854 4852//4852
f 4961//4961 4960//4960 4959//4959
f 4959//4959 4960//4960 4951//4951
f 4959//4959 4951//4951 4949//4949
f 4857//4857 4959//4959 4949//4949
f 4856//4856 4857//4857 4949//4949
f 4856//4856 4949//4949 4847//4847
f 4958//4958 4962//4962 4957//4957
f 4957//4957 4962//4962 4854//4854
f 4962//4962 4858//4858 4854//4854
f 4962//4962 4963//4963 4858//4858
f 4858//4858 4964//4964 4859//4859
f 4963//4963 4964//4964 4858//4858
f 4964//4964 4966//4966 4965//4965
f 4860//4860 4964//4964 4965//4965
f 4859//4859 4964//4964 4860//4860
f 4965//4965 4862//4862 4860//4860
f 4968//4968 4967//4967 4864//4864
f 4968//4968 4864//4864 4865//4865
f 4959//4959 4866//4866 4961//4961
f 4866//4866 4967//4967 4961//4961
f 4866//4866 4864//4864 4967//4967
f 4866//4866 4959//4959 4857//4857
f 4966//4966 4969//4969 4965//4965
f 4969//4969 4971//4971 4970//4970
f 4969//4969 4970//4970 4867//4867
f 4965//4965 4969//4969 4867//4867
f 4862//4862 4965//4965 4867//4867
f 4970//4970 4869//4869 4867//4867
f 4974//4974 4973//4973 4972//4972
f 4973//4973 4968//4968 4972//4972
f 4968//4968 4870//4870 4972//4972
f 4968//4968 4865//4865 4870//4870
f 4971//4971 4975//4975 4970//4970
f 4975//4975 4977//4977 4976//4976
f 4975//4975 4976//4976 4871//4871
f 4970//4970 4975//4975 4871//4871
f 4869//4869 4970//4970 4871//4871
f 4976//4976 4872//4872 4871//4871
f 4974//4974 4972//4972 4874//4874
f 4875//4875 4974//4974 4874//4874
f 4978//4978 4974//4974 4875//4875
f 4874//4874 4972//4972 4870//4870
f 4977//4977 4979//4979 4976//4976
f 4979//4979 4981//4981 4980//4980
f 4979//4979 4980//4980 4876//4876
f 4976//4976 4979//4979 4876//4876
f 4872//4872 4976//4976 4876//4876
f 4980//4980 4877//4877 4876//4876
f 4983//4983 4982//4982 4878//4878
f 4983//4983 4878//4878 4879//4879
f 4875//4875 4878//4878 4978//4978
f 4978//4978 4878//4878 4982//4982
f 4981//4981 4984//4984 4980//4980
f 4877//4877 4980//4980 4984//4984
f 4985//4985 4877//4877 4984//4984
f 4881//4881 4877//4877 4985//4985
f 4987//4987 4986//4986 4882//4882
f 4987//4987 4882//4882 4883//4883
f 4879//4879 4882//4882 4983//4983
f 4983//4983 4882//4882 4986//4986
f 4884//4884 4881//4881 4988//4988
f 4881//4881 4989//4989 4988//4988
f 4881//4881 4985//4985 4989//4989
f 4988//4988 4885//4885 4884//4884
f 4991//4991 4990//4990 4887//4887
f 4991//4991 4887//4887 4888//4888
f 4883//4883 4887//4887 4987//4987
f 4987//4987 4887//4887 4990//4990
f 4989//4989 4992//4992 4988//4988
f 4885//4885 4988//4988 4992//4992
f 4993//4993 4885//4885 4992//4992
f 4889//4889 4885//4885 4993//4993
f 4890//4890 4991//4991 4888//4888
f 4890//4890 4994//4994 4991//4991
f 4993//4993 4891//4891 4889//4889
f 4995//4995 4891//4891 4993//4993
f 4892//4892 4994//4994 4890//4890
f 4892//4892 4996//4996 4994//4994
f 4893//4893 4891//4891 4997//4997
f 4891//4891 4998//4998 4997//4997
f 4891//4891 4995//4995 4998//4998
f 4997//4997 4894//4894 4893//4893
f 4895//4895 4996//4996 4892//4892
f 4895//4895 4999//4999 4996//4996
f 4998//4998 5000//5000 4997//4997
f 4894//4894 4997//4997 5000//5000
f 5001//5001 4894//4894 5000//5000
f 4896//4896 4894//4894 5001//5001
f 4897//4897 4999//4999 4895//4895
f 4897//4897 5002//5002 4999//4999
f 5001//5001 4898//4898 4896//4896
f 5003//5003 4898//4898 5001//5001
f 4899//4899 5002//5002 4897//4897
f 4899//4899 5004//5004 5002//5002
f 5003//5003 4901//4901 4898//4898
f 5005//5005 4901//4901 5003//5003
f 4902//4902 5004//5004 4899//4899
f 4902//4902 5006//5006 5004//5004
f 5005//5005 4904//4904 4901//4901
f 5007//5007 4904//4904 5005//5005
f 4905//4905 5006//5006 4902//4902
f 4905//4905 5008//5008 5006//5006
f 5007//5007 4907//4907 4904//4904
f 5009//5009 4907//4907 5007//5007
f 4908//4908 5008//5008 4905//4905
f 4908//4908 5010//5010 5008//5008
f 5009//5009 4910//4910 4907//4907
f 5011//5011 4910//4910 5009//5009
f 4911//4911 5010//5010 4908//4908
f 4911//4911 5012//5012 5010//5010
f 5011//5011 4913//4913 4910//4910
f 5013//5013 4913//4913 5011//5011
f 4914//4914 5012//5012 4911//4911
f 4914//4914 5014//5014 5012//5012
f 5013//5013 4916//4916 4913//4913
f 5015//5015 4916//4916 5013//5013
f 4917//4917 5014//5014 4914//4914
f 4917//4917 5016//5016 5014//5014
f 5015//5015 4919//4919 4916//4916
f 5017//5017 4919//4919 5015//5015
f 4920//4920 5016//5016 4917//4917
f 4920//4920 5018//5018 5016//5016
f 5017//5017 4922//4922 4919//4919
f 5019//5019 4922//4922 5017//5017
f 4923//4923 5018//5018 4920//4920
f 4923//4923 5020//5020 5018//5018
f 5019//5019 4925//4925 4922//4922
f 5021//5021 4925//4925 5019//5019
f 4926//4926 5020//5020 4923//4923
f 4926//4926 5022//5022 5020//5020
f 5021//5021 4927//4927 4925//4925
f 5023//5023 4927//4927 5021//5021
f 5024//5024 5022//5022 4926//4926
f 5024//5024 4926//4926 4928//4928
f 4928//4928 4929//4929 5024//5024
f 5024//5024 4929//4929 5025//5025
f 5023//5023 4930//4930 4927//4927
f 5026//5026 4930//4930 5023//5023
f 4931//4931 5025//5025 4929//4929
f 4931//4931 5027//5027 5025//5025
f 5026//5026 4933//4933 4930//4930
f 5028//5028 4933//4933 5026//5026
f 4934//4934 5027//5027 4931//4931
f 4934//4934 5029//5029 5027//5027
f 5028//5028 4936//4936 4933//4933
f 5030//5030 4936//4936 5028//5028
f 4937//4937 5029//5029 4934//4934
f 4937//4937 5031//5031 5029//5029
f 5030//5030 4939//4939 4936//4936
f 5032//5032 4939//4939 5030//5030
f 5033//5033 5031//5031 4937//4937
f 5033//5033 4937//4937 4940//4940
f 4940//4940 4941//4941 5033//5033
f 5033//5033 4941//4941 5034//5034
f 5032//5032 4943//4943 4939//4939
f 5035//5035 4943//4943 5032//5032
f 4944//4944 5034//5034 4941//4941
f 4944//4944 5036//5036 5034//5034
f 5035//5035 4946//4946 4943//4943
f 5037//5037 4946//4946 5035//5035
f 4947//4947 5036//5036 4944//4944
f 4947//4947 5038//5038 5036//5036
f 5037//5037 4948//4948 4946//4946
f 5039//5039 4948//4948 5037//5037
