# generated by tools/gen_cave.py
o cave_20
v 32.000 -1.250 8.963
v 32.000 -1.299 9.000
v 32.000 -1.000 8.851
v 32.000 -0.750 8.795
v 32.000 -0.500 8.782
v 32.000 -0.250 8.808
v 32.000 0.000 8.882
v 32.000 0.206 9.000
v 32.000 -1.500 9.121
v 32.000 -1.641 9.250
v 32.000 0.250 9.021
v 32.000 0.500 9.131
v 32.000 0.750 9.230
v 32.000 0.786 9.250
v 32.000 -1.750 9.343
v 32.000 -1.901 9.500
v 32.000 1.000 9.364
v 32.000 1.183 9.500
v 32.000 -2.000 9.616
v 32.000 -2.113 9.750
v 32.000 1.250 9.553
v 32.000 1.443 9.750
v 32.000 -2.249 10.000
v 32.000 1.500 9.817
v 32.000 1.626 10.000
v 32.000 -2.250 10.002
v 32.000 -2.404 10.250
v 32.000 1.750 10.205
v 32.000 1.774 10.250
v 32.000 -2.500 10.413
v 32.000 -2.583 10.500
v 32.000 1.897 10.500
v 32.000 -2.750 10.690
v 32.000 -2.798 10.750
v 32.000 2.000 10.722
v 32.000 2.011 10.750
v 32.000 -2.908 11.000
v 32.000 2.109 11.000
v 32.000 -2.924 11.250
v 32.000 2.197 11.250
v 32.000 -2.927 11.500
v 32.000 2.250 11.419
v 32.000 2.273 11.500
v 32.000 -2.928 11.750
v 32.000 2.334 11.750
v 32.000 -2.930 12.000
v 32.000 2.378 12.000
v 32.000 -2.932 12.250
v 32.000 2.401 12.250
v 32.000 -2.934 12.500
v 32.000 2.405 12.500
v 32.000 -2.936 12.750
v 32.000 2.403 12.750
v 32.000 -2.937 13.000
v 32.000 2.406 13.000
v 32.000 -2.938 13.250
v 32.000 2.409 13.250
v 32.000 -2.939 13.500
v 32.000 2.407 13.500
v 32.000 -2.940 13.750
v 32.000 2.393 13.750
v 32.000 -2.916 14.000
v 32.000 2.370 14.000
v 32.000 -2.821 14.250
v 32.000 2.345 14.250
v 32.000 -2.750 14.451
v 32.000 -2.732 14.500
v 32.000 2.324 14.500
v 32.000 -2.653 14.750
v 32.000 2.309 14.750
v 32.000 -2.588 15.000
v 32.000 2.303 15.000
v 32.000 -2.536 15.250
v 32.000 2.305 15.250
v 32.000 -2.500 15.494
v 32.000 -2.499 15.500
v 32.000 2.306 15.500
v 32.000 -2.478 15.750
v 32.000 2.295 15.750
v 32.000 -2.476 16.000
v 32.000 2.261 16.000
v 32.219 -0.750 8.750
v 32.250 -0.750 8.742
v 32.250 -0.785 8.750
v 32.181 -0.500 8.750
v 32.250 -0.500 8.734
v 32.250 -0.394 8.750
v 32.250 -1.250 8.879
v 32.250 -1.447 9.000
v 32.250 -1.000 8.789
v 32.250 -0.250 8.769
v 32.250 0.000 8.843
v 32.141 0.250 9.000
v 32.250 0.250 8.979
v 32.250 0.284 9.000
v 32.227 -1.750 9.250
v 32.250 -1.750 9.239
v 32.250 -1.761 9.250
v 32.250 -1.500 9.029
v 32.250 0.500 9.143
v 32.045 0.750 9.250
v 32.250 0.662 9.250
v 32.250 -1.986 9.500
v 32.250 0.750 9.336
v 32.229 1.000 9.500
v 32.250 0.983 9.500
v 32.250 -2.000 9.517
v 32.250 -2.166 9.750
v 32.250 1.000 9.514
v 32.250 1.250 9.736
v 32.250 1.263 9.750
v 32.003 -2.250 10.000
v 32.250 -2.250 9.900
v 32.250 -2.326 10.000
v 32.209 1.500 10.000
v 32.250 1.471 10.000
v 32.250 -2.447 10.250
v 32.250 1.500 10.038
v 32.045 1.750 10.250
v 32.250 1.632 10.250
v 32.250 -2.500 10.408
v 32.250 -2.587 10.500
v 32.250 1.750 10.451
v 32.250 1.775 10.500
v 32.250 -2.750 10.692
v 32.250 -2.802 10.750
v 32.029 2.000 10.750
v 32.250 1.905 10.750
v 32.250 -2.885 11.000
v 32.250 2.000 10.938
v 32.250 2.028 11.000
v 32.250 -2.913 11.250
v 32.250 2.127 11.250
v 32.250 -2.926 11.500
v 32.084 2.250 11.500
v 32.250 2.199 11.500
v 32.250 -2.928 11.750
v 32.202 1.250 11.750
v 32.250 1.148 11.750
v 32.250 1.250 11.711
v 32.250 1.500 11.715
v 32.207 1.500 11.750
v 32.250 1.586 11.750
v 32.240 2.250 11.750
v 32.250 2.246 11.750
v 32.250 -2.928 12.000
v 32.250 1.250 11.836
v 32.250 1.500 11.827
v 32.250 2.250 11.779
v 32.250 2.277 12.000
v 32.250 -2.930 12.250
v 32.250 2.297 12.250
v 32.250 -2.932 12.500
v 32.250 2.309 12.500
v 32.250 -2.934 12.750
v 32.250 2.315 12.750
v 32.250 -2.935 13.000
v 32.250 2.322 13.000
v 32.250 -2.936 13.250
v 32.250 2.326 13.250
v 32.250 -2.936 13.500
v 32.250 2.324 13.500
v 32.250 -2.938 13.750
v 32.250 2.313 13.750
v 32.250 -2.933 14.000
v 32.250 2.296 14.000
v 32.250 -2.859 14.250
v 32.250 2.274 14.250
v 32.112 -2.750 14.500
v 32.250 -2.772 14.500
v 32.250 2.251 14.500
v 32.250 -2.750 14.566
v 32.250 -2.690 14.750
v 32.186 2.250 14.750
v 32.250 2.229 14.750
v 32.250 2.250 14.514
v 32.250 -2.617 15.000
v 32.145 2.250 15.000
v 32.250 2.209 15.000
v 32.250 -2.556 15.250
v 32.131 2.250 15.250
v 32.250 2.196 15.250
v 32.021 -2.500 15.500
v 32.250 -2.509 15.500
v 32.121 2.250 15.500
v 32.250 2.184 15.500
v 32.250 -2.500 15.584
v 32.250 -2.472 15.750
v 32.093 2.250 15.750
v 32.250 2.164 15.750
v 32.250 -2.430 16.000
v 32.023 2.250 16.000
v 32.250 2.129 16.000
v 32.329 -0.750 8.750
v 32.357 -0.500 8.750
v 32.398 -1.500 9.000
v 32.500 -1.500 8.976
v 32.500 -1.531 9.000
v 32.500 -1.250 8.861
v 32.500 -1.000 8.797
v 32.500 -0.750 8.770
v 32.500 -0.500 8.772
v 32.500 -0.250 8.799
v 32.500 0.000 8.859
v 32.500 0.250 8.971
v 32.500 0.295 9.000
v 32.500 -1.750 9.164
v 32.500 -1.835 9.250
v 32.500 0.500 9.139
v 32.500 0.626 9.250
v 32.308 -2.000 9.500
v 32.500 -2.000 9.433
v 32.500 -2.049 9.500
v 32.500 0.750 9.394
v 32.500 0.869 9.500
v 32.500 -2.202 9.750
v 32.500 1.000 9.681
v 32.269 1.250 9.750
v 32.500 1.070 9.750
v 32.500 -2.250 9.837
v 32.500 -2.348 10.000
v 32.500 1.250 9.924
v 32.500 1.314 10.000
v 32.500 -2.458 10.250
v 32.500 1.500 10.230
v 32.500 1.514 10.250
v 32.500 -2.500 10.366
v 32.500 -2.615 10.500
v 32.318 1.750 10.500
v 32.500 1.674 10.500
v 32.500 -2.750 10.695
v 32.500 -2.798 10.750
v 32.500 1.750 10.630
v 32.500 1.814 10.750
v 32.500 -2.863 11.000
v 32.330 2.000 11.000
v 32.500 1.934 11.000
v 32.500 -2.892 11.250
v 32.500 2.000 11.164
v 32.500 2.031 11.250
v 32.500 -2.916 11.500
v 32.500 2.097 11.500
v 32.500 -2.925 11.750
v 32.306 1.250 11.750
v 32.300 1.500 11.750
v 32.500 2.139 11.750
v 32.500 -2.927 12.000
v 32.312 2.250 12.000
v 32.500 2.167 12.000
v 32.500 -2.928 12.250
v 32.360 2.250 12.250
v 32.500 2.188 12.250
v 32.500 -2.930 12.500
v 32.394 2.250 12.500
v 32.500 2.205 12.500
v 32.500 -2.931 12.750
v 32.422 1.250 12.750
v 32.500 1.139 12.750
v 32.500 1.250 12.702
v 32.500 1.500 12.660
v 32.361 1.500 12.750
v 32.500 1.750 12.713
v 32.440 1.750 12.750
v 32.500 1.830 12.750
v 32.421 2.250 12.750
v 32.500 2.180 12.750
v 32.500 -2.932 13.000
v 32.500 1.250 12.899
v 32.500 1.500 12.997
v 32.500 1.750 12.866
v 32.438 2.250 13.000
v 32.500 2.211 13.000
v 32.500 -2.934 13.250
v 32.441 2.250 13.250
v 32.500 2.224 13.250
v 32.500 -2.936 13.500
v 32.430 2.250 13.500
v 32.500 2.219 13.500
v 32.500 -2.939 13.750
v 32.408 2.250 13.750
v 32.500 2.210 13.750
v 32.500 -2.941 14.000
v 32.372 2.250 14.000
v 32.500 2.199 14.000
v 32.500 -2.908 14.250
v 32.320 2.250 14.250
v 32.500 2.183 14.250
v 32.500 -2.817 14.500
v 32.253 2.250 14.500
v 32.500 2.160 14.500
v 32.500 -2.750 14.692
v 32.500 -2.728 14.750
v 32.500 2.131 14.750
v 32.500 -2.625 15.000
v 32.500 2.103 15.000
v 32.500 -2.524 15.250
v 32.500 2.080 15.250
v 32.500 -2.500 15.327
v 32.297 -2.500 15.500
v 32.500 -2.428 15.500
v 32.500 2.058 15.500
v 32.500 -2.353 15.750
v 32.500 2.031 15.750
v 32.500 -2.293 16.000
v 32.484 2.000 16.000
v 32.500 1.990 16.000
v 32.500 2.000 15.942
v 32.673 -1.500 9.000
v 32.750 -1.389 9.000
v 32.750 -1.250 8.978
v 32.750 -1.000 8.975
v 32.750 -0.750 8.974
v 32.750 -0.500 8.974
v 32.750 -0.250 8.975
v 32.750 0.000 8.990
v 32.588 0.250 9.000
v 32.750 0.037 9.000
v 32.750 -1.750 9.156
v 32.750 -1.848 9.250
v 32.750 -1.500 9.017
v 32.750 0.250 9.053
v 32.750 0.500 9.188
v 32.750 0.571 9.250
v 32.750 -2.000 9.398
v 32.750 -2.071 9.500
v 32.750 0.750 9.438
v 32.750 0.808 9.500
v 32.750 -2.221 9.750
v 32.616 1.000 9.750
v 32.750 0.970 9.750
v 32.750 -2.250 9.800
v 32.750 -2.355 10.000
v 32.750 1.000 9.810
v 32.621 1.250 10.000
v 32.750 1.188 10.000
v 32.750 -2.461 10.250
v 32.750 1.250 10.073
v 32.535 1.500 10.250
v 32.750 1.405 10.250
v 32.750 -2.500 10.353
v 32.750 -2.617 10.500
v 32.750 1.500 10.367
v 32.750 1.595 10.500
v 32.750 -2.750 10.696
v 32.750 -2.793 10.750
v 32.714 1.750 10.750
v 32.750 1.738 10.750
v 32.750 -2.841 11.000
v 32.750 1.750 10.776
v 32.750 1.839 11.000
v 32.750 -2.868 11.250
v 32.570 2.000 11.250
v 32.750 1.916 11.250
v 32.750 -2.890 11.500
v 32.703 2.000 11.500
v 32.750 1.977 11.500
v 32.750 -2.908 11.750
v 32.750 2.000 11.619
v 32.750 2.023 11.750
v 32.750 -2.920 12.000
v 32.750 2.056 12.000
v 32.750 -2.925 12.250
v 32.750 2.080 12.250
v 32.750 -2.929 12.500
v 32.750 2.095 12.500
v 32.750 -2.930 12.750
v 32.561 1.250 12.750
v 32.611 1.500 12.750
v 32.547 1.750 12.750
v 32.750 2.102 12.750
v 32.750 -2.932 13.000
v 32.750 2.103 13.000
v 32.750 -2.934 13.250
v 32.750 2.099 13.250
v 32.750 -2.936 13.500
v 32.750 2.093 13.500
v 32.750 -2.939 13.750
v 32.750 2.088 13.750
v 32.750 -2.941 14.000
v 32.750 2.081 14.000
v 32.750 -2.939 14.250
v 32.750 2.068 14.250
v 32.750 -2.857 14.500
v 32.750 2.044 14.500
v 32.750 -2.750 14.723
v 32.750 -2.735 14.750
v 32.750 2.012 14.750
v 32.750 -2.602 15.000
v 32.711 2.000 15.000
v 32.750 1.979 15.000
v 32.750 2.000 14.848
v 32.750 -2.500 15.215
v 32.650 -2.500 15.250
v 32.750 -2.476 15.250
v 32.662 2.000 15.250
v 32.750 1.953 15.250
v 32.750 -2.339 15.500
v 32.618 2.000 15.500
v 32.750 1.929 15.500
v 32.750 -2.250 15.708
v 32.717 -2.250 15.750
v 32.750 -2.228 15.750
v 32.561 2.000 15.750
v 32.750 1.895 15.750
v 32.579 -2.250 16.000
v 32.750 -2.128 16.000
v 32.750 1.840 16.000
v 32.774 -1.250 9.000
v 32.774 -1.000 9.000
v 32.774 -0.750 9.000
v 32.774 -0.500 9.000
v 32.774 -0.250 9.000
v 32.760 0.000 9.000
v 32.980 -1.750 9.250
v 32.999 -1.500 9.250
v 32.999 -1.250 9.250
v 32.999 -1.000 9.250
v 32.999 -0.750 9.250
v 32.999 -0.500 9.250
v 32.999 -0.250 9.250
v 32.999 0.000 9.250
v 32.995 0.250 9.250
v 32.866 0.500 9.250
v 33.000 -2.000 9.437
v 33.000 -2.045 9.500
v 33.000 -1.750 9.263
v 33.000 -1.500 9.251
v 33.000 -1.250 9.251
v 33.000 -1.000 9.251
v 33.000 -0.750 9.251
v 33.000 -0.500 9.251
v 33.000 -0.250 9.251
v 33.000 0.000 9.251
v 33.000 0.250 9.254
v 33.000 0.500 9.321
v 32.929 0.750 9.500
v 33.000 0.724 9.500
v 33.000 -2.210 9.750
v 33.000 0.750 9.523
v 33.000 0.918 9.750
v 33.000 -2.250 9.813
v 33.000 -2.344 10.000
v 33.000 1.000 9.896
v 33.000 1.096 10.000
v 33.000 -2.453 10.250
v 33.000 1.250 10.191
v 33.000 1.304 10.250
v 33.000 -2.500 10.368
v 33.000 -2.602 10.500
v 33.000 1.500 10.484
v 33.000 1.512 10.500
v 33.000 -2.750 10.710
v 33.000 -2.780 10.750
v 33.000 1.654 10.750
v 33.000 -2.817 11.000
v 32.984 1.750 11.000
v 33.000 1.744 11.000
v 33.000 -2.842 11.250
v 33.000 1.750 11.024
v 33.000 1.803 11.250
v 33.000 -2.862 11.500
v 33.000 1.855 11.500
v 33.000 -2.878 11.750
v 32.799 2.000 11.750
v 33.000 1.903 11.750
v 33.000 -2.892 12.000
v 32.875 2.000 12.000
v 33.000 1.941 12.000
v 33.000 -2.905 12.250
v 32.927 2.000 12.250
v 33.000 1.965 12.250
v 33.000 -2.919 12.500
v 32.952 2.000 12.500
v 33.000 1.976 12.500
v 33.000 -2.927 12.750
v 32.958 2.000 12.750
v 33.000 1.979 12.750
v 33.000 -2.929 13.000
v 32.954 2.000 13.000
v 33.000 1.976 13.000
v 33.000 -2.930 13.250
v 32.945 2.000 13.250
v 33.000 1.972 13.250
v 33.000 -2.930 13.500
v 32.936 2.000 13.500
v 33.000 1.968 13.500
v 33.000 -2.930 13.750
v 32.929 2.000 13.750
v 33.000 1.965 13.750
v 33.000 -2.927 14.000
v 32.918 2.000 14.000
v 33.000 1.959 14.000
v 33.000 -2.924 14.250
v 32.892 2.000 14.250
v 33.000 1.946 14.250
v 33.000 -2.871 14.500
v 32.841 2.000 14.500
v 33.000 1.920 14.500
v 33.000 -2.750 14.717
v 33.000 -2.730 14.750
v 32.775 2.000 14.750
v 33.000 1.886 14.750
v 33.000 -2.582 15.000
v 33.000 1.852 15.000
v 33.000 -2.500 15.150
v 33.000 -2.421 15.250
v 33.000 1.824 15.250
v 33.000 -2.252 15.500
v 33.000 1.796 15.500
v 33.000 -2.250 15.504
v 33.000 -2.065 15.750
v 33.000 1.751 15.750
v 33.000 -2.000 15.863
v 32.918 -2.000 16.000
v 33.000 -1.915 16.000
v 32.892 1.750 16.000
v 33.000 1.673 16.000
v 33.000 1.750 15.754
v 33.124 -2.000 9.500
v 33.224 -1.750 9.500
v 33.224 -1.500 9.500
v 33.224 -1.250 9.500
v 33.224 -1.000 9.500
v 33.224 -0.750 9.500
v 33.224 -0.500 9.500
v 33.224 -0.250 9.500
v 33.224 0.000 9.500
v 33.224 0.250 9.500
v 33.204 0.500 9.500
v 33.250 -2.000 9.579
v 33.250 -2.136 9.750
v 33.250 -1.750 9.529
v 33.250 -1.500 9.529
v 33.250 -1.250 9.529
v 33.250 -1.000 9.529
v 33.250 -0.750 9.529
v 33.250 -0.500 9.529
v 33.250 -0.250 9.529
v 33.250 0.000 9.529
v 33.250 0.250 9.529
v 33.250 0.500 9.541
v 33.250 0.750 9.669
v 33.250 0.821 9.750
v 33.250 -2.250 9.897
v 33.250 -2.303 10.000
v 33.233 1.000 10.000
v 33.250 0.996 10.000
v 33.250 -2.421 10.250
v 33.250 1.000 10.008
v 33.115 1.250 10.250
v 33.250 1.198 10.250
v 33.250 -2.500 10.432
v 33.250 -2.553 10.500
v 33.250 1.250 10.325
v 33.026 1.500 10.500
v 33.250 1.392 10.500
v 33.202 -2.750 10.750
v 33.250 -2.742 10.750
v 33.250 1.500 10.677
v 33.250 1.539 10.750
v 33.250 -2.750 10.785
v 33.250 -2.791 11.000
v 33.250 1.627 11.000
v 33.250 -2.813 11.250
v 33.116 1.750 11.250
v 33.250 1.687 11.250
v 33.250 -2.832 11.500
v 33.224 1.750 11.500
v 33.250 1.737 11.500
v 33.250 -2.848 11.750
v 33.250 1.750 11.571
v 33.250 1.780 11.750
v 33.250 -2.865 12.000
v 33.250 1.814 12.000
v 33.250 -2.880 12.250
v 33.250 1.834 12.250
v 33.250 -2.893 12.500
v 33.250 1.842 12.500
v 33.250 -2.901 12.750
v 33.250 1.845 12.750
v 33.250 -2.904 13.000
v 33.250 1.846 13.000
v 33.250 -2.903 13.250
v 33.250 1.846 13.250
v 33.250 -2.900 13.500
v 33.250 1.847 13.500
v 33.250 -2.898 13.750
v 33.250 1.846 13.750
v 33.250 -2.896 14.000
v 33.250 1.841 14.000
v 33.250 -2.894 14.250
v 33.250 1.828 14.250
v 33.250 -2.871 14.500
v 33.250 1.805 14.500
v 33.250 -2.750 14.711
v 33.250 -2.723 14.750
v 33.249 1.000 14.750
v 33.250 0.996 14.750
v 33.250 1.000 14.748
v 33.250 1.011 14.750
v 33.250 1.774 14.750
v 33.250 -2.555 15.000
v 33.250 1.000 14.751
v 33.227 1.750 15.000
v 33.250 1.740 15.000
v 33.250 1.750 14.929
v 33.250 -2.500 15.088
v 33.250 -2.348 15.250
v 33.152 1.750 15.250
v 33.250 1.700 15.250
v 33.250 -2.250 15.369
v 33.005 -2.250 15.500
v 33.250 -2.099 15.500
v 33.082 1.750 15.500
v 33.250 1.649 15.500
v 33.250 -2.000 15.603
v 33.090 -2.000 15.750
v 33.250 -1.827 15.750
v 33.002 1.750 15.750
v 33.250 1.575 15.750
v 33.250 -1.750 15.832
v 33.147 -1.750 16.000
v 33.250 -1.657 16.000
v 33.220 1.500 16.000
v 33.250 1.475 16.000
v 33.250 1.500 15.939
v 33.436 -2.000 9.750
v 33.449 -1.750 9.750
v 33.449 -1.500 9.750
v 33.449 -1.250 9.750
v 33.449 -1.000 9.750
v 33.449 -0.750 9.750
v 33.449 -0.500 9.750
v 33.449 -0.250 9.750
v 33.449 0.000 9.750
v 33.449 0.250 9.750
v 33.446 0.500 9.750
v 33.348 0.750 9.750
v 33.414 -2.250 10.000
v 33.500 -2.189 10.000
v 33.500 -2.000 9.816
v 33.500 -1.750 9.807
v 33.500 -1.500 9.807
v 33.500 -1.250 9.807
v 33.500 -1.000 9.807
v 33.500 -0.750 9.807
v 33.500 -0.500 9.807
v 33.500 -0.250 9.807
v 33.500 0.000 9.807
v 33.500 0.250 9.807
v 33.500 0.500 9.808
v 33.500 0.750 9.883
v 33.500 0.864 10.000
v 33.500 -2.250 10.066
v 33.500 -2.348 10.250
v 33.500 1.000 10.197
v 33.500 1.044 10.250
v 33.393 -2.500 10.500
v 33.500 -2.471 10.500
v 33.460 1.250 10.500
v 33.500 1.223 10.500
v 33.500 -2.500 10.560
v 33.500 -2.653 10.750
v 33.500 1.250 10.545
v 33.313 1.500 10.750
v 33.500 1.370 10.750
v 33.500 -2.750 10.959
v 33.500 -2.764 11.000
v 33.467 1.500 11.000
v 33.500 1.478 11.000
v 33.500 -2.782 11.250
v 33.500 1.500 11.065
v 33.500 1.551 11.250
v 33.500 -2.802 11.500
v 33.500 1.608 11.500
v 33.500 -2.823 11.750
v 33.311 1.750 11.750
v 33.500 1.654 11.750
v 33.500 -2.841 12.000
v 33.374 1.750 12.000
v 33.500 1.686 12.000
v 33.500 -2.855 12.250
v 33.409 1.750 12.250
v 33.500 1.703 12.250
v 33.500 -2.866 12.500
v 33.424 1.750 12.500
v 33.500 1.710 12.500
v 33.500 -2.872 12.750
v 33.430 1.750 12.750
v 33.500 1.713 12.750
v 33.500 -2.873 13.000
v 33.436 1.750 13.000
v 33.500 1.716 13.000
v 33.500 -2.872 13.250
v 33.444 1.750 13.250
v 33.500 1.721 13.250
v 33.500 -2.871 13.500
v 33.453 1.750 13.500
v 33.500 1.725 13.500
v 33.500 -2.870 13.750
v 33.455 1.750 13.750
v 33.500 1.726 13.750
v 33.500 -2.869 14.000
v 33.446 1.750 14.000
v 33.500 1.721 14.000
v 33.500 -2.869 14.250
v 33.422 1.750 14.250
v 33.500 1.710 14.250
v 33.500 -2.862 14.500
v 33.378 1.750 14.500
v 33.500 1.692 14.500
v 33.500 -2.750 14.706
v 33.500 -2.715 14.750
v 33.257 1.000 14.750
v 33.310 1.750 14.750
v 33.500 1.664 14.750
v 33.500 -2.523 15.000
v 33.500 1.623 15.000
v 33.500 -2.500 15.032
v 33.500 -2.252 15.250
v 33.500 1.559 15.250
v 33.500 -2.250 15.252
v 33.500 -2.000 15.417
v 33.375 -2.000 15.500
v 33.500 -1.841 15.500
v 33.455 1.500 15.500
v 33.500 1.462 15.500
v 33.500 1.500 15.412
v 33.500 -1.750 15.557
v 33.312 -1.750 15.750
v 33.500 -1.583 15.750
v 33.338 1.500 15.750
v 33.500 1.345 15.750
v 33.500 -1.500 15.873
v 33.423 -1.500 16.000
v 33.500 -1.424 16.000
v 33.486 1.250 16.000
v 33.500 1.235 16.000
v 33.500 1.250 15.968
v 33.667 -2.000 10.000
v 33.674 -1.750 10.000
v 33.674 -1.500 10.000
v 33.674 -1.250 10.000
v 33.674 -1.000 10.000
v 33.674 -0.750 10.000
v 33.674 -0.500 10.000
v 33.674 -0.250 10.000
v 33.674 0.000 10.000
v 33.674 0.250 10.000
v 33.673 0.500 10.000
v 33.613 0.750 10.000
v 33.687 -2.250 10.250
v 33.750 -2.182 10.250
v 33.750 -2.000 10.097
v 33.750 -1.750 10.084
v 33.750 -1.500 10.084
v 33.750 -1.250 10.084
v 33.750 -1.000 10.084
v 33.750 -0.750 10.084
v 33.750 -0.500 10.084
v 33.750 -0.250 10.084
v 33.750 0.000 10.084
v 33.750 0.250 10.084
v 33.750 0.500 10.086
v 33.750 0.750 10.162
v 33.549 1.000 10.250
v 33.750 0.833 10.250
v 33.750 -2.250 10.324
v 33.750 -2.355 10.500
v 33.722 1.000 10.500
v 33.750 0.979 10.500
v 33.750 -2.500 10.730
v 33.750 -2.518 10.750
v 33.750 1.000 10.550
v 33.640 1.250 10.750
v 33.750 1.134 10.750
v 33.628 -2.750 11.000
v 33.750 -2.732 11.000
v 33.750 1.250 10.951
v 33.750 1.272 11.000
v 33.750 -2.750 11.159
v 33.750 -2.757 11.250
v 33.580 1.500 11.250
v 33.750 1.372 11.250
v 33.750 -2.777 11.500
v 33.687 1.500 11.500
v 33.750 1.458 11.500
v 33.750 -2.797 11.750
v 33.750 1.500 11.646
v 33.750 1.525 11.750
v 33.750 -2.815 12.000
v 33.750 1.568 12.000
v 33.750 -2.829 12.250
v 33.750 1.589 12.250
v 33.750 -2.838 12.500
v 33.750 1.594 12.500
v 33.750 -2.843 12.750
v 33.750 1.593 12.750
v 33.750 -2.844 13.000
v 33.750 1.590 13.000
v 33.750 -2.844 13.250
v 33.750 1.590 13.250
v 33.750 -2.844 13.500
v 33.750 1.590 13.500
v 33.750 -2.845 13.750
v 33.750 1.589 13.750
v 33.750 -2.846 14.000
v 33.750 1.584 14.000
v 33.750 -2.846 14.250
v 33.750 1.573 14.250
v 33.750 -2.843 14.500
v 33.750 1.555 14.500
v 33.750 -2.750 14.699
v 33.750 -2.714 14.750
v 33.750 1.523 14.750
v 33.750 -2.502 15.000
v 33.701 1.500 15.000
v 33.750 1.459 15.000
v 33.750 1.500 14.857
v 33.750 -2.500 15.003
v 33.750 -2.250 15.184
v 33.507 -2.250 15.250
v 33.750 -2.080 15.250
v 33.583 1.500 15.250
v 33.750 1.342 15.250
v 33.750 -2.000 15.287
v 33.750 -1.750 15.368
v 33.563 -1.750 15.500
v 33.750 -1.577 15.500
v 33.704 1.250 15.500
v 33.750 1.187 15.500
v 33.750 1.250 15.409
v 33.750 -1.500 15.574
v 33.588 -1.500 15.750
v 33.750 -1.326 15.750
v 33.589 1.250 15.750
v 33.750 1.044 15.750
v 33.750 -1.250 15.856
v 33.670 -1.250 16.000
v 33.750 -1.142 16.000
v 33.706 1.000 16.000
v 33.750 0.935 16.000
v 33.750 1.000 15.858
v 33.880 -2.000 10.250
v 33.899 -1.750 10.250
v 33.899 -1.500 10.250
v 33.899 -1.250 10.250
v 33.899 -1.000 10.250
v 33.899 -0.750 10.250
v 33.899 -0.500 10.250
v 33.899 -0.250 10.250
v 33.899 0.000 10.250
v 33.899 0.250 10.250
v 33.897 0.500 10.250
v 33.820 0.750 10.250
v 33.894 -2.250 10.500
v 34.000 -2.115 10.500
v 34.000 -2.000 10.405
v 34.000 -1.750 10.362
v 34.000 -1.500 10.362
v 34.000 -1.250 10.362
v 34.000 -1.000 10.362
v 34.000 -0.750 10.362
v 34.000 -0.500 10.362
v 34.000 -0.250 10.362
v 34.000 0.000 10.362
v 34.000 0.250 10.362
v 34.000 0.500 10.374
v 33.980 0.750 10.500
v 34.000 0.714 10.500
v 33.780 -2.500 10.750
v 34.000 -2.347 10.750
v 34.000 -2.250 10.639
v 34.000 0.750 10.542
v 33.869 1.000 10.750
v 34.000 0.879 10.750
v 34.000 -2.500 10.894
v 34.000 -2.596 11.000
v 34.000 1.000 10.962
v 33.775 1.250 11.000
v 34.000 1.023 11.000
v 33.839 -2.750 11.250
v 34.000 -2.736 11.250
v 33.900 1.250 11.250
v 34.000 1.160 11.250
v 34.000 -2.750 11.442
v 34.000 -2.754 11.500
v 34.000 1.250 11.430
v 34.000 1.279 11.500
v 34.000 -2.771 11.750
v 33.796 1.500 11.750
v 34.000 1.376 11.750
v 34.000 -2.787 12.000
v 33.898 1.500 12.000
v 34.000 1.448 12.000
v 34.000 -2.800 12.250
v 33.969 1.500 12.250
v 34.000 1.486 12.250
v 34.000 -2.810 12.500
v 33.991 1.500 12.500
v 34.000 1.496 12.500
v 34.000 -2.816 12.750
v 33.978 1.500 12.750
v 34.000 1.491 12.750
v 34.000 -2.818 13.000
v 33.954 1.500 13.000
v 34.000 1.479 13.000
v 34.000 -2.819 13.250
v 33.931 1.500 13.250
v 34.000 1.464 13.250
v 34.000 -2.819 13.500
v 33.914 1.500 13.500
v 34.000 1.448 13.500
v 34.000 -2.822 13.750
v 33.900 1.500 13.750
v 34.000 1.435 13.750
v 34.000 -2.825 14.000
v 33.886 1.500 14.000
v 34.000 1.422 14.000
v 34.000 -2.825 14.250
v 33.864 1.500 14.250
v 34.000 1.401 14.250
v 34.000 -2.822 14.500
v 33.830 1.500 14.500
v 34.000 1.361 14.500
v 34.000 -2.750 14.712
v 34.000 -2.731 14.750
v 33.780 1.500 14.750
v 34.000 1.291 14.750
v 34.000 -2.513 15.000
v 33.941 1.250 15.000
v 34.000 1.163 15.000
v 34.000 1.250 14.850
v 34.000 -2.500 15.016
v 34.000 -2.250 15.169
v 34.000 -2.000 15.230
v 33.899 -2.000 15.250
v 34.000 -1.843 15.250
v 33.989 1.000 15.250
v 34.000 0.978 15.250
v 34.000 1.000 15.227
v 33.830 1.250 15.250
v 34.000 -1.750 15.264
v 34.000 -1.500 15.401
v 33.837 -1.500 15.500
v 34.000 -1.327 15.500
v 33.885 1.000 15.500
v 34.000 0.792 15.500
v 34.000 -1.250 15.559
v 33.820 -1.250 15.750
v 34.000 -1.000 15.743
v 33.995 -1.000 15.750
v 34.000 -0.990 15.750
v 33.954 0.750 15.750
v 34.000 0.659 15.750
v 34.000 0.750 15.584
v 33.787 1.000 15.750
v 33.857 -1.000 16.000
v 34.000 -0.752 16.000
v 33.886 0.750 16.000
v 34.000 0.537 16.000
v 34.078 -2.000 10.500
v 34.124 -1.750 10.500
v 34.124 -1.500 10.500
v 34.124 -1.250 10.500
v 34.124 -1.000 10.500
v 34.124 -0.750 10.500
v 34.124 -0.500 10.500
v 34.124 -0.250 10.500
v 34.124 0.000 10.500
v 34.126 0.250 10.500
v 34.110 0.500 10.500
v 34.106 -2.250 10.750
v 34.250 -2.056 10.750
v 34.250 -2.000 10.715
v 34.250 -1.750 10.648
v 34.250 -1.500 10.640
v 34.250 -1.250 10.640
v 34.250 -1.000 10.640
v 34.250 -0.750 10.640
v 34.250 -0.500 10.640
v 34.250 -0.250 10.640
v 34.250 0.000 10.639
v 34.250 0.250 10.638
v 34.250 0.500 10.690
v 34.116 0.750 10.750
v 34.250 0.574 10.750
v 34.173 -2.500 11.000
v 34.250 -2.432 11.000
v 34.250 -2.250 10.873
v 34.250 0.750 10.967
v 34.025 1.000 11.000
v 34.250 0.777 11.000
v 34.250 -2.500 11.046
v 34.250 -2.689 11.250
v 34.194 1.000 11.250
v 34.250 0.951 11.250
v 34.049 -2.750 11.500
v 34.250 -2.734 11.500
v 34.250 1.000 11.336
v 34.039 1.250 11.500
v 34.250 1.081 11.500
v 34.216 -2.750 11.750
v 34.250 -2.747 11.750
v 34.187 1.250 11.750
v 34.250 1.201 11.750
v 34.250 -2.750 11.813
v 34.250 -2.760 12.000
v 34.250 1.250 11.864
v 34.250 1.302 12.000
v 34.250 -2.773 12.250
v 34.250 1.365 12.250
v 34.250 -2.784 12.500
v 34.250 1.392 12.500
v 34.250 -2.793 12.750
v 34.250 1.393 12.750
v 34.250 -2.796 13.000
v 34.250 1.374 13.000
v 34.250 -2.797 13.250
v 34.250 1.343 13.250
v 34.250 -2.798 13.500
v 34.250 1.303 13.500
v 34.250 -2.801 13.750
v 34.250 1.266 13.750
v 34.250 -2.805 14.000
v 34.226 1.250 14.000
v 34.250 1.230 14.000
v 34.250 1.250 13.865
v 34.250 -2.806 14.250
v 34.179 1.250 14.250
v 34.250 1.184 14.250
v 34.250 -2.802 14.500
v 34.116 1.250 14.500
v 34.250 1.109 14.500
v 34.124 -2.750 14.750
v 34.250 -2.765 14.750
v 34.248 1.000 14.750
v 34.250 0.997 14.750
v 34.250 1.000 14.745
v 34.038 1.250 14.750
v 34.250 -2.750 14.775
v 34.250 -2.565 15.000
v 34.122 1.000 15.000
v 34.250 0.826 15.000
v 34.250 -2.500 15.076
v 34.250 -2.250 15.207
v 34.250 -2.000 15.237
v 34.250 -1.750 15.237
v 34.113 -1.750 15.250
v 34.250 -1.711 15.250
v 34.160 0.750 15.250
v 34.250 0.622 15.250
v 34.250 0.750 15.108
v 34.250 -1.500 15.328
v 34.250 -1.250 15.422
v 34.086 -1.250 15.500
v 34.250 -1.020 15.500
v 34.202 0.500 15.500
v 34.250 0.412 15.500
v 34.250 0.500 15.413
v 34.031 0.750 15.500
v 34.250 -1.000 15.510
v 34.250 -0.750 15.632
v 34.152 -0.750 15.750
v 34.250 -0.511 15.750
v 34.218 0.250 15.750
v 34.250 0.131 15.750
v 34.250 0.250 15.678
v 34.102 0.500 15.750
v 34.001 -0.750 16.000
v 34.250 -0.500 15.757
v 34.113 -0.500 16.000
v 34.250 -0.250 15.832
v 34.165 -0.250 16.000
v 34.250 0.000 15.815
v 34.164 0.000 16.000
v 34.117 0.250 16.000
v 34.022 0.500 16.000
v 34.286 -2.000 10.750
v 34.349 -1.750 10.750
v 34.356 -1.500 10.750
v 34.350 -1.250 10.750
v 34.349 -1.000 10.750
v 34.349 -0.750 10.750
v 34.349 -0.500 10.750
v 34.350 -0.250 10.750
v 34.357 0.000 10.750
v 34.363 0.250 10.750
v 34.301 0.500 10.750
v 34.436 -2.250 11.000
v 34.500 -2.151 11.000
v 34.500 -2.000 10.940
v 34.500 -1.750 10.893
v 34.500 -1.500 10.883
v 34.500 -1.250 10.897
v 34.500 -1.000 10.908
v 34.500 -0.750 10.911
v 34.500 -0.500 10.909
v 34.500 -0.250 10.903
v 34.500 0.000 10.893
v 34.500 0.250 10.906
v 34.484 0.500 11.000
v 34.500 0.464 11.000
v 34.276 0.750 11.000
v 34.500 -2.500 11.202
v 34.500 -2.547 11.250
v 34.500 -2.250 11.041
v 34.500 0.500 11.024
v 34.474 0.750 11.250
v 34.500 0.721 11.250
v 34.500 -2.711 11.500
v 34.500 0.750 11.290
v 34.352 1.000 11.500
v 34.500 0.867 11.500
v 34.500 -2.726 11.750
v 34.490 1.000 11.750
v 34.500 0.990 11.750
v 34.356 -2.750 12.000
v 34.500 -2.737 12.000
v 34.500 1.000 11.770
v 34.326 1.250 12.000
v 34.500 1.106 12.000
v 34.489 -2.750 12.250
v 34.500 -2.749 12.250
v 34.443 1.250 12.250
v 34.500 1.209 12.250
v 34.500 -2.750 12.270
v 34.500 -2.762 12.500
v 34.500 1.250 12.416
v 34.500 1.267 12.500
v 34.500 -2.772 12.750
v 34.500 1.283 12.750
v 34.500 -2.777 13.000
v 34.500 1.264 13.000
v 34.500 -2.779 13.250
v 34.438 1.250 13.250
v 34.500 1.215 13.250
v 34.500 1.250 13.080
v 34.500 -2.781 13.500
v 34.342 1.250 13.500
v 34.500 1.145 13.500
v 34.500 -2.784 13.750
v 34.273 1.250 13.750
v 34.500 1.074 13.750
v 34.500 -2.787 14.000
v 34.500 1.010 14.000
v 34.500 -2.788 14.250
v 34.443 1.000 14.250
v 34.500 0.942 14.250
v 34.500 1.000 14.040
v 34.500 -2.784 14.500
v 34.359 1.000 14.500
v 34.500 0.854 14.500
v 34.500 -2.778 14.750
v 34.491 0.750 14.750
v 34.500 0.741 14.750
v 34.500 0.750 14.733
v 34.500 -2.750 14.828
v 34.500 -2.649 15.000
v 34.327 0.750 15.000
v 34.500 0.583 15.000
v 34.500 -2.500 15.173
v 34.390 -2.250 15.250
v 34.500 -2.329 15.250
v 34.322 -2.000 15.250
v 34.468 -1.750 15.250
v 34.378 0.500 15.250
v 34.500 0.367 15.250
v 34.500 0.500 15.120
v 34.500 -2.250 15.284
v 34.500 -2.000 15.283
v 34.500 -1.750 15.252
v 34.500 -1.500 15.310
v 34.500 -1.250 15.367
v 34.500 -1.000 15.412
v 34.269 -1.000 15.500
v 34.500 -0.750 15.458
v 34.423 -0.750 15.500
v 34.500 -0.510 15.500
v 34.481 0.000 15.500
v 34.500 -0.114 15.500
v 34.500 0.000 15.482
v 34.500 0.250 15.358
v 34.369 0.250 15.500
v 34.500 -0.500 15.502
v 34.255 -0.500 15.750
v 34.500 -0.250 15.522
v 34.306 -0.250 15.750
v 34.291 0.000 15.750
v 34.576 -2.000 11.000
v 34.643 -1.750 11.000
v 34.678 -1.500 11.000
v 34.656 -1.250 11.000
v 34.625 -1.000 11.000
v 34.612 -0.750 11.000
v 34.615 -0.500 11.000
v 34.628 -0.250 11.000
v 34.630 0.000 11.000
v 34.592 0.250 11.000
v 34.568 -2.500 11.250
v 34.750 -2.288 11.250
v 34.750 -2.250 11.228
v 34.750 -2.000 11.138
v 34.750 -1.750 11.083
v 34.750 -1.500 11.046
v 34.750 -1.250 11.054
v 34.750 -1.000 11.073
v 34.750 -0.750 11.087
v 34.750 -0.500 11.093
v 34.750 -0.250 11.099
v 34.750 0.000 11.123
v 34.750 0.250 11.209
v 34.657 0.500 11.250
v 34.750 0.318 11.250
v 34.750 -2.500 11.382
v 34.750 -2.615 11.500
v 34.750 0.500 11.402
v 34.618 0.750 11.500
v 34.750 0.583 11.500
v 34.750 -2.711 11.750
v 34.743 0.750 11.750
v 34.750 0.743 11.750
v 34.750 -2.720 12.000
v 34.750 0.750 11.763
v 34.621 1.000 12.000
v 34.750 0.874 12.000
v 34.750 -2.731 12.250
v 34.750 1.000 12.237
v 34.750 1.006 12.250
v 34.654 -2.750 12.500
v 34.750 -2.743 12.500
v 34.529 1.250 12.500
v 34.750 1.096 12.500
v 34.750 -2.750 12.667
v 34.750 -2.754 12.750
v 34.562 1.250 12.750
v 34.750 1.136 12.750
v 34.750 -2.761 13.000
v 34.529 1.250 13.000
v 34.750 1.126 13.000
v 34.750 -2.765 13.250
v 34.750 1.071 13.250
v 34.750 -2.768 13.500
v 34.726 1.000 13.500
v 34.750 0.984 13.500
v 34.750 1.000 13.457
v 34.750 -2.772 13.750
v 34.603 1.000 13.750
v 34.750 0.888 13.750
v 34.750 -2.774 14.000
v 34.513 1.000 14.000
v 34.750 0.802 14.000
v 34.750 -2.774 14.250
v 34.717 0.750 14.250
v 34.750 0.720 14.250
v 34.750 0.750 14.160
v 34.750 -2.770 14.500
v 34.617 0.750 14.500
v 34.750 0.626 14.500
v 34.750 -2.765 14.750
v 34.750 0.515 14.750
v 34.750 -2.750 14.985
v 34.750 -2.748 15.000
v 34.597 0.500 15.000
v 34.750 0.357 15.000
v 34.750 0.500 14.781
v 34.672 -2.500 15.250
v 34.750 -2.532 15.250
v 34.612 0.250 15.250
v 34.750 0.073 15.250
v 34.750 0.250 15.126
v 34.750 -2.500 15.281
v 34.750 -2.250 15.368
v 34.750 -2.000 15.342
v 34.750 -1.750 15.284
v 34.750 -1.500 15.320
v 34.750 -1.250 15.355
v 34.750 -1.000 15.372
v 34.750 -0.750 15.382
v 34.750 -0.500 15.384
v 34.504 -0.500 15.500
v 34.750 -0.250 15.362
v 34.527 -0.250 15.500
v 34.750 0.000 15.292
v 34.778 -2.250 11.250
v 34.881 -2.000 11.250
v 34.943 -1.750 11.250
v 35.000 -1.595 11.250
v 35.000 -1.500 11.222
v 35.000 -1.250 11.182
v 35.000 -1.000 11.183
v 35.000 -0.750 11.197
v 35.000 -0.500 11.222
v 34.973 -0.250 11.250
v 35.000 -0.338 11.250
v 34.880 0.000 11.250
v 34.781 0.250 11.250
v 34.915 -2.500 11.500
v 35.000 -2.399 11.500
v 35.000 -2.250 11.419
v 35.000 -2.000 11.348
v 35.000 -1.750 11.302
v 35.000 -0.250 11.274
v 35.000 0.000 11.388
v 34.962 0.250 11.500
v 35.000 0.183 11.500
v 34.809 0.500 11.500
v 35.000 -2.500 11.557
v 35.000 -2.681 11.750
v 35.000 0.250 11.549
v 34.969 0.500 11.750
v 35.000 0.463 11.750
v 35.000 -2.710 12.000
v 35.000 0.500 11.794
v 34.887 0.750 12.000
v 35.000 0.646 12.000
v 35.000 -2.719 12.250
v 35.000 0.750 12.176
v 34.757 1.000 12.250
v 35.000 0.789 12.250
v 35.000 -2.729 12.500
v 34.872 1.000 12.500
v 35.000 0.893 12.500
v 34.810 -2.750 12.750
v 35.000 -2.739 12.750
v 34.941 1.000 12.750
v 35.000 0.954 12.750
v 34.953 -2.750 13.000
v 35.000 -2.748 13.000
v 34.945 1.000 13.000
v 35.000 0.961 13.000
v 35.000 -2.750 13.091
v 35.000 -2.754 13.250
v 34.870 1.000 13.250
v 35.000 0.919 13.250
v 35.000 -2.759 13.500
v 35.000 0.839 13.500
v 35.000 -2.763 13.750
v 34.984 0.750 13.750
v 35.000 0.741 13.750
v 35.000 0.750 13.727
v 35.000 -2.764 14.000
v 34.830 0.750 14.000
v 35.000 0.638 14.000
v 35.000 -2.763 14.250
v 35.000 0.530 14.250
v 35.000 -2.760 14.500
v 34.903 0.500 14.500
v 35.000 0.414 14.500
v 35.000 0.500 14.320
v 35.000 -2.757 14.750
v 34.768 0.500 14.750
v 35.000 0.292 14.750
v 34.799 -2.750 15.000
v 35.000 -2.754 15.000
v 34.867 0.250 15.000
v 35.000 0.128 15.000
v 35.000 0.250 14.825
v 35.000 -2.750 15.013
v 35.000 -2.630 15.250
v 34.812 0.000 15.250
v 35.000 -0.232 15.250
v 35.000 0.000 15.123
v 35.000 -2.500 15.367
v 35.000 -2.250 15.438
v 35.000 -2.000 15.399
v 35.000 -1.750 15.323
v 35.000 -1.500 15.343
v 35.000 -1.250 15.366
v 35.000 -1.000 15.365
v 35.000 -0.750 15.349
v 35.000 -0.500 15.318
v 35.000 -0.250 15.258
v 35.034 -1.500 11.250
v 35.099 -1.250 11.250
v 35.120 -1.000 11.250
v 35.101 -0.750 11.250
v 35.048 -0.500 11.250
v 35.122 -2.250 11.500
v 35.219 -2.000 11.500
v 35.250 -1.766 11.500
v 35.250 -1.750 11.499
v 35.250 -1.500 11.439
v 35.250 -1.250 11.384
v 35.250 -1.000 11.357
v 35.250 -0.750 11.368
v 35.250 -0.500 11.419
v 35.244 -0.250 11.500
v 35.250 -0.265 11.500
v 35.108 0.000 11.500
v 35.250 -2.500 11.702
v 35.250 -2.557 11.750
v 35.250 -2.250 11.577
v 35.250 -2.000 11.519
v 35.250 -0.250 11.506
v 35.250 0.000 11.635
v 35.182 0.250 11.750
v 35.250 0.166 11.750
v 35.250 -2.704 12.000
v 35.250 0.250 11.822
v 35.160 0.500 12.000
v 35.250 0.417 12.000
v 35.250 -2.712 12.250
v 35.250 0.500 12.125
v 35.045 0.750 12.250
v 35.250 0.574 12.250
v 35.250 -2.720 12.500
v 35.168 0.750 12.500
v 35.250 0.679 12.500
v 35.250 -2.729 12.750
v 35.248 0.750 12.750
v 35.250 0.748 12.750
v 35.250 -2.738 13.000
v 35.250 0.750 12.767
v 35.250 0.777 13.000
v 35.124 -2.750 13.250
v 35.250 -2.746 13.250
v 35.250 0.763 13.250
v 35.250 -2.750 13.433
v 35.250 -2.752 13.500
v 35.168 0.750 13.500
v 35.250 0.708 13.500
v 35.250 0.750 13.311
v 35.250 -2.755 13.750
v 35.250 0.619 13.750
v 35.250 -2.756 14.000
v 35.250 0.504 14.000
v 35.250 -2.755 14.250
v 35.048 0.500 14.250
v 35.250 0.368 14.250
v 35.250 0.500 14.008
v 35.250 -2.753 14.500
v 35.231 0.250 14.500
v 35.250 0.237 14.500
v 35.250 0.250 14.476
v 35.250 -2.751 14.750
v 35.058 0.250 14.750
v 35.250 0.120 14.750
v 35.250 -2.750 14.875
v 35.193 -2.750 15.000
v 35.250 -2.749 15.000
v 35.203 0.000 15.000
v 35.250 -0.028 15.000
v 35.250 0.000 14.961
v 35.250 -2.719 15.250
v 35.025 -0.250 15.250
v 35.250 -0.404 15.250
v 35.250 -0.250 15.179
v 35.250 -2.500 15.434
v 35.250 -2.250 15.493
v 35.250 -2.000 15.450
v 35.250 -1.750 15.367
v 35.250 -1.500 15.378
v 35.250 -1.250 15.391
v 35.250 -1.000 15.377
v 35.250 -0.750 15.341
v 35.250 -0.500 15.284
v 35.252 -1.750 11.500
v 35.334 -1.500 11.500
v 35.394 -1.250 11.500
v 35.414 -1.000 11.500
v 35.395 -0.750 11.500
v 35.337 -0.500 11.500
v 35.338 -2.500 11.750
v 35.500 -2.330 11.750
v 35.500 -2.250 11.713
v 35.500 -2.000 11.658
v 35.500 -1.750 11.647
v 35.500 -1.500 11.612
v 35.500 -1.250 11.582
v 35.500 -1.000 11.575
v 35.500 -0.750 11.597
v 35.500 -0.500 11.651
v 35.500 -0.250 11.737
v 35.369 0.000 11.750
v 35.500 -0.225 11.750
v 35.500 -2.500 11.835
v 35.500 -2.677 12.000
v 35.500 0.000 11.885
v 35.404 0.250 12.000
v 35.500 0.136 12.000
v 35.500 -2.708 12.250
v 35.500 0.250 12.137
v 35.327 0.500 12.250
v 35.500 0.329 12.250
v 35.500 -2.716 12.500
v 35.451 0.500 12.500
v 35.500 0.455 12.500
v 35.500 -2.724 12.750
v 35.500 0.500 12.626
v 35.500 0.543 12.750
v 35.500 -2.732 13.000
v 35.288 0.750 13.000
v 35.500 0.594 13.000
v 35.500 -2.738 13.250
v 35.270 0.750 13.250
v 35.500 0.604 13.250
v 35.301 -2.750 13.500
v 35.500 -2.744 13.500
v 35.500 0.571 13.500
v 35.412 -2.750 13.750
v 35.500 -2.747 13.750
v 35.494 0.500 13.750
v 35.500 0.497 13.750
v 35.500 0.500 13.741
v 35.457 -2.750 14.000
v 35.500 -2.749 14.000
v 35.258 0.500 14.000
v 35.500 0.386 14.000
v 35.455 -2.750 14.250
v 35.500 -2.749 14.250
v 35.499 0.250 14.250
v 35.500 0.249 14.250
v 35.500 0.250 14.249
v 35.411 -2.750 14.500
v 35.500 -2.748 14.500
v 35.500 0.131 14.500
v 35.316 -2.750 14.750
v 35.500 -2.747 14.750
v 35.500 0.027 14.750
v 35.500 -2.745 15.000
v 35.500 -0.117 15.000
v 35.500 0.000 14.803
v 35.500 -2.741 15.250
v 35.500 -0.461 15.250
v 35.500 -0.250 15.125
v 35.500 -2.500 15.489
v 35.287 -2.250 15.500
v 35.500 -2.447 15.500
v 35.500 -2.027 15.500
v 35.500 -2.000 15.495
v 35.500 -1.750 15.415
v 35.500 -1.500 15.421
v 35.500 -1.250 15.424
v 35.500 -1.000 15.397
v 35.500 -0.750 15.345
v 35.500 -0.500 15.267
v 35.500 -2.250 15.541
v 35.567 -2.250 11.750
v 35.667 -2.000 11.750
v 35.681 -1.750 11.750
v 35.711 -1.500 11.750
v 35.715 -1.250 11.750
v 35.690 -1.000 11.750
v 35.651 -0.750 11.750
v 35.595 -0.500 11.750
v 35.512 -0.250 11.750
v 35.750 -2.500 11.971
v 35.750 -2.538 12.000
v 35.750 -2.250 11.851
v 35.750 -2.000 11.794
v 35.750 -1.750 11.788
v 35.750 -1.500 11.775
v 35.750 -1.250 11.776
v 35.750 -1.000 11.803
v 35.750 -0.750 11.851
v 35.750 -0.500 11.918
v 35.733 -0.250 12.000
v 35.750 -0.295 12.000
v 35.596 0.000 12.000
v 35.750 -2.708 12.250
v 35.750 -0.250 12.022
v 35.750 0.000 12.221
v 35.570 0.250 12.250
v 35.750 0.027 12.250
v 35.750 -2.715 12.500
v 35.709 0.250 12.500
v 35.750 0.206 12.500
v 35.750 -2.722 12.750
v 35.750 0.250 12.583
v 35.555 0.500 12.750
v 35.750 0.335 12.750
v 35.750 -2.728 13.000
v 35.636 0.500 13.000
v 35.750 0.415 13.000
v 35.750 -2.733 13.250
v 35.662 0.500 13.250
v 35.750 0.442 13.250
v 35.750 -2.737 13.500
v 35.621 0.500 13.500
v 35.750 0.427 13.500
v 35.750 -2.741 13.750
v 35.750 0.378 13.750
v 35.750 -2.743 14.000
v 35.750 0.293 14.000
v 35.750 -2.744 14.250
v 35.750 0.186 14.250
v 35.750 0.250 14.098
v 35.750 -2.745 14.500
v 35.750 0.082 14.500
v 35.750 -2.744 14.750
v 35.649 0.000 14.750
v 35.750 -0.017 14.750
v 35.750 0.000 14.708
v 35.750 -2.743 15.000
v 35.750 -0.159 15.000
v 35.750 -2.742 15.250
v 35.750 -0.474 15.250
v 35.750 -0.250 15.093
v 35.551 -2.500 15.500
v 35.750 -2.560 15.500
v 35.524 -2.000 15.500
v 35.750 -1.861 15.500
v 35.750 -1.750 15.465
v 35.750 -1.500 15.468
v 35.750 -1.250 15.465
v 35.750 -1.000 15.428
v 35.750 -0.750 15.361
v 35.750 -0.500 15.264
v 35.750 -2.500 15.543
v 35.750 -2.250 15.591
v 35.750 -2.000 15.546
v 35.805 -2.500 12.000
v 36.000 -2.285 12.000
v 36.000 -2.250 11.986
v 36.000 -2.000 11.939
v 36.000 -1.750 11.932
v 36.000 -1.500 11.932
v 36.000 -1.250 11.961
v 35.977 -1.000 12.000
v 36.000 -1.078 12.000
v 35.901 -0.750 12.000
v 35.826 -0.500 12.000
v 36.000 -2.500 12.094
v 36.000 -2.692 12.250
v 36.000 -1.000 12.017
v 36.000 -0.750 12.086
v 36.000 -0.500 12.182
v 35.934 -0.250 12.250
v 36.000 -0.372 12.250
v 35.771 0.000 12.250
v 36.000 -2.717 12.500
v 36.000 -0.250 12.334
v 35.937 0.000 12.500
v 36.000 -0.074 12.500
v 36.000 -2.723 12.750
v 36.000 0.000 12.597
v 35.846 0.250 12.750
v 36.000 0.109 12.750
v 36.000 -2.728 13.000
v 35.964 0.250 13.000
v 36.000 0.223 13.000
v 36.000 -2.731 13.250
v 36.000 0.250 13.125
v 36.000 0.275 13.250
v 36.000 -2.734 13.500
v 36.000 0.289 13.500
v 36.000 -2.738 13.750
v 36.000 0.272 13.750
v 36.000 -2.741 14.000
v 35.892 0.250 14.000
v 36.000 0.223 14.000
v 36.000 0.250 13.860
v 36.000 -2.742 14.250
v 36.000 0.147 14.250
v 36.000 -2.743 14.500
v 36.000 0.058 14.500
v 36.000 -2.743 14.750
v 36.000 -0.038 14.750
v 36.000 0.000 14.653
v 36.000 -2.744 15.000
v 36.000 -0.180 15.000
v 36.000 -2.743 15.250
v 36.000 -0.458 15.250
v 36.000 -0.250 15.078
v 36.000 -2.500 15.493
v 35.967 -2.500 15.500
v 36.000 -2.250 15.487
v 35.967 -2.250 15.500
v 36.000 -2.000 15.447
v 35.858 -2.000 15.500
v 36.000 -1.750 15.499
v 35.886 -1.500 15.500
v 36.000 -1.741 15.500
v 35.912 -1.250 15.500
v 36.000 -1.135 15.500
v 36.000 -1.000 15.476
v 36.000 -0.750 15.396
v 36.000 -0.500 15.276
v 36.000 -1.500 15.527
v 36.000 -1.250 15.519
v 36.025 -2.250 12.000
v 36.101 -2.000 12.000
v 36.118 -1.750 12.000
v 36.115 -1.500 12.000
v 36.062 -1.250 12.000
v 36.250 -2.500 12.211
v 36.250 -2.570 12.250
v 36.250 -2.250 12.127
v 36.250 -2.000 12.089
v 36.250 -1.750 12.066
v 36.250 -1.500 12.064
v 36.250 -1.250 12.095
v 36.250 -1.000 12.159
v 36.244 -0.750 12.250
v 36.250 -0.758 12.250
v 36.081 -0.500 12.250
v 36.250 -2.719 12.500
v 36.250 -0.750 12.253
v 36.250 -0.500 12.385
v 36.163 -0.250 12.500
v 36.250 -0.341 12.500
v 36.250 -2.726 12.750
v 36.250 -0.250 12.590
v 36.118 0.000 12.750
v 36.250 -0.109 12.750
v 36.250 -2.730 13.000
v 36.250 0.000 12.941
v 36.250 0.033 13.000
v 36.250 -2.733 13.250
v 36.038 0.250 13.250
v 36.250 0.121 13.250
v 36.250 -2.733 13.500
v 36.075 0.250 13.500
v 36.250 0.169 13.500
v 36.250 -2.737 13.750
v 36.056 0.250 13.750
v 36.250 0.185 13.750
v 36.250 -2.740 14.000
v 36.250 0.165 14.000
v 36.250 -2.743 14.250
v 36.250 0.111 14.250
v 36.250 -2.744 14.500
v 36.250 0.037 14.500
v 36.250 -2.745 14.750
v 36.250 -0.052 14.750
v 36.250 0.000 14.605
v 36.250 -2.747 15.000
v 36.250 -0.185 15.000
v 36.201 -2.750 15.250
v 36.250 -2.750 15.165
v 36.250 -2.751 15.250
v 36.250 -0.420 15.250
v 36.250 -0.250 15.080
v 36.231 -2.750 15.500
v 36.250 -2.754 15.500
v 36.019 -2.500 15.500
v 36.038 -2.250 15.500
v 36.152 -2.000 15.500
v 36.003 -1.750 15.500
v 36.080 -1.000 15.500
v 36.250 -0.860 15.500
v 36.250 -0.750 15.456
v 36.250 -0.500 15.310
v 36.250 -2.750 15.506
v 36.250 -2.500 15.574
v 36.250 -2.250 15.576
v 36.250 -2.000 15.536
v 36.250 -1.750 15.585
v 36.250 -1.500 15.604
v 36.250 -1.250 15.595
v 36.250 -1.000 15.549
v 36.361 -2.500 12.250
v 36.500 -2.338 12.250
v 36.500 -2.250 12.225
v 36.500 -2.000 12.197
v 36.500 -1.750 12.175
v 36.500 -1.500 12.172
v 36.500 -1.250 12.201
v 36.458 -1.000 12.250
v 36.500 -1.063 12.250
v 36.500 -2.500 12.297
v 36.500 -2.724 12.500
v 36.500 -1.000 12.268
v 36.500 -0.750 12.380
v 36.429 -0.500 12.500
v 36.500 -0.561 12.500
v 36.500 -2.731 12.750
v 36.500 -0.500 12.549
v 36.441 -0.250 12.750
v 36.500 -0.290 12.750
v 36.500 -2.733 13.000
v 36.500 -0.250 12.805
v 36.297 0.000 13.000
v 36.500 -0.121 13.000
v 36.500 -2.736 13.250
v 36.476 0.000 13.250
v 36.500 -0.011 13.250
v 36.500 -2.739 13.500
v 36.500 0.000 13.286
v 36.500 0.066 13.500
v 36.500 -2.743 13.750
v 36.500 0.108 13.750
v 36.500 -2.747 14.000
v 36.500 0.110 14.000
v 36.462 -2.750 14.250
v 36.500 -2.750 14.168
v 36.500 -2.751 14.250
v 36.500 0.075 14.250
v 36.403 -2.750 14.500
v 36.500 -2.753 14.500
v 36.500 0.016 14.500
v 36.366 -2.750 14.750
v 36.500 -2.754 14.750
v 36.500 -0.061 14.750
v 36.500 0.000 14.553
v 36.313 -2.750 15.000
v 36.500 -2.756 15.000
v 36.500 -0.179 15.000
v 36.500 -2.760 15.250
v 36.500 -0.372 15.250
v 36.500 -0.250 15.099
v 36.500 -2.766 15.500
v 36.379 -0.750 15.500
v 36.500 -0.686 15.500
v 36.500 -0.500 15.366
v 36.500 -2.750 15.531
v 36.500 -2.500 15.669
v 36.500 -2.250 15.682
v 36.500 -2.000 15.648
v 36.500 -1.750 15.683
v 36.500 -1.500 15.694
v 36.500 -1.250 15.684
v 36.500 -1.000 15.639
v 36.500 -0.750 15.538
v 36.558 -2.250 12.250
v 36.613 -2.000 12.250
v 36.661 -1.750 12.250
v 36.671 -1.500 12.250
v 36.609 -1.250 12.250
v 36.750 -2.500 12.398
v 36.750 -2.697 12.500
v 36.750 -2.250 12.332
v 36.750 -2.000 12.312
v 36.750 -1.750 12.290
v 36.750 -1.500 12.286
v 36.750 -1.250 12.313
v 36.750 -1.000 12.387
v 36.719 -0.750 12.500
v 36.750 -0.781 12.500
v 36.750 -2.741 12.750
v 36.750 -0.750 12.519
v 36.750 -0.500 12.715
v 36.750 -0.462 12.750
v 36.750 -2.743 13.000
v 36.736 -0.250 13.000
v 36.750 -0.257 13.000
v 36.750 -2.746 13.250
v 36.750 -0.250 13.012
v 36.750 -0.121 13.250
v 36.750 -2.749 13.500
v 36.677 0.000 13.500
v 36.750 -0.024 13.500
v 36.670 -2.750 13.750
v 36.750 -2.750 13.578
v 36.750 -2.753 13.750
v 36.750 0.000 13.596
v 36.750 0.040 13.750
v 36.555 -2.750 14.000
v 36.750 -2.757 14.000
v 36.750 0.064 14.000
v 36.750 -2.762 14.250
v 36.750 0.049 14.250
v 36.750 -2.764 14.500
v 36.750 0.005 14.500
v 36.750 -2.766 14.750
v 36.750 -0.059 14.750
v 36.750 0.000 14.520
v 36.750 -2.767 15.000
v 36.750 -0.163 15.000
v 36.750 -2.771 15.250
v 36.750 -0.325 15.250
v 36.750 -0.250 15.140
v 36.750 -2.776 15.500
v 36.750 -0.574 15.500
v 36.750 -0.500 15.437
v 36.750 -2.750 15.598
v 36.705 -2.500 15.750
v 36.750 -2.564 15.750
v 36.664 -2.250 15.750
v 36.734 -2.000 15.750
v 36.669 -1.750 15.750
v 36.649 -1.500 15.750
v 36.680 -1.250 15.750
v 36.750 -1.111 15.750
v 36.750 -1.000 15.728
v 36.750 -0.750 15.622
v 36.750 -2.500 15.768
v 36.750 -2.250 15.785
v 36.750 -2.000 15.757
v 36.750 -1.750 15.784
v 36.750 -1.500 15.790
v 36.750 -1.250 15.776
v 36.947 -2.500 12.500
v 37.000 -2.392 12.500
v 37.000 -2.250 12.464
v 37.000 -2.000 12.444
v 37.000 -1.750 12.420
v 37.000 -1.500 12.422
v 37.000 -1.250 12.463
v 36.923 -1.000 12.500
v 37.000 -1.140 12.500
v 36.914 -2.750 12.750
v 37.000 -2.750 12.742
v 37.000 -2.754 12.750
v 37.000 -2.500 12.531
v 37.000 -1.000 12.555
v 37.000 -0.750 12.703
v 36.796 -0.500 12.750
v 37.000 -0.687 12.750
v 36.883 -2.750 13.000
v 37.000 -2.755 13.000
v 37.000 -0.500 12.913
v 37.000 -0.417 13.000
v 36.845 -2.750 13.250
v 37.000 -2.756 13.250
v 37.000 -0.250 13.227
v 37.000 -0.236 13.250
v 36.781 -2.750 13.500
v 37.000 -2.759 13.500
v 37.000 -0.109 13.500
v 37.000 -2.763 13.750
v 36.908 0.000 13.750
v 37.000 -0.021 13.750
v 37.000 -2.768 14.000
v 37.000 0.000 13.857
v 37.000 0.028 14.000
v 37.000 -2.772 14.250
v 37.000 0.037 14.250
v 37.000 -2.775 14.500
v 37.000 0.010 14.500
v 37.000 -2.777 14.750
v 37.000 -0.045 14.750
v 37.000 0.000 14.544
v 37.000 -2.779 15.000
v 37.000 -0.135 15.000
v 37.000 -2.782 15.250
v 37.000 -0.278 15.250
v 37.000 -0.250 15.204
v 37.000 -2.786 15.500
v 36.964 -0.500 15.500
v 37.000 -0.490 15.500
v 36.903 -2.750 15.750
v 37.000 -2.777 15.750
v 36.823 -1.000 15.750
v 37.000 -0.875 15.750
v 37.000 -0.750 15.692
v 37.000 -0.500 15.510
v 37.000 -2.750 15.786
v 37.000 -2.500 15.853
v 37.000 -2.250 15.873
v 37.000 -2.000 15.859
v 37.000 -1.750 15.888
v 37.000 -1.500 15.890
v 37.000 -1.250 15.864
v 37.000 -1.000 15.803
v 37.059 -2.250 12.500
v 37.094 -2.000 12.500
v 37.134 -1.750 12.500
v 37.121 -1.500 12.500
v 37.051 -1.250 12.500
v 37.014 -2.750 12.750
v 37.250 -2.586 12.750
v 37.250 -2.500 12.704
v 37.250 -2.250 12.631
v 37.250 -2.000 12.604
v 37.250 -1.750 12.577
v 37.250 -1.500 12.590
v 37.250 -1.250 12.652
v 37.237 -1.000 12.750
v 37.250 -1.024 12.750
v 37.055 -0.750 12.750
v 37.250 -2.750 12.953
v 37.250 -2.765 13.000
v 37.250 -1.000 12.761
v 37.250 -0.750 12.910
v 37.106 -0.500 13.000
v 37.250 -0.630 13.000
v 37.250 -2.767 13.250
v 37.250 -0.500 13.113
v 37.028 -0.250 13.250
v 37.250 -0.373 13.250
v 37.250 -2.769 13.500
v 37.250 -0.250 13.420
v 37.250 -0.200 13.500
v 37.250 -2.773 13.750
v 37.250 -0.078 13.750
v 37.250 -2.778 14.000
v 37.235 0.000 14.000
v 37.250 -0.002 14.000
v 37.250 -2.783 14.250
v 37.250 0.000 14.012
v 37.250 0.033 14.250
v 37.250 -2.787 14.500
v 37.250 0.024 14.500
v 37.250 -2.789 14.750
v 37.250 -0.022 14.750
v 37.250 0.000 14.628
v 37.250 -2.792 15.000
v 37.250 -0.099 15.000
v 37.250 -2.794 15.250
v 37.127 -0.250 15.250
v 37.250 -0.224 15.250
v 37.250 -2.796 15.500
v 37.250 -0.416 15.500
v 37.250 -0.250 15.288
v 37.250 -2.799 15.750
v 37.250 -0.750 15.750
v 37.250 -0.750 15.750
v 37.250 -0.500 15.579
v 37.250 -2.750 15.842
v 37.250 -2.500 15.934
v 37.250 -2.250 15.955
v 37.250 -2.000 15.957
v 37.250 -1.750 15.997
v 37.250 -1.500 15.995
v 37.250 -1.250 15.952
v 37.250 -1.000 15.872
v 37.315 -2.500 12.750
v 37.418 -2.250 12.750
v 37.461 -2.000 12.750
v 37.500 -1.783 12.750
v 37.500 -1.750 12.746
v 37.476 -1.500 12.750
v 37.500 -1.702 12.750
v 37.379 -1.250 12.750
v 37.447 -2.750 13.000
v 37.500 -2.739 13.000
v 37.500 -2.500 12.880
v 37.500 -2.250 12.809
v 37.500 -2.000 12.778
v 37.500 -1.500 12.767
v 37.500 -1.250 12.836
v 37.500 -1.000 12.944
v 37.372 -0.750 13.000
v 37.500 -0.897 13.000
v 37.500 -2.750 13.033
v 37.500 -2.777 13.250
v 37.500 -0.750 13.083
v 37.462 -0.500 13.250
v 37.500 -0.525 13.250
v 37.500 -2.780 13.500
v 37.500 -0.500 13.273
v 37.382 -0.250 13.500
v 37.500 -0.295 13.500
v 37.500 -2.783 13.750
v 37.500 -0.250 13.567
v 37.500 -0.139 13.750
v 37.500 -2.788 14.000
v 37.500 -0.034 14.000
v 37.500 -2.793 14.250
v 37.500 0.000 14.151
v 37.500 0.023 14.250
v 37.500 -2.798 14.500
v 37.500 0.033 14.500
v 37.500 -2.802 14.750
v 37.478 0.000 14.750
v 37.500 0.002 14.750
v 37.500 -2.804 15.000
v 37.500 -0.059 15.000
v 37.500 0.000 14.758
v 37.500 -2.806 15.250
v 37.500 -0.161 15.250
v 37.500 -2.807 15.500
v 37.500 -0.329 15.500
v 37.500 -0.250 15.391
v 37.500 -2.808 15.750
v 37.250 -0.750 15.750
v 37.500 -0.621 15.750
v 37.500 -0.500 15.664
v 37.500 -2.750 15.971
v 37.420 -2.500 16.000
v 37.500 -2.689 16.000
v 37.368 -2.250 16.000
v 37.347 -2.000 16.000
v 37.256 -1.750 16.000
v 37.261 -1.500 16.000
v 37.358 -1.250 16.000
v 37.500 -1.082 16.000
v 37.500 -1.000 15.966
v 37.500 -0.750 15.835
v 37.507 -1.750 12.750
v 37.724 -2.500 13.000
v 37.750 -2.446 13.000
v 37.750 -2.250 12.953
v 37.750 -2.000 12.926
v 37.750 -1.750 12.889
v 37.750 -1.500 12.908
v 37.750 -1.250 12.975
v 37.598 -1.000 13.000
v 37.750 -1.189 13.000
v 37.750 -2.750 13.178
v 37.750 -2.788 13.250
v 37.750 -2.500 13.013
v 37.750 -1.000 13.075
v 37.750 -0.750 13.205
v 37.750 -0.681 13.250
v 37.750 -2.790 13.500
v 37.750 -0.500 13.389
v 37.750 -0.387 13.500
v 37.750 -2.794 13.750
v 37.750 -0.250 13.679
v 37.750 -0.202 13.750
v 37.750 -2.799 14.000
v 37.750 -0.078 14.000
v 37.750 -2.805 14.250
v 37.727 0.000 14.250
v 37.750 -0.002 14.250
v 37.750 -2.810 14.500
v 37.750 0.000 14.268
v 37.750 0.029 14.500
v 37.750 -2.814 14.750
v 37.750 0.022 14.750
v 37.750 -2.817 15.000
v 37.750 -0.018 15.000
v 37.750 0.000 14.884
v 37.750 -2.818 15.250
v 37.750 -0.095 15.250
v 37.750 -2.817 15.500
v 37.697 -0.250 15.500
v 37.750 -0.230 15.500
v 37.750 -2.815 15.750
v 37.667 -0.500 15.750
v 37.750 -0.450 15.750
v 37.750 -0.250 15.527
v 37.527 -2.750 16.000
v 37.750 -2.815 16.000
v 37.557 -1.000 16.000
v 37.750 -0.783 16.000
v 37.750 -0.750 15.980
v 37.750 -0.500 15.796
v 37.863 -2.250 13.000
v 37.927 -2.000 13.000
v 38.000 -1.811 13.000
v 38.000 -1.750 12.991
v 37.979 -1.500 13.000
v 38.000 -1.621 13.000
v 37.811 -1.250 13.000
v 38.000 -2.750 13.197
v 38.000 -2.794 13.250
v 38.000 -2.500 13.103
v 38.000 -2.250 13.054
v 38.000 -2.000 13.029
v 38.000 -1.500 13.008
v 38.000 -1.250 13.072
v 38.000 -1.000 13.168
v 37.873 -0.750 13.250
v 38.000 -0.833 13.250
v 38.000 -2.800 13.500
v 38.000 -0.750 13.295
v 38.000 -0.500 13.476
v 38.000 -0.474 13.500
v 38.000 -2.804 13.750
v 37.931 -0.250 13.750
v 38.000 -0.268 13.750
v 38.000 -2.811 14.000
v 38.000 -0.250 13.781
v 38.000 -0.131 14.000
v 38.000 -2.817 14.250
v 38.000 -0.041 14.250
v 38.000 -2.823 14.500
v 38.000 0.000 14.442
v 38.000 0.013 14.500
v 38.000 -2.826 14.750
v 38.000 0.035 14.750
v 38.000 -2.827 15.000
v 37.866 0.000 15.000
v 38.000 0.022 15.000
v 38.000 -2.827 15.250
v 38.000 -0.034 15.250
v 38.000 0.000 15.098
v 38.000 -2.825 15.500
v 38.000 -0.138 15.500
v 38.000 -2.823 15.750
v 38.000 -0.296 15.750
v 38.000 -0.250 15.684
v 38.000 -2.823 16.000
v 37.775 -0.750 16.000
v 38.000 -0.517 16.000
v 38.000 -0.500 15.984
v 38.024 -1.750 13.000
v 38.178 -2.750 13.250
v 38.250 -2.689 13.250
v 38.250 -2.500 13.185
v 38.250 -2.250 13.142
v 38.250 -2.000 13.119
v 38.250 -1.750 13.083
v 38.250 -1.500 13.098
v 38.250 -1.250 13.159
v 38.244 -1.000 13.250
v 38.250 -1.005 13.250
v 38.250 -2.750 13.306
v 38.250 -2.811 13.500
v 38.250 -1.000 13.252
v 38.250 -0.750 13.381
v 38.067 -0.500 13.500
v 38.250 -0.580 13.500
v 38.250 -2.815 13.750
v 38.250 -0.500 13.572
v 38.250 -0.346 13.750
v 38.250 -2.822 14.000
v 38.250 -0.250 13.901
v 38.250 -0.193 14.000
v 38.250 -2.829 14.250
v 38.250 -0.086 14.250
v 38.250 -2.834 14.500
v 38.140 0.000 14.500
v 38.250 -0.010 14.500
v 38.250 -2.836 14.750
v 38.250 0.000 14.548
v 38.250 0.041 14.750
v 38.250 -2.837 15.000
v 38.250 0.054 15.000
v 38.250 -2.836 15.250
v 38.164 0.000 15.250
v 38.250 0.017 15.250
v 38.250 -2.834 15.500
v 38.250 -0.068 15.500
v 38.250 0.000 15.300
v 38.250 -2.832 15.750
v 38.098 -0.250 15.750
v 38.250 -0.191 15.750
v 38.250 -2.832 16.000
v 38.020 -0.500 16.000
v 38.250 -0.353 16.000
v 38.250 -0.250 15.850
v 38.409 -2.500 13.250
v 38.500 -2.272 13.250
v 38.500 -2.250 13.247
v 38.500 -2.000 13.228
v 38.500 -1.750 13.196
v 38.500 -1.500 13.208
v 38.472 -1.250 13.250
v 38.500 -1.306 13.250
v 38.500 -2.750 13.393
v 38.500 -2.822 13.500
v 38.500 -2.500 13.288
v 38.500 -1.250 13.262
v 38.500 -1.000 13.352
v 38.500 -0.750 13.482
v 38.500 -0.724 13.500
v 38.500 -2.825 13.750
v 38.500 -0.500 13.689
v 38.500 -0.444 13.750
v 38.500 -2.831 14.000
v 38.446 -0.250 14.000
v 38.500 -0.266 14.000
v 38.500 -2.837 14.250
v 38.500 -0.250 14.030
v 38.500 -0.137 14.250
v 38.500 -2.842 14.500
v 38.500 -0.036 14.500
v 38.500 -2.844 14.750
v 38.500 0.000 14.625
v 38.500 0.036 14.750
v 38.500 -2.845 15.000
v 38.500 0.068 15.000
v 38.500 -2.844 15.250
v 38.500 0.047 15.250
v 38.500 -2.844 15.500
v 38.500 -0.022 15.500
v 38.500 0.000 15.423
v 38.500 -2.843 15.750
v 38.500 -0.127 15.750
v 38.500 -2.844 16.000
v 38.500 -0.256 16.000
v 38.500 -0.250 15.990
v 38.507 -2.250 13.250
v 38.540 -2.000 13.250
v 38.595 -1.750 13.250
v 38.575 -1.500 13.250
v 38.724 -2.750 13.500
v 38.750 -2.721 13.500
v 38.750 -2.500 13.421
v 38.750 -2.250 13.377
v 38.750 -2.000 13.364
v 38.750 -1.750 13.339
v 38.750 -1.500 13.349
v 38.750 -1.250 13.394
v 38.750 -1.000 13.478
v 38.535 -0.750 13.500
v 38.750 -0.956 13.500
v 38.750 -2.750 13.522
v 38.750 -2.835 13.750
v 38.750 -0.750 13.617
v 38.611 -0.500 13.750
v 38.750 -0.584 13.750
v 38.750 -2.838 14.000
v 38.750 -0.500 13.833
v 38.750 -0.360 14.000
v 38.750 -2.843 14.250
v 38.750 -0.250 14.165
v 38.750 -0.198 14.250
v 38.750 -2.847 14.500
v 38.750 -0.073 14.500
v 38.750 -2.850 14.750
v 38.750 0.000 14.701
v 38.750 0.017 14.750
v 38.750 -2.852 15.000
v 38.750 0.063 15.000
v 38.750 -2.853 15.250
v 38.750 0.058 15.250
v 38.750 -2.855 15.500
v 38.697 0.000 15.500
v 38.750 0.006 15.500
v 38.750 -2.856 15.750
v 38.750 -0.084 15.750
v 38.750 0.000 15.517
v 38.750 -2.858 16.000
v 38.524 -0.250 16.000
v 38.750 -0.198 16.000
v 38.888 -2.500 13.500
v 38.971 -2.250 13.500
v 38.992 -2.000 13.500
v 39.000 -1.920 13.500
v 39.000 -1.750 13.490
v 38.995 -1.500 13.500
v 39.000 -1.562 13.500
v 38.926 -1.250 13.500
v 38.788 -1.000 13.500
v 39.000 -2.750 13.659
v 39.000 -2.827 13.750
v 39.000 -2.500 13.563
v 39.000 -2.250 13.516
v 39.000 -2.000 13.504
v 39.000 -1.500 13.503
v 39.000 -1.250 13.545
v 39.000 -1.000 13.629
v 38.968 -0.750 13.750
v 39.000 -0.783 13.750
v 39.000 -2.847 14.000
v 39.000 -0.750 13.771
v 39.000 -0.500 13.987
v 39.000 -0.488 14.000
v 39.000 -2.850 14.250
v 38.910 -0.250 14.250
v 39.000 -0.282 14.250
v 39.000 -2.853 14.500
v 39.000 -0.250 14.298
v 39.000 -0.129 14.500
v 39.000 -2.856 14.750
v 38.863 0.000 14.750
v 39.000 -0.021 14.750
v 39.000 -2.860 15.000
v 39.000 0.000 14.831
v 39.000 0.041 15.000
v 39.000 -2.863 15.250
v 39.000 0.054 15.250
v 39.000 -2.866 15.500
v 39.000 0.021 15.500
v 39.000 -2.870 15.750
v 39.000 -0.053 15.750
v 39.000 0.000 15.575
v 39.000 -2.872 16.000
v 39.000 -0.154 16.000
v 39.017 -1.750 13.500
v 39.166 -2.750 13.750
v 39.250 -2.639 13.750
v 39.250 -2.500 13.696
v 39.250 -2.250 13.642
v 39.250 -2.000 13.628
v 39.250 -1.750 13.622
v 39.250 -1.500 13.644
v 39.250 -1.250 13.694
v 39.193 -1.000 13.750
v 39.250 -1.093 13.750
v 39.250 -2.750 13.812
v 39.250 -2.857 14.000
v 39.250 -1.000 13.786
v 39.250 -0.750 13.935
v 39.021 -0.500 14.000
v 39.250 -0.666 14.000
v 39.250 -2.859 14.250
v 39.250 -0.500 14.148
v 39.250 -0.405 14.250
v 39.250 -2.862 14.500
v 39.250 -0.250 14.445
v 39.250 -0.213 14.500
v 39.250 -2.865 14.750
v 39.250 -0.082 14.750
v 39.250 -2.869 15.000
v 39.250 0.000 14.995
v 39.250 0.002 15.000
v 39.250 -2.874 15.250
v 39.250 0.036 15.250
v 39.250 -2.879 15.500
v 39.250 0.027 15.500
v 39.250 -2.884 15.750
v 39.250 -0.025 15.750
v 39.250 0.000 15.636
v 39.250 -2.888 16.000
v 39.250 -0.113 16.000
v 39.368 -2.500 13.750
v 39.492 -2.250 13.750
v 39.500 -2.198 13.750
v 39.500 -2.000 13.738
v 39.500 -1.750 13.738
v 39.462 -1.500 13.750
v 39.500 -1.654 13.750
v 39.352 -1.250 13.750
v 39.500 -2.750 13.920
v 39.500 -2.828 14.000
v 39.500 -2.500 13.814
v 39.500 -2.250 13.754
v 39.500 -1.500 13.769
v 39.500 -1.250 13.831
v 39.500 -1.000 13.933
v 39.359 -0.750 14.000
v 39.500 -0.883 14.000
v 39.500 -2.872 14.250
v 39.500 -0.750 14.087
v 39.416 -0.500 14.250
v 39.500 -0.556 14.250
v 39.500 -2.874 14.500
v 39.500 -0.500 14.303
v 39.338 -0.250 14.500
v 39.500 -0.327 14.500
v 39.500 -2.877 14.750
v 39.500 -0.250 14.608
v 39.500 -0.165 14.750
v 39.500 -2.881 15.000
v 39.257 0.000 15.000
v 39.500 -0.057 15.000
v 39.500 -2.886 15.250
v 39.500 0.000 15.228
v 39.500 0.005 15.250
v 39.500 -2.892 15.500
v 39.500 0.023 15.500
v 39.500 -2.898 15.750
v 39.500 -0.005 15.750
v 39.500 0.000 15.710
v 39.500 -2.902 16.000
v 39.500 -0.075 16.000
v 39.530 -2.000 13.750
v 39.528 -1.750 13.750
v 39.681 -2.750 14.000
v 39.750 -2.680 14.000
v 39.750 -2.500 13.924
v 39.750 -2.250 13.866
v 39.750 -2.000 13.848
v 39.750 -1.750 13.850
v 39.750 -1.500 13.886
v 39.750 -1.250 13.954
v 39.632 -1.000 14.000
v 39.750 -1.136 14.000
v 39.750 -2.750 14.036
v 39.750 -2.886 14.250
v 39.750 -1.000 14.063
v 39.750 -0.750 14.224
v 39.750 -0.717 14.250
v 39.750 -2.888 14.500
v 39.750 -0.500 14.454
v 39.750 -0.458 14.500
v 39.750 -2.890 14.750
v 39.720 -0.250 14.750
v 39.750 -0.263 14.750
v 39.750 -2.893 15.000
v 39.750 -0.250 14.772
v 39.750 -0.128 15.000
v 39.750 -2.898 15.250
v 39.531 0.000 15.250
v 39.750 -0.039 15.250
v 39.750 -2.905 15.500
v 39.750 0.000 15.472
v 39.750 0.005 15.500
v 39.750 -2.911 15.750
v 39.665 0.000 15.750
v 39.750 0.002 15.750
v 39.750 -2.916 16.000
v 39.750 -0.049 16.000
v 39.750 0.000 15.762
v 39.919 -2.500 14.000
v 40.000 -2.310 14.000
v 40.000 -2.250 13.989
v 40.000 -2.000 13.973
v 40.000 -1.750 13.973
v 39.987 -1.500 14.000
v 40.000 -1.549 14.000
v 39.851 -1.250 14.000
v 40.000 -2.750 14.149
v 40.000 -2.852 14.250
v 40.000 -2.500 14.039
v 40.000 -1.500 14.006
v 40.000 -1.250 14.074
v 40.000 -1.000 14.181
v 39.806 -0.750 14.250
v 40.000 -0.887 14.250
v 40.000 -2.900 14.500
v 40.000 -0.750 14.351
v 39.836 -0.500 14.500
v 40.000 -0.591 14.500
v 40.000 -2.901 14.750
v 40.000 -0.500 14.597
v 40.000 -0.375 14.750
v 40.000 -2.905 15.000
v 40.000 -0.250 14.929
v 40.000 -0.207 15.000
v 40.000 -2.910 15.250
v 40.000 -0.092 15.250
v 40.000 -2.917 15.500
v 39.792 0.000 15.500
v 40.000 -0.024 15.500
v 40.000 -2.924 15.750
v 39.821 0.000 15.750
v 40.000 -0.006 15.750
v 40.000 -2.930 16.000
v 40.000 -0.040 16.000
v 40.021 -2.250 14.000
v 40.049 -2.000 14.000
v 40.051 -1.750 14.000
v 40.215 -2.750 14.250
v 40.250 -2.709 14.250
v 40.250 -2.500 14.168
v 40.250 -2.250 14.129
v 40.250 -2.000 14.115
v 40.250 -1.750 14.111
v 40.250 -1.500 14.137
v 40.250 -1.250 14.195
v 40.153 -1.000 14.250
v 40.250 -1.109 14.250
v 40.250 -2.750 14.268
v 40.250 -2.906 14.500
v 40.250 -1.000 14.300
v 40.250 -0.750 14.476
v 40.250 -0.724 14.500
v 40.250 -2.912 14.750
v 40.250 -0.500 14.732
v 40.250 -0.485 14.750
v 40.250 -2.915 15.000
v 40.136 -0.250 15.000
v 40.250 -0.293 15.000
v 40.250 -2.921 15.250
v 40.250 -0.250 15.068
v 40.250 -0.152 15.250
v 40.250 -2.929 15.500
v 40.250 -0.063 15.500
v 40.250 -2.937 15.750
v 40.250 -0.026 15.750
v 40.250 -2.943 16.000
v 40.250 -0.043 16.000
v 40.417 -2.500 14.250
v 40.475 -2.250 14.250
v 40.497 -2.000 14.250
v 40.500 -1.934 14.250
v 40.500 -1.750 14.245
v 40.470 -1.500 14.250
v 40.500 -1.692 14.250
v 40.365 -1.250 14.250
v 40.500 -2.750 14.390
v 40.500 -2.868 14.500
v 40.500 -2.500 14.293
v 40.500 -2.250 14.264
v 40.500 -2.000 14.252
v 40.500 -1.500 14.266
v 40.500 -1.250 14.321
v 40.500 -1.000 14.429
v 40.298 -0.750 14.500
v 40.500 -0.893 14.500
v 40.500 -2.922 14.750
v 40.500 -0.750 14.615
v 40.284 -0.500 14.750
v 40.500 -0.615 14.750
v 40.500 -2.926 15.000
v 40.500 -0.500 14.873
v 40.500 -0.396 15.000
v 40.500 -2.932 15.250
v 40.500 -0.250 15.203
v 40.500 -0.222 15.250
v 40.500 -2.941 15.500
v 40.500 -0.111 15.500
v 40.500 -2.949 15.750
v 40.500 -0.052 15.750
v 40.500 -2.955 16.000
v 40.500 -0.051 16.000
v 40.510 -1.750 14.250
v 40.745 -2.750 14.500
v 40.750 -2.745 14.500
v 40.750 -2.500 14.412
v 40.750 -2.250 14.384
v 40.750 -2.000 14.369
v 40.750 -1.750 14.368
v 40.750 -1.500 14.398
v 40.750 -1.250 14.462
v 40.627 -1.000 14.500
v 40.750 -1.159 14.500
v 40.750 -2.750 14.502
v 40.750 -2.926 14.750
v 40.750 -1.000 14.585
v 40.726 -0.750 14.750
v 40.750 -0.770 14.750
v 40.750 -2.938 15.000
v 40.750 -0.750 14.764
v 40.716 -0.500 15.000
v 40.750 -0.518 15.000
v 40.750 -2.944 15.250
v 40.750 -0.500 15.019
v 40.584 -0.250 15.250
v 40.750 -0.314 15.250
v 40.750 -2.951 15.500
v 40.750 -0.250 15.347
v 40.750 -0.166 15.500
v 40.750 -2.958 15.750
v 40.750 -0.078 15.750
v 40.750 -2.964 16.000
v 40.750 -0.053 16.000
v 40.969 -2.500 14.500
v 41.000 -2.387 14.500
v 41.000 -2.250 14.486
v 41.000 -2.000 14.489
v 40.980 -1.750 14.500
v 41.000 -1.882 14.500
v 40.907 -1.500 14.500
v 40.806 -1.250 14.500
v 41.000 -2.750 14.610
v 41.000 -2.909 14.750
v 41.000 -2.500 14.513
v 40.930 -1.750 14.750
v 41.000 -1.922 14.750
v 40.878 -1.500 14.750
v 40.864 -1.250 14.750
v 40.859 -1.000 14.750
v 41.000 -2.951 15.000
v 41.000 -1.750 14.895
v 40.993 -1.500 15.000
v 41.000 -1.532 15.000
v 40.996 -1.250 15.000
v 41.000 -1.219 15.000
v 41.000 -1.000 14.944
v 41.000 -0.750 14.952
v 41.000 -0.688 15.000
v 41.000 -2.956 15.250
v 41.000 -1.500 15.010
v 41.000 -1.250 15.006
v 41.000 -0.500 15.155
v 41.000 -0.418 15.250
v 41.000 -2.961 15.500
v 41.000 -0.250 15.468
v 41.000 -0.229 15.500
v 41.000 -2.966 15.750
v 41.000 -0.105 15.750
v 41.000 -2.973 16.000
v 41.000 -0.049 16.000
v 41.031 -2.250 14.500
v 41.020 -2.000 14.500
v 41.250 -2.750 14.703
v 41.250 -2.816 14.750
v 41.250 -2.500 14.610
v 41.204 -2.250 14.750
v 41.250 -2.320 14.750
v 41.037 -2.000 14.750
v 41.250 -2.962 15.000
v 41.250 -2.250 14.806
v 41.179 -2.000 15.000
v 41.250 -2.099 15.000
v 41.058 -1.750 15.000
v 41.043 -1.000 15.000
v 41.052 -0.750 15.000
v 41.250 -2.968 15.250
v 41.250 -2.000 15.088
v 41.250 -1.750 15.219
v 41.242 -1.500 15.250
v 41.250 -1.551 15.250
v 41.250 -1.365 15.250
v 41.250 -1.250 15.243
v 41.250 -1.000 15.188
v 41.250 -0.750 15.147
v 41.204 -0.500 15.250
v 41.250 -0.534 15.250
v 41.250 -2.971 15.500
v 41.250 -1.500 15.258
v 41.250 -0.500 15.270
v 41.078 -0.250 15.500
v 41.250 -0.301 15.500
v 41.250 -2.975 15.750
v 41.250 -0.250 15.574
v 41.250 -0.140 15.750
v 41.250 -2.982 16.000
v 41.250 -0.052 16.000
v 41.384 -2.750 14.750
v 41.429 -2.500 14.750
v 41.500 -2.750 14.789
v 41.500 -2.965 15.000
v 41.500 -2.500 14.805
v 41.394 -2.250 15.000
v 41.500 -2.352 15.000
v 41.500 -2.979 15.250
v 41.500 -2.250 15.101
v 41.472 -2.000 15.250
v 41.500 -2.031 15.250
v 41.346 -1.750 15.250
v 41.280 -1.250 15.250
v 41.398 -1.000 15.250
v 41.488 -0.750 15.250
v 41.500 -2.982 15.500
v 41.500 -2.000 15.270
v 41.500 -1.750 15.300
v 41.500 -1.500 15.300
v 41.500 -1.250 15.300
v 41.500 -1.000 15.290
v 41.500 -0.750 15.255
v 41.500 -0.500 15.345
v 41.500 -0.365 15.500
v 41.500 -2.987 15.750
v 41.500 -0.250 15.671
v 41.500 -0.195 15.750
v 41.500 -2.994 16.000
v 41.500 -0.081 16.000
v 41.750 -2.750 14.877
v 41.750 -2.942 15.000
v 41.714 -2.500 15.000
v 41.750 -2.552 15.000
v 41.750 -2.991 15.250
v 41.750 -2.500 15.027
v 41.750 -2.250 15.249
v 41.750 -2.247 15.250
v 41.750 -2.996 15.500
v 41.750 -2.000 15.300
v 41.750 -1.750 15.300
v 41.750 -1.500 15.300
v 41.750 -1.250 15.300
v 41.750 -1.000 15.300
v 41.750 -0.750 15.295
v 41.750 -0.500 15.365
v 41.750 -0.392 15.500
v 41.716 -3.000 15.750
v 41.750 -3.000 15.664
v 41.750 -3.002 15.750
v 41.750 -0.250 15.749
v 41.750 -0.249 15.750
v 41.597 -3.000 16.000
v 41.750 -3.008 16.000
v 41.750 -0.125 16.000
v 42.000 -2.750 14.995
v 42.000 -2.762 15.000
v 42.000 -2.744 15.000
v 41.930 -3.000 15.250
v 42.000 -3.000 15.240
v 42.000 -3.003 15.250
v 42.000 -2.500 15.165
v 41.753 -2.250 15.250
v 42.000 -2.345 15.250
v 41.814 -3.000 15.500
v 42.000 -3.010 15.500
v 42.000 -2.250 15.299
v 42.000 -2.000 15.300
v 42.000 -1.750 15.300
v 42.000 -1.500 15.300
v 42.000 -1.250 15.300
v 42.000 -1.000 15.300
v 42.000 -0.750 15.300
v 42.000 -0.500 15.351
v 42.000 -0.384 15.500
v 42.000 -3.017 15.750
v 42.000 -0.250 15.744
v 42.000 -0.246 15.750
v 42.000 -3.023 16.000
v 42.000 -0.138 16.000
v 42.011 -2.750 15.000
v 42.250 -3.000 15.225
v 42.250 -3.016 15.250
v 42.250 -2.750 15.102
v 42.250 -2.500 15.242
v 42.250 -2.465 15.250
v 42.250 -3.023 15.500
v 42.250 -2.250 15.300
v 42.250 -2.000 15.300
v 42.250 -1.750 15.300
v 42.250 -1.500 15.300
v 42.250 -1.250 15.300
v 42.250 -1.000 15.300
v 42.250 -0.750 15.300
v 42.250 -0.500 15.329
v 42.250 -0.359 15.500
v 42.250 -3.030 15.750
v 42.250 -0.250 15.684
v 42.250 -0.218 15.750
v 42.250 -3.036 16.000
v 42.250 -0.127 16.000
v 42.500 -3.000 15.249
v 42.500 -3.001 15.250
v 42.500 -2.750 15.180
v 42.305 -2.500 15.250
v 42.500 -2.575 15.250
v 42.500 -3.036 15.500
v 42.500 -2.500 15.278
v 42.500 -2.250 15.300
v 42.500 -2.000 15.300
v 42.500 -1.750 15.300
v 42.500 -1.500 15.300
v 42.500 -1.250 15.300
v 42.500 -1.000 15.300
v 42.500 -0.750 15.300
v 42.500 -0.500 15.312
v 42.500 -0.333 15.500
v 42.500 -3.042 15.750
v 42.500 -0.250 15.621
v 42.500 -0.191 15.750
v 42.500 -3.047 16.000
v 42.500 -0.113 16.000
v 42.505 -3.000 15.250
v 42.750 -2.802 15.250
v 42.750 -2.750 15.235
v 42.750 -2.684 15.250
v 42.750 -3.000 15.387
v 42.750 -3.049 15.500
v 42.750 -2.500 15.292
v 42.750 -2.250 15.300
v 42.750 -2.000 15.300
v 42.750 -1.750 15.300
v 42.750 -1.500 15.300
v 42.750 -1.250 15.300
v 42.750 -1.000 15.300
v 42.750 -0.750 15.300
v 42.750 -0.500 15.304
v 42.750 -0.318 15.500
v 42.750 -3.055 15.750
v 42.750 -0.250 15.589
v 42.750 -0.178 15.750
v 42.750 -3.068 16.000
v 42.750 -0.106 16.000
v 42.836 -2.750 15.250
v 43.000 -3.000 15.418
v 43.000 -3.064 15.500
v 43.000 -2.750 15.279
v 43.000 -2.500 15.297
v 43.000 -2.250 15.300
v 43.000 -2.000 15.300
v 43.000 -1.750 15.300
v 43.000 -1.500 15.300
v 43.000 -1.250 15.300
v 43.000 -1.000 15.300
v 43.000 -0.750 15.300
v 43.000 -0.500 15.302
v 43.000 -0.325 15.500
v 43.000 -3.084 15.750
v 43.000 -0.250 15.598
v 43.000 -0.183 15.750
v 43.000 -3.111 16.000
v 43.000 -0.109 16.000
v 43.250 -3.000 15.436
v 43.250 -3.077 15.500
v 43.250 -2.750 15.316
v 43.250 -2.500 15.298
v 43.250 -2.250 15.300
v 43.250 -2.000 15.300
v 43.250 -1.750 15.300
v 43.250 -1.500 15.300
v 43.250 -1.250 15.300
v 43.250 -1.000 15.300
v 43.250 -0.750 15.300
v 43.250 -0.500 15.306
v 43.250 -0.348 15.500
v 43.250 -3.136 15.750
v 43.250 -0.250 15.647
v 43.250 -0.205 15.750
v 43.250 -3.182 16.000
v 43.250 -0.124 16.000
v 43.500 -3.000 15.472
v 43.500 -3.054 15.500
v 43.500 -2.750 15.345
v 43.500 -2.500 15.301
v 43.500 -2.250 15.300
v 43.500 -2.000 15.300
v 43.500 -1.750 15.300
v 43.500 -1.500 15.300
v 43.500 -1.250 15.300
v 43.500 -1.000 15.300
v 43.500 -0.750 15.300
v 43.500 -0.500 15.322
v 43.500 -0.383 15.500
v 43.500 -3.202 15.750
v 43.500 -0.250 15.735
v 43.500 -0.243 15.750
v 43.440 -3.250 16.000
v 43.500 -3.250 15.922
v 43.500 -3.272 16.000
v 43.500 -0.149 16.000
v 43.750 -3.000 15.493
v 43.750 -3.013 15.500
v 43.750 -2.750 15.370
v 43.750 -2.500 15.306
v 43.750 -2.250 15.300
v 43.750 -2.000 15.300
v 43.750 -1.750 15.300
v 43.750 -1.500 15.300
v 43.750 -1.250 15.300
v 43.750 -1.000 15.300
v 43.750 -0.750 15.300
v 43.750 -0.500 15.371
v 43.750 -0.426 15.500
v 43.664 -3.250 15.750
v 43.750 -3.250 15.711
v 43.750 -3.276 15.750
v 43.529 -0.250 15.750
v 43.750 -0.301 15.750
v 43.750 -3.365 16.000
v 43.750 -0.250 15.871
v 43.750 -0.190 16.000
v 44.000 -3.000 4.000
v 44.000 -3.000 4.000
v 44.000 -3.000 4.000
v 44.000 -2.750 4.000
v 44.000 -2.750 4.000
v 44.000 -2.500 4.000
v 44.000 -2.500 4.000
v 44.000 -2.250 4.000
v 44.000 -2.250 4.000
v 44.000 -2.000 4.000
v 44.000 -2.000 4.000
v 44.000 -1.750 4.000
v 44.000 -1.750 4.000
v 44.000 -1.500 4.000
v 44.000 -1.500 4.000
v 44.000 -1.500 4.000
v 43.990 -3.250 4.250
v 44.000 -3.250 4.009
v 44.000 -3.273 4.250
v 43.916 -3.000 4.250
v 43.871 -2.750 4.250
v 43.847 -2.500 4.250
v 43.843 -2.250 4.250
v 43.860 -2.000 4.250
v 43.908 -1.750 4.250
v 43.990 -1.500 4.250
v 44.000 -1.479 4.250
v 44.000 -3.250 4.435
v 44.000 -3.239 4.500
v 43.928 -3.000 4.500
v 43.881 -2.750 4.500
v 43.857 -2.500 4.500
v 43.853 -2.250 4.500
v 43.873 -2.000 4.500
v 43.925 -1.750 4.500
v 44.000 -1.535 4.500
v 44.000 -1.500 4.358
v 43.959 -3.000 4.750
v 44.000 -3.134 4.750
v 43.910 -2.750 4.750
v 43.885 -2.500 4.750
v 43.882 -2.250 4.750
v 43.906 -2.000 4.750
v 43.965 -1.750 4.750
v 44.000 -1.655 4.750
v 44.000 -3.000 4.959
v 44.000 -2.959 5.000
v 43.959 -2.750 5.000
v 43.935 -2.500 5.000
v 43.935 -2.250 5.000
v 43.964 -2.000 5.000
v 44.000 -1.856 5.000
v 44.000 -1.750 4.890
v 44.000 -2.750 5.145
v 44.000 -2.500 5.222
v 44.000 -2.250 5.209
v 44.000 -2.000 5.110
v 43.940 -3.000 15.500
v 44.000 -2.996 15.500
v 44.000 -2.750 15.391
v 44.000 -2.500 15.315
v 44.000 -2.250 15.300
v 44.000 -2.000 15.300
v 44.000 -1.750 15.300
v 44.000 -1.500 15.300
v 44.000 -1.250 15.300
v 44.000 -1.000 15.300
v 44.000 -0.750 15.300
v 44.000 -0.500 15.465
v 44.000 -0.482 15.500
v 44.000 -3.250 15.651
v 44.000 -3.347 15.750
v 44.000 -3.000 15.502
v 44.000 -0.359 15.750
v 44.000 -3.455 16.000
v 43.973 -0.250 16.000
v 44.000 -0.256 16.000
v 44.250 -3.500 4.000
v 44.250 -3.500 4.000
v 44.250 -3.500 4.000
v 44.250 -3.250 4.000
v 44.250 -3.250 4.000
v 44.250 -3.000 4.000
v 44.250 -2.750 4.000
v 44.250 -2.500 4.000
v 44.250 -2.250 4.000
v 44.250 -2.000 4.000
v 44.250 -1.750 4.000
v 44.250 -1.500 4.000
v 44.250 -1.250 4.000
v 44.250 -1.250 4.000
v 44.250 -1.250 4.000
v 44.245 -3.750 4.250
v 44.250 -3.750 4.140
v 44.250 -3.758 4.250
v 44.107 -3.500 4.250
v 44.117 -1.250 4.250
v 44.250 -1.037 4.250
v 44.250 -3.750 4.298
v 44.250 -3.715 4.500
v 44.126 -3.500 4.500
v 44.004 -3.250 4.500
v 44.014 -1.500 4.500
v 44.146 -1.250 4.500
v 44.250 -1.086 4.500
v 44.170 -3.500 4.750
v 44.250 -3.631 4.750
v 44.039 -3.250 4.750
v 44.066 -1.500 4.750
v 44.204 -1.250 4.750
v 44.250 -1.178 4.750
v 44.233 -3.500 5.000
v 44.250 -3.527 5.000
v 44.093 -3.250 5.000
v 44.009 -3.000 5.000
v 44.030 -1.750 5.000
v 44.140 -1.500 5.000
v 44.250 -1.303 5.000
v 44.250 -1.250 4.902
v 44.250 -3.500 5.052
v 44.250 -3.394 5.250
v 44.165 -3.250 5.250
v 44.080 -3.000 5.250
v 44.031 -2.750 5.250
v 44.009 -2.500 5.250
v 44.014 -2.250 5.250
v 44.050 -2.000 5.250
v 44.123 -1.750 5.250
v 44.233 -1.500 5.250
v 44.250 -1.468 5.250
v 44.250 -3.250 5.461
v 44.250 -3.207 5.500
v 44.179 -3.000 5.500
v 44.134 -2.750 5.500
v 44.118 -2.500 5.500
v 44.129 -2.250 5.500
v 44.169 -2.000 5.500
v 44.243 -1.750 5.500
v 44.250 -1.732 5.500
v 44.250 -1.500 5.287
v 44.250 -3.000 5.663
v 44.250 -2.763 5.750
v 44.248 -2.750 5.750
v 44.236 -2.500 5.750
v 44.250 -2.257 5.750
v 44.250 -2.250 5.749
v 44.250 -2.000 5.663
v 44.250 -1.750 5.515
v 44.250 -2.750 5.754
v 44.250 -2.500 5.779
v 44.169 -3.000 15.500
v 44.250 -3.000 15.499
v 44.250 -3.002 15.500
v 44.250 -2.750 15.398
v 44.250 -2.500 15.323
v 44.250 -2.250 15.303
v 44.250 -2.000 15.300
v 44.250 -1.750 15.300
v 44.250 -1.500 15.300
v 44.250 -1.250 15.300
v 44.250 -1.000 15.300
v 44.250 -0.750 15.331
v 44.064 -0.500 15.500
v 44.250 -0.592 15.500
v 44.250 -3.250 15.630
v 44.250 -3.402 15.750
v 44.250 -0.500 15.604
v 44.250 -0.421 15.750
v 44.250 -3.482 16.000
v 44.250 -0.301 16.000
v 44.500 -4.000 4.000
v 44.500 -4.000 4.000
v 44.500 -4.000 4.000
v 44.500 -3.750 4.000
v 44.500 -3.750 4.000
v 44.500 -3.500 4.000
v 44.500 -3.250 4.000
v 44.500 -3.000 4.000
v 44.500 -2.750 4.000
v 44.500 -2.500 4.000
v 44.500 -2.250 4.000
v 44.500 -2.000 4.000
v 44.500 -1.750 4.000
v 44.500 -1.500 4.000
v 44.500 -1.250 4.000
v 44.500 -1.000 4.000
v 44.500 -1.000 4.000
v 44.500 -1.000 4.000
v 44.485 -4.000 4.250
v 44.500 -4.010 4.250
v 44.278 -1.000 4.250
v 44.500 -0.756 4.250
v 44.484 -4.000 4.500
v 44.500 -4.012 4.500
v 44.274 -3.750 4.500
v 44.313 -1.000 4.500
v 44.500 -0.784 4.500
v 44.500 -4.000 4.578
v 44.500 -3.962 4.750
v 44.333 -3.750 4.750
v 44.380 -1.000 4.750
v 44.500 -0.856 4.750
v 44.412 -3.750 5.000
v 44.500 -3.863 5.000
v 44.283 -1.250 5.000
v 44.466 -1.000 5.000
v 44.500 -0.958 5.000
v 44.500 -3.750 5.218
v 44.322 -3.500 5.250
v 44.500 -3.733 5.250
v 44.391 -1.250 5.250
v 44.500 -1.104 5.250
v 44.500 -1.000 5.076
v 44.436 -3.500 5.500
v 44.500 -3.586 5.500
v 44.267 -3.250 5.500
v 44.361 -1.500 5.500
v 44.500 -1.274 5.500
v 44.500 -1.250 5.469
v 44.500 -3.500 5.632
v 44.500 -3.415 5.750
v 44.390 -3.250 5.750
v 44.294 -3.000 5.750
v 44.250 -2.250 5.750
v 44.297 -2.000 5.750
v 44.376 -1.750 5.750
v 44.490 -1.500 5.750
v 44.500 -1.482 5.750
v 44.500 -3.250 5.956
v 44.500 -3.187 6.000
v 44.430 -3.000 6.000
v 44.387 -2.750 6.000
v 44.375 -2.500 6.000
v 44.392 -2.250 6.000
v 44.438 -2.000 6.000
v 44.500 -1.792 6.000
v 44.500 -1.750 5.976
v 44.500 -1.500 5.769
v 44.500 -3.000 6.121
v 44.500 -2.750 6.196
v 44.500 -2.500 6.220
v 44.500 -2.250 6.191
v 44.500 -2.000 6.110
v 44.500 -3.000 15.478
v 44.500 -3.049 15.500
v 44.500 -2.750 15.385
v 44.500 -2.500 15.321
v 44.500 -2.250 15.302
v 44.500 -2.000 15.301
v 44.500 -1.750 15.300
v 44.500 -1.500 15.300
v 44.500 -1.250 15.300
v 44.500 -1.000 15.311
v 44.500 -0.750 15.428
v 44.500 -0.691 15.500
v 44.500 -3.250 15.600
v 44.500 -3.476 15.750
v 44.500 -0.500 15.744
v 44.500 -0.495 15.750
v 44.500 -3.495 16.000
v 44.500 -0.320 16.000
v 44.750 -4.000 4.000
v 44.750 -4.000 4.000
v 44.750 -3.750 4.000
v 44.750 -3.500 4.000
v 44.750 -3.250 4.000
v 44.750 -3.000 4.000
v 44.750 -2.750 4.000
v 44.750 -2.500 4.000
v 44.750 -2.250 4.000
v 44.750 -2.000 4.000
v 44.750 -1.750 4.000
v 44.750 -1.500 4.000
v 44.750 -1.250 4.000
v 44.750 -1.000 4.000
v 44.750 -0.750 4.000
v 44.750 -0.750 4.000
v 44.750 -0.750 4.000
v 44.750 -4.009 4.250
v 44.507 -0.750 4.250
v 44.750 -0.565 4.250
v 44.750 -4.011 4.500
v 44.537 -0.750 4.500
v 44.750 -0.569 4.500
v 44.672 -4.000 4.750
v 44.750 -4.012 4.750
v 44.609 -0.750 4.750
v 44.750 -0.623 4.750
v 44.720 -4.000 5.000
v 44.750 -4.013 5.000
v 44.713 -0.750 5.000
v 44.750 -0.717 5.000
v 44.743 -4.000 5.250
v 44.750 -4.005 5.250
v 44.515 -3.750 5.250
v 44.598 -1.000 5.250
v 44.750 -0.853 5.250
v 44.750 -0.750 5.064
v 44.750 -4.000 5.265
v 44.750 -3.878 5.500
v 44.640 -3.750 5.500
v 44.518 -1.250 5.500
v 44.742 -1.000 5.500
v 44.750 -0.991 5.500
v 44.750 -3.750 5.711
v 44.564 -3.500 5.750
v 44.750 -3.726 5.750
v 44.665 -1.250 5.750
v 44.750 -1.148 5.750
v 44.750 -1.000 5.515
v 44.709 -3.500 6.000
v 44.750 -3.552 6.000
v 44.528 -3.250 6.000
v 44.516 -1.750 6.000
v 44.645 -1.500 6.000
v 44.750 -1.342 6.000
v 44.750 -1.250 5.892
v 44.750 -3.500 6.068
v 44.750 -3.331 6.250
v 44.695 -3.250 6.250
v 44.590 -3.000 6.250
v 44.538 -2.750 6.250
v 44.521 -2.500 6.250
v 44.541 -2.250 6.250
v 44.597 -2.000 6.250
v 44.688 -1.750 6.250
v 44.750 -1.627 6.250
v 44.750 -1.500 6.155
v 44.750 -3.250 6.329
v 44.750 -3.000 6.475
v 44.750 -2.922 6.500
v 44.710 -2.750 6.500
v 44.689 -2.500 6.500
v 44.710 -2.250 6.500
v 44.750 -2.084 6.500
v 44.750 -2.000 6.471
v 44.750 -1.750 6.337
v 44.750 -2.750 6.559
v 44.750 -2.500 6.592
v 44.750 -2.250 6.560
v 44.637 -3.000 15.500
v 44.750 -2.956 15.500
v 44.750 -2.750 15.382
v 44.750 -2.500 15.282
v 44.750 -2.250 15.270
v 44.750 -2.000 15.287
v 44.750 -1.750 15.300
v 44.750 -1.500 15.305
v 44.750 -1.250 15.318
v 44.750 -1.000 15.375
v 44.666 -0.750 15.500
v 44.750 -0.806 15.500
v 44.648 -3.500 15.750
v 44.750 -3.500 15.736
v 44.750 -3.510 15.750
v 44.750 -3.250 15.556
v 44.750 -3.000 15.533
v 44.750 -0.750 15.536
v 44.523 -0.500 15.750
v 44.750 -0.556 15.750
v 44.595 -3.500 16.000
v 44.750 -3.509 16.000
v 44.750 -0.500 15.820
v 44.750 -0.310 16.000
v 45.000 -4.000 1.750
v 45.000 -4.000 1.750
v 45.000 -4.000 1.750
v 44.900 -3.750 1.750
v 45.000 -3.750 1.583
v 44.900 -3.500 1.750
v 45.000 -3.500 1.583
v 44.900 -3.250 1.750
v 45.000 -3.250 1.583
v 44.900 -3.000 1.750
v 45.000 -3.000 1.583
v 44.900 -2.750 1.750
v 45.000 -2.750 1.583
v 44.900 -2.500 1.750
v 45.000 -2.500 1.583
v 44.900 -2.250 1.750
v 45.000 -2.250 1.583
v 44.900 -2.000 1.750
v 45.000 -2.000 1.583
v 44.900 -1.750 1.750
v 45.000 -1.750 1.583
v 44.900 -1.500 1.750
v 45.000 -1.500 1.583
v 44.900 -1.250 1.750
v 45.000 -1.250 1.583
v 45.000 -1.083 1.750
v 45.000 -4.000 2.000
v 45.000 -4.000 2.000
v 44.900 -3.750 2.000
v 44.900 -3.500 2.000
v 44.900 -3.250 2.000
v 44.900 -3.000 2.000
v 44.900 -2.750 2.000
v 44.900 -2.500 2.000
v 44.900 -2.250 2.000
v 44.900 -2.000 2.000
v 44.900 -1.750 2.000
v 44.900 -1.500 2.000
v 44.900 -1.250 2.000
v 45.000 -1.083 2.000
v 45.000 -4.000 2.250
v 45.000 -4.000 2.250
v 44.900 -3.750 2.250
v 44.900 -3.500 2.250
v 44.900 -3.250 2.250
v 44.900 -3.000 2.250
v 44.900 -2.750 2.250
v 44.900 -2.500 2.250
v 44.900 -2.250 2.250
v 44.900 -2.000 2.250
v 44.900 -1.750 2.250
v 44.900 -1.500 2.250
v 44.900 -1.250 2.250
v 45.000 -1.083 2.250
v 45.000 -4.000 2.500
v 45.000 -4.000 2.500
v 44.900 -3.750 2.500
v 44.900 -3.500 2.500
v 44.900 -3.250 2.500
v 44.900 -3.000 2.500
v 44.900 -2.750 2.500
v 44.900 -2.500 2.500
v 44.900 -2.250 2.500
v 44.900 -2.000 2.500
v 44.900 -1.750 2.500
v 44.900 -1.500 2.500
v 44.900 -1.250 2.500
v 45.000 -1.083 2.500
v 45.000 -4.000 2.750
v 45.000 -4.000 2.750
v 44.900 -3.750 2.750
v 44.900 -3.500 2.750
v 44.900 -3.250 2.750
v 44.900 -3.000 2.750
v 44.900 -2.750 2.750
v 44.900 -2.500 2.750
v 44.900 -2.250 2.750
v 44.900 -2.000 2.750
v 44.900 -1.750 2.750
v 44.900 -1.500 2.750
v 44.900 -1.250 2.750
v 45.000 -1.083 2.750
v 45.000 -4.000 3.000
v 45.000 -4.000 3.000
v 44.900 -3.750 3.000
v 44.900 -3.500 3.000
v 44.900 -3.250 3.000
v 44.900 -3.000 3.000
v 44.900 -2.750 3.000
v 44.900 -2.500 3.000
v 44.900 -2.250 3.000
v 44.900 -2.000 3.000
v 44.900 -1.750 3.000
v 44.900 -1.500 3.000
v 44.900 -1.250 3.000
v 45.000 -1.083 3.000
v 45.000 -4.000 3.250
v 45.000 -4.000 3.250
v 44.900 -3.750 3.250
v 44.900 -3.500 3.250
v 44.900 -3.250 3.250
v 44.900 -3.000 3.250
v 44.900 -2.750 3.250
v 44.900 -2.500 3.250
v 44.900 -2.250 3.250
v 44.900 -2.000 3.250
v 44.900 -1.750 3.250
v 44.900 -1.500 3.250
v 44.900 -1.250 3.250
v 45.000 -1.083 3.250
v 45.000 -4.000 3.500
v 45.000 -4.000 3.500
v 44.900 -3.750 3.500
v 44.900 -3.500 3.500
v 44.900 -3.250 3.500
v 44.900 -3.000 3.500
v 44.900 -2.750 3.500
v 44.900 -2.500 3.500
v 44.900 -2.250 3.500
v 44.900 -2.000 3.500
v 44.900 -1.750 3.500
v 44.900 -1.500 3.500
v 44.900 -1.250 3.500
v 45.000 -1.083 3.500
v 45.000 -4.000 3.750
v 45.000 -4.000 3.750
v 44.900 -3.750 3.750
v 44.900 -3.500 3.750
v 44.900 -3.250 3.750
v 44.900 -3.000 3.750
v 44.900 -2.750 3.750
v 44.900 -2.500 3.750
v 44.900 -2.250 3.750
v 44.900 -2.000 3.750
v 44.900 -1.750 3.750
v 44.900 -1.500 3.750
v 44.900 -1.250 3.750
v 45.000 -1.083 3.750
v 45.000 -4.000 4.000
v 45.000 -1.000 4.000
v 45.000 -0.750 4.000
v 45.000 -0.500 4.000
v 45.000 -0.500 4.000
v 45.000 -0.500 4.000
v 45.000 -4.009 4.250
v 44.857 -0.500 4.250
v 45.000 -0.414 4.250
v 45.000 -4.009 4.500
v 44.852 -0.500 4.500
v 45.000 -0.402 4.500
v 45.000 -4.010 4.750
v 44.920 -0.500 4.750
v 45.000 -0.444 4.750
v 45.000 -4.008 5.000
v 45.000 -0.541 5.000
v 45.000 -0.500 4.898
v 45.000 -4.003 5.250
v 44.884 -0.750 5.250
v 45.000 -0.663 5.250
v 45.000 -4.000 5.384
v 45.000 -3.997 5.500
v 45.000 -0.782 5.500
v 45.000 -0.750 5.434
v 44.773 -3.750 5.750
v 45.000 -3.986 5.750
v 44.897 -1.000 5.750
v 45.000 -0.904 5.750
v 44.919 -3.750 6.000
v 45.000 -3.843 6.000
v 44.821 -1.250 6.000
v 45.000 -1.050 6.000
v 45.000 -1.000 5.920
v 45.000 -3.750 6.133
v 44.869 -3.500 6.250
v 45.000 -3.663 6.250
v 44.820 -1.500 6.250
v 44.996 -1.250 6.250
v 45.000 -1.245 6.250
v 45.000 -3.500 6.444
v 44.876 -3.250 6.500
v 45.000 -3.440 6.500
v 44.769 -3.000 6.500
v 44.772 -2.000 6.500
v 44.874 -1.750 6.500
v 45.000 -1.519 6.500
v 45.000 -1.500 6.486
v 45.000 -1.250 6.255
v 45.000 -3.250 6.671
v 45.000 -3.116 6.750
v 44.950 -3.000 6.750
v 44.886 -2.750 6.750
v 44.860 -2.500 6.750
v 44.882 -2.250 6.750
v 44.951 -2.000 6.750
v 45.000 -1.884 6.750
v 45.000 -1.750 6.671
v 45.000 -3.000 6.825
v 45.000 -2.750 6.922
v 45.000 -2.500 6.959
v 45.000 -2.250 6.926
v 45.000 -2.000 6.824
v 44.913 -2.500 15.250
v 45.000 -2.500 15.233
v 45.000 -2.565 15.250
v 44.828 -2.250 15.250
v 45.000 -2.250 15.209
v 44.902 -2.000 15.250
v 45.000 -2.000 15.228
v 45.000 -1.838 15.250
v 45.000 -2.750 15.378
v 45.000 -2.862 15.500
v 45.000 -1.750 15.263
v 45.000 -1.500 15.296
v 45.000 -1.250 15.341
v 45.000 -1.000 15.431
v 45.000 -0.892 15.500
v 45.000 -3.500 15.708
v 45.000 -3.524 15.750
v 45.000 -3.250 15.582
v 45.000 -3.000 15.604
v 45.000 -0.750 15.596
v 45.000 -0.546 15.750
v 45.000 -3.517 16.000
v 45.000 -0.500 15.791
v 45.000 -0.263 16.000
v 45.250 -4.000 1.750
v 45.250 -4.000 1.750
v 45.250 -3.750 1.550
v 45.250 -3.500 1.550
v 45.250 -3.250 1.550
v 45.250 -3.000 1.550
v 45.250 -2.750 1.550
v 45.250 -2.500 1.550
v 45.250 -2.250 1.550
v 45.250 -2.000 1.550
v 45.250 -1.750 1.550
v 45.250 -1.500 1.550
v 45.250 -1.250 1.550
v 45.250 -1.050 1.750
v 45.250 -4.000 2.000
v 45.250 -1.050 2.000
v 45.250 -4.000 2.250
v 45.250 -1.050 2.250
v 45.250 -4.000 2.500
v 45.250 -1.050 2.500
v 45.250 -4.000 2.750
v 45.250 -1.050 2.750
v 45.250 -4.000 3.000
v 45.250 -1.050 3.000
v 45.250 -4.000 3.250
v 45.250 -1.050 3.250
v 45.250 -4.000 3.500
v 45.250 -1.050 3.500
v 45.250 -4.000 3.750
v 45.250 -1.050 3.750
v 45.250 -4.000 4.000
v 45.250 -1.000 4.000
v 45.250 -0.750 4.000
v 45.250 -0.500 4.000
v 45.250 -0.500 4.000
v 45.250 -4.009 4.250
v 45.250 -0.287 4.250
v 45.250 -4.008 4.500
v 45.250 -0.273 4.500
v 45.250 -4.009 4.750
v 45.250 -0.310 4.750
v 45.250 -4.004 5.000
v 45.071 -0.500 5.000
v 45.250 -0.403 5.000
v 45.250 -4.000 5.181
v 45.172 -4.000 5.250
v 45.250 -3.999 5.250
v 45.250 -0.504 5.250
v 45.250 -0.500 5.240
v 45.250 -3.992 5.500
v 45.044 -0.750 5.500
v 45.250 -0.606 5.500
v 45.250 -3.985 5.750
v 45.195 -0.750 5.750
v 45.250 -0.709 5.750
v 45.250 -3.979 6.000
v 45.051 -1.000 6.000
v 45.250 -0.826 6.000
v 45.250 -0.750 5.840
v 45.070 -3.750 6.250
v 45.250 -3.956 6.250
v 45.223 -1.000 6.250
v 45.250 -0.974 6.250
v 45.220 -3.750 6.500
v 45.250 -3.787 6.500
v 45.036 -3.500 6.500
v 45.010 -1.500 6.500
v 45.179 -1.250 6.500
v 45.250 -1.163 6.500
v 45.250 -1.000 6.287
v 45.250 -3.750 6.550
v 45.250 -3.584 6.750
v 45.191 -3.500 6.750
v 45.052 -3.250 6.750
v 45.054 -1.750 6.750
v 45.186 -1.500 6.750
v 45.250 -1.401 6.750
v 45.250 -1.250 6.600
v 45.250 -3.500 6.850
v 45.250 -3.341 7.000
v 45.199 -3.250 7.000
v 45.104 -3.000 7.000
v 45.047 -2.750 7.000
v 45.025 -2.500 7.000
v 45.046 -2.250 7.000
v 45.110 -2.000 7.000
v 45.209 -1.750 7.000
v 45.250 -1.674 7.000
v 45.250 -1.500 6.851
v 45.250 -3.250 7.091
v 45.250 -3.013 7.250
v 45.245 -3.000 7.250
v 45.197 -2.750 7.250
v 45.183 -2.500 7.250
v 45.206 -2.250 7.250
v 45.250 -2.063 7.250
v 45.250 -2.000 7.226
v 45.250 -1.750 7.066
v 45.250 -3.000 7.259
v 45.250 -2.750 7.337
v 45.250 -2.500 7.354
v 45.250 -2.250 7.317
v 45.250 -2.500 15.173
v 45.250 -2.648 15.250
v 45.250 -2.250 15.141
v 45.250 -2.000 15.138
v 45.035 -1.750 15.250
v 45.250 -1.750 15.176
v 45.191 -1.500 15.250
v 45.250 -1.500 15.236
v 45.250 -1.458 15.250
v 45.250 -2.750 15.389
v 45.250 -2.853 15.500
v 45.250 -1.250 15.319
v 45.250 -1.000 15.434
v 45.250 -0.878 15.500
v 45.250 -3.500 15.667
v 45.250 -3.532 15.750
v 45.250 -3.250 15.590
v 45.250 -3.000 15.611
v 45.250 -0.750 15.578
v 45.250 -0.501 15.750
v 45.250 -3.526 16.000
v 45.250 -0.500 15.751
v 45.113 -0.250 16.000
v 45.250 -0.250 15.984
v 45.250 -0.235 16.000
v 45.500 -4.000 1.750
v 45.500 -4.000 1.750
v 45.500 -3.750 1.550
v 45.500 -3.500 1.550
v 45.500 -3.250 1.550
v 45.500 -3.000 1.550
v 45.500 -2.750 1.550
v 45.500 -2.500 1.550
v 45.500 -2.250 1.550
v 45.500 -2.000 1.550
v 45.500 -1.750 1.550
v 45.500 -1.500 1.550
v 45.500 -1.250 1.550
v 45.500 -1.050 1.750
v 45.500 -4.000 2.000
v 45.500 -1.050 2.000
v 45.500 -4.000 2.250
v 45.500 -1.050 2.250
v 45.500 -4.000 2.500
v 45.500 -1.050 2.500
v 45.500 -4.000 2.750
v 45.500 -1.050 2.750
v 45.500 -4.000 3.000
v 45.500 -1.050 3.000
v 45.500 -4.000 3.250
v 45.500 -1.050 3.250
v 45.500 -4.000 3.500
v 45.500 -1.050 3.500
v 45.500 -4.000 3.750
v 45.500 -1.050 3.750
v 45.500 -4.000 4.000
v 45.500 -1.000 4.000
v 45.500 -0.750 4.000
v 45.500 -0.500 4.000
v 45.500 -0.250 4.000
v 45.500 -0.250 4.000
v 45.500 -0.250 4.000
v 45.500 -4.009 4.250
v 45.342 -0.250 4.250
v 45.500 -0.188 4.250
v 45.500 -4.008 4.500
v 45.311 -0.250 4.500
v 45.500 -0.182 4.500
v 45.500 -4.006 4.750
v 45.418 -0.250 4.750
v 45.500 -0.223 4.750
v 45.500 -4.000 4.980
v 45.469 -4.000 5.000
v 45.500 -3.999 5.000
v 45.500 -0.299 5.000
v 45.500 -0.250 4.842
v 45.500 -3.993 5.250
v 45.258 -0.500 5.250
v 45.500 -0.380 5.250
v 45.500 -3.987 5.500
v 45.429 -0.500 5.500
v 45.500 -0.462 5.500
v 45.500 -3.980 5.750
v 45.500 -0.554 5.750
v 45.500 -0.500 5.608
v 45.500 -3.974 6.000
v 45.360 -0.750 6.000
v 45.500 -0.659 6.000
v 45.500 -3.970 6.250
v 45.500 -0.776 6.250
v 45.500 -0.750 6.195
v 45.500 -3.966 6.500
v 45.401 -1.000 6.500
v 45.500 -0.911 6.500
v 45.363 -3.750 6.750
v 45.500 -3.927 6.750
v 45.352 -1.250 6.750
v 45.500 -1.074 6.750
v 45.500 -1.000 6.644
v 45.500 -3.750 6.998
v 45.333 -3.500 7.000
v 45.500 -3.748 7.000
v 45.348 -1.500 7.000
v 45.500 -1.286 7.000
v 45.500 -1.250 6.962
v 45.469 -3.500 7.250
v 45.500 -3.546 7.250
v 45.333 -3.250 7.250
v 45.265 -2.000 7.250
v 45.369 -1.750 7.250
v 45.500 -1.532 7.250
v 45.500 -1.500 7.222
v 45.500 -3.500 7.306
v 45.500 -3.310 7.500
v 45.467 -3.250 7.500
v 45.380 -3.000 7.500
v 45.344 -2.750 7.500
v 45.342 -2.500 7.500
v 45.372 -2.250 7.500
v 45.438 -2.000 7.500
v 45.500 -1.858 7.500
v 45.500 -1.750 7.433
v 45.500 -3.250 7.561
v 45.500 -3.000 7.708
v 45.500 -2.764 7.750
v 45.499 -2.750 7.750
v 45.500 -2.708 7.750
v 45.500 -2.500 7.739
v 45.500 -2.250 7.681
v 45.500 -2.000 7.583
v 45.500 -2.750 7.752
v 45.500 -2.500 15.088
v 45.500 -2.719 15.250
v 45.500 -2.250 15.057
v 45.500 -2.000 15.051
v 45.500 -1.750 15.078
v 45.500 -1.500 15.143
v 45.475 -1.250 15.250
v 45.500 -1.250 15.242
v 45.500 -1.234 15.250
v 45.500 -2.750 15.310
v 45.500 -2.925 15.500
v 45.500 -1.000 15.371
v 45.500 -0.783 15.500
v 45.500 -3.500 15.744
v 45.500 -3.502 15.750
v 45.500 -3.250 15.534
v 45.500 -3.000 15.556
v 45.500 -0.750 15.523
v 45.258 -0.500 15.750
v 45.500 -0.500 15.720
v 45.500 -0.466 15.750
v 45.500 -3.535 16.000
v 45.500 -0.250 15.979
v 45.500 -0.232 16.000
v 45.750 -4.000 1.750
v 45.750 -4.000 1.750
v 45.750 -3.750 1.550
v 45.750 -3.500 1.550
v 45.750 -3.250 1.550
v 45.750 -3.000 1.550
v 45.750 -2.750 1.550
v 45.750 -2.500 1.550
v 45.750 -2.250 1.550
v 45.750 -2.000 1.550
v 45.750 -1.750 1.550
v 45.750 -1.500 1.550
v 45.750 -1.250 1.550
v 45.750 -1.050 1.750
v 45.750 -4.000 2.000
v 45.750 -1.050 2.000
v 45.750 -4.000 2.250
v 45.750 -1.050 2.250
v 45.750 -4.000 2.500
v 45.750 -1.050 2.500
v 45.750 -4.000 2.750
v 45.750 -1.050 2.750
v 45.750 -4.000 3.000
v 45.750 -1.050 3.000
v 45.750 -4.000 3.250
v 45.750 -1.050 3.250
v 45.750 -4.000 3.500
v 45.750 -1.050 3.500
v 45.750 -4.000 3.750
v 45.750 -1.050 3.750
v 45.750 -4.000 4.000
v 45.750 -1.000 4.000
v 45.750 -0.750 4.000
v 45.750 -0.500 4.000
v 45.750 -0.250 4.000
v 45.750 -0.250 4.000
v 45.750 -4.008 4.250
v 45.750 -0.121 4.250
v 45.750 -4.009 4.500
v 45.750 -0.122 4.500
v 45.750 -4.003 4.750
v 45.750 -0.167 4.750
v 45.750 -4.000 4.851
v 45.750 -3.995 5.000
v 45.660 -0.250 5.000
v 45.750 -0.225 5.000
v 45.750 -3.988 5.250
v 45.750 -0.289 5.250
v 45.750 -0.250 5.099
v 45.750 -3.981 5.500
v 45.750 -0.359 5.500
v 45.750 -3.975 5.750
v 45.615 -0.500 5.750
v 45.750 -0.443 5.750
v 45.750 -3.971 6.000
v 45.750 -0.540 6.000
v 45.750 -0.500 5.901
v 45.750 -3.967 6.250
v 45.545 -0.750 6.250
v 45.750 -0.641 6.250
v 45.750 -3.963 6.500
v 45.738 -0.750 6.500
v 45.750 -0.743 6.500
v 45.750 -3.959 6.750
v 45.578 -1.000 6.750
v 45.750 -0.864 6.750
v 45.750 -0.750 6.516
v 45.501 -3.750 7.000
v 45.750 -3.948 7.000
v 45.530 -1.250 7.000
v 45.750 -1.030 7.000
v 45.750 -1.000 6.960
v 45.653 -3.750 7.250
v 45.750 -3.867 7.250
v 45.523 -1.500 7.250
v 45.744 -1.250 7.250
v 45.750 -1.245 7.250
v 45.750 -3.750 7.410
v 45.614 -3.500 7.500
v 45.750 -3.681 7.500
v 45.553 -1.750 7.500
v 45.730 -1.500 7.500
v 45.750 -1.477 7.500
v 45.750 -1.250 7.256
v 45.750 -3.500 7.728
v 45.612 -3.250 7.750
v 45.750 -3.478 7.750
v 45.526 -3.000 7.750
v 45.508 -2.500 7.750
v 45.552 -2.250 7.750
v 45.634 -2.000 7.750
v 45.750 -1.768 7.750
v 45.750 -1.750 7.739
v 45.750 -1.500 7.524
v 45.750 -3.250 7.976
v 45.750 -3.203 8.000
v 45.689 -3.000 8.000
v 45.671 -2.750 8.000
v 45.691 -2.500 8.000
v 45.743 -2.250 8.000
v 45.750 -2.229 8.000
v 45.750 -2.000 7.899
v 45.750 -3.000 8.098
v 45.750 -2.750 8.120
v 45.750 -2.500 8.086
v 45.750 -2.250 8.010
v 45.697 -2.500 15.000
v 45.750 -2.500 14.975
v 45.750 -2.641 15.000
v 45.633 -2.250 15.000
v 45.750 -2.250 14.949
v 45.623 -2.000 15.000
v 45.750 -2.000 14.947
v 45.692 -1.750 15.000
v 45.750 -1.750 14.976
v 45.750 -1.651 15.000
v 45.590 -2.750 15.250
v 45.750 -2.750 15.078
v 45.750 -2.842 15.250
v 45.750 -1.500 15.040
v 45.750 -1.250 15.140
v 45.750 -1.041 15.250
v 45.572 -3.250 15.500
v 45.750 -3.250 15.389
v 45.750 -3.339 15.500
v 45.619 -3.000 15.500
v 45.750 -3.000 15.418
v 45.750 -1.000 15.274
v 45.586 -0.750 15.500
v 45.750 -0.750 15.454
v 45.750 -0.694 15.500
v 45.512 -3.500 15.750
v 45.750 -3.461 15.750
v 45.750 -0.500 15.688
v 45.750 -0.443 15.750
v 45.750 -3.500 15.870
v 45.750 -3.536 16.000
v 45.750 -0.250 15.990
v 45.750 -0.242 16.000
v 46.000 -4.000 1.750
v 46.000 -4.000 1.750
v 46.000 -3.750 1.550
v 46.000 -3.500 1.550
v 46.000 -3.250 1.550
v 46.000 -3.000 1.550
v 46.000 -2.750 1.550
v 46.000 -2.500 1.550
v 46.000 -2.250 1.550
v 46.000 -2.000 1.550
v 46.000 -1.750 1.550
v 46.000 -1.500 1.550
v 46.000 -1.250 1.550
v 46.000 -1.050 1.750
v 46.000 -4.000 2.000
v 46.000 -1.050 2.000
v 46.000 -4.000 2.250
v 46.000 -1.050 2.250
v 46.000 -4.000 2.500
v 46.000 -1.050 2.500
v 46.000 -4.000 2.750
v 46.000 -1.050 2.750
v 46.000 -4.000 3.000
v 46.000 -1.050 3.000
v 46.000 -4.000 3.250
v 46.000 -1.050 3.250
v 46.000 -4.000 3.500
v 46.000 -1.050 3.500
v 46.000 -4.000 3.750
v 46.000 -1.050 3.750
v 46.000 -4.000 4.000
v 46.000 -1.000 4.000
v 46.000 -0.750 4.000
v 46.000 -0.500 4.000
v 46.000 -0.250 4.000
v 46.000 -0.250 4.000
v 46.000 -4.007 4.250
v 46.000 -0.092 4.250
v 46.000 -4.006 4.500
v 46.000 -0.096 4.500
v 46.000 -4.000 4.716
v 45.942 -4.000 4.750
v 46.000 -3.999 4.750
v 46.000 -0.134 4.750
v 46.000 -3.991 5.000
v 46.000 -0.178 5.000
v 46.000 -3.983 5.250
v 45.909 -0.250 5.250
v 46.000 -0.229 5.250
v 46.000 -3.977 5.500
v 46.000 -0.291 5.500
v 46.000 -0.250 5.337
v 46.000 -3.972 5.750
v 46.000 -0.368 5.750
v 46.000 -3.968 6.000
v 45.868 -0.500 6.000
v 46.000 -0.459 6.000
v 46.000 -3.964 6.250
v 46.000 -0.552 6.250
v 46.000 -0.500 6.111
v 46.000 -3.960 6.500
v 46.000 -0.640 6.500
v 46.000 -3.954 6.750
v 45.974 -0.750 6.750
v 46.000 -0.738 6.750
v 46.000 -3.947 7.000
v 45.792 -1.000 7.000
v 46.000 -0.874 7.000
v 46.000 -0.750 6.774
v 46.000 -3.939 7.250
v 46.000 -1.049 7.250
v 46.000 -1.000 7.185
v 45.812 -3.750 7.500
v 46.000 -3.908 7.500
v 45.986 -1.250 7.500
v 46.000 -1.239 7.500
v 45.977 -3.750 7.750
v 46.000 -3.775 7.750
v 45.765 -3.500 7.750
v 45.759 -1.750 7.750
v 45.940 -1.500 7.750
v 46.000 -1.435 7.750
v 46.000 -1.250 7.516
v 46.000 -3.750 7.789
v 46.000 -3.599 8.000
v 45.920 -3.500 8.000
v 45.766 -3.250 8.000
v 45.829 -2.000 8.000
v 45.948 -1.750 8.000
v 46.000 -1.669 8.000
v 46.000 -1.500 7.834
v 46.000 -3.500 8.142
v 46.000 -3.395 8.250
v 45.921 -3.250 8.250
v 45.851 -3.000 8.250
v 45.840 -2.750 8.250
v 45.865 -2.500 8.250
v 45.918 -2.250 8.250
v 45.995 -2.000 8.250
v 46.000 -1.988 8.250
v 46.000 -1.750 8.081
v 46.000 -3.250 8.403
v 46.000 -3.060 8.500
v 45.985 -3.000 8.500
v 45.973 -2.750 8.500
v 45.996 -2.500 8.500
v 46.000 -2.479 8.500
v 46.000 -2.250 8.409
v 46.000 -2.000 8.260
v 46.000 -3.000 8.532
v 46.000 -2.750 8.563
v 46.000 -2.500 8.510
v 45.795 -2.750 15.000
v 46.000 -2.750 14.896
v 46.000 -2.958 15.000
v 46.000 -2.500 14.837
v 46.000 -2.250 14.807
v 46.000 -2.000 14.807
v 46.000 -1.750 14.839
v 45.824 -1.500 15.000
v 46.000 -1.500 14.903
v 46.000 -1.261 15.000
v 45.889 -3.250 15.250
v 46.000 -3.250 15.132
v 46.000 -3.314 15.250
v 45.919 -3.000 15.250
v 46.000 -3.000 15.084
v 46.000 -1.250 15.005
v 45.806 -1.000 15.250
v 46.000 -1.000 15.160
v 46.000 -0.885 15.250
v 46.000 -3.378 15.500
v 46.000 -0.750 15.371
v 46.000 -0.626 15.500
v 46.000 -3.424 15.750
v 46.000 -0.500 15.654
v 46.000 -0.428 15.750
v 45.932 -3.500 16.000
v 46.000 -3.484 16.000
v 45.884 -0.250 16.000
v 46.000 -0.257 16.000
v 46.250 -4.000 1.750
v 46.250 -4.000 1.750
v 46.250 -3.750 1.550
v 46.250 -3.500 1.550
v 46.250 -3.250 1.550
v 46.250 -3.000 1.550
v 46.250 -2.750 1.550
v 46.250 -2.500 1.550
v 46.250 -2.250 1.550
v 46.250 -2.000 1.550
v 46.250 -1.750 1.550
v 46.250 -1.500 1.550
v 46.250 -1.250 1.550
v 46.250 -1.050 1.750
v 46.250 -4.000 2.000
v 46.250 -1.050 2.000
v 46.250 -4.000 2.250
v 46.250 -1.050 2.250
v 46.250 -4.000 2.500
v 46.250 -1.050 2.500
v 46.250 -4.000 2.750
v 46.250 -1.050 2.750
v 46.250 -4.000 3.000
v 46.250 -1.050 3.000
v 46.250 -4.000 3.250
v 46.250 -1.050 3.250
v 46.250 -4.000 3.500
v 46.250 -1.050 3.500
v 46.250 -4.000 3.750
v 46.250 -1.050 3.750
v 46.250 -4.000 4.000
v 46.250 -1.000 4.000
v 46.250 -0.750 4.000
v 46.250 -0.500 4.000
v 46.250 -0.250 4.000
v 46.250 -0.250 4.000
v 46.250 -4.004 4.250
v 46.250 -0.102 4.250
v 46.250 -4.000 4.500
v 46.250 -0.105 4.500
v 46.250 -4.000 4.512
v 46.250 -3.994 4.750
v 46.250 -0.127 4.750
v 46.250 -3.987 5.000
v 46.250 -0.159 5.000
v 46.250 -3.980 5.250
v 46.250 -0.201 5.250
v 46.250 -3.975 5.500
v 46.250 -0.254 5.500
v 46.250 -0.250 5.480
v 46.250 -3.970 5.750
v 46.250 -0.323 5.750
v 46.250 -3.965 6.000
v 46.250 -0.402 6.000
v 46.250 -3.960 6.250
v 46.194 -0.500 6.250
v 46.250 -0.486 6.250
v 46.250 -3.954 6.500
v 46.250 -0.573 6.500
v 46.250 -0.500 6.290
v 46.250 -3.948 6.750
v 46.250 -0.664 6.750
v 46.250 -3.941 7.000
v 46.250 -0.781 7.000
v 46.250 -0.750 6.938
v 46.250 -3.933 7.250
v 46.090 -1.000 7.250
v 46.250 -0.922 7.250
v 46.250 -3.923 7.500
v 46.250 -1.073 7.500
v 46.250 -1.000 7.381
v 46.250 -3.912 7.750
v 46.203 -1.250 7.750
v 46.250 -1.215 7.750
v 46.134 -3.750 8.000
v 46.250 -3.856 8.000
v 46.121 -1.500 8.000
v 46.250 -1.367 8.000
v 46.250 -1.250 7.815
v 46.250 -3.750 8.218
v 46.064 -3.500 8.250
v 46.250 -3.730 8.250
v 46.109 -1.750 8.250
v 46.250 -1.538 8.250
v 46.250 -1.500 8.206
v 46.180 -3.500 8.500
v 46.250 -3.602 8.500
v 46.052 -3.250 8.500
v 46.044 -2.250 8.500
v 46.119 -2.000 8.500
v 46.231 -1.750 8.500
v 46.250 -1.719 8.500
v 46.250 -3.500 8.679
v 46.250 -3.439 8.750
v 46.168 -3.250 8.750
v 46.104 -3.000 8.750
v 46.080 -2.750 8.750
v 46.094 -2.500 8.750
v 46.138 -2.250 8.750
v 46.213 -2.000 8.750
v 46.250 -1.916 8.750
v 46.250 -1.750 8.546
v 46.250 -3.250 8.921
v 46.250 -3.101 9.000
v 46.227 -3.000 9.000
v 46.189 -2.750 9.000
v 46.190 -2.500 9.000
v 46.226 -2.250 9.000
v 46.250 -2.166 9.000
v 46.250 -2.000 8.852
v 46.250 -3.000 9.038
v 46.250 -2.750 9.113
v 46.250 -2.500 9.125
v 46.250 -2.250 9.053
v 46.247 -3.000 14.750
v 46.250 -3.000 14.747
v 46.250 -3.007 14.750
v 46.168 -2.750 14.750
v 46.250 -2.750 14.680
v 46.117 -2.500 14.750
v 46.250 -2.500 14.637
v 46.075 -2.250 14.750
v 46.250 -2.250 14.602
v 46.074 -2.000 14.750
v 46.250 -2.000 14.604
v 46.115 -1.750 14.750
v 46.250 -1.750 14.639
v 46.200 -1.500 14.750
v 46.250 -1.500 14.710
v 46.250 -1.409 14.750
v 46.093 -3.250 15.000
v 46.250 -3.250 14.868
v 46.250 -3.342 15.000
v 46.035 -3.000 15.000
v 46.008 -1.250 15.000
v 46.250 -1.250 14.831
v 46.250 -1.017 15.000
v 46.250 -3.346 15.250
v 46.250 -1.000 15.015
v 46.250 -0.767 15.250
v 46.250 -3.363 15.500
v 46.250 -0.750 15.270
v 46.250 -0.576 15.500
v 46.250 -3.391 15.750
v 46.250 -0.500 15.616
v 46.250 -0.415 15.750
v 46.250 -3.438 16.000
v 46.250 -0.277 16.000
v 46.500 -4.000 1.750
v 46.500 -4.000 1.750
v 46.500 -3.750 1.550
v 46.500 -3.500 1.550
v 46.500 -3.250 1.550
v 46.500 -3.000 1.550
v 46.500 -2.750 1.550
v 46.500 -2.500 1.550
v 46.500 -2.250 1.550
v 46.500 -2.000 1.550
v 46.500 -1.750 1.550
v 46.500 -1.500 1.550
v 46.500 -1.250 1.550
v 46.500 -1.050 1.750
v 46.500 -4.000 2.000
v 46.500 -1.050 2.000
v 46.500 -4.000 2.250
v 46.500 -1.050 2.250
v 46.500 -4.000 2.500
v 46.500 -1.050 2.500
v 46.500 -4.000 2.750
v 46.500 -1.050 2.750
v 46.500 -4.000 3.000
v 46.500 -1.050 3.000
v 46.500 -4.000 3.250
v 46.500 -1.050 3.250
v 46.500 -4.000 3.500
v 46.500 -1.050 3.500
v 46.500 -4.000 3.750
v 46.500 -1.050 3.750
v 46.500 -4.000 4.000
v 46.500 -1.000 4.000
v 46.500 -0.750 4.000
v 46.500 -0.500 4.000
v 46.500 -0.250 4.000
v 46.500 -0.250 4.000
v 46.500 -4.000 4.000
v 46.454 -4.000 4.250
v 46.500 -3.999 4.250
v 46.500 -0.153 4.250
v 46.262 -4.000 4.500
v 46.500 -3.994 4.500
v 46.500 -0.146 4.500
v 46.500 -3.988 4.750
v 46.500 -0.154 4.750
v 46.500 -3.983 5.000
v 46.500 -0.175 5.000
v 46.500 -3.978 5.250
v 46.500 -0.206 5.250
v 46.500 -3.973 5.500
v 46.408 -0.250 5.500
v 46.500 -0.247 5.500
v 46.500 -3.968 5.750
v 46.500 -0.300 5.750
v 46.500 -0.250 5.512
v 46.500 -3.962 6.000
v 46.500 -0.366 6.000
v 46.500 -3.956 6.250
v 46.500 -0.440 6.250
v 46.500 -3.948 6.500
v 46.500 -0.520 6.500
v 46.500 -0.500 6.438
v 46.500 -3.941 6.750
v 46.500 -0.611 6.750
v 46.500 -3.934 7.000
v 46.358 -0.750 7.000
v 46.500 -0.712 7.000
v 46.500 -3.926 7.250
v 46.500 -0.828 7.250
v 46.500 -0.750 7.085
v 46.500 -3.917 7.500
v 46.388 -1.000 7.500
v 46.500 -0.944 7.500
v 46.500 -3.906 7.750
v 46.500 -1.055 7.750
v 46.500 -1.000 7.626
v 46.500 -3.894 8.000
v 46.380 -1.250 8.000
v 46.500 -1.162 8.000
v 46.268 -3.750 8.250
v 46.500 -3.885 8.250
v 46.277 -1.500 8.250
v 46.500 -1.268 8.250
v 46.500 -1.250 8.212
v 46.357 -3.750 8.500
v 46.500 -3.855 8.500
v 46.396 -1.500 8.500
v 46.500 -1.382 8.500
v 46.430 -3.750 8.750
v 46.500 -3.816 8.750
v 46.277 -3.500 8.750
v 46.330 -1.750 8.750
v 46.492 -1.500 8.750
v 46.500 -1.489 8.750
v 46.500 -3.750 8.967
v 46.500 -3.732 9.000
v 46.374 -3.500 9.000
v 46.286 -3.250 9.000
v 46.302 -2.000 9.000
v 46.422 -1.750 9.000
v 46.500 -1.621 9.000
v 46.500 -1.500 8.773
v 46.492 -3.500 9.250
v 46.500 -3.518 9.250
v 46.421 -3.250 9.250
v 46.372 -3.000 9.250
v 46.323 -2.750 9.250
v 46.311 -2.500 9.250
v 46.340 -2.250 9.250
v 46.411 -2.000 9.250
v 46.500 -1.798 9.250
v 46.500 -1.750 9.192
v 46.500 -3.500 9.265
v 46.500 -3.250 9.390
v 46.500 -3.000 9.465
v 46.500 -2.895 9.500
v 46.474 -2.750 9.500
v 46.459 -2.500 9.500
v 46.480 -2.250 9.500
v 46.500 -2.165 9.500
v 46.500 -2.000 9.422
v 46.500 -2.750 9.541
v 46.500 -2.500 9.563
v 46.500 -2.250 9.531
v 46.494 -3.000 14.500
v 46.500 -3.000 14.493
v 46.500 -3.017 14.500
v 46.432 -2.750 14.500
v 46.500 -2.750 14.429
v 46.388 -2.500 14.500
v 46.500 -2.500 14.380
v 46.353 -2.250 14.500
v 46.500 -2.250 14.346
v 46.357 -2.000 14.500
v 46.500 -2.000 14.354
v 46.396 -1.750 14.500
v 46.500 -1.750 14.397
v 46.472 -1.500 14.500
v 46.500 -1.500 14.473
v 46.500 -1.440 14.500
v 46.365 -3.250 14.750
v 46.500 -3.250 14.607
v 46.500 -3.352 14.750
v 46.341 -1.250 14.750
v 46.500 -1.250 14.602
v 46.500 -1.064 14.750
v 46.500 -3.354 15.000
v 46.269 -1.000 15.000
v 46.500 -1.000 14.810
v 46.500 -0.837 15.000
v 46.500 -3.351 15.250
v 46.287 -0.750 15.250
v 46.500 -0.750 15.122
v 46.500 -0.666 15.250
v 46.500 -3.352 15.500
v 46.500 -0.522 15.500
v 46.500 -3.369 15.750
v 46.500 -0.500 15.545
v 46.500 -0.399 15.750
v 46.500 -3.404 16.000
v 46.500 -0.295 16.000
v 46.750 -4.000 1.750
v 46.750 -4.000 1.750
v 46.750 -3.750 1.550
v 46.750 -3.500 1.550
v 46.750 -3.250 1.550
v 46.750 -3.000 1.550
v 46.750 -2.750 1.550
v 46.750 -2.500 1.550
v 46.750 -2.250 1.550
v 46.750 -2.000 1.550
v 46.750 -1.750 1.550
v 46.750 -1.500 1.550
v 46.750 -1.250 1.550
v 46.750 -1.050 1.750
v 46.750 -4.000 2.000
v 46.750 -1.050 2.000
v 46.750 -4.000 2.250
v 46.750 -1.050 2.250
v 46.750 -4.000 2.500
v 46.750 -1.050 2.500
v 46.750 -4.000 2.750
v 46.750 -1.050 2.750
v 46.750 -4.000 3.000
v 46.750 -1.050 3.000
v 46.750 -4.000 3.250
v 46.750 -1.050 3.250
v 46.750 -4.000 3.500
v 46.750 -1.050 3.500
v 46.750 -4.000 3.750
v 46.750 -1.050 3.750
v 46.750 -4.000 4.000
v 46.750 -1.000 4.000
v 46.750 -0.750 4.000
v 46.750 -0.500 4.000
v 46.500 -0.250 4.000
v 46.750 -0.500 4.000
v 46.750 -4.000 4.000
v 46.750 -3.992 4.250
v 46.750 -0.250 4.199
v 46.750 -0.242 4.250
v 46.750 -3.986 4.500
v 46.750 -0.221 4.500
v 46.750 -3.982 4.750
v 46.750 -0.216 4.750
v 46.750 -3.979 5.000
v 46.750 -0.225 5.000
v 46.750 -3.975 5.250
v 46.750 -0.242 5.250
v 46.750 -3.971 5.500
v 46.535 -0.250 5.500
v 46.750 -0.266 5.500
v 46.750 -0.250 5.335
v 46.750 -3.966 5.750
v 46.750 -0.299 5.750
v 46.750 -3.959 6.000
v 46.750 -0.347 6.000
v 46.750 -3.952 6.250
v 46.750 -0.409 6.250
v 46.750 -3.944 6.500
v 46.630 -0.500 6.500
v 46.750 -0.482 6.500
v 46.750 -3.935 6.750
v 46.750 -0.563 6.750
v 46.750 -0.500 6.557
v 46.750 -3.927 7.000
v 46.750 -0.649 7.000
v 46.750 -3.919 7.250
v 46.723 -0.750 7.250
v 46.750 -0.741 7.250
v 46.750 -3.909 7.500
v 46.750 -0.830 7.500
v 46.750 -0.750 7.276
v 46.750 -3.898 7.750
v 46.596 -1.000 7.750
v 46.750 -0.913 7.750
v 46.750 -3.885 8.000
v 46.733 -1.000 8.000
v 46.750 -0.989 8.000
v 46.750 -3.875 8.250
v 46.519 -1.250 8.250
v 46.750 -1.059 8.250
v 46.750 -1.000 8.041
v 46.750 -3.866 8.500
v 46.615 -1.250 8.500
v 46.750 -1.121 8.500
v 46.750 -3.856 8.750
v 46.692 -1.250 8.750
v 46.750 -1.188 8.750
v 46.518 -3.750 9.000
v 46.750 -3.848 9.000
v 46.579 -1.500 9.000
v 46.750 -1.273 9.000
v 46.750 -1.250 8.937
v 46.625 -3.750 9.250
v 46.750 -3.838 9.250
v 46.523 -1.750 9.250
v 46.673 -1.500 9.250
v 46.750 -1.392 9.250
v 46.750 -3.750 9.481
v 46.629 -3.500 9.500
v 46.750 -3.733 9.500
v 46.558 -3.250 9.500
v 46.519 -3.000 9.500
v 46.541 -2.000 9.500
v 46.641 -1.750 9.500
v 46.750 -1.550 9.500
v 46.750 -1.500 9.428
v 46.750 -3.500 9.705
v 46.750 -3.422 9.750
v 46.699 -3.250 9.750
v 46.664 -3.000 9.750
v 46.631 -2.750 9.750
v 46.623 -2.500 9.750
v 46.641 -2.250 9.750
v 46.689 -2.000 9.750
v 46.750 -1.817 9.750
v 46.750 -1.750 9.706
v 46.750 -3.250 9.833
v 46.750 -3.000 9.887
v 46.750 -2.750 9.932
v 46.750 -2.500 9.937
v 46.750 -2.250 9.910
v 46.750 -2.000 9.842
v 46.722 -3.000 14.250
v 46.750 -3.000 14.219
v 46.750 -3.088 14.250
v 46.666 -2.750 14.250
v 46.750 -2.750 14.159
v 46.619 -2.500 14.250
v 46.750 -2.500 14.108
v 46.589 -2.250 14.250
v 46.750 -2.250 14.077
v 46.599 -2.000 14.250
v 46.750 -2.000 14.090
v 46.644 -1.750 14.250
v 46.750 -1.750 14.140
v 46.721 -1.500 14.250
v 46.750 -1.500 14.220
v 46.750 -1.434 14.250
v 46.593 -3.250 14.500
v 46.750 -3.250 14.318
v 46.750 -3.377 14.500
v 46.602 -1.250 14.500
v 46.750 -1.250 14.350
v 46.750 -1.061 14.500
v 46.750 -3.372 14.750
v 46.563 -1.000 14.750
v 46.750 -1.000 14.560
v 46.750 -0.848 14.750
v 46.750 -3.366 15.000
v 46.646 -0.750 15.000
v 46.750 -0.750 14.904
v 46.750 -0.693 15.000
v 46.750 -3.358 15.250
v 46.750 -0.564 15.250
v 46.750 -3.353 15.500
v 46.750 -0.500 15.398
v 46.584 -0.500 15.500
v 46.750 -0.457 15.500
v 46.750 -3.356 15.750
v 46.750 -0.371 15.750
v 46.750 -3.379 16.000
v 46.750 -0.309 16.000
v 47.000 -4.000 1.750
v 47.000 -4.000 1.750
v 47.000 -3.750 1.583
v 47.000 -3.500 1.583
v 47.000 -3.250 1.583
v 47.000 -3.000 1.583
v 47.000 -2.750 1.583
v 47.000 -2.500 1.583
v 47.000 -2.250 1.583
v 47.000 -2.000 1.583
v 47.000 -1.750 1.583
v 47.000 -1.500 1.583
v 47.000 -1.250 1.583
v 47.000 -1.083 1.750
v 47.000 -4.000 2.000
v 47.000 -1.083 2.000
v 47.000 -4.000 2.250
v 47.000 -1.083 2.250
v 47.000 -4.000 2.500
v 47.000 -1.083 2.500
v 47.000 -4.000 2.750
v 47.000 -1.083 2.750
v 47.000 -4.000 3.000
v 47.000 -1.083 3.000
v 47.000 -4.000 3.250
v 47.000 -1.083 3.250
v 47.000 -4.000 3.500
v 47.000 -1.083 3.500
v 47.000 -4.000 3.750
v 47.000 -1.083 3.750
v 47.000 -4.000 4.000
v 47.000 -1.000 4.000
v 47.000 -0.750 4.000
v 47.000 -0.500 4.000
v 47.000 -0.500 4.000
v 47.000 -4.000 4.000
v 47.000 -3.985 4.250
v 46.768 -0.250 4.250
v 47.000 -0.371 4.250
v 47.000 -3.980 4.500
v 46.819 -0.250 4.500
v 47.000 -0.335 4.500
v 47.000 -3.977 4.750
v 46.843 -0.250 4.750
v 47.000 -0.311 4.750
v 47.000 -3.975 5.000
v 46.836 -0.250 5.000
v 47.000 -0.299 5.000
v 47.000 -3.973 5.250
v 46.787 -0.250 5.250
v 47.000 -0.297 5.250
v 47.000 -3.969 5.500
v 47.000 -0.301 5.500
v 47.000 -3.964 5.750
v 47.000 -0.316 5.750
v 47.000 -3.957 6.000
v 47.000 -0.348 6.000
v 47.000 -3.949 6.250
v 47.000 -0.398 6.250
v 47.000 -3.941 6.500
v 47.000 -0.460 6.500
v 47.000 -3.932 6.750
v 47.000 -0.525 6.750
v 47.000 -0.500 6.656
v 47.000 -3.922 7.000
v 47.000 -0.591 7.000
v 47.000 -3.911 7.250
v 47.000 -0.655 7.250
v 47.000 -3.900 7.500
v 46.932 -0.750 7.500
v 47.000 -0.720 7.500
v 47.000 -3.888 7.750
v 47.000 -0.778 7.750
v 47.000 -0.750 7.628
v 47.000 -3.878 8.000
v 47.000 -0.827 8.000
v 47.000 -3.867 8.250
v 46.824 -1.000 8.250
v 47.000 -0.870 8.250
v 47.000 -3.858 8.500
v 46.887 -1.000 8.500
v 47.000 -0.911 8.500
v 47.000 -3.849 8.750
v 46.948 -1.000 8.750
v 47.000 -0.958 8.750
v 47.000 -3.840 9.000
v 46.770 -1.250 9.000
v 47.000 -1.021 9.000
v 47.000 -1.000 8.923
v 47.000 -3.830 9.250
v 46.864 -1.250 9.250
v 47.000 -1.108 9.250
v 46.773 -3.750 9.500
v 47.000 -3.820 9.500
v 46.780 -1.500 9.500
v 46.972 -1.250 9.500
v 47.000 -1.219 9.500
v 46.927 -3.750 9.750
v 47.000 -3.803 9.750
v 46.778 -3.500 9.750
v 46.774 -1.750 9.750
v 46.910 -1.500 9.750
v 47.000 -1.375 9.750
v 47.000 -1.250 9.555
v 47.000 -3.750 9.852
v 47.000 -3.578 10.000
v 46.956 -3.500 10.000
v 46.865 -3.250 10.000
v 46.826 -3.000 10.000
v 46.796 -2.750 10.000
v 46.793 -2.500 10.000
v 46.812 -2.250 10.000
v 46.857 -2.000 10.000
v 46.938 -1.750 10.000
v 47.000 -1.627 10.000
v 47.000 -1.500 9.893
v 47.000 -3.500 10.058
v 47.000 -3.250 10.176
v 47.000 -3.000 10.229
v 47.000 -2.899 10.250
v 46.977 -2.750 10.250
v 46.969 -2.500 10.250
v 46.990 -2.250 10.250
v 47.000 -2.197 10.250
v 47.000 -2.000 10.196
v 47.000 -1.750 10.083
v 47.000 -2.750 10.282
v 47.000 -2.500 10.294
v 47.000 -2.250 10.265
v 46.937 -3.000 14.000
v 47.000 -3.000 13.919
v 47.000 -3.238 14.000
v 46.892 -2.750 14.000
v 47.000 -2.750 13.871
v 46.848 -2.500 14.000
v 47.000 -2.500 13.822
v 46.820 -2.250 14.000
v 47.000 -2.250 13.787
v 46.831 -2.000 14.000
v 47.000 -2.000 13.794
v 46.874 -1.750 14.000
v 47.000 -1.750 13.840
v 46.944 -1.500 14.000
v 47.000 -1.500 13.928
v 47.000 -1.363 14.000
v 46.812 -3.250 14.250
v 47.000 -3.250 14.005
v 47.000 -3.391 14.250
v 46.842 -1.250 14.250
v 47.000 -1.250 14.066
v 47.000 -1.029 14.250
v 47.000 -3.387 14.500
v 46.805 -1.000 14.500
v 47.000 -1.000 14.279
v 47.000 -0.832 14.500
v 47.000 -3.381 14.750
v 46.898 -0.750 14.750
v 47.000 -0.750 14.638
v 47.000 -0.691 14.750
v 47.000 -3.374 15.000
v 47.000 -0.575 15.000
v 47.000 -3.367 15.250
v 47.000 -0.500 15.193
v 46.934 -0.500 15.250
v 47.000 -0.478 15.250
v 47.000 -3.358 15.500
v 47.000 -0.397 15.500
v 47.000 -3.354 15.750
v 47.000 -0.341 15.750
v 47.000 -3.363 16.000
v 47.000 -0.324 16.000
v 47.000 -4.000 1.750
v 47.100 -3.750 1.750
v 47.100 -3.500 1.750
v 47.100 -3.250 1.750
v 47.100 -3.000 1.750
v 47.100 -2.750 1.750
v 47.100 -2.500 1.750
v 47.100 -2.250 1.750
v 47.100 -2.000 1.750
v 47.100 -1.750 1.750
v 47.100 -1.500 1.750
v 47.100 -1.250 1.750
v 47.000 -4.000 2.000
v 47.100 -3.750 2.000
v 47.100 -3.500 2.000
v 47.100 -3.250 2.000
v 47.100 -3.000 2.000
v 47.100 -2.750 2.000
v 47.100 -2.500 2.000
v 47.100 -2.250 2.000
v 47.100 -2.000 2.000
v 47.100 -1.750 2.000
v 47.100 -1.500 2.000
v 47.100 -1.250 2.000
v 47.000 -4.000 2.250
v 47.100 -3.750 2.250
v 47.100 -3.500 2.250
v 47.100 -3.250 2.250
v 47.100 -3.000 2.250
v 47.100 -2.750 2.250
v 47.100 -2.500 2.250
v 47.100 -2.250 2.250
v 47.100 -2.000 2.250
v 47.100 -1.750 2.250
v 47.100 -1.500 2.250
v 47.100 -1.250 2.250
v 47.000 -4.000 2.500
v 47.100 -3.750 2.500
v 47.100 -3.500 2.500
v 47.100 -3.250 2.500
v 47.100 -3.000 2.500
v 47.100 -2.750 2.500
v 47.100 -2.500 2.500
v 47.100 -2.250 2.500
v 47.100 -2.000 2.500
v 47.100 -1.750 2.500
v 47.100 -1.500 2.500
v 47.100 -1.250 2.500
v 47.000 -4.000 2.750
v 47.100 -3.750 2.750
v 47.100 -3.500 2.750
v 47.100 -3.250 2.750
v 47.100 -3.000 2.750
v 47.100 -2.750 2.750
v 47.100 -2.500 2.750
v 47.100 -2.250 2.750
v 47.100 -2.000 2.750
v 47.100 -1.750 2.750
v 47.100 -1.500 2.750
v 47.100 -1.250 2.750
v 47.000 -4.000 3.000
v 47.100 -3.750 3.000
v 47.100 -3.500 3.000
v 47.100 -3.250 3.000
v 47.100 -3.000 3.000
v 47.100 -2.750 3.000
v 47.100 -2.500 3.000
v 47.100 -2.250 3.000
v 47.100 -2.000 3.000
v 47.100 -1.750 3.000
v 47.100 -1.500 3.000
v 47.100 -1.250 3.000
v 47.000 -4.000 3.250
v 47.100 -3.750 3.250
v 47.100 -3.500 3.250
v 47.100 -3.250 3.250
v 47.100 -3.000 3.250
v 47.100 -2.750 3.250
v 47.100 -2.500 3.250
v 47.100 -2.250 3.250
v 47.100 -2.000 3.250
v 47.100 -1.750 3.250
v 47.100 -1.500 3.250
v 47.100 -1.250 3.250
v 47.000 -4.000 3.500
v 47.100 -3.750 3.500
v 47.100 -3.500 3.500
v 47.100 -3.250 3.500
v 47.100 -3.000 3.500
v 47.100 -2.750 3.500
v 47.100 -2.500 3.500
v 47.100 -2.250 3.500
v 47.100 -2.000 3.500
v 47.100 -1.750 3.500
v 47.100 -1.500 3.500
v 47.100 -1.250 3.500
v 47.000 -4.000 3.750
v 47.100 -3.750 3.750
v 47.100 -3.500 3.750
v 47.100 -3.250 3.750
v 47.100 -3.000 3.750
v 47.100 -2.750 3.750
v 47.100 -2.500 3.750
v 47.100 -2.250 3.750
v 47.100 -2.000 3.750
v 47.100 -1.750 3.750
v 47.100 -1.500 3.750
v 47.100 -1.250 3.750
v 47.000 -4.000 4.000
v 47.250 -3.750 4.000
v 47.250 -3.750 4.000
v 47.250 -3.500 4.000
v 47.250 -3.250 4.000
v 47.250 -3.000 4.000
v 47.250 -2.750 4.000
v 47.250 -2.500 4.000
v 47.250 -2.250 4.000
v 47.250 -2.000 4.000
v 47.250 -1.750 4.000
v 47.250 -1.500 4.000
v 47.250 -1.250 4.000
v 47.250 -1.000 4.000
v 47.250 -0.750 4.000
v 47.000 -0.500 4.000
v 47.250 -0.750 4.000
v 47.250 -3.976 4.250
v 47.185 -0.500 4.250
v 47.250 -0.550 4.250
v 47.250 -3.972 4.500
v 47.250 -0.500 4.463
v 47.250 -0.492 4.500
v 47.250 -3.972 4.750
v 47.250 -0.438 4.750
v 47.250 -3.971 5.000
v 47.250 -0.395 5.000
v 47.250 -3.969 5.250
v 47.250 -0.368 5.250
v 47.250 -3.965 5.500
v 47.250 -0.354 5.500
v 47.250 -3.960 5.750
v 47.250 -0.355 5.750
v 47.250 -3.953 6.000
v 47.250 -0.374 6.000
v 47.250 -3.946 6.250
v 47.250 -0.410 6.250
v 47.250 -3.938 6.500
v 47.250 -0.457 6.500
v 47.250 -3.929 6.750
v 47.250 -0.503 6.750
v 47.250 -0.500 6.731
v 47.250 -3.917 7.000
v 47.250 -0.546 7.000
v 47.250 -3.904 7.250
v 47.250 -0.586 7.250
v 47.250 -3.891 7.500
v 47.250 -0.625 7.500
v 47.250 -3.880 7.750
v 47.062 -0.750 7.750
v 47.250 -0.662 7.750
v 47.250 -3.869 8.000
v 47.149 -0.750 8.000
v 47.250 -0.697 8.000
v 47.250 -3.860 8.250
v 47.213 -0.750 8.250
v 47.250 -0.729 8.250
v 47.250 -3.850 8.500
v 47.250 -0.764 8.500
v 47.250 -0.750 8.398
v 47.250 -3.841 8.750
v 47.250 -0.805 8.750
v 47.250 -3.831 9.000
v 47.027 -1.000 9.000
v 47.250 -0.857 9.000
v 47.250 -3.821 9.250
v 47.133 -1.000 9.250
v 47.250 -0.919 9.250
v 47.250 -3.812 9.500
v 47.246 -1.000 9.500
v 47.250 -0.997 9.500
v 47.250 -3.801 9.750
v 47.106 -1.250 9.750
v 47.250 -1.107 9.750
v 47.250 -1.000 9.508
v 47.160 -3.750 10.000
v 47.250 -3.792 10.000
v 47.073 -1.500 10.000
v 47.250 -1.271 10.000
v 47.250 -1.250 9.973
v 47.250 -3.750 10.119
v 47.162 -3.500 10.250
v 47.250 -3.643 10.250
v 47.064 -3.250 10.250
v 47.018 -3.000 10.250
v 47.041 -2.000 10.250
v 47.131 -1.750 10.250
v 47.250 -1.529 10.250
v 47.250 -1.500 10.228
v 47.250 -3.500 10.360
v 47.250 -3.250 10.478
v 47.250 -3.165 10.500
v 47.218 -3.000 10.500
v 47.166 -2.750 10.500
v 47.151 -2.500 10.500
v 47.172 -2.250 10.500
v 47.229 -2.000 10.500
v 47.250 -1.942 10.500
v 47.250 -1.750 10.404
v 47.250 -3.000 10.548
v 47.250 -2.750 10.624
v 47.250 -2.500 10.643
v 47.250 -2.250 10.612
v 47.250 -2.000 10.530
v 47.242 -2.500 13.500
v 47.250 -2.500 13.489
v 47.250 -2.563 13.500
v 47.213 -2.250 13.500
v 47.250 -2.250 13.449
v 47.211 -2.000 13.500
v 47.250 -2.000 13.444
v 47.235 -1.750 13.500
v 47.250 -1.750 13.479
v 47.250 -1.682 13.500
v 47.179 -3.250 13.750
v 47.250 -3.250 13.643
v 47.250 -3.362 13.750
v 47.123 -3.000 13.750
v 47.250 -3.000 13.567
v 47.093 -2.750 13.750
v 47.250 -2.750 13.535
v 47.057 -2.500 13.750
v 47.029 -2.250 13.750
v 47.033 -2.000 13.750
v 47.065 -1.750 13.750
v 47.250 -1.500 13.563
v 47.126 -1.500 13.750
v 47.223 -1.250 13.750
v 47.250 -1.250 13.709
v 47.250 -1.200 13.750
v 47.005 -3.250 14.000
v 47.250 -3.403 14.000
v 47.052 -1.250 14.000
v 47.250 -1.000 13.950
v 47.216 -1.000 14.000
v 47.250 -0.961 14.000
v 47.250 -3.398 14.250
v 47.025 -1.000 14.250
v 47.250 -0.802 14.250
v 47.250 -3.391 14.500
v 47.123 -0.750 14.500
v 47.250 -0.750 14.346
v 47.250 -0.678 14.500
v 47.250 -3.387 14.750
v 47.250 -0.579 14.750
v 47.250 -3.381 15.000
v 47.250 -0.500 14.989
v 47.238 -0.500 15.000
v 47.250 -0.496 15.000
v 47.250 -3.374 15.250
v 47.250 -0.424 15.250
v 47.250 -3.367 15.500
v 47.250 -0.365 15.500
v 47.250 -3.360 15.750
v 47.250 -0.334 15.750
v 47.250 -3.356 16.000
v 47.250 -0.351 16.000
v 47.500 -3.750 4.000
v 47.500 -3.750 4.000
v 47.500 -3.500 4.000
v 47.500 -3.250 4.000
v 47.500 -3.000 4.000
v 47.500 -2.750 4.000
v 47.500 -2.500 4.000
v 47.500 -2.250 4.000
v 47.500 -2.000 4.000
v 47.500 -1.750 4.000
v 47.500 -1.500 4.000
v 47.500 -1.250 4.000
v 47.500 -1.000 4.000
v 47.250 -0.750 4.000
v 47.500 -1.000 4.000
v 47.500 -3.931 4.250
v 47.472 -0.750 4.250
v 47.500 -0.777 4.250
v 47.500 -3.921 4.500
v 47.500 -0.750 4.324
v 47.261 -0.500 4.500
v 47.500 -0.692 4.500
v 47.500 -3.943 4.750
v 47.349 -0.500 4.750
v 47.500 -0.598 4.750
v 47.500 -3.962 5.000
v 47.466 -0.500 5.000
v 47.500 -0.517 5.000
v 47.500 -3.965 5.250
v 47.500 -0.500 5.075
v 47.500 -0.462 5.250
v 47.500 -3.961 5.500
v 47.500 -0.433 5.500
v 47.500 -3.955 5.750
v 47.500 -0.422 5.750
v 47.500 -3.949 6.000
v 47.500 -0.428 6.000
v 47.500 -3.942 6.250
v 47.500 -0.449 6.250
v 47.500 -3.934 6.500
v 47.500 -0.476 6.500
v 47.500 -3.925 6.750
v 47.500 -0.505 6.750
v 47.500 -0.500 6.709
v 47.500 -3.912 7.000
v 47.500 -0.525 7.000
v 47.500 -3.898 7.250
v 47.500 -0.545 7.250
v 47.500 -3.884 7.500
v 47.500 -0.565 7.500
v 47.500 -3.873 7.750
v 47.500 -0.591 7.750
v 47.500 -3.863 8.000
v 47.500 -0.618 8.000
v 47.500 -3.853 8.250
v 47.500 -0.646 8.250
v 47.500 -3.843 8.500
v 47.290 -0.750 8.500
v 47.500 -0.677 8.500
v 47.500 -3.832 8.750
v 47.397 -0.750 8.750
v 47.500 -0.713 8.750
v 47.500 -3.822 9.000
v 47.500 -0.753 9.000
v 47.500 -0.750 8.983
v 47.500 -3.811 9.250
v 47.500 -0.796 9.250
v 47.500 -3.802 9.500
v 47.500 -0.851 9.500
v 47.500 -3.792 9.750
v 47.393 -1.000 9.750
v 47.500 -0.929 9.750
v 47.500 -3.782 10.000
v 47.270 -1.250 10.000
v 47.500 -1.051 10.000
v 47.500 -1.000 9.904
v 47.420 -3.750 10.250
v 47.500 -3.771 10.250
v 47.269 -1.500 10.250
v 47.481 -1.250 10.250
v 47.500 -1.231 10.250
v 47.500 -3.750 10.376
v 47.367 -3.500 10.500
v 47.500 -3.702 10.500
v 47.269 -3.250 10.500
v 47.330 -1.750 10.500
v 47.480 -1.500 10.500
v 47.500 -1.473 10.500
v 47.500 -1.250 10.274
v 47.500 -3.500 10.686
v 47.500 -3.391 10.750
v 47.445 -3.250 10.750
v 47.391 -3.000 10.750
v 47.341 -2.750 10.750
v 47.328 -2.500 10.750
v 47.353 -2.250 10.750
v 47.412 -2.000 10.750
v 47.500 -1.775 10.750
v 47.500 -1.750 10.735
v 47.500 -1.500 10.528
v 47.500 -3.250 10.837
v 47.500 -3.000 10.923
v 47.500 -2.750 10.982
v 47.500 -2.500 10.989
v 47.500 -2.250 10.956
v 47.500 -2.000 10.879
v 47.476 -3.000 13.250
v 47.500 -3.000 13.218
v 47.500 -3.141 13.250
v 47.461 -2.750 13.250
v 47.500 -2.750 13.196
v 47.424 -2.500 13.250
v 47.500 -2.500 13.144
v 47.396 -2.250 13.250
v 47.500 -2.250 13.106
v 47.395 -2.000 13.250
v 47.500 -2.000 13.109
v 47.423 -1.750 13.250
v 47.500 -1.750 13.150
v 47.487 -1.500 13.250
v 47.500 -1.500 13.233
v 47.500 -1.467 13.250
v 47.345 -3.250 13.500
v 47.500 -3.250 13.278
v 47.500 -3.423 13.500
v 47.296 -3.000 13.500
v 47.275 -2.750 13.500
v 47.295 -1.500 13.500
v 47.500 -1.250 13.373
v 47.401 -1.250 13.500
v 47.500 -1.092 13.500
v 47.500 -3.417 13.750
v 47.393 -1.000 13.750
v 47.500 -1.000 13.598
v 47.500 -0.887 13.750
v 47.500 -3.408 14.000
v 47.500 -0.754 14.000
v 47.500 -3.403 14.250
v 47.500 -0.750 14.010
v 47.333 -0.750 14.250
v 47.500 -0.660 14.250
v 47.500 -3.398 14.500
v 47.500 -0.580 14.500
v 47.500 -3.392 14.750
v 47.500 -0.511 14.750
v 47.500 -3.386 15.000
v 47.500 -0.500 14.800
v 47.500 -0.456 15.000
v 47.500 -3.380 15.250
v 47.500 -0.408 15.250
v 47.500 -3.374 15.500
v 47.500 -0.371 15.500
v 47.500 -3.366 15.750
v 47.500 -0.364 15.750
v 47.500 -3.360 16.000
v 47.500 -0.409 16.000
v 47.500 -3.750 4.000
v 47.750 -3.500 4.000
v 47.750 -3.500 4.000
v 47.750 -3.250 4.000
v 47.750 -3.000 4.000
v 47.750 -2.750 4.000
v 47.750 -2.500 4.000
v 47.750 -2.250 4.000
v 47.750 -2.000 4.000
v 47.750 -1.750 4.000
v 47.750 -1.500 4.000
v 47.750 -1.250 4.000
v 47.500 -1.000 4.000
v 47.750 -1.250 4.000
v 47.626 -3.750 4.250
v 47.750 -3.632 4.250
v 47.713 -1.000 4.250
v 47.750 -1.044 4.250
v 47.623 -3.750 4.500
v 47.750 -3.629 4.500
v 47.750 -1.000 4.330
v 47.566 -0.750 4.500
v 47.750 -0.920 4.500
v 47.732 -3.750 4.750
v 47.750 -3.733 4.750
v 47.701 -0.750 4.750
v 47.750 -0.789 4.750
v 47.750 -3.750 4.771
v 47.750 -3.926 5.000
v 47.750 -0.750 4.832
v 47.750 -0.677 5.000
v 47.750 -3.959 5.250
v 47.575 -0.500 5.250
v 47.750 -0.595 5.250
v 47.750 -3.955 5.500
v 47.651 -0.500 5.500
v 47.750 -0.547 5.500
v 47.750 -3.949 5.750
v 47.693 -0.500 5.750
v 47.750 -0.524 5.750
v 47.750 -3.943 6.000
v 47.709 -0.500 6.000
v 47.750 -0.514 6.000
v 47.750 -3.936 6.250
v 47.692 -0.500 6.250
v 47.750 -0.515 6.250
v 47.750 -3.928 6.500
v 47.631 -0.500 6.500
v 47.750 -0.521 6.500
v 47.750 -3.918 6.750
v 47.750 -0.528 6.750
v 47.750 -3.906 7.000
v 47.750 -0.532 7.000
v 47.750 -3.893 7.250
v 47.750 -0.536 7.250
v 47.750 -3.879 7.500
v 47.750 -0.545 7.500
v 47.750 -3.867 7.750
v 47.750 -0.564 7.750
v 47.750 -3.856 8.000
v 47.750 -0.589 8.000
v 47.750 -3.845 8.250
v 47.750 -0.613 8.250
v 47.750 -3.834 8.500
v 47.750 -0.635 8.500
v 47.750 -3.822 8.750
v 47.750 -0.657 8.750
v 47.750 -3.811 9.000
v 47.510 -0.750 9.000
v 47.750 -0.681 9.000
v 47.750 -3.801 9.250
v 47.634 -0.750 9.250
v 47.750 -0.711 9.250
v 47.750 -3.791 9.500
v 47.750 -0.750 9.500
v 47.750 -0.750 9.499
v 47.750 -3.783 9.750
v 47.750 -0.810 9.750
v 47.750 -3.773 10.000
v 47.580 -1.000 10.000
v 47.750 -0.902 10.000
v 47.750 -3.761 10.250
v 47.750 -1.037 10.250
v 47.750 -1.000 10.188
v 47.741 -3.750 10.500
v 47.750 -3.751 10.500
v 47.707 -1.250 10.500
v 47.750 -1.210 10.500
v 47.750 -3.750 10.514
v 47.549 -3.500 10.750
v 47.750 -3.726 10.750
v 47.511 -1.750 10.750
v 47.673 -1.500 10.750
v 47.750 -1.407 10.750
v 47.750 -1.250 10.557
v 47.727 -3.500 11.000
v 47.750 -3.532 11.000
v 47.615 -3.250 11.000
v 47.555 -3.000 11.000
v 47.514 -2.750 11.000
v 47.508 -2.500 11.000
v 47.534 -2.250 11.000
v 47.590 -2.000 11.000
v 47.689 -1.750 11.000
v 47.750 -1.645 11.000
v 47.750 -1.500 10.864
v 47.750 -3.500 11.031
v 47.750 -3.250 11.178
v 47.750 -3.000 11.249
v 47.750 -2.996 11.250
v 47.707 -2.750 11.250
v 47.694 -2.500 11.250
v 47.714 -2.250 11.250
v 47.750 -2.067 11.250
v 47.750 -2.000 11.230
v 47.750 -1.750 11.092
v 47.750 -2.750 11.306
v 47.750 -2.500 11.332
v 47.750 -2.250 11.307
v 47.738 -2.250 12.750
v 47.750 -2.250 12.727
v 47.750 -2.391 12.750
v 47.750 -2.020 12.750
v 47.694 -3.250 13.000
v 47.750 -3.250 12.912
v 47.750 -3.397 13.000
v 47.657 -3.000 13.000
v 47.750 -3.000 12.855
v 47.643 -2.750 13.000
v 47.750 -2.750 12.835
v 47.602 -2.500 13.000
v 47.750 -2.500 12.764
v 47.578 -2.250 13.000
v 47.750 -2.000 12.751
v 47.583 -2.000 13.000
v 47.621 -1.750 13.000
v 47.750 -1.750 12.815
v 47.695 -1.500 13.000
v 47.750 -1.500 12.923
v 47.750 -1.376 13.000
v 47.525 -3.250 13.250
v 47.750 -3.447 13.250
v 47.608 -1.250 13.250
v 47.750 -1.250 13.079
v 47.750 -1.054 13.250
v 47.750 -3.434 13.500
v 47.583 -1.000 13.500
v 47.750 -1.000 13.307
v 47.750 -0.856 13.500
v 47.750 -3.422 13.750
v 47.706 -0.750 13.750
v 47.750 -0.750 13.697
v 47.750 -0.725 13.750
v 47.750 -3.416 14.000
v 47.508 -0.750 14.000
v 47.750 -0.642 14.000
v 47.750 -3.409 14.250
v 47.750 -0.577 14.250
v 47.750 -3.404 14.500
v 47.750 -0.523 14.500
v 47.750 -3.398 14.750
v 47.750 -0.500 14.629
v 47.588 -0.500 14.750
v 47.750 -0.480 14.750
v 47.750 -3.392 15.000
v 47.750 -0.448 15.000
v 47.750 -3.386 15.250
v 47.750 -0.425 15.250
v 47.750 -3.380 15.500
v 47.750 -0.416 15.500
v 47.750 -3.373 15.750
v 47.750 -0.437 15.750
v 47.750 -3.365 16.000
v 47.739 -0.500 16.000
v 47.750 -0.505 16.000
v 47.750 -0.500 15.984
v 47.750 -3.500 4.000
v 47.750 -3.250 4.000
v 47.750 -3.000 4.000
v 48.000 -2.750 4.000
v 48.000 -2.750 4.000
v 48.000 -2.500 4.000
v 48.000 -2.250 4.000
v 48.000 -2.000 4.000
v 48.000 -1.750 4.000
v 47.750 -1.500 4.000
v 48.000 -1.750 4.000
v 47.750 -1.250 4.000
v 47.856 -3.500 4.250
v 48.000 -3.272 4.250
v 48.000 -3.250 4.228
v 48.000 -3.000 4.010
v 48.000 -1.500 4.134
v 47.908 -1.250 4.250
v 48.000 -1.404 4.250
v 47.955 -3.500 4.500
v 48.000 -3.475 4.500
v 48.000 -1.250 4.421
v 47.832 -1.000 4.500
v 48.000 -1.194 4.500
v 48.000 -3.500 4.573
v 48.000 -3.562 4.750
v 47.988 -1.000 4.750
v 48.000 -1.012 4.750
v 48.000 -3.750 4.981
v 48.000 -3.794 5.000
v 48.000 -1.000 4.768
v 47.846 -0.750 5.000
v 48.000 -0.873 5.000
v 48.000 -3.941 5.250
v 47.972 -0.750 5.250
v 48.000 -0.770 5.250
v 48.000 -3.949 5.500
v 48.000 -0.750 5.321
v 48.000 -0.701 5.500
v 48.000 -3.943 5.750
v 48.000 -0.655 5.750
v 48.000 -3.936 6.000
v 48.000 -0.626 6.000
v 48.000 -3.929 6.250
v 48.000 -0.605 6.250
v 48.000 -3.921 6.500
v 48.000 -0.592 6.500
v 48.000 -3.911 6.750
v 48.000 -0.580 6.750
v 48.000 -3.900 7.000
v 48.000 -0.569 7.000
v 48.000 -3.887 7.250
v 48.000 -0.559 7.250
v 48.000 -3.875 7.500
v 48.000 -0.557 7.500
v 48.000 -3.863 7.750
v 48.000 -0.569 7.750
v 48.000 -3.850 8.000
v 48.000 -0.590 8.000
v 48.000 -3.838 8.250
v 48.000 -0.608 8.250
v 48.000 -3.825 8.500
v 48.000 -0.619 8.500
v 48.000 -3.813 8.750
v 48.000 -0.626 8.750
v 48.000 -3.801 9.000
v 48.000 -0.636 9.000
v 48.000 -3.790 9.250
v 48.000 -0.655 9.250
v 48.000 -3.781 9.500
v 47.751 -0.750 9.500
v 48.000 -0.686 9.500
v 48.000 -3.772 9.750
v 47.935 -0.750 9.750
v 48.000 -0.730 9.750
v 48.000 -3.763 10.000
v 48.000 -0.797 10.000
v 48.000 -0.750 9.829
v 48.000 -3.753 10.250
v 47.809 -1.000 10.250
v 48.000 -0.892 10.250
v 48.000 -3.750 10.319
v 47.774 -3.750 10.500
v 48.000 -3.742 10.500
v 48.000 -1.015 10.500
v 48.000 -1.000 10.472
v 48.000 -3.725 10.750
v 47.895 -1.250 10.750
v 48.000 -1.151 10.750
v 48.000 -3.701 11.000
v 47.844 -1.500 11.000
v 48.000 -1.305 11.000
v 48.000 -1.250 10.921
v 47.916 -3.500 11.250
v 48.000 -3.609 11.250
v 47.809 -3.250 11.250
v 47.751 -3.000 11.250
v 47.764 -2.000 11.250
v 47.858 -1.750 11.250
v 47.999 -1.500 11.250
v 48.000 -1.499 11.250
v 48.000 -3.500 11.370
v 48.000 -3.252 11.500
v 47.999 -3.250 11.500
v 47.952 -3.000 11.500
v 47.898 -2.750 11.500
v 47.864 -2.500 11.500
v 47.872 -2.250 11.500
v 47.917 -2.000 11.500
v 48.000 -1.754 11.500
v 48.000 -1.750 11.498
v 48.000 -1.500 11.252
v 48.000 -3.250 11.501
v 48.000 -3.000 11.578
v 48.000 -2.750 11.669
v 48.000 -2.514 11.750
v 47.997 -2.500 11.750
v 47.993 -2.250 11.750
v 48.000 -2.199 11.750
v 48.000 -2.000 11.683
v 48.000 -2.500 11.758
v 48.000 -2.250 11.777
v 47.990 -2.250 12.250
v 48.000 -2.250 12.210
v 48.000 -2.373 12.250
v 48.000 -2.108 12.250
v 47.996 -3.250 12.500
v 48.000 -3.250 12.493
v 48.000 -3.261 12.500
v 47.962 -3.000 12.500
v 48.000 -3.000 12.420
v 47.950 -2.750 12.500
v 48.000 -2.750 12.391
v 47.895 -2.500 12.500
v 48.000 -2.500 12.272
v 47.875 -2.250 12.500
v 48.000 -2.000 12.266
v 47.892 -2.000 12.500
v 47.942 -1.750 12.500
v 48.000 -1.750 12.378
v 48.000 -1.581 12.500
v 47.853 -3.250 12.750
v 48.000 -3.491 12.750
v 47.818 -3.000 12.750
v 47.806 -2.750 12.750
v 47.759 -2.500 12.750
v 47.751 -2.000 12.750
v 47.796 -1.750 12.750
v 48.000 -1.500 12.548
v 47.876 -1.500 12.750
v 47.999 -1.250 12.750
v 48.000 -1.250 12.749
v 48.000 -1.249 12.750
v 48.000 -3.471 13.000
v 47.817 -1.250 13.000
v 48.000 -1.004 13.000
v 48.000 -3.453 13.250
v 47.802 -1.000 13.250
v 48.000 -1.000 13.005
v 48.000 -0.836 13.250
v 48.000 -3.441 13.500
v 47.932 -0.750 13.500
v 48.000 -0.750 13.422
v 48.000 -0.715 13.500
v 48.000 -3.430 13.750
v 48.000 -0.636 13.750
v 48.000 -3.424 14.000
v 48.000 -0.579 14.000
v 48.000 -3.418 14.250
v 48.000 -0.536 14.250
v 48.000 -3.411 14.500
v 48.000 -0.501 14.500
v 48.000 -3.405 14.750
v 48.000 -0.500 14.512
v 48.000 -0.477 14.750
v 48.000 -3.398 15.000
v 48.000 -0.465 15.000
v 48.000 -3.392 15.250
v 48.000 -0.469 15.250
v 48.000 -3.386 15.500
v 48.000 -0.493 15.500
v 48.000 -3.379 15.750
v 47.898 -0.500 15.750
v 48.000 -0.547 15.750
v 48.000 -0.500 15.535
v 48.000 -3.372 16.000
v 48.000 -0.643 16.000
vn 0.311 0.457 0.833
vn 0.323 0.473 0.820
vn 0.274 0.320 0.907
vn 0.248 0.158 0.956
vn 0.207 -0.018 0.978
vn 0.129 -0.197 0.972
vn 0.082 -0.343 0.936
vn 0.039 -0.406 0.913
vn 0.315 0.569 0.760
vn 0.323 0.598 0.734
vn 0.018 -0.428 0.904
vn -0.187 -0.463 0.867
vn -0.395 -0.392 0.831
vn -0.401 -0.407 0.821
vn 0.314 0.640 0.701
vn 0.287 0.676 0.678
vn -0.443 -0.486 0.753
vn -0.462 -0.557 0.691
vn 0.286 0.735 0.615
vn 0.235 0.787 0.571
vn -0.466 -0.587 0.662
vn -0.461 -0.675 0.576
vn 0.244 0.864 0.441
vn -0.457 -0.701 0.548
vn -0.447 -0.752 0.484
vn 0.245 0.864 0.440
vn 0.209 0.863 0.459
vn -0.435 -0.788 0.435
vn -0.432 -0.795 0.427
vn -0.008 0.778 0.628
vn 0.002 0.756 0.655
vn -0.403 -0.827 0.392
vn 0.018 0.792 0.610
vn 0.036 0.822 0.569
vn -0.349 -0.862 0.368
vn -0.341 -0.866 0.366
vn -0.052 0.978 0.201
vn -0.268 -0.902 0.337
vn -0.026 0.999 0.038
vn -0.224 -0.927 0.300
vn -0.003 1.000 0.009
vn -0.235 -0.934 0.268
vn -0.242 -0.936 0.254
vn -0.003 1.000 0.005
vn -0.294 -0.935 0.198
vn -0.006 1.000 0.007
vn -0.339 -0.933 0.125
vn -0.008 1.000 0.008
vn -0.353 -0.934 0.050
vn -0.008 1.000 0.008
vn -0.341 -0.940 0.004
vn -0.008 1.000 0.007
vn -0.319 -0.948 0.000
vn -0.008 1.000 0.004
vn -0.305 -0.952 0.011
vn -0.008 1.000 0.003
vn -0.301 -0.954 0.004
vn -0.009 1.000 0.003
vn -0.298 -0.954 -0.031
vn -0.002 0.999 -0.038
vn -0.287 -0.955 -0.072
vn 0.099 0.969 -0.227
vn -0.273 -0.958 -0.093
vn 0.131 0.930 -0.344
vn -0.268 -0.959 -0.090
vn 0.131 0.937 -0.324
vn 0.132 0.939 -0.318
vn -0.283 -0.957 -0.068
vn 0.124 0.951 -0.282
vn -0.315 -0.948 -0.040
vn 0.104 0.966 -0.237
vn -0.356 -0.934 -0.009
vn 0.071 0.980 -0.183
vn -0.397 -0.918 0.006
vn 0.035 0.992 -0.118
vn 0.033 0.993 -0.117
vn -0.427 -0.904 -0.017
vn -0.013 0.999 -0.041
vn -0.439 -0.894 -0.083
vn -0.071 0.997 -0.007
vn -0.430 -0.888 -0.164
vn 0.095 0.124 0.988
vn 0.072 0.120 0.990
vn 0.085 0.145 0.986
vn 0.080 -0.040 0.996
vn 0.031 -0.048 0.998
vn 0.035 -0.119 0.992
vn 0.174 0.441 0.881
vn 0.231 0.535 0.813
vn 0.120 0.287 0.950
vn 0.027 -0.219 0.975
vn 0.033 -0.372 0.927
vn 0.052 -0.462 0.885
vn 0.072 -0.485 0.872
vn 0.065 -0.491 0.868
vn 0.268 0.645 0.716
vn 0.262 0.645 0.717
vn 0.262 0.648 0.715
vn 0.237 0.558 0.795
vn -0.006 -0.575 0.818
vn -0.380 -0.436 0.816
vn -0.133 -0.616 0.776
vn 0.233 0.739 0.632
vn -0.240 -0.663 0.709
vn -0.439 -0.569 0.695
vn -0.411 -0.594 0.691
vn 0.232 0.745 0.625
vn 0.165 0.798 0.579
vn -0.437 -0.585 0.683
vn -0.474 -0.628 0.618
vn -0.475 -0.632 0.612
vn 0.242 0.864 0.442
vn 0.160 0.839 0.521
vn 0.116 0.860 0.496
vn -0.450 -0.727 0.519
vn -0.452 -0.720 0.527
vn 0.081 0.915 0.396
vn -0.445 -0.731 0.517
vn -0.427 -0.793 0.434
vn -0.409 -0.781 0.471
vn 0.054 0.879 0.474
vn 0.050 0.838 0.543
vn -0.375 -0.813 0.445
vn -0.367 -0.818 0.442
vn -0.006 0.808 0.589
vn 0.000 0.846 0.533
vn -0.341 -0.863 0.373
vn -0.334 -0.841 0.426
vn -0.088 0.980 0.181
vn -0.317 -0.862 0.397
vn -0.309 -0.869 0.386
vn -0.064 0.995 0.082
vn -0.302 -0.903 0.307
vn -0.021 0.999 0.027
vn -0.269 -0.933 0.240
vn -0.335 -0.917 0.217
vn -0.006 1.000 0.005
vn -0.598 -0.433 -0.675
vn -0.144 -0.731 -0.667
vn -0.128 -0.387 -0.913
vn -0.136 0.472 -0.871
vn -0.542 0.501 -0.675
vn -0.143 0.736 -0.662
vn -0.369 -0.918 0.147
vn -0.376 -0.915 0.146
vn -0.005 1.000 0.004
vn -0.295 -0.849 0.438
vn -0.280 0.936 0.213
vn -0.375 -0.917 0.138
vn -0.394 -0.914 0.094
vn -0.007 1.000 0.007
vn -0.396 -0.917 0.057
vn -0.008 1.000 0.008
vn -0.374 -0.927 0.033
vn -0.009 1.000 0.007
vn -0.410 -0.912 0.029
vn -0.010 1.000 0.004
vn -0.381 -0.924 0.021
vn -0.009 1.000 0.002
vn -0.350 -0.937 0.003
vn -0.005 1.000 0.004
vn -0.356 -0.934 -0.024
vn -0.002 1.000 -0.005
vn -0.346 -0.937 -0.053
vn 0.046 0.989 -0.139
vn -0.325 -0.943 -0.074
vn 0.163 0.934 -0.317
vn -0.306 -0.948 -0.086
vn 0.144 0.937 -0.319
vn 0.159 0.934 -0.320
vn -0.306 -0.948 -0.087
vn 0.156 0.937 -0.314
vn 0.136 0.944 -0.299
vn -0.322 -0.944 -0.068
vn -0.328 -0.941 -0.078
vn -0.307 -0.948 -0.087
vn 0.076 0.958 -0.278
vn -0.355 -0.934 -0.036
vn -0.364 -0.929 -0.059
vn -0.010 0.971 -0.240
vn -0.396 -0.918 -0.018
vn -0.406 -0.913 -0.045
vn 0.024 0.992 -0.121
vn -0.089 0.981 -0.173
vn -0.432 -0.901 -0.033
vn -0.443 -0.895 -0.056
vn -0.117 0.980 -0.159
vn -0.184 0.974 -0.134
vn -0.449 -0.889 -0.087
vn -0.468 -0.879 -0.097
vn -0.319 0.934 -0.163
vn -0.434 -0.886 -0.163
vn -0.471 -0.869 -0.153
vn -0.041 0.101 0.994
vn -0.125 -0.056 0.991
vn 0.139 0.542 0.829
vn 0.052 0.524 0.850
vn 0.064 0.537 0.841
vn -0.117 0.364 0.924
vn -0.257 0.190 0.948
vn -0.350 0.052 0.935
vn -0.377 -0.055 0.924
vn -0.345 -0.166 0.924
vn -0.249 -0.308 0.918
vn -0.122 -0.461 0.879
vn -0.115 -0.477 0.871
vn 0.134 0.636 0.760
vn 0.137 0.673 0.726
vn -0.070 -0.596 0.800
vn -0.115 -0.656 0.746
vn 0.215 0.749 0.627
vn 0.152 0.759 0.633
vn 0.138 0.776 0.616
vn -0.121 -0.732 0.670
vn -0.188 -0.745 0.640
vn 0.109 0.830 0.547
vn -0.336 -0.780 0.528
vn -0.473 -0.631 0.615
vn -0.350 -0.771 0.533
vn 0.106 0.852 0.514
vn 0.049 0.874 0.483
vn -0.422 -0.674 0.607
vn -0.410 -0.695 0.590
vn 0.033 0.889 0.457
vn -0.357 -0.758 0.545
vn -0.352 -0.763 0.542
vn 0.044 0.904 0.426
vn 0.031 0.882 0.470
vn -0.347 -0.820 0.455
vn -0.294 -0.819 0.492
vn -0.005 0.850 0.527
vn -0.014 0.882 0.471
vn -0.291 -0.838 0.463
vn -0.290 -0.850 0.440
vn -0.084 0.984 0.158
vn -0.320 -0.867 0.383
vn -0.331 -0.865 0.376
vn -0.089 0.990 0.106
vn -0.365 -0.875 0.317
vn -0.380 -0.880 0.285
vn -0.070 0.995 0.066
vn -0.402 -0.895 0.192
vn -0.037 0.999 0.021
vn 0.445 -0.481 -0.755
vn 0.350 0.555 -0.754
vn -0.441 -0.887 0.139
vn -0.015 1.000 0.006
vn -0.399 -0.912 0.092
vn -0.430 -0.898 0.094
vn -0.010 1.000 0.005
vn -0.399 -0.915 0.065
vn -0.400 -0.914 0.069
vn -0.006 1.000 0.006
vn -0.384 -0.922 0.047
vn -0.420 -0.908 0.009
vn -0.007 1.000 0.005
vn -0.442 -0.600 -0.667
vn 0.162 -0.767 -0.621
vn 0.148 -0.529 -0.835
vn 0.129 0.032 -0.991
vn -0.838 0.032 -0.545
vn 0.143 0.596 -0.790
vn -0.289 0.685 -0.669
vn -0.005 0.693 -0.721
vn -0.473 -0.880 0.041
vn -0.555 -0.832 -0.010
vn -0.005 1.000 0.005
vn 0.204 -0.671 0.713
vn 0.104 0.022 0.994
vn 0.233 0.885 0.404
vn -0.442 -0.897 0.017
vn -0.483 -0.874 0.062
vn -0.003 1.000 0.008
vn -0.398 -0.917 -0.006
vn -0.422 -0.907 0.006
vn 0.000 1.000 0.009
vn -0.403 -0.915 -0.025
vn -0.422 -0.906 -0.024
vn 0.001 1.000 0.009
vn -0.390 -0.920 -0.043
vn -0.414 -0.910 -0.035
vn 0.015 0.999 -0.050
vn -0.361 -0.931 -0.063
vn -0.397 -0.917 -0.049
vn 0.153 0.958 -0.241
vn -0.327 -0.941 -0.082
vn -0.382 -0.921 -0.071
vn 0.155 0.929 -0.335
vn -0.307 -0.948 -0.087
vn -0.381 -0.920 -0.094
vn 0.108 0.935 -0.336
vn 0.089 0.933 -0.348
vn -0.395 -0.913 -0.103
vn -0.022 0.919 -0.394
vn -0.417 -0.904 -0.094
vn -0.165 0.915 -0.369
vn -0.439 -0.895 -0.082
vn -0.209 0.913 -0.350
vn -0.124 0.973 -0.193
vn -0.303 0.904 -0.301
vn -0.456 -0.886 -0.089
vn -0.423 0.875 -0.235
vn -0.472 -0.873 -0.121
vn -0.490 0.849 -0.199
vn -0.491 -0.855 -0.166
vn -0.493 -0.854 -0.167
vn -0.488 -0.859 -0.157
vn -0.219 0.431 0.875
vn -0.507 0.241 0.827
vn -0.648 0.080 0.757
vn -0.723 0.006 0.691
vn -0.734 0.000 0.679
vn -0.731 -0.002 0.682
vn -0.704 -0.025 0.710
vn -0.618 -0.126 0.776
vn -0.229 -0.422 0.877
vn -0.597 -0.153 0.788
vn -0.121 0.566 0.815
vn -0.081 0.642 0.762
vn -0.391 0.348 0.852
vn -0.459 -0.308 0.833
vn -0.276 -0.540 0.795
vn -0.261 -0.582 0.770
vn 0.009 0.749 0.663
vn 0.005 0.778 0.628
vn -0.162 -0.726 0.668
vn -0.183 -0.747 0.639
vn 0.026 0.851 0.524
vn -0.279 -0.812 0.512
vn -0.222 -0.818 0.531
vn 0.032 0.865 0.501
vn -0.007 0.878 0.478
vn -0.212 -0.832 0.513
vn -0.376 -0.699 0.608
vn -0.278 -0.769 0.576
vn -0.008 0.887 0.461
vn -0.321 -0.732 0.601
vn -0.347 -0.759 0.552
vn -0.294 -0.755 0.587
vn -0.001 0.893 0.450
vn -0.017 0.865 0.502
vn -0.291 -0.767 0.571
vn -0.265 -0.805 0.530
vn -0.020 0.883 0.470
vn -0.031 0.914 0.404
vn -0.281 -0.863 0.420
vn -0.279 -0.865 0.417
vn -0.085 0.988 0.132
vn -0.285 -0.868 0.406
vn -0.342 -0.885 0.315
vn -0.097 0.991 0.097
vn -0.393 -0.878 0.272
vn -0.406 -0.881 0.241
vn -0.107 0.991 0.079
vn -0.429 -0.884 0.187
vn -0.432 -0.883 0.186
vn -0.094 0.994 0.059
vn -0.428 -0.889 0.164
vn -0.423 -0.895 0.140
vn -0.069 0.997 0.033
vn -0.409 -0.907 0.102
vn -0.044 0.999 0.017
vn -0.408 -0.910 0.070
vn -0.020 1.000 0.010
vn -0.418 -0.908 0.042
vn -0.009 1.000 0.007
vn 0.573 -0.553 -0.605
vn 0.840 0.033 -0.541
vn 0.351 0.632 -0.691
vn -0.368 -0.930 0.020
vn -0.006 1.000 0.009
vn -0.421 -0.907 -0.008
vn -0.007 1.000 0.008
vn -0.452 -0.892 -0.018
vn -0.011 1.000 0.008
vn -0.451 -0.892 -0.021
vn -0.016 1.000 0.010
vn -0.442 -0.897 -0.022
vn -0.024 1.000 0.001
vn -0.434 -0.900 -0.035
vn 0.026 0.990 -0.140
vn -0.430 -0.900 -0.066
vn 0.104 0.914 -0.392
vn -0.434 -0.895 -0.100
vn 0.016 0.888 -0.460
vn 0.005 0.885 -0.465
vn -0.445 -0.888 -0.116
vn -0.081 0.874 -0.479
vn -0.453 -0.886 -0.103
vn -0.456 -0.884 -0.106
vn -0.450 -0.886 -0.112
vn -0.152 0.874 -0.461
vn -0.170 0.891 -0.422
vn -0.168 0.871 -0.461
vn -0.457 -0.885 -0.086
vn -0.460 -0.884 -0.089
vn -0.309 0.851 -0.426
vn -0.462 -0.882 -0.094
vn -0.464 -0.880 -0.100
vn -0.429 0.824 -0.370
vn -0.448 0.828 -0.337
vn -0.453 0.820 -0.350
vn -0.474 -0.871 -0.128
vn -0.480 -0.864 -0.153
vn -0.507 0.833 -0.219
vn -0.559 0.792 -0.246
vn -0.518 -0.827 -0.218
vn -0.676 0.058 0.735
vn -0.735 -0.000 0.678
vn -0.742 -0.000 0.670
vn -0.738 -0.000 0.674
vn -0.714 -0.019 0.700
vn -0.625 -0.121 0.771
vn -0.531 0.359 0.767
vn -0.743 0.017 0.669
vn -0.743 -0.000 0.669
vn -0.743 -0.000 0.669
vn -0.743 -0.000 0.669
vn -0.743 -0.000 0.669
vn -0.743 -0.000 0.669
vn -0.743 -0.004 0.669
vn -0.701 -0.105 0.706
vn -0.396 -0.472 0.788
vn -0.235 0.670 0.704
vn -0.216 0.706 0.675
vn -0.571 0.330 0.752
vn -0.743 0.017 0.669
vn -0.743 -0.000 0.669
vn -0.743 -0.000 0.669
vn -0.743 -0.000 0.669
vn -0.743 -0.000 0.669
vn -0.743 -0.000 0.669
vn -0.743 -0.004 0.669
vn -0.704 -0.101 0.703
vn -0.540 -0.360 0.761
vn -0.259 -0.694 0.672
vn -0.334 -0.642 0.690
vn -0.113 0.836 0.536
vn -0.304 -0.676 0.672
vn -0.257 -0.771 0.582
vn -0.088 0.860 0.503
vn -0.099 0.869 0.485
vn -0.207 -0.819 0.535
vn -0.231 -0.802 0.551
vn -0.083 0.879 0.469
vn -0.290 -0.751 0.593
vn -0.289 -0.751 0.593
vn -0.069 0.886 0.459
vn -0.082 0.858 0.506
vn -0.316 -0.772 0.551
vn -0.316 -0.777 0.544
vn -0.083 0.890 0.449
vn -0.087 0.915 0.394
vn -0.340 -0.856 0.390
vn -0.092 0.989 0.113
vn -0.372 -0.891 0.262
vn -0.374 -0.891 0.259
vn -0.108 0.990 0.088
vn -0.377 -0.891 0.252
vn -0.406 -0.892 0.199
vn -0.116 0.991 0.072
vn -0.426 -0.888 0.177
vn -0.119 0.991 0.059
vn -0.425 -0.894 0.144
vn -0.433 -0.889 0.150
vn -0.111 0.992 0.054
vn -0.420 -0.901 0.107
vn -0.435 -0.894 0.109
vn -0.090 0.994 0.053
vn -0.432 -0.900 0.064
vn -0.442 -0.895 0.061
vn -0.072 0.997 0.042
vn -0.448 -0.893 0.027
vn -0.454 -0.891 0.024
vn -0.056 0.998 0.020
vn -0.447 -0.894 0.002
vn -0.444 -0.896 -0.000
vn -0.055 0.998 0.006
vn -0.456 -0.890 -0.013
vn -0.446 -0.895 -0.013
vn -0.061 0.998 0.002
vn -0.454 -0.891 -0.016
vn -0.452 -0.892 -0.015
vn -0.070 0.998 0.000
vn -0.443 -0.896 -0.014
vn -0.440 -0.898 -0.012
vn -0.080 0.997 -0.006
vn -0.434 -0.901 -0.016
vn -0.431 -0.902 -0.014
vn -0.091 0.996 -0.011
vn -0.430 -0.902 -0.033
vn -0.429 -0.902 -0.033
vn -0.089 0.992 -0.088
vn -0.430 -0.900 -0.067
vn -0.432 -0.899 -0.070
vn 0.028 0.928 -0.371
vn -0.435 -0.895 -0.103
vn -0.433 -0.895 -0.108
vn -0.012 0.869 -0.494
vn -0.020 0.862 -0.507
vn -0.446 -0.888 -0.117
vn -0.431 -0.894 -0.123
vn -0.088 0.841 -0.534
vn -0.432 -0.895 -0.112
vn -0.137 0.832 -0.538
vn -0.188 0.813 -0.551
vn -0.448 -0.889 -0.100
vn -0.339 0.764 -0.549
vn -0.480 -0.868 -0.127
vn -0.341 0.764 -0.548
vn -0.518 0.716 -0.468
vn -0.521 -0.829 -0.201
vn -0.592 0.694 -0.410
vn -0.626 0.720 -0.301
vn -0.647 0.696 -0.311
vn -0.544 -0.801 -0.251
vn -0.572 -0.769 -0.285
vn -0.522 -0.828 -0.203
vn -0.377 0.595 0.710
vn -0.738 0.094 0.668
vn -0.743 -0.000 0.669
vn -0.743 -0.000 0.669
vn -0.743 -0.000 0.669
vn -0.743 -0.000 0.669
vn -0.743 -0.000 0.669
vn -0.743 -0.000 0.669
vn -0.743 -0.000 0.669
vn -0.742 -0.024 0.670
vn -0.671 -0.208 0.711
vn -0.530 0.489 0.693
vn -0.376 0.701 0.607
vn -0.741 0.075 0.667
vn -0.743 -0.000 0.669
vn -0.743 -0.000 0.669
vn -0.743 -0.000 0.669
vn -0.743 -0.000 0.669
vn -0.743 -0.000 0.669
vn -0.743 -0.000 0.669
vn -0.743 -0.000 0.669
vn -0.743 -0.017 0.669
vn -0.695 -0.174 0.697
vn -0.489 -0.552 0.675
vn -0.442 -0.621 0.647
vn -0.253 0.821 0.512
vn -0.242 0.831 0.501
vn -0.295 -0.787 0.542
vn -0.307 -0.780 0.545
vn -0.207 0.853 0.480
vn -0.304 -0.784 0.541
vn -0.317 -0.747 0.584
vn -0.352 -0.757 0.551
vn -0.177 0.864 0.471
vn -0.186 0.849 0.495
vn -0.371 -0.742 0.559
vn -0.327 -0.774 0.543
vn -0.410 -0.757 0.509
vn -0.177 0.885 0.431
vn -0.201 0.878 0.434
vn -0.440 -0.791 0.424
vn -0.449 -0.810 0.377
vn -0.187 0.899 0.396
vn -0.105 0.986 0.128
vn -0.449 -0.857 0.251
vn -0.118 0.990 0.081
vn -0.414 -0.889 0.193
vn -0.436 -0.880 0.188
vn -0.119 0.990 0.070
vn -0.430 -0.888 0.164
vn -0.432 -0.887 0.163
vn -0.110 0.992 0.064
vn -0.434 -0.888 0.154
vn -0.442 -0.887 0.136
vn -0.102 0.993 0.063
vn -0.456 -0.885 0.095
vn -0.099 0.993 0.056
vn -0.467 -0.883 0.051
vn -0.106 0.994 0.042
vn -0.472 -0.882 0.020
vn -0.110 0.994 0.022
vn -0.469 -0.883 0.006
vn -0.112 0.994 0.004
vn -0.459 -0.888 0.003
vn -0.116 0.993 -0.007
vn -0.444 -0.896 0.003
vn -0.119 0.993 -0.010
vn -0.432 -0.902 0.000
vn -0.120 0.993 -0.009
vn -0.427 -0.904 -0.010
vn -0.115 0.993 -0.008
vn -0.428 -0.903 -0.033
vn -0.111 0.993 -0.041
vn -0.426 -0.902 -0.067
vn -0.020 0.955 -0.297
vn -0.459 -0.881 -0.111
vn -0.013 0.852 -0.523
vn -0.024 0.830 -0.557
vn -0.844 -0.106 0.525
vn -0.842 -0.113 0.527
vn -0.851 -0.107 0.515
vn -0.845 -0.087 0.528
vn -0.494 -0.857 -0.150
vn -0.108 0.795 -0.597
vn -0.841 -0.106 0.530
vn -0.404 -0.905 -0.130
vn -0.406 -0.905 -0.123
vn -0.428 -0.893 -0.138
vn -0.140 0.784 -0.605
vn -0.242 0.725 -0.645
vn -0.447 -0.885 -0.131
vn -0.453 -0.878 -0.155
vn -0.322 0.680 -0.659
vn -0.340 0.762 -0.551
vn -0.435 0.626 -0.647
vn -0.493 -0.857 -0.149
vn -0.529 -0.824 -0.204
vn -0.519 0.582 -0.626
vn -0.558 0.658 -0.506
vn -0.595 0.617 -0.515
vn -0.522 -0.829 -0.202
vn -0.594 -0.759 -0.266
vn -0.629 0.632 -0.452
vn -0.672 0.668 -0.320
vn -0.665 0.668 -0.335
vn -0.618 -0.724 -0.307
vn -0.616 -0.725 -0.310
vn -0.615 -0.730 -0.299
vn -0.660 0.356 0.661
vn -0.743 0.018 0.669
vn -0.743 -0.000 0.669
vn -0.743 -0.000 0.669
vn -0.743 -0.000 0.669
vn -0.743 -0.000 0.669
vn -0.743 -0.000 0.669
vn -0.743 -0.000 0.669
vn -0.743 -0.000 0.669
vn -0.743 -0.004 0.669
vn -0.730 -0.103 0.675
vn -0.545 -0.499 0.673
vn -0.367 0.774 0.515
vn -0.494 0.664 0.561
vn -0.689 0.318 0.651
vn -0.743 0.013 0.669
vn -0.743 -0.000 0.669
vn -0.743 -0.000 0.669
vn -0.743 -0.000 0.669
vn -0.743 -0.000 0.669
vn -0.743 -0.000 0.669
vn -0.743 -0.000 0.669
vn -0.743 -0.000 0.669
vn -0.743 -0.002 0.669
vn -0.737 -0.087 0.670
vn -0.637 -0.417 0.648
vn -0.566 -0.567 0.598
vn -0.433 0.744 0.509
vn -0.384 0.785 0.486
vn -0.487 -0.732 0.477
vn -0.490 -0.734 0.470
vn -0.249 0.841 0.480
vn -0.324 0.813 0.484
vn -0.514 -0.712 0.479
vn -0.535 -0.711 0.456
vn -0.304 0.813 0.497
vn -0.322 0.796 0.512
vn -0.544 -0.703 0.459
vn -0.474 -0.795 0.379
vn -0.565 -0.736 0.372
vn -0.140 0.958 0.251
vn -0.106 0.975 0.194
vn -0.534 -0.800 0.276
vn -0.549 -0.788 0.279
vn -0.111 0.991 0.077
vn -0.539 -0.801 0.262
vn -0.514 -0.830 0.218
vn -0.109 0.991 0.080
vn -0.476 -0.861 0.177
vn -0.102 0.992 0.076
vn -0.443 -0.886 0.133
vn -0.450 -0.883 0.135
vn -0.099 0.993 0.065
vn -0.449 -0.889 0.089
vn -0.439 -0.894 0.087
vn -0.103 0.993 0.050
vn -0.451 -0.891 0.045
vn -0.439 -0.898 0.043
vn -0.109 0.993 0.033
vn -0.453 -0.891 0.019
vn -0.444 -0.896 0.017
vn -0.116 0.993 0.015
vn -0.455 -0.891 0.011
vn -0.450 -0.893 0.010
vn -0.119 0.993 0.001
vn -0.453 -0.891 0.014
vn -0.453 -0.891 0.014
vn -0.117 0.993 -0.006
vn -0.450 -0.893 0.016
vn -0.454 -0.891 0.016
vn -0.113 0.994 -0.005
vn -0.447 -0.894 0.009
vn -0.454 -0.891 0.010
vn -0.105 0.994 -0.003
vn -0.447 -0.894 -0.006
vn -0.454 -0.891 -0.006
vn -0.098 0.995 -0.002
vn -0.447 -0.894 -0.028
vn -0.455 -0.890 -0.028
vn -0.095 0.995 -0.014
vn -0.441 -0.896 -0.057
vn -0.452 -0.891 -0.051
vn -0.057 0.969 -0.240
vn -0.452 -0.887 -0.097
vn -0.451 -0.888 -0.088
vn -0.013 0.837 -0.548
vn -0.014 0.795 -0.607
vn -0.829 -0.110 0.549
vn -0.482 -0.864 -0.145
vn -0.442 -0.884 -0.150
vn -0.095 0.738 -0.668
vn -0.469 -0.865 -0.180
vn -0.106 0.732 -0.673
vn -0.271 0.588 -0.762
vn -0.538 -0.803 -0.257
vn -0.273 0.586 -0.763
vn -0.462 0.461 -0.758
vn -0.492 0.523 -0.696
vn -0.533 0.506 -0.678
vn -0.604 -0.741 -0.295
vn -0.626 -0.716 -0.310
vn -0.593 -0.748 -0.296
vn -0.567 0.530 -0.631
vn -0.610 0.608 -0.508
vn -0.616 0.612 -0.496
vn -0.624 -0.728 -0.285
vn -0.685 -0.661 -0.306
vn -0.634 0.655 -0.412
vn -0.653 0.681 -0.331
vn -0.672 0.659 -0.338
vn -0.688 -0.668 -0.284
vn -0.696 -0.661 -0.282
vn -0.694 -0.662 -0.284
vn -0.723 0.265 0.639
vn -0.743 0.011 0.669
vn -0.743 -0.000 0.669
vn -0.743 -0.000 0.669
vn -0.743 -0.000 0.669
vn -0.743 -0.000 0.669
vn -0.743 -0.000 0.669
vn -0.743 -0.000 0.669
vn -0.743 -0.000 0.669
vn -0.743 -0.001 0.669
vn -0.741 -0.073 0.668
vn -0.676 -0.390 0.626
vn -0.537 0.686 0.490
vn -0.622 0.571 0.536
vn -0.736 0.256 0.627
vn -0.743 0.016 0.669
vn -0.743 -0.000 0.669
vn -0.743 -0.000 0.669
vn -0.743 -0.000 0.669
vn -0.743 -0.000 0.669
vn -0.743 -0.000 0.669
vn -0.743 -0.000 0.669
vn -0.743 -0.000 0.669
vn -0.743 -0.002 0.669
vn -0.746 -0.080 0.662
vn -0.725 -0.396 0.564
vn -0.519 -0.723 0.456
vn -0.698 -0.508 0.506
vn -0.568 0.667 0.481
vn -0.504 0.715 0.484
vn -0.615 -0.696 0.371
vn -0.635 -0.676 0.375
vn -0.385 0.725 0.571
vn -0.384 0.723 0.575
vn -0.623 -0.690 0.369
vn -0.622 -0.682 0.384
vn -0.631 -0.686 0.362
vn -0.178 0.945 0.273
vn -0.263 0.895 0.359
vn -0.646 -0.685 0.338
vn -0.640 -0.697 0.324
vn -0.148 0.974 0.174
vn -0.090 0.993 0.080
vn -0.540 -0.808 0.235
vn -0.595 -0.753 0.281
vn -0.096 0.992 0.079
vn -0.520 -0.825 0.222
vn -0.536 -0.809 0.242
vn -0.103 0.992 0.074
vn -0.497 -0.843 0.208
vn -0.471 -0.862 0.186
vn -0.107 0.992 0.063
vn -0.421 -0.900 0.115
vn -0.109 0.993 0.046
vn -0.395 -0.917 0.049
vn -0.111 0.993 0.028
vn -0.392 -0.920 0.007
vn -0.111 0.994 0.013
vn -0.405 -0.914 -0.007
vn -0.109 0.994 0.002
vn -0.429 -0.903 -0.005
vn -0.107 0.994 -0.001
vn -0.458 -0.889 -0.001
vn -0.102 0.995 0.002
vn -0.485 -0.875 -0.002
vn -0.095 0.995 0.005
vn -0.502 -0.865 -0.010
vn -0.089 0.996 0.003
vn -0.510 -0.860 -0.026
vn -0.086 0.996 -0.006
vn -0.520 -0.853 -0.050
vn -0.084 0.977 -0.197
vn -0.543 -0.835 -0.087
vn 0.003 0.852 -0.524
vn 0.024 0.792 -0.610
vn -0.583 -0.799 -0.148
vn -0.018 0.688 -0.726
vn -0.599 -0.767 -0.232
vn -0.638 -0.729 -0.247
vn -0.604 -0.774 -0.189
vn -0.019 0.687 -0.727
vn -0.139 0.491 -0.860
vn -0.269 0.584 -0.766
vn -0.249 0.385 -0.889
vn -0.584 -0.759 -0.289
vn -0.701 -0.626 -0.342
vn -0.310 0.328 -0.893
vn -0.443 0.421 -0.791
vn -0.543 0.503 -0.672
vn -0.530 0.519 -0.670
vn -0.721 -0.596 -0.353
vn -0.749 -0.563 -0.350
vn -0.730 -0.582 -0.358
vn -0.559 0.561 -0.610
vn -0.615 0.620 -0.487
vn -0.661 0.562 -0.496
vn -0.710 -0.634 -0.305
vn -0.773 -0.569 -0.282
vn -0.699 0.571 -0.431
vn -0.719 0.607 -0.338
vn -0.752 0.564 -0.341
vn -0.761 -0.601 -0.243
vn -0.781 -0.578 -0.236
vn -0.775 -0.576 -0.258
vn -0.748 0.259 0.612
vn -0.743 0.029 0.669
vn -0.743 -0.000 0.669
vn -0.743 -0.000 0.669
vn -0.743 -0.000 0.669
vn -0.743 -0.000 0.669
vn -0.743 -0.000 0.669
vn -0.743 -0.000 0.669
vn -0.743 -0.000 0.669
vn -0.743 -0.003 0.669
vn -0.748 -0.104 0.655
vn -0.734 -0.419 0.534
vn -0.606 0.633 0.482
vn -0.706 0.446 0.550
vn -0.756 0.288 0.587
vn -0.746 0.050 0.664
vn -0.743 -0.000 0.669
vn -0.743 -0.000 0.669
vn -0.743 -0.000 0.669
vn -0.743 -0.000 0.669
vn -0.743 -0.000 0.669
vn -0.743 -0.000 0.669
vn -0.743 -0.000 0.669
vn -0.744 -0.015 0.668
vn -0.762 -0.153 0.630
vn -0.746 -0.513 0.425
vn -0.759 -0.464 0.458
vn -0.390 0.715 0.581
vn -0.537 0.618 0.574
vn -0.614 0.592 0.522
vn -0.745 -0.526 0.411
vn -0.626 -0.680 0.381
vn -0.682 -0.632 0.368
vn -0.416 0.633 0.653
vn -0.405 0.682 0.609
vn -0.633 -0.657 0.410
vn -0.644 -0.690 0.330
vn -0.632 -0.663 0.401
vn -0.093 0.987 0.128
vn -0.108 0.968 0.228
vn -0.612 -0.722 0.322
vn -0.610 -0.709 0.354
vn -0.089 0.991 0.102
vn -0.087 0.994 0.068
vn -0.585 -0.741 0.329
vn -0.573 -0.754 0.322
vn -0.100 0.993 0.066
vn -0.477 -0.855 0.201
vn -0.519 -0.811 0.271
vn -0.109 0.992 0.058
vn -0.432 -0.889 0.153
vn -0.452 -0.873 0.183
vn -0.111 0.993 0.046
vn -0.392 -0.917 0.077
vn -0.395 -0.915 0.082
vn -0.107 0.994 0.031
vn -0.367 -0.930 0.008
vn -0.367 -0.930 0.008
vn -0.100 0.995 0.016
vn -0.369 -0.929 -0.030
vn -0.367 -0.930 -0.032
vn -0.096 0.995 0.005
vn -0.401 -0.915 -0.040
vn -0.395 -0.918 -0.048
vn -0.093 0.996 0.002
vn -0.447 -0.894 -0.037
vn -0.442 -0.895 -0.053
vn -0.091 0.996 0.006
vn -0.493 -0.869 -0.031
vn -0.497 -0.867 -0.050
vn -0.087 0.996 0.011
vn -0.526 -0.850 -0.029
vn -0.541 -0.840 -0.045
vn -0.083 0.997 0.007
vn -0.547 -0.836 -0.039
vn -0.574 -0.817 -0.055
vn -0.081 0.997 -0.007
vn -0.563 -0.824 -0.065
vn -0.610 -0.787 -0.093
vn -0.085 0.987 -0.139
vn -0.583 -0.806 -0.103
vn -0.659 -0.736 -0.158
vn 0.060 0.874 -0.483
vn 0.089 0.827 -0.555
vn -0.602 -0.783 -0.156
vn -0.716 -0.654 -0.244
vn 0.106 0.662 -0.742
vn -0.748 -0.586 -0.311
vn -0.762 -0.550 -0.342
vn -0.737 -0.615 -0.280
vn 0.105 0.655 -0.748
vn 0.046 0.397 -0.917
vn -0.084 0.191 -0.978
vn -0.173 0.245 -0.954
vn -0.165 0.257 -0.952
vn -0.791 -0.482 -0.377
vn -0.791 -0.479 -0.380
vn -0.788 -0.484 -0.381
vn -0.742 -0.571 -0.352
vn -0.214 0.295 -0.931
vn -0.370 0.458 -0.808
vn -0.503 0.527 -0.685
vn -0.496 0.456 -0.739
vn -0.795 -0.513 -0.324
vn -0.819 -0.485 -0.307
vn -0.551 0.464 -0.694
vn -0.669 0.543 -0.507
vn -0.708 0.465 -0.532
vn -0.711 0.468 -0.525
vn -0.712 0.465 -0.526
vn -0.827 -0.508 -0.242
vn -0.842 -0.484 -0.240
vn -0.825 -0.490 -0.282
vn -0.780 -0.562 -0.275
vn -0.781 0.518 -0.348
vn -0.823 0.428 -0.373
vn -0.822 -0.517 -0.237
vn -0.870 -0.425 -0.249
vn -0.750 0.298 0.591
vn -0.746 0.066 0.662
vn -0.743 0.001 0.669
vn -0.743 -0.000 0.669
vn -0.743 -0.000 0.669
vn -0.743 -0.000 0.669
vn -0.743 -0.000 0.669
vn -0.743 -0.000 0.669
vn -0.743 0.003 0.669
vn -0.735 -0.020 0.678
vn -0.764 -0.199 0.614
vn -0.591 0.550 0.591
vn -0.674 0.347 0.652
vn -0.705 0.301 0.643
vn -0.744 0.090 0.662
vn -0.737 0.011 0.676
vn -0.743 -0.000 0.670
vn -0.743 -0.000 0.669
vn -0.743 -0.000 0.669
vn -0.743 -0.000 0.669
vn -0.743 0.000 0.670
vn -0.737 0.002 0.676
vn -0.738 -0.054 0.672
vn -0.765 -0.305 0.567
vn -0.710 -0.588 0.388
vn -0.752 -0.405 0.521
vn -0.420 0.599 0.681
vn -0.444 0.557 0.703
vn -0.531 0.468 0.706
vn -0.634 -0.613 0.470
vn -0.630 -0.659 0.410
vn -0.623 -0.628 0.466
vn -0.428 0.600 0.676
vn -0.304 0.846 0.438
vn -0.595 -0.701 0.393
vn -0.594 -0.696 0.403
vn -0.084 0.994 0.069
vn -0.080 0.993 0.087
vn -0.593 -0.709 0.381
vn -0.575 -0.748 0.331
vn -0.588 -0.727 0.355
vn -0.090 0.994 0.054
vn -0.089 0.995 0.052
vn -0.560 -0.764 0.321
vn -0.576 -0.748 0.330
vn -0.091 0.994 0.052
vn -0.100 0.994 0.052
vn -0.560 -0.770 0.304
vn -0.536 -0.801 0.266
vn -0.102 0.994 0.049
vn -0.471 -0.868 0.156
vn -0.097 0.995 0.040
vn -0.412 -0.910 0.048
vn -0.088 0.996 0.024
vn -0.381 -0.924 -0.032
vn -0.082 0.997 0.009
vn -0.393 -0.915 -0.089
vn -0.079 0.997 0.003
vn -0.441 -0.888 -0.126
vn -0.077 0.997 0.008
vn -0.512 -0.849 -0.134
vn -0.075 0.997 0.013
vn -0.579 -0.806 -0.121
vn -0.075 0.997 0.009
vn -0.626 -0.771 -0.118
vn -0.631 -0.766 -0.124
vn -0.603 -0.788 -0.122
vn -0.075 0.997 -0.006
vn -0.656 -0.740 -0.147
vn -0.670 -0.723 -0.168
vn -0.074 0.995 -0.072
vn -0.686 -0.700 -0.199
vn -0.697 -0.674 -0.246
vn 0.094 0.878 -0.469
vn 0.087 0.920 -0.383
vn -0.707 -0.621 -0.338
vn -0.706 -0.621 -0.339
vn -0.706 -0.622 -0.337
vn -0.723 -0.641 -0.257
vn 0.109 0.901 -0.419
vn 0.224 0.675 -0.703
vn -0.745 -0.546 -0.383
vn -0.684 -0.584 -0.437
vn 0.232 0.629 -0.742
vn 0.219 0.299 -0.929
vn 0.110 0.060 -0.992
vn -0.013 0.169 -0.986
vn -0.118 0.236 -0.965
vn -0.032 0.190 -0.981
vn -0.734 -0.531 -0.423
vn -0.677 -0.562 -0.476
vn -0.675 -0.580 -0.457
vn -0.152 0.330 -0.932
vn -0.316 0.331 -0.889
vn -0.472 0.422 -0.774
vn -0.473 0.329 -0.817
vn -0.766 -0.506 -0.397
vn -0.751 -0.487 -0.446
vn -0.712 -0.532 -0.459
vn -0.815 -0.490 -0.310
vn -0.488 0.331 -0.808
vn -0.659 0.333 -0.675
vn -0.738 0.390 -0.551
vn -0.787 0.252 -0.563
vn -0.854 -0.328 -0.404
vn -0.857 -0.246 -0.453
vn -0.825 -0.351 -0.443
vn -0.849 -0.444 -0.288
vn -0.823 0.427 -0.374
vn -0.792 0.246 -0.559
vn -0.866 0.273 -0.418
vn -0.860 0.062 -0.506
vn -0.899 0.086 -0.430
vn -0.873 -0.132 -0.469
vn -0.912 -0.089 -0.401
vn -0.908 -0.252 -0.336
vn -0.877 -0.405 -0.260
vn -0.692 0.295 0.659
vn -0.713 0.084 0.697
vn -0.701 -0.001 0.714
vn -0.723 -0.009 0.691
vn -0.735 -0.000 0.678
vn -0.739 -0.000 0.674
vn -0.736 0.000 0.677
vn -0.726 0.011 0.687
vn -0.707 0.020 0.707
vn -0.727 -0.072 0.682
vn -0.762 -0.336 0.554
vn -0.521 0.409 0.749
vn -0.560 0.333 0.758
vn -0.611 0.230 0.757
vn -0.641 0.082 0.763
vn -0.624 -0.008 0.782
vn -0.636 -0.037 0.771
vn -0.665 -0.022 0.747
vn -0.681 -0.002 0.732
vn -0.683 0.013 0.730
vn -0.678 0.024 0.735
vn -0.689 -0.000 0.724
vn -0.739 -0.142 0.658
vn -0.743 -0.410 0.528
vn -0.747 -0.375 0.549
vn -0.628 -0.616 0.475
vn -0.460 0.573 0.678
vn -0.452 0.610 0.651
vn -0.529 0.393 0.752
vn -0.741 -0.411 0.531
vn -0.656 -0.612 0.441
vn -0.670 -0.594 0.444
vn -0.182 0.948 0.260
vn -0.665 -0.613 0.427
vn -0.602 -0.714 0.356
vn -0.644 -0.679 0.353
vn -0.071 0.996 0.048
vn -0.633 -0.699 0.333
vn -0.635 -0.697 0.332
vn -0.091 0.995 0.049
vn -0.079 0.996 0.045
vn -0.634 -0.698 0.332
vn -0.563 -0.775 0.286
vn -0.618 -0.716 0.323
vn -0.084 0.995 0.049
vn -0.083 0.995 0.049
vn -0.551 -0.804 0.223
vn -0.571 -0.783 0.245
vn -0.083 0.995 0.049
vn -0.083 0.996 0.045
vn -0.530 -0.833 0.161
vn -0.506 -0.854 0.119
vn -0.078 0.996 0.031
vn -0.454 -0.891 -0.006
vn -0.071 0.997 0.015
vn -0.440 -0.891 -0.115
vn -0.064 0.998 0.007
vn -0.461 -0.869 -0.178
vn -0.469 -0.861 -0.198
vn -0.449 -0.883 -0.140
vn -0.059 0.998 0.010
vn -0.518 -0.838 -0.168
vn -0.531 -0.816 -0.231
vn -0.059 0.998 0.013
vn -0.581 -0.804 -0.130
vn -0.598 -0.772 -0.213
vn -0.061 0.998 0.008
vn -0.647 -0.737 -0.195
vn -0.063 0.998 -0.006
vn -0.671 -0.711 -0.210
vn -0.668 -0.712 -0.218
vn -0.651 -0.733 -0.198
vn -0.062 0.998 -0.020
vn -0.684 -0.679 -0.266
vn -0.664 -0.694 -0.278
vn -0.002 0.981 -0.192
vn -0.639 -0.682 -0.357
vn -0.637 -0.684 -0.357
vn -0.639 -0.685 -0.349
vn 0.087 0.946 -0.314
vn 0.296 0.739 -0.606
vn -0.653 -0.612 -0.445
vn -0.596 -0.655 -0.464
vn 0.313 0.590 -0.744
vn 0.277 0.240 -0.930
vn 0.323 0.338 -0.884
vn 0.143 0.022 -0.989
vn 0.083 0.068 -0.994
vn -0.634 -0.575 -0.518
vn -0.595 -0.545 -0.590
vn -0.592 -0.623 -0.511
vn 0.310 0.195 -0.930
vn 0.210 -0.066 -0.976
vn 0.096 0.054 -0.994
vn -0.010 0.217 -0.976
vn -0.121 0.202 -0.972
vn -0.257 0.180 -0.949
vn -0.470 0.319 -0.823
vn -0.414 0.177 -0.893
vn -0.494 0.227 -0.839
vn -0.552 0.120 -0.825
vn -0.689 -0.214 -0.692
vn -0.664 -0.132 -0.736
vn -0.670 -0.220 -0.709
vn -0.627 -0.445 -0.640
vn -0.733 -0.401 -0.549
vn -0.559 0.117 -0.821
vn -0.789 0.244 -0.564
vn -0.650 -0.027 -0.759
vn -0.830 0.048 -0.556
vn -0.851 -0.147 -0.504
vn -0.611 0.232 0.757
vn -0.613 0.114 0.781
vn -0.541 0.015 0.841
vn -0.510 -0.055 0.858
vn -0.543 -0.046 0.838
vn -0.576 -0.011 0.818
vn -0.590 0.018 0.807
vn -0.611 0.018 0.791
vn -0.678 -0.048 0.733
vn -0.756 -0.207 0.621
vn -0.472 0.565 0.677
vn -0.564 0.384 0.731
vn -0.575 0.354 0.738
vn -0.625 0.224 0.748
vn -0.618 0.145 0.773
vn -0.532 0.038 0.846
vn -0.468 -0.048 0.883
vn -0.454 -0.059 0.889
vn -0.474 -0.037 0.880
vn -0.516 -0.020 0.856
vn -0.588 -0.041 0.808
vn -0.694 -0.138 0.707
vn -0.771 -0.303 0.560
vn -0.751 -0.445 0.488
vn -0.773 -0.349 0.530
vn -0.496 0.555 0.667
vn -0.431 0.705 0.563
vn -0.757 -0.469 0.455
vn -0.691 -0.621 0.370
vn -0.737 -0.534 0.414
vn -0.075 0.986 0.146
vn -0.681 -0.640 0.356
vn -0.682 -0.638 0.358
vn -0.054 0.998 0.040
vn -0.679 -0.641 0.358
vn -0.639 -0.691 0.338
vn -0.639 -0.679 0.361
vn -0.060 0.997 0.045
vn -0.622 -0.715 0.319
vn -0.621 -0.718 0.316
vn -0.072 0.996 0.045
vn -0.065 0.997 0.045
vn -0.518 -0.846 0.127
vn -0.589 -0.783 0.198
vn -0.066 0.997 0.039
vn -0.066 0.997 0.036
vn -0.478 -0.878 0.006
vn -0.548 -0.835 0.047
vn -0.059 0.998 0.023
vn -0.448 -0.887 -0.114
vn -0.515 -0.851 -0.105
vn -0.050 0.999 0.015
vn -0.501 -0.834 -0.232
vn -0.043 0.999 0.013
vn -0.514 -0.806 -0.294
vn -0.509 -0.807 -0.300
vn -0.509 -0.811 -0.289
vn -0.042 0.999 0.011
vn -0.583 -0.775 -0.245
vn -0.536 -0.793 -0.289
vn -0.047 0.999 0.004
vn -0.645 -0.738 -0.198
vn -0.577 -0.774 -0.260
vn -0.050 0.999 -0.007
vn -0.620 -0.743 -0.251
vn -0.612 -0.747 -0.258
vn -0.599 -0.758 -0.256
vn -0.047 0.999 -0.017
vn -0.644 -0.710 -0.284
vn -0.627 -0.721 -0.294
vn -0.042 0.998 -0.041
vn -0.623 -0.696 -0.357
vn 0.142 0.937 -0.318
vn 0.156 0.928 -0.339
vn -0.596 -0.651 -0.469
vn -0.595 -0.636 -0.492
vn -0.622 -0.691 -0.367
vn 0.317 0.555 -0.769
vn 0.314 0.573 -0.757
vn -0.590 -0.493 -0.639
vn -0.540 -0.408 -0.736
vn -0.587 -0.556 -0.588
vn 0.311 0.542 -0.781
vn 0.298 0.109 -0.948
vn 0.226 -0.167 -0.960
vn 0.140 -0.041 -0.989
vn 0.066 0.138 -0.988
vn 0.000 0.111 -0.994
vn -0.088 0.057 -0.995
vn -0.209 0.026 -0.978
vn -0.341 -0.033 -0.940
vn -0.555 0.114 -0.824
vn -0.451 -0.154 -0.879
vn -0.627 -0.039 -0.778
vn -0.528 -0.339 -0.779
vn -0.574 0.349 0.741
vn -0.619 0.209 0.757
vn -0.650 0.197 0.734
vn -0.646 0.196 0.738
vn -0.632 0.187 0.753
vn -0.538 0.061 0.841
vn -0.467 -0.028 0.884
vn -0.459 -0.073 0.886
vn -0.521 -0.126 0.844
vn -0.626 -0.213 0.751
vn -0.594 -0.193 0.781
vn -0.718 -0.265 0.644
vn -0.771 -0.326 0.547
vn -0.476 0.541 0.693
vn -0.495 0.448 0.744
vn -0.542 0.318 0.778
vn -0.600 0.181 0.780
vn -0.646 0.189 0.740
vn -0.628 -0.230 0.744
vn -0.690 -0.338 0.640
vn -0.713 -0.421 0.561
vn -0.699 -0.408 0.588
vn -0.745 -0.494 0.449
vn -0.463 0.554 0.692
vn -0.246 0.881 0.404
vn -0.695 -0.439 0.569
vn -0.668 -0.572 0.476
vn -0.661 -0.563 0.496
vn -0.034 0.998 0.060
vn -0.653 -0.585 0.481
vn -0.631 -0.671 0.388
vn -0.614 -0.667 0.423
vn -0.039 0.999 0.038
vn -0.614 -0.700 0.365
vn -0.621 -0.717 0.317
vn -0.613 -0.712 0.344
vn -0.045 0.998 0.040
vn -0.612 -0.759 0.222
vn -0.624 -0.744 0.238
vn -0.062 0.997 0.036
vn -0.049 0.998 0.037
vn -0.603 -0.793 0.090
vn -0.614 -0.782 0.101
vn -0.049 0.998 0.030
vn -0.046 0.998 0.031
vn -0.566 -0.822 -0.067
vn -0.576 -0.816 -0.053
vn -0.044 0.999 0.028
vn -0.039 0.999 0.024
vn -0.514 -0.829 -0.221
vn -0.517 -0.833 -0.197
vn -0.034 0.999 0.017
vn -0.461 -0.837 -0.294
vn -0.033 0.999 0.009
vn -0.450 -0.831 -0.327
vn -0.444 -0.833 -0.330
vn -0.445 -0.834 -0.327
vn -0.036 0.999 0.001
vn -0.548 -0.788 -0.281
vn -0.480 -0.808 -0.340
vn -0.038 0.999 -0.007
vn -0.542 -0.767 -0.343
vn -0.034 0.999 -0.013
vn -0.603 -0.727 -0.329
vn -0.582 -0.734 -0.351
vn -0.555 -0.758 -0.344
vn -0.029 1.000 -0.013
vn -0.622 -0.696 -0.360
vn -0.579 -0.715 -0.392
vn 0.122 0.946 -0.301
vn -0.001 0.987 -0.160
vn -0.570 -0.636 -0.521
vn -0.515 -0.648 -0.561
vn -0.570 -0.701 -0.427
vn 0.012 0.983 -0.182
vn 0.281 0.679 -0.679
vn -0.500 -0.388 -0.775
vn -0.321 -0.334 -0.886
vn -0.462 -0.541 -0.703
vn 0.258 0.500 -0.827
vn 0.243 0.052 -0.969
vn 0.208 -0.223 -0.952
vn 0.165 -0.111 -0.980
vn 0.118 0.085 -0.989
vn 0.074 0.050 -0.996
vn 0.013 -0.031 -0.999
vn -0.076 -0.095 -0.993
vn -0.189 -0.177 -0.966
vn -0.313 -0.319 -0.895
vn -0.639 0.199 0.743
vn -0.600 0.110 0.792
vn -0.558 0.007 0.830
vn -0.534 -0.082 0.841
vn -0.554 -0.150 0.819
vn -0.508 0.307 0.805
vn -0.523 0.137 0.842
vn -0.549 0.129 0.826
vn -0.551 0.129 0.824
vn -0.599 0.178 0.781
vn -0.631 0.126 0.765
vn -0.631 0.026 0.775
vn -0.632 -0.088 0.770
vn -0.646 -0.199 0.737
vn -0.644 -0.299 0.704
vn -0.645 -0.294 0.706
vn -0.663 -0.373 0.649
vn -0.413 0.520 0.748
vn -0.397 0.584 0.708
vn -0.475 0.297 0.828
vn -0.512 0.131 0.849
vn -0.644 -0.300 0.704
vn -0.632 -0.405 0.661
vn -0.634 -0.506 0.585
vn -0.627 -0.479 0.614
vn -0.050 0.978 0.203
vn -0.627 -0.526 0.574
vn -0.619 -0.638 0.459
vn -0.624 -0.617 0.479
vn -0.022 0.999 0.033
vn -0.629 -0.660 0.412
vn -0.615 -0.708 0.346
vn -0.629 -0.694 0.351
vn -0.026 0.999 0.035
vn -0.632 -0.734 0.249
vn -0.636 -0.731 0.249
vn -0.030 0.999 0.035
vn -0.627 -0.765 0.148
vn -0.627 -0.765 0.148
vn -0.032 0.999 0.033
vn -0.625 -0.768 0.140
vn -0.591 -0.807 0.025
vn -0.036 0.999 0.026
vn -0.032 0.999 0.028
vn -0.528 -0.842 -0.114
vn -0.031 0.999 0.021
vn -0.031 0.999 0.019
vn -0.458 -0.851 -0.258
vn -0.457 -0.856 -0.240
vn -0.512 -0.847 -0.143
vn -0.031 0.999 0.009
vn -0.414 -0.846 -0.337
vn -0.031 1.000 0.000
vn -0.418 -0.813 -0.405
vn -0.029 1.000 -0.005
vn -0.528 -0.770 -0.360
vn -0.446 -0.788 -0.425
vn -0.419 -0.812 -0.406
vn -0.024 1.000 -0.008
vn -0.472 -0.789 -0.393
vn -0.459 -0.796 -0.395
vn -0.460 -0.794 -0.398
vn -0.020 1.000 -0.009
vn -0.549 -0.734 -0.401
vn -0.417 -0.807 -0.418
vn -0.018 1.000 -0.024
vn -0.014 0.998 -0.065
vn -0.017 0.999 -0.039
vn -0.371 -0.711 -0.597
vn -0.337 -0.722 -0.604
vn -0.356 -0.745 -0.564
vn 0.163 0.867 -0.471
vn -0.300 -0.336 -0.893
vn -0.135 -0.357 -0.924
vn -0.217 -0.492 -0.843
vn 0.214 0.466 -0.858
vn 0.198 0.023 -0.980
vn 0.187 -0.239 -0.953
vn 0.184 -0.147 -0.972
vn 0.159 0.048 -0.986
vn 0.120 0.001 -0.993
vn 0.066 -0.099 -0.993
vn -0.005 -0.185 -0.983
vn -0.095 -0.294 -0.951
vn -0.551 0.128 0.825
vn -0.577 0.158 0.802
vn -0.616 0.095 0.782
vn -0.657 -0.000 0.754
vn -0.675 -0.102 0.731
vn -0.665 -0.202 0.719
vn -0.409 0.514 0.754
vn -0.444 0.359 0.821
vn -0.456 0.292 0.841
vn -0.471 0.114 0.875
vn -0.488 0.077 0.869
vn -0.540 0.108 0.835
vn -0.603 0.062 0.795
vn -0.656 -0.020 0.754
vn -0.683 -0.110 0.722
vn -0.686 -0.199 0.699
vn -0.677 -0.301 0.671
vn -0.642 -0.419 0.642
vn -0.677 -0.313 0.667
vn -0.423 0.536 0.731
vn -0.247 0.860 0.447
vn -0.676 -0.440 0.590
vn -0.655 -0.564 0.504
vn -0.681 -0.515 0.521
vn -0.008 0.998 0.059
vn -0.680 -0.586 0.441
vn -0.641 -0.676 0.363
vn -0.677 -0.627 0.384
vn -0.010 0.999 0.032
vn -0.646 -0.707 0.287
vn -0.651 -0.699 0.295
vn -0.013 0.999 0.031
vn -0.634 -0.730 0.255
vn -0.615 -0.760 0.213
vn -0.019 0.999 0.029
vn -0.588 -0.808 0.035
vn -0.578 -0.810 0.099
vn -0.025 0.999 0.025
vn -0.528 -0.842 -0.108
vn -0.537 -0.843 -0.039
vn -0.031 0.999 0.019
vn -0.029 0.999 0.018
vn -0.483 -0.858 -0.176
vn -0.030 1.000 0.010
vn -0.029 1.000 0.010
vn -0.421 -0.854 -0.306
vn -0.420 -0.854 -0.306
vn -0.423 -0.855 -0.301
vn -0.027 1.000 0.003
vn -0.026 1.000 0.003
vn -0.416 -0.814 -0.405
vn -0.355 -0.841 -0.408
vn -0.023 1.000 -0.002
vn -0.022 1.000 -0.001
vn -0.310 -0.843 -0.440
vn -0.309 -0.844 -0.440
vn -0.309 -0.843 -0.440
vn -0.020 1.000 -0.005
vn -0.018 1.000 -0.004
vn -0.263 -0.880 -0.396
vn -0.018 1.000 -0.008
vn -0.014 1.000 -0.006
vn -0.232 -0.882 -0.410
vn -0.011 1.000 -0.009
vn -0.183 -0.761 -0.623
vn -0.225 -0.867 -0.444
vn 0.031 0.948 -0.317
vn -0.050 -0.406 -0.912
vn -0.135 -0.613 -0.778
vn 0.192 0.429 -0.882
vn 0.196 0.020 -0.980
vn 0.193 0.341 -0.920
vn 0.183 -0.212 -0.960
vn 0.182 -0.238 -0.954
vn 0.198 -0.155 -0.968
vn 0.185 0.019 -0.983
vn 0.152 -0.043 -0.988
vn 0.104 -0.156 -0.982
vn 0.041 -0.255 -0.966
vn -0.037 -0.379 -0.925
vn 0.190 0.010 -0.982
vn -0.470 0.289 0.834
vn -0.512 0.107 0.853
vn -0.503 0.045 0.863
vn -0.543 0.035 0.839
vn -0.609 -0.028 0.792
vn -0.668 -0.087 0.739
vn -0.700 -0.136 0.701
vn -0.702 -0.202 0.683
vn -0.679 -0.302 0.669
vn -0.412 0.490 0.768
vn -0.403 0.529 0.747
vn -0.485 0.288 0.826
vn -0.520 0.106 0.847
vn -0.505 0.034 0.862
vn -0.542 0.021 0.840
vn -0.607 -0.043 0.794
vn -0.663 -0.110 0.741
vn -0.699 -0.160 0.697
vn -0.719 -0.223 0.658
vn -0.728 -0.333 0.600
vn -0.728 -0.314 0.609
vn -0.699 -0.461 0.547
vn -0.023 0.975 0.219
vn -0.729 -0.339 0.594
vn -0.716 -0.509 0.478
vn -0.685 -0.606 0.405
vn -0.713 -0.525 0.465
vn 0.003 1.000 0.029
vn -0.668 -0.646 0.369
vn -0.671 -0.634 0.385
vn -0.001 1.000 0.026
vn -0.658 -0.662 0.359
vn -0.615 -0.753 0.232
vn -0.624 -0.720 0.302
vn -0.008 1.000 0.022
vn -0.581 -0.803 0.129
vn -0.585 -0.794 0.164
vn -0.014 1.000 0.018
vn -0.543 -0.839 -0.009
vn -0.545 -0.838 0.016
vn -0.019 1.000 0.015
vn -0.487 -0.861 -0.147
vn -0.485 -0.868 -0.107
vn -0.019 1.000 0.012
vn -0.395 -0.891 -0.226
vn -0.016 1.000 0.007
vn -0.286 -0.896 -0.339
vn -0.013 1.000 0.003
vn -0.185 -0.903 -0.387
vn -0.250 -0.899 -0.361
vn -0.010 1.000 -0.001
vn -0.128 -0.919 -0.372
vn -0.007 1.000 -0.003
vn -0.159 -0.899 -0.408
vn -0.114 -0.904 -0.411
vn -0.116 -0.910 -0.399
vn -0.003 1.000 -0.003
vn -0.096 -0.776 -0.623
vn 0.003 0.979 -0.204
vn 0.008 -0.465 -0.885
vn -0.071 -0.682 -0.728
vn 0.152 0.420 -0.895
vn 0.057 0.492 -0.869
vn 0.154 -0.238 -0.959
vn 0.041 -0.193 -0.980
vn 0.169 -0.153 -0.974
vn 0.214 -0.001 -0.977
vn 0.192 -0.075 -0.978
vn 0.158 -0.201 -0.967
vn 0.098 -0.316 -0.944
vn 0.016 -0.447 -0.894
vn 0.003 0.413 -0.911
vn -0.113 0.004 -0.994
vn -0.109 -0.239 -0.965
vn -0.404 0.481 0.778
vn -0.441 0.284 0.851
vn -0.449 0.257 0.856
vn -0.484 0.095 0.870
vn -0.482 0.014 0.876
vn -0.504 -0.044 0.863
vn -0.534 -0.131 0.835
vn -0.577 -0.191 0.794
vn -0.556 -0.176 0.812
vn -0.651 -0.206 0.731
vn -0.707 -0.242 0.664
vn -0.401 0.501 0.767
vn -0.172 0.865 0.471
vn -0.565 -0.200 0.801
vn -0.603 -0.252 0.757
vn -0.645 -0.329 0.689
vn -0.692 -0.426 0.582
vn -0.658 -0.392 0.643
vn -0.713 -0.517 0.474
vn 0.008 0.999 0.047
vn -0.666 -0.467 0.582
vn -0.662 -0.589 0.463
vn -0.646 -0.574 0.503
vn 0.008 1.000 0.021
vn -0.639 -0.620 0.456
vn -0.634 -0.697 0.335
vn -0.620 -0.678 0.396
vn 0.003 1.000 0.016
vn -0.602 -0.763 0.234
vn -0.598 -0.762 0.249
vn -0.001 1.000 0.013
vn -0.573 -0.801 0.176
vn -0.541 -0.835 0.104
vn -0.008 1.000 0.013
vn -0.454 -0.891 -0.007
vn -0.007 1.000 0.012
vn -0.351 -0.929 -0.118
vn -0.006 1.000 0.010
vn -0.260 -0.924 -0.281
vn -0.240 -0.942 -0.235
vn -0.306 -0.937 -0.168
vn -0.003 1.000 0.005
vn -0.141 -0.939 -0.313
vn -0.001 1.000 0.002
vn -0.083 -0.936 -0.342
vn 0.001 1.000 0.001
vn -0.064 -0.908 -0.414
vn -0.071 -0.923 -0.378
vn 0.005 1.000 0.000
vn -0.040 -0.792 -0.610
vn 0.016 0.991 -0.129
vn 0.067 -0.541 -0.838
vn -0.019 -0.727 -0.686
vn 0.066 0.134 -0.989
vn 0.062 0.165 -0.984
vn -0.023 -0.096 -0.995
vn -0.034 -0.088 -0.996
vn -0.002 0.029 -1.000
vn -0.064 -0.127 -0.990
vn 0.234 0.153 -0.960
vn 0.242 0.023 -0.970
vn 0.235 0.149 -0.960
vn 0.232 -0.085 -0.969
vn 0.246 -0.149 -0.958
vn 0.234 -0.228 -0.945
vn 0.177 -0.370 -0.912
vn 0.083 -0.514 -0.854
vn 0.263 0.039 -0.964
vn 0.253 -0.090 -0.963
vn -0.447 0.253 0.858
vn -0.479 0.092 0.873
vn -0.464 0.017 0.886
vn -0.469 -0.052 0.882
vn -0.506 -0.140 0.851
vn -0.369 0.417 0.831
vn -0.346 0.515 0.784
vn -0.421 0.215 0.881
vn -0.464 0.110 0.879
vn -0.439 0.046 0.897
vn -0.428 -0.052 0.902
vn -0.422 -0.166 0.891
vn -0.427 -0.267 0.864
vn -0.464 -0.352 0.813
vn -0.460 -0.350 0.816
vn -0.604 -0.371 0.706
vn 0.012 0.985 0.170
vn -0.461 -0.354 0.814
vn -0.518 -0.470 0.715
vn -0.585 -0.558 0.589
vn -0.537 -0.548 0.641
vn 0.014 1.000 0.020
vn -0.543 -0.606 0.581
vn -0.592 -0.678 0.435
vn -0.542 -0.682 0.491
vn 0.011 1.000 0.013
vn -0.534 -0.754 0.383
vn -0.530 -0.774 0.347
vn 0.009 1.000 0.007
vn -0.536 -0.835 0.122
vn -0.482 -0.848 0.220
vn 0.009 1.000 0.008
vn -0.441 -0.897 0.027
vn -0.402 -0.909 0.110
vn 0.010 1.000 0.013
vn -0.342 -0.935 -0.094
vn -0.310 -0.951 -0.009
vn 0.013 1.000 0.011
vn -0.219 -0.966 -0.140
vn 0.016 1.000 0.007
vn -0.136 -0.961 -0.241
vn 0.019 1.000 0.003
vn -0.077 -0.950 -0.302
vn 0.023 1.000 0.005
vn -0.041 -0.917 -0.396
vn -0.064 -0.940 -0.335
vn 0.028 1.000 0.011
vn 0.003 -0.820 -0.572
vn 0.033 0.999 -0.010
vn 0.034 0.999 0.014
vn 0.036 0.999 0.016
vn 0.114 -0.629 -0.769
vn 0.029 -0.769 -0.638
vn 0.201 0.834 -0.513
vn 0.190 0.849 -0.494
vn 0.097 0.124 -0.988
vn 0.041 -0.097 -0.994
vn 0.243 0.027 -0.970
vn 0.236 0.153 -0.960
vn 0.258 -0.233 -0.938
vn 0.279 -0.333 -0.901
vn 0.253 -0.413 -0.875
vn 0.151 -0.577 -0.802
vn 0.197 0.836 -0.513
vn 0.383 0.146 -0.912
vn 0.368 -0.074 -0.927
vn 0.378 0.023 -0.925
vn 0.344 0.122 -0.931
vn 0.320 0.020 -0.947
vn 0.314 -0.097 -0.944
vn 0.303 -0.246 -0.921
vn -0.346 0.391 0.853
vn -0.352 0.241 0.905
vn -0.367 0.179 0.913
vn -0.401 0.089 0.912
vn -0.406 0.046 0.913
vn -0.401 -0.042 0.915
vn -0.388 -0.165 0.907
vn -0.389 -0.295 0.873
vn -0.385 -0.265 0.884
vn -0.321 0.411 0.853
vn -0.018 0.945 0.326
vn -0.387 -0.303 0.871
vn -0.422 -0.442 0.791
vn -0.470 -0.537 0.700
vn -0.452 -0.528 0.720
vn 0.030 0.999 0.016
vn -0.457 -0.564 0.688
vn -0.478 -0.684 0.552
vn -0.464 -0.678 0.570
vn 0.026 1.000 0.010
vn -0.459 -0.706 0.539
vn -0.511 -0.778 0.364
vn -0.448 -0.785 0.428
vn 0.025 1.000 0.011
vn -0.411 -0.859 0.306
vn -0.405 -0.859 0.314
vn 0.028 1.000 0.013
vn -0.397 -0.868 0.298
vn -0.347 -0.914 0.209
vn 0.030 0.999 0.015
vn -0.273 -0.959 0.081
vn 0.034 0.999 0.015
vn -0.193 -0.979 -0.062
vn 0.036 0.999 0.010
vn 0.037 0.999 0.012
vn 0.038 0.999 0.011
vn -0.116 -0.978 -0.174
vn 0.035 0.999 0.006
vn 0.042 0.999 0.007
vn -0.056 -0.966 -0.254
vn 0.035 0.999 0.007
vn 0.045 0.999 0.008
vn -0.011 -0.934 -0.358
vn -0.048 -0.961 -0.273
vn 0.034 0.999 0.012
vn 0.046 0.999 0.014
vn 0.041 -0.855 -0.518
vn 0.046 0.999 0.022
vn 0.137 -0.712 -0.689
vn 0.072 -0.807 -0.586
vn 0.054 0.955 -0.292
vn 0.271 -0.430 -0.861
vn 0.266 -0.491 -0.830
vn 0.195 -0.631 -0.751
vn 0.095 0.919 -0.382
vn 0.392 0.214 -0.895
vn 0.394 -0.047 -0.918
vn 0.410 0.009 -0.912
vn 0.373 0.085 -0.924
vn 0.353 0.005 -0.936
vn 0.343 -0.096 -0.934
vn 0.328 -0.256 -0.909
vn 0.284 -0.448 -0.848
vn -0.376 0.170 0.911
vn -0.410 0.081 0.908
vn -0.416 0.047 0.908
vn -0.422 -0.038 0.906
vn -0.410 -0.164 0.897
vn -0.429 0.364 0.827
vn -0.302 0.744 0.596
vn -0.425 0.152 0.892
vn -0.439 0.076 0.895
vn -0.435 0.048 0.899
vn -0.442 -0.038 0.896
vn -0.456 -0.170 0.874
vn -0.472 -0.332 0.817
vn -0.473 -0.474 0.743
vn -0.481 -0.459 0.747
vn 0.041 0.998 0.046
vn -0.481 -0.478 0.735
vn -0.474 -0.603 0.641
vn -0.473 -0.621 0.626
vn 0.042 0.999 0.008
vn -0.426 -0.757 0.495
vn -0.427 -0.754 0.499
vn 0.040 0.999 0.009
vn -0.424 -0.760 0.493
vn -0.374 -0.842 0.389
vn 0.039 0.999 0.014
vn -0.320 -0.910 0.265
vn -0.312 -0.905 0.288
vn 0.037 0.999 0.018
vn 0.039 0.999 0.016
vn 0.040 0.999 0.019
vn -0.284 -0.929 0.238
vn -0.239 -0.957 0.162
vn 0.036 0.999 0.016
vn 0.043 0.999 0.019
vn -0.154 -0.988 0.016
vn 0.047 0.999 0.015
vn -0.070 -0.992 -0.107
vn 0.051 0.999 0.009
vn -0.009 -0.979 -0.205
vn 0.053 0.999 0.007
vn 0.033 -0.948 -0.316
vn -0.006 -0.977 -0.213
vn 0.053 0.999 0.012
vn 0.078 -0.884 -0.461
vn 0.050 0.999 0.019
vn 0.148 -0.774 -0.616
vn 0.113 -0.831 -0.545
vn 0.046 0.992 -0.121
vn 0.227 -0.602 -0.766
vn 0.207 -0.662 -0.721
vn 0.172 0.921 -0.349
vn 0.348 0.161 -0.924
vn 0.361 0.285 -0.888
vn 0.367 -0.032 -0.930
vn 0.388 -0.000 -0.922
vn 0.375 0.064 -0.925
vn 0.356 -0.005 -0.934
vn 0.334 -0.102 -0.937
vn 0.313 -0.191 -0.930
vn 0.297 -0.267 -0.917
vn 0.262 -0.473 -0.842
vn 0.344 0.162 -0.925
vn 0.354 -0.023 -0.935
vn 0.386 0.000 -0.922
vn 0.376 0.058 -0.925
vn 0.359 -0.013 -0.933
vn 0.332 -0.109 -0.937
vn -0.486 0.335 0.807
vn -0.503 0.247 0.829
vn -0.507 0.145 0.850
vn -0.502 0.076 0.861
vn -0.498 0.038 0.866
vn -0.522 -0.068 0.850
vn -0.554 -0.206 0.807
vn -0.544 -0.347 0.764
vn -0.564 -0.269 0.781
vn -0.069 0.976 0.209
vn -0.144 0.938 0.316
vn -0.129 0.947 0.296
vn -0.491 0.348 0.798
vn -0.570 -0.353 0.742
vn -0.553 -0.479 0.682
vn -0.483 -0.603 0.635
vn -0.546 -0.505 0.668
vn 0.044 0.999 0.006
vn 0.045 0.999 0.005
vn -0.499 -0.610 0.616
vn -0.477 -0.661 0.580
vn 0.041 0.999 0.009
vn 0.044 0.999 0.008
vn -0.397 -0.782 0.481
vn -0.390 -0.791 0.471
vn 0.039 0.999 0.014
vn 0.044 0.999 0.014
vn -0.307 -0.875 0.375
vn 0.044 0.999 0.020
vn -0.225 -0.949 0.220
vn -0.220 -0.942 0.254
vn 0.045 0.999 0.021
vn -0.177 -0.966 0.190
vn -0.123 -0.986 0.108
vn 0.047 0.999 0.017
vn -0.030 -0.999 -0.033
vn 0.050 0.999 0.011
vn 0.035 -0.987 -0.156
vn 0.054 0.999 0.009
vn 0.075 -0.958 -0.277
vn 0.042 -0.983 -0.177
vn 0.055 0.998 0.011
vn 0.115 -0.904 -0.411
vn 0.053 0.998 0.014
vn 0.165 -0.815 -0.555
vn 0.155 -0.837 -0.525
vn 0.047 0.999 -0.011
vn 0.206 -0.661 -0.721
vn 0.205 -0.668 -0.715
vn 0.298 0.754 -0.585
vn 0.220 0.852 -0.475
vn 0.283 -0.275 -0.919
vn 0.235 -0.382 -0.894
vn 0.220 -0.479 -0.850
vn 0.205 -0.662 -0.721
vn 0.264 0.766 -0.586
vn 0.337 0.169 -0.926
vn 0.316 0.005 -0.949
vn 0.361 0.031 -0.932
vn 0.382 0.058 -0.922
vn 0.370 -0.043 -0.928
vn 0.321 -0.155 -0.934
vn 0.257 -0.300 -0.919
vn -0.523 0.148 0.840
vn -0.524 0.080 0.848
vn -0.528 0.027 0.849
vn -0.549 -0.094 0.830
vn -0.565 -0.218 0.796
vn -0.151 0.935 0.321
vn -0.530 0.433 0.729
vn -0.552 0.324 0.768
vn -0.569 0.160 0.807
vn -0.562 0.089 0.823
vn -0.555 0.022 0.832
vn -0.574 -0.117 0.811
vn -0.589 -0.254 0.767
vn -0.584 -0.369 0.723
vn -0.585 -0.358 0.727
vn -0.557 -0.477 0.680
vn -0.102 0.957 0.270
vn -0.016 0.985 0.169
vn -0.582 -0.369 0.724
vn -0.536 -0.476 0.697
vn -0.491 -0.610 0.622
vn -0.508 -0.533 0.676
vn 0.044 0.999 0.008
vn -0.461 -0.617 0.637
vn -0.391 -0.784 0.483
vn -0.407 -0.704 0.583
vn 0.046 0.999 0.014
vn -0.337 -0.796 0.504
vn -0.307 -0.826 0.472
vn 0.045 0.999 0.019
vn -0.217 -0.909 0.355
vn 0.045 0.999 0.022
vn -0.119 -0.972 0.203
vn -0.119 -0.971 0.209
vn 0.046 0.999 0.019
vn -0.114 -0.973 0.201
vn -0.028 -0.998 0.049
vn 0.050 0.999 0.015
vn 0.043 -0.994 -0.103
vn 0.054 0.998 0.011
vn 0.094 -0.967 -0.237
vn 0.069 -0.983 -0.171
vn 0.056 0.998 0.010
vn 0.142 -0.921 -0.363
vn 0.054 0.999 0.010
vn 0.178 -0.831 -0.526
vn 0.194 -0.842 -0.503
vn 0.048 0.999 0.010
vn 0.228 -0.695 -0.682
vn 0.200 -0.827 -0.525
vn 0.076 0.957 -0.279
vn 0.233 -0.472 -0.850
vn 0.233 -0.472 -0.850
vn 0.232 -0.640 -0.733
vn 0.210 0.808 -0.550
vn 0.357 0.175 -0.917
vn 0.339 0.040 -0.940
vn 0.391 0.080 -0.917
vn 0.433 0.070 -0.899
vn 0.427 -0.082 -0.901
vn 0.367 -0.220 -0.904
vn 0.288 -0.347 -0.892
vn -0.546 0.323 0.773
vn -0.561 0.167 0.811
vn -0.559 0.104 0.823
vn -0.546 0.027 0.837
vn -0.544 0.016 0.839
vn -0.548 -0.149 0.823
vn -0.545 -0.017 0.838
vn -0.564 -0.275 0.779
vn -0.219 0.856 0.468
vn -0.288 0.779 0.558
vn -0.520 0.327 0.789
vn -0.542 0.166 0.824
vn -0.551 0.106 0.828
vn -0.541 -0.150 0.828
vn -0.523 -0.282 0.804
vn -0.489 -0.379 0.785
vn -0.492 -0.478 0.728
vn -0.472 -0.415 0.778
vn -0.232 0.844 0.484
vn 0.045 0.997 0.066
vn -0.441 -0.483 0.757
vn -0.382 -0.627 0.679
vn -0.378 -0.611 0.696
vn 0.046 0.999 0.014
vn -0.369 -0.629 0.684
vn -0.296 -0.800 0.522
vn -0.289 -0.770 0.569
vn 0.046 0.999 0.019
vn -0.268 -0.803 0.532
vn -0.217 -0.870 0.443
vn 0.047 0.999 0.022
vn -0.146 -0.943 0.298
vn 0.049 0.999 0.021
vn -0.099 -0.976 0.196
vn -0.068 -0.989 0.130
vn 0.051 0.999 0.018
vn 0.010 -0.999 -0.036
vn 0.054 0.998 0.014
vn 0.086 -0.979 -0.185
vn 0.086 -0.980 -0.180
vn 0.055 0.998 0.009
vn 0.157 -0.940 -0.303
vn 0.088 -0.979 -0.184
vn 0.053 0.999 0.005
vn 0.222 -0.868 -0.444
vn 0.046 0.999 0.004
vn 0.280 -0.731 -0.622
vn 0.256 -0.807 -0.533
vn 0.039 0.993 -0.115
vn 0.233 -0.472 -0.850
vn 0.335 -0.525 -0.783
vn 0.315 -0.606 -0.731
vn 0.393 0.703 -0.593
vn 0.406 0.123 -0.905
vn 0.450 0.511 -0.732
vn 0.385 0.054 -0.921
vn 0.423 0.100 -0.901
vn 0.434 0.070 -0.898
vn 0.431 -0.083 -0.898
vn 0.418 -0.243 -0.875
vn 0.445 -0.348 -0.825
vn 0.421 -0.386 -0.821
vn 0.359 -0.471 -0.806
vn -0.542 0.016 0.840
vn -0.399 0.292 0.869
vn -0.393 0.258 0.883
vn -0.429 0.154 0.890
vn -0.442 0.117 0.889
vn -0.439 0.028 0.898
vn -0.427 -0.154 0.891
vn -0.403 -0.290 0.868
vn -0.442 -0.382 0.812
vn -0.395 -0.311 0.864
vn -0.083 0.878 0.471
vn 0.039 0.962 0.269
vn -0.384 0.298 0.874
vn -0.374 -0.383 0.845
vn -0.336 -0.487 0.806
vn -0.323 -0.522 0.789
vn 0.045 0.999 0.014
vn -0.287 -0.643 0.710
vn -0.261 -0.717 0.646
vn 0.046 0.999 0.021
vn -0.229 -0.812 0.537
vn -0.218 -0.838 0.500
vn 0.049 0.998 0.024
vn -0.180 -0.915 0.361
vn 0.052 0.998 0.023
vn -0.119 -0.973 0.197
vn -0.124 -0.971 0.204
vn 0.054 0.998 0.020
vn -0.118 -0.974 0.193
vn -0.039 -0.998 0.049
vn 0.054 0.998 0.014
vn 0.062 -0.994 -0.091
vn 0.050 0.999 0.008
vn 0.159 -0.962 -0.223
vn 0.115 -0.980 -0.162
vn 0.046 0.999 0.000
vn 0.232 -0.900 -0.370
vn 0.041 0.999 -0.005
vn 0.306 -0.782 -0.542
vn 0.309 -0.792 -0.526
vn 0.036 0.999 -0.004
vn 0.396 -0.588 -0.706
vn 0.413 -0.616 -0.670
vn 0.319 -0.779 -0.540
vn 0.418 0.668 -0.616
vn 0.169 0.954 -0.249
vn 0.461 -0.387 -0.799
vn 0.529 -0.457 -0.715
vn 0.520 -0.469 -0.714
vn 0.434 -0.586 -0.684
vn -0.389 0.145 0.910
vn -0.377 0.118 0.918
vn -0.355 0.055 0.933
vn -0.356 0.035 0.934
vn -0.352 -0.153 0.924
vn -0.352 -0.064 0.934
vn -0.381 -0.290 0.878
vn -0.177 0.751 0.636
vn -0.102 0.876 0.471
vn -0.335 0.278 0.900
vn -0.345 0.137 0.929
vn -0.353 0.118 0.928
vn -0.346 -0.152 0.926
vn -0.329 -0.288 0.899
vn -0.309 -0.381 0.871
vn -0.307 -0.486 0.818
vn -0.294 -0.445 0.846
vn 0.045 0.999 0.022
vn -0.286 -0.489 0.824
vn -0.260 -0.652 0.712
vn -0.257 -0.669 0.697
vn 0.046 0.999 0.023
vn -0.228 -0.820 0.524
vn -0.233 -0.812 0.535
vn 0.049 0.998 0.028
vn -0.229 -0.825 0.516
vn -0.207 -0.893 0.400
vn 0.052 0.998 0.026
vn -0.163 -0.948 0.273
vn 0.051 0.999 0.019
vn -0.096 -0.979 0.178
vn -0.076 -0.986 0.149
vn 0.047 0.999 0.010
vn 0.036 -0.999 0.018
vn 0.043 0.999 0.001
vn 0.152 -0.972 -0.179
vn 0.140 -0.981 -0.132
vn 0.040 0.999 -0.005
vn 0.211 -0.933 -0.292
vn 0.169 -0.966 -0.194
vn 0.038 0.999 -0.008
vn 0.274 -0.855 -0.439
vn 0.038 0.999 -0.006
vn 0.371 -0.745 -0.554
vn 0.341 -0.782 -0.521
vn 0.039 0.999 -0.022
vn 0.529 -0.470 -0.707
vn 0.492 -0.598 -0.632
vn 0.485 -0.609 -0.628
vn -0.356 0.035 0.934
vn -0.294 0.683 0.669
vn -0.354 0.524 0.775
vn -0.337 0.237 0.911
vn -0.355 0.121 0.927
vn -0.365 0.110 0.925
vn -0.374 0.035 0.927
vn -0.364 -0.142 0.921
vn -0.340 -0.276 0.899
vn -0.317 -0.373 0.872
vn -0.318 -0.370 0.873
vn -0.267 0.744 0.612
vn 0.046 0.989 0.137
vn -0.317 -0.373 0.872
vn -0.307 -0.496 0.812
vn -0.268 -0.655 0.707
vn -0.301 -0.604 0.738
vn 0.045 0.999 0.024
vn -0.292 -0.667 0.686
vn -0.272 -0.774 0.572
vn 0.044 0.999 0.030
vn -0.248 -0.838 0.485
vn -0.234 -0.867 0.440
vn 0.042 0.999 0.025
vn -0.179 -0.924 0.339
vn 0.040 0.999 0.015
vn -0.086 -0.975 0.205
vn -0.095 -0.964 0.247
vn 0.037 0.999 0.006
vn -0.076 -0.971 0.225
vn 0.001 -0.992 0.124
vn 0.037 0.999 -0.001
vn 0.089 -0.995 -0.047
vn 0.038 0.999 -0.006
vn 0.174 -0.952 -0.251
vn 0.154 -0.961 -0.231
vn 0.041 0.999 -0.007
vn 0.204 -0.905 -0.373
vn 0.165 -0.951 -0.260
vn 0.044 0.999 -0.004
vn 0.327 -0.791 -0.517
vn 0.271 -0.841 -0.468
vn 0.047 0.999 0.002
vn 0.481 -0.612 -0.627
vn 0.363 -0.742 -0.563
vn 0.304 -0.810 -0.501
vn -0.388 0.225 0.894
vn -0.423 0.114 0.899
vn -0.424 0.104 0.900
vn -0.437 0.092 0.895
vn -0.454 0.034 0.890
vn -0.443 -0.119 0.889
vn -0.401 -0.251 0.881
vn -0.417 -0.220 0.882
vn -0.291 0.713 0.638
vn -0.102 0.938 0.331
vn -0.425 0.236 0.874
vn -0.409 -0.249 0.878
vn -0.381 -0.365 0.849
vn -0.369 -0.501 0.783
vn -0.369 -0.516 0.773
vn 0.042 0.999 0.020
vn -0.344 -0.676 0.652
vn -0.333 -0.711 0.619
vn 0.036 0.999 0.026
vn -0.260 -0.837 0.481
vn -0.270 -0.827 0.494
vn 0.030 0.999 0.022
vn -0.260 -0.837 0.482
vn -0.198 -0.891 0.408
vn 0.029 0.999 0.014
vn -0.120 -0.938 0.325
vn 0.029 1.000 0.007
vn -0.082 -0.960 0.266
vn -0.048 -0.978 0.203
vn 0.032 0.999 0.001
vn 0.017 -1.000 0.022
vn 0.037 0.999 -0.002
vn 0.079 -0.981 -0.175
vn 0.044 0.999 -0.002
vn 0.135 -0.937 -0.323
vn 0.119 -0.953 -0.278
vn 0.050 0.999 0.000
vn 0.186 -0.892 -0.412
vn 0.055 0.998 0.005
vn 0.244 -0.833 -0.497
vn 0.241 -0.836 -0.492
vn -0.425 0.104 0.899
vn -0.446 0.088 0.891
vn -0.478 0.032 0.878
vn -0.465 -0.110 0.879
vn -0.442 0.597 0.669
vn -0.470 0.521 0.713
vn -0.470 0.223 0.854
vn -0.471 0.096 0.877
vn -0.481 0.066 0.874
vn -0.507 0.024 0.861
vn -0.506 -0.094 0.857
vn -0.481 -0.216 0.849
vn -0.455 -0.351 0.819
vn -0.378 -0.502 0.778
vn -0.452 -0.376 0.809
vn -0.435 0.614 0.659
vn 0.006 0.990 0.143
vn -0.430 -0.509 0.745
vn -0.362 -0.675 0.643
vn -0.406 -0.613 0.678
vn 0.033 0.999 0.018
vn -0.381 -0.672 0.635
vn -0.331 -0.753 0.568
vn 0.026 0.999 0.018
vn -0.269 -0.819 0.507
vn -0.242 -0.844 0.478
vn 0.024 1.000 0.014
vn -0.167 -0.907 0.386
vn 0.026 1.000 0.010
vn -0.119 -0.951 0.284
vn -0.109 -0.960 0.258
vn 0.031 0.999 0.007
vn -0.056 -0.995 0.081
vn 0.039 0.999 0.006
vn 0.012 -0.994 -0.112
vn 0.047 0.999 0.005
vn 0.092 -0.955 -0.282
vn 0.081 -0.959 -0.270
vn 0.055 0.998 0.006
vn 0.136 -0.919 -0.370
vn 0.085 -0.957 -0.277
vn 0.060 0.998 0.008
vn 0.237 -0.838 -0.492
vn 0.178 -0.873 -0.454
vn -0.469 0.231 0.852
vn -0.464 0.098 0.880
vn -0.465 0.044 0.884
vn -0.473 0.030 0.881
vn -0.491 0.002 0.871
vn -0.507 -0.091 0.857
vn -0.504 -0.068 0.861
vn -0.503 -0.204 0.840
vn -0.463 -0.349 0.815
vn -0.374 0.644 0.667
vn -0.204 0.874 0.441
vn -0.478 0.247 0.843
vn -0.463 0.100 0.881
vn -0.464 0.044 0.885
vn -0.507 -0.091 0.857
vn -0.507 -0.206 0.837
vn -0.495 -0.353 0.794
vn -0.462 -0.509 0.726
vn -0.471 -0.488 0.735
vn 0.039 0.998 0.043
vn -0.465 -0.510 0.724
vn -0.402 -0.655 0.640
vn -0.399 -0.661 0.635
vn 0.033 0.999 0.013
vn -0.286 -0.802 0.524
vn -0.314 -0.774 0.551
vn 0.030 0.999 0.014
vn -0.296 -0.794 0.531
vn -0.240 -0.863 0.444
vn 0.031 0.999 0.014
vn -0.141 -0.949 0.281
vn -0.180 -0.934 0.308
vn 0.036 0.999 0.014
vn -0.161 -0.954 0.255
vn -0.122 -0.982 0.144
vn 0.043 0.999 0.014
vn -0.045 -0.998 -0.036
vn 0.051 0.999 0.014
vn 0.042 -0.978 -0.204
vn 0.057 0.998 0.012
vn 0.113 -0.939 -0.325
vn 0.064 -0.969 -0.240
vn 0.062 0.998 0.011
vn 0.154 -0.896 -0.417
vn -0.488 -0.000 0.873
vn -0.404 0.585 0.704
vn -0.439 0.393 0.808
vn -0.431 0.267 0.862
vn -0.428 0.118 0.896
vn -0.422 0.034 0.906
vn -0.442 -0.029 0.897
vn -0.465 -0.123 0.877
vn -0.483 -0.234 0.844
vn -0.489 -0.365 0.792
vn -0.485 -0.318 0.815
vn -0.375 0.617 0.691
vn -0.025 0.977 0.213
vn -0.485 -0.372 0.791
vn -0.457 -0.517 0.724
vn -0.403 -0.654 0.640
vn -0.442 -0.560 0.701
vn 0.046 0.999 0.010
vn -0.403 -0.645 0.649
vn -0.379 -0.693 0.614
vn 0.043 0.999 0.012
vn -0.327 -0.781 0.532
vn -0.314 -0.802 0.507
vn 0.042 0.999 0.015
vn -0.252 -0.894 0.371
vn 0.044 0.999 0.018
vn -0.184 -0.958 0.220
vn -0.183 -0.959 0.217
vn 0.047 0.999 0.021
vn -0.098 -0.994 0.053
vn 0.052 0.998 0.020
vn 0.003 -0.993 -0.116
vn 0.057 0.998 0.018
vn 0.093 -0.960 -0.266
vn 0.051 -0.979 -0.197
vn 0.060 0.998 0.015
vn 0.145 -0.912 -0.384
vn -0.411 0.276 0.869
vn -0.401 0.129 0.907
vn -0.400 0.106 0.910
vn -0.398 0.026 0.917
vn -0.409 -0.057 0.911
vn -0.430 -0.155 0.890
vn -0.416 -0.096 0.904
vn -0.464 -0.249 0.850
vn -0.347 0.615 0.708
vn -0.229 0.820 0.524
vn -0.395 0.286 0.873
vn -0.401 0.130 0.907
vn -0.426 -0.160 0.890
vn -0.442 -0.273 0.854
vn -0.441 -0.403 0.802
vn -0.441 -0.524 0.728
vn -0.432 -0.464 0.773
vn 0.055 0.996 0.071
vn -0.421 -0.535 0.733
vn -0.394 -0.651 0.649
vn -0.398 -0.628 0.669
vn 0.054 0.999 0.009
vn -0.391 -0.654 0.647
vn -0.331 -0.782 0.528
vn -0.363 -0.740 0.566
vn 0.050 0.999 0.014
vn -0.340 -0.788 0.513
vn -0.307 -0.842 0.443
vn 0.048 0.999 0.019
vn -0.184 -0.958 0.219
vn -0.234 -0.924 0.302
vn 0.049 0.999 0.023
vn -0.154 -0.975 0.163
vn -0.146 -0.978 0.150
vn 0.052 0.998 0.023
vn -0.045 -0.999 -0.015
vn 0.055 0.998 0.020
vn 0.053 -0.981 -0.187
vn 0.036 -0.987 -0.159
vn 0.056 0.998 0.016
vn 0.120 -0.932 -0.343
vn -0.399 0.025 0.916
vn -0.409 -0.059 0.911
vn -0.362 0.548 0.754
vn -0.381 0.441 0.813
vn -0.396 0.289 0.871
vn -0.422 0.132 0.897
vn -0.425 0.025 0.905
vn -0.425 -0.070 0.903
vn -0.424 -0.182 0.887
vn -0.418 -0.296 0.859
vn -0.419 -0.415 0.808
vn -0.413 -0.351 0.840
vn -0.347 0.555 0.756
vn -0.020 0.977 0.214
vn -0.403 -0.426 0.810
vn -0.382 -0.564 0.732
vn -0.380 -0.581 0.720
vn 0.053 0.999 0.008
vn -0.371 -0.678 0.634
vn -0.368 -0.696 0.617
vn 0.050 0.999 0.010
vn -0.327 -0.798 0.506
vn -0.331 -0.791 0.514
vn 0.048 0.999 0.017
vn -0.325 -0.800 0.504
vn -0.265 -0.883 0.388
vn 0.048 0.999 0.024
vn -0.150 -0.975 0.162
vn -0.182 -0.952 0.245
vn 0.051 0.998 0.026
vn -0.103 -0.990 0.100
vn -0.093 -0.992 0.082
vn 0.053 0.998 0.022
vn 0.016 -0.991 -0.132
vn -0.003 -0.995 -0.104
vn 0.055 0.998 0.016
vn 0.067 -0.954 -0.292
vn 0.000 -0.994 -0.112
vn -0.415 0.275 0.868
vn -0.456 0.148 0.877
vn -0.465 0.112 0.878
vn -0.474 0.026 0.880
vn -0.464 -0.061 0.884
vn -0.442 -0.172 0.880
vn -0.448 -0.150 0.881
vn -0.415 -0.295 0.861
vn -0.380 0.569 0.729
vn -0.245 0.826 0.508
vn -0.422 0.268 0.866
vn -0.444 -0.172 0.880
vn -0.416 -0.293 0.861
vn -0.386 -0.437 0.812
vn -0.376 -0.570 0.730
vn -0.375 -0.506 0.777
vn 0.038 0.997 0.073
vn -0.364 -0.589 0.721
vn -0.362 -0.687 0.629
vn -0.356 -0.666 0.655
vn 0.044 0.999 0.010
vn -0.348 -0.702 0.621
vn -0.332 -0.751 0.571
vn 0.045 0.999 0.017
vn -0.294 -0.816 0.498
vn -0.278 -0.839 0.467
vn 0.046 0.999 0.025
vn -0.207 -0.921 0.329
vn 0.049 0.998 0.029
vn -0.099 -0.990 0.095
vn -0.131 -0.978 0.164
vn 0.051 0.998 0.025
vn -0.018 -0.996 -0.082
vn -0.057 -0.998 -0.028
vn 0.053 0.998 0.017
vn 0.010 -0.971 -0.238
vn -0.467 0.110 0.877
vn -0.480 0.027 0.877
vn -0.470 -0.056 0.881
vn -0.384 0.496 0.779
vn -0.394 0.437 0.809
vn -0.442 0.237 0.865
vn -0.483 0.089 0.871
vn -0.491 0.031 0.871
vn -0.482 -0.040 0.875
vn -0.460 -0.146 0.876
vn -0.430 -0.272 0.861
vn -0.391 -0.436 0.811
vn -0.412 -0.361 0.837
vn -0.375 0.499 0.781
vn -0.036 0.976 0.216
vn -0.396 -0.438 0.807
vn -0.368 -0.607 0.705
vn -0.365 -0.621 0.694
vn 0.042 0.999 0.017
vn -0.342 -0.709 0.617
vn -0.340 -0.714 0.612
vn 0.042 0.999 0.020
vn -0.287 -0.817 0.501
vn -0.296 -0.794 0.530
vn 0.045 0.999 0.028
vn -0.278 -0.823 0.496
vn -0.233 -0.886 0.400
vn 0.046 0.998 0.031
vn -0.163 -0.959 0.233
vn 0.048 0.999 0.026
vn -0.092 -0.995 0.038
vn 0.049 0.999 0.019
vn -0.022 -0.983 -0.180
vn -0.435 0.217 0.874
vn -0.456 0.071 0.887
vn -0.451 0.032 0.892
vn -0.451 0.016 0.892
vn -0.451 -0.026 0.892
vn -0.450 -0.127 0.884
vn -0.450 -0.049 0.892
vn -0.437 -0.263 0.860
vn -0.393 0.519 0.759
vn -0.247 0.815 0.524
vn -0.429 0.211 0.878
vn -0.453 0.070 0.889
vn -0.451 0.032 0.892
vn -0.449 -0.127 0.884
vn -0.446 -0.264 0.855
vn -0.431 -0.444 0.785
vn -0.374 -0.609 0.700
vn -0.420 -0.522 0.742
vn 0.029 0.997 0.076
vn -0.396 -0.610 0.686
vn -0.345 -0.708 0.615
vn -0.376 -0.667 0.643
vn 0.046 0.999 0.020
vn -0.355 -0.704 0.615
vn -0.334 -0.741 0.582
vn 0.045 0.999 0.029
vn -0.284 -0.823 0.492
vn -0.272 -0.840 0.469
vn 0.042 0.999 0.032
vn -0.189 -0.932 0.308
vn 0.041 0.999 0.027
vn -0.102 -0.988 0.112
vn 0.042 0.999 0.020
vn -0.018 -0.993 -0.112
vn -0.449 -0.026 0.893
vn -0.359 0.464 0.810
vn -0.359 0.457 0.814
vn -0.393 0.208 0.896
vn -0.400 0.075 0.913
vn -0.417 0.027 0.908
vn -0.477 -0.054 0.877
vn -0.545 -0.177 0.820
vn -0.573 -0.311 0.758
vn -0.473 -0.451 0.757
vn -0.563 -0.366 0.741
vn -0.357 0.465 0.810
vn -0.014 0.975 0.223
vn -0.582 -0.388 0.715
vn -0.465 -0.569 0.679
vn -0.494 -0.542 0.680
vn 0.050 0.998 0.034
vn -0.469 -0.564 0.680
vn -0.360 -0.697 0.620
vn -0.366 -0.688 0.627
vn 0.046 0.999 0.025
vn -0.358 -0.698 0.621
vn -0.285 -0.821 0.495
vn -0.305 -0.780 0.546
vn 0.039 0.999 0.027
vn -0.273 -0.827 0.492
vn -0.212 -0.890 0.405
vn 0.034 0.999 0.026
vn -0.101 -0.973 0.209
vn 0.035 0.999 0.023
vn 0.004 -1.000 -0.026
vn -0.361 0.211 0.908
vn -0.388 0.135 0.912
vn -0.420 0.044 0.907
vn -0.660 -0.064 0.748
vn -0.889 -0.200 0.412
vn -0.804 -0.136 0.579
vn -0.840 -0.288 0.459
vn -0.652 -0.344 0.675
vn -0.339 0.504 0.794
vn -0.154 0.866 0.476
vn -0.357 0.208 0.911
vn -0.932 -0.284 0.226
vn -0.887 -0.382 0.260
vn -0.959 -0.136 0.247
vn -0.935 -0.041 0.352
vn -0.816 -0.143 0.560
vn 0.047 0.997 0.058
vn -0.883 -0.299 0.363
vn -0.838 -0.099 0.536
vn -0.838 -0.122 0.533
vn -0.817 0.066 0.572
vn -0.812 0.068 0.580
vn -0.797 0.064 0.601
vn -0.601 -0.294 0.743
vn -0.542 -0.391 0.744
vn 0.046 0.999 0.018
vn -0.836 -0.098 0.541
vn -0.816 0.068 0.574
vn -0.335 -0.675 0.658
vn -0.310 -0.716 0.626
vn 0.038 0.999 0.020
vn -0.241 -0.818 0.523
vn -0.229 -0.830 0.509
vn 0.033 0.999 0.024
vn -0.115 -0.938 0.326
vn 0.034 0.999 0.027
vn 0.001 -0.997 0.077
vn -0.445 0.034 0.895
vn -0.708 -0.080 0.702
vn -0.300 0.454 0.839
vn -0.281 0.572 0.771
vn -0.433 0.010 0.901
vn -0.732 -0.541 0.414
vn -0.711 -0.516 0.478
vn -0.853 -0.437 0.285
vn 0.027 0.987 0.160
vn -0.714 -0.570 0.406
vn -0.703 -0.452 0.549
vn -0.664 -0.499 0.557
vn -0.790 -0.286 0.543
vn -0.741 0.090 0.665
vn -0.588 -0.238 0.773
vn 0.046 0.999 0.016
vn -0.657 -0.463 0.595
vn -0.566 -0.263 0.781
vn -0.497 -0.046 0.866
vn -0.502 -0.090 0.860
vn -0.482 0.043 0.875
vn -0.480 0.117 0.869
vn -0.535 0.161 0.829
vn -0.505 -0.097 0.858
vn -0.292 -0.629 0.721
vn -0.315 -0.558 0.767
vn 0.042 0.999 0.014
vn -0.483 -0.043 0.875
vn -0.281 -0.621 0.732
vn -0.233 -0.813 0.534
vn -0.229 -0.770 0.596
vn 0.040 0.999 0.022
vn -0.217 -0.812 0.542
vn -0.160 -0.890 0.427
vn 0.041 0.999 0.030
vn -0.060 -0.981 0.183
vn -0.310 0.360 0.880
vn -0.598 -0.413 0.687
vn -0.326 0.298 0.897
vn -0.020 0.941 0.337
vn -0.606 -0.479 0.635
vn -0.591 -0.566 0.575
vn -0.554 -0.549 0.626
vn 0.047 0.999 0.026
vn -0.535 -0.568 0.625
vn -0.399 -0.345 0.849
vn -0.383 -0.360 0.851
vn -0.435 -0.197 0.878
vn -0.442 0.107 0.891
vn -0.342 0.113 0.933
vn -0.277 -0.071 0.958
vn 0.050 0.999 0.015
vn -0.359 -0.327 0.874
vn -0.160 -0.059 0.985
vn -0.084 -0.000 0.997
vn -0.111 0.020 0.994
vn -0.205 0.083 0.975
vn -0.267 -0.069 0.961
vn -0.141 -0.600 0.788
vn -0.154 -0.736 0.660
vn 0.052 0.998 0.022
vn -0.189 -0.839 0.510
vn -0.183 -0.864 0.468
vn 0.052 0.998 0.030
vn -0.136 -0.954 0.266
vn -0.403 -0.001 0.915
vn -0.210 0.763 0.612
vn -0.499 -0.551 0.669
vn -0.490 -0.500 0.714
vn 0.045 0.997 0.058
vn -0.492 -0.555 0.671
vn -0.323 -0.419 0.849
vn -0.321 -0.416 0.851
vn 0.055 0.998 0.021
vn -0.060 -0.099 0.993
vn -0.000 -0.000 1.000
vn -0.000 -0.000 1.000
vn -0.000 -0.000 1.000
vn -0.020 0.010 1.000
vn -0.084 -0.108 0.991
vn -0.005 -0.595 0.804
vn -0.024 -0.736 0.677
vn 0.058 0.998 0.025
vn 0.058 0.998 0.023
vn 0.059 0.998 0.025
vn -0.070 -0.892 0.446
vn -0.070 -0.892 0.446
vn 0.055 0.998 0.029
vn 0.059 0.998 0.028
vn -0.095 -0.949 0.301
vn -0.411 -0.176 0.895
vn -0.411 -0.142 0.901
vn -0.409 -0.188 0.893
vn 0.051 0.987 0.152
vn 0.041 0.976 0.213
vn 0.052 0.980 0.192
vn -0.353 -0.486 0.800
vn -0.321 -0.417 0.850
vn -0.195 -0.336 0.922
vn 0.055 0.998 0.023
vn 0.055 0.998 0.028
vn -0.096 -0.238 0.966
vn -0.000 -0.001 1.000
vn -0.000 -0.000 1.000
vn -0.000 -0.000 1.000
vn -0.000 -0.000 1.000
vn -0.000 -0.000 1.000
vn -0.010 -0.093 0.996
vn 0.060 -0.562 0.825
vn 0.063 -0.743 0.666
vn 0.057 0.998 0.025
vn 0.064 -0.904 0.423
vn 0.063 -0.905 0.421
vn 0.052 0.998 0.023
vn 0.008 -0.952 0.306
vn -0.408 -0.177 0.896
vn -0.039 0.883 0.467
vn -0.001 0.921 0.389
vn -0.371 -0.144 0.917
vn -0.205 -0.338 0.919
vn -0.178 -0.308 0.935
vn 0.053 0.998 0.031
vn -0.001 -0.113 0.994
vn -0.000 -0.000 1.000
vn -0.000 -0.000 1.000
vn -0.000 -0.000 1.000
vn -0.000 -0.000 1.000
vn -0.000 -0.000 1.000
vn -0.000 -0.056 0.998
vn 0.066 -0.511 0.857
vn 0.090 -0.756 0.649
vn 0.048 0.999 0.024
vn 0.113 -0.891 0.439
vn 0.100 -0.906 0.411
vn 0.043 0.999 0.018
vn 0.053 -0.954 0.296
vn -0.194 0.739 0.645
vn -0.191 0.743 0.641
vn -0.272 -0.089 0.958
vn -0.181 -0.313 0.932
vn -0.142 -0.184 0.973
vn 0.054 0.996 0.077
vn -0.097 -0.213 0.972
vn -0.000 -0.043 0.999
vn -0.000 -0.000 1.000
vn -0.000 -0.000 1.000
vn -0.000 -0.000 1.000
vn -0.000 -0.000 1.000
vn -0.000 -0.000 1.000
vn -0.000 -0.024 1.000
vn 0.043 -0.469 0.882
vn 0.069 -0.771 0.633
vn 0.045 0.999 0.021
vn 0.088 -0.874 0.478
vn 0.078 -0.906 0.415
vn 0.052 0.998 0.021
vn 0.047 -0.959 0.280
vn -0.195 0.737 0.647
vn -0.214 0.122 0.969
vn -0.193 0.030 0.981
vn -0.150 -0.011 0.989
vn -0.104 0.847 0.521
vn 0.058 0.979 0.198
vn -0.036 -0.126 0.991
vn -0.000 -0.015 1.000
vn -0.000 -0.000 1.000
vn -0.000 -0.000 1.000
vn -0.000 -0.000 1.000
vn -0.000 -0.000 1.000
vn -0.000 -0.000 1.000
vn -0.000 -0.008 1.000
vn 0.017 -0.455 0.890
vn 0.013 -0.783 0.621
vn 0.075 0.997 0.034
vn 0.020 -0.864 0.504
vn 0.014 -0.906 0.424
vn 0.101 0.994 0.051
vn 0.007 -0.962 0.271
vn -0.178 0.073 0.981
vn -0.068 0.775 0.629
vn 0.056 0.920 0.389
vn -0.157 0.166 0.974
vn -0.012 -0.043 0.999
vn -0.000 -0.006 1.000
vn -0.000 -0.000 1.000
vn -0.000 -0.000 1.000
vn -0.000 -0.000 1.000
vn -0.000 -0.000 1.000
vn -0.000 -0.000 1.000
vn -0.000 -0.004 1.000
vn -0.003 -0.479 0.878
vn -0.050 -0.785 0.617
vn 0.145 0.986 0.085
vn -0.057 -0.867 0.495
vn -0.061 -0.902 0.428
vn 0.186 0.978 0.100
vn -0.045 -0.958 0.283
vn -0.103 0.652 0.751
vn 0.002 0.800 0.600
vn -0.128 0.255 0.959
vn -0.008 0.032 0.999
vn -0.000 -0.003 1.000
vn -0.000 -0.000 1.000
vn -0.000 -0.000 1.000
vn -0.000 -0.000 1.000
vn -0.000 -0.000 1.000
vn -0.000 -0.000 1.000
vn -0.000 -0.011 1.000
vn -0.034 -0.534 0.845
vn -0.103 -0.780 0.617
vn 0.215 0.960 0.182
vn -0.127 -0.879 0.459
vn -0.123 -0.897 0.424
vn 0.282 0.944 0.170
vn -0.091 -0.946 0.312
vn -0.118 0.536 0.836
vn -0.084 0.602 0.794
vn -0.103 0.310 0.945
vn -0.015 0.089 0.996
vn -0.000 0.001 1.000
vn -0.000 -0.000 1.000
vn -0.000 -0.000 1.000
vn -0.000 -0.000 1.000
vn -0.000 -0.000 1.000
vn -0.000 -0.000 1.000
vn -0.000 -0.045 0.999
vn -0.101 -0.611 0.785
vn -0.156 -0.769 0.620
vn 0.258 0.922 0.289
vn -0.188 -0.888 0.419
vn -0.186 -0.890 0.416
vn 0.330 0.913 0.242
vn 0.314 0.913 0.259
vn 0.336 0.905 0.260
vn -0.133 -0.930 0.344
vn -0.056 0.468 0.882
vn -0.056 0.475 0.878
vn -0.087 0.340 0.936
vn -0.029 0.137 0.990
vn -0.000 0.012 1.000
vn -0.000 -0.000 1.000
vn -0.000 -0.000 1.000
vn -0.000 -0.000 1.000
vn -0.000 -0.000 1.000
vn -0.000 -0.000 1.000
vn -0.000 -0.138 0.990
vn -0.198 -0.692 0.695
vn -0.216 -0.760 0.613
vn 0.258 0.889 0.379
vn 0.211 0.838 0.502
vn 0.254 0.869 0.425
vn -0.193 -0.889 0.416
vn -0.229 -0.859 0.459
vn 0.325 0.888 0.326
vn -0.222 -0.893 0.391
vn -0.180 -0.909 0.376
vn 0.519 0.001 0.855
vn 0.519 0.001 0.855
vn 0.519 0.001 0.855
vn 0.365 -0.000 0.931
vn 0.365 -0.000 0.931
vn 0.286 -0.000 0.958
vn 0.286 -0.000 0.958
vn 0.267 -0.000 0.964
vn 0.267 -0.000 0.964
vn 0.319 -0.000 0.948
vn 0.319 -0.000 0.948
vn 0.468 -0.000 0.883
vn 0.468 -0.000 0.883
vn 0.691 -0.289 0.663
vn 0.691 -0.289 0.663
vn 0.691 -0.289 0.663
vn 0.928 0.373 -0.006
vn 0.733 0.305 0.608
vn 0.925 0.380 -0.007
vn 0.956 0.273 0.109
vn 0.978 0.160 0.133
vn 0.990 0.065 0.127
vn 0.992 -0.029 0.121
vn 0.982 -0.148 0.121
vn 0.952 -0.290 0.097
vn 0.920 -0.390 -0.025
vn 0.916 -0.399 -0.027
vn 0.928 0.367 -0.068
vn 0.929 0.359 -0.089
vn 0.967 0.240 -0.082
vn 0.987 0.139 -0.077
vn 0.996 0.055 -0.074
vn 0.997 -0.031 -0.077
vn 0.986 -0.139 -0.089
vn 0.956 -0.272 -0.109
vn 0.915 -0.382 -0.129
vn 0.916 -0.395 -0.071
vn 0.956 0.247 -0.158
vn 0.934 0.319 -0.160
vn 0.977 0.143 -0.156
vn 0.986 0.054 -0.156
vn 0.986 -0.040 -0.163
vn 0.971 -0.158 -0.179
vn 0.934 -0.297 -0.200
vn 0.915 -0.346 -0.209
vn 0.944 0.248 -0.217
vn 0.946 0.230 -0.230
vn 0.961 0.141 -0.236
vn 0.968 0.048 -0.245
vn 0.964 -0.054 -0.259
vn 0.945 -0.177 -0.275
vn 0.924 -0.256 -0.283
vn 0.918 -0.308 -0.250
vn 0.948 0.134 -0.287
vn 0.943 0.034 -0.331
vn 0.936 -0.069 -0.344
vn 0.929 -0.184 -0.321
vn -0.021 0.447 0.894
vn -0.011 0.438 0.899
vn -0.053 0.343 0.938
vn -0.033 0.176 0.984
vn -0.006 0.031 1.000
vn -0.000 0.000 1.000
vn -0.000 -0.000 1.000
vn -0.000 -0.000 1.000
vn -0.000 -0.000 1.000
vn -0.000 -0.000 1.000
vn -0.059 -0.308 0.950
vn -0.276 -0.757 0.592
vn -0.274 -0.766 0.582
vn 0.110 0.668 0.736
vn 0.210 0.804 0.557
vn -0.010 0.441 0.897
vn -0.250 -0.828 0.501
vn 0.216 0.947 0.240
vn -0.209 -0.891 0.404
vn -0.210 -0.887 0.411
vn 0.292 0.015 0.956
vn 0.292 0.015 0.956
vn 0.292 0.015 0.956
vn 0.001 -0.000 1.000
vn 0.001 -0.000 1.000
vn -0.000 -0.000 1.000
vn -0.000 -0.000 1.000
vn -0.000 -0.000 1.000
vn -0.000 -0.000 1.000
vn -0.000 -0.000 1.000
vn -0.000 -0.000 1.000
vn -0.000 -0.000 1.000
vn 0.286 -0.060 0.956
vn 0.286 -0.060 0.956
vn 0.286 -0.060 0.956
vn 0.840 0.541 -0.027
vn 0.820 0.525 0.227
vn 0.838 0.545 -0.027
vn 0.878 0.470 0.094
vn 0.852 -0.520 0.062
vn 0.803 -0.595 -0.018
vn 0.838 0.544 -0.049
vn 0.832 0.537 -0.137
vn 0.878 0.466 -0.110
vn 0.927 0.364 -0.088
vn 0.907 -0.400 -0.131
vn 0.852 -0.502 -0.149
vn 0.812 -0.563 -0.156
vn 0.851 0.491 -0.186
vn 0.824 0.528 -0.203
vn 0.911 0.380 -0.161
vn 0.880 -0.421 -0.219
vn 0.828 -0.512 -0.230
vn 0.813 -0.535 -0.232
vn 0.820 0.516 -0.247
vn 0.815 0.522 -0.249
vn 0.891 0.395 -0.225
vn 0.942 0.248 -0.228
vn 0.905 -0.315 -0.287
vn 0.854 -0.433 -0.289
vn 0.817 -0.500 -0.288
vn 0.815 -0.515 -0.266
vn 0.813 0.521 -0.261
vn 0.816 0.486 -0.312
vn 0.860 0.410 -0.304
vn 0.918 0.243 -0.312
vn 0.937 0.129 -0.326
vn 0.939 0.032 -0.342
vn 0.930 -0.072 -0.360
vn 0.907 -0.192 -0.375
vn 0.869 -0.321 -0.377
vn 0.823 -0.434 -0.366
vn 0.817 -0.446 -0.365
vn 0.834 0.419 -0.358
vn 0.843 0.390 -0.372
vn 0.891 0.239 -0.385
vn 0.908 0.112 -0.404
vn 0.907 0.010 -0.421
vn 0.895 -0.093 -0.436
vn 0.875 -0.203 -0.440
vn 0.846 -0.318 -0.428
vn 0.844 -0.326 -0.426
vn 0.820 -0.433 -0.373
vn 0.880 0.236 -0.412
vn 0.890 0.105 -0.443
vn 0.891 0.098 -0.444
vn 0.891 -0.005 -0.453
vn 0.883 -0.101 -0.458
vn 0.883 -0.104 -0.457
vn 0.870 -0.205 -0.447
vn 0.846 -0.318 -0.428
vn 0.890 0.098 -0.444
vn 0.890 -0.006 -0.456
vn 0.029 0.423 0.906
vn 0.047 0.414 0.909
vn 0.047 0.415 0.909
vn 0.013 0.329 0.944
vn -0.010 0.184 0.983
vn -0.005 0.047 0.999
vn -0.003 0.006 1.000
vn -0.000 -0.000 1.000
vn -0.000 -0.000 1.000
vn -0.000 -0.000 1.000
vn -0.021 -0.062 0.998
vn -0.218 -0.497 0.840
vn -0.284 -0.765 0.578
vn -0.284 -0.714 0.640
vn 0.091 0.569 0.817
vn 0.199 0.772 0.604
vn -0.302 -0.789 0.536
vn -0.248 -0.811 0.530
vn 0.069 0.990 0.121
vn -0.146 -0.855 0.497
vn 0.405 0.624 0.668
vn 0.405 0.624 0.668
vn 0.405 0.624 0.668
vn 0.014 -0.000 1.000
vn 0.014 -0.000 1.000
vn -0.000 -0.000 1.000
vn -0.000 -0.000 1.000
vn -0.000 -0.000 1.000
vn -0.000 -0.000 1.000
vn -0.000 -0.000 1.000
vn -0.000 -0.000 1.000
vn -0.000 -0.000 1.000
vn -0.000 -0.000 1.000
vn -0.000 -0.000 1.000
vn -0.000 -0.000 1.000
vn 0.056 -0.041 0.998
vn 0.056 -0.041 0.998
vn 0.056 -0.041 0.998
vn 0.361 0.933 0.020
vn 0.321 0.947 0.024
vn 0.798 -0.602 -0.015
vn 0.674 -0.739 -0.006
vn 0.429 0.900 -0.081
vn 0.388 0.919 -0.071
vn 0.814 0.563 -0.141
vn 0.785 -0.601 -0.153
vn 0.702 -0.699 -0.135
vn 0.438 0.890 -0.122
vn 0.553 0.801 -0.230
vn 0.777 0.589 -0.221
vn 0.763 -0.602 -0.233
vn 0.717 -0.659 -0.228
vn 0.759 0.589 -0.277
vn 0.703 0.646 -0.297
vn 0.803 -0.520 -0.291
vn 0.731 -0.610 -0.308
vn 0.717 -0.624 -0.309
vn 0.728 0.602 -0.327
vn 0.778 0.541 -0.319
vn 0.727 0.600 -0.334
vn 0.760 -0.536 -0.368
vn 0.713 -0.593 -0.375
vn 0.715 -0.616 -0.331
vn 0.751 0.552 -0.363
vn 0.738 0.569 -0.363
vn 0.829 0.421 -0.369
vn 0.800 -0.436 -0.413
vn 0.742 -0.537 -0.401
vn 0.738 -0.546 -0.397
vn 0.741 0.555 -0.378
vn 0.755 0.516 -0.405
vn 0.802 0.429 -0.416
vn 0.870 0.235 -0.433
vn 0.883 -0.104 -0.458
vn 0.864 -0.206 -0.459
vn 0.833 -0.319 -0.452
vn 0.783 -0.441 -0.439
vn 0.778 -0.449 -0.439
vn 0.778 0.430 -0.457
vn 0.792 0.384 -0.475
vn 0.839 0.237 -0.491
vn 0.864 0.096 -0.495
vn 0.869 -0.010 -0.494
vn 0.862 -0.110 -0.494
vn 0.843 -0.212 -0.495
vn 0.814 -0.305 -0.495
vn 0.810 -0.324 -0.489
vn 0.781 -0.441 -0.442
vn 0.821 0.243 -0.516
vn 0.841 0.106 -0.531
vn 0.849 -0.005 -0.529
vn 0.843 -0.116 -0.525
vn 0.828 -0.220 -0.515
vn -0.026 0.449 0.893
vn -0.002 0.460 0.888
vn 0.033 0.331 0.943
vn 0.086 0.162 0.983
vn 0.069 0.039 0.997
vn 0.026 0.005 1.000
vn -0.000 0.003 1.000
vn -0.010 -0.000 1.000
vn -0.036 -0.021 0.999
vn -0.148 -0.249 0.957
vn -0.303 -0.613 0.730
vn -0.289 -0.654 0.699
vn 0.118 0.472 0.874
vn 0.164 0.843 0.513
vn -0.248 -0.775 0.581
vn -0.243 -0.776 0.582
vn 0.052 0.998 0.023
vn -0.039 -0.802 0.596
vn -0.000 0.835 0.550
vn -0.000 0.835 0.550
vn 0.124 -0.000 0.992
vn 0.124 -0.000 0.992
vn 0.124 -0.000 0.992
vn 0.124 -0.000 0.992
vn 0.124 -0.000 0.992
vn 0.124 -0.000 0.992
vn 0.124 -0.000 0.992
vn 0.124 -0.000 0.992
vn 0.124 -0.000 0.992
vn 0.124 -0.000 0.992
vn 0.124 -0.000 0.992
vn -0.000 -0.000 1.000
vn 0.044 -0.202 0.978
vn 0.044 -0.202 0.978
vn 0.044 -0.202 0.978
vn -0.002 1.000 0.021
vn 0.672 -0.740 -0.005
vn 0.572 -0.810 0.126
vn -0.006 1.000 0.005
vn 0.685 -0.717 -0.129
vn 0.602 -0.794 -0.089
vn 0.207 0.976 -0.065
vn 0.066 0.998 0.004
vn 0.670 -0.707 -0.226
vn 0.616 -0.757 -0.220
vn 0.252 0.967 -0.048
vn 0.188 0.982 -0.013
vn 0.615 -0.715 -0.332
vn 0.598 -0.728 -0.335
vn 0.397 0.894 -0.208
vn 0.380 0.903 -0.199
vn 0.719 0.608 -0.337
vn 0.669 -0.638 -0.381
vn 0.605 -0.696 -0.387
vn 0.599 -0.720 -0.350
vn 0.397 0.892 -0.215
vn 0.634 0.674 -0.379
vn 0.706 0.608 -0.363
vn 0.734 -0.549 -0.400
vn 0.642 -0.661 -0.389
vn 0.639 -0.664 -0.388
vn 0.695 0.606 -0.386
vn 0.732 0.555 -0.396
vn 0.698 0.599 -0.392
vn 0.711 -0.561 -0.424
vn 0.680 -0.604 -0.416
vn 0.641 -0.662 -0.389
vn 0.716 0.547 -0.434
vn 0.710 0.555 -0.433
vn 0.774 0.429 -0.467
vn 0.807 -0.324 -0.494
vn 0.754 -0.442 -0.485
vn 0.715 -0.513 -0.475
vn 0.698 -0.560 -0.446
vn 0.712 0.544 -0.445
vn 0.733 0.455 -0.505
vn 0.748 0.417 -0.516
vn 0.805 0.244 -0.540
vn 0.835 0.107 -0.539
vn 0.847 -0.005 -0.532
vn 0.839 -0.118 -0.532
vn 0.812 -0.228 -0.538
vn 0.769 -0.336 -0.543
vn 0.745 -0.389 -0.543
vn 0.731 -0.444 -0.518
vn 0.741 0.414 -0.528
vn 0.782 0.258 -0.567
vn 0.792 0.220 -0.569
vn 0.815 0.128 -0.564
vn 0.831 0.000 -0.556
vn 0.819 -0.135 -0.558
vn 0.797 -0.215 -0.564
vn 0.787 -0.252 -0.563
vn 0.757 -0.344 -0.556
vn 0.812 0.133 -0.568
vn 0.825 0.002 -0.565
vn 0.815 -0.139 -0.563
vn -0.141 0.420 0.897
vn -0.238 0.428 0.872
vn 0.011 0.484 0.875
vn 0.159 0.156 0.975
vn 0.187 -0.009 0.982
vn 0.151 -0.061 0.987
vn 0.078 -0.035 0.996
vn 0.008 -0.035 0.999
vn -0.083 -0.141 0.987
vn -0.218 -0.393 0.893
vn -0.263 -0.622 0.737
vn -0.238 -0.584 0.776
vn 0.126 0.884 0.450
vn 0.101 0.882 0.461
vn 0.091 0.904 0.417
vn 0.060 0.342 0.938
vn -0.257 0.353 0.900
vn -0.244 -0.629 0.738
vn -0.234 -0.773 0.590
vn -0.103 -0.702 0.704
vn 0.049 0.999 0.006
vn 0.046 0.999 -0.014
vn -0.067 -0.730 0.680
vn 0.083 -0.726 0.683
vn 0.391 0.911 0.130
vn 0.391 0.911 0.130
vn 0.391 0.911 0.130
vn 0.967 0.142 0.212
vn 0.499 0.091 0.862
vn 0.977 -0.000 0.214
vn 0.501 -0.000 0.865
vn 0.977 -0.000 0.214
vn 0.501 -0.000 0.865
vn 0.977 -0.000 0.214
vn 0.501 -0.000 0.865
vn 0.977 -0.000 0.214
vn 0.501 -0.000 0.865
vn 0.977 -0.000 0.214
vn 0.501 -0.000 0.865
vn 0.977 -0.000 0.214
vn 0.501 -0.000 0.865
vn 0.977 -0.000 0.214
vn 0.501 -0.000 0.865
vn 0.977 -0.000 0.214
vn 0.501 -0.000 0.865
vn 0.977 -0.000 0.214
vn 0.501 -0.000 0.865
vn 0.955 -0.210 0.210
vn 0.496 -0.135 0.857
vn 0.496 -0.857 0.135
vn 0.394 0.919 -0.000
vn 0.394 0.919 -0.000
vn 0.991 0.135 -0.000
vn 1.000 -0.000 -0.000
vn 1.000 -0.000 -0.000
vn 1.000 -0.000 -0.000
vn 1.000 -0.000 -0.000
vn 1.000 -0.000 -0.000
vn 1.000 -0.000 -0.000
vn 1.000 -0.000 -0.000
vn 1.000 -0.000 -0.000
vn 1.000 -0.000 -0.000
vn 0.977 -0.214 -0.000
vn 0.501 -0.865 -0.000
vn 0.394 0.919 -0.000
vn 0.394 0.919 -0.000
vn 0.991 0.135 -0.000
vn 1.000 -0.000 -0.000
vn 1.000 -0.000 -0.000
vn 1.000 -0.000 -0.000
vn 1.000 -0.000 -0.000
vn 1.000 -0.000 -0.000
vn 1.000 -0.000 -0.000
vn 1.000 -0.000 -0.000
vn 1.000 -0.000 -0.000
vn 1.000 -0.000 -0.000
vn 0.977 -0.214 -0.000
vn 0.501 -0.865 -0.000
vn 0.394 0.919 -0.000
vn 0.394 0.919 -0.000
vn 0.991 0.135 -0.000
vn 1.000 -0.000 -0.000
vn 1.000 -0.000 -0.000
vn 1.000 -0.000 -0.000
vn 1.000 -0.000 -0.000
vn 1.000 -0.000 -0.000
vn 1.000 -0.000 -0.000
vn 1.000 -0.000 -0.000
vn 1.000 -0.000 -0.000
vn 1.000 -0.000 -0.000
vn 0.977 -0.214 -0.000
vn 0.501 -0.865 -0.000
vn 0.394 0.919 -0.000
vn 0.394 0.919 -0.000
vn 0.991 0.135 -0.000
vn 1.000 -0.000 -0.000
vn 1.000 -0.000 -0.000
vn 1.000 -0.000 -0.000
vn 1.000 -0.000 -0.000
vn 1.000 -0.000 -0.000
vn 1.000 -0.000 -0.000
vn 1.000 -0.000 -0.000
vn 1.000 -0.000 -0.000
vn 1.000 -0.000 -0.000
vn 0.977 -0.214 -0.000
vn 0.501 -0.865 -0.000
vn 0.394 0.919 -0.000
vn 0.394 0.919 -0.000
vn 0.991 0.135 -0.000
vn 1.000 -0.000 -0.000
vn 1.000 -0.000 -0.000
vn 1.000 -0.000 -0.000
vn 1.000 -0.000 -0.000
vn 1.000 -0.000 -0.000
vn 1.000 -0.000 -0.000
vn 1.000 -0.000 -0.000
vn 1.000 -0.000 -0.000
vn 1.000 -0.000 -0.000
vn 0.977 -0.214 -0.000
vn 0.501 -0.865 -0.000
vn 0.394 0.919 -0.000
vn 0.394 0.919 -0.000
vn 0.991 0.135 -0.000
vn 1.000 -0.000 -0.000
vn 1.000 -0.000 -0.000
vn 1.000 -0.000 -0.000
vn 1.000 -0.000 -0.000
vn 1.000 -0.000 -0.000
vn 1.000 -0.000 -0.000
vn 1.000 -0.000 -0.000
vn 1.000 -0.000 -0.000
vn 1.000 -0.000 -0.000
vn 0.977 -0.214 -0.000
vn 0.501 -0.865 -0.000
vn 0.394 0.919 -0.000
vn 0.394 0.919 -0.000
vn 0.991 0.135 -0.000
vn 1.000 -0.000 -0.000
vn 1.000 -0.000 -0.000
vn 1.000 -0.000 -0.000
vn 1.000 -0.000 -0.000
vn 1.000 -0.000 -0.000
vn 1.000 -0.000 -0.000
vn 1.000 -0.000 -0.000
vn 1.000 -0.000 -0.000
vn 1.000 -0.000 -0.000
vn 0.977 -0.214 -0.000
vn 0.501 -0.865 -0.000
vn 0.394 0.919 -0.000
vn 0.394 0.919 -0.000
vn 0.985 0.155 0.078
vn 0.997 -0.000 0.073
vn 0.997 -0.000 0.073
vn 0.997 -0.000 0.073
vn 0.997 -0.000 0.073
vn 0.997 -0.000 0.073
vn 0.997 -0.000 0.073
vn 0.997 -0.000 0.073
vn 0.997 -0.000 0.073
vn 0.997 -0.000 0.073
vn 0.965 -0.248 0.083
vn 0.543 -0.839 0.049
vn -0.000 1.000 0.031
vn -0.000 -0.164 0.986
vn -0.000 -0.000 1.000
vn 0.220 -0.460 0.860
vn 0.220 -0.460 0.860
vn 0.220 -0.460 0.860
vn -0.002 1.000 0.017
vn 0.534 -0.839 0.107
vn 0.493 -0.857 0.151
vn -0.005 1.000 0.002
vn 0.564 -0.822 -0.072
vn 0.508 -0.860 -0.050
vn -0.007 1.000 -0.001
vn 0.550 -0.805 -0.222
vn 0.517 -0.826 -0.224
vn -0.017 1.000 -0.013
vn 0.500 -0.794 -0.346
vn 0.508 -0.809 -0.296
vn -0.013 1.000 -0.022
vn 0.566 -0.732 -0.378
vn 0.532 -0.762 -0.369
vn 0.071 0.997 -0.024
vn 0.146 0.989 -0.027
vn 0.571 -0.739 -0.357
vn 0.561 -0.746 -0.360
vn 0.687 0.612 -0.392
vn 0.364 0.904 -0.225
vn 0.638 -0.665 -0.388
vn 0.611 -0.699 -0.371
vn 0.691 0.595 -0.409
vn 0.643 0.643 -0.416
vn 0.695 -0.554 -0.459
vn 0.647 -0.632 -0.427
vn 0.634 -0.658 -0.407
vn 0.692 0.587 -0.421
vn 0.714 0.525 -0.463
vn 0.704 0.554 -0.444
vn 0.726 -0.439 -0.529
vn 0.683 -0.535 -0.497
vn 0.682 -0.537 -0.496
vn 0.723 0.501 -0.475
vn 0.749 0.397 -0.531
vn 0.733 0.471 -0.490
vn 0.783 0.258 -0.566
vn 0.787 -0.254 -0.562
vn 0.757 -0.350 -0.552
vn 0.728 -0.428 -0.535
vn 0.725 -0.435 -0.534
vn 0.683 -0.535 -0.497
vn 0.766 0.387 -0.514
vn 0.791 0.322 -0.520
vn 0.803 0.265 -0.534
vn 0.823 0.143 -0.550
vn 0.831 0.004 -0.556
vn 0.822 -0.146 -0.550
vn 0.800 -0.270 -0.535
vn 0.790 -0.314 -0.526
vn 0.769 -0.360 -0.528
vn 0.811 0.263 -0.522
vn 0.835 0.139 -0.532
vn 0.840 0.003 -0.543
vn 0.831 -0.142 -0.538
vn 0.807 -0.269 -0.526
vn 0.207 0.171 0.963
vn 0.230 0.189 0.955
vn 0.202 0.272 0.941
vn 0.204 -0.001 0.979
vn 0.245 0.012 0.970
vn 0.235 -0.087 0.968
vn 0.284 -0.103 0.953
vn 0.257 -0.123 0.959
vn -0.005 0.665 0.747
vn -0.131 0.620 0.774
vn 0.241 -0.133 0.961
vn 0.135 -0.155 0.979
vn 0.001 -0.265 0.964
vn -0.101 -0.446 0.889
vn -0.080 -0.494 0.866
vn 0.100 0.867 0.489
vn 0.059 0.938 0.341
vn -0.070 0.176 0.982
vn -0.140 0.287 0.948
vn -0.069 -0.571 0.818
vn 0.068 -0.624 0.778
vn 0.035 0.999 -0.018
vn 0.099 -0.640 0.762
vn 0.113 -0.710 0.695
vn -0.000 0.994 0.110
vn -0.000 0.994 0.110
vn 0.043 0.087 0.995
vn 0.042 -0.000 0.999
vn 0.042 -0.000 0.999
vn 0.042 -0.000 0.999
vn 0.042 -0.000 0.999
vn 0.042 -0.000 0.999
vn 0.042 -0.000 0.999
vn 0.042 -0.000 0.999
vn 0.042 -0.000 0.999
vn 0.042 -0.000 0.999
vn 0.044 -0.110 0.993
vn 0.044 -0.993 0.110
vn -0.000 1.000 -0.000
vn 0.042 -0.999 -0.000
vn -0.000 1.000 -0.000
vn 0.042 -0.999 -0.000
vn -0.000 1.000 -0.000
vn 0.042 -0.999 -0.000
vn -0.000 1.000 -0.000
vn 0.042 -0.999 -0.000
vn -0.000 1.000 -0.000
vn 0.042 -0.999 -0.000
vn -0.000 1.000 -0.000
vn 0.042 -0.999 -0.000
vn -0.000 1.000 -0.000
vn 0.042 -0.999 -0.000
vn -0.000 1.000 -0.000
vn 0.046 -0.999 0.023
vn -0.000 1.000 0.029
vn -0.000 -0.164 0.986
vn -0.000 -0.000 1.000
vn -0.000 -0.168 0.986
vn -0.000 -0.168 0.986
vn -0.001 1.000 0.016
vn 0.420 -0.892 0.167
vn -0.001 1.000 -0.000
vn 0.401 -0.915 -0.039
vn -0.007 1.000 -0.008
vn 0.392 -0.892 -0.226
vn -0.018 1.000 -0.019
vn 0.478 -0.809 -0.341
vn 0.413 -0.849 -0.329
vn -0.019 1.000 -0.023
vn -0.018 1.000 -0.023
vn -0.020 1.000 -0.024
vn 0.469 -0.818 -0.333
vn 0.467 -0.820 -0.332
vn -0.022 0.999 -0.027
vn 0.562 -0.749 -0.351
vn 0.512 -0.795 -0.324
vn -0.011 1.000 -0.027
vn 0.558 -0.755 -0.345
vn 0.540 -0.771 -0.338
vn 0.164 0.985 -0.043
vn 0.631 -0.655 -0.415
vn 0.567 -0.728 -0.386
vn 0.549 -0.756 -0.356
vn 0.673 0.597 -0.437
vn 0.423 0.862 -0.280
vn 0.622 -0.647 -0.441
vn 0.613 -0.658 -0.436
vn 0.719 0.554 -0.420
vn 0.704 0.571 -0.421
vn 0.730 0.494 -0.473
vn 0.726 -0.435 -0.533
vn 0.692 -0.528 -0.491
vn 0.676 -0.563 -0.476
vn 0.622 -0.647 -0.442
vn 0.723 0.550 -0.418
vn 0.758 0.487 -0.435
vn 0.761 0.469 -0.448
vn 0.779 0.380 -0.499
vn 0.776 -0.364 -0.515
vn 0.748 -0.443 -0.494
vn 0.734 -0.474 -0.487
vn 0.699 -0.529 -0.482
vn 0.770 0.464 -0.438
vn 0.801 0.403 -0.443
vn 0.811 0.370 -0.454
vn 0.835 0.254 -0.488
vn 0.843 0.134 -0.521
vn 0.842 0.002 -0.540
vn 0.834 -0.142 -0.534
vn 0.817 -0.265 -0.512
vn 0.789 -0.370 -0.491
vn 0.776 -0.399 -0.488
vn 0.749 -0.451 -0.486
vn 0.817 0.367 -0.445
vn 0.853 0.240 -0.464
vn 0.854 0.232 -0.466
vn 0.857 0.103 -0.505
vn 0.847 -0.014 -0.532
vn 0.833 -0.136 -0.536
vn 0.819 -0.226 -0.528
vn 0.813 -0.256 -0.523
vn 0.786 -0.372 -0.494
vn 0.854 0.231 -0.466
vn 0.859 0.092 -0.504
vn 0.846 -0.023 -0.532
vn 0.830 -0.137 -0.541
vn 0.310 0.295 0.904
vn 0.184 0.586 0.789
vn 0.287 0.066 0.956
vn 0.325 -0.065 0.943
vn 0.254 -0.141 0.957
vn 0.333 -0.184 0.925
vn 0.244 -0.243 0.939
vn 0.275 -0.266 0.924
vn 0.259 -0.283 0.924
vn 0.068 0.759 0.647
vn 0.079 0.640 0.765
vn 0.170 -0.363 0.916
vn 0.098 -0.451 0.887
vn 0.110 -0.479 0.871
vn 0.002 0.863 0.506
vn -0.049 0.969 0.242
vn 0.091 0.056 0.994
vn 0.085 0.285 0.955
vn 0.114 -0.525 0.843
vn 0.109 -0.623 0.775
vn 0.036 0.999 -0.020
vn 0.109 -0.623 0.774
vn 0.085 -0.723 0.685
vn 0.050 -0.734 0.677
vn 0.046 -0.740 0.671
vn -0.000 0.994 0.110
vn -0.000 0.994 0.110
vn -0.000 0.087 0.996
vn -0.000 -0.000 1.000
vn -0.000 -0.000 1.000
vn -0.000 -0.000 1.000
vn -0.000 -0.000 1.000
vn -0.000 -0.000 1.000
vn -0.000 -0.000 1.000
vn -0.000 -0.000 1.000
vn -0.000 -0.000 1.000
vn -0.000 -0.000 1.000
vn -0.000 -0.110 0.994
vn -0.000 -0.994 0.110
vn -0.000 1.000 -0.000
vn -0.000 -1.000 -0.000
vn -0.000 1.000 -0.000
vn -0.000 -1.000 -0.000
vn -0.000 1.000 -0.000
vn -0.000 -1.000 -0.000
vn -0.000 1.000 -0.000
vn -0.000 -1.000 -0.000
vn -0.000 1.000 -0.000
vn -0.000 -1.000 -0.000
vn -0.000 1.000 -0.000
vn -0.000 -1.000 -0.000
vn -0.000 1.000 -0.000
vn -0.000 -1.000 -0.000
vn -0.000 1.000 -0.000
vn -0.000 -1.000 0.023
vn -0.000 1.000 0.029
vn -0.000 -0.164 0.986
vn -0.000 -0.000 1.000
vn -0.000 -0.000 1.000
vn 0.198 -0.519 0.832
vn 0.198 -0.519 0.832
vn 0.198 -0.519 0.832
vn -0.001 1.000 0.016
vn 0.378 -0.917 0.124
vn 0.318 -0.941 0.119
vn 0.001 1.000 -0.004
vn 0.374 -0.926 -0.045
vn 0.286 -0.956 -0.067
vn -0.010 1.000 -0.017
vn 0.307 -0.926 -0.220
vn 0.264 -0.939 -0.218
vn -0.016 1.000 -0.025
vn -0.017 1.000 -0.025
vn -0.017 1.000 -0.026
vn 0.318 -0.905 -0.282
vn 0.283 -0.928 -0.242
vn -0.022 0.999 -0.026
vn 0.466 -0.820 -0.331
vn 0.376 -0.881 -0.286
vn -0.022 0.999 -0.027
vn 0.449 -0.839 -0.307
vn 0.420 -0.857 -0.298
vn -0.020 1.000 -0.024
vn 0.441 -0.835 -0.329
vn 0.431 -0.847 -0.312
vn -0.016 1.000 -0.020
vn 0.520 -0.767 -0.374
vn 0.457 -0.812 -0.363
vn 0.012 1.000 -0.017
vn 0.504 -0.772 -0.386
vn 0.492 -0.782 -0.381
vn 0.215 0.975 -0.058
vn 0.616 -0.656 -0.436
vn 0.574 -0.706 -0.414
vn 0.695 0.573 -0.434
vn 0.496 0.808 -0.318
vn 0.695 -0.535 -0.480
vn 0.637 -0.617 -0.462
vn 0.611 -0.658 -0.440
vn 0.727 0.545 -0.419
vn 0.771 0.468 -0.432
vn 0.728 0.544 -0.419
vn 0.733 -0.469 -0.493
vn 0.669 -0.545 -0.505
vn 0.664 -0.556 -0.499
vn 0.763 0.481 -0.431
vn 0.756 0.493 -0.431
vn 0.817 0.372 -0.440
vn 0.810 -0.257 -0.526
vn 0.760 -0.387 -0.523
vn 0.693 -0.490 -0.529
vn 0.688 -0.500 -0.526
vn 0.761 0.484 -0.431
vn 0.799 0.403 -0.446
vn 0.811 0.374 -0.450
vn 0.851 0.209 -0.482
vn 0.854 0.066 -0.515
vn 0.839 -0.045 -0.543
vn 0.813 -0.156 -0.561
vn 0.774 -0.276 -0.570
vn 0.743 -0.352 -0.570
vn 0.726 -0.402 -0.558
vn 0.809 0.371 -0.456
vn 0.839 0.186 -0.512
vn 0.835 0.039 -0.549
vn 0.835 0.031 -0.550
vn 0.832 0.012 -0.555
vn 0.815 -0.082 -0.573
vn 0.791 -0.182 -0.585
vn 0.762 -0.285 -0.581
vn 0.834 0.030 -0.550
vn 0.368 0.254 0.895
vn 0.260 0.787 0.560
vn 0.358 0.068 0.931
vn 0.354 -0.039 0.934
vn 0.362 -0.168 0.917
vn 0.345 -0.294 0.891
vn 0.292 -0.391 0.873
vn 0.306 -0.393 0.867
vn 0.304 -0.397 0.866
vn 0.244 0.807 0.537
vn 0.310 0.481 0.820
vn 0.261 -0.468 0.845
vn 0.205 -0.539 0.817
vn -0.178 0.936 0.303
vn -0.179 0.939 0.294
vn 0.336 0.162 0.928
vn 0.317 0.292 0.902
vn 0.195 -0.553 0.810
vn 0.108 -0.625 0.773
vn 0.095 -0.666 0.740
vn 0.081 -0.681 0.728
vn 0.021 0.999 0.047
vn -0.005 -0.766 0.643
vn -0.012 -0.772 0.635
vn -0.000 0.994 0.110
vn -0.000 0.994 0.110
vn -0.000 0.087 0.996
vn -0.000 -0.000 1.000
vn -0.000 -0.000 1.000
vn -0.000 -0.000 1.000
vn -0.000 -0.000 1.000
vn -0.000 -0.000 1.000
vn -0.000 -0.000 1.000
vn -0.000 -0.000 1.000
vn -0.000 -0.000 1.000
vn -0.000 -0.000 1.000
vn -0.000 -0.110 0.994
vn -0.000 -0.994 0.110
vn -0.000 1.000 -0.000
vn -0.000 -1.000 -0.000
vn -0.000 1.000 -0.000
vn -0.000 -1.000 -0.000
vn -0.000 1.000 -0.000
vn -0.000 -1.000 -0.000
vn -0.000 1.000 -0.000
vn -0.000 -1.000 -0.000
vn -0.000 1.000 -0.000
vn -0.000 -1.000 -0.000
vn -0.000 1.000 -0.000
vn -0.000 -1.000 -0.000
vn -0.000 1.000 -0.000
vn -0.000 -1.000 -0.000
vn -0.000 1.000 -0.000
vn -0.000 -1.000 0.023
vn -0.000 1.000 0.027
vn -0.000 -0.164 0.986
vn -0.000 -0.000 1.000
vn -0.000 -0.000 1.000
vn -0.000 -0.340 0.940
vn -0.000 -0.340 0.940
vn -0.004 1.000 0.017
vn 0.200 -0.966 0.162
vn -0.004 1.000 -0.009
vn 0.166 -0.982 -0.092
vn -0.014 1.000 -0.026
vn 0.170 -0.965 -0.199
vn -0.015 0.999 -0.028
vn -0.017 0.999 -0.031
vn 0.255 -0.935 -0.247
vn 0.223 -0.948 -0.229
vn -0.020 0.999 -0.029
vn 0.272 -0.931 -0.245
vn 0.241 -0.942 -0.234
vn -0.019 1.000 -0.025
vn 0.304 -0.912 -0.277
vn -0.016 1.000 -0.021
vn 0.389 -0.860 -0.330
vn 0.325 -0.889 -0.324
vn -0.014 1.000 -0.017
vn 0.344 -0.870 -0.353
vn 0.337 -0.876 -0.346
vn -0.013 1.000 -0.015
vn 0.481 -0.791 -0.378
vn 0.377 -0.858 -0.349
vn -0.012 1.000 -0.016
vn 0.441 -0.822 -0.360
vn 0.434 -0.827 -0.358
vn 0.031 0.999 -0.029
vn 0.593 -0.666 -0.453
vn 0.488 -0.761 -0.427
vn 0.437 -0.824 -0.361
vn 0.726 0.545 -0.418
vn 0.246 0.961 -0.127
vn 0.653 -0.562 -0.508
vn 0.536 -0.670 -0.514
vn 0.529 -0.685 -0.501
vn 0.671 0.590 -0.450
vn 0.548 0.733 -0.402
vn 0.681 -0.505 -0.530
vn 0.578 -0.607 -0.546
vn 0.576 -0.609 -0.546
vn 0.666 0.597 -0.448
vn 0.742 0.507 -0.439
vn 0.695 0.567 -0.443
vn 0.715 -0.410 -0.566
vn 0.640 -0.539 -0.548
vn 0.633 -0.549 -0.546
vn 0.577 -0.608 -0.546
vn 0.726 0.521 -0.449
vn 0.792 0.372 -0.484
vn 0.731 0.510 -0.453
vn 0.834 0.183 -0.521
vn 0.813 -0.084 -0.576
vn 0.781 -0.193 -0.594
vn 0.744 -0.304 -0.595
vn 0.708 -0.416 -0.570
vn 0.705 -0.424 -0.568
vn 0.640 -0.540 -0.546
vn 0.791 0.357 -0.497
vn 0.801 0.318 -0.508
vn 0.824 0.155 -0.546
vn 0.820 -0.003 -0.572
vn 0.801 -0.118 -0.587
vn 0.782 -0.216 -0.585
vn 0.781 -0.224 -0.583
vn 0.755 -0.310 -0.578
vn 0.831 0.144 -0.538
vn 0.831 -0.016 -0.556
vn 0.810 -0.125 -0.572
vn 0.783 -0.216 -0.583
vn 0.462 0.137 0.876
vn 0.483 0.132 0.866
vn 0.524 0.278 0.805
vn 0.403 0.059 0.913
vn 0.444 0.050 0.895
vn 0.394 -0.043 0.918
vn 0.435 -0.049 0.899
vn 0.408 -0.165 0.898
vn 0.424 -0.163 0.891
vn 0.421 -0.208 0.883
vn 0.307 0.819 0.484
vn 0.527 0.543 0.654
vn 0.523 0.696 0.492
vn 0.413 -0.280 0.867
vn 0.390 -0.391 0.834
vn 0.348 -0.477 0.807
vn 0.382 0.216 0.899
vn 0.537 0.316 0.782
vn 0.252 0.711 0.657
vn 0.428 0.298 0.853
vn 0.586 0.309 0.749
vn 0.337 -0.495 0.801
vn 0.207 -0.572 0.794
vn 0.232 -0.610 0.757
vn 0.203 -0.636 0.744
vn -0.179 0.939 0.294
vn -0.128 0.937 0.325
vn 0.091 -0.725 0.682
vn 0.058 -0.747 0.663
vn -0.129 0.967 0.219
vn -0.092 0.986 0.141
vn -0.037 -0.805 0.592
vn -0.041 -0.807 0.589
vn -0.000 0.994 0.110
vn -0.000 0.994 0.110
vn -0.000 0.087 0.996
vn -0.000 -0.000 1.000
vn -0.000 -0.000 1.000
vn -0.000 -0.000 1.000
vn -0.000 -0.000 1.000
vn -0.000 -0.000 1.000
vn -0.000 -0.000 1.000
vn -0.000 -0.000 1.000
vn -0.000 -0.000 1.000
vn -0.000 -0.000 1.000
vn -0.000 -0.110 0.994
vn -0.000 -0.994 0.110
vn -0.000 1.000 -0.000
vn -0.000 -1.000 -0.000
vn -0.000 1.000 -0.000
vn -0.000 -1.000 -0.000
vn -0.000 1.000 -0.000
vn -0.000 -1.000 -0.000
vn -0.000 1.000 -0.000
vn -0.000 -1.000 -0.000
vn -0.000 1.000 -0.000
vn -0.000 -1.000 -0.000
vn -0.000 1.000 -0.000
vn -0.000 -1.000 -0.000
vn -0.000 1.000 -0.000
vn -0.000 -1.000 -0.000
vn -0.000 1.000 -0.000
vn -0.000 -1.000 0.023
vn -0.000 1.000 0.022
vn -0.000 -0.164 0.986
vn -0.000 -0.000 1.000
vn -0.000 -0.000 1.000
vn -0.000 -0.268 0.964
vn -0.000 -0.268 0.964
vn -0.009 1.000 0.012
vn 0.040 -0.986 0.159
vn -0.016 1.000 -0.015
vn 0.032 -0.996 -0.085
vn -0.018 0.999 -0.028
vn -0.018 0.999 -0.029
vn -0.019 0.999 -0.030
vn 0.078 -0.984 -0.162
vn -0.017 0.999 -0.032
vn 0.125 -0.975 -0.185
vn -0.015 0.999 -0.028
vn 0.201 -0.954 -0.224
vn 0.164 -0.963 -0.213
vn -0.013 1.000 -0.023
vn 0.192 -0.947 -0.258
vn 0.173 -0.959 -0.226
vn -0.011 1.000 -0.019
vn 0.217 -0.926 -0.310
vn -0.012 1.000 -0.017
vn 0.299 -0.888 -0.349
vn 0.247 -0.907 -0.341
vn -0.015 1.000 -0.016
vn 0.276 -0.903 -0.329
vn 0.261 -0.904 -0.339
vn -0.018 1.000 -0.020
vn 0.300 -0.894 -0.332
vn -0.022 0.999 -0.025
vn 0.348 -0.851 -0.394
vn 0.332 -0.859 -0.390
vn -0.015 0.999 -0.031
vn 0.510 -0.691 -0.511
vn 0.381 -0.787 -0.485
vn 0.337 -0.853 -0.398
vn 0.078 0.995 -0.066
vn 0.457 -0.714 -0.530
vn 0.435 -0.733 -0.523
vn 0.645 0.631 -0.432
vn 0.332 0.910 -0.248
vn 0.544 -0.666 -0.510
vn 0.539 -0.672 -0.509
vn 0.659 0.619 -0.427
vn 0.639 0.642 -0.423
vn 0.724 0.523 -0.450
vn 0.706 -0.424 -0.567
vn 0.657 -0.557 -0.508
vn 0.638 -0.593 -0.491
vn 0.545 -0.669 -0.506
vn 0.659 0.622 -0.423
vn 0.706 0.567 -0.424
vn 0.728 0.526 -0.440
vn 0.791 0.356 -0.497
vn 0.768 -0.309 -0.561
vn 0.745 -0.420 -0.518
vn 0.731 -0.464 -0.500
vn 0.669 -0.559 -0.490
vn 0.741 0.522 -0.422
vn 0.782 0.447 -0.435
vn 0.813 0.340 -0.474
vn 0.846 0.133 -0.516
vn 0.849 -0.025 -0.528
vn 0.840 -0.132 -0.526
vn 0.833 -0.217 -0.508
vn 0.823 -0.306 -0.479
vn 0.822 -0.311 -0.478
vn 0.760 -0.420 -0.495
vn 0.834 0.332 -0.441
vn 0.880 0.180 -0.439
vn 0.886 0.133 -0.445
vn 0.902 -0.021 -0.431
vn 0.904 -0.128 -0.409
vn 0.903 -0.135 -0.407
vn 0.875 -0.214 -0.433
vn 0.825 -0.306 -0.475
vn 0.887 0.135 -0.443
vn 0.907 -0.016 -0.420
vn 0.905 -0.127 -0.406
vn 0.553 0.423 0.718
vn 0.582 0.321 0.747
vn 0.688 0.409 0.600
vn 0.569 0.141 0.810
vn 0.561 0.051 0.826
vn 0.559 -0.052 0.828
vn 0.548 -0.156 0.822
vn 0.446 -0.278 0.851
vn 0.526 -0.269 0.807
vn 0.480 -0.391 0.786
vn 0.595 0.428 0.680
vn 0.589 0.490 0.643
vn 0.366 0.792 0.488
vn 0.772 0.320 0.549
vn 0.740 0.367 0.563
vn 0.477 -0.397 0.784
vn 0.348 -0.505 0.790
vn 0.386 -0.536 0.750
vn 0.330 -0.597 0.731
vn 0.021 0.969 0.248
vn 0.251 -0.672 0.697
vn 0.173 -0.732 0.659
vn -0.148 0.963 0.224
vn 0.090 -0.784 0.614
vn 0.044 -0.806 0.590
vn -0.173 0.958 0.227
vn -0.199 0.946 0.254
vn -0.051 -0.829 0.557
vn -0.060 -0.847 0.528
vn -0.000 0.994 0.110
vn -0.000 0.994 0.110
vn -0.000 0.087 0.996
vn -0.000 -0.000 1.000
vn -0.000 -0.000 1.000
vn -0.000 -0.000 1.000
vn -0.000 -0.000 1.000
vn -0.000 -0.000 1.000
vn -0.000 -0.000 1.000
vn -0.000 -0.000 1.000
vn -0.000 -0.000 1.000
vn -0.000 -0.000 1.000
vn -0.000 -0.110 0.994
vn -0.000 -0.994 0.110
vn -0.000 1.000 -0.000
vn -0.000 -1.000 -0.000
vn -0.000 1.000 -0.000
vn -0.000 -1.000 -0.000
vn -0.000 1.000 -0.000
vn -0.000 -1.000 -0.000
vn -0.000 1.000 -0.000
vn -0.000 -1.000 -0.000
vn -0.000 1.000 -0.000
vn -0.000 -1.000 -0.000
vn -0.000 1.000 -0.000
vn -0.000 -1.000 -0.000
vn -0.000 1.000 -0.000
vn -0.000 -1.000 -0.000
vn -0.000 1.000 -0.000
vn -0.000 -1.000 0.023
vn -0.000 1.000 0.013
vn -0.000 -0.164 0.986
vn -0.000 -0.000 1.000
vn -0.000 -0.000 1.000
vn -0.000 -0.308 0.951
vn -0.000 -0.308 0.951
vn -0.015 1.000 0.001
vn -0.131 -0.977 0.170
vn -0.025 0.999 -0.020
vn -0.099 -0.994 -0.050
vn -0.025 0.999 -0.020
vn -0.022 0.999 -0.027
vn -0.041 -0.993 -0.107
vn -0.017 0.999 -0.027
vn 0.007 -0.989 -0.147
vn -0.011 1.000 -0.025
vn 0.045 -0.982 -0.185
vn -0.008 1.000 -0.021
vn 0.082 -0.969 -0.231
vn 0.079 -0.971 -0.227
vn -0.008 1.000 -0.019
vn 0.126 -0.952 -0.279
vn -0.011 1.000 -0.020
vn 0.171 -0.935 -0.309
vn -0.017 1.000 -0.022
vn 0.221 -0.921 -0.321
vn 0.206 -0.926 -0.318
vn -0.023 0.999 -0.024
vn 0.218 -0.920 -0.325
vn 0.208 -0.925 -0.319
vn -0.026 0.999 -0.027
vn 0.232 -0.900 -0.370
vn -0.027 0.999 -0.030
vn 0.273 -0.855 -0.441
vn 0.261 -0.868 -0.422
vn -0.024 0.999 -0.034
vn 0.418 -0.750 -0.512
vn 0.352 -0.806 -0.475
vn 0.011 0.999 -0.041
vn 0.451 -0.769 -0.453
vn 0.400 -0.789 -0.466
vn 0.159 0.982 -0.103
vn 0.559 -0.709 -0.430
vn 0.542 -0.729 -0.419
vn 0.614 0.678 -0.405
vn 0.431 0.848 -0.308
vn 0.687 -0.565 -0.458
vn 0.633 -0.651 -0.419
vn 0.562 -0.715 -0.415
vn 0.678 0.653 -0.337
vn 0.758 0.515 -0.400
vn 0.702 0.631 -0.330
vn 0.790 -0.422 -0.444
vn 0.731 -0.550 -0.403
vn 0.712 -0.573 -0.407
vn 0.808 0.483 -0.339
vn 0.788 0.537 -0.302
vn 0.850 0.324 -0.415
vn 0.897 -0.213 -0.387
vn 0.873 -0.315 -0.371
vn 0.821 -0.443 -0.359
vn 0.813 -0.461 -0.356
vn 0.831 0.446 -0.331
vn 0.848 0.401 -0.347
vn 0.864 0.297 -0.406
vn 0.891 0.152 -0.428
vn 0.920 0.012 -0.392
vn 0.929 -0.105 -0.355
vn 0.920 -0.210 -0.331
vn 0.887 -0.330 -0.322
vn 0.871 -0.373 -0.320
vn 0.823 -0.446 -0.351
vn 0.861 0.268 -0.433
vn 0.864 0.206 -0.460
vn 0.866 0.172 -0.469
vn 0.899 0.062 -0.433
vn 0.918 -0.070 -0.391
vn 0.910 -0.198 -0.363
vn 0.902 -0.241 -0.358
vn 0.883 -0.332 -0.331
vn 0.862 0.173 -0.476
vn 0.882 0.085 -0.464
vn 0.900 -0.049 -0.432
vn 0.905 -0.193 -0.380
vn 0.725 0.282 0.628
vn 0.726 0.281 0.627
vn 0.724 0.286 0.628
vn 0.671 0.177 0.720
vn 0.708 0.169 0.686
vn 0.598 0.117 0.793
vn 0.670 0.113 0.734
vn 0.596 0.054 0.801
vn 0.681 0.048 0.731
vn 0.594 -0.051 0.803
vn 0.674 -0.055 0.737
vn 0.600 -0.154 0.785
vn 0.657 -0.155 0.738
vn 0.610 -0.271 0.745
vn 0.629 -0.270 0.729
vn 0.612 -0.321 0.723
vn 0.579 0.522 0.626
vn 0.577 0.545 0.608
vn 0.298 0.891 0.342
vn 0.725 0.386 0.570
vn 0.480 -0.398 0.782
vn 0.571 -0.421 0.705
vn 0.469 -0.572 0.673
vn 0.077 0.996 0.051
vn 0.459 -0.584 0.670
vn 0.308 -0.717 0.625
vn -0.059 0.993 0.103
vn 0.296 -0.726 0.620
vn 0.168 -0.807 0.566
vn -0.110 0.983 0.151
vn 0.110 -0.834 0.540
vn 0.049 -0.858 0.512
vn -0.155 0.963 0.219
vn -0.068 -0.891 0.448
vn -0.000 0.994 0.110
vn -0.000 0.994 0.110
vn -0.000 0.087 0.996
vn -0.000 -0.000 1.000
vn -0.000 -0.000 1.000
vn -0.000 -0.000 1.000
vn -0.000 -0.000 1.000
vn -0.000 -0.000 1.000
vn -0.000 -0.000 1.000
vn -0.000 -0.000 1.000
vn -0.000 -0.000 1.000
vn -0.000 -0.000 1.000
vn -0.000 -0.110 0.994
vn -0.000 -0.994 0.110
vn -0.000 1.000 -0.000
vn -0.000 -1.000 -0.000
vn -0.000 1.000 -0.000
vn -0.000 -1.000 -0.000
vn -0.000 1.000 -0.000
vn -0.000 -1.000 -0.000
vn -0.000 1.000 -0.000
vn -0.000 -1.000 -0.000
vn -0.000 1.000 -0.000
vn -0.000 -1.000 -0.000
vn -0.000 1.000 -0.000
vn -0.000 -1.000 -0.000
vn -0.000 1.000 -0.000
vn -0.000 -1.000 -0.000
vn -0.000 1.000 -0.000
vn -0.000 -1.000 0.023
vn -0.000 1.000 -0.003
vn -0.000 -0.164 0.986
vn -0.000 -0.000 1.000
vn -0.000 -0.000 1.000
vn -0.072 -0.451 0.890
vn -0.072 -0.451 0.890
vn -0.000 1.000 -0.003
vn -0.022 1.000 -0.011
vn -0.023 1.000 -0.012
vn -0.281 -0.945 0.166
vn -0.025 0.999 -0.020
vn -0.028 0.999 -0.022
vn -0.222 -0.975 -0.003
vn -0.023 0.999 -0.022
vn -0.174 -0.983 -0.057
vn -0.016 1.000 -0.021
vn -0.128 -0.986 -0.102
vn -0.010 1.000 -0.020
vn -0.080 -0.987 -0.143
vn -0.007 1.000 -0.020
vn 0.016 -0.979 -0.201
vn -0.022 -0.983 -0.183
vn -0.008 1.000 -0.022
vn 0.044 -0.973 -0.228
vn -0.019 -0.983 -0.185
vn -0.011 1.000 -0.025
vn 0.104 -0.958 -0.267
vn -0.016 0.999 -0.028
vn 0.144 -0.945 -0.293
vn -0.021 0.999 -0.029
vn 0.169 -0.933 -0.317
vn 0.163 -0.936 -0.310
vn -0.025 0.999 -0.029
vn 0.188 -0.918 -0.349
vn -0.026 0.999 -0.030
vn 0.256 -0.871 -0.419
vn 0.237 -0.890 -0.389
vn -0.028 0.999 -0.034
vn 0.310 -0.861 -0.403
vn 0.260 -0.880 -0.398
vn -0.029 0.999 -0.041
vn 0.418 -0.810 -0.411
vn 0.400 -0.835 -0.379
vn -0.029 0.999 -0.044
vn 0.479 -0.805 -0.350
vn 0.437 -0.824 -0.361
vn 0.034 0.999 -0.043
vn 0.589 -0.720 -0.366
vn 0.563 -0.759 -0.327
vn 0.676 0.667 -0.314
vn 0.172 0.982 -0.077
vn 0.720 -0.572 -0.393
vn 0.647 -0.698 -0.306
vn 0.633 -0.710 -0.308
vn 0.651 0.717 -0.249
vn 0.328 0.935 -0.138
vn 0.757 -0.570 -0.321
vn 0.728 -0.625 -0.283
vn 0.661 0.702 -0.264
vn 0.508 0.837 -0.204
vn 0.841 0.431 -0.327
vn 0.833 -0.455 -0.314
vn 0.780 -0.561 -0.279
vn 0.778 -0.565 -0.276
vn 0.696 0.638 -0.329
vn 0.723 0.602 -0.341
vn 0.852 0.369 -0.371
vn 0.861 0.252 -0.441
vn 0.877 -0.332 -0.347
vn 0.830 -0.454 -0.323
vn 0.809 -0.502 -0.305
vn 0.781 -0.559 -0.279
vn 0.844 0.325 -0.426
vn 0.840 0.339 -0.423
vn 0.861 0.206 -0.465
vn 0.852 0.169 -0.496
vn 0.864 0.102 -0.494
vn 0.881 -0.031 -0.473
vn 0.879 -0.172 -0.445
vn 0.858 -0.310 -0.409
vn 0.834 -0.407 -0.372
vn 0.828 -0.437 -0.352
vn 0.844 0.324 -0.428
vn 0.865 0.188 -0.465
vn 0.859 0.147 -0.491
vn 0.854 0.125 -0.505
vn 0.848 0.101 -0.520
vn 0.848 -0.011 -0.530
vn 0.848 -0.137 -0.512
vn 0.847 -0.180 -0.499
vn 0.848 -0.281 -0.450
vn 0.848 0.098 -0.520
vn 0.844 -0.010 -0.537
vn 0.845 -0.134 -0.517
vn 0.711 0.226 0.666
vn 0.712 0.225 0.665
vn 0.711 0.236 0.662
vn 0.709 0.152 0.689
vn 0.718 0.153 0.679
vn 0.713 0.113 0.692
vn 0.729 0.113 0.675
vn 0.709 0.045 0.704
vn 0.730 0.034 0.683
vn 0.700 -0.059 0.712
vn 0.718 -0.072 0.693
vn 0.686 -0.158 0.710
vn 0.698 -0.164 0.697
vn 0.671 -0.269 0.691
vn 0.674 -0.269 0.688
vn 0.667 -0.301 0.681
vn 0.588 0.567 0.578
vn 0.634 0.531 0.562
vn 0.356 0.889 0.287
vn 0.596 -0.424 0.682
vn 0.631 -0.421 0.652
vn 0.570 -0.554 0.606
vn 0.055 0.999 -0.004
vn 0.465 -0.586 0.663
vn 0.539 -0.602 0.589
vn 0.446 -0.706 0.550
vn 0.026 1.000 -0.006
vn 0.309 -0.733 0.606
vn 0.384 -0.760 0.525
vn 0.322 -0.802 0.503
vn -0.019 0.999 0.035
vn 0.206 -0.864 0.460
vn -0.070 0.992 0.101
vn 0.184 -0.873 0.452
vn 0.082 -0.908 0.412
vn -0.117 0.977 0.180
vn -0.061 -0.939 0.339
vn -0.000 0.994 0.110
vn -0.000 0.994 0.110
vn -0.043 0.087 0.995
vn -0.042 -0.000 0.999
vn -0.042 -0.000 0.999
vn -0.042 -0.000 0.999
vn -0.042 -0.000 0.999
vn -0.042 -0.000 0.999
vn -0.042 -0.000 0.999
vn -0.042 -0.000 0.999
vn -0.042 -0.000 0.999
vn -0.042 -0.000 0.999
vn -0.044 -0.110 0.993
vn -0.044 -0.993 0.110
vn -0.000 1.000 -0.000
vn -0.042 -0.999 -0.000
vn -0.000 1.000 -0.000
vn -0.042 -0.999 -0.000
vn -0.000 1.000 -0.000
vn -0.042 -0.999 -0.000
vn -0.000 1.000 -0.000
vn -0.042 -0.999 -0.000
vn -0.000 1.000 -0.000
vn -0.042 -0.999 -0.000
vn -0.000 1.000 -0.000
vn -0.042 -0.999 -0.000
vn -0.000 1.000 -0.000
vn -0.042 -0.999 -0.000
vn -0.000 1.000 -0.000
vn -0.046 -0.999 0.023
vn -0.000 1.000 -0.026
vn -0.000 -0.164 0.986
vn -0.000 -0.000 1.000
vn -0.000 -0.059 0.998
vn -0.072 -0.451 0.890
vn -0.000 -0.059 0.998
vn -0.000 1.000 -0.026
vn -0.029 0.999 -0.015
vn -0.394 -0.892 0.221
vn -0.387 -0.915 0.115
vn -0.027 0.999 -0.020
vn -0.345 -0.937 0.049
vn -0.023 1.000 -0.015
vn -0.295 -0.955 -0.008
vn -0.016 1.000 -0.014
vn -0.241 -0.969 -0.050
vn -0.010 1.000 -0.015
vn -0.179 -0.981 -0.080
vn -0.008 1.000 -0.019
vn -0.034 -0.984 -0.173
vn -0.105 -0.988 -0.113
vn -0.154 -0.984 -0.091
vn -0.009 1.000 -0.024
vn -0.032 -0.987 -0.158
vn -0.011 1.000 -0.028
vn 0.033 -0.976 -0.214
vn -0.013 0.999 -0.031
vn 0.079 -0.962 -0.261
vn -0.014 0.999 -0.033
vn 0.140 -0.942 -0.303
vn 0.114 -0.950 -0.291
vn -0.019 0.999 -0.033
vn 0.162 -0.937 -0.310
vn 0.125 -0.947 -0.295
vn -0.023 0.999 -0.033
vn 0.225 -0.918 -0.326
vn -0.031 0.999 -0.037
vn 0.309 -0.890 -0.337
vn 0.309 -0.893 -0.328
vn -0.034 0.999 -0.041
vn 0.387 -0.871 -0.303
vn 0.317 -0.890 -0.326
vn -0.035 0.998 -0.047
vn 0.467 -0.826 -0.316
vn 0.463 -0.845 -0.268
vn -0.033 0.998 -0.046
vn 0.535 -0.811 -0.238
vn 0.535 -0.812 -0.233
vn -0.036 0.999 -0.039
vn 0.642 -0.707 -0.297
vn 0.607 -0.768 -0.203
vn 0.545 -0.807 -0.227
vn 0.002 0.999 -0.038
vn 0.695 -0.678 -0.239
vn 0.668 -0.720 -0.188
vn 0.045 0.998 -0.037
vn 0.726 -0.650 -0.226
vn 0.710 -0.672 -0.208
vn 0.682 0.657 -0.321
vn 0.123 0.992 -0.039
vn 0.787 -0.544 -0.291
vn 0.740 -0.621 -0.256
vn 0.733 -0.634 -0.246
vn 0.628 0.699 -0.343
vn 0.297 0.939 -0.171
vn 0.827 -0.430 -0.362
vn 0.787 -0.526 -0.323
vn 0.764 -0.565 -0.311
vn 0.601 0.644 -0.474
vn 0.822 0.326 -0.467
vn 0.630 0.605 -0.488
vn 0.862 0.183 -0.473
vn 0.858 0.143 -0.493
vn 0.842 -0.266 -0.469
vn 0.823 -0.390 -0.413
vn 0.791 -0.483 -0.377
vn 0.783 -0.512 -0.354
vn 0.797 0.343 -0.498
vn 0.810 0.294 -0.507
vn 0.844 0.186 -0.503
vn 0.852 0.115 -0.510
vn 0.842 0.070 -0.534
vn 0.833 -0.017 -0.553
vn 0.829 -0.110 -0.548
vn 0.826 -0.220 -0.519
vn 0.814 -0.313 -0.489
vn 0.811 -0.356 -0.465
vn 0.832 0.188 -0.522
vn 0.837 0.107 -0.537
vn 0.831 0.054 -0.553
vn 0.827 -0.025 -0.562
vn 0.822 -0.105 -0.560
vn 0.819 -0.211 -0.534
vn 0.730 0.203 0.653
vn 0.733 0.200 0.650
vn 0.721 0.256 0.644
vn 0.725 0.152 0.671
vn 0.730 0.149 0.667
vn 0.732 0.114 0.672
vn 0.733 0.110 0.672
vn 0.732 0.029 0.680
vn 0.736 0.022 0.677
vn 0.722 -0.079 0.687
vn 0.733 -0.086 0.675
vn 0.708 -0.171 0.685
vn 0.722 -0.174 0.670
vn 0.694 -0.269 0.668
vn 0.699 -0.269 0.662
vn 0.690 -0.300 0.658
vn 0.648 0.508 0.568
vn 0.668 0.454 0.590
vn 0.329 0.915 0.232
vn 0.642 -0.417 0.643
vn 0.659 -0.409 0.631
vn 0.606 -0.546 0.579
vn 0.057 0.998 -0.021
vn 0.553 -0.602 0.576
vn 0.582 -0.594 0.556
vn 0.510 -0.701 0.499
vn 0.040 0.999 -0.031
vn 0.425 -0.763 0.487
vn 0.450 -0.764 0.463
vn 0.413 -0.794 0.446
vn 0.034 0.999 -0.028
vn 0.321 -0.856 0.406
vn 0.013 1.000 -0.004
vn 0.267 -0.889 0.373
vn 0.214 -0.880 0.423
vn 0.227 -0.909 0.349
vn -0.029 0.998 0.050
vn 0.111 -0.954 0.280
vn -0.081 0.988 0.134
vn -0.056 -0.982 0.181
vn -0.391 0.911 0.130
vn -0.391 0.911 0.130
vn -0.499 0.091 0.862
vn -0.501 -0.000 0.865
vn -0.501 -0.000 0.865
vn -0.501 -0.000 0.865
vn -0.501 -0.000 0.865
vn -0.501 -0.000 0.865
vn -0.501 -0.000 0.865
vn -0.501 -0.000 0.865
vn -0.501 -0.000 0.865
vn -0.501 -0.000 0.865
vn -0.496 -0.135 0.857
vn -0.496 -0.857 0.135
vn -0.394 0.919 -0.000
vn -0.501 -0.865 -0.000
vn -0.394 0.919 -0.000
vn -0.501 -0.865 -0.000
vn -0.394 0.919 -0.000
vn -0.501 -0.865 -0.000
vn -0.394 0.919 -0.000
vn -0.501 -0.865 -0.000
vn -0.394 0.919 -0.000
vn -0.501 -0.865 -0.000
vn -0.394 0.919 -0.000
vn -0.501 -0.865 -0.000
vn -0.394 0.919 -0.000
vn -0.501 -0.865 -0.000
vn -0.394 0.919 -0.000
vn -0.543 -0.839 0.049
vn -0.048 0.998 -0.048
vn -0.000 -0.164 0.986
vn -0.000 -0.000 1.000
vn -0.202 -0.345 0.917
vn -0.202 -0.345 0.917
vn -0.048 0.998 -0.048
vn -0.032 0.999 -0.017
vn -0.396 -0.911 0.117
vn -0.519 -0.827 0.215
vn -0.028 0.999 -0.016
vn -0.379 -0.923 0.062
vn -0.468 -0.877 0.105
vn -0.021 1.000 -0.010
vn -0.335 -0.942 0.015
vn -0.401 -0.914 0.063
vn -0.016 1.000 -0.008
vn -0.270 -0.963 -0.026
vn -0.321 -0.947 0.025
vn -0.013 1.000 -0.012
vn -0.189 -0.980 -0.069
vn -0.245 -0.970 -0.003
vn -0.012 1.000 -0.018
vn -0.173 -0.984 -0.039
vn -0.012 1.000 -0.024
vn -0.108 -0.990 -0.093
vn -0.012 1.000 -0.029
vn -0.053 -0.986 -0.159
vn -0.011 0.999 -0.031
vn -0.001 -0.976 -0.218
vn -0.011 0.999 -0.035
vn 0.048 -0.968 -0.245
vn -0.013 0.999 -0.038
vn 0.114 -0.962 -0.249
vn 0.088 -0.965 -0.247
vn -0.021 0.999 -0.042
vn 0.195 -0.949 -0.246
vn -0.029 0.999 -0.045
vn 0.286 -0.928 -0.240
vn -0.035 0.998 -0.046
vn 0.375 -0.893 -0.249
vn 0.369 -0.902 -0.225
vn -0.036 0.998 -0.044
vn 0.441 -0.877 -0.190
vn 0.407 -0.889 -0.209
vn -0.031 0.999 -0.043
vn 0.496 -0.853 -0.159
vn -0.030 0.999 -0.040
vn 0.583 -0.793 -0.178
vn 0.541 -0.829 -0.139
vn -0.031 0.999 -0.037
vn 0.610 -0.777 -0.156
vn 0.568 -0.811 -0.142
vn -0.032 0.999 -0.036
vn 0.613 -0.770 -0.178
vn 0.588 -0.790 -0.173
vn -0.034 0.999 -0.038
vn 0.732 -0.632 -0.255
vn 0.613 -0.756 -0.228
vn 0.604 -0.768 -0.212
vn -0.035 0.999 -0.041
vn 0.716 -0.631 -0.299
vn 0.652 -0.704 -0.283
vn 0.580 0.675 -0.456
vn 0.093 0.994 -0.055
vn 0.779 -0.508 -0.367
vn 0.701 -0.628 -0.339
vn 0.689 -0.642 -0.336
vn 0.534 0.745 -0.400
vn 0.353 0.891 -0.285
vn 0.783 0.352 -0.513
vn 0.806 -0.349 -0.477
vn 0.755 -0.489 -0.438
vn 0.722 -0.550 -0.420
vn 0.697 -0.626 -0.351
vn 0.519 0.731 -0.443
vn 0.703 0.430 -0.566
vn 0.741 0.365 -0.563
vn 0.795 0.199 -0.573
vn 0.815 0.109 -0.570
vn 0.824 0.053 -0.565
vn 0.823 -0.026 -0.567
vn 0.817 -0.103 -0.568
vn 0.802 -0.202 -0.562
vn 0.770 -0.329 -0.547
vn 0.748 -0.394 -0.533
vn 0.736 -0.475 -0.482
vn 0.733 0.367 -0.572
vn 0.764 0.206 -0.611
vn 0.778 0.129 -0.615
vn 0.786 0.106 -0.609
vn 0.800 0.074 -0.595
vn 0.814 -0.022 -0.581
vn 0.807 -0.112 -0.580
vn 0.803 -0.134 -0.581
vn 0.787 -0.211 -0.580
vn 0.761 -0.328 -0.559
vn 0.800 0.077 -0.595
vn 0.814 -0.021 -0.580
vn 0.807 -0.113 -0.579
vn 0.770 0.170 0.615
vn 0.785 0.159 0.598
vn 0.722 0.346 0.599
vn 0.753 0.135 0.645
vn 0.775 0.120 0.620
vn 0.744 0.109 0.659
vn 0.774 0.103 0.625
vn 0.745 0.024 0.666
vn 0.783 0.034 0.621
vn 0.749 -0.082 0.658
vn 0.793 -0.063 0.606
vn 0.752 -0.169 0.637
vn 0.792 -0.156 0.590
vn 0.752 -0.262 0.605
vn 0.771 -0.258 0.582
vn 0.747 -0.326 0.580
vn 0.670 0.457 0.585
vn 0.716 0.364 0.595
vn 0.273 0.950 0.149
vn 0.674 -0.403 0.620
vn 0.719 -0.393 0.573
vn 0.632 -0.553 0.543
vn 0.029 0.999 -0.020
vn 0.588 -0.591 0.552
vn 0.620 -0.576 0.533
vn 0.527 -0.710 0.467
vn 0.029 0.999 -0.026
vn 0.462 -0.769 0.442
vn 0.473 -0.769 0.430
vn 0.428 -0.807 0.407
vn 0.030 0.999 -0.029
vn 0.337 -0.867 0.367
vn 0.034 0.999 -0.032
vn 0.273 -0.901 0.336
vn 0.273 -0.897 0.347
vn 0.253 -0.911 0.326
vn 0.028 0.999 -0.027
vn 0.172 -0.950 0.261
vn 0.009 1.000 0.007
vn 0.071 -0.987 0.141
vn -0.044 0.996 0.076
vn -0.083 -0.997 -0.001
vn -0.391 0.911 0.130
vn -0.967 0.142 0.212
vn -0.977 -0.000 0.214
vn -0.977 -0.000 0.214
vn -0.977 -0.000 0.214
vn -0.977 -0.000 0.214
vn -0.977 -0.000 0.214
vn -0.977 -0.000 0.214
vn -0.977 -0.000 0.214
vn -0.977 -0.000 0.214
vn -0.977 -0.000 0.214
vn -0.955 -0.210 0.210
vn -0.394 0.919 -0.000
vn -0.991 0.135 -0.000
vn -1.000 -0.000 -0.000
vn -1.000 -0.000 -0.000
vn -1.000 -0.000 -0.000
vn -1.000 -0.000 -0.000
vn -1.000 -0.000 -0.000
vn -1.000 -0.000 -0.000
vn -1.000 -0.000 -0.000
vn -1.000 -0.000 -0.000
vn -1.000 -0.000 -0.000
vn -0.977 -0.214 -0.000
vn -0.394 0.919 -0.000
vn -0.991 0.135 -0.000
vn -1.000 -0.000 -0.000
vn -1.000 -0.000 -0.000
vn -1.000 -0.000 -0.000
vn -1.000 -0.000 -0.000
vn -1.000 -0.000 -0.000
vn -1.000 -0.000 -0.000
vn -1.000 -0.000 -0.000
vn -1.000 -0.000 -0.000
vn -1.000 -0.000 -0.000
vn -0.977 -0.214 -0.000
vn -0.394 0.919 -0.000
vn -0.991 0.135 -0.000
vn -1.000 -0.000 -0.000
vn -1.000 -0.000 -0.000
vn -1.000 -0.000 -0.000
vn -1.000 -0.000 -0.000
vn -1.000 -0.000 -0.000
vn -1.000 -0.000 -0.000
vn -1.000 -0.000 -0.000
vn -1.000 -0.000 -0.000
vn -1.000 -0.000 -0.000
vn -0.977 -0.214 -0.000
vn -0.394 0.919 -0.000
vn -0.991 0.135 -0.000
vn -1.000 -0.000 -0.000
vn -1.000 -0.000 -0.000
vn -1.000 -0.000 -0.000
vn -1.000 -0.000 -0.000
vn -1.000 -0.000 -0.000
vn -1.000 -0.000 -0.000
vn -1.000 -0.000 -0.000
vn -1.000 -0.000 -0.000
vn -1.000 -0.000 -0.000
vn -0.977 -0.214 -0.000
vn -0.394 0.919 -0.000
vn -0.991 0.135 -0.000
vn -1.000 -0.000 -0.000
vn -1.000 -0.000 -0.000
vn -1.000 -0.000 -0.000
vn -1.000 -0.000 -0.000
vn -1.000 -0.000 -0.000
vn -1.000 -0.000 -0.000
vn -1.000 -0.000 -0.000
vn -1.000 -0.000 -0.000
vn -1.000 -0.000 -0.000
vn -0.977 -0.214 -0.000
vn -0.394 0.919 -0.000
vn -0.991 0.135 -0.000
vn -1.000 -0.000 -0.000
vn -1.000 -0.000 -0.000
vn -1.000 -0.000 -0.000
vn -1.000 -0.000 -0.000
vn -1.000 -0.000 -0.000
vn -1.000 -0.000 -0.000
vn -1.000 -0.000 -0.000
vn -1.000 -0.000 -0.000
vn -1.000 -0.000 -0.000
vn -0.977 -0.214 -0.000
vn -0.394 0.919 -0.000
vn -0.991 0.135 -0.000
vn -1.000 -0.000 -0.000
vn -1.000 -0.000 -0.000
vn -1.000 -0.000 -0.000
vn -1.000 -0.000 -0.000
vn -1.000 -0.000 -0.000
vn -1.000 -0.000 -0.000
vn -1.000 -0.000 -0.000
vn -1.000 -0.000 -0.000
vn -1.000 -0.000 -0.000
vn -0.977 -0.214 -0.000
vn -0.394 0.919 -0.000
vn -0.985 0.155 0.078
vn -0.997 -0.000 0.073
vn -0.997 -0.000 0.073
vn -0.997 -0.000 0.073
vn -0.997 -0.000 0.073
vn -0.997 -0.000 0.073
vn -0.997 -0.000 0.073
vn -0.997 -0.000 0.073
vn -0.997 -0.000 0.073
vn -0.997 -0.000 0.073
vn -0.965 -0.248 0.083
vn -0.048 0.998 -0.048
vn -0.144 0.042 0.989
vn -0.144 0.042 0.989
vn -0.124 -0.000 0.992
vn -0.124 -0.000 0.992
vn -0.124 -0.000 0.992
vn -0.124 -0.000 0.992
vn -0.124 -0.000 0.992
vn -0.124 -0.000 0.992
vn -0.124 -0.000 0.992
vn -0.124 -0.000 0.992
vn -0.124 -0.000 0.992
vn -0.124 -0.000 0.992
vn -0.000 -0.000 1.000
vn -0.171 -0.192 0.966
vn -0.202 -0.345 0.917
vn -0.171 -0.192 0.966
vn -0.058 0.998 0.022
vn -0.602 -0.771 0.210
vn -0.620 -0.749 0.231
vn -0.059 0.998 -0.008
vn -0.582 -0.793 0.183
vn -0.575 -0.798 0.181
vn -0.043 0.999 -0.002
vn -0.490 -0.856 0.165
vn -0.024 1.000 -0.006
vn -0.393 -0.911 0.124
vn -0.016 1.000 -0.011
vn -0.309 -0.948 0.076
vn -0.016 1.000 -0.019
vn -0.252 -0.967 0.025
vn -0.017 1.000 -0.024
vn -0.203 -0.978 -0.038
vn -0.016 0.999 -0.028
vn -0.156 -0.982 -0.108
vn -0.015 0.999 -0.030
vn -0.101 -0.981 -0.163
vn -0.014 0.999 -0.035
vn -0.033 -0.983 -0.183
vn -0.014 0.999 -0.042
vn 0.038 -0.984 -0.173
vn 0.033 -0.984 -0.174
vn -0.021 0.999 -0.050
vn 0.127 -0.979 -0.160
vn -0.026 0.998 -0.052
vn 0.209 -0.966 -0.153
vn -0.031 0.998 -0.048
vn 0.289 -0.946 -0.147
vn -0.031 0.999 -0.044
vn 0.420 -0.890 -0.178
vn 0.346 -0.929 -0.134
vn -0.031 0.999 -0.040
vn 0.431 -0.892 -0.135
vn 0.381 -0.917 -0.121
vn -0.028 0.999 -0.039
vn 0.423 -0.898 -0.121
vn 0.402 -0.908 -0.120
vn -0.031 0.999 -0.039
vn 0.411 -0.902 -0.136
vn 0.406 -0.905 -0.128
vn -0.034 0.999 -0.039
vn 0.423 -0.891 -0.166
vn -0.038 0.998 -0.041
vn 0.595 -0.772 -0.225
vn 0.451 -0.870 -0.199
vn -0.039 0.998 -0.041
vn 0.572 -0.778 -0.260
vn 0.502 -0.832 -0.236
vn -0.039 0.998 -0.041
vn 0.561 -0.776 -0.289
vn 0.559 -0.778 -0.288
vn -0.023 0.999 -0.041
vn 0.673 -0.622 -0.400
vn 0.609 -0.700 -0.374
vn 0.561 -0.775 -0.291
vn 0.408 0.837 -0.365
vn 0.201 0.961 -0.190
vn 0.715 -0.469 -0.518
vn 0.644 -0.595 -0.480
vn 0.641 -0.609 -0.468
vn 0.398 0.839 -0.371
vn 0.717 0.367 -0.592
vn 0.627 0.545 -0.557
vn 0.755 0.209 -0.622
vn 0.775 0.132 -0.619
vn 0.782 -0.215 -0.585
vn 0.740 -0.336 -0.583
vn 0.693 -0.449 -0.565
vn 0.687 -0.465 -0.558
vn 0.722 0.372 -0.583
vn 0.771 0.223 -0.596
vn 0.780 0.203 -0.592
vn 0.790 0.164 -0.591
vn 0.803 0.105 -0.586
vn 0.813 -0.012 -0.582
vn 0.804 -0.126 -0.581
vn 0.780 -0.238 -0.579
vn 0.773 -0.264 -0.577
vn 0.741 -0.349 -0.574
vn 0.797 0.166 -0.581
vn 0.812 0.102 -0.574
vn 0.814 -0.016 -0.580
vn 0.805 -0.128 -0.579
vn 0.782 -0.239 -0.576
vn 0.808 0.099 0.581
vn 0.808 0.099 0.581
vn 0.808 0.096 0.582
vn 0.811 0.050 0.583
vn 0.812 0.052 0.582
vn 0.816 -0.038 0.577
vn 0.814 -0.035 0.579
vn 0.812 -0.132 0.568
vn 0.811 -0.132 0.570
vn 0.809 -0.160 0.566
vn 0.745 0.396 0.536
vn 0.766 0.357 0.535
vn 0.612 0.682 0.400
vn 0.799 0.141 0.584
vn 0.812 0.118 0.572
vn 0.794 0.107 0.599
vn 0.807 0.089 0.584
vn 0.785 0.101 0.611
vn 0.789 0.036 0.613
vn 0.800 -0.059 0.597
vn 0.805 -0.149 0.574
vn 0.797 -0.246 0.552
vn 0.796 -0.252 0.550
vn 0.762 -0.386 0.520
vn 0.762 -0.386 0.520
vn 0.751 -0.417 0.511
vn 0.717 0.366 0.594
vn 0.180 0.983 0.045
vn 0.732 -0.392 0.557
vn 0.671 -0.571 0.472
vn 0.665 -0.573 0.478
vn 0.651 -0.603 0.461
vn 0.024 0.999 -0.023
vn 0.622 -0.576 0.530
vn 0.526 -0.742 0.416
vn 0.023 0.999 -0.023
vn 0.470 -0.778 0.417
vn 0.480 -0.783 0.396
vn 0.410 -0.834 0.369
vn 0.021 1.000 -0.021
vn 0.314 -0.894 0.321
vn 0.025 0.999 -0.026
vn 0.222 -0.931 0.289
vn 0.223 -0.930 0.292
vn 0.217 -0.933 0.288
vn 0.027 0.999 -0.029
vn 0.132 -0.958 0.254
vn 0.031 0.999 -0.029
vn 0.047 -0.983 0.176
vn 0.024 1.000 -0.020
vn -0.045 -0.999 0.027
vn -0.004 1.000 0.021
vn -0.164 -0.974 -0.158
vn -0.307 0.153 0.939
vn -0.307 0.153 0.939
vn -0.000 -0.000 1.000
vn -0.000 -0.000 1.000
vn -0.000 -0.000 1.000
vn -0.000 -0.000 1.000
vn -0.000 -0.000 1.000
vn -0.000 -0.000 1.000
vn -0.000 -0.000 1.000
vn -0.000 -0.000 1.000
vn -0.000 -0.000 1.000
vn -0.000 -0.000 1.000
vn -0.232 -0.166 0.958
vn -0.171 -0.192 0.966
vn -0.232 -0.166 0.958
vn -0.487 0.868 0.097
vn -0.673 -0.695 0.254
vn -0.675 -0.691 0.259
vn -0.349 0.937 0.028
vn -0.662 -0.708 0.247
vn -0.578 -0.795 0.184
vn -0.625 -0.734 0.266
vn -0.160 0.985 0.070
vn -0.518 -0.829 0.209
vn -0.552 -0.788 0.273
vn -0.061 0.998 0.029
vn -0.463 -0.861 0.213
vn -0.473 -0.851 0.226
vn -0.020 1.000 -0.004
vn -0.453 -0.869 0.202
vn -0.401 -0.904 0.148
vn -0.020 1.000 -0.019
vn -0.352 -0.933 0.074
vn -0.021 0.999 -0.025
vn -0.317 -0.948 0.009
vn -0.022 0.999 -0.027
vn -0.270 -0.962 -0.053
vn -0.021 0.999 -0.029
vn -0.206 -0.974 -0.094
vn -0.021 0.999 -0.034
vn -0.127 -0.986 -0.108
vn -0.021 0.999 -0.044
vn -0.048 -0.994 -0.095
vn -0.061 -0.993 -0.097
vn -0.021 0.998 -0.053
vn 0.027 -0.996 -0.080
vn -0.022 0.998 -0.056
vn 0.096 -0.992 -0.080
vn -0.023 0.998 -0.051
vn 0.154 -0.984 -0.091
vn -0.026 0.999 -0.044
vn 0.189 -0.977 -0.103
vn -0.027 0.999 -0.041
vn 0.207 -0.972 -0.107
vn -0.031 0.999 -0.041
vn 0.220 -0.969 -0.113
vn -0.033 0.999 -0.042
vn 0.384 -0.914 -0.134
vn 0.242 -0.962 -0.127
vn -0.038 0.998 -0.044
vn 0.333 -0.931 -0.151
vn 0.274 -0.951 -0.143
vn -0.042 0.998 -0.043
vn 0.317 -0.936 -0.156
vn 0.313 -0.937 -0.155
vn -0.043 0.998 -0.042
vn 0.368 -0.912 -0.179
vn -0.042 0.998 -0.040
vn 0.423 -0.876 -0.231
vn -0.040 0.998 -0.042
vn 0.534 -0.772 -0.344
vn 0.476 -0.819 -0.321
vn -0.040 0.998 -0.044
vn 0.635 -0.608 -0.476
vn 0.529 -0.731 -0.431
vn 0.510 -0.769 -0.386
vn 0.265 0.932 -0.247
vn 0.110 0.988 -0.109
vn 0.684 -0.466 -0.561
vn 0.594 -0.612 -0.522
vn 0.586 -0.623 -0.518
vn 0.280 0.927 -0.251
vn 0.721 0.386 -0.576
vn 0.497 0.750 -0.436
vn 0.774 0.224 -0.592
vn 0.740 -0.362 -0.567
vn 0.677 -0.496 -0.544
vn 0.669 -0.510 -0.540
vn 0.592 -0.614 -0.521
vn 0.735 0.407 -0.542
vn 0.772 0.341 -0.536
vn 0.803 0.250 -0.541
vn 0.822 0.170 -0.544
vn 0.819 0.097 -0.565
vn 0.814 -0.020 -0.580
vn 0.804 -0.131 -0.580
vn 0.788 -0.247 -0.564
vn 0.758 -0.365 -0.541
vn 0.752 -0.379 -0.539
vn 0.678 -0.499 -0.539
vn 0.797 0.257 -0.546
vn 0.811 0.161 -0.562
vn 0.807 0.070 -0.586
vn 0.806 -0.032 -0.592
vn 0.802 -0.126 -0.584
vn 0.790 -0.240 -0.565
vn 0.805 0.094 0.586
vn 0.806 0.092 0.584
vn 0.784 0.179 0.595
vn 0.801 0.086 0.592
vn 0.805 0.087 0.587
vn 0.808 0.103 0.580
vn 0.816 0.106 0.568
vn 0.808 0.047 0.588
vn 0.817 0.040 0.575
vn 0.800 -0.043 0.598
vn 0.804 -0.054 0.592
vn 0.782 -0.145 0.606
vn 0.780 -0.153 0.607
vn 0.748 -0.263 0.610
vn 0.747 -0.264 0.610
vn 0.742 -0.280 0.610
vn 0.768 0.376 0.518
vn 0.757 0.285 0.588
vn 0.383 0.906 0.179
vn 0.808 0.115 0.577
vn 0.807 0.087 0.585
vn 0.789 -0.249 0.562
vn 0.708 -0.407 0.577
vn 0.731 -0.399 0.554
vn 0.670 -0.510 0.539
vn 0.084 0.996 -0.030
vn 0.663 -0.581 0.473
vn 0.639 -0.585 0.500
vn 0.590 -0.678 0.438
vn 0.027 0.999 -0.027
vn 0.484 -0.799 0.357
vn 0.023 1.000 -0.020
vn 0.479 -0.803 0.355
vn 0.477 -0.793 0.380
vn 0.381 -0.872 0.307
vn 0.026 0.999 -0.023
vn 0.280 -0.921 0.271
vn 0.023 0.999 -0.023
vn 0.184 -0.955 0.233
vn 0.021 1.000 -0.023
vn 0.166 -0.960 0.226
vn 0.093 -0.975 0.202
vn 0.024 0.999 -0.026
vn -0.003 -0.986 0.168
vn 0.026 0.999 -0.029
vn -0.100 -0.991 0.088
vn 0.027 0.999 -0.027
vn -0.198 -0.978 -0.073
vn 0.017 1.000 -0.012
vn -0.281 -0.922 -0.266
vn -0.307 0.153 0.939
vn -0.492 0.266 0.829
vn -0.492 0.266 0.829
vn -0.205 -0.000 0.979
vn -0.009 -0.000 1.000
vn -0.000 -0.000 1.000
vn -0.000 -0.000 1.000
vn -0.000 -0.000 1.000
vn -0.000 -0.000 1.000
vn -0.000 -0.000 1.000
vn -0.099 -0.000 0.995
vn -0.377 -0.233 0.896
vn -0.232 -0.166 0.958
vn -0.377 -0.233 0.896
vn -0.772 0.618 0.148
vn -0.733 0.665 0.144
vn -0.707 -0.622 0.336
vn -0.713 -0.616 0.335
vn -0.823 0.546 0.159
vn -0.679 0.718 0.153
vn -0.700 -0.634 0.329
vn -0.629 -0.722 0.287
vn -0.655 -0.671 0.347
vn -0.707 0.504 0.496
vn -0.696 0.519 0.496
vn -0.585 -0.740 0.334
vn -0.595 -0.725 0.348
vn -0.692 0.503 0.517
vn -0.173 0.969 0.178
vn -0.580 -0.745 0.329
vn -0.551 -0.780 0.297
vn -0.042 0.999 0.027
vn -0.433 -0.885 0.169
vn -0.508 -0.834 0.213
vn -0.024 1.000 -0.020
vn -0.421 -0.901 0.103
vn -0.465 -0.877 0.122
vn -0.024 0.999 -0.025
vn -0.398 -0.916 0.045
vn -0.420 -0.906 0.058
vn -0.025 0.999 -0.027
vn -0.353 -0.936 0.003
vn -0.368 -0.930 0.015
vn -0.026 0.999 -0.029
vn -0.276 -0.961 -0.033
vn -0.296 -0.955 -0.014
vn -0.026 0.999 -0.035
vn -0.177 -0.982 -0.064
vn -0.222 -0.975 -0.024
vn -0.028 0.999 -0.043
vn -0.147 -0.989 -0.021
vn -0.024 0.998 -0.050
vn -0.086 -0.996 -0.017
vn -0.021 0.998 -0.054
vn -0.029 -0.999 -0.026
vn -0.018 0.999 -0.051
vn 0.015 -0.998 -0.056
vn -0.020 0.999 -0.047
vn 0.040 -0.995 -0.086
vn -0.026 0.999 -0.046
vn 0.055 -0.994 -0.096
vn -0.031 0.998 -0.045
vn 0.073 -0.993 -0.090
vn -0.037 0.998 -0.047
vn 0.112 -0.990 -0.086
vn -0.041 0.998 -0.048
vn 0.168 -0.982 -0.091
vn -0.043 0.998 -0.046
vn 0.313 -0.937 -0.154
vn 0.223 -0.969 -0.106
vn -0.045 0.998 -0.042
vn 0.310 -0.938 -0.152
vn 0.265 -0.955 -0.131
vn -0.044 0.998 -0.039
vn 0.302 -0.936 -0.180
vn 0.302 -0.936 -0.180
vn -0.043 0.998 -0.040
vn 0.352 -0.898 -0.265
vn -0.039 0.998 -0.045
vn 0.494 -0.765 -0.412
vn 0.418 -0.830 -0.369
vn -0.039 0.998 -0.046
vn 0.496 -0.740 -0.454
vn 0.477 -0.765 -0.434
vn 0.041 0.997 -0.063
vn 0.028 0.998 -0.052
vn 0.596 -0.635 -0.492
vn 0.582 -0.656 -0.481
vn 0.041 0.997 -0.061
vn 0.728 0.432 -0.533
vn 0.304 0.916 -0.264
vn 0.753 -0.380 -0.537
vn 0.694 -0.522 -0.497
vn 0.670 -0.568 -0.478
vn 0.602 -0.639 -0.479
vn 0.724 0.433 -0.536
vn 0.699 0.475 -0.534
vn 0.780 0.265 -0.566
vn 0.802 0.158 -0.576
vn 0.806 0.068 -0.588
vn 0.805 -0.033 -0.592
vn 0.802 -0.125 -0.584
vn 0.792 -0.236 -0.562
vn 0.762 -0.378 -0.526
vn 0.743 -0.439 -0.506
vn 0.701 -0.523 -0.485
vn 0.722 0.433 -0.539
vn 0.755 0.254 -0.605
vn 0.757 0.156 -0.634
vn 0.758 0.155 -0.634
vn 0.781 0.085 -0.618
vn 0.811 -0.014 -0.585
vn 0.820 -0.112 -0.561
vn 0.814 -0.193 -0.547
vn 0.809 -0.226 -0.543
vn 0.767 -0.374 -0.522
vn 0.784 0.099 -0.613
vn 0.822 0.005 -0.569
vn 0.830 -0.108 -0.547
vn 0.861 0.014 0.508
vn 0.865 0.013 0.502
vn 0.861 0.070 0.503
vn 0.850 -0.087 0.519
vn 0.789 0.255 0.558
vn 0.808 0.242 0.537
vn 0.688 0.584 0.430
vn 0.824 0.085 0.560
vn 0.843 0.081 0.531
vn 0.821 0.093 0.564
vn 0.843 0.100 0.529
vn 0.827 0.107 0.552
vn 0.858 0.114 0.501
vn 0.825 0.031 0.564
vn 0.849 -0.096 0.520
vn 0.811 -0.069 0.581
vn 0.788 -0.173 0.591
vn 0.817 -0.194 0.543
vn 0.757 -0.291 0.585
vn 0.769 -0.298 0.566
vn 0.738 -0.356 0.574
vn 0.756 0.293 0.585
vn 0.225 0.974 0.017
vn 0.694 -0.417 0.587
vn 0.703 -0.430 0.567
vn 0.628 -0.558 0.543
vn 0.033 0.998 -0.047
vn 0.620 -0.592 0.515
vn 0.602 -0.603 0.524
vn 0.515 -0.724 0.460
vn 0.026 0.999 -0.035
vn 0.439 -0.820 0.367
vn 0.429 -0.822 0.373
vn 0.406 -0.844 0.351
vn 0.032 0.999 -0.026
vn 0.478 -0.804 0.354
vn 0.315 -0.910 0.270
vn 0.031 0.999 -0.024
vn 0.230 -0.947 0.225
vn 0.027 0.999 -0.023
vn 0.149 -0.971 0.187
vn 0.026 0.999 -0.025
vn 0.106 -0.981 0.165
vn 0.142 -0.969 0.203
vn 0.067 -0.987 0.147
vn 0.024 0.999 -0.025
vn -0.019 -0.994 0.110
vn 0.024 0.999 -0.025
vn -0.121 -0.991 0.064
vn 0.026 0.999 -0.026
vn -0.236 -0.972 -0.022
vn 0.027 0.999 -0.030
vn -0.336 -0.927 -0.165
vn 0.024 0.999 -0.026
vn -0.391 -0.861 -0.325
vn -0.396 -0.858 -0.328
vn -0.392 -0.863 -0.318
vn -0.492 0.266 0.829
vn -0.205 -0.000 0.979
vn -0.009 -0.000 1.000
vn -0.291 0.010 0.957
vn -0.291 0.010 0.957
vn -0.206 -0.000 0.979
vn -0.191 -0.000 0.982
vn -0.246 -0.000 0.969
vn -0.389 -0.117 0.914
vn -0.099 -0.000 0.995
vn -0.389 -0.117 0.914
vn -0.377 -0.233 0.896
vn -0.738 0.611 0.288
vn -0.753 0.443 0.486
vn -0.744 0.439 0.503
vn -0.466 0.234 0.853
vn -0.722 -0.410 0.558
vn -0.736 -0.537 0.413
vn -0.788 -0.457 0.412
vn -0.495 0.818 0.293
vn -0.513 0.783 0.352
vn -0.727 -0.531 0.435
vn -0.665 -0.646 0.374
vn -0.703 -0.559 0.441
vn -0.444 0.830 0.338
vn -0.377 0.824 0.423
vn -0.635 -0.659 0.403
vn -0.637 -0.654 0.407
vn -0.410 0.506 0.759
vn -0.377 0.606 0.701
vn -0.634 -0.661 0.401
vn -0.574 -0.757 0.313
vn -0.606 -0.718 0.342
vn -0.079 0.992 0.095
vn -0.578 -0.775 0.255
vn -0.584 -0.769 0.260
vn -0.024 1.000 0.001
vn -0.574 -0.783 0.240
vn -0.544 -0.818 0.186
vn -0.025 0.999 -0.026
vn -0.487 -0.864 0.127
vn -0.025 0.999 -0.029
vn -0.427 -0.900 0.088
vn -0.027 0.999 -0.031
vn -0.371 -0.926 0.064
vn -0.028 0.999 -0.035
vn -0.315 -0.948 0.048
vn -0.028 0.999 -0.042
vn -0.262 -0.964 0.044
vn -0.025 0.999 -0.047
vn -0.202 -0.979 0.039
vn -0.022 0.999 -0.049
vn -0.143 -0.989 0.023
vn -0.020 0.999 -0.050
vn -0.095 -0.995 -0.020
vn -0.020 0.998 -0.051
vn -0.061 -0.996 -0.065
vn -0.025 0.998 -0.051
vn -0.041 -0.996 -0.077
vn -0.030 0.998 -0.052
vn -0.017 -0.998 -0.059
vn -0.036 0.998 -0.053
vn 0.020 -0.999 -0.035
vn -0.039 0.998 -0.051
vn 0.073 -0.997 -0.033
vn -0.041 0.998 -0.047
vn 0.122 -0.991 -0.058
vn -0.042 0.998 -0.043
vn 0.156 -0.983 -0.100
vn -0.044 0.998 -0.040
vn 0.302 -0.936 -0.180
vn 0.185 -0.972 -0.145
vn -0.045 0.998 -0.038
vn 0.263 -0.940 -0.219
vn 0.232 -0.951 -0.204
vn -0.043 0.998 -0.041
vn 0.317 -0.905 -0.284
vn 0.258 -0.939 -0.227
vn -0.038 0.998 -0.044
vn 0.480 -0.763 -0.433
vn 0.428 -0.829 -0.359
vn -0.039 0.998 -0.047
vn 0.022 0.998 -0.052
vn -0.041 0.998 -0.053
vn 0.536 -0.749 -0.389
vn 0.524 -0.759 -0.386
vn -0.022 0.997 -0.073
vn 0.641 -0.639 -0.426
vn 0.622 -0.680 -0.389
vn 0.162 0.975 -0.149
vn 0.720 -0.514 -0.467
vn 0.692 -0.594 -0.410
vn 0.669 -0.626 -0.401
vn 0.693 0.452 -0.561
vn 0.545 0.692 -0.474
vn 0.756 0.246 -0.606
vn 0.757 0.156 -0.634
vn 0.811 -0.225 -0.539
vn 0.789 -0.362 -0.497
vn 0.757 -0.488 -0.435
vn 0.757 -0.488 -0.435
vn 0.727 0.443 -0.525
vn 0.819 0.217 -0.532
vn 0.819 0.215 -0.532
vn 0.814 0.166 -0.556
vn 0.819 0.141 -0.557
vn 0.854 0.041 -0.519
vn 0.871 -0.091 -0.484
vn 0.865 -0.218 -0.452
vn 0.843 -0.349 -0.410
vn 0.842 -0.351 -0.410
vn 0.757 -0.488 -0.435
vn 0.819 0.215 -0.531
vn 0.849 0.168 -0.501
vn 0.871 0.169 -0.461
vn 0.917 0.099 -0.386
vn 0.918 0.095 -0.385
vn 0.937 -0.059 -0.344
vn 0.938 -0.088 -0.335
vn 0.917 -0.210 -0.339
vn 0.923 0.096 -0.373
vn 0.950 -0.054 -0.306
vn 0.938 0.004 0.348
vn 0.954 0.002 0.301
vn 0.936 0.075 0.345
vn 0.933 -0.075 0.351
vn 0.855 0.205 0.477
vn 0.856 0.205 0.475
vn 0.852 0.220 0.475
vn 0.876 0.081 0.475
vn 0.891 0.087 0.445
vn 0.877 0.118 0.465
vn 0.901 0.128 0.415
vn 0.885 0.132 0.446
vn 0.925 0.146 0.351
vn 0.893 0.006 0.450
vn 0.924 -0.133 0.359
vn 0.883 -0.118 0.455
vn 0.857 -0.233 0.460
vn 0.876 -0.250 0.413
vn 0.825 -0.316 0.468
vn 0.825 0.283 0.488
vn 0.408 0.905 0.117
vn 0.847 0.081 0.525
vn 0.851 0.102 0.516
vn 0.859 0.115 0.499
vn 0.849 -0.096 0.520
vn 0.826 -0.202 0.526
vn 0.804 -0.353 0.478
vn 0.790 -0.319 0.523
vn 0.730 -0.455 0.511
vn 0.730 -0.455 0.511
vn 0.729 -0.455 0.511
vn 0.072 0.996 -0.060
vn 0.711 -0.434 0.553
vn 0.634 -0.601 0.486
vn 0.029 0.998 -0.056
vn 0.604 -0.604 0.520
vn 0.631 -0.605 0.485
vn 0.515 -0.745 0.424
vn 0.027 0.999 -0.043
vn 0.417 -0.830 0.370
vn 0.422 -0.831 0.362
vn 0.380 -0.862 0.336
vn 0.033 0.999 -0.032
vn 0.262 -0.931 0.253
vn 0.030 0.999 -0.023
vn 0.173 -0.966 0.192
vn 0.032 0.999 -0.024
vn 0.095 -0.984 0.153
vn 0.030 0.999 -0.027
vn 0.023 -0.993 0.117
vn 0.029 0.999 -0.027
vn 0.019 -0.993 0.115
vn -0.047 -0.996 0.071
vn 0.029 0.999 -0.025
vn -0.126 -0.992 0.017
vn 0.029 0.999 -0.023
vn -0.225 -0.973 -0.053
vn 0.032 0.999 -0.027
vn -0.339 -0.930 -0.141
vn 0.030 0.999 -0.028
vn -0.396 -0.892 -0.217
vn -0.433 -0.864 -0.255
vn -0.353 -0.922 -0.157
vn 0.031 0.999 -0.034
vn -0.484 -0.793 -0.369
f 84//84 83//83 82//82
f 86//86 85//85 82//82
f 86//86 82//82 83//83
f 87//87 85//85 86//86
f 89//89 88//88 1//1
f 89//89 1//1 2//2
f 1//1 90//90 3//3
f 88//88 90//90 1//1
f 82//82 4//4 84//84
f 4//4 90//90 84//84
f 4//4 3//3 90//90
f 4//4 82//82 5//5
f 5//5 82//82 85//85
f 87//87 91//91 85//85
f 91//91 5//5 85//85
f 91//91 6//6 5//5
f 6//6 92//92 7//7
f 91//91 92//92 6//6
f 94//94 93//93 8//8
f 7//7 94//94 8//8
f 92//92 94//94 7//7
f 95//95 93//93 94//94
f 98//98 97//97 96//96
f 9//9 10//10 96//96
f 97//97 9//9 96//96
f 99//99 9//9 97//97
f 2//2 9//9 89//89
f 89//89 9//9 99//99
f 93//93 11//11 8//8
f 95//95 100//100 93//93
f 100//100 11//11 93//93
f 100//100 12//12 11//11
f 100//100 102//102 101//101
f 13//13 100//100 101//101
f 12//12 100//100 13//13
f 101//101 14//14 13//13
f 98//98 96//96 15//15
f 16//16 98//98 15//15
f 103//103 98//98 16//16
f 15//15 96//96 10//10
f 102//102 104//104 101//101
f 104//104 106//106 105//105
f 104//104 105//105 17//17
f 101//101 104//104 17//17
f 14//14 101//101 17//17
f 105//105 18//18 17//17
f 108//108 107//107 19//19
f 108//108 19//19 20//20
f 16//16 19//19 103//103
f 103//103 19//19 107//107
f 106//106 109//109 105//105
f 105//105 109//109 18//18
f 109//109 21//21 18//18
f 109//109 110//110 21//21
f 22//22 21//21 110//110
f 22//22 110//110 111//111
f 114//114 113//113 112//112
f 113//113 108//108 112//112
f 108//108 23//23 112//112
f 108//108 20//20 23//23
f 24//24 22//22 115//115
f 22//22 116//116 115//115
f 22//22 111//111 116//116
f 115//115 25//25 24//24
f 114//114 112//112 26//26
f 27//27 114//114 26//26
f 117//117 114//114 27//27
f 26//26 112//112 23//23
f 116//116 118//118 115//115
f 118//118 120//120 119//119
f 118//118 119//119 28//28
f 115//115 118//118 28//28
f 25//25 115//115 28//28
f 119//119 29//29 28//28
f 122//122 121//121 30//30
f 122//122 30//30 31//31
f 27//27 30//30 117//117
f 117//117 30//30 121//121
f 120//120 123//123 119//119
f 29//29 119//119 123//123
f 124//124 29//29 123//123
f 32//32 29//29 124//124
f 126//126 125//125 33//33
f 126//126 33//33 34//34
f 31//31 33//33 122//122
f 122//122 33//33 125//125
f 35//35 32//32 127//127
f 32//32 128//128 127//127
f 32//32 124//124 128//128
f 127//127 36//36 35//35
f 37//37 126//126 34//34
f 37//37 129//129 126//126
f 128//128 130//130 127//127
f 36//36 127//127 130//130
f 131//131 36//36 130//130
f 38//38 36//36 131//131
f 39//39 129//129 37//37
f 39//39 132//132 129//129
f 131//131 40//40 38//38
f 133//133 40//40 131//131
f 41//41 132//132 39//39
f 41//41 134//134 132//132
f 42//42 40//40 135//135
f 40//40 136//136 135//135
f 40//40 133//133 136//136
f 135//135 43//43 42//42
f 44//44 134//134 41//41
f 44//44 137//137 134//134
f 140//140 139//139 138//138
f 142//142 141//141 138//138
f 138//138 141//141 140//140
f 142//142 143//143 141//141
f 135//135 136//136 144//144
f 144//144 136//136 145//145
f 144//144 45//45 43//43
f 144//144 43//43 135//135
f 46//46 137//137 44//44
f 46//46 146//146 137//137
f 139//139 147//147 138//138
f 138//138 147//147 142//142
f 142//142 147//147 148//148
f 142//142 148//148 143//143
f 145//145 149//149 144//144
f 45//45 144//144 149//149
f 150//150 45//45 149//149
f 47//47 45//45 150//150
f 48//48 146//146 46//46
f 48//48 151//151 146//146
f 150//150 49//49 47//47
f 152//152 49//49 150//150
f 50//50 151//151 48//48
f 50//50 153//153 151//151
f 152//152 51//51 49//49
f 154//154 51//51 152//152
f 52//52 153//153 50//50
f 52//52 155//155 153//153
f 154//154 53//53 51//51
f 156//156 53//53 154//154
f 54//54 155//155 52//52
f 54//54 157//157 155//155
f 156//156 55//55 53//53
f 158//158 55//55 156//156
f 56//56 157//157 54//54
f 56//56 159//159 157//157
f 158//158 57//57 55//55
f 160//160 57//57 158//158
f 58//58 159//159 56//56
f 58//58 161//161 159//159
f 160//160 59//59 57//57
f 162//162 59//59 160//160
f 60//60 161//161 58//58
f 60//60 163//163 161//161
f 162//162 61//61 59//59
f 164//164 61//61 162//162
f 62//62 163//163 60//60
f 62//62 165//165 163//163
f 164//164 63//63 61//61
f 166//166 63//63 164//164
f 64//64 165//165 62//62
f 64//64 167//167 165//165
f 166//166 65//65 63//63
f 168//168 65//65 166//166
f 64//64 66//66 169//169
f 170//170 64//64 169//169
f 167//167 64//64 170//170
f 67//67 169//169 66//66
f 168//168 68//68 65//65
f 171//171 68//68 168//168
f 172//172 170//170 169//169
f 169//169 67//67 172//172
f 67//67 173//173 172//172
f 67//67 69//69 173//173
f 176//176 175//175 174//174
f 171//171 176//176 174//174
f 70//70 171//171 174//174
f 68//68 171//171 70//70
f 71//71 173//173 69//69
f 71//71 177//177 173//173
f 174//174 175//175 178//178
f 178//178 175//175 179//179
f 178//178 72//72 70//70
f 178//178 70//70 174//174
f 73//73 177//177 71//71
f 73//73 180//180 177//177
f 178//178 179//179 181//181
f 181//181 179//179 182//182
f 181//181 74//74 72//72
f 181//181 72//72 178//178
f 73//73 75//75 183//183
f 184//184 73//73 183//183
f 180//180 73//73 184//184
f 76//76 183//183 75//75
f 181//181 182//182 185//185
f 185//185 182//182 186//186
f 185//185 77//77 74//74
f 185//185 74//74 181//181
f 187//187 184//184 183//183
f 183//183 76//76 187//187
f 76//76 188//188 187//187
f 76//76 78//78 188//188
f 185//185 186//186 189//189
f 189//189 186//186 190//190
f 189//189 79//79 77//77
f 189//189 77//77 185//185
f 80//80 188//188 78//78
f 80//80 191//191 188//188
f 189//189 190//190 192//192
f 192//192 190//190 193//193
f 192//192 81//81 79//79
f 192//192 79//79 189//189
f 84//84 194//194 83//83
f 195//195 86//86 83//83
f 195//195 83//83 194//194
f 195//195 87//87 86//86
f 198//198 197//197 196//196
f 88//88 89//89 196//196
f 197//197 88//88 196//196
f 199//199 88//88 197//197
f 88//88 200//200 90//90
f 199//199 200//200 88//88
f 84//84 90//90 194//194
f 90//90 201//201 194//194
f 90//90 200//200 201//201
f 194//194 201//201 195//195
f 195//195 201//201 202//202
f 195//195 202//202 87//87
f 202//202 91//91 87//87
f 202//202 203//203 91//91
f 91//91 204//204 92//92
f 203//203 204//204 91//91
f 92//92 205//205 94//94
f 204//204 205//205 92//92
f 95//95 94//94 205//205
f 95//95 205//205 206//206
f 208//208 207//207 97//97
f 208//208 97//97 98//98
f 196//196 99//99 198//198
f 99//99 207//207 198//198
f 99//99 97//97 207//207
f 99//99 196//196 89//89
f 206//206 209//209 95//95
f 95//95 209//209 100//100
f 102//102 100//100 209//209
f 102//102 209//209 210//210
f 213//213 212//212 211//211
f 212//212 208//208 211//211
f 208//208 103//103 211//211
f 208//208 98//98 103//103
f 210//210 214//214 102//102
f 102//102 214//214 104//104
f 106//106 104//104 214//214
f 106//106 214//214 215//215
f 213//213 211//211 107//107
f 108//108 213//213 107//107
f 216//216 213//213 108//108
f 107//107 211//211 103//103
f 215//215 217//217 106//106
f 106//106 217//217 109//109
f 217//217 219//219 218//218
f 110//110 217//217 218//218
f 109//109 217//217 110//110
f 218//218 111//111 110//110
f 221//221 220//220 113//113
f 221//221 113//113 114//114
f 108//108 113//113 216//216
f 216//216 113//113 220//220
f 219//219 222//222 218//218
f 111//111 218//218 222//222
f 223//223 111//111 222//222
f 116//116 111//111 223//223
f 117//117 221//221 114//114
f 117//117 224//224 221//221
f 223//223 225//225 116//116
f 116//116 225//225 118//118
f 120//120 118//118 225//225
f 120//120 225//225 226//226
f 228//228 227//227 121//121
f 228//228 121//121 122//122
f 117//117 121//121 224//224
f 224//224 121//121 227//227
f 123//123 120//120 229//229
f 120//120 230//230 229//229
f 120//120 226//226 230//230
f 229//229 124//124 123//123
f 232//232 231//231 125//125
f 232//232 125//125 126//126
f 122//122 125//125 228//228
f 228//228 125//125 231//231
f 230//230 233//233 229//229
f 124//124 229//229 233//233
f 234//234 124//124 233//233
f 128//128 124//124 234//234
f 129//129 232//232 126//126
f 129//129 235//235 232//232
f 130//130 128//128 236//236
f 128//128 237//237 236//236
f 128//128 234//234 237//237
f 236//236 131//131 130//130
f 132//132 235//235 129//129
f 132//132 238//238 235//235
f 237//237 239//239 236//236
f 131//131 236//236 239//239
f 240//240 131//131 239//239
f 133//133 131//131 240//240
f 134//134 238//238 132//132
f 134//134 241//241 238//238
f 240//240 136//136 133//133
f 242//242 136//136 240//240
f 137//137 241//241 134//134
f 137//137 243//243 241//241
f 244//244 139//139 140//140
f 141//141 245//245 140//140
f 140//140 245//245 244//244
f 143//143 245//245 141//141
f 242//242 145//145 136//136
f 246//246 145//145 242//242
f 146//146 243//243 137//137
f 146//146 247//247 243//243
f 244//244 147//147 139//139
f 147//147 148//148 244//244
f 148//148 245//245 244//244
f 148//148 245//245 143//143
f 149//149 145//145 248//248
f 145//145 249//249 248//248
f 145//145 246//246 249//249
f 248//248 150//150 149//149
f 151//151 247//247 146//146
f 151//151 250//250 247//247
f 248//248 249//249 251//251
f 251//251 249//249 252//252
f 251//251 152//152 150//150
f 251//251 150//150 248//248
f 153//153 250//250 151//151
f 153//153 253//253 250//250
f 251//251 252//252 254//254
f 254//254 252//252 255//255
f 254//254 154//154 152//152
f 254//254 152//152 251//251
f 155//155 253//253 153//153
f 155//155 256//256 253//253
f 259//259 258//258 257//257
f 261//261 260//260 257//257
f 257//257 260//260 259//259
f 263//263 262//262 261//261
f 261//261 262//262 260//260
f 263//263 264//264 262//262
f 254//254 255//255 265//265
f 265//265 255//255 266//266
f 265//265 156//156 154//154
f 265//265 154//154 254//254
f 157//157 256//256 155//155
f 157//157 267//267 256//256
f 258//258 268//268 257//257
f 257//257 268//268 261//261
f 261//261 268//268 269//269
f 261//261 269//269 263//263
f 263//263 269//269 270//270
f 263//263 270//270 264//264
f 265//265 266//266 271//271
f 271//271 266//266 272//272
f 271//271 158//158 156//156
f 271//271 156//156 265//265
f 159//159 267//267 157//157
f 159//159 273//273 267//267
f 271//271 272//272 274//274
f 274//274 272//272 275//275
f 274//274 160//160 158//158
f 274//274 158//158 271//271
f 161//161 273//273 159//159
f 161//161 276//276 273//273
f 274//274 275//275 277//277
f 277//277 275//275 278//278
f 277//277 162//162 160//160
f 277//277 160//160 274//274
f 163//163 276//276 161//161
f 163//163 279//279 276//276
f 277//277 278//278 280//280
f 280//280 278//278 281//281
f 280//280 164//164 162//162
f 280//280 162//162 277//277
f 165//165 279//279 163//163
f 165//165 282//282 279//279
f 280//280 281//281 283//283
f 283//283 281//281 284//284
f 283//283 166//166 164//164
f 283//283 164//164 280//280
f 167//167 282//282 165//165
f 167//167 285//285 282//282
f 283//283 284//284 286//286
f 286//286 284//284 287//287
f 286//286 168//168 166//166
f 286//286 166//166 283//283
f 170//170 285//285 167//167
f 170//170 288//288 285//285
f 286//286 287//287 289//289
f 289//289 287//287 290//290
f 289//289 171//171 168//168
f 289//289 168//168 286//286
f 291//291 288//288 170//170
f 291//291 170//170 172//172
f 172//172 173//173 291//291
f 291//291 173//173 292//292
f 289//289 290//290 176//176
f 290//290 175//175 176//176
f 290//290 293//293 175//175
f 289//289 176//176 171//171
f 177//177 292//292 173//173
f 177//177 294//294 292//292
f 293//293 179//179 175//175
f 295//295 179//179 293//293
f 180//180 294//294 177//177
f 180//180 296//296 294//294
f 295//295 182//182 179//179
f 297//297 182//182 295//295
f 184//184 299//299 298//298
f 296//296 184//184 298//298
f 180//180 184//184 296//296
f 299//299 300//300 298//298
f 297//297 186//186 182//182
f 301//301 186//186 297//297
f 187//187 299//299 184//184
f 187//187 188//188 299//299
f 188//188 300//300 299//299
f 188//188 302//302 300//300
f 301//301 190//190 186//186
f 303//303 190//190 301//301
f 191//191 302//302 188//188
f 191//191 304//304 302//302
f 307//307 306//306 305//305
f 303//303 307//307 305//305
f 193//193 303//303 305//305
f 190//190 303//303 193//193
f 198//198 308//308 197//197
f 197//197 308//308 309//309
f 310//310 197//197 309//309
f 199//199 197//197 310//310
f 199//199 311//311 200//200
f 310//310 311//311 199//199
f 200//200 312//312 201//201
f 311//311 312//312 200//200
f 201//201 313//313 202//202
f 312//312 313//313 201//201
f 202//202 314//314 203//203
f 313//313 314//314 202//202
f 203//203 315//315 204//204
f 314//314 315//315 203//203
f 315//315 317//317 316//316
f 205//205 315//315 316//316
f 204//204 315//315 205//205
f 316//316 206//206 205//205
f 319//319 318//318 207//207
f 319//319 207//207 208//208
f 198//198 207//207 308//308
f 207//207 320//320 308//308
f 207//207 318//318 320//320
f 308//308 320//320 309//309
f 317//317 321//321 316//316
f 316//316 321//321 206//206
f 321//321 209//209 206//206
f 321//321 322//322 209//209
f 210//210 209//209 322//322
f 210//210 322//322 323//323
f 325//325 324//324 212//212
f 325//325 212//212 213//213
f 208//208 212//212 319//319
f 319//319 212//212 324//324
f 323//323 326//326 210//210
f 210//210 326//326 214//214
f 215//215 214//214 326//326
f 215//215 326//326 327//327
f 216//216 325//325 213//213
f 216//216 328//328 325//325
f 217//217 215//215 329//329
f 215//215 330//330 329//329
f 215//215 327//327 330//330
f 329//329 219//219 217//217
f 332//332 331//331 220//220
f 332//332 220//220 221//221
f 216//216 220//220 328//328
f 328//328 220//220 331//331
f 330//330 333//333 329//329
f 333//333 335//335 334//334
f 333//333 334//334 222//222
f 329//329 333//333 222//222
f 219//219 329//329 222//222
f 334//334 223//223 222//222
f 224//224 332//332 221//221
f 224//224 336//336 332//332
f 335//335 337//337 334//334
f 337//337 339//339 338//338
f 337//337 338//338 225//225
f 334//334 337//337 225//225
f 223//223 334//334 225//225
f 338//338 226//226 225//225
f 341//341 340//340 227//227
f 341//341 227//227 228//228
f 224//224 227//227 336//336
f 336//336 227//227 340//340
f 339//339 342//342 338//338
f 226//226 338//338 342//342
f 343//343 226//226 342//342
f 230//230 226//226 343//343
f 345//345 344//344 231//231
f 345//345 231//231 232//232
f 228//228 231//231 341//341
f 341//341 231//231 344//344
f 233//233 230//230 346//346
f 230//230 347//347 346//346
f 230//230 343//343 347//347
f 346//346 234//234 233//233
f 235//235 345//345 232//232
f 235//235 348//348 345//345
f 347//347 349//349 346//346
f 234//234 346//346 349//349
f 350//350 234//234 349//349
f 237//237 234//234 350//350
f 238//238 348//348 235//235
f 238//238 351//351 348//348
f 239//239 237//237 352//352
f 237//237 353//353 352//352
f 237//237 350//350 353//353
f 352//352 240//240 239//239
f 241//241 351//351 238//238
f 241//241 354//354 351//351
f 352//352 353//353 355//355
f 355//355 353//353 356//356
f 355//355 242//242 240//240
f 355//355 240//240 352//352
f 243//243 354//354 241//241
f 243//243 357//357 354//354
f 356//356 358//358 355//355
f 242//242 355//355 358//358
f 359//359 242//242 358//358
f 246//246 242//242 359//359
f 247//247 357//357 243//243
f 247//247 360//360 357//357
f 359//359 249//249 246//246
f 361//361 249//249 359//359
f 250//250 360//360 247//247
f 250//250 362//362 360//360
f 361//361 252//252 249//249
f 363//363 252//252 361//361
f 253//253 362//362 250//250
f 253//253 364//364 362//362
f 363//363 255//255 252//252
f 365//365 255//255 363//363
f 256//256 364//364 253//253
f 256//256 366//366 364//364
f 367//367 258//258 259//259
f 260//260 368//368 259//259
f 259//259 368//368 367//367
f 262//262 369//369 260//260
f 260//260 369//369 368//368
f 264//264 369//369 262//262
f 365//365 266//266 255//255
f 370//370 266//266 365//365
f 267//267 366//366 256//256
f 267//267 371//371 366//366
f 367//367 268//268 258//258
f 268//268 367//367 269//269
f 269//269 367//367 368//368
f 269//269 368//368 270//270
f 270//270 368//368 369//369
f 270//270 369//369 264//264
f 370//370 272//272 266//266
f 372//372 272//272 370//370
f 273//273 371//371 267//267
f 273//273 373//373 371//371
f 372//372 275//275 272//272
f 374//374 275//275 372//372
f 276//276 373//373 273//273
f 276//276 375//375 373//373
f 374//374 278//278 275//275
f 376//376 278//278 374//374
f 279//279 375//375 276//276
f 279//279 377//377 375//375
f 376//376 281//281 278//278
f 378//378 281//281 376//376
f 282//282 377//377 279//279
f 282//282 379//379 377//377
f 378//378 284//284 281//281
f 380//380 284//284 378//378
f 285//285 379//379 282//282
f 285//285 381//381 379//379
f 380//380 287//287 284//284
f 382//382 287//287 380//380
f 288//288 381//381 285//285
f 288//288 383//383 381//381
f 382//382 290//290 287//287
f 384//384 290//290 382//382
f 385//385 383//383 288//288
f 385//385 288//288 291//291
f 291//291 292//292 385//385
f 385//385 292//292 386//386
f 384//384 293//293 290//290
f 387//387 293//293 384//384
f 294//294 386//386 292//292
f 294//294 388//388 386//386
f 391//391 390//390 389//389
f 387//387 391//391 389//389
f 295//295 387//387 389//389
f 293//293 387//387 295//295
f 296//296 393//393 392//392
f 388//388 296//296 392//392
f 294//294 296//296 388//388
f 393//393 394//394 392//392
f 389//389 390//390 395//395
f 395//395 390//390 396//396
f 395//395 297//297 295//295
f 395//395 295//295 389//389
f 298//298 393//393 296//296
f 298//298 300//300 393//393
f 300//300 394//394 393//393
f 300//300 397//397 394//394
f 395//395 396//396 398//398
f 398//398 396//396 399//399
f 398//398 301//301 297//297
f 398//398 297//297 395//395
f 302//302 401//401 400//400
f 397//397 302//302 400//400
f 300//300 302//302 397//397
f 401//401 402//402 400//400
f 398//398 399//399 403//403
f 403//403 399//399 404//404
f 403//403 303//303 301//301
f 403//403 301//301 398//398
f 304//304 405//405 401//401
f 304//304 401//401 302//302
f 402//402 401//401 406//406
f 406//406 401//401 405//405
f 403//403 404//404 307//307
f 404//404 306//306 307//307
f 404//404 407//407 306//306
f 403//403 307//307 303//303
f 309//309 408//408 310//310
f 409//409 311//311 310//310
f 409//409 310//310 408//408
f 410//410 312//312 311//311
f 410//410 311//311 409//409
f 411//411 313//313 312//312
f 411//411 312//312 410//410
f 412//412 314//314 313//313
f 412//412 313//313 411//411
f 413//413 315//315 314//314
f 413//413 314//314 412//412
f 413//413 317//317 315//315
f 319//319 414//414 318//318
f 415//415 320//320 318//318
f 415//415 318//318 414//414
f 408//408 309//309 320//320
f 415//415 408//408 320//320
f 416//416 408//408 415//415
f 408//408 417//417 409//409
f 408//408 416//416 417//417
f 409//409 418//418 410//410
f 409//409 417//417 418//418
f 410//410 419//419 411//411
f 410//410 418//418 419//419
f 411//411 420//420 412//412
f 411//411 419//419 420//420
f 412//412 421//421 413//413
f 412//412 420//420 421//421
f 422//422 321//321 317//317
f 413//413 422//422 317//317
f 421//421 422//422 413//413
f 423//423 322//322 321//321
f 423//423 321//321 422//422
f 423//423 323//323 322//322
f 425//425 424//424 324//324
f 425//425 324//324 325//325
f 319//319 324//324 414//414
f 324//324 426//426 414//414
f 324//324 424//424 426//426
f 414//414 426//426 415//415
f 415//415 426//426 427//427
f 415//415 427//427 416//416
f 416//416 427//427 428//428
f 416//416 428//428 417//417
f 417//417 428//428 429//429
f 417//417 429//429 418//418
f 418//418 429//429 430//430
f 418//418 430//430 419//419
f 419//419 430//430 431//431
f 419//419 431//431 420//420
f 420//420 431//431 432//432
f 420//420 432//432 421//421
f 421//421 432//432 433//433
f 421//421 433//433 422//422
f 422//422 433//433 434//434
f 422//422 434//434 423//423
f 423//423 434//434 435//435
f 435//435 437//437 436//436
f 435//435 436//436 326//326
f 423//423 435//435 326//326
f 323//323 423//423 326//326
f 436//436 327//327 326//326
f 328//328 425//425 325//325
f 328//328 438//438 425//425
f 437//437 439//439 436//436
f 327//327 436//436 439//439
f 440//440 327//327 439//439
f 330//330 327//327 440//440
f 442//442 441//441 331//331
f 442//442 331//331 332//332
f 328//328 331//331 438//438
f 438//438 331//331 441//441
f 440//440 443//443 330//330
f 330//330 443//443 333//333
f 335//335 333//333 443//443
f 335//335 443//443 444//444
f 336//336 442//442 332//332
f 336//336 445//445 442//442
f 444//444 446//446 335//335
f 335//335 446//446 337//337
f 339//339 337//337 446//446
f 339//339 446//446 447//447
f 449//449 448//448 340//340
f 449//449 340//340 341//341
f 336//336 340//340 445//445
f 445//445 340//340 448//448
f 447//447 450//450 339//339
f 339//339 450//450 342//342
f 343//343 342//342 450//450
f 343//343 450//450 451//451
f 453//453 452//452 344//344
f 453//453 344//344 345//345
f 341//341 344//344 449//449
f 449//449 344//344 452//452
f 451//451 347//347 343//343
f 454//454 347//347 451//451
f 348//348 453//453 345//345
f 348//348 455//455 453//453
f 349//349 347//347 456//456
f 347//347 457//457 456//456
f 347//347 454//454 457//457
f 456//456 350//350 349//349
f 351//351 455//455 348//348
f 351//351 458//458 455//455
f 457//457 459//459 456//456
f 350//350 456//456 459//459
f 460//460 350//350 459//459
f 353//353 350//350 460//460
f 354//354 458//458 351//351
f 354//354 461//461 458//458
f 460//460 356//356 353//353
f 462//462 356//356 460//460
f 357//357 461//461 354//354
f 357//357 463//463 461//461
f 358//358 356//356 464//464
f 356//356 465//465 464//464
f 356//356 462//462 465//465
f 464//464 359//359 358//358
f 360//360 463//463 357//357
f 360//360 466//466 463//463
f 464//464 465//465 467//467
f 467//467 465//465 468//468
f 467//467 361//361 359//359
f 467//467 359//359 464//464
f 362//362 466//466 360//360
f 362//362 469//469 466//466
f 467//467 468//468 470//470
f 470//470 468//468 471//471
f 470//470 363//363 361//361
f 470//470 361//361 467//467
f 364//364 469//469 362//362
f 364//364 472//472 469//469
f 470//470 471//471 473//473
f 473//473 471//471 474//474
f 473//473 365//365 363//363
f 473//473 363//363 470//470
f 366//366 472//472 364//364
f 366//366 475//475 472//472
f 473//473 474//474 476//476
f 476//476 474//474 477//477
f 476//476 370//370 365//365
f 476//476 365//365 473//473
f 371//371 475//475 366//366
f 371//371 478//478 475//475
f 476//476 477//477 479//479
f 479//479 477//477 480//480
f 479//479 372//372 370//370
f 479//479 370//370 476//476
f 373//373 478//478 371//371
f 373//373 481//481 478//478
f 479//479 480//480 482//482
f 482//482 480//480 483//483
f 482//482 374//374 372//372
f 482//482 372//372 479//479
f 375//375 481//481 373//373
f 375//375 484//484 481//481
f 482//482 483//483 485//485
f 485//485 483//483 486//486
f 485//485 376//376 374//374
f 485//485 374//374 482//482
f 377//377 484//484 375//375
f 377//377 487//487 484//484
f 485//485 486//486 488//488
f 488//488 486//486 489//489
f 488//488 378//378 376//376
f 488//488 376//376 485//485
f 379//379 487//487 377//377
f 379//379 490//490 487//487
f 488//488 489//489 491//491
f 491//491 489//489 492//492
f 491//491 380//380 378//378
f 491//491 378//378 488//488
f 381//381 490//490 379//379
f 381//381 493//493 490//490
f 491//491 492//492 494//494
f 494//494 492//492 495//495
f 494//494 382//382 380//380
f 494//494 380//380 491//491
f 383//383 493//493 381//381
f 383//383 496//496 493//493
f 494//494 495//495 497//497
f 497//497 495//495 498//498
f 497//497 384//384 382//382
f 497//497 382//382 494//494
f 499//499 496//496 383//383
f 499//499 383//383 385//385
f 385//385 386//386 499//499
f 499//499 386//386 500//500
f 497//497 498//498 501//501
f 501//501 498//498 502//502
f 501//501 387//387 384//384
f 501//501 384//384 497//497
f 388//388 500//500 386//386
f 388//388 503//503 500//500
f 501//501 502//502 391//391
f 502//502 390//390 391//391
f 502//502 504//504 390//390
f 501//501 391//391 387//387
f 505//505 503//503 388//388
f 505//505 388//388 392//392
f 392//392 394//394 505//505
f 505//505 394//394 506//506
f 504//504 396//396 390//390
f 507//507 396//396 504//504
f 397//397 506//506 394//394
f 397//397 508//508 506//506
f 507//507 399//399 396//396
f 509//509 399//399 507//507
f 510//510 508//508 397//397
f 510//510 397//397 400//400
f 400//400 402//402 510//510
f 510//510 402//402 511//511
f 509//509 404//404 399//399
f 512//512 404//404 509//509
f 406//406 514//514 513//513
f 511//511 406//406 513//513
f 402//402 406//406 511//511
f 514//514 515//515 513//513
f 518//518 517//517 516//516
f 512//512 518//518 516//516
f 407//407 512//512 516//516
f 404//404 512//512 407//407
f 425//425 519//519 424//424
f 520//520 426//426 424//424
f 520//520 424//424 519//519
f 521//521 427//427 426//426
f 521//521 426//426 520//520
f 522//522 428//428 427//427
f 522//522 427//427 521//521
f 523//523 429//429 428//428
f 523//523 428//428 522//522
f 524//524 430//430 429//429
f 524//524 429//429 523//523
f 525//525 431//431 430//430
f 525//525 430//430 524//524
f 526//526 432//432 431//431
f 526//526 431//431 525//525
f 527//527 433//433 432//432
f 527//527 432//432 526//526
f 528//528 434//434 433//433
f 528//528 433//433 527//527
f 529//529 435//435 434//434
f 529//529 434//434 528//528
f 529//529 437//437 435//435
f 531//531 530//530 519//519
f 425//425 531//531 519//519
f 438//438 531//531 425//425
f 519//519 530//530 520//520
f 520//520 530//530 532//532
f 520//520 532//532 521//521
f 521//521 532//532 533//533
f 521//521 533//533 522//522
f 522//522 533//533 534//534
f 522//522 534//534 523//523
f 523//523 534//534 535//535
f 523//523 535//535 524//524
f 524//524 535//535 536//536
f 524//524 536//536 525//525
f 525//525 536//536 537//537
f 525//525 537//537 526//526
f 526//526 537//537 538//538
f 526//526 538//538 527//527
f 527//527 538//538 539//539
f 527//527 539//539 528//528
f 528//528 539//539 540//540
f 528//528 540//540 529//529
f 529//529 540//540 541//541
f 529//529 541//541 437//437
f 541//541 439//439 437//437
f 541//541 542//542 439//439
f 440//440 439//439 542//542
f 440//440 542//542 543//543
f 545//545 544//544 441//441
f 545//545 441//441 442//442
f 438//438 441//441 531//531
f 531//531 441//441 544//544
f 443//443 440//440 546//546
f 440//440 547//547 546//546
f 440//440 543//543 547//547
f 546//546 444//444 443//443
f 445//445 545//545 442//442
f 445//445 548//548 545//545
f 547//547 549//549 546//546
f 549//549 551//551 550//550
f 549//549 550//550 446//446
f 546//546 549//549 446//446
f 444//444 546//546 446//446
f 550//550 447//447 446//446
f 553//553 552//552 448//448
f 553//553 448//448 449//449
f 445//445 448//448 548//548
f 548//548 448//448 552//552
f 551//551 554//554 550//550
f 554//554 556//556 555//555
f 554//554 555//555 450//450
f 550//550 554//554 450//450
f 447//447 550//550 450//450
f 555//555 451//451 450//450
f 453//453 557//557 452//452
f 557//557 558//558 452//452
f 558//558 449//449 452//452
f 558//558 553//553 449//449
f 556//556 559//559 555//555
f 451//451 555//555 559//559
f 560//560 451//451 559//559
f 454//454 451//451 560//560
f 562//562 561//561 557//557
f 453//453 562//562 557//557
f 455//455 562//562 453//453
f 557//557 561//561 558//558
f 560//560 457//457 454//454
f 563//563 457//457 560//560
f 458//458 562//562 455//455
f 458//458 564//564 562//562
f 459//459 457//457 565//565
f 457//457 566//566 565//565
f 457//457 563//563 566//566
f 565//565 460//460 459//459
f 461//461 564//564 458//458
f 461//461 567//567 564//564
f 565//565 566//566 568//568
f 568//568 566//566 569//569
f 568//568 462//462 460//460
f 568//568 460//460 565//565
f 463//463 567//567 461//461
f 463//463 570//570 567//567
f 569//569 571//571 568//568
f 462//462 568//568 571//571
f 572//572 462//462 571//571
f 465//465 462//462 572//572
f 466//466 570//570 463//463
f 466//466 573//573 570//570
f 572//572 468//468 465//465
f 574//574 468//468 572//572
f 469//469 573//573 466//466
f 469//469 575//575 573//573
f 574//574 471//471 468//468
f 576//576 471//471 574//574
f 472//472 575//575 469//469
f 472//472 577//577 575//575
f 576//576 474//474 471//471
f 578//578 474//474 576//576
f 475//475 577//577 472//472
f 475//475 579//579 577//577
f 578//578 477//477 474//474
f 580//580 477//477 578//578
f 478//478 579//579 475//475
f 478//478 581//581 579//579
f 580//580 480//480 477//477
f 582//582 480//480 580//580
f 481//481 581//581 478//478
f 481//481 583//583 581//581
f 582//582 483//483 480//480
f 584//584 483//483 582//582
f 484//484 583//583 481//481
f 484//484 585//585 583//583
f 584//584 486//486 483//483
f 586//586 486//486 584//584
f 487//487 585//585 484//484
f 487//487 587//587 585//585
f 586//586 489//489 486//486
f 588//588 489//489 586//586
f 490//490 587//587 487//487
f 490//490 589//589 587//587
f 588//588 492//492 489//489
f 590//590 492//492 588//588
f 493//493 589//589 490//490
f 493//493 591//591 589//589
f 590//590 495//495 492//492
f 592//592 495//495 590//590
f 496//496 591//591 493//493
f 496//496 593//593 591//591
f 592//592 498//498 495//495
f 594//594 498//498 592//592
f 595//595 593//593 496//496
f 595//595 496//496 499//499
f 499//499 500//500 595//595
f 595//595 500//500 596//596
f 599//599 598//598 597//597
f 597//597 600//600 599//599
f 594//594 502//502 498//498
f 601//601 502//502 594//594
f 503//503 596//596 500//500
f 503//503 602//602 596//596
f 598//598 603//603 597//597
f 597//597 603//603 600//600
f 606//606 605//605 604//604
f 601//601 606//606 604//604
f 504//504 601//601 604//604
f 502//502 601//601 504//504
f 607//607 602//602 503//503
f 607//607 503//503 505//505
f 505//505 506//506 607//607
f 607//607 506//506 608//608
f 604//604 605//605 609//609
f 609//609 605//605 610//610
f 609//609 507//507 504//504
f 609//609 504//504 604//604
f 508//508 612//612 611//611
f 608//608 508//508 611//611
f 506//506 508//508 608//608
f 612//612 613//613 611//611
f 609//609 610//610 614//614
f 614//614 610//610 615//615
f 614//614 509//509 507//507
f 614//614 507//507 609//609
f 510//510 612//612 508//508
f 617//617 616//616 511//511
f 511//511 616//616 510//510
f 616//616 613//613 510//510
f 613//613 612//612 510//510
f 617//617 618//618 616//616
f 614//614 615//615 619//619
f 619//619 615//615 620//620
f 619//619 512//512 509//509
f 619//619 509//509 614//614
f 513//513 617//617 511//511
f 622//622 621//621 515//515
f 515//515 621//621 513//513
f 621//621 618//618 513//513
f 618//618 617//617 513//513
f 622//622 623//623 621//621
f 626//626 625//625 624//624
f 626//626 624//624 620//620
f 620//620 624//624 619//619
f 624//624 517//517 619//619
f 517//517 518//518 619//619
f 619//619 518//518 512//512
f 531//531 627//627 530//530
f 628//628 532//532 530//530
f 628//628 530//530 627//627
f 629//629 533//533 532//532
f 629//629 532//532 628//628
f 630//630 534//534 533//533
f 630//630 533//533 629//629
f 631//631 535//535 534//534
f 631//631 534//534 630//630
f 632//632 536//536 535//535
f 632//632 535//535 631//631
f 633//633 537//537 536//536
f 633//633 536//536 632//632
f 634//634 538//538 537//537
f 634//634 537//537 633//633
f 635//635 539//539 538//538
f 635//635 538//538 634//634
f 636//636 540//540 539//539
f 636//636 539//539 635//635
f 637//637 541//541 540//540
f 637//637 540//540 636//636
f 638//638 542//542 541//541
f 638//638 541//541 637//637
f 638//638 543//543 542//542
f 545//545 639//639 544//544
f 639//639 640//640 544//544
f 544//544 640//640 531//531
f 640//640 641//641 531//531
f 641//641 627//627 531//531
f 627//627 641//641 628//628
f 628//628 641//641 642//642
f 628//628 642//642 629//629
f 629//629 642//642 643//643
f 629//629 643//643 630//630
f 630//630 643//643 644//644
f 630//630 644//644 631//631
f 631//631 644//644 645//645
f 631//631 645//645 632//632
f 632//632 645//645 646//646
f 632//632 646//646 633//633
f 633//633 646//646 647//647
f 633//633 647//647 634//634
f 634//634 647//647 648//648
f 634//634 648//648 635//635
f 635//635 648//648 649//649
f 635//635 649//649 636//636
f 636//636 649//649 650//650
f 636//636 650//650 637//637
f 637//637 650//650 651//651
f 637//637 651//651 638//638
f 638//638 651//651 652//652
f 543//543 638//638 652//652
f 653//653 543//543 652//652
f 547//547 543//543 653//653
f 655//655 654//654 639//639
f 545//545 655//655 639//639
f 548//548 655//655 545//545
f 639//639 654//654 640//640
f 653//653 656//656 547//547
f 547//547 656//656 549//549
f 551//551 549//549 656//656
f 551//551 656//656 657//657
f 553//553 658//658 552//552
f 658//658 659//659 552//552
f 659//659 548//548 552//552
f 659//659 655//655 548//548
f 554//554 551//551 660//660
f 551//551 661//661 660//660
f 551//551 657//657 661//661
f 660//660 556//556 554//554
f 663//663 662//662 658//658
f 553//553 663//663 658//658
f 558//558 663//663 553//553
f 658//658 662//662 659//659
f 661//661 664//664 660//660
f 664//664 666//666 665//665
f 664//664 665//665 559//559
f 660//660 664//664 559//559
f 556//556 660//660 559//559
f 665//665 560//560 559//559
f 668//668 667//667 561//561
f 668//668 561//561 562//562
f 558//558 561//561 663//663
f 663//663 561//561 667//667
f 665//665 666//666 669//669
f 669//669 666//666 670//670
f 669//669 563//563 560//560
f 669//669 560//560 665//665
f 564//564 668//668 562//562
f 564//564 671//671 668//668
f 670//670 672//672 669//669
f 563//563 669//669 672//672
f 673//673 563//563 672//672
f 566//566 563//563 673//673
f 567//567 671//671 564//564
f 567//567 674//674 671//671
f 673//673 569//569 566//566
f 675//675 569//569 673//673
f 570//570 674//674 567//567
f 570//570 676//676 674//674
f 571//571 569//569 677//677
f 569//569 678//678 677//677
f 569//569 675//675 678//678
f 677//677 572//572 571//571
f 573//573 676//676 570//570
f 573//573 679//679 676//676
f 677//677 678//678 680//680
f 680//680 678//678 681//681
f 680//680 574//574 572//572
f 680//680 572//572 677//677
f 575//575 679//679 573//573
f 575//575 682//682 679//679
f 680//680 681//681 683//683
f 683//683 681//681 684//684
f 683//683 576//576 574//574
f 683//683 574//574 680//680
f 577//577 682//682 575//575
f 577//577 685//685 682//682
f 683//683 684//684 686//686
f 686//686 684//684 687//687
f 686//686 578//578 576//576
f 686//686 576//576 683//683
f 579//579 685//685 577//577
f 579//579 688//688 685//685
f 686//686 687//687 689//689
f 689//689 687//687 690//690
f 689//689 580//580 578//578
f 689//689 578//578 686//686
f 581//581 688//688 579//579
f 581//581 691//691 688//688
f 689//689 690//690 692//692
f 692//692 690//690 693//693
f 692//692 582//582 580//580
f 692//692 580//580 689//689
f 583//583 691//691 581//581
f 583//583 694//694 691//691
f 692//692 693//693 695//695
f 695//695 693//693 696//696
f 695//695 584//584 582//582
f 695//695 582//582 692//692
f 585//585 694//694 583//583
f 585//585 697//697 694//694
f 695//695 696//696 698//698
f 698//698 696//696 699//699
f 698//698 586//586 584//584
f 698//698 584//584 695//695
f 587//587 697//697 585//585
f 587//587 700//700 697//697
f 698//698 699//699 701//701
f 701//701 699//699 702//702
f 701//701 588//588 586//586
f 701//701 586//586 698//698
f 589//589 700//700 587//587
f 589//589 703//703 700//700
f 701//701 702//702 704//704
f 704//704 702//702 705//705
f 704//704 590//590 588//588
f 704//704 588//588 701//701
f 591//591 703//703 589//589
f 591//591 706//706 703//703
f 704//704 705//705 707//707
f 707//707 705//705 708//708
f 707//707 592//592 590//590
f 707//707 590//590 704//704
f 593//593 706//706 591//591
f 593//593 709//709 706//706
f 707//707 708//708 710//710
f 710//710 708//708 711//711
f 710//710 594//594 592//592
f 710//710 592//592 707//707
f 712//712 709//709 593//593
f 712//712 593//593 595//595
f 595//595 596//596 712//712
f 712//712 596//596 713//713
f 714//714 599//599 598//598
f 600//600 599//599 714//714
f 710//710 711//711 715//715
f 715//715 711//711 716//716
f 715//715 601//601 594//594
f 715//715 594//594 710//710
f 602//602 713//713 596//596
f 602//602 717//717 713//713
f 714//714 603//603 598//598
f 603//603 714//714 600//600
f 715//715 716//716 606//606
f 716//716 605//605 606//606
f 716//716 718//718 605//605
f 715//715 606//606 601//601
f 719//719 717//717 602//602
f 719//719 602//602 607//607
f 607//607 608//608 719//719
f 719//719 608//608 720//720
f 718//718 610//610 605//605
f 721//721 610//610 718//718
f 722//722 720//720 608//608
f 722//722 608//608 611//611
f 724//724 723//723 613//613
f 723//723 611//611 613//613
f 723//723 722//722 611//611
f 724//724 725//725 723//723
f 728//728 727//727 726//726
f 721//721 728//728 726//726
f 615//615 721//721 726//726
f 610//610 721//721 615//615
f 616//616 724//724 613//613
f 730//730 729//729 618//618
f 618//618 729//729 616//616
f 729//729 725//725 616//616
f 725//725 724//724 616//616
f 730//730 731//731 729//729
f 726//726 727//727 732//732
f 732//732 727//727 733//733
f 732//732 620//620 615//615
f 732//732 615//615 726//726
f 621//621 730//730 618//618
f 735//735 734//734 623//623
f 623//623 734//734 621//621
f 734//734 731//731 621//621
f 731//731 730//730 621//621
f 735//735 736//736 734//734
f 739//739 738//738 737//737
f 739//739 737//737 733//733
f 733//733 737//737 732//732
f 737//737 625//625 732//732
f 625//625 626//626 732//732
f 732//732 626//626 620//620
f 640//640 740//740 641//641
f 741//741 642//642 641//641
f 741//741 641//641 740//740
f 742//742 643//643 642//642
f 742//742 642//642 741//741
f 743//743 644//644 643//643
f 743//743 643//643 742//742
f 744//744 645//645 644//644
f 744//744 644//644 743//743
f 745//745 646//646 645//645
f 745//745 645//645 744//744
f 746//746 647//647 646//646
f 746//746 646//646 745//745
f 747//747 648//648 647//647
f 747//747 647//647 746//746
f 748//748 649//649 648//648
f 748//748 648//648 747//747
f 749//749 650//650 649//649
f 749//749 649//649 748//748
f 750//750 651//651 650//650
f 750//750 650//650 749//749
f 751//751 652//652 651//651
f 751//751 651//651 750//750
f 751//751 653//653 652//652
f 655//655 752//752 654//654
f 752//752 753//753 654//654
f 654//654 753//753 640//640
f 753//753 754//754 640//640
f 754//754 740//740 640//640
f 740//740 754//754 741//741
f 741//741 754//754 755//755
f 741//741 755//755 742//742
f 742//742 755//755 756//756
f 742//742 756//756 743//743
f 743//743 756//756 757//757
f 743//743 757//757 744//744
f 744//744 757//757 758//758
f 744//744 758//758 745//745
f 745//745 758//758 759//759
f 745//745 759//759 746//746
f 746//746 759//759 760//760
f 746//746 760//760 747//747
f 747//747 760//760 761//761
f 747//747 761//761 748//748
f 748//748 761//761 762//762
f 748//748 762//762 749//749
f 749//749 762//762 763//763
f 749//749 763//763 750//750
f 750//750 763//763 764//764
f 750//750 764//764 751//751
f 751//751 764//764 765//765
f 765//765 767//767 766//766
f 765//765 766//766 656//656
f 751//751 765//765 656//656
f 653//653 751//751 656//656
f 766//766 657//657 656//656
f 769//769 768//768 752//752
f 655//655 769//769 752//752
f 659//659 769//769 655//655
f 752//752 768//768 753//753
f 766//766 767//767 770//770
f 770//770 767//767 771//771
f 770//770 661//661 657//657
f 770//770 657//657 766//766
f 773//773 772//772 662//662
f 773//773 662//662 663//663
f 659//659 662//662 769//769
f 769//769 662//662 772//772
f 771//771 774//774 770//770
f 774//774 776//776 775//775
f 774//774 775//775 664//664
f 770//770 774//774 664//664
f 661//661 770//770 664//664
f 775//775 666//666 664//664
f 668//668 777//777 667//667
f 777//777 778//778 667//667
f 778//778 663//663 667//667
f 778//778 773//773 663//663
f 776//776 779//779 775//775
f 666//666 775//775 779//779
f 780//780 666//666 779//779
f 670//670 666//666 780//780
f 782//782 781//781 777//777
f 668//668 782//782 777//777
f 671//671 782//782 668//668
f 777//777 781//781 778//778
f 672//672 670//670 783//783
f 670//670 784//784 783//783
f 670//670 780//780 784//784
f 783//783 673//673 672//672
f 674//674 782//782 671//671
f 674//674 785//785 782//782
f 783//783 784//784 786//786
f 786//786 784//784 787//787
f 786//786 675//675 673//673
f 786//786 673//673 783//783
f 676//676 785//785 674//674
f 676//676 788//788 785//785
f 787//787 789//789 786//786
f 675//675 786//786 789//789
f 790//790 675//675 789//789
f 678//678 675//675 790//790
f 679//679 788//788 676//676
f 679//679 791//791 788//788
f 790//790 681//681 678//678
f 792//792 681//681 790//790
f 682//682 791//791 679//679
f 682//682 793//793 791//791
f 792//792 684//684 681//681
f 794//794 684//684 792//792
f 685//685 793//793 682//682
f 685//685 795//795 793//793
f 794//794 687//687 684//684
f 796//796 687//687 794//794
f 688//688 795//795 685//685
f 688//688 797//797 795//795
f 796//796 690//690 687//687
f 798//798 690//690 796//796
f 691//691 797//797 688//688
f 691//691 799//799 797//797
f 798//798 693//693 690//690
f 800//800 693//693 798//798
f 694//694 799//799 691//691
f 694//694 801//801 799//799
f 800//800 696//696 693//693
f 802//802 696//696 800//800
f 697//697 801//801 694//694
f 697//697 803//803 801//801
f 802//802 699//699 696//696
f 804//804 699//699 802//802
f 700//700 803//803 697//697
f 700//700 805//805 803//803
f 804//804 702//702 699//699
f 806//806 702//702 804//804
f 703//703 805//805 700//700
f 703//703 807//807 805//805
f 806//806 705//705 702//702
f 808//808 705//705 806//806
f 706//706 807//807 703//703
f 706//706 809//809 807//807
f 808//808 708//708 705//705
f 810//810 708//708 808//808
f 709//709 809//809 706//706
f 709//709 811//811 809//809
f 810//810 711//711 708//708
f 812//812 711//711 810//810
f 813//813 811//811 709//709
f 813//813 709//709 712//712
f 712//712 713//713 813//813
f 813//813 713//713 814//814
f 812//812 716//716 711//711
f 815//815 716//716 812//812
f 717//717 814//814 713//713
f 717//717 816//816 814//814
f 819//819 818//818 817//817
f 815//815 819//819 817//817
f 718//718 815//815 817//817
f 716//716 815//815 718//718
f 820//820 816//816 717//717
f 820//820 717//717 719//719
f 822//822 821//821 720//720
f 821//821 719//719 720//720
f 821//821 820//820 719//719
f 822//822 823//823 821//821
f 817//817 818//818 824//824
f 824//824 818//818 825//825
f 824//824 721//721 718//718
f 824//824 718//718 817//817
f 722//722 822//822 720//720
f 826//826 823//823 822//822
f 722//722 826//826 822//822
f 723//723 826//826 722//722
f 828//828 827//827 725//725
f 827//827 723//723 725//725
f 827//827 826//826 723//723
f 828//828 829//829 827//827
f 832//832 831//831 830//830
f 832//832 830//830 825//825
f 825//825 830//830 824//824
f 830//830 727//727 824//824
f 727//727 728//728 824//824
f 824//824 728//728 721//721
f 729//729 828//828 725//725
f 834//834 833//833 731//731
f 731//731 833//833 729//729
f 833//833 829//829 729//729
f 829//829 828//828 729//729
f 834//834 835//835 833//833
f 830//830 831//831 836//836
f 836//836 831//831 837//837
f 836//836 733//733 727//727
f 836//836 727//727 830//830
f 734//734 834//834 731//731
f 839//839 838//838 736//736
f 736//736 838//838 734//734
f 838//838 835//835 734//734
f 835//835 834//834 734//734
f 839//839 840//840 838//838
f 843//843 842//842 841//841
f 843//843 841//841 837//837
f 837//837 841//841 836//836
f 841//841 738//738 836//836
f 738//738 739//739 836//836
f 836//836 739//739 733//733
f 753//753 844//844 754//754
f 845//845 755//755 754//754
f 845//845 754//754 844//844
f 846//846 756//756 755//755
f 846//846 755//755 845//845
f 847//847 757//757 756//756
f 847//847 756//756 846//846
f 848//848 758//758 757//757
f 848//848 757//757 847//847
f 849//849 759//759 758//758
f 849//849 758//758 848//848
f 850//850 760//760 759//759
f 850//850 759//759 849//849
f 851//851 761//761 760//760
f 851//851 760//760 850//850
f 852//852 762//762 761//761
f 852//852 761//761 851//851
f 853//853 763//763 762//762
f 853//853 762//762 852//852
f 854//854 764//764 763//763
f 854//854 763//763 853//853
f 855//855 765//765 764//764
f 855//855 764//764 854//854
f 855//855 767//767 765//765
f 769//769 856//856 768//768
f 856//856 857//857 768//768
f 768//768 857//857 753//753
f 857//857 858//858 753//753
f 858//858 844//844 753//753
f 844//844 858//858 845//845
f 845//845 858//858 859//859
f 845//845 859//859 846//846
f 846//846 859//859 860//860
f 846//846 860//860 847//847
f 847//847 860//860 861//861
f 847//847 861//861 848//848
f 848//848 861//861 862//862
f 848//848 862//862 849//849
f 849//849 862//862 863//863
f 849//849 863//863 850//850
f 850//850 863//863 864//864
f 850//850 864//864 851//851
f 851//851 864//864 865//865
f 851//851 865//865 852//852
f 852//852 865//865 866//866
f 852//852 866//866 853//853
f 853//853 866//866 867//867
f 853//853 867//867 854//854
f 854//854 867//867 868//868
f 870//870 869//869 868//868
f 869//869 854//854 868//868
f 869//869 855//855 854//854
f 869//869 771//771 767//767
f 869//869 767//767 855//855
f 773//773 871//871 772//772
f 871//871 872//872 772//772
f 772//772 872//872 769//769
f 872//872 873//873 769//769
f 873//873 856//856 769//769
f 856//856 873//873 857//857
f 870//870 874//874 869//869
f 874//874 876//876 875//875
f 874//874 875//875 774//774
f 869//869 874//874 774//774
f 771//771 869//869 774//774
f 875//875 776//776 774//774
f 878//878 877//877 871//871
f 773//773 878//878 871//871
f 778//778 878//878 773//773
f 871//871 877//877 872//872
f 876//876 879//879 875//875
f 879//879 881//881 880//880
f 879//879 880//880 779//779
f 875//875 879//879 779//779
f 776//776 875//875 779//779
f 880//880 780//780 779//779
f 782//782 882//882 781//781
f 882//882 883//883 781//781
f 883//883 778//778 781//781
f 883//883 878//878 778//778
f 880//880 881//881 884//884
f 884//884 881//881 885//885
f 884//884 784//784 780//780
f 884//884 780//780 880//880
f 887//887 886//886 882//882
f 782//782 887//887 882//882
f 785//785 887//887 782//782
f 882//882 886//886 883//883
f 885//885 888//888 884//884
f 784//784 884//884 888//888
f 889//889 784//784 888//888
f 787//787 784//784 889//889
f 788//788 887//887 785//785
f 788//788 890//890 887//887
f 789//789 787//787 891//891
f 787//787 892//892 891//891
f 787//787 889//889 892//892
f 891//891 790//790 789//789
f 791//791 890//890 788//788
f 791//791 893//893 890//890
f 891//891 892//892 894//894
f 894//894 892//892 895//895
f 894//894 792//792 790//790
f 894//894 790//790 891//891
f 793//793 893//893 791//791
f 793//793 896//896 893//893
f 894//894 895//895 897//897
f 897//897 895//895 898//898
f 897//897 794//794 792//792
f 897//897 792//792 894//894
f 795//795 896//896 793//793
f 795//795 899//899 896//896
f 897//897 898//898 900//900
f 900//900 898//898 901//901
f 900//900 796//796 794//794
f 900//900 794//794 897//897
f 797//797 899//899 795//795
f 797//797 902//902 899//899
f 900//900 901//901 903//903
f 903//903 901//901 904//904
f 903//903 798//798 796//796
f 903//903 796//796 900//900
f 799//799 902//902 797//797
f 799//799 905//905 902//902
f 903//903 904//904 906//906
f 906//906 904//904 907//907
f 906//906 800//800 798//798
f 906//906 798//798 903//903
f 801//801 905//905 799//799
f 801//801 908//908 905//905
f 906//906 907//907 909//909
f 909//909 907//907 910//910
f 909//909 802//802 800//800
f 909//909 800//800 906//906
f 803//803 908//908 801//801
f 803//803 911//911 908//908
f 909//909 910//910 912//912
f 912//912 910//910 913//913
f 912//912 804//804 802//802
f 912//912 802//802 909//909
f 805//805 911//911 803//803
f 805//805 914//914 911//911
f 912//912 913//913 915//915
f 915//915 913//913 916//916
f 915//915 806//806 804//804
f 915//915 804//804 912//912
f 807//807 914//914 805//805
f 807//807 917//917 914//914
f 915//915 916//916 918//918
f 918//918 916//916 919//919
f 918//918 808//808 806//806
f 918//918 806//806 915//915
f 809//809 917//917 807//807
f 809//809 920//920 917//917
f 918//918 919//919 921//921
f 921//921 919//919 922//922
f 921//921 810//810 808//808
f 921//921 808//808 918//918
f 811//811 920//920 809//809
f 811//811 923//923 920//920
f 921//921 922//922 924//924
f 924//924 922//922 925//925
f 924//924 812//812 810//810
f 924//924 810//810 921//921
f 926//926 923//923 811//811
f 926//926 811//811 813//813
f 813//813 814//814 926//926
f 926//926 814//814 927//927
f 924//924 925//925 928//928
f 928//928 925//925 929//929
f 928//928 815//815 812//812
f 928//928 812//812 924//924
f 816//816 927//927 814//814
f 816//816 930//930 927//927
f 933//933 932//932 931//931
f 933//933 931//931 929//929
f 929//929 931//931 928//928
f 931//931 818//818 928//928
f 818//818 819//819 928//928
f 928//928 819//819 815//815
f 934//934 930//930 816//816
f 934//934 816//816 820//820
f 935//935 820//820 821//821
f 935//935 934//934 820//820
f 937//937 936//936 823//823
f 936//936 821//821 823//823
f 936//936 935//935 821//821
f 937//937 938//938 936//936
f 941//941 940//940 939//939
f 941//941 939//939 932//932
f 939//939 931//931 932//932
f 939//939 942//942 931//931
f 942//942 825//825 818//818
f 942//942 818//818 931//931
f 826//826 937//937 823//823
f 943//943 938//938 937//937
f 826//826 943//943 937//937
f 827//827 943//943 826//826
f 945//945 944//944 829//829
f 944//944 827//827 829//829
f 944//944 943//943 827//827
f 945//945 946//946 944//944
f 939//939 940//940 947//947
f 947//947 940//940 948//948
f 947//947 831//831 832//832
f 942//942 947//947 832//832
f 939//939 947//947 942//942
f 942//942 832//832 825//825
f 833//833 945//945 829//829
f 950//950 949//949 835//835
f 835//835 949//949 833//833
f 949//949 946//946 833//833
f 946//946 945//945 833//833
f 952//952 951//951 950//950
f 950//950 951//951 949//949
f 952//952 953//953 951//951
f 956//956 955//955 954//954
f 956//956 954//954 948//948
f 954//954 947//947 948//948
f 954//954 957//957 947//947
f 957//957 837//837 831//831
f 957//957 831//831 947//947
f 838//838 950//950 835//835
f 950//950 838//838 840//840
f 958//958 950//950 840//840
f 952//952 950//950 958//958
f 953//953 952//952 959//959
f 959//959 952//952 958//958
f 954//954 955//955 960//960
f 960//960 955//955 961//961
f 960//960 842//842 843//843
f 957//957 960//960 843//843
f 954//954 960//960 957//957
f 957//957 843//843 837//837
f 857//857 962//962 858//858
f 963//963 859//859 858//858
f 963//963 858//858 962//962
f 964//964 860//860 859//859
f 964//964 859//859 963//963
f 965//965 861//861 860//860
f 965//965 860//860 964//964
f 966//966 862//862 861//861
f 966//966 861//861 965//965
f 967//967 863//863 862//862
f 967//967 862//862 966//966
f 968//968 864//864 863//863
f 968//968 863//863 967//967
f 969//969 865//865 864//864
f 969//969 864//864 968//968
f 970//970 866//866 865//865
f 970//970 865//865 969//969
f 971//971 867//867 866//866
f 971//971 866//866 970//970
f 972//972 868//868 867//867
f 972//972 867//867 971//971
f 972//972 870//870 868//868
f 872//872 973//973 873//873
f 973//973 974//974 873//873
f 873//873 974//974 857//857
f 974//974 975//975 857//857
f 975//975 962//962 857//857
f 962//962 975//975 963//963
f 963//963 975//975 976//976
f 963//963 976//976 964//964
f 964//964 976//976 977//977
f 964//964 977//977 965//965
f 965//965 977//977 978//978
f 965//965 978//978 966//966
f 966//966 978//978 979//979
f 966//966 979//979 967//967
f 967//967 979//979 980//980
f 967//967 980//980 968//968
f 968//968 980//980 981//981
f 968//968 981//981 969//969
f 969//969 981//981 982//982
f 969//969 982//982 970//970
f 970//970 982//982 983//983
f 970//970 983//983 971//971
f 971//971 983//983 984//984
f 971//971 984//984 972//972
f 972//972 984//984 985//985
f 985//985 987//987 986//986
f 985//985 986//986 874//874
f 972//972 985//985 874//874
f 870//870 972//972 874//874
f 986//986 876//876 874//874
f 878//878 988//988 877//877
f 988//988 989//989 877//877
f 877//877 989//989 872//872
f 989//989 990//990 872//872
f 990//990 973//973 872//872
f 973//973 990//990 974//974
f 987//987 991//991 986//986
f 991//991 993//993 992//992
f 991//991 992//992 879//879
f 986//986 991//991 879//879
f 876//876 986//986 879//879
f 992//992 881//881 879//879
f 995//995 994//994 988//988
f 878//878 995//995 988//988
f 883//883 995//995 878//878
f 988//988 994//994 989//989
f 992//992 993//993 996//996
f 996//996 993//993 997//997
f 996//996 885//885 881//881
f 996//996 881//881 992//992
f 887//887 998//998 886//886
f 998//998 999//999 886//886
f 999//999 883//883 886//886
f 999//999 995//995 883//883
f 997//997 1000//1000 996//996
f 1000//1000 1002//1002 1001//1001
f 1000//1000 1001//1001 888//888
f 996//996 1000//1000 888//888
f 885//885 996//996 888//888
f 1001//1001 889//889 888//888
f 890//890 1003//1003 998//998
f 890//890 998//998 887//887
f 999//999 998//998 1004//1004
f 1004//1004 998//998 1003//1003
f 1001//1001 1002//1002 1005//1005
f 1005//1005 1002//1002 1006//1006
f 1005//1005 892//892 889//889
f 1005//1005 889//889 1001//1001
f 1008//1008 1007//1007 1003//1003
f 890//890 1008//1008 1003//1003
f 893//893 1008//1008 890//890
f 1003//1003 1007//1007 1004//1004
f 1006//1006 1009//1009 1005//1005
f 892//892 1005//1005 1009//1009
f 1010//1010 892//892 1009//1009
f 895//895 892//892 1010//1010
f 896//896 1008//1008 893//893
f 896//896 1011//1011 1008//1008
f 1010//1010 898//898 895//895
f 1012//1012 898//898 1010//1010
f 899//899 1011//1011 896//896
f 899//899 1013//1013 1011//1011
f 1012//1012 901//901 898//898
f 1014//1014 901//901 1012//1012
f 902//902 1013//1013 899//899
f 902//902 1015//1015 1013//1013
f 1014//1014 904//904 901//901
f 1016//1016 904//904 1014//1014
f 905//905 1015//1015 902//902
f 905//905 1017//1017 1015//1015
f 1016//1016 907//907 904//904
f 1018//1018 907//907 1016//1016
f 908//908 1017//1017 905//905
f 908//908 1019//1019 1017//1017
f 1018//1018 910//910 907//907
f 1020//1020 910//910 1018//1018
f 911//911 1019//1019 908//908
f 911//911 1021//1021 1019//1019
f 1020//1020 913//913 910//910
f 1022//1022 913//913 1020//1020
f 914//914 1021//1021 911//911
f 914//914 1023//1023 1021//1021
f 1022//1022 916//916 913//913
f 1024//1024 916//916 1022//1022
f 917//917 1023//1023 914//914
f 917//917 1025//1025 1023//1023
f 1028//1028 1027//1027 1026//1026
f 1024//1024 1028//1028 1026//1026
f 919//919 1024//1024 1026//1026
f 916//916 1024//1024 919//919
f 920//920 1025//1025 917//917
f 920//920 1029//1029 1025//1025
f 1026//1026 1027//1027 1030//1030
f 1030//1030 1027//1027 1031//1031
f 1030//1030 922//922 919//919
f 1030//1030 919//919 1026//1026
f 923//923 1029//1029 920//920
f 923//923 1032//1032 1029//1029
f 1030//1030 1031//1031 1033//1033
f 1033//1033 1031//1031 1034//1034
f 1033//1033 925//925 922//922
f 1033//1033 922//922 1030//1030
f 923//923 926//926 1035//1035
f 1036//1036 923//923 1035//1035
f 1032//1032 923//923 1036//1036
f 927//927 1035//1035 926//926
f 1039//1039 1038//1038 1037//1037
f 1039//1039 1037//1037 1034//1034
f 1037//1037 1033//1033 1034//1034
f 1037//1037 1040//1040 1033//1033
f 1040//1040 929//929 925//925
f 1040//1040 925//925 1033//1033
f 1041//1041 1036//1036 1035//1035
f 1035//1035 927//927 1041//1041
f 927//927 1042//1042 1041//1041
f 927//927 930//930 1042//1042
f 1037//1037 1038//1038 1043//1043
f 1043//1043 1038//1038 1044//1044
f 1043//1043 932//932 933//933
f 1040//1040 1043//1043 933//933
f 1037//1037 1043//1043 1040//1040
f 1040//1040 933//933 929//929
f 1045//1045 1042//1042 930//930
f 1045//1045 930//930 934//934
f 1046//1046 934//934 935//935
f 1046//1046 1045//1045 934//934
f 1047//1047 935//935 936//936
f 1047//1047 1046//1046 935//935
f 1049//1049 1048//1048 938//938
f 1048//1048 936//936 938//938
f 1048//1048 1047//1047 936//936
f 1049//1049 1050//1050 1048//1048
f 1053//1053 1052//1052 1051//1051
f 1053//1053 1051//1051 1044//1044
f 1044//1044 1051//1051 1043//1043
f 1051//1051 940//940 1043//1043
f 940//940 941//941 1043//1043
f 1043//1043 941//941 932//932
f 943//943 1049//1049 938//938
f 1054//1054 1050//1050 1049//1049
f 943//943 1054//1054 1049//1049
f 944//944 1054//1054 943//943
f 1056//1056 1055//1055 946//946
f 1055//1055 944//944 946//946
f 1055//1055 1054//1054 944//944
f 1056//1056 1057//1057 1055//1055
f 1060//1060 1059//1059 1058//1058
f 1060//1060 1058//1058 1052//1052
f 1058//1058 1051//1051 1052//1052
f 1058//1058 1061//1061 1051//1051
f 1061//1061 948//948 940//940
f 1061//1061 940//940 1051//1051
f 949//949 1056//1056 946//946
f 1062//1062 1057//1057 1056//1056
f 949//949 1062//1062 1056//1056
f 951//951 1062//1062 949//949
f 1064//1064 1063//1063 953//953
f 1063//1063 951//951 953//953
f 1063//1063 1062//1062 951//951
f 1064//1064 1065//1065 1063//1063
f 1068//1068 1067//1067 1066//1066
f 1068//1068 1066//1066 1059//1059
f 1066//1066 1058//1058 1059//1059
f 1066//1066 1069//1069 1058//1058
f 1069//1069 955//955 956//956
f 1061//1061 1069//1069 956//956
f 1058//1058 1069//1069 1061//1061
f 1061//1061 956//956 948//948
f 959//959 1070//1070 1064//1064
f 959//959 1064//1064 953//953
f 1065//1065 1064//1064 1071//1071
f 1064//1064 1072//1072 1071//1071
f 1064//1064 1070//1070 1072//1072
f 1074//1074 1073//1073 1072//1072
f 1072//1072 1073//1073 1071//1071
f 1076//1076 1075//1075 1074//1074
f 1074//1074 1075//1075 1073//1073
f 1075//1075 1076//1076 1067//1067
f 1076//1076 1066//1066 1067//1067
f 1076//1076 1077//1077 1066//1066
f 1066//1066 1078//1078 1069//1069
f 1066//1066 1077//1077 1078//1078
f 1078//1078 961//961 955//955
f 1078//1078 955//955 1069//1069
f 974//974 1079//1079 975//975
f 1080//1080 976//976 975//975
f 1080//1080 975//975 1079//1079
f 1081//1081 977//977 976//976
f 1081//1081 976//976 1080//1080
f 1082//1082 978//978 977//977
f 1082//1082 977//977 1081//1081
f 1083//1083 979//979 978//978
f 1083//1083 978//978 1082//1082
f 1084//1084 980//980 979//979
f 1084//1084 979//979 1083//1083
f 1085//1085 981//981 980//980
f 1085//1085 980//980 1084//1084
f 1086//1086 982//982 981//981
f 1086//1086 981//981 1085//1085
f 1087//1087 983//983 982//982
f 1087//1087 982//982 1086//1086
f 1088//1088 984//984 983//983
f 1088//1088 983//983 1087//1087
f 1089//1089 985//985 984//984
f 1089//1089 984//984 1088//1088
f 1089//1089 987//987 985//985
f 989//989 1090//1090 990//990
f 1090//1090 1091//1091 990//990
f 990//990 1091//1091 974//974
f 1091//1091 1092//1092 974//974
f 1092//1092 1079//1079 974//974
f 1079//1079 1092//1092 1080//1080
f 1080//1080 1092//1092 1093//1093
f 1080//1080 1093//1093 1081//1081
f 1081//1081 1093//1093 1094//1094
f 1081//1081 1094//1094 1082//1082
f 1082//1082 1094//1094 1095//1095
f 1082//1082 1095//1095 1083//1083
f 1083//1083 1095//1095 1096//1096
f 1083//1083 1096//1096 1084//1084
f 1084//1084 1096//1096 1097//1097
f 1084//1084 1097//1097 1085//1085
f 1085//1085 1097//1097 1098//1098
f 1085//1085 1098//1098 1086//1086
f 1086//1086 1098//1098 1099//1099
f 1086//1086 1099//1099 1087//1087
f 1087//1087 1099//1099 1100//1100
f 1087//1087 1100//1100 1088//1088
f 1088//1088 1100//1100 1101//1101
f 1103//1103 1102//1102 1101//1101
f 1102//1102 1088//1088 1101//1101
f 1102//1102 1089//1089 1088//1088
f 1104//1104 991//991 987//987
f 1089//1089 1104//1104 987//987
f 1102//1102 1104//1104 1089//1089
f 1104//1104 993//993 991//991
f 1106//1106 1105//1105 994//994
f 1106//1106 994//994 995//995
f 989//989 994//994 1090//1090
f 994//994 1107//1107 1090//1090
f 994//994 1105//1105 1107//1107
f 1090//1090 1107//1107 1091//1091
f 1103//1103 1108//1108 1102//1102
f 1110//1110 1109//1109 1108//1108
f 1109//1109 1102//1102 1108//1108
f 1109//1109 1104//1104 1102//1102
f 1109//1109 997//997 993//993
f 1109//1109 993//993 1104//1104
f 999//999 1106//1106 995//995
f 999//999 1111//1111 1106//1106
f 1110//1110 1112//1112 1109//1109
f 1112//1112 1114//1114 1113//1113
f 1112//1112 1113//1113 1000//1000
f 1109//1109 1112//1112 1000//1000
f 997//997 1109//1109 1000//1000
f 1113//1113 1002//1002 1000//1000
f 1004//1004 1111//1111 999//999
f 1004//1004 1115//1115 1111//1111
f 1113//1113 1114//1114 1116//1116
f 1116//1116 1114//1114 1117//1117
f 1116//1116 1006//1006 1002//1002
f 1116//1116 1002//1002 1113//1113
f 1008//1008 1118//1118 1007//1007
f 1118//1118 1119//1119 1007//1007
f 1119//1119 1004//1004 1007//1007
f 1119//1119 1115//1115 1004//1004
f 1117//1117 1120//1120 1116//1116
f 1120//1120 1122//1122 1121//1121
f 1120//1120 1121//1121 1009//1009
f 1116//1116 1120//1120 1009//1009
f 1006//1006 1116//1116 1009//1009
f 1121//1121 1010//1010 1009//1009
f 1011//1011 1123//1123 1118//1118
f 1011//1011 1118//1118 1008//1008
f 1119//1119 1118//1118 1124//1124
f 1124//1124 1118//1118 1123//1123
f 1121//1121 1122//1122 1125//1125
f 1125//1125 1122//1122 1126//1126
f 1125//1125 1012//1012 1010//1010
f 1125//1125 1010//1010 1121//1121
f 1128//1128 1127//1127 1123//1123
f 1011//1011 1128//1128 1123//1123
f 1013//1013 1128//1128 1011//1011
f 1123//1123 1127//1127 1124//1124
f 1126//1126 1129//1129 1125//1125
f 1012//1012 1125//1125 1129//1129
f 1130//1130 1012//1012 1129//1129
f 1014//1014 1012//1012 1130//1130
f 1015//1015 1128//1128 1013//1013
f 1015//1015 1131//1131 1128//1128
f 1130//1130 1016//1016 1014//1014
f 1132//1132 1016//1016 1130//1130
f 1017//1017 1131//1131 1015//1015
f 1017//1017 1133//1133 1131//1131
f 1132//1132 1018//1018 1016//1016
f 1134//1134 1018//1018 1132//1132
f 1019//1019 1133//1133 1017//1017
f 1019//1019 1135//1135 1133//1133
f 1138//1138 1137//1137 1136//1136
f 1134//1134 1138//1138 1136//1136
f 1020//1020 1134//1134 1136//1136
f 1018//1018 1134//1134 1020//1020
f 1021//1021 1135//1135 1019//1019
f 1021//1021 1139//1139 1135//1135
f 1136//1136 1137//1137 1140//1140
f 1140//1140 1137//1137 1141//1141
f 1140//1140 1022//1022 1020//1020
f 1140//1140 1020//1020 1136//1136
f 1023//1023 1139//1139 1021//1021
f 1023//1023 1142//1142 1139//1139
f 1140//1140 1141//1141 1143//1143
f 1143//1143 1141//1141 1144//1144
f 1143//1143 1024//1024 1022//1022
f 1143//1143 1022//1022 1140//1140
f 1025//1025 1142//1142 1023//1023
f 1025//1025 1145//1145 1142//1142
f 1143//1143 1144//1144 1028//1028
f 1144//1144 1027//1027 1028//1028
f 1144//1144 1146//1146 1027//1027
f 1143//1143 1028//1028 1024//1024
f 1029//1029 1145//1145 1025//1025
f 1029//1029 1147//1147 1145//1145
f 1150//1150 1149//1149 1148//1148
f 1146//1146 1150//1150 1148//1148
f 1031//1031 1146//1146 1148//1148
f 1027//1027 1146//1146 1031//1031
f 1032//1032 1147//1147 1029//1029
f 1032//1032 1151//1151 1147//1147
f 1148//1148 1149//1149 1152//1152
f 1152//1152 1149//1149 1153//1153
f 1152//1152 1034//1034 1031//1031
f 1152//1152 1031//1031 1148//1148
f 1036//1036 1151//1151 1032//1032
f 1036//1036 1154//1154 1151//1151
f 1157//1157 1156//1156 1155//1155
f 1157//1157 1155//1155 1153//1153
f 1153//1153 1155//1155 1152//1152
f 1155//1155 1038//1038 1152//1152
f 1038//1038 1039//1039 1152//1152
f 1152//1152 1039//1039 1034//1034
f 1158//1158 1154//1154 1036//1036
f 1158//1158 1036//1036 1041//1041
f 1041//1041 1042//1042 1158//1158
f 1158//1158 1042//1042 1159//1159
f 1155//1155 1156//1156 1160//1160
f 1160//1160 1156//1156 1161//1161
f 1160//1160 1044//1044 1038//1038
f 1160//1160 1038//1038 1155//1155
f 1162//1162 1159//1159 1042//1042
f 1162//1162 1042//1042 1045//1045
f 1164//1164 1162//1162 1163//1163
f 1162//1162 1046//1046 1163//1163
f 1162//1162 1045//1045 1046//1046
f 1047//1047 1165//1165 1046//1046
f 1046//1046 1165//1165 1163//1163
f 1048//1048 1166//1166 1047//1047
f 1047//1047 1166//1166 1165//1165
f 1050//1050 1166//1166 1048//1048
f 1169//1169 1168//1168 1167//1167
f 1169//1169 1167//1167 1161//1161
f 1161//1161 1167//1167 1160//1160
f 1167//1167 1052//1052 1160//1160
f 1052//1052 1053//1053 1160//1160
f 1160//1160 1053//1053 1044//1044
f 1170//1170 1164//1164 1163//1163
f 1170//1170 1163//1163 1165//1165
f 1170//1170 1165//1165 1171//1171
f 1171//1171 1165//1165 1166//1166
f 1171//1171 1166//1166 1172//1172
f 1172//1172 1166//1166 1050//1050
f 1054//1054 1172//1172 1050//1050
f 1173//1173 1172//1172 1054//1054
f 1174//1174 1054//1054 1055//1055
f 1174//1174 1173//1173 1054//1054
f 1176//1176 1175//1175 1057//1057
f 1175//1175 1055//1055 1057//1057
f 1175//1175 1174//1174 1055//1055
f 1178//1178 1177//1177 1176//1176
f 1176//1176 1177//1177 1175//1175
f 1178//1178 1179//1179 1177//1177
f 1182//1182 1181//1181 1180//1180
f 1184//1184 1183//1183 1180//1180
f 1180//1180 1183//1183 1182//1182
f 1183//1183 1184//1184 1168//1168
f 1168//1168 1184//1184 1167//1167
f 1184//1184 1059//1059 1167//1167
f 1059//1059 1060//1060 1167//1167
f 1167//1167 1060//1060 1052//1052
f 1062//1062 1176//1176 1057//1057
f 1176//1176 1062//1062 1063//1063
f 1176//1176 1063//1063 1178//1178
f 1186//1186 1185//1185 1065//1065
f 1065//1065 1185//1185 1063//1063
f 1185//1185 1179//1179 1063//1063
f 1179//1179 1178//1178 1063//1063
f 1188//1188 1187//1187 1186//1186
f 1186//1186 1187//1187 1185//1185
f 1187//1187 1188//1188 1181//1181
f 1188//1188 1180//1180 1181//1181
f 1188//1188 1189//1189 1180//1180
f 1189//1189 1067//1067 1068//1068
f 1184//1184 1189//1189 1068//1068
f 1180//1180 1189//1189 1184//1184
f 1184//1184 1068//1068 1059//1059
f 1071//1071 1186//1186 1065//1065
f 1186//1186 1071//1071 1073//1073
f 1186//1186 1073//1073 1188//1188
f 1188//1188 1073//1073 1075//1075
f 1188//1188 1075//1075 1189//1189
f 1189//1189 1075//1075 1067//1067
f 1091//1091 1190//1190 1092//1092
f 1191//1191 1093//1093 1092//1092
f 1191//1191 1092//1092 1190//1190
f 1192//1192 1094//1094 1093//1093
f 1192//1192 1093//1093 1191//1191
f 1193//1193 1095//1095 1094//1094
f 1193//1193 1094//1094 1192//1192
f 1194//1194 1096//1096 1095//1095
f 1194//1194 1095//1095 1193//1193
f 1195//1195 1097//1097 1096//1096
f 1195//1195 1096//1096 1194//1194
f 1196//1196 1098//1098 1097//1097
f 1196//1196 1097//1097 1195//1195
f 1197//1197 1099//1099 1098//1098
f 1197//1197 1098//1098 1196//1196
f 1198//1198 1100//1100 1099//1099
f 1198//1198 1099//1099 1197//1197
f 1199//1199 1101//1101 1100//1100
f 1199//1199 1100//1100 1198//1198
f 1199//1199 1103//1103 1101//1101
f 1106//1106 1200//1200 1105//1105
f 1105//1105 1200//1200 1201//1201
f 1202//1202 1105//1105 1201//1201
f 1107//1107 1105//1105 1202//1202
f 1091//1091 1107//1107 1190//1190
f 1107//1107 1203//1203 1190//1190
f 1107//1107 1202//1202 1203//1203
f 1190//1190 1203//1203 1191//1191
f 1191//1191 1203//1203 1204//1204
f 1191//1191 1204//1204 1192//1192
f 1192//1192 1204//1204 1205//1205
f 1192//1192 1205//1205 1193//1193
f 1193//1193 1205//1205 1206//1206
f 1193//1193 1206//1206 1194//1194
f 1194//1194 1206//1206 1207//1207
f 1194//1194 1207//1207 1195//1195
f 1195//1195 1207//1207 1208//1208
f 1195//1195 1208//1208 1196//1196
f 1196//1196 1208//1208 1209//1209
f 1196//1196 1209//1209 1197//1197
f 1197//1197 1209//1209 1210//1210
f 1197//1197 1210//1210 1198//1198
f 1198//1198 1210//1210 1211//1211
f 1198//1198 1211//1211 1199//1199
f 1199//1199 1211//1211 1212//1212
f 1212//1212 1214//1214 1213//1213
f 1212//1212 1213//1213 1108//1108
f 1199//1199 1212//1212 1108//1108
f 1103//1103 1199//1199 1108//1108
f 1213//1213 1110//1110 1108//1108
f 1216//1216 1215//1215 1200//1200
f 1106//1106 1216//1216 1200//1200
f 1111//1111 1216//1216 1106//1106
f 1200//1200 1215//1215 1201//1201
f 1214//1214 1217//1217 1213//1213
f 1217//1217 1219//1219 1218//1218
f 1217//1217 1218//1218 1112//1112
f 1213//1213 1217//1217 1112//1112
f 1110//1110 1213//1213 1112//1112
f 1218//1218 1114//1114 1112//1112
f 1115//1115 1216//1216 1111//1111
f 1115//1115 1220//1220 1216//1216
f 1218//1218 1219//1219 1221//1221
f 1221//1221 1219//1219 1222//1222
f 1221//1221 1117//1117 1114//1114
f 1221//1221 1114//1114 1218//1218
f 1119//1119 1220//1220 1115//1115
f 1119//1119 1223//1223 1220//1220
f 1222//1222 1224//1224 1221//1221
f 1224//1224 1226//1226 1225//1225
f 1224//1224 1225//1225 1120//1120
f 1221//1221 1224//1224 1120//1120
f 1117//1117 1221//1221 1120//1120
f 1225//1225 1122//1122 1120//1120
f 1124//1124 1223//1223 1119//1119
f 1124//1124 1227//1227 1223//1223
f 1226//1226 1228//1228 1225//1225
f 1122//1122 1225//1225 1228//1228
f 1229//1229 1122//1122 1228//1228
f 1126//1126 1122//1122 1229//1229
f 1128//1128 1230//1230 1127//1127
f 1230//1230 1231//1231 1127//1127
f 1231//1231 1124//1124 1127//1127
f 1231//1231 1227//1227 1124//1124
f 1129//1129 1126//1126 1232//1232
f 1126//1126 1233//1233 1232//1232
f 1126//1126 1229//1229 1233//1233
f 1232//1232 1130//1130 1129//1129
f 1235//1235 1234//1234 1230//1230
f 1128//1128 1235//1235 1230//1230
f 1131//1131 1235//1235 1128//1128
f 1230//1230 1234//1234 1231//1231
f 1232//1232 1233//1233 1236//1236
f 1236//1236 1233//1233 1237//1237
f 1236//1236 1132//1132 1130//1130
f 1236//1236 1130//1130 1232//1232
f 1133//1133 1235//1235 1131//1131
f 1133//1133 1238//1238 1235//1235
f 1236//1236 1237//1237 1239//1239
f 1239//1239 1237//1237 1240//1240
f 1239//1239 1134//1134 1132//1132
f 1239//1239 1132//1132 1236//1236
f 1135//1135 1238//1238 1133//1133
f 1135//1135 1241//1241 1238//1238
f 1239//1239 1240//1240 1138//1138
f 1240//1240 1137//1137 1138//1138
f 1240//1240 1242//1242 1137//1137
f 1239//1239 1138//1138 1134//1134
f 1139//1139 1241//1241 1135//1135
f 1139//1139 1243//1243 1241//1241
f 1246//1246 1245//1245 1244//1244
f 1242//1242 1246//1246 1244//1244
f 1141//1141 1242//1242 1244//1244
f 1137//1137 1242//1242 1141//1141
f 1142//1142 1243//1243 1139//1139
f 1142//1142 1247//1247 1243//1243
f 1244//1244 1245//1245 1248//1248
f 1248//1248 1245//1245 1249//1249
f 1248//1248 1144//1144 1141//1141
f 1248//1248 1141//1141 1244//1244
f 1145//1145 1247//1247 1142//1142
f 1145//1145 1250//1250 1247//1247
f 1248//1248 1249//1249 1251//1251
f 1251//1251 1249//1249 1252//1252
f 1251//1251 1146//1146 1144//1144
f 1251//1251 1144//1144 1248//1248
f 1147//1147 1250//1250 1145//1145
f 1147//1147 1253//1253 1250//1250
f 1256//1256 1255//1255 1254//1254
f 1256//1256 1254//1254 1252//1252
f 1252//1252 1254//1254 1251//1251
f 1254//1254 1149//1149 1251//1251
f 1149//1149 1150//1150 1251//1251
f 1251//1251 1150//1150 1146//1146
f 1151//1151 1253//1253 1147//1147
f 1151//1151 1257//1257 1253//1253
f 1254//1254 1255//1255 1258//1258
f 1258//1258 1255//1255 1259//1259
f 1258//1258 1153//1153 1149//1149
f 1258//1258 1149//1149 1254//1254
f 1154//1154 1257//1257 1151//1151
f 1154//1154 1260//1260 1257//1257
f 1258//1258 1259//1259 1157//1157
f 1259//1259 1156//1156 1157//1157
f 1259//1259 1261//1261 1156//1156
f 1258//1258 1157//1157 1153//1153
f 1262//1262 1260//1260 1154//1154
f 1262//1262 1154//1154 1158//1158
f 1158//1158 1159//1159 1262//1262
f 1262//1262 1159//1159 1263//1263
f 1266//1266 1265//1265 1264//1264
f 1261//1261 1266//1266 1264//1264
f 1161//1161 1261//1261 1264//1264
f 1156//1156 1261//1261 1161//1161
f 1159//1159 1162//1162 1267//1267
f 1268//1268 1159//1159 1267//1267
f 1263//1263 1159//1159 1268//1268
f 1164//1164 1267//1267 1162//1162
f 1271//1271 1270//1270 1269//1269
f 1271//1271 1269//1269 1265//1265
f 1265//1265 1269//1269 1264//1264
f 1269//1269 1168//1168 1264//1264
f 1168//1168 1169//1169 1264//1264
f 1264//1264 1169//1169 1161//1161
f 1272//1272 1268//1268 1267//1267
f 1272//1272 1267//1267 1164//1164
f 1170//1170 1272//1272 1164//1164
f 1273//1273 1272//1272 1170//1170
f 1274//1274 1170//1170 1171//1171
f 1274//1274 1273//1273 1170//1170
f 1275//1275 1171//1171 1172//1172
f 1275//1275 1274//1274 1171//1171
f 1276//1276 1172//1172 1173//1173
f 1276//1276 1275//1275 1172//1172
f 1277//1277 1173//1173 1174//1174
f 1277//1277 1276//1276 1173//1173
f 1278//1278 1174//1174 1175//1175
f 1278//1278 1277//1277 1174//1174
f 1279//1279 1175//1175 1177//1177
f 1279//1279 1278//1278 1175//1175
f 1281//1281 1280//1280 1179//1179
f 1280//1280 1177//1177 1179//1179
f 1280//1280 1279//1279 1177//1177
f 1283//1283 1282//1282 1281//1281
f 1281//1281 1282//1282 1280//1280
f 1181//1181 1182//1182 1283//1283
f 1182//1182 1282//1282 1283//1283
f 1182//1182 1284//1284 1282//1282
f 1183//1183 1269//1269 1270//1270
f 1284//1284 1183//1183 1270//1270
f 1182//1182 1183//1183 1284//1284
f 1269//1269 1183//1183 1168//1168
f 1185//1185 1281//1281 1179//1179
f 1281//1281 1185//1185 1187//1187
f 1281//1281 1187//1187 1283//1283
f 1283//1283 1187//1187 1181//1181
f 1201//1201 1285//1285 1202//1202
f 1286//1286 1203//1203 1202//1202
f 1286//1286 1202//1202 1285//1285
f 1287//1287 1204//1204 1203//1203
f 1287//1287 1203//1203 1286//1286
f 1204//1204 1287//1287 1288//1288
f 1289//1289 1204//1204 1288//1288
f 1205//1205 1204//1204 1289//1289
f 1205//1205 1290//1290 1206//1206
f 1289//1289 1290//1290 1205//1205
f 1206//1206 1291//1291 1207//1207
f 1290//1290 1291//1291 1206//1206
f 1207//1207 1292//1292 1208//1208
f 1291//1291 1292//1292 1207//1207
f 1208//1208 1293//1293 1209//1209
f 1292//1292 1293//1293 1208//1208
f 1293//1293 1295//1295 1294//1294
f 1210//1210 1293//1293 1294//1294
f 1209//1209 1293//1293 1210//1210
f 1296//1296 1211//1211 1210//1210
f 1296//1296 1210//1210 1294//1294
f 1297//1297 1212//1212 1211//1211
f 1297//1297 1211//1211 1296//1296
f 1297//1297 1214//1214 1212//1212
f 1216//1216 1298//1298 1215//1215
f 1298//1298 1299//1299 1215//1215
f 1215//1215 1299//1299 1201//1201
f 1299//1299 1300//1300 1201//1201
f 1300//1300 1285//1285 1201//1201
f 1285//1285 1300//1300 1286//1286
f 1286//1286 1300//1300 1301//1301
f 1286//1286 1301//1301 1287//1287
f 1287//1287 1301//1301 1302//1302
f 1287//1287 1302//1302 1288//1288
f 1295//1295 1303//1303 1294//1294
f 1294//1294 1303//1303 1296//1296
f 1296//1296 1303//1303 1304//1304
f 1306//1306 1305//1305 1304//1304
f 1305//1305 1296//1296 1304//1304
f 1305//1305 1297//1297 1296//1296
f 1307//1307 1217//1217 1214//1214
f 1297//1297 1307//1307 1214//1214
f 1305//1305 1307//1307 1297//1297
f 1307//1307 1219//1219 1217//1217
f 1309//1309 1308//1308 1298//1298
f 1216//1216 1309//1309 1298//1298
f 1220//1220 1309//1309 1216//1216
f 1298//1298 1308//1308 1299//1299
f 1306//1306 1310//1310 1305//1305
f 1312//1312 1311//1311 1310//1310
f 1311//1311 1305//1305 1310//1310
f 1311//1311 1307//1307 1305//1305
f 1311//1311 1222//1222 1219//1219
f 1311//1311 1219//1219 1307//1307
f 1223//1223 1309//1309 1220//1220
f 1223//1223 1313//1313 1309//1309
f 1312//1312 1314//1314 1311//1311
f 1314//1314 1316//1316 1315//1315
f 1314//1314 1315//1315 1224//1224
f 1311//1311 1314//1314 1224//1224
f 1222//1222 1311//1311 1224//1224
f 1315//1315 1226//1226 1224//1224
f 1227//1227 1313//1313 1223//1223
f 1227//1227 1317//1317 1313//1313
f 1316//1316 1318//1318 1315//1315
f 1318//1318 1320//1320 1319//1319
f 1318//1318 1319//1319 1228//1228
f 1315//1315 1318//1318 1228//1228
f 1226//1226 1315//1315 1228//1228
f 1319//1319 1229//1229 1228//1228
f 1231//1231 1317//1317 1227//1227
f 1231//1231 1321//1321 1317//1317
f 1319//1319 1320//1320 1322//1322
f 1322//1322 1320//1320 1323//1323
f 1322//1322 1233//1233 1229//1229
f 1322//1322 1229//1229 1319//1319
f 1235//1235 1324//1324 1234//1234
f 1324//1324 1325//1325 1234//1234
f 1325//1325 1231//1231 1234//1234
f 1325//1325 1321//1321 1231//1231
f 1322//1322 1323//1323 1326//1326
f 1326//1326 1323//1323 1327//1327
f 1326//1326 1237//1237 1233//1233
f 1326//1326 1233//1233 1322//1322
f 1238//1238 1328//1328 1324//1324
f 1238//1238 1324//1324 1235//1235
f 1325//1325 1324//1324 1329//1329
f 1329//1329 1324//1324 1328//1328
f 1326//1326 1327//1327 1330//1330
f 1330//1330 1327//1327 1331//1331
f 1330//1330 1240//1240 1237//1237
f 1330//1330 1237//1237 1326//1326
f 1333//1333 1332//1332 1328//1328
f 1238//1238 1333//1333 1328//1328
f 1241//1241 1333//1333 1238//1238
f 1328//1328 1332//1332 1329//1329
f 1330//1330 1331//1331 1334//1334
f 1334//1334 1331//1331 1335//1335
f 1334//1334 1242//1242 1240//1240
f 1334//1334 1240//1240 1330//1330
f 1243//1243 1333//1333 1241//1241
f 1243//1243 1336//1336 1333//1333
f 1334//1334 1335//1335 1246//1246
f 1335//1335 1245//1245 1246//1246
f 1335//1335 1337//1337 1245//1245
f 1334//1334 1246//1246 1242//1242
f 1247//1247 1336//1336 1243//1243
f 1247//1247 1338//1338 1336//1336
f 1341//1341 1340//1340 1339//1339
f 1337//1337 1341//1341 1339//1339
f 1249//1249 1337//1337 1339//1339
f 1245//1245 1337//1337 1249//1249
f 1250//1250 1338//1338 1247//1247
f 1250//1250 1342//1342 1338//1338
f 1339//1339 1340//1340 1343//1343
f 1343//1343 1340//1340 1344//1344
f 1343//1343 1252//1252 1249//1249
f 1343//1343 1249//1249 1339//1339
f 1253//1253 1342//1342 1250//1250
f 1253//1253 1345//1345 1342//1342
f 1343//1343 1344//1344 1256//1256
f 1344//1344 1255//1255 1256//1256
f 1344//1344 1346//1346 1255//1255
f 1343//1343 1256//1256 1252//1252
f 1257//1257 1345//1345 1253//1253
f 1257//1257 1347//1347 1345//1345
f 1350//1350 1349//1349 1348//1348
f 1346//1346 1350//1350 1348//1348
f 1259//1259 1346//1346 1348//1348
f 1255//1255 1346//1346 1259//1259
f 1260//1260 1347//1347 1257//1257
f 1260//1260 1351//1351 1347//1347
f 1348//1348 1349//1349 1352//1352
f 1352//1352 1349//1349 1353//1353
f 1352//1352 1261//1261 1259//1259
f 1352//1352 1259//1259 1348//1348
f 1260//1260 1262//1262 1354//1354
f 1355//1355 1260//1260 1354//1354
f 1351//1351 1260//1260 1355//1355
f 1263//1263 1354//1354 1262//1262
f 1358//1358 1357//1357 1356//1356
f 1358//1358 1356//1356 1353//1353
f 1353//1353 1356//1356 1352//1352
f 1356//1356 1265//1265 1352//1352
f 1265//1265 1266//1266 1352//1352
f 1352//1352 1266//1266 1261//1261
f 1359//1359 1355//1355 1354//1354
f 1354//1354 1263//1263 1359//1359
f 1263//1263 1360//1360 1359//1359
f 1263//1263 1268//1268 1360//1360
f 1363//1363 1362//1362 1361//1361
f 1363//1363 1361//1361 1357//1357
f 1357//1357 1361//1361 1356//1356
f 1361//1361 1270//1270 1356//1356
f 1270//1270 1271//1271 1356//1356
f 1356//1356 1271//1271 1265//1265
f 1364//1364 1360//1360 1268//1268
f 1364//1364 1268//1268 1272//1272
f 1365//1365 1272//1272 1273//1273
f 1365//1365 1364//1364 1272//1272
f 1366//1366 1273//1273 1274//1274
f 1366//1366 1365//1365 1273//1273
f 1367//1367 1274//1274 1275//1275
f 1367//1367 1366//1366 1274//1274
f 1368//1368 1275//1275 1276//1276
f 1368//1368 1367//1367 1275//1275
f 1369//1369 1276//1276 1277//1277
f 1369//1369 1368//1368 1276//1276
f 1370//1370 1277//1277 1278//1278
f 1370//1370 1369//1369 1277//1277
f 1371//1371 1278//1278 1279//1279
f 1371//1371 1370//1370 1278//1278
f 1372//1372 1279//1279 1280//1280
f 1372//1372 1371//1371 1279//1279
f 1373//1373 1280//1280 1282//1282
f 1373//1373 1372//1372 1280//1280
f 1284//1284 1361//1361 1362//1362
f 1373//1373 1284//1284 1362//1362
f 1282//1282 1284//1284 1373//1373
f 1361//1361 1284//1284 1270//1270
f 1288//1288 1374//1374 1289//1289
f 1375//1375 1290//1290 1289//1289
f 1375//1375 1289//1289 1374//1374
f 1376//1376 1291//1291 1290//1290
f 1376//1376 1290//1290 1375//1375
f 1377//1377 1292//1292 1291//1291
f 1377//1377 1291//1291 1376//1376
f 1378//1378 1293//1293 1292//1292
f 1378//1378 1292//1292 1377//1377
f 1378//1378 1295//1295 1293//1293
f 1299//1299 1379//1379 1300//1300
f 1380//1380 1301//1301 1300//1300
f 1380//1380 1300//1300 1379//1379
f 1301//1301 1380//1380 1381//1381
f 1382//1382 1301//1301 1381//1381
f 1302//1302 1301//1301 1382//1382
f 1288//1288 1302//1302 1374//1374
f 1302//1302 1383//1383 1374//1374
f 1302//1302 1382//1382 1383//1383
f 1374//1374 1383//1383 1375//1375
f 1375//1375 1383//1383 1384//1384
f 1375//1375 1384//1384 1376//1376
f 1376//1376 1384//1384 1385//1385
f 1376//1376 1385//1385 1377//1377
f 1377//1377 1385//1385 1386//1386
f 1377//1377 1386//1386 1378//1378
f 1378//1378 1386//1386 1387//1387
f 1387//1387 1389//1389 1388//1388
f 1387//1387 1388//1388 1303//1303
f 1378//1378 1387//1387 1303//1303
f 1295//1295 1378//1378 1303//1303
f 1390//1390 1304//1304 1303//1303
f 1390//1390 1303//1303 1388//1388
f 1390//1390 1306//1306 1304//1304
f 1392//1392 1391//1391 1308//1308
f 1392//1392 1308//1308 1309//1309
f 1299//1299 1308//1308 1379//1379
f 1308//1308 1393//1393 1379//1379
f 1308//1308 1391//1391 1393//1393
f 1379//1379 1393//1393 1380//1380
f 1380//1380 1393//1393 1394//1394
f 1380//1380 1394//1394 1381//1381
f 1389//1389 1395//1395 1388//1388
f 1388//1388 1395//1395 1390//1390
f 1390//1390 1395//1395 1396//1396
f 1396//1396 1398//1398 1397//1397
f 1396//1396 1397//1397 1310//1310
f 1390//1390 1396//1396 1310//1310
f 1306//1306 1390//1390 1310//1310
f 1397//1397 1312//1312 1310//1310
f 1313//1313 1392//1392 1309//1309
f 1313//1313 1399//1399 1392//1392
f 1398//1398 1400//1400 1397//1397
f 1400//1400 1402//1402 1401//1401
f 1400//1400 1401//1401 1314//1314
f 1397//1397 1400//1400 1314//1314
f 1312//1312 1397//1397 1314//1314
f 1401//1401 1316//1316 1314//1314
f 1317//1317 1399//1399 1313//1313
f 1317//1317 1403//1403 1399//1399
f 1402//1402 1404//1404 1401//1401
f 1404//1404 1406//1406 1405//1405
f 1404//1404 1405//1405 1318//1318
f 1401//1401 1404//1404 1318//1318
f 1316//1316 1401//1401 1318//1318
f 1405//1405 1320//1320 1318//1318
f 1321//1321 1403//1403 1317//1317
f 1321//1321 1407//1407 1403//1403
f 1405//1405 1406//1406 1408//1408
f 1408//1408 1406//1406 1409//1409
f 1408//1408 1323//1323 1320//1320
f 1408//1408 1320//1320 1405//1405
f 1325//1325 1407//1407 1321//1321
f 1325//1325 1410//1410 1407//1407
f 1408//1408 1409//1409 1411//1411
f 1411//1411 1409//1409 1412//1412
f 1411//1411 1327//1327 1323//1323
f 1411//1411 1323//1323 1408//1408
f 1329//1329 1410//1410 1325//1325
f 1329//1329 1413//1413 1410//1410
f 1412//1412 1414//1414 1411//1411
f 1327//1327 1411//1411 1414//1414
f 1415//1415 1327//1327 1414//1414
f 1331//1331 1327//1327 1415//1415
f 1333//1333 1416//1416 1332//1332
f 1416//1416 1417//1417 1332//1332
f 1417//1417 1329//1329 1332//1332
f 1417//1417 1413//1413 1329//1329
f 1415//1415 1335//1335 1331//1331
f 1418//1418 1335//1335 1415//1415
f 1420//1420 1419//1419 1416//1416
f 1333//1333 1420//1420 1416//1416
f 1336//1336 1420//1420 1333//1333
f 1416//1416 1419//1419 1417//1417
f 1423//1423 1422//1422 1421//1421
f 1418//1418 1423//1423 1421//1421
f 1337//1337 1418//1418 1421//1421
f 1335//1335 1418//1418 1337//1337
f 1338//1338 1420//1420 1336//1336
f 1338//1338 1424//1424 1420//1420
f 1421//1421 1422//1422 1341//1341
f 1422//1422 1340//1340 1341//1341
f 1422//1422 1425//1425 1340//1340
f 1421//1421 1341//1341 1337//1337
f 1342//1342 1424//1424 1338//1338
f 1342//1342 1426//1426 1424//1424
f 1425//1425 1344//1344 1340//1340
f 1427//1427 1344//1344 1425//1425
f 1345//1345 1426//1426 1342//1342
f 1345//1345 1428//1428 1426//1426
f 1431//1431 1430//1430 1429//1429
f 1427//1427 1431//1431 1429//1429
f 1346//1346 1427//1427 1429//1429
f 1344//1344 1427//1427 1346//1346
f 1347//1347 1428//1428 1345//1345
f 1347//1347 1432//1432 1428//1428
f 1435//1435 1434//1434 1433//1433
f 1435//1435 1433//1433 1430//1430
f 1430//1430 1433//1433 1429//1429
f 1433//1433 1349//1349 1429//1429
f 1349//1349 1350//1350 1429//1429
f 1429//1429 1350//1350 1346//1346
f 1351//1351 1432//1432 1347//1347
f 1351//1351 1436//1436 1432//1432
f 1433//1433 1434//1434 1437//1437
f 1437//1437 1434//1434 1438//1438
f 1437//1437 1353//1353 1349//1349
f 1437//1437 1349//1349 1433//1433
f 1355//1355 1440//1440 1439//1439
f 1436//1436 1355//1355 1439//1439
f 1351//1351 1355//1355 1436//1436
f 1440//1440 1441//1441 1439//1439
f 1444//1444 1443//1443 1442//1442
f 1444//1444 1442//1442 1438//1438
f 1438//1438 1442//1442 1437//1437
f 1442//1442 1357//1357 1437//1437
f 1357//1357 1358//1358 1437//1437
f 1437//1437 1358//1358 1353//1353
f 1359//1359 1440//1440 1355//1355
f 1359//1359 1360//1360 1440//1440
f 1360//1360 1441//1441 1440//1440
f 1360//1360 1445//1445 1441//1441
f 1448//1448 1447//1447 1446//1446
f 1448//1448 1446//1446 1443//1443
f 1443//1443 1446//1446 1442//1442
f 1446//1446 1362//1362 1442//1442
f 1362//1362 1363//1363 1442//1442
f 1442//1442 1363//1363 1357//1357
f 1449//1449 1445//1445 1360//1360
f 1449//1449 1360//1360 1364//1364
f 1450//1450 1364//1364 1365//1365
f 1450//1450 1449//1449 1364//1364
f 1451//1451 1365//1365 1366//1366
f 1451//1451 1450//1450 1365//1365
f 1452//1452 1366//1366 1367//1367
f 1452//1452 1451//1451 1366//1366
f 1453//1453 1367//1367 1368//1368
f 1453//1453 1452//1452 1367//1367
f 1454//1454 1368//1368 1369//1369
f 1454//1454 1453//1453 1368//1368
f 1455//1455 1369//1369 1370//1370
f 1455//1455 1454//1454 1369//1369
f 1456//1456 1370//1370 1371//1371
f 1456//1456 1455//1455 1370//1370
f 1457//1457 1371//1371 1372//1372
f 1457//1457 1456//1456 1371//1371
f 1373//1373 1446//1446 1447//1447
f 1457//1457 1373//1373 1447//1447
f 1372//1372 1373//1373 1457//1457
f 1446//1446 1373//1373 1362//1362
f 1381//1381 1458//1458 1382//1382
f 1459//1459 1383//1383 1382//1382
f 1459//1459 1382//1382 1458//1458
f 1460//1460 1384//1384 1383//1383
f 1460//1460 1383//1383 1459//1459
f 1461//1461 1385//1385 1384//1384
f 1461//1461 1384//1384 1460//1460
f 1462//1462 1386//1386 1385//1385
f 1462//1462 1385//1385 1461//1461
f 1463//1463 1387//1387 1386//1386
f 1463//1463 1386//1386 1462//1462
f 1463//1463 1389//1389 1387//1387
f 1392//1392 1464//1464 1391//1391
f 1391//1391 1464//1464 1465//1465
f 1466//1466 1391//1391 1465//1465
f 1393//1393 1391//1391 1466//1466
f 1393//1393 1467//1467 1394//1394
f 1466//1466 1467//1467 1393//1393
f 1381//1381 1394//1394 1458//1458
f 1394//1394 1468//1468 1458//1458
f 1394//1394 1467//1467 1468//1468
f 1458//1458 1468//1468 1459//1459
f 1459//1459 1468//1468 1469//1469
f 1459//1459 1469//1469 1460//1460
f 1460//1460 1469//1469 1470//1470
f 1460//1460 1470//1470 1461//1461
f 1461//1461 1470//1470 1471//1471
f 1461//1461 1471//1471 1462//1462
f 1462//1462 1471//1471 1472//1472
f 1462//1462 1472//1472 1463//1463
f 1463//1463 1472//1472 1473//1473
f 1463//1463 1473//1473 1389//1389
f 1473//1473 1395//1395 1389//1389
f 1473//1473 1474//1474 1395//1395
f 1474//1474 1476//1476 1475//1475
f 1396//1396 1474//1474 1475//1475
f 1395//1395 1474//1474 1396//1396
f 1475//1475 1398//1398 1396//1396
f 1478//1478 1477//1477 1464//1464
f 1392//1392 1478//1478 1464//1464
f 1399//1399 1478//1478 1392//1392
f 1464//1464 1477//1477 1465//1465
f 1476//1476 1479//1479 1475//1475
f 1479//1479 1481//1481 1480//1480
f 1479//1479 1480//1480 1400//1400
f 1475//1475 1479//1479 1400//1400
f 1398//1398 1475//1475 1400//1400
f 1480//1480 1402//1402 1400//1400
f 1403//1403 1478//1478 1399//1399
f 1403//1403 1482//1482 1478//1478
f 1481//1481 1483//1483 1480//1480
f 1483//1483 1485//1485 1484//1484
f 1483//1483 1484//1484 1404//1404
f 1480//1480 1483//1483 1404//1404
f 1402//1402 1480//1480 1404//1404
f 1484//1484 1406//1406 1404//1404
f 1407//1407 1482//1482 1403//1403
f 1407//1407 1486//1486 1482//1482
f 1484//1484 1485//1485 1487//1487
f 1487//1487 1485//1485 1488//1488
f 1487//1487 1409//1409 1406//1406
f 1487//1487 1406//1406 1484//1484
f 1410//1410 1486//1486 1407//1407
f 1410//1410 1489//1489 1486//1486
f 1488//1488 1490//1490 1487//1487
f 1409//1409 1487//1487 1490//1490
f 1491//1491 1409//1409 1490//1490
f 1412//1412 1409//1409 1491//1491
f 1413//1413 1489//1489 1410//1410
f 1413//1413 1492//1492 1489//1489
f 1414//1414 1412//1412 1493//1493
f 1412//1412 1494//1494 1493//1493
f 1412//1412 1491//1491 1494//1494
f 1493//1493 1415//1415 1414//1414
f 1417//1417 1492//1492 1413//1413
f 1417//1417 1495//1495 1492//1492
f 1493//1493 1494//1494 1496//1496
f 1496//1496 1494//1494 1497//1497
f 1496//1496 1418//1418 1415//1415
f 1496//1496 1415//1415 1493//1493
f 1420//1420 1498//1498 1419//1419
f 1498//1498 1499//1499 1419//1419
f 1499//1499 1417//1417 1419//1419
f 1499//1499 1495//1495 1417//1417
f 1496//1496 1497//1497 1423//1423
f 1497//1497 1422//1422 1423//1423
f 1497//1497 1500//1500 1422//1422
f 1496//1496 1423//1423 1418//1418
f 1424//1424 1501//1501 1498//1498
f 1424//1424 1498//1498 1420//1420
f 1499//1499 1498//1498 1502//1502
f 1502//1502 1498//1498 1501//1501
f 1505//1505 1504//1504 1503//1503
f 1500//1500 1505//1505 1503//1503
f 1425//1425 1500//1500 1503//1503
f 1422//1422 1500//1500 1425//1425
f 1426//1426 1506//1506 1501//1501
f 1426//1426 1501//1501 1424//1424
f 1502//1502 1501//1501 1507//1507
f 1507//1507 1501//1501 1506//1506
f 1503//1503 1504//1504 1508//1508
f 1508//1508 1504//1504 1509//1509
f 1508//1508 1427//1427 1425//1425
f 1508//1508 1425//1425 1503//1503
f 1428//1428 1510//1510 1506//1506
f 1428//1428 1506//1506 1426//1426
f 1507//1507 1506//1506 1511//1511
f 1511//1511 1506//1506 1510//1510
f 1514//1514 1513//1513 1512//1512
f 1514//1514 1512//1512 1509//1509
f 1509//1509 1512//1512 1508//1508
f 1512//1512 1430//1430 1508//1508
f 1430//1430 1431//1431 1508//1508
f 1508//1508 1431//1431 1427//1427
f 1432//1432 1515//1515 1510//1510
f 1432//1432 1510//1510 1428//1428
f 1511//1511 1510//1510 1516//1516
f 1516//1516 1510//1510 1515//1515
f 1512//1512 1513//1513 1435//1435
f 1513//1513 1434//1434 1435//1435
f 1513//1513 1517//1517 1434//1434
f 1512//1512 1435//1435 1430//1430
f 1436//1436 1518//1518 1515//1515
f 1436//1436 1515//1515 1432//1432
f 1516//1516 1515//1515 1519//1519
f 1519//1519 1515//1515 1518//1518
f 1517//1517 1438//1438 1434//1434
f 1520//1520 1438//1438 1517//1517
f 1439//1439 1518//1518 1436//1436
f 1439//1439 1441//1441 1518//1518
f 1441//1441 1519//1519 1518//1518
f 1441//1441 1521//1521 1519//1519
f 1523//1523 1522//1522 1444//1444
f 1444//1444 1522//1522 1443//1443
f 1444//1444 1438//1438 1520//1520
f 1444//1444 1520//1520 1523//1523
f 1445//1445 1521//1521 1441//1441
f 1445//1445 1524//1524 1521//1521
f 1526//1526 1525//1525 1448//1448
f 1448//1448 1525//1525 1447//1447
f 1448//1448 1443//1443 1522//1522
f 1448//1448 1522//1522 1526//1526
f 1527//1527 1524//1524 1445//1445
f 1527//1527 1445//1445 1449//1449
f 1529//1529 1527//1527 1528//1528
f 1527//1527 1450//1450 1528//1528
f 1527//1527 1449//1449 1450//1450
f 1528//1528 1450//1450 1530//1530
f 1450//1450 1531//1531 1530//1530
f 1450//1450 1451//1451 1531//1531
f 1532//1532 1451//1451 1452//1452
f 1532//1532 1531//1531 1451//1451
f 1533//1533 1452//1452 1453//1453
f 1533//1533 1532//1532 1452//1452
f 1534//1534 1453//1453 1454//1454
f 1534//1534 1533//1533 1453//1453
f 1535//1535 1454//1454 1455//1455
f 1535//1535 1534//1534 1454//1454
f 1536//1536 1455//1455 1456//1456
f 1536//1536 1535//1535 1455//1455
f 1537//1537 1456//1456 1457//1457
f 1537//1537 1536//1536 1456//1456
f 1457//1457 1447//1447 1525//1525
f 1457//1457 1525//1525 1537//1537
f 1538//1538 1529//1529 1528//1528
f 1538//1538 1528//1528 1530//1530
f 1465//1465 1539//1539 1466//1466
f 1540//1540 1467//1467 1466//1466
f 1540//1540 1466//1466 1539//1539
f 1541//1541 1468//1468 1467//1467
f 1541//1541 1467//1467 1540//1540
f 1542//1542 1469//1469 1468//1468
f 1542//1542 1468//1468 1541//1541
f 1543//1543 1470//1470 1469//1469
f 1543//1543 1469//1469 1542//1542
f 1544//1544 1471//1471 1470//1470
f 1544//1544 1470//1470 1543//1543
f 1545//1545 1472//1472 1471//1471
f 1545//1545 1471//1471 1544//1544
f 1546//1546 1473//1473 1472//1472
f 1546//1546 1472//1472 1545//1545
f 1547//1547 1474//1474 1473//1473
f 1547//1547 1473//1473 1546//1546
f 1547//1547 1476//1476 1474//1474
f 1549//1549 1548//1548 1477//1477
f 1549//1549 1477//1477 1478//1478
f 1465//1465 1477//1477 1539//1539
f 1477//1477 1550//1550 1539//1539
f 1477//1477 1548//1548 1550//1550
f 1539//1539 1550//1550 1540//1540
f 1540//1540 1550//1550 1551//1551
f 1540//1540 1551//1551 1541//1541
f 1541//1541 1551//1551 1552//1552
f 1541//1541 1552//1552 1542//1542
f 1542//1542 1552//1552 1553//1553
f 1542//1542 1553//1553 1543//1543
f 1543//1543 1553//1553 1554//1554
f 1543//1543 1554//1554 1544//1544
f 1544//1544 1554//1554 1555//1555
f 1544//1544 1555//1555 1545//1545
f 1545//1545 1555//1555 1556//1556
f 1545//1545 1556//1556 1546//1546
f 1546//1546 1556//1556 1557//1557
f 1559//1559 1558//1558 1557//1557
f 1558//1558 1546//1546 1557//1557
f 1558//1558 1547//1547 1546//1546
f 1560//1560 1479//1479 1476//1476
f 1547//1547 1560//1560 1476//1476
f 1558//1558 1560//1560 1547//1547
f 1560//1560 1481//1481 1479//1479
f 1482//1482 1549//1549 1478//1478
f 1482//1482 1561//1561 1549//1549
f 1559//1559 1562//1562 1558//1558
f 1558//1558 1562//1562 1560//1560
f 1560//1560 1562//1562 1563//1563
f 1563//1563 1565//1565 1564//1564
f 1563//1563 1564//1564 1483//1483
f 1560//1560 1563//1563 1483//1483
f 1481//1481 1560//1560 1483//1483
f 1564//1564 1485//1485 1483//1483
f 1486//1486 1561//1561 1482//1482
f 1486//1486 1566//1566 1561//1561
f 1564//1564 1565//1565 1567//1567
f 1567//1567 1565//1565 1568//1568
f 1567//1567 1488//1488 1485//1485
f 1567//1567 1485//1485 1564//1564
f 1489//1489 1566//1566 1486//1486
f 1489//1489 1569//1569 1566//1566
f 1568//1568 1570//1570 1567//1567
f 1570//1570 1572//1572 1571//1571
f 1570//1570 1571//1571 1490//1490
f 1567//1567 1570//1570 1490//1490
f 1488//1488 1567//1567 1490//1490
f 1571//1571 1491//1491 1490//1490
f 1492//1492 1569//1569 1489//1489
f 1492//1492 1573//1573 1569//1569
f 1571//1571 1572//1572 1574//1574
f 1574//1574 1572//1572 1575//1575
f 1574//1574 1494//1494 1491//1491
f 1574//1574 1491//1491 1571//1571
f 1495//1495 1573//1573 1492//1492
f 1495//1495 1576//1576 1573//1573
f 1574//1574 1575//1575 1577//1577
f 1577//1577 1575//1575 1578//1578
f 1577//1577 1497//1497 1494//1494
f 1577//1577 1494//1494 1574//1574
f 1499//1499 1576//1576 1495//1495
f 1499//1499 1579//1579 1576//1576
f 1577//1577 1578//1578 1580//1580
f 1580//1580 1578//1578 1581//1581
f 1580//1580 1500//1500 1497//1497
f 1580//1580 1497//1497 1577//1577
f 1502//1502 1579//1579 1499//1499
f 1502//1502 1582//1582 1579//1579
f 1580//1580 1581//1581 1505//1505
f 1581//1581 1504//1504 1505//1505
f 1581//1581 1583//1583 1504//1504
f 1580//1580 1505//1505 1500//1500
f 1507//1507 1582//1582 1502//1502
f 1507//1507 1584//1584 1582//1582
f 1583//1583 1509//1509 1504//1504
f 1585//1585 1509//1509 1583//1583
f 1511//1511 1584//1584 1507//1507
f 1511//1511 1586//1586 1584//1584
f 1588//1588 1587//1587 1514//1514
f 1514//1514 1587//1587 1513//1513
f 1514//1514 1509//1509 1585//1585
f 1514//1514 1585//1585 1588//1588
f 1516//1516 1586//1586 1511//1511
f 1516//1516 1589//1589 1586//1586
f 1587//1587 1517//1517 1513//1513
f 1590//1590 1517//1517 1587//1587
f 1519//1519 1589//1589 1516//1516
f 1519//1519 1591//1591 1589//1589
f 1594//1594 1593//1593 1592//1592
f 1590//1590 1594//1594 1592//1592
f 1520//1520 1590//1590 1592//1592
f 1517//1517 1590//1590 1520//1520
f 1521//1521 1591//1591 1519//1519
f 1521//1521 1595//1595 1591//1591
f 1592//1592 1593//1593 1523//1523
f 1593//1593 1522//1522 1523//1523
f 1593//1593 1596//1596 1522//1522
f 1592//1592 1523//1523 1520//1520
f 1524//1524 1595//1595 1521//1521
f 1524//1524 1597//1597 1595//1595
f 1599//1599 1598//1598 1526//1526
f 1526//1526 1598//1598 1525//1525
f 1526//1526 1522//1522 1596//1596
f 1526//1526 1596//1596 1599//1599
f 1524//1524 1527//1527 1600//1600
f 1601//1601 1524//1524 1600//1600
f 1597//1597 1524//1524 1601//1601
f 1529//1529 1600//1600 1527//1527
f 1602//1602 1530//1530 1531//1531
f 1602//1602 1531//1531 1603//1603
f 1531//1531 1604//1604 1603//1603
f 1531//1531 1532//1532 1604//1604
f 1605//1605 1532//1532 1533//1533
f 1605//1605 1604//1604 1532//1532
f 1606//1606 1533//1533 1534//1534
f 1606//1606 1605//1605 1533//1533
f 1607//1607 1534//1534 1535//1535
f 1607//1607 1606//1606 1534//1534
f 1608//1608 1535//1535 1536//1536
f 1608//1608 1607//1607 1535//1535
f 1609//1609 1536//1536 1537//1537
f 1609//1609 1608//1608 1536//1536
f 1537//1537 1525//1525 1598//1598
f 1537//1537 1598//1598 1609//1609
f 1610//1610 1601//1601 1600//1600
f 1610//1610 1600//1600 1529//1529
f 1538//1538 1610//1610 1529//1529
f 1611//1611 1610//1610 1538//1538
f 1538//1538 1530//1530 1602//1602
f 1612//1612 1538//1538 1602//1602
f 1611//1611 1538//1538 1612//1612
f 1612//1612 1602//1602 1603//1603
f 1549//1549 1613//1613 1548//1548
f 1548//1548 1613//1613 1614//1614
f 1615//1615 1548//1548 1614//1614
f 1550//1550 1548//1548 1615//1615
f 1550//1550 1616//1616 1551//1551
f 1615//1615 1616//1616 1550//1550
f 1551//1551 1617//1617 1552//1552
f 1616//1616 1617//1617 1551//1551
f 1552//1552 1618//1618 1553//1553
f 1617//1617 1618//1618 1552//1552
f 1553//1553 1619//1619 1554//1554
f 1618//1618 1619//1619 1553//1553
f 1619//1619 1621//1621 1620//1620
f 1555//1555 1619//1619 1620//1620
f 1554//1554 1619//1619 1555//1555
f 1622//1622 1556//1556 1555//1555
f 1622//1622 1555//1555 1620//1620
f 1623//1623 1557//1557 1556//1556
f 1623//1623 1556//1556 1622//1622
f 1623//1623 1559//1559 1557//1557
f 1625//1625 1624//1624 1613//1613
f 1549//1549 1625//1625 1613//1613
f 1561//1561 1625//1625 1549//1549
f 1613//1613 1624//1624 1614//1614
f 1621//1621 1626//1626 1620//1620
f 1620//1620 1626//1626 1622//1622
f 1622//1622 1626//1626 1627//1627
f 1622//1622 1627//1627 1623//1623
f 1623//1623 1627//1627 1628//1628
f 1628//1628 1630//1630 1629//1629
f 1628//1628 1629//1629 1562//1562
f 1623//1623 1628//1628 1562//1562
f 1559//1559 1623//1623 1562//1562
f 1631//1631 1563//1563 1562//1562
f 1631//1631 1562//1562 1629//1629
f 1631//1631 1565//1565 1563//1563
f 1566//1566 1625//1625 1561//1561
f 1566//1566 1632//1632 1625//1625
f 1630//1630 1633//1633 1629//1629
f 1635//1635 1634//1634 1633//1633
f 1634//1634 1629//1629 1633//1633
f 1634//1634 1631//1631 1629//1629
f 1634//1634 1568//1568 1565//1565
f 1634//1634 1565//1565 1631//1631
f 1569//1569 1632//1632 1566//1566
f 1569//1569 1636//1636 1632//1632
f 1635//1635 1637//1637 1634//1634
f 1637//1637 1639//1639 1638//1638
f 1637//1637 1638//1638 1570//1570
f 1634//1634 1637//1637 1570//1570
f 1568//1568 1634//1634 1570//1570
f 1638//1638 1572//1572 1570//1570
f 1573//1573 1636//1636 1569//1569
f 1573//1573 1640//1640 1636//1636
f 1638//1638 1639//1639 1641//1641
f 1641//1641 1639//1639 1642//1642
f 1641//1641 1575//1575 1572//1572
f 1641//1641 1572//1572 1638//1638
f 1576//1576 1640//1640 1573//1573
f 1576//1576 1643//1643 1640//1640
f 1642//1642 1644//1644 1641//1641
f 1575//1575 1641//1641 1644//1644
f 1645//1645 1575//1575 1644//1644
f 1578//1578 1575//1575 1645//1645
f 1579//1579 1643//1643 1576//1576
f 1579//1579 1646//1646 1643//1643
f 1645//1645 1581//1581 1578//1578
f 1647//1647 1581//1581 1645//1645
f 1582//1582 1646//1646 1579//1579
f 1582//1582 1648//1648 1646//1646
f 1647//1647 1583//1583 1581//1581
f 1649//1649 1583//1583 1647//1647
f 1584//1584 1648//1648 1582//1582
f 1584//1584 1650//1650 1648//1648
f 1653//1653 1652//1652 1651//1651
f 1649//1649 1653//1653 1651//1651
f 1585//1585 1649//1649 1651//1651
f 1583//1583 1649//1649 1585//1585
f 1586//1586 1650//1650 1584//1584
f 1586//1586 1654//1654 1650//1650
f 1651//1651 1652//1652 1588//1588
f 1652//1652 1587//1587 1588//1588
f 1652//1652 1655//1655 1587//1587
f 1651//1651 1588//1588 1585//1585
f 1589//1589 1654//1654 1586//1586
f 1589//1589 1656//1656 1654//1654
f 1655//1655 1590//1590 1587//1587
f 1657//1657 1590//1590 1655//1655
f 1591//1591 1656//1656 1589//1589
f 1591//1591 1658//1658 1656//1656
f 1660//1660 1659//1659 1594//1594
f 1594//1594 1659//1659 1593//1593
f 1594//1594 1590//1590 1657//1657
f 1594//1594 1657//1657 1660//1660
f 1595//1595 1658//1658 1591//1591
f 1595//1595 1661//1661 1658//1658
f 1659//1659 1596//1596 1593//1593
f 1662//1662 1596//1596 1659//1659
f 1597//1597 1661//1661 1595//1595
f 1597//1597 1663//1663 1661//1661
f 1665//1665 1664//1664 1599//1599
f 1599//1599 1664//1664 1598//1598
f 1599//1599 1596//1596 1662//1662
f 1599//1599 1662//1662 1665//1665
f 1601//1601 1667//1667 1666//1666
f 1663//1663 1601//1601 1666//1666
f 1597//1597 1601//1601 1663//1663
f 1669//1669 1668//1668 1667//1667
f 1667//1667 1668//1668 1666//1666
f 1671//1671 1670//1670 1669//1669
f 1669//1669 1670//1670 1668//1668
f 1603//1603 1604//1604 1671//1671
f 1604//1604 1670//1670 1671//1671
f 1604//1604 1672//1672 1670//1670
f 1674//1674 1672//1672 1673//1673
f 1672//1672 1605//1605 1673//1673
f 1672//1672 1604//1604 1605//1605
f 1606//1606 1675//1675 1605//1605
f 1605//1605 1675//1675 1673//1673
f 1675//1675 1606//1606 1676//1676
f 1606//1606 1677//1677 1676//1676
f 1606//1606 1607//1607 1677//1677
f 1678//1678 1607//1607 1608//1608
f 1678//1678 1677//1677 1607//1607
f 1679//1679 1608//1608 1609//1609
f 1679//1679 1678//1678 1608//1608
f 1609//1609 1598//1598 1664//1664
f 1609//1609 1664//1664 1679//1679
f 1610//1610 1667//1667 1601//1601
f 1667//1667 1610//1610 1611//1611
f 1667//1667 1611//1611 1669//1669
f 1669//1669 1611//1611 1612//1612
f 1669//1669 1612//1612 1671//1671
f 1671//1671 1612//1612 1603//1603
f 1680//1680 1674//1674 1673//1673
f 1680//1680 1673//1673 1675//1675
f 1680//1680 1675//1675 1681//1681
f 1681//1681 1675//1675 1676//1676
f 1614//1614 1682//1682 1615//1615
f 1683//1683 1616//1616 1615//1615
f 1683//1683 1615//1615 1682//1682
f 1684//1684 1617//1617 1616//1616
f 1684//1684 1616//1616 1683//1683
f 1685//1685 1618//1618 1617//1617
f 1685//1685 1617//1617 1684//1684
f 1686//1686 1619//1619 1618//1618
f 1686//1686 1618//1618 1685//1685
f 1686//1686 1621//1621 1619//1619
f 1688//1688 1687//1687 1624//1624
f 1688//1688 1624//1624 1625//1625
f 1614//1614 1624//1624 1682//1682
f 1624//1624 1689//1689 1682//1682
f 1624//1624 1687//1687 1689//1689
f 1682//1682 1689//1689 1683//1683
f 1683//1683 1689//1689 1690//1690
f 1683//1683 1690//1690 1684//1684
f 1684//1684 1690//1690 1691//1691
f 1684//1684 1691//1691 1685//1685
f 1685//1685 1691//1691 1692//1692
f 1685//1685 1692//1692 1686//1686
f 1686//1686 1692//1692 1693//1693
f 1686//1686 1693//1693 1621//1621
f 1693//1693 1626//1626 1621//1621
f 1693//1693 1694//1694 1626//1626
f 1694//1694 1696//1696 1695//1695
f 1627//1627 1694//1694 1695//1695
f 1626//1626 1694//1694 1627//1627
f 1697//1697 1628//1628 1627//1627
f 1697//1697 1627//1627 1695//1695
f 1697//1697 1630//1630 1628//1628
f 1632//1632 1688//1688 1625//1625
f 1632//1632 1698//1698 1688//1688
f 1696//1696 1699//1699 1695//1695
f 1695//1695 1699//1699 1697//1697
f 1697//1697 1699//1699 1700//1700
f 1700//1700 1702//1702 1701//1701
f 1700//1700 1701//1701 1633//1633
f 1697//1697 1700//1700 1633//1633
f 1630//1630 1697//1697 1633//1633
f 1701//1701 1635//1635 1633//1633
f 1636//1636 1698//1698 1632//1632
f 1636//1636 1703//1703 1698//1698
f 1702//1702 1704//1704 1701//1701
f 1704//1704 1706//1706 1705//1705
f 1704//1704 1705//1705 1637//1637
f 1701//1701 1704//1704 1637//1637
f 1635//1635 1701//1701 1637//1637
f 1705//1705 1639//1639 1637//1637
f 1640//1640 1703//1703 1636//1636
f 1640//1640 1707//1707 1703//1703
f 1706//1706 1708//1708 1705//1705
f 1639//1639 1705//1705 1708//1708
f 1709//1709 1639//1639 1708//1708
f 1642//1642 1639//1639 1709//1709
f 1643//1643 1707//1707 1640//1640
f 1643//1643 1710//1710 1707//1707
f 1644//1644 1642//1642 1711//1711
f 1642//1642 1712//1712 1711//1711
f 1642//1642 1709//1709 1712//1712
f 1711//1711 1645//1645 1644//1644
f 1646//1646 1710//1710 1643//1643
f 1646//1646 1713//1713 1710//1710
f 1711//1711 1712//1712 1714//1714
f 1714//1714 1712//1712 1715//1715
f 1714//1714 1647//1647 1645//1645
f 1714//1714 1645//1645 1711//1711
f 1648//1648 1713//1713 1646//1646
f 1648//1648 1716//1716 1713//1713
f 1714//1714 1715//1715 1717//1717
f 1717//1717 1715//1715 1718//1718
f 1717//1717 1649//1649 1647//1647
f 1717//1717 1647//1647 1714//1714
f 1650//1650 1716//1716 1648//1648
f 1650//1650 1719//1719 1716//1716
f 1717//1717 1718//1718 1653//1653
f 1718//1718 1652//1652 1653//1653
f 1718//1718 1720//1720 1652//1652
f 1717//1717 1653//1653 1649//1649
f 1654//1654 1719//1719 1650//1650
f 1654//1654 1721//1721 1719//1719
f 1720//1720 1655//1655 1652//1652
f 1722//1722 1655//1655 1720//1720
f 1656//1656 1721//1721 1654//1654
f 1656//1656 1723//1723 1721//1721
f 1722//1722 1657//1657 1655//1655
f 1724//1724 1657//1657 1722//1722
f 1658//1658 1723//1723 1656//1656
f 1658//1658 1725//1725 1723//1723
f 1727//1727 1726//1726 1660//1660
f 1660//1660 1726//1726 1659//1659
f 1660//1660 1657//1657 1724//1724
f 1660//1660 1724//1724 1727//1727
f 1661//1661 1725//1725 1658//1658
f 1661//1661 1728//1728 1725//1725
f 1726//1726 1662//1662 1659//1659
f 1729//1729 1662//1662 1726//1726
f 1732//1732 1731//1731 1730//1730
f 1731//1731 1728//1728 1730//1730
f 1728//1728 1663//1663 1730//1730
f 1728//1728 1661//1661 1663//1663
f 1734//1734 1733//1733 1665//1665
f 1665//1665 1733//1733 1664//1664
f 1665//1665 1662//1662 1729//1729
f 1665//1665 1729//1729 1734//1734
f 1732//1732 1730//1730 1735//1735
f 1732//1732 1735//1735 1736//1736
f 1666//1666 1737//1737 1663//1663
f 1737//1737 1730//1730 1663//1663
f 1737//1737 1735//1735 1730//1730
f 1668//1668 1738//1738 1666//1666
f 1666//1666 1738//1738 1737//1737
f 1670//1670 1739//1739 1668//1668
f 1668//1668 1739//1739 1738//1738
f 1672//1672 1740//1740 1670//1670
f 1670//1670 1740//1740 1739//1739
f 1674//1674 1740//1740 1672//1672
f 1741//1741 1676//1676 1677//1677
f 1741//1741 1677//1677 1742//1742
f 1677//1677 1743//1743 1742//1742
f 1677//1677 1678//1678 1743//1743
f 1744//1744 1678//1678 1679//1679
f 1744//1744 1743//1743 1678//1678
f 1679//1679 1664//1664 1733//1733
f 1679//1679 1733//1733 1744//1744
f 1745//1745 1736//1736 1735//1735
f 1745//1745 1735//1735 1737//1737
f 1745//1745 1737//1737 1746//1746
f 1746//1746 1737//1737 1738//1738
f 1746//1746 1738//1738 1747//1747
f 1747//1747 1738//1738 1739//1739
f 1747//1747 1739//1739 1748//1748
f 1748//1748 1739//1739 1740//1740
f 1748//1748 1740//1740 1749//1749
f 1749//1749 1740//1740 1674//1674
f 1680//1680 1749//1749 1674//1674
f 1750//1750 1749//1749 1680//1680
f 1751//1751 1680//1680 1681//1681
f 1751//1751 1750//1750 1680//1680
f 1681//1681 1676//1676 1741//1741
f 1752//1752 1681//1681 1741//1741
f 1751//1751 1681//1681 1752//1752
f 1752//1752 1741//1741 1742//1742
f 1688//1688 1753//1753 1687//1687
f 1687//1687 1753//1753 1754//1754
f 1755//1755 1687//1687 1754//1754
f 1689//1689 1687//1687 1755//1755
f 1689//1689 1756//1756 1690//1690
f 1755//1755 1756//1756 1689//1689
f 1690//1690 1757//1757 1691//1691
f 1756//1756 1757//1757 1690//1690
f 1691//1691 1758//1758 1692//1692
f 1757//1757 1758//1758 1691//1691
f 1692//1692 1759//1759 1693//1693
f 1758//1758 1759//1759 1692//1692
f 1759//1759 1761//1761 1760//1760
f 1694//1694 1759//1759 1760//1760
f 1693//1693 1759//1759 1694//1694
f 1760//1760 1696//1696 1694//1694
f 1763//1763 1762//1762 1753//1753
f 1688//1688 1763//1763 1753//1753
f 1698//1698 1763//1763 1688//1688
f 1753//1753 1762//1762 1754//1754
f 1761//1761 1764//1764 1760//1760
f 1760//1760 1764//1764 1696//1696
f 1764//1764 1699//1699 1696//1696
f 1764//1764 1765//1765 1699//1699
f 1765//1765 1767//1767 1766//1766
f 1700//1700 1765//1765 1766//1766
f 1699//1699 1765//1765 1700//1700
f 1766//1766 1702//1702 1700//1700
f 1703//1703 1763//1763 1698//1698
f 1703//1703 1768//1768 1763//1763
f 1767//1767 1769//1769 1766//1766
f 1769//1769 1771//1771 1770//1770
f 1769//1769 1770//1770 1704//1704
f 1766//1766 1769//1769 1704//1704
f 1702//1702 1766//1766 1704//1704
f 1770//1770 1706//1706 1704//1704
f 1707//1707 1768//1768 1703//1703
f 1707//1707 1772//1772 1768//1768
f 1771//1771 1773//1773 1770//1770
f 1773//1773 1775//1775 1774//1774
f 1773//1773 1774//1774 1708//1708
f 1770//1770 1773//1773 1708//1708
f 1706//1706 1770//1770 1708//1708
f 1774//1774 1709//1709 1708//1708
f 1710//1710 1772//1772 1707//1707
f 1710//1710 1776//1776 1772//1772
f 1774//1774 1775//1775 1777//1777
f 1777//1777 1775//1775 1778//1778
f 1777//1777 1712//1712 1709//1709
f 1777//1777 1709//1709 1774//1774
f 1713//1713 1776//1776 1710//1710
f 1713//1713 1779//1779 1776//1776
f 1778//1778 1780//1780 1777//1777
f 1712//1712 1777//1777 1780//1780
f 1781//1781 1712//1712 1780//1780
f 1715//1715 1712//1712 1781//1781
f 1716//1716 1779//1779 1713//1713
f 1716//1716 1782//1782 1779//1779
f 1781//1781 1718//1718 1715//1715
f 1783//1783 1718//1718 1781//1781
f 1719//1719 1782//1782 1716//1716
f 1719//1719 1784//1784 1782//1782
f 1783//1783 1720//1720 1718//1718
f 1785//1785 1720//1720 1783//1783
f 1788//1788 1787//1787 1786//1786
f 1787//1787 1784//1784 1786//1786
f 1784//1784 1721//1721 1786//1786
f 1784//1784 1719//1719 1721//1721
f 1785//1785 1722//1722 1720//1720
f 1789//1789 1722//1722 1785//1785
f 1788//1788 1786//1786 1790//1790
f 1788//1788 1790//1790 1791//1791
f 1723//1723 1790//1790 1721//1721
f 1721//1721 1790//1790 1786//1786
f 1789//1789 1724//1724 1722//1722
f 1792//1792 1724//1724 1789//1789
f 1791//1791 1790//1790 1793//1793
f 1791//1791 1793//1793 1794//1794
f 1725//1725 1793//1793 1723//1723
f 1723//1723 1793//1793 1790//1790
f 1796//1796 1795//1795 1727//1727
f 1727//1727 1795//1795 1726//1726
f 1727//1727 1724//1724 1792//1792
f 1727//1727 1792//1792 1796//1796
f 1794//1794 1793//1793 1797//1797
f 1794//1794 1797//1797 1798//1798
f 1728//1728 1797//1797 1725//1725
f 1725//1725 1797//1797 1793//1793
f 1795//1795 1729//1729 1726//1726
f 1799//1799 1729//1729 1795//1795
f 1798//1798 1797//1797 1731//1731
f 1732//1732 1798//1798 1731//1731
f 1800//1800 1798//1798 1732//1732
f 1731//1731 1797//1797 1728//1728
f 1802//1802 1801//1801 1734//1734
f 1734//1734 1801//1801 1733//1733
f 1734//1734 1729//1729 1799//1799
f 1734//1734 1799//1799 1802//1802
f 1736//1736 1800//1800 1732//1732
f 1736//1736 1803//1803 1800//1800
f 1804//1804 1742//1742 1743//1743
f 1804//1804 1743//1743 1805//1805
f 1743//1743 1806//1806 1805//1805
f 1743//1743 1744//1744 1806//1806
f 1744//1744 1733//1733 1801//1801
f 1744//1744 1801//1801 1806//1806
f 1807//1807 1803//1803 1736//1736
f 1807//1807 1736//1736 1745//1745
f 1808//1808 1745//1745 1746//1746
f 1808//1808 1807//1807 1745//1745
f 1809//1809 1746//1746 1747//1747
f 1809//1809 1808//1808 1746//1746
f 1810//1810 1747//1747 1748//1748
f 1810//1810 1809//1809 1747//1747
f 1811//1811 1748//1748 1749//1749
f 1811//1811 1810//1810 1748//1748
f 1812//1812 1749//1749 1750//1750
f 1812//1812 1811//1811 1749//1749
f 1813//1813 1750//1750 1751//1751
f 1813//1813 1812//1812 1750//1750
f 1814//1814 1751//1751 1752//1752
f 1814//1814 1813//1813 1751//1751
f 1752//1752 1742//1742 1804//1804
f 1815//1815 1752//1752 1804//1804
f 1814//1814 1752//1752 1815//1815
f 1815//1815 1804//1804 1805//1805
f 1754//1754 1816//1816 1755//1755
f 1817//1817 1756//1756 1755//1755
f 1817//1817 1755//1755 1816//1816
f 1818//1818 1757//1757 1756//1756
f 1818//1818 1756//1756 1817//1817
f 1819//1819 1758//1758 1757//1757
f 1819//1819 1757//1757 1818//1818
f 1820//1820 1759//1759 1758//1758
f 1820//1820 1758//1758 1819//1819
f 1820//1820 1761//1761 1759//1759
f 1822//1822 1821//1821 1762//1762
f 1822//1822 1762//1762 1763//1763
f 1754//1754 1762//1762 1816//1816
f 1762//1762 1823//1823 1816//1816
f 1762//1762 1821//1821 1823//1823
f 1816//1816 1823//1823 1817//1817
f 1817//1817 1823//1823 1824//1824
f 1817//1817 1824//1824 1818//1818
f 1818//1818 1824//1824 1825//1825
f 1818//1818 1825//1825 1819//1819
f 1819//1819 1825//1825 1826//1826
f 1819//1819 1826//1826 1820//1820
f 1820//1820 1826//1826 1827//1827
f 1820//1820 1827//1827 1761//1761
f 1827//1827 1764//1764 1761//1761
f 1827//1827 1828//1828 1764//1764
f 1828//1828 1830//1830 1829//1829
f 1765//1765 1828//1828 1829//1829
f 1764//1764 1828//1828 1765//1765
f 1829//1829 1767//1767 1765//1765
f 1768//1768 1822//1822 1763//1763
f 1768//1768 1831//1831 1822//1822
f 1830//1830 1832//1832 1829//1829
f 1829//1829 1832//1832 1767//1767
f 1832//1832 1769//1769 1767//1767
f 1832//1832 1833//1833 1769//1769
f 1771//1771 1769//1769 1833//1833
f 1771//1771 1833//1833 1834//1834
f 1772//1772 1831//1831 1768//1768
f 1772//1772 1835//1835 1831//1831
f 1773//1773 1771//1771 1836//1836
f 1771//1771 1837//1837 1836//1836
f 1771//1771 1834//1834 1837//1837
f 1836//1836 1775//1775 1773//1773
f 1776//1776 1835//1835 1772//1772
f 1776//1776 1838//1838 1835//1835
f 1837//1837 1839//1839 1836//1836
f 1775//1775 1836//1836 1839//1839
f 1840//1840 1775//1775 1839//1839
f 1778//1778 1775//1775 1840//1840
f 1779//1779 1838//1838 1776//1776
f 1779//1779 1841//1841 1838//1838
f 1780//1780 1778//1778 1842//1842
f 1778//1778 1843//1843 1842//1842
f 1778//1778 1840//1840 1843//1843
f 1842//1842 1781//1781 1780//1780
f 1846//1846 1845//1845 1844//1844
f 1845//1845 1841//1841 1844//1844
f 1841//1841 1782//1782 1844//1844
f 1841//1841 1779//1779 1782//1782
f 1843//1843 1847//1847 1842//1842
f 1781//1781 1842//1842 1847//1847
f 1848//1848 1781//1781 1847//1847
f 1783//1783 1781//1781 1848//1848
f 1846//1846 1844//1844 1849//1849
f 1846//1846 1849//1849 1850//1850
f 1784//1784 1849//1849 1782//1782
f 1782//1782 1849//1849 1844//1844
f 1848//1848 1785//1785 1783//1783
f 1851//1851 1785//1785 1848//1848
f 1850//1850 1849//1849 1787//1787
f 1788//1788 1850//1850 1787//1787
f 1852//1852 1850//1850 1788//1788
f 1787//1787 1849//1849 1784//1784
f 1851//1851 1789//1789 1785//1785
f 1853//1853 1789//1789 1851//1851
f 1791//1791 1852//1852 1788//1788
f 1791//1791 1854//1854 1852//1852
f 1853//1853 1792//1792 1789//1789
f 1855//1855 1792//1792 1853//1853
f 1794//1794 1854//1854 1791//1791
f 1794//1794 1856//1856 1854//1854
f 1858//1858 1857//1857 1796//1796
f 1796//1796 1857//1857 1795//1795
f 1796//1796 1792//1792 1855//1855
f 1796//1796 1855//1855 1858//1858
f 1798//1798 1856//1856 1794//1794
f 1798//1798 1859//1859 1856//1856
f 1857//1857 1799//1799 1795//1795
f 1860//1860 1799//1799 1857//1857
f 1800//1800 1859//1859 1798//1798
f 1800//1800 1861//1861 1859//1859
f 1863//1863 1862//1862 1802//1802
f 1802//1802 1862//1862 1801//1801
f 1802//1802 1799//1799 1860//1860
f 1802//1802 1860//1860 1863//1863
f 1803//1803 1861//1861 1800//1800
f 1803//1803 1864//1864 1861//1861
f 1866//1866 1865//1865 1806//1806
f 1806//1806 1865//1865 1805//1805
f 1806//1806 1801//1801 1862//1862
f 1806//1806 1862//1862 1866//1866
f 1867//1867 1864//1864 1803//1803
f 1867//1867 1803//1803 1807//1807
f 1869//1869 1867//1867 1868//1868
f 1867//1867 1808//1808 1868//1868
f 1867//1867 1807//1807 1808//1808
f 1809//1809 1870//1870 1808//1808
f 1808//1808 1870//1870 1868//1868
f 1810//1810 1871//1871 1809//1809
f 1809//1809 1871//1871 1870//1870
f 1811//1811 1872//1872 1810//1810
f 1810//1810 1872//1872 1871//1871
f 1812//1812 1873//1873 1811//1811
f 1811//1811 1873//1873 1872//1872
f 1813//1813 1874//1874 1812//1812
f 1812//1812 1874//1874 1873//1873
f 1874//1874 1813//1813 1875//1875
f 1813//1813 1876//1876 1875//1875
f 1813//1813 1814//1814 1876//1876
f 1877//1877 1814//1814 1815//1815
f 1877//1877 1876//1876 1814//1814
f 1815//1815 1805//1805 1865//1865
f 1815//1815 1865//1865 1877//1877
f 1878//1878 1869//1869 1868//1868
f 1878//1878 1868//1868 1870//1870
f 1878//1878 1870//1870 1879//1879
f 1879//1879 1870//1870 1871//1871
f 1879//1879 1871//1871 1880//1880
f 1880//1880 1871//1871 1872//1872
f 1880//1880 1872//1872 1881//1881
f 1881//1881 1872//1872 1873//1873
f 1881//1881 1873//1873 1882//1882
f 1882//1882 1873//1873 1874//1874
f 1882//1882 1874//1874 1883//1883
f 1883//1883 1874//1874 1875//1875
f 1822//1822 1884//1884 1821//1821
f 1821//1821 1884//1884 1885//1885
f 1886//1886 1821//1821 1885//1885
f 1823//1823 1821//1821 1886//1886
f 1823//1823 1887//1887 1824//1824
f 1886//1886 1887//1887 1823//1823
f 1824//1824 1888//1888 1825//1825
f 1887//1887 1888//1888 1824//1824
f 1825//1825 1889//1889 1826//1826
f 1888//1888 1889//1889 1825//1825
f 1826//1826 1890//1890 1827//1827
f 1889//1889 1890//1890 1826//1826
f 1890//1890 1892//1892 1891//1891
f 1828//1828 1890//1890 1891//1891
f 1827//1827 1890//1890 1828//1828
f 1891//1891 1830//1830 1828//1828
f 1895//1895 1894//1894 1893//1893
f 1894//1894 1896//1896 1884//1884
f 1831//1831 1894//1894 1884//1884
f 1822//1822 1831//1831 1884//1884
f 1893//1893 1894//1894 1831//1831
f 1884//1884 1896//1896 1885//1885
f 1892//1892 1897//1897 1891//1891
f 1891//1891 1897//1897 1830//1830
f 1897//1897 1832//1832 1830//1830
f 1897//1897 1898//1898 1832//1832
f 1898//1898 1900//1900 1899//1899
f 1833//1833 1898//1898 1899//1899
f 1832//1832 1898//1898 1833//1833
f 1899//1899 1834//1834 1833//1833
f 1895//1895 1893//1893 1901//1901
f 1895//1895 1901//1901 1902//1902
f 1835//1835 1901//1901 1831//1831
f 1831//1831 1901//1901 1893//1893
f 1900//1900 1903//1903 1899//1899
f 1834//1834 1899//1899 1903//1903
f 1904//1904 1834//1834 1903//1903
f 1837//1837 1834//1834 1904//1904
f 1902//1902 1901//1901 1905//1905
f 1902//1902 1905//1905 1906//1906
f 1838//1838 1905//1905 1835//1835
f 1835//1835 1905//1905 1901//1901
f 1904//1904 1907//1907 1837//1837
f 1837//1837 1907//1907 1839//1839
f 1840//1840 1839//1839 1907//1907
f 1840//1840 1907//1907 1908//1908
f 1906//1906 1905//1905 1909//1909
f 1906//1906 1909//1909 1910//1910
f 1841//1841 1909//1909 1838//1838
f 1838//1838 1909//1909 1905//1905
f 1908//1908 1843//1843 1840//1840
f 1911//1911 1843//1843 1908//1908
f 1910//1910 1909//1909 1845//1845
f 1846//1846 1910//1910 1845//1845
f 1912//1912 1910//1910 1846//1846
f 1845//1845 1909//1909 1841//1841
f 1847//1847 1843//1843 1913//1913
f 1843//1843 1914//1914 1913//1913
f 1843//1843 1911//1911 1914//1914
f 1913//1913 1848//1848 1847//1847
f 1850//1850 1912//1912 1846//1846
f 1850//1850 1915//1915 1912//1912
f 1914//1914 1916//1916 1913//1913
f 1848//1848 1913//1913 1916//1916
f 1917//1917 1848//1848 1916//1916
f 1851//1851 1848//1848 1917//1917
f 1852//1852 1915//1915 1850//1850
f 1852//1852 1918//1918 1915//1915
f 1917//1917 1853//1853 1851//1851
f 1919//1919 1853//1853 1917//1917
f 1854//1854 1918//1918 1852//1852
f 1854//1854 1920//1920 1918//1918
f 1919//1919 1855//1855 1853//1853
f 1921//1921 1855//1855 1919//1919
f 1856//1856 1920//1920 1854//1854
f 1856//1856 1922//1922 1920//1920
f 1924//1924 1923//1923 1858//1858
f 1858//1858 1923//1923 1857//1857
f 1858//1858 1855//1855 1921//1921
f 1858//1858 1921//1921 1924//1924
f 1859//1859 1922//1922 1856//1856
f 1859//1859 1925//1925 1922//1922
f 1923//1923 1860//1860 1857//1857
f 1926//1926 1860//1860 1923//1923
f 1861//1861 1925//1925 1859//1859
f 1861//1861 1927//1927 1925//1925
f 1929//1929 1928//1928 1863//1863
f 1863//1863 1928//1928 1862//1862
f 1863//1863 1860//1860 1926//1926
f 1863//1863 1926//1926 1929//1929
f 1864//1864 1927//1927 1861//1861
f 1864//1864 1930//1930 1927//1927
f 1931//1931 1865//1865 1866//1866
f 1932//1932 1931//1931 1866//1866
f 1862//1862 1932//1932 1866//1866
f 1928//1928 1932//1932 1862//1862
f 1864//1864 1867//1867 1933//1933
f 1934//1934 1864//1864 1933//1933
f 1930//1930 1864//1864 1934//1934
f 1869//1869 1933//1933 1867//1867
f 1935//1935 1875//1875 1876//1876
f 1935//1935 1876//1876 1936//1936
f 1876//1876 1937//1937 1936//1936
f 1876//1876 1877//1877 1937//1937
f 1877//1877 1865//1865 1931//1931
f 1938//1938 1877//1877 1931//1931
f 1937//1937 1877//1877 1938//1938
f 1938//1938 1931//1931 1932//1932
f 1939//1939 1934//1934 1933//1933
f 1939//1939 1933//1933 1869//1869
f 1878//1878 1939//1939 1869//1869
f 1940//1940 1939//1939 1878//1878
f 1941//1941 1878//1878 1879//1879
f 1941//1941 1940//1940 1878//1878
f 1942//1942 1879//1879 1880//1880
f 1942//1942 1941//1941 1879//1879
f 1943//1943 1880//1880 1881//1881
f 1943//1943 1942//1942 1880//1880
f 1944//1944 1881//1881 1882//1882
f 1944//1944 1943//1943 1881//1881
f 1945//1945 1882//1882 1883//1883
f 1945//1945 1944//1944 1882//1882
f 1883//1883 1875//1875 1935//1935
f 1946//1946 1883//1883 1935//1935
f 1945//1945 1883//1883 1946//1946
f 1946//1946 1935//1935 1936//1936
f 1885//1885 1947//1947 1886//1886
f 1948//1948 1887//1887 1886//1886
f 1948//1948 1886//1886 1947//1947
f 1949//1949 1888//1888 1887//1887
f 1949//1949 1887//1887 1948//1948
f 1950//1950 1889//1889 1888//1888
f 1950//1950 1888//1888 1949//1949
f 1951//1951 1890//1890 1889//1889
f 1951//1951 1889//1889 1950//1950
f 1951//1951 1892//1892 1890//1890
f 1895//1895 1952//1952 1894//1894
f 1894//1894 1952//1952 1953//1953
f 1954//1954 1894//1894 1953//1953
f 1896//1896 1894//1894 1954//1954
f 1885//1885 1896//1896 1947//1947
f 1896//1896 1955//1955 1947//1947
f 1896//1896 1954//1954 1955//1955
f 1947//1947 1955//1955 1948//1948
f 1948//1948 1955//1955 1956//1956
f 1948//1948 1956//1956 1949//1949
f 1949//1949 1956//1956 1957//1957
f 1949//1949 1957//1957 1950//1950
f 1950//1950 1957//1957 1958//1958
f 1950//1950 1958//1958 1951//1951
f 1951//1951 1958//1958 1959//1959
f 1959//1959 1961//1961 1960//1960
f 1959//1959 1960//1960 1897//1897
f 1951//1951 1959//1959 1897//1897
f 1892//1892 1951//1951 1897//1897
f 1962//1962 1898//1898 1897//1897
f 1962//1962 1897//1897 1960//1960
f 1962//1962 1900//1900 1898//1898
f 1964//1964 1963//1963 1952//1952
f 1895//1895 1964//1964 1952//1952
f 1902//1902 1964//1964 1895//1895
f 1952//1952 1963//1963 1953//1953
f 1961//1961 1965//1965 1960//1960
f 1960//1960 1965//1965 1962//1962
f 1962//1962 1965//1965 1966//1966
f 1966//1966 1968//1968 1967//1967
f 1966//1966 1967//1967 1903//1903
f 1962//1962 1966//1966 1903//1903
f 1900//1900 1962//1962 1903//1903
f 1967//1967 1904//1904 1903//1903
f 1906//1906 1964//1964 1902//1902
f 1906//1906 1969//1969 1964//1964
f 1968//1968 1970//1970 1967//1967
f 1970//1970 1972//1972 1971//1971
f 1970//1970 1971//1971 1907//1907
f 1967//1967 1970//1970 1907//1907
f 1904//1904 1967//1967 1907//1907
f 1971//1971 1908//1908 1907//1907
f 1910//1910 1969//1969 1906//1906
f 1910//1910 1973//1973 1969//1969
f 1972//1972 1974//1974 1971//1971
f 1908//1908 1971//1971 1974//1974
f 1975//1975 1908//1908 1974//1974
f 1911//1911 1908//1908 1975//1975
f 1912//1912 1973//1973 1910//1910
f 1912//1912 1976//1976 1973//1973
f 1975//1975 1914//1914 1911//1911
f 1977//1977 1914//1914 1975//1975
f 1915//1915 1976//1976 1912//1912
f 1915//1915 1978//1978 1976//1976
f 1916//1916 1914//1914 1979//1979
f 1914//1914 1980//1980 1979//1979
f 1914//1914 1977//1977 1980//1980
f 1979//1979 1917//1917 1916//1916
f 1918//1918 1978//1978 1915//1915
f 1918//1918 1981//1981 1978//1978
f 1980//1980 1982//1982 1979//1979
f 1917//1917 1979//1979 1982//1982
f 1983//1983 1917//1917 1982//1982
f 1919//1919 1917//1917 1983//1983
f 1920//1920 1981//1981 1918//1918
f 1920//1920 1984//1984 1981//1981
f 1983//1983 1921//1921 1919//1919
f 1985//1985 1921//1921 1983//1983
f 1922//1922 1984//1984 1920//1920
f 1922//1922 1986//1986 1984//1984
f 1988//1988 1987//1987 1924//1924
f 1924//1924 1987//1987 1923//1923
f 1924//1924 1921//1921 1985//1985
f 1924//1924 1985//1985 1988//1988
f 1925//1925 1986//1986 1922//1922
f 1925//1925 1989//1989 1986//1986
f 1987//1987 1926//1926 1923//1923
f 1990//1990 1926//1926 1987//1987
f 1927//1927 1989//1989 1925//1925
f 1927//1927 1991//1991 1989//1989
f 1992//1992 1928//1928 1929//1929
f 1993//1993 1992//1992 1929//1929
f 1926//1926 1993//1993 1929//1929
f 1990//1990 1993//1993 1926//1926
f 1930//1930 1991//1991 1927//1927
f 1930//1930 1994//1994 1991//1991
f 1996//1996 1995//1995 1992//1992
f 1995//1995 1928//1928 1992//1992
f 1995//1995 1932//1932 1928//1928
f 1996//1996 1992//1992 1993//1993
f 1934//1934 1994//1994 1930//1930
f 1934//1934 1997//1997 1994//1994
f 1999//1999 1998//1998 1937//1937
f 1937//1937 1998//1998 1936//1936
f 2000//2000 1937//1937 1938//1938
f 2000//2000 1999//1999 1937//1937
f 1938//1938 1932//1932 1995//1995
f 1938//1938 1995//1995 2000//2000
f 2001//2001 1997//1997 1934//1934
f 2001//2001 1934//1934 1939//1939
f 2002//2002 1939//1939 1940//1940
f 2002//2002 2001//2001 1939//1939
f 2003//2003 1940//1940 1941//1941
f 2003//2003 2002//2002 1940//1940
f 2004//2004 1941//1941 1942//1942
f 2004//2004 2003//2003 1941//1941
f 2005//2005 1942//1942 1943//1943
f 2005//2005 2004//2004 1942//1942
f 2006//2006 1943//1943 1944//1944
f 2006//2006 2005//2005 1943//1943
f 2007//2007 1944//1944 1945//1945
f 2007//2007 2006//2006 1944//1944
f 2008//2008 1945//1945 1946//1946
f 2008//2008 2007//2007 1945//1945
f 1946//1946 1936//1936 1998//1998
f 1946//1946 1998//1998 2008//2008
f 1953//1953 2009//2009 1954//1954
f 2010//2010 1955//1955 1954//1954
f 2010//2010 1954//1954 2009//2009
f 2011//2011 1956//1956 1955//1955
f 2011//2011 1955//1955 2010//2010
f 1956//1956 2011//2011 2012//2012
f 2013//2013 1956//1956 2012//2012
f 1957//1957 1956//1956 2013//2013
f 2013//2013 2015//2015 2014//2014
f 1958//1958 2013//2013 2014//2014
f 1957//1957 2013//2013 1958//1958
f 2016//2016 1959//1959 1958//1958
f 2016//2016 1958//1958 2014//2014
f 2016//2016 1961//1961 1959//1959
f 1964//1964 2017//2017 1963//1963
f 2017//2017 2018//2018 1963//1963
f 1963//1963 2018//2018 1953//1953
f 2018//2018 2019//2019 1953//1953
f 2019//2019 2009//2009 1953//1953
f 2009//2009 2019//2019 2010//2010
f 2010//2010 2019//2019 2020//2020
f 2010//2010 2020//2020 2011//2011
f 2011//2011 2020//2020 2021//2021
f 2011//2011 2021//2021 2012//2012
f 2015//2015 2022//2022 2014//2014
f 2014//2014 2022//2022 2016//2016
f 2016//2016 2022//2022 2023//2023
f 2016//2016 2023//2023 1961//1961
f 2023//2023 1965//1965 1961//1961
f 2023//2023 2024//2024 1965//1965
f 2024//2024 2026//2026 2025//2025
f 1966//1966 2024//2024 2025//2025
f 1965//1965 2024//2024 1966//1966
f 2025//2025 1968//1968 1966//1966
f 2028//2028 2027//2027 2017//2017
f 1964//1964 2028//2028 2017//2017
f 1969//1969 2028//2028 1964//1964
f 2017//2017 2027//2027 2018//2018
f 2026//2026 2029//2029 2025//2025
f 2029//2029 2031//2031 2030//2030
f 2029//2029 2030//2030 1970//1970
f 2025//2025 2029//2029 1970//1970
f 1968//1968 2025//2025 1970//1970
f 2030//2030 1972//1972 1970//1970
f 1973//1973 2028//2028 1969//1969
f 1973//1973 2032//2032 2028//2028
f 2031//2031 2033//2033 2030//2030
f 2033//2033 2035//2035 2034//2034
f 2033//2033 2034//2034 1974//1974
f 2030//2030 2033//2033 1974//1974
f 1972//1972 2030//2030 1974//1974
f 2034//2034 1975//1975 1974//1974
f 1976//1976 2032//2032 1973//1973
f 1976//1976 2036//2036 2032//2032
f 2035//2035 2037//2037 2034//2034
f 1975//1975 2034//2034 2037//2037
f 2038//2038 1975//1975 2037//2037
f 1977//1977 1975//1975 2038//2038
f 1978//1978 2036//2036 1976//1976
f 1978//1978 2039//2039 2036//2036
f 2038//2038 1980//1980 1977//1977
f 2040//2040 1980//1980 2038//2038
f 1981//1981 2039//2039 1978//1978
f 1981//1981 2041//2041 2039//2039
f 2040//2040 2042//2042 1980//1980
f 1980//1980 2042//2042 1982//1982
f 1983//1983 1982//1982 2042//2042
f 1983//1983 2042//2042 2043//2043
f 1984//1984 2041//2041 1981//1981
f 1984//1984 2044//2044 2041//2041
f 2043//2043 1985//1985 1983//1983
f 2045//2045 1985//1985 2043//2043
f 1986//1986 2044//2044 1984//1984
f 1986//1986 2046//2046 2044//2044
f 2047//2047 1987//1987 1988//1988
f 2048//2048 2047//2047 1988//1988
f 1985//1985 2048//2048 1988//1988
f 2045//2045 2048//2048 1985//1985
f 1989//1989 2046//2046 1986//1986
f 1989//1989 2049//2049 2046//2046
f 2051//2051 2050//2050 2047//2047
f 2050//2050 1987//1987 2047//2047
f 2050//2050 1990//1990 1987//1987
f 2051//2051 2047//2047 2048//2048
f 1991//1991 2049//2049 1989//1989
f 1991//1991 2052//2052 2049//2049
f 2050//2050 1993//1993 1990//1990
f 2053//2053 1993//1993 2050//2050
f 1994//1994 2052//2052 1991//1991
f 1994//1994 2054//2054 2052//2052
f 2056//2056 2055//2055 1996//1996
f 1996//1996 2055//2055 1995//1995
f 1996//1996 1993//1993 2053//2053
f 1996//1996 2053//2053 2056//2056
f 1997//1997 2054//2054 1994//1994
f 1997//1997 2057//2057 2054//2054
f 2058//2058 1998//1998 1999//1999
f 2058//2058 1999//1999 2059//2059
f 1999//1999 2060//2060 2059//2059
f 1999//1999 2000//2000 2060//2060
f 2000//2000 1995//1995 2055//2055
f 2000//2000 2055//2055 2060//2060
f 2061//2061 2057//2057 1997//1997
f 2061//2061 1997//1997 2001//2001
f 2063//2063 2061//2061 2062//2062
f 2061//2061 2002//2002 2062//2062
f 2061//2061 2001//2001 2002//2002
f 2003//2003 2064//2064 2002//2002
f 2002//2002 2064//2064 2062//2062
f 2004//2004 2065//2065 2003//2003
f 2003//2003 2065//2065 2064//2064
f 2005//2005 2066//2066 2004//2004
f 2004//2004 2066//2066 2065//2065
f 2006//2006 2067//2067 2005//2005
f 2005//2005 2067//2067 2066//2066
f 2007//2007 2068//2068 2006//2006
f 2006//2006 2068//2068 2067//2067
f 2068//2068 2007//2007 2069//2069
f 2007//2007 2070//2070 2069//2069
f 2007//2007 2008//2008 2070//2070
f 2008//2008 1998//1998 2058//2058
f 2071//2071 2008//2008 2058//2058
f 2070//2070 2008//2008 2071//2071
f 2071//2071 2058//2058 2059//2059
f 2012//2012 2072//2072 2013//2013
f 2072//2072 2015//2015 2013//2013
f 2018//2018 2073//2073 2019//2019
f 2019//2019 2073//2073 2074//2074
f 2075//2075 2019//2019 2074//2074
f 2020//2020 2019//2019 2075//2075
f 2020//2020 2076//2076 2021//2021
f 2075//2075 2076//2076 2020//2020
f 2012//2012 2021//2021 2072//2072
f 2021//2021 2077//2077 2072//2072
f 2021//2021 2076//2076 2077//2077
f 2072//2072 2077//2077 2015//2015
f 2077//2077 2022//2022 2015//2015
f 2077//2077 2078//2078 2022//2022
f 2022//2022 2079//2079 2023//2023
f 2078//2078 2079//2079 2022//2022
f 2079//2079 2081//2081 2080//2080
f 2024//2024 2079//2079 2080//2080
f 2023//2023 2079//2079 2024//2024
f 2080//2080 2026//2026 2024//2024
f 2083//2083 2082//2082 2027//2027
f 2083//2083 2027//2027 2028//2028
f 2018//2018 2027//2027 2073//2073
f 2027//2027 2084//2084 2073//2073
f 2027//2027 2082//2082 2084//2084
f 2073//2073 2084//2084 2074//2074
f 2081//2081 2085//2085 2080//2080
f 2080//2080 2085//2085 2026//2026
f 2085//2085 2029//2029 2026//2026
f 2085//2085 2086//2086 2029//2029
f 2031//2031 2029//2029 2086//2086
f 2031//2031 2086//2086 2087//2087
f 2032//2032 2083//2083 2028//2028
f 2032//2032 2088//2088 2083//2083
f 2087//2087 2089//2089 2031//2031
f 2031//2031 2089//2089 2033//2033
f 2035//2035 2033//2033 2089//2089
f 2035//2035 2089//2089 2090//2090
f 2036//2036 2088//2088 2032//2032
f 2036//2036 2091//2091 2088//2088
f 2090//2090 2092//2092 2035//2035
f 2035//2035 2092//2092 2037//2037
f 2038//2038 2037//2037 2092//2092
f 2038//2038 2092//2092 2093//2093
f 2039//2039 2091//2091 2036//2036
f 2039//2039 2094//2094 2091//2091
f 2093//2093 2040//2040 2038//2038
f 2095//2095 2040//2040 2093//2093
f 2041//2041 2094//2094 2039//2039
f 2041//2041 2096//2096 2094//2094
f 2042//2042 2040//2040 2097//2097
f 2040//2040 2098//2098 2097//2097
f 2040//2040 2095//2095 2098//2098
f 2097//2097 2043//2043 2042//2042
f 2044//2044 2096//2096 2041//2041
f 2044//2044 2099//2099 2096//2096
f 2098//2098 2100//2100 2097//2097
f 2043//2043 2097//2097 2100//2100
f 2101//2101 2043//2043 2100//2100
f 2045//2045 2043//2043 2101//2101
f 2046//2046 2099//2099 2044//2044
f 2046//2046 2102//2102 2099//2099
f 2101//2101 2048//2048 2045//2045
f 2103//2103 2048//2048 2101//2101
f 2049//2049 2102//2102 2046//2046
f 2049//2049 2104//2104 2102//2102
f 2106//2106 2105//2105 2051//2051
f 2051//2051 2105//2105 2050//2050
f 2051//2051 2048//2048 2103//2103
f 2051//2051 2103//2103 2106//2106
f 2052//2052 2104//2104 2049//2049
f 2052//2052 2107//2107 2104//2104
f 2105//2105 2053//2053 2050//2050
f 2108//2108 2053//2053 2105//2105
f 2054//2054 2107//2107 2052//2052
f 2054//2054 2109//2109 2107//2107
f 2110//2110 2055//2055 2056//2056
f 2111//2111 2110//2110 2056//2056
f 2053//2053 2111//2111 2056//2056
f 2108//2108 2111//2111 2053//2053
f 2057//2057 2109//2109 2054//2054
f 2057//2057 2112//2112 2109//2109
f 2113//2113 2059//2059 2060//2060
f 2114//2114 2113//2113 2060//2060
f 2114//2114 2060//2060 2055//2055
f 2115//2115 2114//2114 2055//2055
f 2110//2110 2115//2115 2055//2055
f 2115//2115 2110//2110 2111//2111
f 2057//2057 2061//2061 2116//2116
f 2117//2117 2057//2057 2116//2116
f 2112//2112 2057//2057 2117//2117
f 2063//2063 2116//2116 2061//2061
f 2118//2118 2069//2069 2070//2070
f 2118//2118 2070//2070 2119//2119
f 2070//2070 2120//2120 2119//2119
f 2070//2070 2071//2071 2120//2120
f 2071//2071 2059//2059 2113//2113
f 2121//2121 2071//2071 2113//2113
f 2120//2120 2071//2071 2121//2121
f 2121//2121 2113//2113 2114//2114
f 2074//2074 2122//2122 2075//2075
f 2123//2123 2076//2076 2075//2075
f 2123//2123 2075//2075 2122//2122
f 2076//2076 2123//2123 2124//2124
f 2125//2125 2076//2076 2124//2124
f 2077//2077 2076//2076 2125//2125
f 2125//2125 2127//2127 2126//2126
f 2078//2078 2125//2125 2126//2126
f 2077//2077 2125//2125 2078//2078
f 2128//2128 2079//2079 2078//2078
f 2128//2128 2078//2078 2126//2126
f 2128//2128 2081//2081 2079//2079
f 2130//2130 2129//2129 2082//2082
f 2130//2130 2082//2082 2083//2083
f 2082//2082 2131//2131 2084//2084
f 2129//2129 2131//2131 2082//2082
f 2074//2074 2084//2084 2122//2122
f 2084//2084 2132//2132 2122//2122
f 2084//2084 2131//2131 2132//2132
f 2122//2122 2132//2132 2123//2123
f 2123//2123 2132//2132 2133//2133
f 2123//2123 2133//2133 2124//2124
f 2127//2127 2134//2134 2126//2126
f 2126//2126 2134//2134 2128//2128
f 2128//2128 2134//2134 2135//2135
f 2128//2128 2135//2135 2081//2081
f 2135//2135 2085//2085 2081//2081
f 2135//2135 2136//2136 2085//2085
f 2136//2136 2138//2138 2137//2137
f 2086//2086 2136//2136 2137//2137
f 2085//2085 2136//2136 2086//2086
f 2137//2137 2087//2087 2086//2086
f 2088//2088 2130//2130 2083//2083
f 2088//2088 2139//2139 2130//2130
f 2138//2138 2140//2140 2137//2137
f 2137//2137 2140//2140 2087//2087
f 2140//2140 2089//2089 2087//2087
f 2140//2140 2141//2141 2089//2089
f 2090//2090 2089//2089 2141//2141
f 2090//2090 2141//2141 2142//2142
f 2091//2091 2139//2139 2088//2088
f 2091//2091 2143//2143 2139//2139
f 2092//2092 2090//2090 2144//2144
f 2090//2090 2145//2145 2144//2144
f 2090//2090 2142//2142 2145//2145
f 2144//2144 2093//2093 2092//2092
f 2094//2094 2143//2143 2091//2091
f 2094//2094 2146//2146 2143//2143
f 2145//2145 2147//2147 2144//2144
f 2093//2093 2144//2144 2147//2147
f 2148//2148 2093//2093 2147//2147
f 2095//2095 2093//2093 2148//2148
f 2096//2096 2146//2146 2094//2094
f 2096//2096 2149//2149 2146//2146
f 2148//2148 2098//2098 2095//2095
f 2150//2150 2098//2098 2148//2148
f 2099//2099 2149//2149 2096//2096
f 2099//2099 2151//2151 2149//2149
f 2150//2150 2152//2152 2098//2098
f 2098//2098 2152//2152 2100//2100
f 2101//2101 2100//2100 2152//2152
f 2101//2101 2152//2152 2153//2153
f 2102//2102 2151//2151 2099//2099
f 2102//2102 2154//2154 2151//2151
f 2153//2153 2103//2103 2101//2101
f 2155//2155 2103//2103 2153//2153
f 2104//2104 2154//2154 2102//2102
f 2104//2104 2156//2156 2154//2154
f 2157//2157 2105//2105 2106//2106
f 2158//2158 2157//2157 2106//2106
f 2103//2103 2158//2158 2106//2106
f 2155//2155 2158//2158 2103//2103
f 2107//2107 2156//2156 2104//2104
f 2107//2107 2159//2159 2156//2156
f 2161//2161 2160//2160 2157//2157
f 2160//2160 2105//2105 2157//2157
f 2160//2160 2108//2108 2105//2105
f 2161//2161 2157//2157 2158//2158
f 2109//2109 2159//2159 2107//2107
f 2109//2109 2162//2162 2159//2159
f 2160//2160 2111//2111 2108//2108
f 2163//2163 2111//2111 2160//2160
f 2112//2112 2162//2162 2109//2109
f 2112//2112 2164//2164 2162//2162
f 2166//2166 2165//2165 2115//2115
f 2115//2115 2165//2165 2114//2114
f 2115//2115 2111//2111 2163//2163
f 2115//2115 2163//2163 2166//2166
f 2117//2117 2164//2164 2112//2112
f 2117//2117 2167//2167 2164//2164
f 2168//2168 2119//2119 2120//2120
f 2168//2168 2120//2120 2169//2169
f 2120//2120 2170//2170 2169//2169
f 2120//2120 2121//2121 2170//2170
f 2121//2121 2114//2114 2165//2165
f 2121//2121 2165//2165 2170//2170
f 2124//2124 2171//2171 2125//2125
f 2171//2171 2127//2127 2125//2125
f 2130//2130 2172//2172 2129//2129
f 2129//2129 2172//2172 2173//2173
f 2174//2174 2129//2129 2173//2173
f 2131//2131 2129//2129 2174//2174
f 2131//2131 2175//2175 2132//2132
f 2174//2174 2175//2175 2131//2131
f 2132//2132 2176//2176 2133//2133
f 2175//2175 2176//2176 2132//2132
f 2124//2124 2133//2133 2171//2171
f 2133//2133 2177//2177 2171//2171
f 2133//2133 2176//2176 2177//2177
f 2171//2171 2177//2177 2127//2127
f 2177//2177 2134//2134 2127//2127
f 2177//2177 2178//2178 2134//2134
f 2134//2134 2179//2179 2135//2135
f 2178//2178 2179//2179 2134//2134
f 2179//2179 2181//2181 2180//2180
f 2136//2136 2179//2179 2180//2180
f 2135//2135 2179//2179 2136//2136
f 2180//2180 2138//2138 2136//2136
f 2183//2183 2182//2182 2172//2172
f 2130//2130 2183//2183 2172//2172
f 2139//2139 2183//2183 2130//2130
f 2172//2172 2182//2182 2173//2173
f 2181//2181 2184//2184 2180//2180
f 2180//2180 2184//2184 2138//2138
f 2184//2184 2140//2140 2138//2138
f 2184//2184 2185//2185 2140//2140
f 2185//2185 2187//2187 2186//2186
f 2141//2141 2185//2185 2186//2186
f 2140//2140 2185//2185 2141//2141
f 2186//2186 2142//2142 2141//2141
f 2143//2143 2183//2183 2139//2139
f 2143//2143 2188//2188 2183//2183
f 2187//2187 2189//2189 2186//2186
f 2142//2142 2186//2186 2189//2189
f 2190//2190 2142//2142 2189//2189
f 2145//2145 2142//2142 2190//2190
f 2146//2146 2188//2188 2143//2143
f 2146//2146 2191//2191 2188//2188
f 2190//2190 2192//2192 2145//2145
f 2145//2145 2192//2192 2147//2147
f 2148//2148 2147//2147 2192//2192
f 2148//2148 2192//2192 2193//2193
f 2149//2149 2191//2191 2146//2146
f 2149//2149 2194//2194 2191//2191
f 2193//2193 2150//2150 2148//2148
f 2195//2195 2150//2150 2193//2193
f 2151//2151 2194//2194 2149//2149
f 2151//2151 2196//2196 2194//2194
f 2152//2152 2150//2150 2197//2197
f 2150//2150 2198//2198 2197//2197
f 2150//2150 2195//2195 2198//2198
f 2197//2197 2153//2153 2152//2152
f 2154//2154 2196//2196 2151//2151
f 2154//2154 2199//2199 2196//2196
f 2198//2198 2200//2200 2197//2197
f 2153//2153 2197//2197 2200//2200
f 2201//2201 2153//2153 2200//2200
f 2155//2155 2153//2153 2201//2201
f 2156//2156 2199//2199 2154//2154
f 2156//2156 2202//2202 2199//2199
f 2201//2201 2158//2158 2155//2155
f 2203//2203 2158//2158 2201//2201
f 2159//2159 2202//2202 2156//2156
f 2159//2159 2204//2204 2202//2202
f 2205//2205 2160//2160 2161//2161
f 2206//2206 2205//2205 2161//2161
f 2158//2158 2206//2206 2161//2161
f 2203//2203 2206//2206 2158//2158
f 2162//2162 2204//2204 2159//2159
f 2162//2162 2207//2207 2204//2204
f 2209//2209 2208//2208 2205//2205
f 2208//2208 2160//2160 2205//2205
f 2208//2208 2163//2163 2160//2160
f 2209//2209 2205//2205 2206//2206
f 2164//2164 2207//2207 2162//2162
f 2164//2164 2210//2210 2207//2207
f 2211//2211 2165//2165 2166//2166
f 2212//2212 2211//2211 2166//2166
f 2163//2163 2212//2212 2166//2166
f 2208//2208 2212//2212 2163//2163
f 2167//2167 2210//2210 2164//2164
f 2167//2167 2213//2213 2210//2210
f 2214//2214 2169//2169 2170//2170
f 2215//2215 2214//2214 2170//2170
f 2215//2215 2170//2170 2165//2165
f 2216//2216 2215//2215 2165//2165
f 2211//2211 2216//2216 2165//2165
f 2216//2216 2211//2211 2212//2212
f 2173//2173 2217//2217 2174//2174
f 2174//2174 2217//2217 2218//2218
f 2219//2219 2174//2174 2218//2218
f 2175//2175 2174//2174 2219//2219
f 2175//2175 2220//2220 2176//2176
f 2219//2219 2220//2220 2175//2175
f 2176//2176 2221//2221 2177//2177
f 2220//2220 2221//2221 2176//2176
f 2177//2177 2222//2222 2178//2178
f 2221//2221 2222//2222 2177//2177
f 2222//2222 2224//2224 2223//2223
f 2179//2179 2222//2222 2223//2223
f 2178//2178 2222//2222 2179//2179
f 2223//2223 2181//2181 2179//2179
f 2226//2226 2225//2225 2182//2182
f 2226//2226 2182//2182 2183//2183
f 2173//2173 2182//2182 2217//2217
f 2182//2182 2227//2227 2217//2217
f 2182//2182 2225//2225 2227//2227
f 2217//2217 2227//2227 2218//2218
f 2224//2224 2228//2228 2223//2223
f 2223//2223 2228//2228 2181//2181
f 2228//2228 2184//2184 2181//2181
f 2228//2228 2229//2229 2184//2184
f 2184//2184 2230//2230 2185//2185
f 2229//2229 2230//2230 2184//2184
f 2187//2187 2185//2185 2230//2230
f 2187//2187 2230//2230 2231//2231
f 2188//2188 2226//2226 2183//2183
f 2188//2188 2232//2232 2226//2226
f 2231//2231 2233//2233 2187//2187
f 2187//2187 2233//2233 2189//2189
f 2190//2190 2189//2189 2233//2233
f 2190//2190 2233//2233 2234//2234
f 2191//2191 2232//2232 2188//2188
f 2191//2191 2235//2235 2232//2232
f 2192//2192 2190//2190 2236//2236
f 2190//2190 2237//2237 2236//2236
f 2190//2190 2234//2234 2237//2237
f 2236//2236 2193//2193 2192//2192
f 2194//2194 2235//2235 2191//2191
f 2194//2194 2238//2238 2235//2235
f 2237//2237 2239//2239 2236//2236
f 2193//2193 2236//2236 2239//2239
f 2240//2240 2193//2193 2239//2239
f 2195//2195 2193//2193 2240//2240
f 2196//2196 2238//2238 2194//2194
f 2196//2196 2241//2241 2238//2238
f 2240//2240 2198//2198 2195//2195
f 2242//2242 2198//2198 2240//2240
f 2199//2199 2241//2241 2196//2196
f 2199//2199 2243//2243 2241//2241
f 2242//2242 2244//2244 2198//2198
f 2198//2198 2244//2244 2200//2200
f 2201//2201 2200//2200 2244//2244
f 2201//2201 2244//2244 2245//2245
f 2202//2202 2243//2243 2199//2199
f 2202//2202 2246//2246 2243//2243
f 2245//2245 2203//2203 2201//2201
f 2247//2247 2203//2203 2245//2245
f 2204//2204 2246//2246 2202//2202
f 2204//2204 2248//2248 2246//2246
f 2247//2247 2206//2206 2203//2203
f 2249//2249 2206//2206 2247//2247
f 2207//2207 2248//2248 2204//2204
f 2207//2207 2250//2250 2248//2248
f 2252//2252 2251//2251 2209//2209
f 2209//2209 2251//2251 2208//2208
f 2209//2209 2206//2206 2249//2249
f 2209//2209 2249//2249 2252//2252
f 2210//2210 2250//2250 2207//2207
f 2210//2210 2253//2253 2250//2250
f 2251//2251 2212//2212 2208//2208
f 2254//2254 2212//2212 2251//2251
f 2213//2213 2253//2253 2210//2210
f 2213//2213 2255//2255 2253//2253
f 2257//2257 2256//2256 2216//2216
f 2216//2216 2256//2256 2215//2215
f 2216//2216 2212//2212 2254//2254
f 2216//2216 2254//2254 2257//2257
f 2218//2218 2258//2258 2219//2219
f 2259//2259 2220//2220 2219//2219
f 2259//2259 2219//2219 2258//2258
f 2260//2260 2221//2221 2220//2220
f 2260//2260 2220//2220 2259//2259
f 2261//2261 2222//2222 2221//2221
f 2261//2261 2221//2221 2260//2260
f 2261//2261 2224//2224 2222//2222
f 2226//2226 2262//2262 2225//2225
f 2225//2225 2262//2262 2263//2263
f 2264//2264 2225//2225 2263//2263
f 2227//2227 2225//2225 2264//2264
f 2218//2218 2227//2227 2258//2258
f 2227//2227 2265//2265 2258//2258
f 2227//2227 2264//2264 2265//2265
f 2258//2258 2265//2265 2259//2259
f 2259//2259 2265//2265 2266//2266
f 2259//2259 2266//2266 2260//2260
f 2260//2260 2266//2266 2267//2267
f 2260//2260 2267//2267 2261//2261
f 2261//2261 2267//2267 2268//2268
f 2261//2261 2268//2268 2224//2224
f 2268//2268 2228//2228 2224//2224
f 2268//2268 2269//2269 2228//2228
f 2228//2228 2270//2270 2229//2229
f 2269//2269 2270//2270 2228//2228
f 2270//2270 2272//2272 2271//2271
f 2230//2230 2270//2270 2271//2271
f 2229//2229 2270//2270 2230//2230
f 2271//2271 2231//2231 2230//2230
f 2274//2274 2273//2273 2262//2262
f 2226//2226 2274//2274 2262//2262
f 2232//2232 2274//2274 2226//2226
f 2262//2262 2273//2273 2263//2263
f 2272//2272 2275//2275 2271//2271
f 2275//2275 2277//2277 2276//2276
f 2275//2275 2276//2276 2233//2233
f 2271//2271 2275//2275 2233//2233
f 2231//2231 2271//2271 2233//2233
f 2276//2276 2234//2234 2233//2233
f 2235//2235 2274//2274 2232//2232
f 2235//2235 2278//2278 2274//2274
f 2277//2277 2279//2279 2276//2276
f 2234//2234 2276//2276 2279//2279
f 2280//2280 2234//2234 2279//2279
f 2237//2237 2234//2234 2280//2280
f 2238//2238 2278//2278 2235//2235
f 2238//2238 2281//2281 2278//2278
f 2280//2280 2282//2282 2237//2237
f 2237//2237 2282//2282 2239//2239
f 2240//2240 2239//2239 2282//2282
f 2240//2240 2282//2282 2283//2283
f 2241//2241 2281//2281 2238//2238
f 2241//2241 2284//2284 2281//2281
f 2283//2283 2242//2242 2240//2240
f 2285//2285 2242//2242 2283//2283
f 2243//2243 2284//2284 2241//2241
f 2243//2243 2286//2286 2284//2284
f 2285//2285 2287//2287 2242//2242
f 2242//2242 2287//2287 2244//2244
f 2245//2245 2244//2244 2287//2287
f 2245//2245 2287//2287 2288//2288
f 2246//2246 2286//2286 2243//2243
f 2246//2246 2289//2289 2286//2286
f 2288//2288 2247//2247 2245//2245
f 2290//2290 2247//2247 2288//2288
f 2248//2248 2289//2289 2246//2246
f 2248//2248 2291//2291 2289//2289
f 2290//2290 2249//2249 2247//2247
f 2292//2292 2249//2249 2290//2290
f 2250//2250 2291//2291 2248//2248
f 2250//2250 2293//2293 2291//2291
f 2294//2294 2251//2251 2252//2252
f 2295//2295 2294//2294 2252//2252
f 2249//2249 2295//2295 2252//2252
f 2292//2292 2295//2295 2249//2249
f 2253//2253 2293//2293 2250//2250
f 2253//2253 2296//2296 2293//2293
f 2298//2298 2297//2297 2294//2294
f 2297//2297 2251//2251 2294//2294
f 2297//2297 2254//2254 2251//2251
f 2298//2298 2294//2294 2295//2295
f 2255//2255 2296//2296 2253//2253
f 2255//2255 2299//2299 2296//2296
f 2300//2300 2256//2256 2257//2257
f 2301//2301 2300//2300 2257//2257
f 2254//2254 2301//2301 2257//2257
f 2297//2297 2301//2301 2254//2254
f 2263//2263 2302//2302 2264//2264
f 2303//2303 2265//2265 2264//2264
f 2303//2303 2264//2264 2302//2302
f 2304//2304 2266//2266 2265//2265
f 2304//2304 2265//2265 2303//2303
f 2266//2266 2304//2304 2305//2305
f 2306//2306 2266//2266 2305//2305
f 2267//2267 2266//2266 2306//2306
f 2306//2306 2308//2308 2307//2307
f 2268//2268 2306//2306 2307//2307
f 2267//2267 2306//2306 2268//2268
f 2309//2309 2269//2269 2268//2268
f 2309//2309 2268//2268 2307//2307
f 2310//2310 2270//2270 2269//2269
f 2310//2310 2269//2269 2309//2309
f 2310//2310 2272//2272 2270//2270
f 2312//2312 2311//2311 2273//2273
f 2312//2312 2273//2273 2274//2274
f 2263//2263 2273//2273 2302//2302
f 2273//2273 2313//2313 2302//2302
f 2273//2273 2311//2311 2313//2313
f 2302//2302 2313//2313 2303//2303
f 2303//2303 2313//2313 2314//2314
f 2303//2303 2314//2314 2304//2304
f 2304//2304 2314//2314 2315//2315
f 2304//2304 2315//2315 2305//2305
f 2308//2308 2316//2316 2307//2307
f 2307//2307 2316//2316 2309//2309
f 2309//2309 2316//2316 2317//2317
f 2309//2309 2317//2317 2310//2310
f 2310//2310 2317//2317 2318//2318
f 2318//2318 2320//2320 2319//2319
f 2318//2318 2319//2319 2275//2275
f 2310//2310 2318//2318 2275//2275
f 2272//2272 2310//2310 2275//2275
f 2319//2319 2277//2277 2275//2275
f 2278//2278 2312//2312 2274//2274
f 2278//2278 2321//2321 2312//2312
f 2320//2320 2322//2322 2319//2319
f 2319//2319 2322//2322 2277//2277
f 2322//2322 2279//2279 2277//2277
f 2322//2322 2323//2323 2279//2279
f 2280//2280 2279//2279 2323//2323
f 2280//2280 2323//2323 2324//2324
f 2281//2281 2321//2321 2278//2278
f 2281//2281 2325//2325 2321//2321
f 2282//2282 2280//2280 2326//2326
f 2280//2280 2327//2327 2326//2326
f 2280//2280 2324//2324 2327//2327
f 2326//2326 2283//2283 2282//2282
f 2284//2284 2325//2325 2281//2281
f 2284//2284 2328//2328 2325//2325
f 2327//2327 2329//2329 2326//2326
f 2283//2283 2326//2326 2329//2329
f 2330//2330 2283//2283 2329//2329
f 2285//2285 2283//2283 2330//2330
f 2286//2286 2328//2328 2284//2284
f 2286//2286 2331//2331 2328//2328
f 2287//2287 2285//2285 2332//2332
f 2285//2285 2333//2333 2332//2332
f 2285//2285 2330//2330 2333//2333
f 2332//2332 2288//2288 2287//2287
f 2289//2289 2331//2331 2286//2286
f 2289//2289 2334//2334 2331//2331
f 2333//2333 2335//2335 2332//2332
f 2288//2288 2332//2332 2335//2335
f 2336//2336 2288//2288 2335//2335
f 2290//2290 2288//2288 2336//2336
f 2291//2291 2334//2334 2289//2289
f 2291//2291 2337//2337 2334//2334
f 2336//2336 2292//2292 2290//2290
f 2338//2338 2292//2292 2336//2336
f 2293//2293 2337//2337 2291//2291
f 2293//2293 2339//2339 2337//2337
f 2338//2338 2295//2295 2292//2292
f 2340//2340 2295//2295 2338//2338
f 2296//2296 2339//2339 2293//2293
f 2296//2296 2341//2341 2339//2339
f 2343//2343 2342//2342 2298//2298
f 2298//2298 2342//2342 2297//2297
f 2298//2298 2295//2295 2340//2340
f 2298//2298 2340//2340 2343//2343
f 2299//2299 2341//2341 2296//2296
f 2299//2299 2344//2344 2341//2341
f 2342//2342 2301//2301 2297//2297
f 2345//2345 2301//2301 2342//2342
f 2305//2305 2346//2346 2306//2306
f 2346//2346 2308//2308 2306//2306
f 2312//2312 2347//2347 2311//2311
f 2311//2311 2347//2347 2348//2348
f 2349//2349 2311//2311 2348//2348
f 2313//2313 2311//2311 2349//2349
f 2313//2313 2350//2350 2314//2314
f 2349//2349 2350//2350 2313//2313
f 2314//2314 2351//2351 2315//2315
f 2350//2350 2351//2351 2314//2314
f 2305//2305 2315//2315 2346//2346
f 2315//2315 2352//2352 2346//2346
f 2315//2315 2351//2351 2352//2352
f 2346//2346 2352//2352 2308//2308
f 2352//2352 2316//2316 2308//2308
f 2352//2352 2353//2353 2316//2316
f 2316//2316 2354//2354 2317//2317
f 2353//2353 2354//2354 2316//2316
f 2354//2354 2356//2356 2355//2355
f 2318//2318 2354//2354 2355//2355
f 2317//2317 2354//2354 2318//2318
f 2355//2355 2320//2320 2318//2318
f 2358//2358 2357//2357 2347//2347
f 2312//2312 2358//2358 2347//2347
f 2321//2321 2358//2358 2312//2312
f 2347//2347 2357//2357 2348//2348
f 2356//2356 2359//2359 2355//2355
f 2355//2355 2359//2359 2320//2320
f 2359//2359 2322//2322 2320//2320
f 2359//2359 2360//2360 2322//2322
f 2360//2360 2362//2362 2361//2361
f 2323//2323 2360//2360 2361//2361
f 2322//2322 2360//2360 2323//2323
f 2361//2361 2324//2324 2323//2323
f 2325//2325 2358//2358 2321//2321
f 2325//2325 2363//2363 2358//2358
f 2362//2362 2364//2364 2361//2361
f 2324//2324 2361//2361 2364//2364
f 2365//2365 2324//2324 2364//2364
f 2327//2327 2324//2324 2365//2365
f 2328//2328 2363//2363 2325//2325
f 2328//2328 2366//2366 2363//2363
f 2365//2365 2367//2367 2327//2327
f 2327//2327 2367//2367 2329//2329
f 2330//2330 2329//2329 2367//2367
f 2330//2330 2367//2367 2368//2368
f 2331//2331 2366//2366 2328//2328
f 2331//2331 2369//2369 2366//2366
f 2368//2368 2333//2333 2330//2330
f 2370//2370 2333//2333 2368//2368
f 2334//2334 2369//2369 2331//2331
f 2334//2334 2371//2371 2369//2369
f 2370//2370 2372//2372 2333//2333
f 2333//2333 2372//2372 2335//2335
f 2336//2336 2335//2335 2372//2372
f 2336//2336 2372//2372 2373//2373
f 2337//2337 2371//2371 2334//2334
f 2337//2337 2374//2374 2371//2371
f 2373//2373 2338//2338 2336//2336
f 2375//2375 2338//2338 2373//2373
f 2339//2339 2374//2374 2337//2337
f 2339//2339 2376//2376 2374//2374
f 2375//2375 2340//2340 2338//2338
f 2377//2377 2340//2340 2375//2375
f 2341//2341 2376//2376 2339//2339
f 2341//2341 2378//2378 2376//2376
f 2380//2380 2379//2379 2343//2343
f 2343//2343 2379//2379 2342//2342
f 2343//2343 2340//2340 2377//2377
f 2343//2343 2377//2377 2380//2380
f 2344//2344 2378//2378 2341//2341
f 2344//2344 2381//2381 2378//2378
f 2379//2379 2345//2345 2342//2342
f 2382//2382 2345//2345 2379//2379
f 2348//2348 2383//2383 2349//2349
f 2384//2384 2350//2350 2349//2349
f 2384//2384 2349//2349 2383//2383
f 2350//2350 2384//2384 2385//2385
f 2386//2386 2350//2350 2385//2385
f 2351//2351 2350//2350 2386//2386
f 2351//2351 2387//2387 2352//2352
f 2386//2386 2387//2387 2351//2351
f 2387//2387 2389//2389 2388//2388
f 2353//2353 2387//2387 2388//2388
f 2352//2352 2387//2387 2353//2353
f 2390//2390 2354//2354 2353//2353
f 2390//2390 2353//2353 2388//2388
f 2390//2390 2356//2356 2354//2354
f 2392//2392 2391//2391 2357//2357
f 2392//2392 2357//2357 2358//2358
f 2348//2348 2357//2357 2383//2383
f 2357//2357 2393//2393 2383//2383
f 2357//2357 2391//2391 2393//2393
f 2383//2383 2393//2393 2384//2384
f 2384//2384 2393//2393 2394//2394
f 2384//2384 2394//2394 2385//2385
f 2389//2389 2395//2395 2388//2388
f 2388//2388 2395//2395 2390//2390
f 2390//2390 2395//2395 2396//2396
f 2390//2390 2396//2396 2356//2356
f 2396//2396 2359//2359 2356//2356
f 2396//2396 2397//2397 2359//2359
f 2397//2397 2399//2399 2398//2398
f 2360//2360 2397//2397 2398//2398
f 2359//2359 2397//2397 2360//2360
f 2398//2398 2362//2362 2360//2360
f 2363//2363 2392//2392 2358//2358
f 2363//2363 2400//2400 2392//2392
f 2399//2399 2401//2401 2398//2398
f 2401//2401 2403//2403 2402//2402
f 2401//2401 2402//2402 2364//2364
f 2398//2398 2401//2401 2364//2364
f 2362//2362 2398//2398 2364//2364
f 2402//2402 2365//2365 2364//2364
f 2366//2366 2400//2400 2363//2363
f 2366//2366 2404//2404 2400//2400
f 2403//2403 2405//2405 2402//2402
f 2405//2405 2407//2407 2406//2406
f 2405//2405 2406//2406 2367//2367
f 2402//2402 2405//2405 2367//2367
f 2365//2365 2402//2402 2367//2367
f 2406//2406 2368//2368 2367//2367
f 2369//2369 2404//2404 2366//2366
f 2369//2369 2408//2408 2404//2404
f 2407//2407 2409//2409 2406//2406
f 2368//2368 2406//2406 2409//2409
f 2410//2410 2368//2368 2409//2409
f 2370//2370 2368//2368 2410//2410
f 2371//2371 2408//2408 2369//2369
f 2371//2371 2411//2411 2408//2408
f 2372//2372 2370//2370 2412//2412
f 2370//2370 2413//2413 2412//2412
f 2370//2370 2410//2410 2413//2413
f 2412//2412 2373//2373 2372//2372
f 2374//2374 2411//2411 2371//2371
f 2374//2374 2414//2414 2411//2411
f 2413//2413 2415//2415 2412//2412
f 2373//2373 2412//2412 2415//2415
f 2416//2416 2373//2373 2415//2415
f 2375//2375 2373//2373 2416//2416
f 2376//2376 2414//2414 2374//2374
f 2376//2376 2417//2417 2414//2414
f 2416//2416 2377//2377 2375//2375
f 2418//2418 2377//2377 2416//2416
f 2378//2378 2417//2417 2376//2376
f 2378//2378 2419//2419 2417//2417
f 2421//2421 2420//2420 2380//2380
f 2380//2380 2420//2420 2379//2379
f 2380//2380 2377//2377 2418//2418
f 2380//2380 2418//2418 2421//2421
f 2381//2381 2419//2419 2378//2378
f 2381//2381 2422//2422 2419//2419
f 2420//2420 2382//2382 2379//2379
f 2423//2423 2382//2382 2420//2420
f 2385//2385 2424//2424 2386//2386
f 2425//2425 2387//2387 2386//2386
f 2425//2425 2386//2386 2424//2424
f 2425//2425 2389//2389 2387//2387
f 2392//2392 2426//2426 2391//2391
f 2391//2391 2426//2426 2427//2427
f 2428//2428 2391//2391 2427//2427
f 2393//2393 2391//2391 2428//2428
f 2393//2393 2429//2429 2394//2394
f 2428//2428 2429//2429 2393//2393
f 2385//2385 2394//2394 2424//2424
f 2394//2394 2430//2430 2424//2424
f 2394//2394 2429//2429 2430//2430
f 2424//2424 2430//2430 2425//2425
f 2425//2425 2430//2430 2431//2431
f 2425//2425 2431//2431 2389//2389
f 2431//2431 2395//2395 2389//2389
f 2431//2431 2432//2432 2395//2395
f 2395//2395 2433//2433 2396//2396
f 2432//2432 2433//2433 2395//2395
f 2433//2433 2435//2435 2434//2434
f 2397//2397 2433//2433 2434//2434
f 2396//2396 2433//2433 2397//2397
f 2434//2434 2399//2399 2397//2397
f 2437//2437 2436//2436 2426//2426
f 2392//2392 2437//2437 2426//2426
f 2400//2400 2437//2437 2392//2392
f 2426//2426 2436//2436 2427//2427
f 2435//2435 2438//2438 2434//2434
f 2434//2434 2438//2438 2399//2399
f 2438//2438 2401//2401 2399//2399
f 2438//2438 2439//2439 2401//2401
f 2403//2403 2401//2401 2439//2439
f 2403//2403 2439//2439 2440//2440
f 2404//2404 2437//2437 2400//2400
f 2404//2404 2441//2441 2437//2437
f 2440//2440 2442//2442 2403//2403
f 2403//2403 2442//2442 2405//2405
f 2407//2407 2405//2405 2442//2442
f 2407//2407 2442//2442 2443//2443
f 2408//2408 2441//2441 2404//2404
f 2408//2408 2444//2444 2441//2441
f 2409//2409 2407//2407 2445//2445
f 2407//2407 2446//2446 2445//2445
f 2407//2407 2443//2443 2446//2446
f 2445//2445 2410//2410 2409//2409
f 2411//2411 2444//2444 2408//2408
f 2411//2411 2447//2447 2444//2444
f 2446//2446 2448//2448 2445//2445
f 2410//2410 2445//2445 2448//2448
f 2449//2449 2410//2410 2448//2448
f 2413//2413 2410//2410 2449//2449
f 2414//2414 2447//2447 2411//2411
f 2414//2414 2450//2450 2447//2447
f 2415//2415 2413//2413 2451//2451
f 2413//2413 2452//2452 2451//2451
f 2413//2413 2449//2449 2452//2452
f 2451//2451 2416//2416 2415//2415
f 2417//2417 2450//2450 2414//2414
f 2417//2417 2453//2453 2450//2450
f 2452//2452 2454//2454 2451//2451
f 2416//2416 2451//2451 2454//2454
f 2455//2455 2416//2416 2454//2454
f 2418//2418 2416//2416 2455//2455
f 2419//2419 2453//2453 2417//2417
f 2419//2419 2456//2456 2453//2453
f 2457//2457 2420//2420 2421//2421
f 2458//2458 2457//2457 2421//2421
f 2418//2418 2458//2458 2421//2421
f 2455//2455 2458//2458 2418//2418
f 2422//2422 2456//2456 2419//2419
f 2422//2422 2459//2459 2456//2456
f 2461//2461 2460//2460 2457//2457
f 2460//2460 2420//2420 2457//2457
f 2460//2460 2423//2423 2420//2420
f 2461//2461 2457//2457 2458//2458
f 2427//2427 2462//2462 2428//2428
f 2428//2428 2462//2462 2463//2463
f 2464//2464 2428//2428 2463//2463
f 2429//2429 2428//2428 2464//2464
f 2429//2429 2465//2465 2430//2430
f 2464//2464 2465//2465 2429//2429
f 2430//2430 2466//2466 2431//2431
f 2465//2465 2466//2466 2430//2430
f 2466//2466 2468//2468 2467//2467
f 2432//2432 2466//2466 2467//2467
f 2431//2431 2466//2466 2432//2432
f 2469//2469 2433//2433 2432//2432
f 2469//2469 2432//2432 2467//2467
f 2469//2469 2435//2435 2433//2433
f 2471//2471 2470//2470 2436//2436
f 2471//2471 2436//2436 2437//2437
f 2427//2427 2436//2436 2462//2462
f 2436//2436 2472//2472 2462//2462
f 2436//2436 2470//2470 2472//2472
f 2462//2462 2472//2472 2463//2463
f 2468//2468 2473//2473 2467//2467
f 2467//2467 2473//2473 2469//2469
f 2469//2469 2473//2473 2474//2474
f 2469//2469 2474//2474 2435//2435
f 2474//2474 2438//2438 2435//2435
f 2474//2474 2475//2475 2438//2438
f 2475//2475 2477//2477 2476//2476
f 2439//2439 2475//2475 2476//2476
f 2438//2438 2475//2475 2439//2439
f 2476//2476 2440//2440 2439//2439
f 2441//2441 2471//2471 2437//2437
f 2441//2441 2478//2478 2471//2471
f 2477//2477 2479//2479 2476//2476
f 2479//2479 2481//2481 2480//2480
f 2479//2479 2480//2480 2442//2442
f 2476//2476 2479//2479 2442//2442
f 2440//2440 2476//2476 2442//2442
f 2480//2480 2443//2443 2442//2442
f 2444//2444 2478//2478 2441//2441
f 2444//2444 2482//2482 2478//2478
f 2481//2481 2483//2483 2480//2480
f 2443//2443 2480//2480 2483//2483
f 2484//2484 2443//2443 2483//2483
f 2446//2446 2443//2443 2484//2484
f 2447//2447 2482//2482 2444//2444
f 2447//2447 2485//2485 2482//2482
f 2484//2484 2486//2486 2446//2446
f 2446//2446 2486//2486 2448//2448
f 2449//2449 2448//2448 2486//2486
f 2449//2449 2486//2486 2487//2487
f 2450//2450 2485//2485 2447//2447
f 2450//2450 2488//2488 2485//2485
f 2487//2487 2452//2452 2449//2449
f 2489//2489 2452//2452 2487//2487
f 2453//2453 2488//2488 2450//2450
f 2453//2453 2490//2490 2488//2488
f 2454//2454 2452//2452 2491//2491
f 2452//2452 2492//2492 2491//2491
f 2452//2452 2489//2489 2492//2492
f 2491//2491 2455//2455 2454//2454
f 2456//2456 2490//2490 2453//2453
f 2456//2456 2493//2493 2490//2490
f 2491//2491 2492//2492 2494//2494
f 2494//2494 2492//2492 2495//2495
f 2494//2494 2458//2458 2455//2455
f 2494//2494 2455//2455 2491//2491
f 2459//2459 2493//2493 2456//2456
f 2459//2459 2496//2496 2493//2493
f 2494//2494 2495//2495 2461//2461
f 2495//2495 2460//2460 2461//2461
f 2495//2495 2497//2497 2460//2460
f 2494//2494 2461//2461 2458//2458
f 2463//2463 2498//2498 2464//2464
f 2499//2499 2465//2465 2464//2464
f 2499//2499 2464//2464 2498//2498
f 2500//2500 2466//2466 2465//2465
f 2500//2500 2465//2465 2499//2499
f 2500//2500 2468//2468 2466//2466
f 2471//2471 2501//2501 2470//2470
f 2470//2470 2501//2501 2502//2502
f 2503//2503 2470//2470 2502//2502
f 2472//2472 2470//2470 2503//2503
f 2463//2463 2472//2472 2498//2498
f 2472//2472 2504//2504 2498//2498
f 2472//2472 2503//2503 2504//2504
f 2498//2498 2504//2504 2499//2499
f 2499//2499 2504//2504 2505//2505
f 2499//2499 2505//2505 2500//2500
f 2500//2500 2505//2505 2506//2506
f 2500//2500 2506//2506 2468//2468
f 2506//2506 2473//2473 2468//2468
f 2506//2506 2507//2507 2473//2473
f 2473//2473 2508//2508 2474//2474
f 2507//2507 2508//2508 2473//2473
f 2508//2508 2510//2510 2509//2509
f 2475//2475 2508//2508 2509//2509
f 2474//2474 2508//2508 2475//2475
f 2509//2509 2477//2477 2475//2475
f 2512//2512 2511//2511 2501//2501
f 2471//2471 2512//2512 2501//2501
f 2478//2478 2512//2512 2471//2471
f 2501//2501 2511//2511 2502//2502
f 2510//2510 2513//2513 2509//2509
f 2509//2509 2513//2513 2477//2477
f 2513//2513 2479//2479 2477//2477
f 2513//2513 2514//2514 2479//2479
f 2481//2481 2479//2479 2514//2514
f 2481//2481 2514//2514 2515//2515
f 2482//2482 2512//2512 2478//2478
f 2482//2482 2516//2516 2512//2512
f 2515//2515 2517//2517 2481//2481
f 2481//2481 2517//2517 2483//2483
f 2484//2484 2483//2483 2517//2517
f 2484//2484 2517//2517 2518//2518
f 2485//2485 2516//2516 2482//2482
f 2485//2485 2519//2519 2516//2516
f 2486//2486 2484//2484 2520//2520
f 2484//2484 2521//2521 2520//2520
f 2484//2484 2518//2518 2521//2521
f 2520//2520 2487//2487 2486//2486
f 2488//2488 2519//2519 2485//2485
f 2488//2488 2522//2522 2519//2519
f 2521//2521 2523//2523 2520//2520
f 2487//2487 2520//2520 2523//2523
f 2524//2524 2487//2487 2523//2523
f 2489//2489 2487//2487 2524//2524
f 2490//2490 2522//2522 2488//2488
f 2490//2490 2525//2525 2522//2522
f 2524//2524 2492//2492 2489//2489
f 2526//2526 2492//2492 2524//2524
f 2493//2493 2525//2525 2490//2490
f 2493//2493 2527//2527 2525//2525
f 2526//2526 2495//2495 2492//2492
f 2528//2528 2495//2495 2526//2526
f 2496//2496 2527//2527 2493//2493
f 2496//2496 2529//2529 2527//2527
f 2528//2528 2497//2497 2495//2495
f 2530//2530 2497//2497 2528//2528
f 2502//2502 2531//2531 2503//2503
f 2532//2532 2504//2504 2503//2503
f 2532//2532 2503//2503 2531//2531
f 2533//2533 2505//2505 2504//2504
f 2533//2533 2504//2504 2532//2532
f 2505//2505 2533//2533 2534//2534
f 2535//2535 2505//2505 2534//2534
f 2506//2506 2505//2505 2535//2535
f 2535//2535 2537//2537 2536//2536
f 2507//2507 2535//2535 2536//2536
f 2506//2506 2535//2535 2507//2507
f 2538//2538 2508//2508 2507//2507
f 2538//2538 2507//2507 2536//2536
f 2538//2538 2510//2510 2508//2508
f 2540//2540 2539//2539 2511//2511
f 2540//2540 2511//2511 2512//2512
f 2502//2502 2511//2511 2531//2531
f 2511//2511 2541//2541 2531//2531
f 2511//2511 2539//2539 2541//2541
f 2531//2531 2541//2541 2532//2532
f 2532//2532 2541//2541 2542//2542
f 2532//2532 2542//2542 2533//2533
f 2533//2533 2542//2542 2543//2543
f 2533//2533 2543//2543 2534//2534
f 2537//2537 2544//2544 2536//2536
f 2536//2536 2544//2544 2538//2538
f 2538//2538 2544//2544 2545//2545
f 2538//2538 2545//2545 2510//2510
f 2545//2545 2513//2513 2510//2510
f 2545//2545 2546//2546 2513//2513
f 2546//2546 2548//2548 2547//2547
f 2514//2514 2546//2546 2547//2547
f 2513//2513 2546//2546 2514//2514
f 2547//2547 2515//2515 2514//2514
f 2516//2516 2540//2540 2512//2512
f 2516//2516 2549//2549 2540//2540
f 2548//2548 2550//2550 2547//2547
f 2550//2550 2552//2552 2551//2551
f 2550//2550 2551//2551 2517//2517
f 2547//2547 2550//2550 2517//2517
f 2515//2515 2547//2547 2517//2517
f 2551//2551 2518//2518 2517//2517
f 2519//2519 2549//2549 2516//2516
f 2519//2519 2553//2553 2549//2549
f 2552//2552 2554//2554 2551//2551
f 2518//2518 2551//2551 2554//2554
f 2555//2555 2518//2518 2554//2554
f 2521//2521 2518//2518 2555//2555
f 2522//2522 2553//2553 2519//2519
f 2522//2522 2556//2556 2553//2553
f 2555//2555 2557//2557 2521//2521
f 2521//2521 2557//2557 2523//2523
f 2524//2524 2523//2523 2557//2557
f 2524//2524 2557//2557 2558//2558
f 2525//2525 2556//2556 2522//2522
f 2525//2525 2559//2559 2556//2556
f 2558//2558 2526//2526 2524//2524
f 2560//2560 2526//2526 2558//2558
f 2527//2527 2559//2559 2525//2525
f 2527//2527 2561//2561 2559//2559
f 2560//2560 2528//2528 2526//2526
f 2562//2562 2528//2528 2560//2560
f 2529//2529 2561//2561 2527//2527
f 2529//2529 2563//2563 2561//2561
f 2562//2562 2530//2530 2528//2528
f 2564//2564 2530//2530 2562//2562
f 2534//2534 2565//2565 2535//2535
f 2565//2565 2537//2537 2535//2535
f 2540//2540 2566//2566 2539//2539
f 2539//2539 2566//2566 2567//2567
f 2568//2568 2539//2539 2567//2567
f 2541//2541 2539//2539 2568//2568
f 2541//2541 2569//2569 2542//2542
f 2568//2568 2569//2569 2541//2541
f 2542//2542 2570//2570 2543//2543
f 2569//2569 2570//2570 2542//2542
f 2534//2534 2543//2543 2565//2565
f 2543//2543 2571//2571 2565//2565
f 2543//2543 2570//2570 2571//2571
f 2565//2565 2571//2571 2537//2537
f 2571//2571 2544//2544 2537//2537
f 2571//2571 2572//2572 2544//2544
f 2544//2544 2573//2573 2545//2545
f 2572//2572 2573//2573 2544//2544
f 2573//2573 2575//2575 2574//2574
f 2546//2546 2573//2573 2574//2574
f 2545//2545 2573//2573 2546//2546
f 2574//2574 2548//2548 2546//2546
f 2577//2577 2576//2576 2566//2566
f 2540//2540 2577//2577 2566//2566
f 2549//2549 2577//2577 2540//2540
f 2566//2566 2576//2576 2567//2567
f 2575//2575 2578//2578 2574//2574
f 2578//2578 2580//2580 2579//2579
f 2578//2578 2579//2579 2550//2550
f 2574//2574 2578//2578 2550//2550
f 2548//2548 2574//2574 2550//2550
f 2579//2579 2552//2552 2550//2550
f 2553//2553 2577//2577 2549//2549
f 2553//2553 2581//2581 2577//2577
f 2580//2580 2582//2582 2579//2579
f 2582//2582 2584//2584 2583//2583
f 2582//2582 2583//2583 2554//2554
f 2579//2579 2582//2582 2554//2554
f 2552//2552 2579//2579 2554//2554
f 2583//2583 2555//2555 2554//2554
f 2556//2556 2581//2581 2553//2553
f 2556//2556 2585//2585 2581//2581
f 2584//2584 2586//2586 2583//2583
f 2586//2586 2588//2588 2587//2587
f 2586//2586 2587//2587 2557//2557
f 2583//2583 2586//2586 2557//2557
f 2555//2555 2583//2583 2557//2557
f 2587//2587 2558//2558 2557//2557
f 2559//2559 2585//2585 2556//2556
f 2559//2559 2589//2589 2585//2585
f 2588//2588 2590//2590 2587//2587
f 2558//2558 2587//2587 2590//2590
f 2591//2591 2558//2558 2590//2590
f 2560//2560 2558//2558 2591//2591
f 2561//2561 2589//2589 2559//2559
f 2561//2561 2592//2592 2589//2589
f 2591//2591 2562//2562 2560//2560
f 2593//2593 2562//2562 2591//2591
f 2563//2563 2592//2592 2561//2561
f 2563//2563 2594//2594 2592//2592
f 2593//2593 2564//2564 2562//2562
f 2595//2595 2564//2564 2593//2593
f 2567//2567 2596//2596 2568//2568
f 2568//2568 2596//2596 2597//2597
f 2598//2598 2568//2568 2597//2597
f 2569//2569 2568//2568 2598//2598
f 2569//2569 2599//2599 2570//2570
f 2598//2598 2599//2599 2569//2569
f 2599//2599 2601//2601 2600//2600
f 2571//2571 2599//2599 2600//2600
f 2570//2570 2599//2599 2571//2571
f 2602//2602 2572//2572 2571//2571
f 2602//2602 2571//2571 2600//2600
f 2603//2603 2573//2573 2572//2572
f 2603//2603 2572//2572 2602//2602
f 2603//2603 2575//2575 2573//2573
f 2605//2605 2604//2604 2576//2576
f 2605//2605 2576//2576 2577//2577
f 2567//2567 2576//2576 2596//2596
f 2576//2576 2606//2606 2596//2596
f 2576//2576 2604//2604 2606//2606
f 2596//2596 2606//2606 2597//2597
f 2600//2600 2601//2601 2607//2607
f 2607//2607 2601//2601 2608//2608
f 2600//2600 2609//2609 2602//2602
f 2600//2600 2607//2607 2609//2609
f 2602//2602 2610//2610 2603//2603
f 2602//2602 2609//2609 2610//2610
f 2611//2611 2578//2578 2575//2575
f 2603//2603 2611//2611 2575//2575
f 2610//2610 2611//2611 2603//2603
f 2611//2611 2580//2580 2578//2578
f 2581//2581 2605//2605 2577//2577
f 2581//2581 2612//2612 2605//2605
f 2608//2608 2613//2613 2607//2607
f 2615//2615 2614//2614 2613//2613
f 2614//2614 2607//2607 2613//2613
f 2614//2614 2609//2609 2607//2607
f 2609//2609 2616//2616 2610//2610
f 2609//2609 2614//2614 2616//2616
f 2618//2618 2611//2611 2617//2617
f 2611//2611 2616//2616 2617//2617
f 2611//2611 2610//2610 2616//2616
f 2611//2611 2618//2618 2580//2580
f 2618//2618 2582//2582 2580//2580
f 2618//2618 2619//2619 2582//2582
f 2584//2584 2582//2582 2619//2619
f 2584//2584 2619//2619 2620//2620
f 2585//2585 2612//2612 2581//2581
f 2585//2585 2621//2621 2612//2612
f 2615//2615 2622//2622 2614//2614
f 2614//2614 2622//2622 2616//2616
f 2616//2616 2622//2622 2623//2623
f 2616//2616 2623//2623 2617//2617
f 2620//2620 2624//2624 2584//2584
f 2584//2584 2624//2624 2586//2586
f 2588//2588 2586//2586 2624//2624
f 2588//2588 2624//2624 2625//2625
f 2589//2589 2621//2621 2585//2585
f 2589//2589 2626//2626 2621//2621
f 2625//2625 2627//2627 2588//2588
f 2588//2588 2627//2627 2590//2590
f 2591//2591 2590//2590 2627//2627
f 2591//2591 2627//2627 2628//2628
f 2592//2592 2626//2626 2589//2589
f 2592//2592 2629//2629 2626//2626
f 2628//2628 2593//2593 2591//2591
f 2630//2630 2593//2593 2628//2628
f 2594//2594 2629//2629 2592//2592
f 2594//2594 2631//2631 2629//2629
f 2630//2630 2595//2595 2593//2593
f 2632//2632 2595//2595 2630//2630
f 2597//2597 2633//2633 2598//2598
f 2634//2634 2599//2599 2598//2598
f 2634//2634 2598//2598 2633//2633
f 2634//2634 2601//2601 2599//2599
f 2636//2636 2635//2635 2604//2604
f 2636//2636 2604//2604 2605//2605
f 2604//2604 2637//2637 2606//2606
f 2635//2635 2637//2637 2604//2604
f 2606//2606 2637//2637 2597//2597
f 2637//2637 2638//2638 2597//2597
f 2638//2638 2633//2633 2597//2597
f 2638//2638 2637//2637 2639//2639
f 2633//2633 2640//2640 2634//2634
f 2633//2633 2638//2638 2640//2640
f 2640//2640 2608//2608 2601//2601
f 2640//2640 2601//2601 2634//2634
f 2612//2612 2636//2636 2605//2605
f 2612//2612 2641//2641 2636//2636
f 2639//2639 2642//2642 2638//2638
f 2644//2644 2643//2643 2642//2642
f 2643//2643 2638//2638 2642//2642
f 2643//2643 2640//2640 2638//2638
f 2645//2645 2613//2613 2608//2608
f 2640//2640 2645//2645 2608//2608
f 2643//2643 2645//2645 2640//2640
f 2645//2645 2615//2615 2613//2613
f 2617//2617 2646//2646 2618//2618
f 2647//2647 2619//2619 2618//2618
f 2647//2647 2618//2618 2646//2646
f 2647//2647 2620//2620 2619//2619
f 2621//2621 2641//2641 2612//2612
f 2621//2621 2648//2648 2641//2641
f 2644//2644 2649//2649 2643//2643
f 2643//2643 2649//2649 2645//2645
f 2645//2645 2649//2649 2650//2650
f 2650//2650 2652//2652 2651//2651
f 2650//2650 2651//2651 2622//2622
f 2645//2645 2650//2650 2622//2622
f 2615//2615 2645//2645 2622//2622
f 2622//2622 2651//2651 2653//2653
f 2654//2654 2622//2622 2653//2653
f 2623//2623 2622//2622 2654//2654
f 2617//2617 2623//2623 2646//2646
f 2623//2623 2655//2655 2646//2646
f 2623//2623 2654//2654 2655//2655
f 2646//2646 2655//2655 2647//2647
f 2647//2647 2655//2655 2656//2656
f 2656//2656 2658//2658 2657//2657
f 2656//2656 2657//2657 2624//2624
f 2647//2647 2656//2656 2624//2624
f 2620//2620 2647//2647 2624//2624
f 2657//2657 2625//2625 2624//2624
f 2626//2626 2648//2648 2621//2621
f 2626//2626 2659//2659 2648//2648
f 2652//2652 2660//2660 2651//2651
f 2651//2651 2660//2660 2653//2653
f 2658//2658 2661//2661 2657//2657
f 2661//2661 2663//2663 2662//2662
f 2661//2661 2662//2662 2627//2627
f 2657//2657 2661//2661 2627//2627
f 2625//2625 2657//2657 2627//2627
f 2662//2662 2628//2628 2627//2627
f 2629//2629 2659//2659 2626//2626
f 2629//2629 2664//2664 2659//2659
f 2663//2663 2665//2665 2662//2662
f 2628//2628 2662//2662 2665//2665
f 2666//2666 2628//2628 2665//2665
f 2630//2630 2628//2628 2666//2666
f 2631//2631 2664//2664 2629//2629
f 2631//2631 2667//2667 2664//2664
f 2666//2666 2632//2632 2630//2630
f 2668//2668 2632//2632 2666//2666
f 2636//2636 2669//2669 2635//2635
f 2670//2670 2637//2637 2635//2635
f 2670//2670 2635//2635 2669//2669
f 2670//2670 2639//2639 2637//2637
f 2672//2672 2671//2671 2669//2669
f 2636//2636 2672//2672 2669//2669
f 2641//2641 2672//2672 2636//2636
f 2669//2669 2671//2671 2670//2670
f 2670//2670 2671//2671 2673//2673
f 2673//2673 2675//2675 2674//2674
f 2673//2673 2674//2674 2642//2642
f 2670//2670 2673//2673 2642//2642
f 2639//2639 2670//2670 2642//2642
f 2674//2674 2644//2644 2642//2642
f 2648//2648 2672//2672 2641//2641
f 2648//2648 2676//2676 2672//2672
f 2675//2675 2677//2677 2674//2674
f 2677//2677 2679//2679 2678//2678
f 2677//2677 2678//2678 2649//2649
f 2674//2674 2677//2677 2649//2649
f 2644//2644 2674//2674 2649//2649
f 2680//2680 2650//2650 2649//2649
f 2680//2680 2649//2649 2678//2678
f 2680//2680 2652//2652 2650//2650
f 2653//2653 2681//2681 2654//2654
f 2682//2682 2655//2655 2654//2654
f 2682//2682 2654//2654 2681//2681
f 2683//2683 2656//2656 2655//2655
f 2683//2683 2655//2655 2682//2682
f 2683//2683 2658//2658 2656//2656
f 2659//2659 2676//2676 2648//2648
f 2659//2659 2684//2684 2676//2676
f 2679//2679 2685//2685 2678//2678
f 2678//2678 2685//2685 2680//2680
f 2680//2680 2685//2685 2686//2686
f 2680//2680 2686//2686 2652//2652
f 2686//2686 2660//2660 2652//2652
f 2686//2686 2687//2687 2660//2660
f 2653//2653 2660//2660 2681//2681
f 2660//2660 2688//2688 2681//2681
f 2660//2660 2687//2687 2688//2688
f 2681//2681 2688//2688 2682//2682
f 2682//2682 2688//2688 2689//2689
f 2682//2682 2689//2689 2683//2683
f 2683//2683 2689//2689 2690//2690
f 2683//2683 2690//2690 2658//2658
f 2690//2690 2661//2661 2658//2658
f 2690//2690 2691//2691 2661//2661
f 2663//2663 2661//2661 2691//2691
f 2663//2663 2691//2691 2692//2692
f 2664//2664 2684//2684 2659//2659
f 2664//2664 2693//2693 2684//2684
f 2692//2692 2694//2694 2663//2663
f 2663//2663 2694//2694 2665//2665
f 2666//2666 2665//2665 2694//2694
f 2666//2666 2694//2694 2695//2695
f 2667//2667 2693//2693 2664//2664
f 2667//2667 2696//2696 2693//2693
f 2695//2695 2668//2668 2666//2666
f 2697//2697 2668//2668 2695//2695
f 2699//2699 2698//2698 2671//2671
f 2699//2699 2671//2671 2672//2672
f 2698//2698 2701//2701 2700//2700
f 2673//2673 2698//2698 2700//2700
f 2671//2671 2698//2698 2673//2673
f 2700//2700 2675//2675 2673//2673
f 2676//2676 2699//2699 2672//2672
f 2676//2676 2702//2702 2699//2699
f 2701//2701 2703//2703 2700//2700
f 2700//2700 2703//2703 2675//2675
f 2703//2703 2677//2677 2675//2675
f 2703//2703 2704//2704 2677//2677
f 2679//2679 2677//2677 2704//2704
f 2679//2679 2704//2704 2705//2705
f 2684//2684 2702//2702 2676//2676
f 2684//2684 2706//2706 2702//2702
f 2705//2705 2707//2707 2679//2679
f 2679//2679 2707//2707 2685//2685
f 2685//2685 2708//2708 2686//2686
f 2707//2707 2708//2708 2685//2685
f 2686//2686 2709//2709 2687//2687
f 2708//2708 2709//2709 2686//2686
f 2687//2687 2710//2710 2688//2688
f 2709//2709 2710//2710 2687//2687
f 2688//2688 2711//2711 2689//2689
f 2710//2710 2711//2711 2688//2688
f 2689//2689 2712//2712 2690//2690
f 2711//2711 2712//2712 2689//2689
f 2690//2690 2713//2713 2691//2691
f 2712//2712 2713//2713 2690//2690
f 2692//2692 2691//2691 2713//2713
f 2692//2692 2713//2713 2714//2714
f 2717//2717 2716//2716 2715//2715
f 2716//2716 2706//2706 2715//2715
f 2706//2706 2693//2693 2715//2715
f 2706//2706 2684//2684 2693//2693
f 2714//2714 2718//2718 2692//2692
f 2692//2692 2718//2718 2694//2694
f 2695//2695 2694//2694 2718//2718
f 2695//2695 2718//2718 2719//2719
f 2717//2717 2715//2715 2720//2720
f 2717//2717 2720//2720 2721//2721
f 2696//2696 2720//2720 2693//2693
f 2693//2693 2720//2720 2715//2715
f 2719//2719 2697//2697 2695//2695
f 2722//2722 2697//2697 2719//2719
f 2724//2724 2723//2723 2698//2698
f 2724//2724 2698//2698 2699//2699
f 2701//2701 2698//2698 2723//2723
f 2701//2701 2723//2723 2725//2725
f 2728//2728 2727//2727 2726//2726
f 2727//2727 2724//2724 2726//2726
f 2724//2724 2702//2702 2726//2726
f 2724//2724 2699//2699 2702//2702
f 2725//2725 2729//2729 2701//2701
f 2701//2701 2729//2729 2703//2703
f 2729//2729 2731//2731 2730//2730
f 2704//2704 2729//2729 2730//2730
f 2703//2703 2729//2729 2704//2704
f 2730//2730 2705//2705 2704//2704
f 2728//2728 2726//2726 2732//2732
f 2728//2728 2732//2732 2733//2733
f 2706//2706 2732//2732 2702//2702
f 2702//2702 2732//2732 2726//2726
f 2731//2731 2734//2734 2730//2730
f 2730//2730 2734//2734 2705//2705
f 2734//2734 2707//2707 2705//2705
f 2734//2734 2735//2735 2707//2707
f 2707//2707 2736//2736 2708//2708
f 2735//2735 2736//2736 2707//2707
f 2708//2708 2737//2737 2709//2709
f 2736//2736 2737//2737 2708//2708
f 2709//2709 2738//2738 2710//2710
f 2737//2737 2738//2738 2709//2709
f 2710//2710 2739//2739 2711//2711
f 2738//2738 2739//2739 2710//2710
f 2711//2711 2740//2740 2712//2712
f 2739//2739 2740//2740 2711//2711
f 2712//2712 2741//2741 2713//2713
f 2740//2740 2741//2741 2712//2712
f 2714//2714 2713//2713 2741//2741
f 2714//2714 2741//2741 2742//2742
f 2733//2733 2732//2732 2716//2716
f 2717//2717 2733//2733 2716//2716
f 2743//2743 2733//2733 2717//2717
f 2716//2716 2732//2732 2706//2706
f 2742//2742 2744//2744 2714//2714
f 2714//2714 2744//2744 2718//2718
f 2719//2719 2718//2718 2744//2744
f 2719//2719 2744//2744 2745//2745
f 2721//2721 2743//2743 2717//2717
f 2721//2721 2746//2746 2743//2743
f 2745//2745 2722//2722 2719//2719
f 2747//2747 2722//2722 2745//2745
f 2724//2724 2748//2748 2723//2723
f 2748//2748 2725//2725 2723//2723
f 2750//2750 2749//2749 2727//2727
f 2750//2750 2727//2727 2728//2728
f 2724//2724 2727//2727 2748//2748
f 2727//2727 2751//2751 2748//2748
f 2727//2727 2749//2749 2751//2751
f 2748//2748 2751//2751 2725//2725
f 2751//2751 2729//2729 2725//2725
f 2751//2751 2752//2752 2729//2729
f 2731//2731 2729//2729 2752//2752
f 2731//2731 2752//2752 2753//2753
f 2733//2733 2750//2750 2728//2728
f 2733//2733 2754//2754 2750//2750
f 2753//2753 2755//2755 2731//2731
f 2731//2731 2755//2755 2734//2734
f 2734//2734 2756//2756 2735//2735
f 2755//2755 2756//2756 2734//2734
f 2735//2735 2757//2757 2736//2736
f 2756//2756 2757//2757 2735//2735
f 2736//2736 2758//2758 2737//2737
f 2757//2757 2758//2758 2736//2736
f 2737//2737 2759//2759 2738//2738
f 2758//2758 2759//2759 2737//2737
f 2738//2738 2760//2760 2739//2739
f 2759//2759 2760//2760 2738//2738
f 2739//2739 2761//2761 2740//2740
f 2760//2760 2761//2761 2739//2739
f 2740//2740 2762//2762 2741//2741
f 2761//2761 2762//2762 2740//2740
f 2742//2742 2741//2741 2762//2762
f 2742//2742 2762//2762 2763//2763
f 2743//2743 2754//2754 2733//2733
f 2743//2743 2764//2764 2754//2754
f 2763//2763 2765//2765 2742//2742
f 2742//2742 2765//2765 2744//2744
f 2745//2745 2744//2744 2765//2765
f 2745//2745 2765//2765 2766//2766
f 2746//2746 2764//2764 2743//2743
f 2746//2746 2767//2767 2764//2764
f 2766//2766 2747//2747 2745//2745
f 2768//2768 2747//2747 2766//2766
f 2770//2770 2769//2769 2749//2749
f 2770//2770 2749//2749 2750//2750
f 2749//2749 2771//2771 2751//2751
f 2769//2769 2771//2771 2749//2749
f 2771//2771 2773//2773 2772//2772
f 2752//2752 2771//2771 2772//2772
f 2751//2751 2771//2771 2752//2752
f 2772//2772 2753//2753 2752//2752
f 2754//2754 2770//2770 2750//2750
f 2754//2754 2774//2774 2770//2770
f 2773//2773 2775//2775 2772//2772
f 2772//2772 2775//2775 2753//2753
f 2775//2775 2755//2755 2753//2753
f 2775//2775 2776//2776 2755//2755
f 2755//2755 2777//2777 2756//2756
f 2776//2776 2777//2777 2755//2755
f 2756//2756 2778//2778 2757//2757
f 2777//2777 2778//2778 2756//2756
f 2757//2757 2779//2779 2758//2758
f 2778//2778 2779//2779 2757//2757
f 2758//2758 2780//2780 2759//2759
f 2779//2779 2780//2780 2758//2758
f 2759//2759 2781//2781 2760//2760
f 2780//2780 2781//2781 2759//2759
f 2760//2760 2782//2782 2761//2761
f 2781//2781 2782//2782 2760//2760
f 2761//2761 2783//2783 2762//2762
f 2782//2782 2783//2783 2761//2761
f 2763//2763 2762//2762 2783//2783
f 2763//2763 2783//2783 2784//2784
f 2764//2764 2774//2774 2754//2754
f 2764//2764 2785//2785 2774//2774
f 2784//2784 2786//2786 2763//2763
f 2763//2763 2786//2786 2765//2765
f 2766//2766 2765//2765 2786//2786
f 2766//2766 2786//2786 2787//2787
f 2767//2767 2785//2785 2764//2764
f 2767//2767 2788//2788 2785//2785
f 2787//2787 2768//2768 2766//2766
f 2789//2789 2768//2768 2787//2787
f 2770//2770 2790//2790 2769//2769
f 2769//2769 2790//2790 2791//2791
f 2792//2792 2769//2769 2791//2791
f 2771//2771 2769//2769 2792//2792
f 2773//2773 2771//2771 2792//2792
f 2773//2773 2792//2792 2793//2793
f 2795//2795 2794//2794 2790//2790
f 2770//2770 2795//2795 2790//2790
f 2774//2774 2795//2795 2770//2770
f 2790//2790 2794//2794 2791//2791
f 2793//2793 2796//2796 2773//2773
f 2773//2773 2796//2796 2775//2775
f 2775//2775 2797//2797 2776//2776
f 2796//2796 2797//2797 2775//2775
f 2776//2776 2798//2798 2777//2777
f 2797//2797 2798//2798 2776//2776
f 2777//2777 2799//2799 2778//2778
f 2798//2798 2799//2799 2777//2777
f 2778//2778 2800//2800 2779//2779
f 2799//2799 2800//2800 2778//2778
f 2779//2779 2801//2801 2780//2780
f 2800//2800 2801//2801 2779//2779
f 2780//2780 2802//2802 2781//2781
f 2801//2801 2802//2802 2780//2780
f 2781//2781 2803//2803 2782//2782
f 2802//2802 2803//2803 2781//2781
f 2782//2782 2804//2804 2783//2783
f 2803//2803 2804//2804 2782//2782
f 2784//2784 2783//2783 2804//2804
f 2784//2784 2804//2804 2805//2805
f 2785//2785 2795//2795 2774//2774
f 2785//2785 2806//2806 2795//2795
f 2805//2805 2807//2807 2784//2784
f 2784//2784 2807//2807 2786//2786
f 2787//2787 2786//2786 2807//2807
f 2787//2787 2807//2807 2808//2808
f 2788//2788 2806//2806 2785//2785
f 2788//2788 2809//2809 2806//2806
f 2808//2808 2789//2789 2787//2787
f 2810//2810 2789//2789 2808//2808
f 2791//2791 2811//2811 2792//2792
f 2811//2811 2793//2793 2792//2792
f 2813//2813 2812//2812 2794//2794
f 2813//2813 2794//2794 2795//2795
f 2791//2791 2794//2794 2811//2811
f 2794//2794 2814//2814 2811//2811
f 2794//2794 2812//2812 2814//2814
f 2811//2811 2814//2814 2793//2793
f 2814//2814 2796//2796 2793//2793
f 2814//2814 2815//2815 2796//2796
f 2796//2796 2816//2816 2797//2797
f 2815//2815 2816//2816 2796//2796
f 2797//2797 2817//2817 2798//2798
f 2816//2816 2817//2817 2797//2797
f 2798//2798 2818//2818 2799//2799
f 2817//2817 2818//2818 2798//2798
f 2799//2799 2819//2819 2800//2800
f 2818//2818 2819//2819 2799//2799
f 2800//2800 2820//2820 2801//2801
f 2819//2819 2820//2820 2800//2800
f 2801//2801 2821//2821 2802//2802
f 2820//2820 2821//2821 2801//2801
f 2802//2802 2822//2822 2803//2803
f 2821//2821 2822//2822 2802//2802
f 2803//2803 2823//2823 2804//2804
f 2822//2822 2823//2823 2803//2803
f 2805//2805 2804//2804 2823//2823
f 2805//2805 2823//2823 2824//2824
f 2806//2806 2813//2813 2795//2795
f 2806//2806 2825//2825 2813//2813
f 2824//2824 2826//2826 2805//2805
f 2805//2805 2826//2826 2807//2807
f 2808//2808 2807//2807 2826//2826
f 2808//2808 2826//2826 2827//2827
f 2809//2809 2825//2825 2806//2806
f 2809//2809 2828//2828 2825//2825
f 2827//2827 2810//2810 2808//2808
f 2829//2829 2810//2810 2827//2827
f 2831//2831 2830//2830 2812//2812
f 2831//2831 2812//2812 2813//2813
f 2812//2812 2832//2832 2814//2814
f 2830//2830 2832//2832 2812//2812
f 2814//2814 2833//2833 2815//2815
f 2832//2832 2833//2833 2814//2814
f 2815//2815 2834//2834 2816//2816
f 2833//2833 2834//2834 2815//2815
f 2816//2816 2835//2835 2817//2817
f 2834//2834 2835//2835 2816//2816
f 2817//2817 2836//2836 2818//2818
f 2835//2835 2836//2836 2817//2817
f 2818//2818 2837//2837 2819//2819
f 2836//2836 2837//2837 2818//2818
f 2819//2819 2838//2838 2820//2820
f 2837//2837 2838//2838 2819//2819
f 2820//2820 2839//2839 2821//2821
f 2838//2838 2839//2839 2820//2820
f 2821//2821 2840//2840 2822//2822
f 2839//2839 2840//2840 2821//2821
f 2822//2822 2841//2841 2823//2823
f 2840//2840 2841//2841 2822//2822
f 2824//2824 2823//2823 2841//2841
f 2824//2824 2841//2841 2842//2842
f 2825//2825 2831//2831 2813//2813
f 2825//2825 2843//2843 2831//2831
f 2842//2842 2844//2844 2824//2824
f 2824//2824 2844//2844 2826//2826
f 2827//2827 2826//2826 2844//2844
f 2827//2827 2844//2844 2845//2845
f 2828//2828 2843//2843 2825//2825
f 2828//2828 2846//2846 2843//2843
f 2845//2845 2829//2829 2827//2827
f 2847//2847 2829//2829 2845//2845
f 2849//2849 2848//2848 2830//2830
f 2849//2849 2830//2830 2831//2831
f 2830//2830 2850//2850 2832//2832
f 2848//2848 2850//2850 2830//2830
f 2832//2832 2851//2851 2833//2833
f 2850//2850 2851//2851 2832//2832
f 2833//2833 2852//2852 2834//2834
f 2851//2851 2852//2852 2833//2833
f 2834//2834 2853//2853 2835//2835
f 2852//2852 2853//2853 2834//2834
f 2835//2835 2854//2854 2836//2836
f 2853//2853 2854//2854 2835//2835
f 2836//2836 2855//2855 2837//2837
f 2854//2854 2855//2855 2836//2836
f 2837//2837 2856//2856 2838//2838
f 2855//2855 2856//2856 2837//2837
f 2838//2838 2857//2857 2839//2839
f 2856//2856 2857//2857 2838//2838
f 2839//2839 2858//2858 2840//2840
f 2857//2857 2858//2858 2839//2839
f 2840//2840 2859//2859 2841//2841
f 2858//2858 2859//2859 2840//2840
f 2842//2842 2841//2841 2859//2859
f 2842//2842 2859//2859 2860//2860
f 2843//2843 2849//2849 2831//2831
f 2843//2843 2861//2861 2849//2849
f 2860//2860 2862//2862 2842//2842
f 2842//2842 2862//2862 2844//2844
f 2845//2845 2844//2844 2862//2862
f 2845//2845 2862//2862 2863//2863
f 2866//2866 2865//2865 2864//2864
f 2865//2865 2861//2861 2864//2864
f 2861//2861 2846//2846 2864//2864
f 2861//2861 2843//2843 2846//2846
f 2863//2863 2847//2847 2845//2845
f 2867//2867 2847//2847 2863//2863
f 2869//2869 2868//2868 2848//2848
f 2869//2869 2848//2848 2849//2849
f 2848//2848 2870//2870 2850//2850
f 2868//2868 2870//2870 2848//2848
f 2850//2850 2871//2871 2851//2851
f 2870//2870 2871//2871 2850//2850
f 2851//2851 2872//2872 2852//2852
f 2871//2871 2872//2872 2851//2851
f 2852//2852 2873//2873 2853//2853
f 2872//2872 2873//2873 2852//2852
f 2853//2853 2874//2874 2854//2854
f 2873//2873 2874//2874 2853//2853
f 2854//2854 2875//2875 2855//2855
f 2874//2874 2875//2875 2854//2854
f 2855//2855 2876//2876 2856//2856
f 2875//2875 2876//2876 2855//2855
f 2856//2856 2877//2877 2857//2857
f 2876//2876 2877//2877 2856//2856
f 2857//2857 2878//2878 2858//2858
f 2877//2877 2878//2878 2857//2857
f 2858//2858 2879//2879 2859//2859
f 2878//2878 2879//2879 2858//2858
f 2860//2860 2859//2859 2879//2879
f 2860//2860 2879//2879 2880//2880
f 2883//2883 2882//2882 2881//2881
f 2882//2882 2869//2869 2881//2881
f 2869//2869 2861//2861 2881//2881
f 2869//2869 2849//2849 2861//2861
f 2862//2862 2860//2860 2884//2884
f 2860//2860 2885//2885 2884//2884
f 2860//2860 2880//2880 2885//2885
f 2884//2884 2863//2863 2862//2862
f 2883//2883 2881//2881 2865//2865
f 2866//2866 2883//2883 2865//2865
f 2886//2886 2883//2883 2866//2866
f 2865//2865 2881//2881 2861//2861
f 2885//2885 2887//2887 2884//2884
f 2863//2863 2884//2884 2887//2887
f 2888//2888 2863//2863 2887//2887
f 2867//2867 2863//2863 2888//2888
f 2891//2891 2890//2890 2889//2889
f 2893//2893 2892//2892 2889//2889
f 2893//2893 2889//2889 2890//2890
f 2895//2895 2894//2894 2892//2892
f 2895//2895 2892//2892 2893//2893
f 2897//2897 2896//2896 2894//2894
f 2897//2897 2894//2894 2895//2895
f 2899//2899 2898//2898 2896//2896
f 2899//2899 2896//2896 2897//2897
f 2901//2901 2900//2900 2898//2898
f 2901//2901 2898//2898 2899//2899
f 2903//2903 2902//2902 2900//2900
f 2903//2903 2900//2900 2901//2901
f 2904//2904 2902//2902 2903//2903
f 2907//2907 2906//2906 2905//2905
f 2905//2905 2906//2906 2891//2891
f 2889//2889 2905//2905 2891//2891
f 2908//2908 2905//2905 2889//2889
f 2909//2909 2889//2889 2892//2892
f 2908//2908 2889//2889 2909//2909
f 2910//2910 2892//2892 2894//2894
f 2909//2909 2892//2892 2910//2910
f 2911//2911 2894//2894 2896//2896
f 2910//2910 2894//2894 2911//2911
f 2912//2912 2896//2896 2898//2898
f 2911//2911 2896//2896 2912//2912
f 2913//2913 2898//2898 2900//2900
f 2912//2912 2898//2898 2913//2913
f 2914//2914 2900//2900 2902//2902
f 2913//2913 2900//2900 2914//2914
f 2902//2902 2904//2904 2915//2915
f 2902//2902 2915//2915 2914//2914
f 2916//2916 2907//2907 2905//2905
f 2918//2918 2917//2917 2916//2916
f 2905//2905 2918//2918 2916//2916
f 2908//2908 2918//2918 2905//2905
f 2919//2919 2908//2908 2909//2909
f 2918//2918 2908//2908 2919//2919
f 2920//2920 2909//2909 2910//2910
f 2919//2919 2909//2909 2920//2920
f 2921//2921 2910//2910 2911//2911
f 2920//2920 2910//2910 2921//2921
f 2922//2922 2911//2911 2912//2912
f 2921//2921 2911//2911 2922//2922
f 2923//2923 2912//2912 2913//2913
f 2922//2922 2912//2912 2923//2923
f 2914//2914 2925//2925 2924//2924
f 2923//2923 2914//2914 2924//2924
f 2913//2913 2914//2914 2923//2923
f 2925//2925 2914//2914 2915//2915
f 2917//2917 2918//2918 2926//2926
f 2917//2917 2926//2926 2927//2927
f 2928//2928 2918//2918 2919//2919
f 2926//2926 2918//2918 2928//2928
f 2929//2929 2919//2919 2920//2920
f 2928//2928 2919//2919 2929//2929
f 2930//2930 2920//2920 2921//2921
f 2929//2929 2920//2920 2930//2930
f 2931//2931 2921//2921 2922//2922
f 2930//2930 2921//2921 2931//2931
f 2932//2932 2922//2922 2923//2923
f 2931//2931 2922//2922 2932//2932
f 2923//2923 2924//2924 2933//2933
f 2923//2923 2933//2933 2932//2932
f 2934//2934 2927//2927 2926//2926
f 2936//2936 2935//2935 2934//2934
f 2926//2926 2936//2936 2934//2934
f 2928//2928 2936//2936 2926//2926
f 2937//2937 2928//2928 2929//2929
f 2936//2936 2928//2928 2937//2937
f 2938//2938 2929//2929 2930//2930
f 2937//2937 2929//2929 2938//2938
f 2939//2939 2930//2930 2931//2931
f 2938//2938 2930//2930 2939//2939
f 2932//2932 2941//2941 2940//2940
f 2939//2939 2932//2932 2940//2940
f 2931//2931 2932//2932 2939//2939
f 2941//2941 2932//2932 2933//2933
f 2942//2942 2935//2935 2936//2936
f 2942//2942 2936//2936 2937//2937
f 2942//2942 2937//2937 2943//2943
f 2943//2943 2937//2937 2938//2938
f 2943//2943 2938//2938 2944//2944
f 2944//2944 2938//2938 2939//2939
f 2944//2944 2939//2939 2945//2945
f 2945//2945 2939//2939 2940//2940
f 2869//2869 2946//2946 2868//2868
f 2868//2868 2946//2946 2947//2947
f 2948//2948 2868//2868 2947//2947
f 2870//2870 2868//2868 2948//2948
f 2870//2870 2949//2949 2871//2871
f 2948//2948 2949//2949 2870//2870
f 2871//2871 2950//2950 2872//2872
f 2949//2949 2950//2950 2871//2871
f 2872//2872 2951//2951 2873//2873
f 2950//2950 2951//2951 2872//2872
f 2873//2873 2952//2952 2874//2874
f 2951//2951 2952//2952 2873//2873
f 2874//2874 2953//2953 2875//2875
f 2952//2952 2953//2953 2874//2874
f 2875//2875 2954//2954 2876//2876
f 2953//2953 2954//2954 2875//2875
f 2876//2876 2955//2955 2877//2877
f 2954//2954 2955//2955 2876//2876
f 2877//2877 2956//2956 2878//2878
f 2955//2955 2956//2956 2877//2877
f 2878//2878 2957//2957 2879//2879
f 2956//2956 2957//2957 2878//2878
f 2880//2880 2879//2879 2957//2957
f 2880//2880 2957//2957 2958//2958
f 2960//2960 2959//2959 2882//2882
f 2960//2960 2882//2882 2883//2883
f 2869//2869 2882//2882 2946//2946
f 2882//2882 2961//2961 2946//2946
f 2882//2882 2959//2959 2961//2961
f 2946//2946 2961//2961 2947//2947
f 2958//2958 2885//2885 2880//2880
f 2962//2962 2885//2885 2958//2958
f 2886//2886 2960//2960 2883//2883
f 2886//2886 2963//2963 2960//2960
f 2887//2887 2885//2885 2964//2964
f 2885//2885 2965//2965 2964//2964
f 2885//2885 2962//2962 2965//2965
f 2964//2964 2888//2888 2887//2887
f 2968//2968 2967//2967 2966//2966
f 2970//2970 2969//2969 2966//2966
f 2970//2970 2966//2966 2967//2967
f 2890//2890 2891//2891 2969//2969
f 2970//2970 2890//2890 2969//2969
f 2971//2971 2890//2890 2970//2970
f 2890//2890 2972//2972 2893//2893
f 2971//2971 2972//2972 2890//2890
f 2893//2893 2973//2973 2895//2895
f 2972//2972 2973//2973 2893//2893
f 2895//2895 2974//2974 2897//2897
f 2973//2973 2974//2974 2895//2895
f 2897//2897 2975//2975 2899//2899
f 2974//2974 2975//2975 2897//2897
f 2899//2899 2976//2976 2901//2901
f 2975//2975 2976//2976 2899//2899
f 2901//2901 2977//2977 2903//2903
f 2976//2976 2977//2977 2901//2901
f 2979//2979 2978//2978 2904//2904
f 2903//2903 2979//2979 2904//2904
f 2977//2977 2979//2979 2903//2903
f 2980//2980 2978//2978 2979//2979
f 2983//2983 2982//2982 2981//2981
f 2981//2981 2982//2982 2968//2968
f 2966//2966 2981//2981 2968//2968
f 2984//2984 2981//2981 2966//2966
f 2907//2907 2984//2984 2906//2906
f 2984//2984 2969//2969 2906//2906
f 2984//2984 2966//2966 2969//2969
f 2906//2906 2969//2969 2891//2891
f 2985//2985 2915//2915 2978//2978
f 2978//2978 2915//2915 2904//2904
f 2978//2978 2980//2980 2986//2986
f 2978//2978 2986//2986 2985//2985
f 2987//2987 2983//2983 2981//2981
f 2989//2989 2988//2988 2987//2987
f 2981//2981 2989//2989 2987//2987
f 2984//2984 2989//2989 2981//2981
f 2916//2916 2990//2990 2907//2907
f 2990//2990 2984//2984 2907//2907
f 2990//2990 2989//2989 2984//2984
f 2917//2917 2990//2990 2916//2916
f 2991//2991 2924//2924 2925//2925
f 2915//2915 2985//2985 2925//2925
f 2985//2985 2991//2991 2925//2925
f 2985//2985 2992//2992 2991//2991
f 2985//2985 2986//2986 2993//2993
f 2985//2985 2993//2993 2992//2992
f 2988//2988 2989//2989 2994//2994
f 2988//2988 2994//2994 2995//2995
f 2996//2996 2989//2989 2990//2990
f 2994//2994 2989//2989 2996//2996
f 2927//2927 2996//2996 2917//2917
f 2917//2917 2996//2996 2990//2990
f 2997//2997 2933//2933 2991//2991
f 2991//2991 2933//2933 2924//2924
f 2998//2998 2991//2991 2992//2992
f 2997//2997 2991//2991 2998//2998
f 2992//2992 2993//2993 2999//2999
f 2992//2992 2999//2999 2998//2998
f 2995//2995 2994//2994 3000//3000
f 2995//2995 3000//3000 3001//3001
f 3002//3002 2994//2994 2996//2996
f 3000//3000 2994//2994 3002//3002
f 2934//2934 3003//3003 2927//2927
f 3003//3003 2996//2996 2927//2927
f 3003//3003 3002//3002 2996//2996
f 2935//2935 3003//3003 2934//2934
f 3004//3004 2940//2940 2941//2941
f 2933//2933 2997//2997 2941//2941
f 2997//2997 3004//3004 2941//2941
f 2997//2997 3005//3005 3004//3004
f 2998//2998 3007//3007 3006//3006
f 3005//3005 2998//2998 3006//3006
f 2997//2997 2998//2998 3005//3005
f 3007//3007 2998//2998 2999//2999
f 3008//3008 3001//3001 3000//3000
f 3010//3010 3009//3009 3008//3008
f 3000//3000 3010//3010 3008//3008
f 3002//3002 3010//3010 3000//3000
f 3011//3011 3002//3002 3003//3003
f 3010//3010 3002//3002 3011//3011
f 2942//2942 3012//3012 2935//2935
f 3012//3012 3003//3003 2935//2935
f 3012//3012 3011//3011 3003//3003
f 2943//2943 3013//3013 2942//2942
f 2942//2942 3013//3013 3012//3012
f 2944//2944 3014//3014 2943//2943
f 2943//2943 3014//3014 3013//3013
f 2945//2945 3015//3015 2944//2944
f 2944//2944 3015//3015 3014//3014
f 2940//2940 3004//3004 2945//2945
f 3004//3004 3015//3015 2945//2945
f 3004//3004 3016//3016 3015//3015
f 3017//3017 3004//3004 3005//3005
f 3016//3016 3004//3004 3017//3017
f 3005//3005 3006//3006 3018//3018
f 3005//3005 3018//3018 3017//3017
f 3019//3019 3009//3009 3010//3010
f 3021//3021 3020//3020 3019//3019
f 3010//3010 3021//3021 3019//3019
f 3011//3011 3021//3021 3010//3010
f 3022//3022 3011//3011 3012//3012
f 3021//3021 3011//3011 3022//3022
f 3023//3023 3012//3012 3013//3013
f 3022//3022 3012//3012 3023//3023
f 3024//3024 3013//3013 3014//3014
f 3023//3023 3013//3013 3024//3024
f 3025//3025 3014//3014 3015//3015
f 3024//3024 3014//3014 3025//3025
f 3026//3026 3015//3015 3016//3016
f 3025//3025 3015//3015 3026//3026
f 3017//3017 3028//3028 3027//3027
f 3026//3026 3017//3017 3027//3027
f 3016//3016 3017//3017 3026//3026
f 3028//3028 3017//3017 3018//3018
f 3029//3029 3020//3020 3021//3021
f 3031//3031 3030//3030 3029//3029
f 3021//3021 3031//3031 3029//3029
f 3022//3022 3031//3031 3021//3021
f 3032//3032 3022//3022 3023//3023
f 3031//3031 3022//3022 3032//3032
f 3024//3024 3034//3034 3033//3033
f 3032//3032 3024//3024 3033//3033
f 3023//3023 3024//3024 3032//3032
f 3034//3034 3024//3024 3025//3025
f 3034//3034 3025//3025 3035//3035
f 3035//3035 3025//3025 3026//3026
f 3035//3035 3026//3026 3036//3036
f 3036//3036 3026//3026 3027//3027
f 3037//3037 3030//3030 3031//3031
f 3037//3037 3031//3031 3032//3032
f 3037//3037 3032//3032 3038//3038
f 3038//3038 3032//3032 3033//3033
f 3041//3041 3040//3040 3039//3039
f 2948//2948 2947//2947 3039//3039
f 3040//3040 2948//2948 3039//3039
f 3042//3042 2948//2948 3040//3040
f 2948//2948 3043//3043 2949//2949
f 3042//3042 3043//3043 2948//2948
f 2949//2949 3044//3044 2950//2950
f 3043//3043 3044//3044 2949//2949
f 2950//2950 3045//3045 2951//2951
f 3044//3044 3045//3045 2950//2950
f 2951//2951 3046//3046 2952//2952
f 3045//3045 3046//3046 2951//2951
f 2952//2952 3047//3047 2953//2953
f 3046//3046 3047//3047 2952//2952
f 2953//2953 3048//3048 2954//2954
f 3047//3047 3048//3048 2953//2953
f 2954//2954 3049//3049 2955//2955
f 3048//3048 3049//3049 2954//2954
f 2955//2955 3050//3050 2956//2956
f 3049//3049 3050//3050 2955//2955
f 3050//3050 3052//3052 3051//3051
f 2957//2957 3050//3050 3051//3051
f 2956//2956 3050//3050 2957//2957
f 3051//3051 2958//2958 2957//2957
f 3054//3054 3053//3053 2959//2959
f 3054//3054 2959//2959 2960//2960
f 3039//3039 2961//2961 3041//3041
f 2961//2961 3053//3053 3041//3041
f 2961//2961 2959//2959 3053//3053
f 2961//2961 3039//3039 2947//2947
f 3052//3052 3055//3055 3051//3051
f 2958//2958 3051//3051 3055//3055
f 3056//3056 2958//2958 3055//3055
f 2962//2962 2958//2958 3056//3056
f 2963//2963 3054//3054 2960//2960
f 2963//2963 3057//3057 3054//3054
f 3056//3056 2965//2965 2962//2962
f 3058//3058 2965//2965 3056//3056
f 3061//3061 3060//3060 3059//3059
f 3063//3063 3062//3062 3059//3059
f 3063//3063 3059//3059 3060//3060
f 2967//2967 2968//2968 3062//3062
f 3063//3063 2967//2967 3062//3062
f 3064//3064 2967//2967 3063//3063
f 2967//2967 3065//3065 2970//2970
f 3064//3064 3065//3065 2967//2967
f 2970//2970 3066//3066 2971//2971
f 3065//3065 3066//3066 2970//2970
f 2971//2971 3067//3067 2972//2972
f 3066//3066 3067//3067 2971//2971
f 2972//2972 3068//3068 2973//2973
f 3067//3067 3068//3068 2972//2972
f 2973//2973 3069//3069 2974//2974
f 3068//3068 3069//3069 2973//2973
f 2974//2974 3070//3070 2975//2975
f 3069//3069 3070//3070 2974//2974
f 2975//2975 3071//3071 2976//2976
f 3070//3070 3071//3071 2975//2975
f 2976//2976 3072//3072 2977//2977
f 3071//3071 3072//3072 2976//2976
f 2977//2977 3073//3073 2979//2979
f 3072//3072 3073//3073 2977//2977
f 3075//3075 3074//3074 2980//2980
f 2979//2979 3075//3075 2980//2980
f 3073//3073 3075//3075 2979//2979
f 3076//3076 3074//3074 3075//3075
f 3061//3061 3059//3059 3077//3077
f 3061//3061 3077//3077 3078//3078
f 2983//2983 3077//3077 2982//2982
f 3077//3077 3062//3062 2982//2982
f 3077//3077 3059//3059 3062//3062
f 2982//2982 3062//3062 2968//2968
f 3079//3079 2986//2986 3074//3074
f 3074//3074 2986//2986 2980//2980
f 3074//3074 3076//3076 3080//3080
f 3074//3074 3080//3080 3079//3079
f 3078//3078 3077//3077 3081//3081
f 3078//3078 3081//3081 3082//3082
f 2987//2987 3083//3083 2983//2983
f 3083//3083 3077//3077 2983//2983
f 3083//3083 3081//3081 3077//3077
f 2988//2988 3083//3083 2987//2987
f 3084//3084 2993//2993 3079//3079
f 3079//3079 2993//2993 2986//2986
f 3079//3079 3080//3080 3085//3085
f 3079//3079 3085//3085 3084//3084
f 3086//3086 3082//3082 3081//3081
f 3088//3088 3087//3087 3086//3086
f 3081//3081 3088//3088 3086//3086
f 3083//3083 3088//3088 3081//3081
f 2995//2995 3088//3088 2988//2988
f 2988//2988 3088//3088 3083//3083
f 3089//3089 2999//2999 3084//3084
f 3084//3084 2999//2999 2993//2993
f 3084//3084 3085//3085 3090//3090
f 3084//3084 3090//3090 3089//3089
f 3087//3087 3088//3088 3091//3091
f 3087//3087 3091//3091 3092//3092
f 3001//3001 3091//3091 2995//2995
f 2995//2995 3091//3091 3088//3088
f 3093//3093 3006//3006 3007//3007
f 2999//2999 3089//3089 3007//3007
f 3089//3089 3093//3093 3007//3007
f 3089//3089 3094//3094 3093//3093
f 3089//3089 3090//3090 3095//3095
f 3089//3089 3095//3095 3094//3094
f 3096//3096 3092//3092 3091//3091
f 3098//3098 3096//3096 3097//3097
f 3097//3097 3096//3096 3008//3008
f 3096//3096 3091//3091 3008//3008
f 3091//3091 3001//3001 3008//3008
f 3009//3009 3097//3097 3008//3008
f 3099//3099 3018//3018 3093//3093
f 3093//3093 3018//3018 3006//3006
f 3094//3094 3101//3101 3100//3100
f 3099//3099 3094//3094 3100//3100
f 3093//3093 3094//3094 3099//3099
f 3101//3101 3094//3094 3095//3095
f 3098//3098 3097//3097 3102//3102
f 3098//3098 3102//3102 3103//3103
f 3019//3019 3104//3104 3009//3009
f 3104//3104 3097//3097 3009//3009
f 3104//3104 3102//3102 3097//3097
f 3020//3020 3104//3104 3019//3019
f 3105//3105 3027//3027 3028//3028
f 3106//3106 3105//3105 3028//3028
f 3106//3106 3028//3028 3018//3018
f 3107//3107 3106//3106 3018//3018
f 3099//3099 3107//3107 3018//3018
f 3107//3107 3099//3099 3100//3100
f 3108//3108 3103//3103 3102//3102
f 3110//3110 3109//3109 3108//3108
f 3102//3102 3110//3110 3108//3108
f 3104//3104 3110//3110 3102//3102
f 3029//3029 3111//3111 3020//3020
f 3111//3111 3104//3104 3020//3020
f 3111//3111 3110//3110 3104//3104
f 3030//3030 3111//3111 3029//3029
f 3112//3112 3033//3033 3034//3034
f 3035//3035 3113//3113 3034//3034
f 3034//3034 3113//3113 3112//3112
f 3036//3036 3114//3114 3035//3035
f 3035//3035 3114//3114 3113//3113
f 3027//3027 3105//3105 3036//3036
f 3105//3105 3114//3114 3036//3036
f 3105//3105 3115//3115 3114//3114
f 3105//3105 3106//3106 3116//3116
f 3105//3105 3116//3116 3115//3115
f 3117//3117 3109//3109 3110//3110
f 3119//3119 3118//3118 3117//3117
f 3110//3110 3119//3119 3117//3117
f 3111//3111 3119//3119 3110//3110
f 3037//3037 3120//3120 3030//3030
f 3120//3120 3111//3111 3030//3030
f 3120//3120 3119//3119 3111//3111
f 3038//3038 3121//3121 3037//3037
f 3037//3037 3121//3121 3120//3120
f 3033//3033 3112//3112 3038//3038
f 3112//3112 3121//3121 3038//3038
f 3112//3112 3122//3122 3121//3121
f 3123//3123 3112//3112 3113//3113
f 3122//3122 3112//3112 3123//3123
f 3114//3114 3125//3125 3124//3124
f 3123//3123 3114//3114 3124//3124
f 3113//3113 3114//3114 3123//3123
f 3125//3125 3114//3114 3115//3115
f 3125//3125 3115//3115 3126//3126
f 3126//3126 3115//3115 3116//3116
f 3127//3127 3118//3118 3119//3119
f 3127//3127 3119//3119 3120//3120
f 3127//3127 3120//3120 3128//3128
f 3128//3128 3120//3120 3121//3121
f 3128//3128 3121//3121 3129//3129
f 3129//3129 3121//3121 3122//3122
f 3129//3129 3122//3122 3130//3130
f 3130//3130 3122//3122 3123//3123
f 3130//3130 3123//3123 3131//3131
f 3131//3131 3123//3123 3124//3124
f 3133//3133 3132//3132 3040//3040
f 3133//3133 3040//3040 3041//3041
f 3040//3040 3134//3134 3042//3042
f 3132//3132 3134//3134 3040//3040
f 3042//3042 3135//3135 3043//3043
f 3134//3134 3135//3135 3042//3042
f 3043//3043 3136//3136 3044//3044
f 3135//3135 3136//3136 3043//3043
f 3044//3044 3137//3137 3045//3045
f 3136//3136 3137//3137 3044//3044
f 3045//3045 3138//3138 3046//3046
f 3137//3137 3138//3138 3045//3045
f 3046//3046 3139//3139 3047//3047
f 3138//3138 3139//3139 3046//3046
f 3047//3047 3140//3140 3048//3048
f 3139//3139 3140//3140 3047//3047
f 3048//3048 3141//3141 3049//3049
f 3140//3140 3141//3141 3048//3048
f 3049//3049 3142//3142 3050//3050
f 3141//3141 3142//3142 3049//3049
f 3052//3052 3050//3050 3142//3142
f 3052//3052 3142//3142 3143//3143
f 3145//3145 3144//3144 3053//3053
f 3145//3145 3053//3053 3054//3054
f 3041//3041 3053//3053 3133//3133
f 3133//3133 3053//3053 3144//3144
f 3143//3143 3146//3146 3052//3052
f 3052//3052 3146//3146 3055//3055
f 3056//3056 3055//3055 3146//3146
f 3056//3056 3146//3146 3147//3147
f 3057//3057 3145//3145 3054//3054
f 3057//3057 3148//3148 3145//3145
f 3147//3147 3058//3058 3056//3056
f 3149//3149 3058//3058 3147//3147
f 3151//3151 3150//3150 3060//3060
f 3151//3151 3060//3060 3061//3061
f 3060//3060 3152//3152 3063//3063
f 3150//3150 3152//3152 3060//3060
f 3063//3063 3153//3153 3064//3064
f 3152//3152 3153//3153 3063//3063
f 3064//3064 3154//3154 3065//3065
f 3153//3153 3154//3154 3064//3064
f 3065//3065 3155//3155 3066//3066
f 3154//3154 3155//3155 3065//3065
f 3066//3066 3156//3156 3067//3067
f 3155//3155 3156//3156 3066//3066
f 3067//3067 3157//3157 3068//3068
f 3156//3156 3157//3157 3067//3067
f 3068//3068 3158//3158 3069//3069
f 3157//3157 3158//3158 3068//3068
f 3069//3069 3159//3159 3070//3070
f 3158//3158 3159//3159 3069//3069
f 3070//3070 3160//3160 3071//3071
f 3159//3159 3160//3160 3070//3070
f 3071//3071 3161//3161 3072//3072
f 3160//3160 3161//3161 3071//3071
f 3072//3072 3162//3162 3073//3073
f 3161//3161 3162//3162 3072//3072
f 3073//3073 3163//3163 3075//3075
f 3162//3162 3163//3163 3073//3073
f 3165//3165 3164//3164 3076//3076
f 3075//3075 3165//3165 3076//3076
f 3163//3163 3165//3165 3075//3075
f 3166//3166 3164//3164 3165//3165
f 3078//3078 3151//3151 3061//3061
f 3078//3078 3167//3167 3151//3151
f 3168//3168 3080//3080 3164//3164
f 3164//3164 3080//3080 3076//3076
f 3164//3164 3166//3166 3169//3169
f 3164//3164 3169//3169 3168//3168
f 3082//3082 3167//3167 3078//3078
f 3082//3082 3170//3170 3167//3167
f 3171//3171 3085//3085 3168//3168
f 3168//3168 3085//3085 3080//3080
f 3168//3168 3169//3169 3172//3172
f 3168//3168 3172//3172 3171//3171
f 3082//3082 3086//3086 3173//3173
f 3174//3174 3082//3082 3173//3173
f 3170//3170 3082//3082 3174//3174
f 3087//3087 3173//3173 3086//3086
f 3175//3175 3090//3090 3171//3171
f 3171//3171 3090//3090 3085//3085
f 3171//3171 3172//3172 3176//3176
f 3171//3171 3176//3176 3175//3175
f 3174//3174 3173//3173 3177//3177
f 3174//3174 3177//3177 3178//3178
f 3092//3092 3177//3177 3087//3087
f 3087//3087 3177//3177 3173//3173
f 3179//3179 3095//3095 3175//3175
f 3175//3175 3095//3095 3090//3090
f 3175//3175 3176//3176 3180//3180
f 3175//3175 3180//3180 3179//3179
f 3178//3178 3177//3177 3181//3181
f 3178//3178 3181//3181 3182//3182
f 3096//3096 3183//3183 3092//3092
f 3183//3183 3177//3177 3092//3092
f 3183//3183 3181//3181 3177//3177
f 3098//3098 3183//3183 3096//3096
f 3184//3184 3100//3100 3101//3101
f 3185//3185 3184//3184 3101//3101
f 3185//3185 3101//3101 3095//3095
f 3186//3186 3185//3185 3095//3095
f 3179//3179 3186//3186 3095//3095
f 3186//3186 3179//3179 3180//3180
f 3187//3187 3182//3182 3181//3181
f 3189//3189 3188//3188 3187//3187
f 3181//3181 3189//3189 3187//3187
f 3183//3183 3189//3189 3181//3181
f 3103//3103 3189//3189 3098//3098
f 3098//3098 3189//3189 3183//3183
f 3190//3190 3106//3106 3107//3107
f 3100//3100 3184//3184 3107//3107
f 3184//3184 3190//3190 3107//3107
f 3184//3184 3191//3191 3190//3190
f 3184//3184 3185//3185 3192//3192
f 3184//3184 3192//3192 3191//3191
f 3193//3193 3188//3188 3189//3189
f 3195//3195 3193//3193 3194//3194
f 3194//3194 3193//3193 3108//3108
f 3193//3193 3189//3189 3108//3108
f 3189//3189 3103//3103 3108//3108
f 3109//3109 3194//3194 3108//3108
f 3196//3196 3116//3116 3190//3190
f 3190//3190 3116//3116 3106//3106
f 3191//3191 3198//3198 3197//3197
f 3196//3196 3191//3191 3197//3197
f 3190//3190 3191//3191 3196//3196
f 3198//3198 3191//3191 3192//3192
f 3195//3195 3194//3194 3199//3199
f 3195//3195 3199//3199 3200//3200
f 3117//3117 3201//3201 3109//3109
f 3201//3201 3194//3194 3109//3109
f 3201//3201 3199//3199 3194//3194
f 3118//3118 3201//3201 3117//3117
f 3202//3202 3124//3124 3125//3125
f 3126//3126 3203//3203 3125//3125
f 3125//3125 3203//3203 3202//3202
f 3204//3204 3203//3203 3126//3126
f 3204//3204 3126//3126 3116//3116
f 3205//3205 3204//3204 3116//3116
f 3196//3196 3205//3205 3116//3116
f 3205//3205 3196//3196 3197//3197
f 3206//3206 3200//3200 3199//3199
f 3208//3208 3207//3207 3206//3206
f 3199//3199 3208//3208 3206//3206
f 3201//3201 3208//3208 3199//3199
f 3127//3127 3209//3209 3118//3118
f 3209//3209 3201//3201 3118//3118
f 3209//3209 3208//3208 3201//3201
f 3128//3128 3210//3210 3127//3127
f 3127//3127 3210//3210 3209//3209
f 3129//3129 3211//3211 3128//3128
f 3128//3128 3211//3211 3210//3210
f 3130//3130 3212//3212 3129//3129
f 3129//3129 3212//3212 3211//3211
f 3131//3131 3213//3213 3130//3130
f 3130//3130 3213//3213 3212//3212
f 3124//3124 3202//3202 3131//3131
f 3202//3202 3213//3213 3131//3131
f 3202//3202 3214//3214 3213//3213
f 3203//3203 3216//3216 3215//3215
f 3214//3214 3203//3203 3215//3215
f 3202//3202 3203//3203 3214//3214
f 3216//3216 3203//3203 3204//3204
f 3217//3217 3207//3207 3208//3208
f 3217//3217 3208//3208 3209//3209
f 3217//3217 3209//3209 3218//3218
f 3220//3220 3219//3219 3218//3218
f 3209//3209 3220//3220 3218//3218
f 3210//3210 3220//3220 3209//3209
f 3221//3221 3210//3210 3211//3211
f 3220//3220 3210//3210 3221//3221
f 3222//3222 3211//3211 3212//3212
f 3221//3221 3211//3211 3222//3222
f 3213//3213 3224//3224 3223//3223
f 3222//3222 3213//3213 3223//3223
f 3212//3212 3213//3213 3222//3222
f 3224//3224 3213//3213 3214//3214
f 3224//3224 3214//3214 3225//3225
f 3225//3225 3214//3214 3215//3215
f 3226//3226 3219//3219 3220//3220
f 3226//3226 3220//3220 3221//3221
f 3226//3226 3221//3221 3227//3227
f 3227//3227 3221//3221 3222//3222
f 3227//3227 3222//3222 3228//3228
f 3228//3228 3222//3222 3223//3223
f 3133//3133 3229//3229 3132//3132
f 3132//3132 3229//3229 3230//3230
f 3231//3231 3132//3132 3230//3230
f 3134//3134 3132//3132 3231//3231
f 3134//3134 3232//3232 3135//3135
f 3231//3231 3232//3232 3134//3134
f 3135//3135 3233//3233 3136//3136
f 3232//3232 3233//3233 3135//3135
f 3136//3136 3234//3234 3137//3137
f 3233//3233 3234//3234 3136//3136
f 3137//3137 3235//3235 3138//3138
f 3234//3234 3235//3235 3137//3137
f 3138//3138 3236//3236 3139//3139
f 3235//3235 3236//3236 3138//3138
f 3139//3139 3237//3237 3140//3140
f 3236//3236 3237//3237 3139//3139
f 3140//3140 3238//3238 3141//3141
f 3237//3237 3238//3238 3140//3140
f 3238//3238 3240//3240 3239//3239
f 3142//3142 3238//3238 3239//3239
f 3141//3141 3238//3238 3142//3142
f 3239//3239 3143//3143 3142//3142
f 3243//3243 3242//3242 3241//3241
f 3144//3144 3145//3145 3241//3241
f 3242//3242 3144//3144 3241//3241
f 3244//3244 3144//3144 3242//3242
f 3133//3133 3144//3144 3229//3229
f 3144//3144 3245//3245 3229//3229
f 3144//3144 3244//3244 3245//3245
f 3229//3229 3245//3245 3230//3230
f 3240//3240 3246//3246 3239//3239
f 3246//3246 3248//3248 3247//3247
f 3246//3246 3247//3247 3146//3146
f 3239//3239 3246//3246 3146//3146
f 3143//3143 3239//3239 3146//3146
f 3247//3247 3147//3147 3146//3146
f 3243//3243 3241//3241 3249//3249
f 3243//3243 3249//3249 3250//3250
f 3148//3148 3249//3249 3145//3145
f 3145//3145 3249//3249 3241//3241
f 3248//3248 3251//3251 3247//3247
f 3147//3147 3247//3247 3251//3251
f 3252//3252 3147//3147 3251//3251
f 3149//3149 3147//3147 3252//3252
f 3255//3255 3254//3254 3253//3253
f 3257//3257 3256//3256 3253//3253
f 3257//3257 3253//3253 3254//3254
f 3259//3259 3258//3258 3256//3256
f 3259//3259 3256//3256 3257//3257
f 3261//3261 3260//3260 3258//3258
f 3261//3261 3258//3258 3259//3259
f 3263//3263 3262//3262 3260//3260
f 3263//3263 3260//3260 3261//3261
f 3265//3265 3264//3264 3262//3262
f 3265//3265 3262//3262 3263//3263
f 3267//3267 3266//3266 3264//3264
f 3267//3267 3264//3264 3265//3265
f 3269//3269 3268//3268 3266//3266
f 3269//3269 3266//3266 3267//3267
f 3271//3271 3270//3270 3268//3268
f 3271//3271 3268//3268 3269//3269
f 3273//3273 3272//3272 3270//3270
f 3273//3273 3270//3270 3271//3271
f 3275//3275 3274//3274 3272//3272
f 3275//3275 3272//3272 3273//3273
f 3277//3277 3276//3276 3274//3274
f 3277//3277 3274//3274 3275//3275
f 3278//3278 3276//3276 3277//3277
f 3255//3255 3253//3253 3279//3279
f 3255//3255 3279//3279 3280//3280
f 3281//3281 3253//3253 3256//3256
f 3279//3279 3253//3253 3281//3281
f 3282//3282 3256//3256 3258//3258
f 3281//3281 3256//3256 3282//3282
f 3283//3283 3258//3258 3260//3260
f 3282//3282 3258//3258 3283//3283
f 3284//3284 3260//3260 3262//3262
f 3283//3283 3260//3260 3284//3284
f 3285//3285 3262//3262 3264//3264
f 3284//3284 3262//3262 3285//3285
f 3286//3286 3264//3264 3266//3266
f 3285//3285 3264//3264 3286//3286
f 3287//3287 3266//3266 3268//3268
f 3286//3286 3266//3266 3287//3287
f 3288//3288 3268//3268 3270//3270
f 3287//3287 3268//3268 3288//3288
f 3289//3289 3270//3270 3272//3272
f 3288//3288 3270//3270 3289//3289
f 3290//3290 3272//3272 3274//3274
f 3289//3289 3272//3272 3290//3290
f 3291//3291 3274//3274 3276//3276
f 3290//3290 3274//3274 3291//3291
f 3276//3276 3278//3278 3292//3292
f 3276//3276 3292//3292 3291//3291
f 3280//3280 3279//3279 3293//3293
f 3280//3280 3293//3293 3294//3294
f 3295//3295 3279//3279 3281//3281
f 3293//3293 3279//3279 3295//3295
f 3296//3296 3281//3281 3282//3282
f 3295//3295 3281//3281 3296//3296
f 3297//3297 3282//3282 3283//3283
f 3296//3296 3282//3282 3297//3297
f 3298//3298 3283//3283 3284//3284
f 3297//3297 3283//3283 3298//3298
f 3299//3299 3284//3284 3285//3285
f 3298//3298 3284//3284 3299//3299
f 3300//3300 3285//3285 3286//3286
f 3299//3299 3285//3285 3300//3300
f 3301//3301 3286//3286 3287//3287
f 3300//3300 3286//3286 3301//3301
f 3302//3302 3287//3287 3288//3288
f 3301//3301 3287//3287 3302//3302
f 3303//3303 3288//3288 3289//3289
f 3302//3302 3288//3288 3303//3303
f 3304//3304 3289//3289 3290//3290
f 3303//3303 3289//3289 3304//3304
f 3305//3305 3290//3290 3291//3291
f 3304//3304 3290//3290 3305//3305
f 3291//3291 3292//3292 3306//3306
f 3291//3291 3306//3306 3305//3305
f 3294//3294 3293//3293 3307//3307
f 3294//3294 3307//3307 3308//3308
f 3309//3309 3293//3293 3295//3295
f 3307//3307 3293//3293 3309//3309
f 3310//3310 3295//3295 3296//3296
f 3309//3309 3295//3295 3310//3310
f 3311//3311 3296//3296 3297//3297
f 3310//3310 3296//3296 3311//3311
f 3312//3312 3297//3297 3298//3298
f 3311//3311 3297//3297 3312//3312
f 3313//3313 3298//3298 3299//3299
f 3312//3312 3298//3298 3313//3313
f 3314//3314 3299//3299 3300//3300
f 3313//3313 3299//3299 3314//3314
f 3315//3315 3300//3300 3301//3301
f 3314//3314 3300//3300 3315//3315
f 3316//3316 3301//3301 3302//3302
f 3315//3315 3301//3301 3316//3316
f 3317//3317 3302//3302 3303//3303
f 3316//3316 3302//3302 3317//3317
f 3318//3318 3303//3303 3304//3304
f 3317//3317 3303//3303 3318//3318
f 3319//3319 3304//3304 3305//3305
f 3318//3318 3304//3304 3319//3319
f 3305//3305 3306//3306 3320//3320
f 3305//3305 3320//3320 3319//3319
f 3308//3308 3307//3307 3321//3321
f 3308//3308 3321//3321 3322//3322
f 3323//3323 3307//3307 3309//3309
f 3321//3321 3307//3307 3323//3323
f 3324//3324 3309//3309 3310//3310
f 3323//3323 3309//3309 3324//3324
f 3325//3325 3310//3310 3311//3311
f 3324//3324 3310//3310 3325//3325
f 3326//3326 3311//3311 3312//3312
f 3325//3325 3311//3311 3326//3326
f 3327//3327 3312//3312 3313//3313
f 3326//3326 3312//3312 3327//3327
f 3328//3328 3313//3313 3314//3314
f 3327//3327 3313//3313 3328//3328
f 3329//3329 3314//3314 3315//3315
f 3328//3328 3314//3314 3329//3329
f 3330//3330 3315//3315 3316//3316
f 3329//3329 3315//3315 3330//3330
f 3331//3331 3316//3316 3317//3317
f 3330//3330 3316//3316 3331//3331
f 3332//3332 3317//3317 3318//3318
f 3331//3331 3317//3317 3332//3332
f 3333//3333 3318//3318 3319//3319
f 3332//3332 3318//3318 3333//3333
f 3319//3319 3320//3320 3334//3334
f 3319//3319 3334//3334 3333//3333
f 3322//3322 3321//3321 3335//3335
f 3322//3322 3335//3335 3336//3336
f 3337//3337 3321//3321 3323//3323
f 3335//3335 3321//3321 3337//3337
f 3338//3338 3323//3323 3324//3324
f 3337//3337 3323//3323 3338//3338
f 3339//3339 3324//3324 3325//3325
f 3338//3338 3324//3324 3339//3339
f 3340//3340 3325//3325 3326//3326
f 3339//3339 3325//3325 3340//3340
f 3341//3341 3326//3326 3327//3327
f 3340//3340 3326//3326 3341//3341
f 3342//3342 3327//3327 3328//3328
f 3341//3341 3327//3327 3342//3342
f 3343//3343 3328//3328 3329//3329
f 3342//3342 3328//3328 3343//3343
f 3344//3344 3329//3329 3330//3330
f 3343//3343 3329//3329 3344//3344
f 3345//3345 3330//3330 3331//3331
f 3344//3344 3330//3330 3345//3345
f 3346//3346 3331//3331 3332//3332
f 3345//3345 3331//3331 3346//3346
f 3347//3347 3332//3332 3333//3333
f 3346//3346 3332//3332 3347//3347
f 3333//3333 3334//3334 3348//3348
f 3333//3333 3348//3348 3347//3347
f 3336//3336 3335//3335 3349//3349
f 3336//3336 3349//3349 3350//3350
f 3351//3351 3335//3335 3337//3337
f 3349//3349 3335//3335 3351//3351
f 3352//3352 3337//3337 3338//3338
f 3351//3351 3337//3337 3352//3352
f 3353//3353 3338//3338 3339//3339
f 3352//3352 3338//3338 3353//3353
f 3354//3354 3339//3339 3340//3340
f 3353//3353 3339//3339 3354//3354
f 3355//3355 3340//3340 3341//3341
f 3354//3354 3340//3340 3355//3355
f 3356//3356 3341//3341 3342//3342
f 3355//3355 3341//3341 3356//3356
f 3357//3357 3342//3342 3343//3343
f 3356//3356 3342//3342 3357//3357
f 3358//3358 3343//3343 3344//3344
f 3357//3357 3343//3343 3358//3358
f 3359//3359 3344//3344 3345//3345
f 3358//3358 3344//3344 3359//3359
f 3360//3360 3345//3345 3346//3346
f 3359//3359 3345//3345 3360//3360
f 3361//3361 3346//3346 3347//3347
f 3360//3360 3346//3346 3361//3361
f 3347//3347 3348//3348 3362//3362
f 3347//3347 3362//3362 3361//3361
f 3350//3350 3349//3349 3363//3363
f 3350//3350 3363//3363 3364//3364
f 3365//3365 3349//3349 3351//3351
f 3363//3363 3349//3349 3365//3365
f 3366//3366 3351//3351 3352//3352
f 3365//3365 3351//3351 3366//3366
f 3367//3367 3352//3352 3353//3353
f 3366//3366 3352//3352 3367//3367
f 3368//3368 3353//3353 3354//3354
f 3367//3367 3353//3353 3368//3368
f 3369//3369 3354//3354 3355//3355
f 3368//3368 3354//3354 3369//3369
f 3370//3370 3355//3355 3356//3356
f 3369//3369 3355//3355 3370//3370
f 3371//3371 3356//3356 3357//3357
f 3370//3370 3356//3356 3371//3371
f 3372//3372 3357//3357 3358//3358
f 3371//3371 3357//3357 3372//3372
f 3373//3373 3358//3358 3359//3359
f 3372//3372 3358//3358 3373//3373
f 3374//3374 3359//3359 3360//3360
f 3373//3373 3359//3359 3374//3374
f 3375//3375 3360//3360 3361//3361
f 3374//3374 3360//3360 3375//3375
f 3361//3361 3362//3362 3376//3376
f 3361//3361 3376//3376 3375//3375
f 3364//3364 3363//3363 3377//3377
f 3364//3364 3377//3377 3378//3378
f 3379//3379 3363//3363 3365//3365
f 3377//3377 3363//3363 3379//3379
f 3380//3380 3365//3365 3366//3366
f 3379//3379 3365//3365 3380//3380
f 3381//3381 3366//3366 3367//3367
f 3380//3380 3366//3366 3381//3381
f 3382//3382 3367//3367 3368//3368
f 3381//3381 3367//3367 3382//3382
f 3383//3383 3368//3368 3369//3369
f 3382//3382 3368//3368 3383//3383
f 3384//3384 3369//3369 3370//3370
f 3383//3383 3369//3369 3384//3384
f 3385//3385 3370//3370 3371//3371
f 3384//3384 3370//3370 3385//3385
f 3386//3386 3371//3371 3372//3372
f 3385//3385 3371//3371 3386//3386
f 3387//3387 3372//3372 3373//3373
f 3386//3386 3372//3372 3387//3387
f 3388//3388 3373//3373 3374//3374
f 3387//3387 3373//3373 3388//3388
f 3389//3389 3374//3374 3375//3375
f 3388//3388 3374//3374 3389//3389
f 3375//3375 3376//3376 3390//3390
f 3375//3375 3390//3390 3389//3389
f 3378//3378 3377//3377 3150//3150
f 3151//3151 3378//3378 3150//3150
f 3391//3391 3378//3378 3151//3151
f 3150//3150 3377//3377 3152//3152
f 3152//3152 3377//3377 3379//3379
f 3152//3152 3379//3379 3153//3153
f 3153//3153 3379//3379 3380//3380
f 3153//3153 3380//3380 3154//3154
f 3154//3154 3380//3380 3381//3381
f 3154//3154 3381//3381 3155//3155
f 3155//3155 3381//3381 3382//3382
f 3155//3155 3382//3382 3156//3156
f 3156//3156 3382//3382 3383//3383
f 3156//3156 3383//3383 3157//3157
f 3157//3157 3383//3383 3384//3384
f 3157//3157 3384//3384 3158//3158
f 3158//3158 3384//3384 3385//3385
f 3158//3158 3385//3385 3159//3159
f 3159//3159 3385//3385 3386//3386
f 3159//3159 3386//3386 3160//3160
f 3160//3160 3386//3386 3387//3387
f 3160//3160 3387//3387 3161//3161
f 3161//3161 3387//3387 3388//3388
f 3161//3161 3388//3388 3162//3162
f 3162//3162 3388//3388 3389//3389
f 3390//3390 3392//3392 3389//3389
f 3392//3392 3162//3162 3389//3389
f 3392//3392 3163//3163 3162//3162
f 3163//3163 3393//3393 3165//3165
f 3392//3392 3393//3393 3163//3163
f 3395//3395 3394//3394 3166//3166
f 3165//3165 3395//3395 3166//3166
f 3393//3393 3395//3395 3165//3165
f 3396//3396 3394//3394 3395//3395
f 3167//3167 3391//3391 3151//3151
f 3167//3167 3397//3397 3391//3391
f 3398//3398 3169//3169 3394//3394
f 3394//3394 3169//3169 3166//3166
f 3394//3394 3396//3396 3399//3399
f 3394//3394 3399//3399 3398//3398
f 3170//3170 3397//3397 3167//3167
f 3170//3170 3400//3400 3397//3397
f 3401//3401 3172//3172 3398//3398
f 3398//3398 3172//3172 3169//3169
f 3398//3398 3399//3399 3402//3402
f 3398//3398 3402//3402 3401//3401
f 3174//3174 3400//3400 3170//3170
f 3174//3174 3403//3403 3400//3400
f 3404//3404 3176//3176 3401//3401
f 3401//3401 3176//3176 3172//3172
f 3401//3401 3402//3402 3405//3405
f 3401//3401 3405//3405 3404//3404
f 3178//3178 3403//3403 3174//3174
f 3178//3178 3406//3406 3403//3403
f 3408//3408 3407//3407 3404//3404
f 3407//3407 3176//3176 3404//3404
f 3407//3407 3180//3180 3176//3176
f 3408//3408 3404//3404 3405//3405
f 3182//3182 3406//3406 3178//3178
f 3182//3182 3409//3409 3406//3406
f 3410//3410 3185//3185 3186//3186
f 3411//3411 3410//3410 3186//3186
f 3180//3180 3411//3411 3186//3186
f 3407//3407 3411//3411 3180//3180
f 3412//3412 3409//3409 3182//3182
f 3412//3412 3182//3182 3187//3187
f 3187//3187 3188//3188 3412//3412
f 3412//3412 3188//3188 3413//3413
f 3415//3415 3414//3414 3410//3410
f 3414//3414 3185//3185 3410//3410
f 3414//3414 3192//3192 3185//3185
f 3415//3415 3410//3410 3411//3411
f 3188//3188 3193//3193 3416//3416
f 3417//3417 3188//3188 3416//3416
f 3413//3413 3188//3188 3417//3417
f 3195//3195 3416//3416 3193//3193
f 3418//3418 3197//3197 3198//3198
f 3419//3419 3418//3418 3198//3198
f 3192//3192 3419//3419 3198//3198
f 3414//3414 3419//3419 3192//3192
f 3417//3417 3416//3416 3420//3420
f 3417//3417 3420//3420 3421//3421
f 3200//3200 3420//3420 3195//3195
f 3195//3195 3420//3420 3416//3416
f 3422//3422 3204//3204 3205//3205
f 3423//3423 3422//3422 3205//3205
f 3423//3423 3205//3205 3197//3197
f 3424//3424 3423//3423 3197//3197
f 3418//3418 3424//3424 3197//3197
f 3424//3424 3418//3418 3419//3419
f 3425//3425 3421//3421 3420//3420
f 3427//3427 3425//3425 3426//3426
f 3426//3426 3425//3425 3206//3206
f 3425//3425 3420//3420 3206//3206
f 3420//3420 3200//3200 3206//3206
f 3207//3207 3426//3426 3206//3206
f 3428//3428 3215//3215 3216//3216
f 3204//3204 3422//3422 3216//3216
f 3422//3422 3428//3428 3216//3216
f 3422//3422 3429//3429 3428//3428
f 3422//3422 3423//3423 3430//3430
f 3422//3422 3430//3430 3429//3429
f 3431//3431 3427//3427 3426//3426
f 3433//3433 3431//3431 3432//3432
f 3432//3432 3431//3431 3217//3217
f 3431//3431 3426//3426 3217//3217
f 3426//3426 3207//3207 3217//3217
f 3218//3218 3434//3434 3217//3217
f 3217//3217 3434//3434 3432//3432
f 3219//3219 3434//3434 3218//3218
f 3435//3435 3223//3223 3224//3224
f 3225//3225 3436//3436 3224//3224
f 3224//3224 3436//3436 3435//3435
f 3437//3437 3436//3436 3225//3225
f 3437//3437 3225//3225 3215//3215
f 3438//3438 3437//3437 3215//3215
f 3428//3428 3438//3438 3215//3215
f 3438//3438 3428//3428 3429//3429
f 3438//3438 3429//3429 3439//3439
f 3439//3439 3429//3429 3430//3430
f 3440//3440 3433//3433 3432//3432
f 3442//3442 3441//3441 3440//3440
f 3432//3432 3442//3442 3440//3440
f 3434//3434 3442//3442 3432//3432
f 3226//3226 3443//3443 3219//3219
f 3443//3443 3434//3434 3219//3219
f 3443//3443 3442//3442 3434//3434
f 3227//3227 3444//3444 3226//3226
f 3226//3226 3444//3444 3443//3443
f 3228//3228 3445//3445 3227//3227
f 3227//3227 3445//3445 3444//3444
f 3223//3223 3435//3435 3228//3228
f 3435//3435 3445//3445 3228//3228
f 3435//3435 3446//3446 3445//3445
f 3436//3436 3448//3448 3447//3447
f 3446//3446 3436//3436 3447//3447
f 3435//3435 3436//3436 3446//3446
f 3448//3448 3436//3436 3437//3437
f 3449//3449 3441//3441 3442//3442
f 3449//3449 3442//3442 3443//3443
f 3449//3449 3443//3443 3450//3450
f 3450//3450 3443//3443 3444//3444
f 3450//3450 3444//3444 3451//3451
f 3451//3451 3444//3444 3445//3445
f 3451//3451 3445//3445 3452//3452
f 3452//3452 3445//3445 3446//3446
f 3452//3452 3446//3446 3453//3453
f 3453//3453 3446//3446 3447//3447
f 3456//3456 3455//3455 3454//3454
f 3458//3458 3457//3457 3454//3454
f 3458//3458 3454//3454 3455//3455
f 3460//3460 3459//3459 3457//3457
f 3460//3460 3457//3457 3458//3458
f 3461//3461 3459//3459 3460//3460
f 3463//3463 3462//3462 3231//3231
f 3463//3463 3231//3231 3230//3230
f 3454//3454 3232//3232 3456//3456
f 3232//3232 3462//3462 3456//3456
f 3232//3232 3231//3231 3462//3462
f 3232//3232 3454//3454 3233//3233
f 3233//3233 3454//3454 3457//3457
f 3233//3233 3457//3457 3234//3234
f 3234//3234 3457//3457 3459//3459
f 3461//3461 3464//3464 3459//3459
f 3464//3464 3234//3234 3459//3459
f 3464//3464 3235//3235 3234//3234
f 3235//3235 3465//3465 3236//3236
f 3464//3464 3465//3465 3235//3235
f 3236//3236 3466//3466 3237//3237
f 3465//3465 3466//3466 3236//3236
f 3237//3237 3467//3467 3238//3238
f 3466//3466 3467//3467 3237//3237
f 3240//3240 3238//3238 3467//3467
f 3240//3240 3467//3467 3468//3468
f 3470//3470 3469//3469 3242//3242
f 3470//3470 3242//3242 3243//3243
f 3242//3242 3471//3471 3244//3244
f 3469//3469 3471//3471 3242//3242
f 3244//3244 3472//3472 3245//3245
f 3471//3471 3472//3472 3244//3244
f 3230//3230 3245//3245 3463//3463
f 3463//3463 3245//3245 3472//3472
f 3468//3468 3473//3473 3240//3240
f 3240//3240 3473//3473 3246//3246
f 3248//3248 3246//3246 3473//3473
f 3248//3248 3473//3473 3474//3474
f 3250//3250 3470//3470 3243//3243
f 3250//3250 3475//3475 3470//3470
f 3474//3474 3476//3476 3248//3248
f 3248//3248 3476//3476 3251//3251
f 3252//3252 3251//3251 3476//3476
f 3252//3252 3476//3476 3477//3477
f 3479//3479 3478//3478 3254//3254
f 3479//3479 3254//3254 3255//3255
f 3254//3254 3480//3480 3257//3257
f 3478//3478 3480//3480 3254//3254
f 3257//3257 3481//3481 3259//3259
f 3480//3480 3481//3481 3257//3257
f 3259//3259 3482//3482 3261//3261
f 3481//3481 3482//3482 3259//3259
f 3261//3261 3483//3483 3263//3263
f 3482//3482 3483//3483 3261//3261
f 3263//3263 3484//3484 3265//3265
f 3483//3483 3484//3484 3263//3263
f 3265//3265 3485//3485 3267//3267
f 3484//3484 3485//3485 3265//3265
f 3267//3267 3486//3486 3269//3269
f 3485//3485 3486//3486 3267//3267
f 3269//3269 3487//3487 3271//3271
f 3486//3486 3487//3487 3269//3269
f 3271//3271 3488//3488 3273//3273
f 3487//3487 3488//3488 3271//3271
f 3273//3273 3489//3489 3275//3275
f 3488//3488 3489//3489 3273//3273
f 3275//3275 3490//3490 3277//3277
f 3489//3489 3490//3490 3275//3275
f 3278//3278 3277//3277 3490//3490
f 3278//3278 3490//3490 3491//3491
f 3280//3280 3479//3479 3255//3255
f 3280//3280 3492//3492 3479//3479
f 3491//3491 3292//3292 3278//3278
f 3493//3493 3292//3292 3491//3491
f 3294//3294 3492//3492 3280//3280
f 3294//3294 3494//3494 3492//3492
f 3493//3493 3306//3306 3292//3292
f 3495//3495 3306//3306 3493//3493
f 3308//3308 3494//3494 3294//3294
f 3308//3308 3496//3496 3494//3494
f 3495//3495 3320//3320 3306//3306
f 3497//3497 3320//3320 3495//3495
f 3322//3322 3496//3496 3308//3308
f 3322//3322 3498//3498 3496//3496
f 3497//3497 3334//3334 3320//3320
f 3499//3499 3334//3334 3497//3497
f 3336//3336 3498//3498 3322//3322
f 3336//3336 3500//3500 3498//3498
f 3499//3499 3348//3348 3334//3334
f 3501//3501 3348//3348 3499//3499
f 3350//3350 3500//3500 3336//3336
f 3350//3350 3502//3502 3500//3500
f 3501//3501 3362//3362 3348//3348
f 3503//3503 3362//3362 3501//3501
f 3364//3364 3502//3502 3350//3350
f 3364//3364 3504//3504 3502//3502
f 3503//3503 3376//3376 3362//3362
f 3505//3505 3376//3376 3503//3503
f 3378//3378 3504//3504 3364//3364
f 3378//3378 3506//3506 3504//3504
f 3505//3505 3390//3390 3376//3376
f 3507//3507 3390//3390 3505//3505
f 3391//3391 3506//3506 3378//3378
f 3391//3391 3508//3508 3506//3506
f 3507//3507 3509//3509 3390//3390
f 3390//3390 3509//3509 3392//3392
f 3392//3392 3510//3510 3393//3393
f 3509//3509 3510//3510 3392//3392
f 3393//3393 3511//3511 3395//3395
f 3510//3510 3511//3511 3393//3393
f 3396//3396 3395//3395 3511//3511
f 3396//3396 3511//3511 3512//3512
f 3397//3397 3508//3508 3391//3391
f 3397//3397 3513//3513 3508//3508
f 3512//3512 3399//3399 3396//3396
f 3514//3514 3399//3399 3512//3512
f 3400//3400 3513//3513 3397//3397
f 3400//3400 3515//3515 3513//3513
f 3514//3514 3402//3402 3399//3399
f 3516//3516 3402//3402 3514//3514
f 3403//3403 3515//3515 3400//3400
f 3403//3403 3517//3517 3515//3515
f 3516//3516 3405//3405 3402//3402
f 3518//3518 3405//3405 3516//3516
f 3406//3406 3517//3517 3403//3403
f 3406//3406 3519//3519 3517//3517
f 3520//3520 3407//3407 3408//3408
f 3521//3521 3520//3520 3408//3408
f 3405//3405 3521//3521 3408//3408
f 3518//3518 3521//3521 3405//3405
f 3409//3409 3523//3523 3522//3522
f 3519//3519 3409//3409 3522//3522
f 3406//3406 3409//3409 3519//3519
f 3523//3523 3524//3524 3522//3522
f 3526//3526 3525//3525 3520//3520
f 3525//3525 3407//3407 3520//3520
f 3525//3525 3411//3411 3407//3407
f 3526//3526 3520//3520 3521//3521
f 3412//3412 3523//3523 3409//3409
f 3412//3412 3413//3413 3523//3523
f 3413//3413 3524//3524 3523//3523
f 3413//3413 3527//3527 3524//3524
f 3528//3528 3414//3414 3415//3415
f 3529//3529 3528//3528 3415//3415
f 3411//3411 3529//3529 3415//3415
f 3525//3525 3529//3529 3411//3411
f 3417//3417 3527//3527 3413//3413
f 3417//3417 3530//3530 3527//3527
f 3531//3531 3419//3419 3528//3528
f 3528//3528 3419//3419 3414//3414
f 3528//3528 3529//3529 3532//3532
f 3528//3528 3532//3532 3531//3531
f 3421//3421 3530//3530 3417//3417
f 3421//3421 3533//3533 3530//3530
f 3534//3534 3423//3423 3424//3424
f 3535//3535 3534//3534 3424//3424
f 3535//3535 3424//3424 3419//3419
f 3536//3536 3535//3535 3419//3419
f 3531//3531 3536//3536 3419//3419
f 3536//3536 3531//3531 3532//3532
f 3421//3421 3425//3425 3537//3537
f 3538//3538 3421//3421 3537//3537
f 3533//3533 3421//3421 3538//3538
f 3427//3427 3537//3537 3425//3425
f 3539//3539 3430//3430 3534//3534
f 3534//3534 3430//3430 3423//3423
f 3534//3534 3535//3535 3540//3540
f 3534//3534 3540//3540 3539//3539
f 3538//3538 3537//3537 3541//3541
f 3538//3538 3541//3541 3542//3542
f 3431//3431 3543//3543 3427//3427
f 3543//3543 3537//3537 3427//3427
f 3543//3543 3541//3541 3537//3537
f 3433//3433 3543//3543 3431//3431
f 3544//3544 3437//3437 3438//3438
f 3439//3439 3545//3545 3438//3438
f 3438//3438 3545//3545 3544//3544
f 3546//3546 3545//3545 3439//3439
f 3546//3546 3439//3439 3430//3430
f 3547//3547 3546//3546 3430//3430
f 3539//3539 3547//3547 3430//3430
f 3547//3547 3539//3539 3540//3540
f 3548//3548 3542//3542 3541//3541
f 3550//3550 3549//3549 3548//3548
f 3541//3541 3550//3550 3548//3548
f 3543//3543 3550//3550 3541//3541
f 3440//3440 3551//3551 3433//3433
f 3551//3551 3543//3543 3433//3433
f 3551//3551 3550//3550 3543//3543
f 3441//3441 3551//3551 3440//3440
f 3552//3552 3447//3447 3448//3448
f 3437//3437 3544//3544 3448//3448
f 3544//3544 3552//3552 3448//3448
f 3544//3544 3553//3553 3552//3552
f 3545//3545 3555//3555 3554//3554
f 3553//3553 3545//3545 3554//3554
f 3544//3544 3545//3545 3553//3553
f 3555//3555 3545//3545 3546//3546
f 3556//3556 3549//3549 3550//3550
f 3558//3558 3557//3557 3556//3556
f 3550//3550 3558//3558 3556//3556
f 3551//3551 3558//3558 3550//3550
f 3449//3449 3559//3559 3441//3441
f 3559//3559 3551//3551 3441//3441
f 3559//3559 3558//3558 3551//3551
f 3450//3450 3560//3560 3449//3449
f 3449//3449 3560//3560 3559//3559
f 3451//3451 3561//3561 3450//3450
f 3450//3450 3561//3561 3560//3560
f 3452//3452 3562//3562 3451//3451
f 3451//3451 3562//3562 3561//3561
f 3453//3453 3563//3563 3452//3452
f 3452//3452 3563//3563 3562//3562
f 3447//3447 3552//3552 3453//3453
f 3552//3552 3563//3563 3453//3453
f 3552//3552 3564//3564 3563//3563
f 3553//3553 3566//3566 3565//3565
f 3564//3564 3553//3553 3565//3565
f 3552//3552 3553//3553 3564//3564
f 3566//3566 3553//3553 3554//3554
f 3567//3567 3557//3557 3558//3558
f 3569//3569 3568//3568 3567//3567
f 3558//3558 3569//3569 3567//3567
f 3559//3559 3569//3569 3558//3558
f 3570//3570 3559//3559 3560//3560
f 3569//3569 3559//3559 3570//3570
f 3571//3571 3560//3560 3561//3561
f 3570//3570 3560//3560 3571//3571
f 3572//3572 3561//3561 3562//3562
f 3571//3571 3561//3561 3572//3572
f 3563//3563 3574//3574 3573//3573
f 3572//3572 3563//3563 3573//3573
f 3562//3562 3563//3563 3572//3572
f 3574//3574 3563//3563 3564//3564
f 3574//3574 3564//3564 3575//3575
f 3575//3575 3564//3564 3565//3565
f 3576//3576 3568//3568 3569//3569
f 3576//3576 3569//3569 3570//3570
f 3576//3576 3570//3570 3577//3577
f 3577//3577 3570//3570 3571//3571
f 3577//3577 3571//3571 3578//3578
f 3578//3578 3571//3571 3572//3572
f 3578//3578 3572//3572 3579//3579
f 3579//3579 3572//3572 3573//3573
f 3581//3581 3580//3580 3455//3455
f 3581//3581 3455//3455 3456//3456
f 3455//3455 3582//3582 3458//3458
f 3580//3580 3582//3582 3455//3455
f 3458//3458 3583//3583 3460//3460
f 3582//3582 3583//3583 3458//3458
f 3585//3585 3584//3584 3461//3461
f 3460//3460 3585//3585 3461//3461
f 3583//3583 3585//3585 3460//3460
f 3587//3587 3586//3586 3584//3584
f 3587//3587 3584//3584 3585//3585
f 3588//3588 3586//3586 3587//3587
f 3590//3590 3589//3589 3462//3462
f 3590//3590 3462//3462 3463//3463
f 3456//3456 3462//3462 3581//3581
f 3581//3581 3462//3462 3589//3589
f 3584//3584 3464//3464 3461//3461
f 3464//3464 3584//3584 3465//3465
f 3465//3465 3584//3584 3586//3586
f 3588//3588 3591//3591 3586//3586
f 3591//3591 3465//3465 3586//3586
f 3591//3591 3466//3466 3465//3465
f 3466//3466 3592//3592 3467//3467
f 3591//3591 3592//3592 3466//3466
f 3468//3468 3467//3467 3592//3592
f 3468//3468 3592//3592 3593//3593
f 3595//3595 3594//3594 3469//3469
f 3595//3595 3469//3469 3470//3470
f 3469//3469 3596//3596 3471//3471
f 3594//3594 3596//3596 3469//3469
f 3471//3471 3597//3597 3472//3472
f 3596//3596 3597//3597 3471//3471
f 3463//3463 3472//3472 3590//3590
f 3590//3590 3472//3472 3597//3597
f 3593//3593 3598//3598 3468//3468
f 3468//3468 3598//3598 3473//3473
f 3474//3474 3473//3473 3598//3598
f 3474//3474 3598//3598 3599//3599
f 3475//3475 3595//3595 3470//3470
f 3475//3475 3600//3600 3595//3595
f 3599//3599 3601//3601 3474//3474
f 3474//3474 3601//3601 3476//3476
f 3603//3603 3602//3602 3477//3477
f 3476//3476 3603//3603 3477//3477
f 3601//3601 3603//3603 3476//3476
f 3604//3604 3602//3602 3603//3603
f 3606//3606 3605//3605 3478//3478
f 3606//3606 3478//3478 3479//3479
f 3478//3478 3607//3607 3480//3480
f 3605//3605 3607//3607 3478//3478
f 3480//3480 3608//3608 3481//3481
f 3607//3607 3608//3608 3480//3480
f 3481//3481 3609//3609 3482//3482
f 3608//3608 3609//3609 3481//3481
f 3482//3482 3610//3610 3483//3483
f 3609//3609 3610//3610 3482//3482
f 3483//3483 3611//3611 3484//3484
f 3610//3610 3611//3611 3483//3483
f 3484//3484 3612//3612 3485//3485
f 3611//3611 3612//3612 3484//3484
f 3485//3485 3613//3613 3486//3486
f 3612//3612 3613//3613 3485//3485
f 3486//3486 3614//3614 3487//3487
f 3613//3613 3614//3614 3486//3486
f 3487//3487 3615//3615 3488//3488
f 3614//3614 3615//3615 3487//3487
f 3488//3488 3616//3616 3489//3489
f 3615//3615 3616//3616 3488//3488
f 3489//3489 3617//3617 3490//3490
f 3616//3616 3617//3617 3489//3489
f 3491//3491 3490//3490 3617//3617
f 3491//3491 3617//3617 3618//3618
f 3492//3492 3606//3606 3479//3479
f 3492//3492 3619//3619 3606//3606
f 3618//3618 3493//3493 3491//3491
f 3620//3620 3493//3493 3618//3618
f 3494//3494 3619//3619 3492//3492
f 3494//3494 3621//3621 3619//3619
f 3620//3620 3495//3495 3493//3493
f 3622//3622 3495//3495 3620//3620
f 3496//3496 3621//3621 3494//3494
f 3496//3496 3623//3623 3621//3621
f 3622//3622 3497//3497 3495//3495
f 3624//3624 3497//3497 3622//3622
f 3498//3498 3623//3623 3496//3496
f 3498//3498 3625//3625 3623//3623
f 3624//3624 3499//3499 3497//3497
f 3626//3626 3499//3499 3624//3624
f 3500//3500 3625//3625 3498//3498
f 3500//3500 3627//3627 3625//3625
f 3626//3626 3501//3501 3499//3499
f 3628//3628 3501//3501 3626//3626
f 3502//3502 3627//3627 3500//3500
f 3502//3502 3629//3629 3627//3627
f 3628//3628 3503//3503 3501//3501
f 3630//3630 3503//3503 3628//3628
f 3504//3504 3629//3629 3502//3502
f 3504//3504 3631//3631 3629//3629
f 3630//3630 3505//3505 3503//3503
f 3632//3632 3505//3505 3630//3630
f 3506//3506 3631//3631 3504//3504
f 3506//3506 3633//3633 3631//3631
f 3632//3632 3507//3507 3505//3505
f 3634//3634 3507//3507 3632//3632
f 3508//3508 3633//3633 3506//3506
f 3508//3508 3635//3635 3633//3633
f 3634//3634 3636//3636 3507//3507
f 3507//3507 3636//3636 3509//3509
f 3509//3509 3637//3637 3510//3510
f 3636//3636 3637//3637 3509//3509
f 3510//3510 3638//3638 3511//3511
f 3637//3637 3638//3638 3510//3510
f 3640//3640 3639//3639 3512//3512
f 3511//3511 3640//3640 3512//3512
f 3638//3638 3640//3640 3511//3511
f 3641//3641 3639//3639 3640//3640
f 3513//3513 3635//3635 3508//3508
f 3513//3513 3642//3642 3635//3635
f 3643//3643 3514//3514 3639//3639
f 3639//3639 3514//3514 3512//3512
f 3639//3639 3641//3641 3644//3644
f 3639//3639 3644//3644 3643//3643
f 3515//3515 3642//3642 3513//3513
f 3515//3515 3645//3645 3642//3642
f 3646//3646 3516//3516 3643//3643
f 3643//3643 3516//3516 3514//3514
f 3643//3643 3644//3644 3647//3647
f 3643//3643 3647//3647 3646//3646
f 3517//3517 3645//3645 3515//3515
f 3517//3517 3648//3648 3645//3645
f 3649//3649 3518//3518 3646//3646
f 3646//3646 3518//3518 3516//3516
f 3646//3646 3647//3647 3650//3650
f 3646//3646 3650//3650 3649//3649
f 3519//3519 3652//3652 3651//3651
f 3648//3648 3519//3519 3651//3651
f 3517//3517 3519//3519 3648//3648
f 3652//3652 3653//3653 3651//3651
f 3655//3655 3654//3654 3649//3649
f 3654//3654 3518//3518 3649//3649
f 3654//3654 3521//3521 3518//3518
f 3655//3655 3649//3649 3650//3650
f 3522//3522 3652//3652 3519//3519
f 3522//3522 3524//3524 3652//3652
f 3524//3524 3653//3653 3652//3652
f 3524//3524 3656//3656 3653//3653
f 3657//3657 3525//3525 3526//3526
f 3658//3658 3657//3657 3526//3526
f 3521//3521 3658//3658 3526//3526
f 3654//3654 3658//3658 3521//3521
f 3527//3527 3656//3656 3524//3524
f 3527//3527 3659//3659 3656//3656
f 3660//3660 3529//3529 3657//3657
f 3657//3657 3529//3529 3525//3525
f 3657//3657 3658//3658 3661//3661
f 3657//3657 3661//3661 3660//3660
f 3530//3530 3659//3659 3527//3527
f 3530//3530 3662//3662 3659//3659
f 3664//3664 3663//3663 3660//3660
f 3663//3663 3529//3529 3660//3660
f 3663//3663 3532//3532 3529//3529
f 3664//3664 3660//3660 3661//3661
f 3533//3533 3662//3662 3530//3530
f 3533//3533 3665//3665 3662//3662
f 3666//3666 3535//3535 3536//3536
f 3667//3667 3666//3666 3536//3536
f 3532//3532 3667//3667 3536//3536
f 3663//3663 3667//3667 3532//3532
f 3538//3538 3665//3665 3533//3533
f 3538//3538 3668//3668 3665//3665
f 3670//3670 3669//3669 3666//3666
f 3669//3669 3535//3535 3666//3666
f 3669//3669 3540//3540 3535//3535
f 3670//3670 3666//3666 3667//3667
f 3542//3542 3668//3668 3538//3538
f 3542//3542 3671//3671 3668//3668
f 3672//3672 3546//3546 3547//3547
f 3673//3673 3672//3672 3547//3547
f 3540//3540 3673//3673 3547//3547
f 3669//3669 3673//3673 3540//3540
f 3542//3542 3548//3548 3674//3674
f 3675//3675 3542//3542 3674//3674
f 3671//3671 3542//3542 3675//3675
f 3549//3549 3674//3674 3548//3548
f 3676//3676 3554//3554 3555//3555
f 3677//3677 3676//3676 3555//3555
f 3677//3677 3555//3555 3546//3546
f 3678//3678 3677//3677 3546//3546
f 3672//3672 3678//3678 3546//3546
f 3678//3678 3672//3672 3673//3673
f 3679//3679 3675//3675 3674//3674
f 3681//3681 3679//3679 3680//3680
f 3680//3680 3679//3679 3556//3556
f 3679//3679 3674//3674 3556//3556
f 3674//3674 3549//3549 3556//3556
f 3557//3557 3680//3680 3556//3556
f 3682//3682 3565//3565 3566//3566
f 3683//3683 3682//3682 3566//3566
f 3683//3683 3566//3566 3554//3554
f 3684//3684 3683//3683 3554//3554
f 3676//3676 3684//3684 3554//3554
f 3684//3684 3676//3676 3677//3677
f 3681//3681 3680//3680 3685//3685
f 3681//3681 3685//3685 3686//3686
f 3567//3567 3687//3687 3557//3557
f 3687//3687 3680//3680 3557//3557
f 3687//3687 3685//3685 3680//3680
f 3568//3568 3687//3687 3567//3567
f 3688//3688 3573//3573 3574//3574
f 3575//3575 3689//3689 3574//3574
f 3574//3574 3689//3689 3688//3688
f 3690//3690 3689//3689 3575//3575
f 3690//3690 3575//3575 3565//3565
f 3691//3691 3690//3690 3565//3565
f 3682//3682 3691//3691 3565//3565
f 3691//3691 3682//3682 3683//3683
f 3692//3692 3686//3686 3685//3685
f 3694//3694 3693//3693 3692//3692
f 3685//3685 3694//3694 3692//3692
f 3687//3687 3694//3694 3685//3685
f 3576//3576 3695//3695 3568//3568
f 3695//3695 3687//3687 3568//3568
f 3695//3695 3694//3694 3687//3687
f 3577//3577 3696//3696 3576//3576
f 3576//3576 3696//3696 3695//3695
f 3578//3578 3697//3697 3577//3577
f 3577//3577 3697//3697 3696//3696
f 3579//3579 3698//3698 3578//3578
f 3578//3578 3698//3698 3697//3697
f 3573//3573 3688//3688 3579//3579
f 3688//3688 3698//3698 3579//3579
f 3688//3688 3699//3699 3698//3698
f 3689//3689 3701//3701 3700//3700
f 3699//3699 3689//3689 3700//3700
f 3688//3688 3689//3689 3699//3699
f 3701//3701 3689//3689 3690//3690
f 3702//3702 3693//3693 3694//3694
f 3702//3702 3694//3694 3695//3695
f 3702//3702 3695//3695 3703//3703
f 3705//3705 3704//3704 3703//3703
f 3695//3695 3705//3705 3703//3703
f 3696//3696 3705//3705 3695//3695
f 3697//3697 3707//3707 3706//3706
f 3705//3705 3697//3697 3706//3706
f 3696//3696 3697//3697 3705//3705
f 3707//3707 3697//3697 3698//3698
f 3707//3707 3698//3698 3708//3708
f 3708//3708 3698//3698 3699//3699
f 3708//3708 3699//3699 3709//3709
f 3709//3709 3699//3699 3700//3700
f 3710//3710 3704//3704 3705//3705
f 3710//3710 3705//3705 3706//3706
f 3712//3712 3711//3711 3580//3580
f 3712//3712 3580//3580 3581//3581
f 3580//3580 3713//3713 3582//3582
f 3711//3711 3713//3713 3580//3580
f 3582//3582 3714//3714 3583//3583
f 3713//3713 3714//3714 3582//3582
f 3583//3583 3715//3715 3585//3585
f 3714//3714 3715//3715 3583//3583
f 3585//3585 3716//3716 3587//3587
f 3715//3715 3716//3716 3585//3585
f 3718//3718 3717//3717 3588//3588
f 3587//3587 3718//3718 3588//3588
f 3716//3716 3718//3718 3587//3587
f 3719//3719 3717//3717 3718//3718
f 3721//3721 3720//3720 3589//3589
f 3721//3721 3589//3589 3590//3590
f 3581//3581 3589//3589 3712//3712
f 3712//3712 3589//3589 3720//3720
f 3717//3717 3591//3591 3588//3588
f 3719//3719 3722//3722 3717//3717
f 3722//3722 3591//3591 3717//3717
f 3722//3722 3592//3592 3591//3591
f 3593//3593 3592//3592 3722//3722
f 3593//3593 3722//3722 3723//3723
f 3725//3725 3724//3724 3594//3594
f 3725//3725 3594//3594 3595//3595
f 3594//3594 3726//3726 3596//3596
f 3724//3724 3726//3726 3594//3594
f 3596//3596 3727//3727 3597//3597
f 3726//3726 3727//3727 3596//3596
f 3590//3590 3597//3597 3721//3721
f 3721//3721 3597//3597 3727//3727
f 3723//3723 3728//3728 3593//3593
f 3593//3593 3728//3728 3598//3598
f 3730//3730 3729//3729 3599//3599
f 3598//3598 3730//3730 3599//3599
f 3728//3728 3730//3730 3598//3598
f 3731//3731 3729//3729 3730//3730
f 3600//3600 3725//3725 3595//3595
f 3600//3600 3732//3732 3725//3725
f 3729//3729 3601//3601 3599//3599
f 3731//3731 3733//3733 3729//3729
f 3733//3733 3601//3601 3729//3729
f 3733//3733 3603//3603 3601//3601
f 3604//3604 3603//3603 3733//3733
f 3604//3604 3733//3733 3734//3734
f 3736//3736 3735//3735 3605//3605
f 3736//3736 3605//3605 3606//3606
f 3605//3605 3737//3737 3607//3607
f 3735//3735 3737//3737 3605//3605
f 3607//3607 3738//3738 3608//3608
f 3737//3737 3738//3738 3607//3607
f 3608//3608 3739//3739 3609//3609
f 3738//3738 3739//3739 3608//3608
f 3609//3609 3740//3740 3610//3610
f 3739//3739 3740//3740 3609//3609
f 3610//3610 3741//3741 3611//3611
f 3740//3740 3741//3741 3610//3610
f 3611//3611 3742//3742 3612//3612
f 3741//3741 3742//3742 3611//3611
f 3612//3612 3743//3743 3613//3613
f 3742//3742 3743//3743 3612//3612
f 3613//3613 3744//3744 3614//3614
f 3743//3743 3744//3744 3613//3613
f 3614//3614 3745//3745 3615//3615
f 3744//3744 3745//3745 3614//3614
f 3615//3615 3746//3746 3616//3616
f 3745//3745 3746//3746 3615//3615
f 3616//3616 3747//3747 3617//3617
f 3746//3746 3747//3747 3616//3616
f 3618//3618 3617//3617 3747//3747
f 3618//3618 3747//3747 3748//3748
f 3619//3619 3736//3736 3606//3606
f 3619//3619 3749//3749 3736//3736
f 3748//3748 3620//3620 3618//3618
f 3750//3750 3620//3620 3748//3748
f 3621//3621 3749//3749 3619//3619
f 3621//3621 3751//3751 3749//3749
f 3750//3750 3622//3622 3620//3620
f 3752//3752 3622//3622 3750//3750
f 3623//3623 3751//3751 3621//3621
f 3623//3623 3753//3753 3751//3751
f 3752//3752 3624//3624 3622//3622
f 3754//3754 3624//3624 3752//3752
f 3625//3625 3753//3753 3623//3623
f 3625//3625 3755//3755 3753//3753
f 3754//3754 3626//3626 3624//3624
f 3756//3756 3626//3626 3754//3754
f 3627//3627 3755//3755 3625//3625
f 3627//3627 3757//3757 3755//3755
f 3756//3756 3628//3628 3626//3626
f 3758//3758 3628//3628 3756//3756
f 3629//3629 3757//3757 3627//3627
f 3629//3629 3759//3759 3757//3757
f 3758//3758 3630//3630 3628//3628
f 3760//3760 3630//3630 3758//3758
f 3631//3631 3759//3759 3629//3629
f 3631//3631 3761//3761 3759//3759
f 3760//3760 3632//3632 3630//3630
f 3762//3762 3632//3632 3760//3760
f 3633//3633 3761//3761 3631//3631
f 3633//3633 3763//3763 3761//3761
f 3762//3762 3634//3634 3632//3632
f 3764//3764 3634//3634 3762//3762
f 3635//3635 3763//3763 3633//3633
f 3635//3635 3765//3765 3763//3763
f 3764//3764 3766//3766 3634//3634
f 3634//3634 3766//3766 3636//3636
f 3636//3636 3767//3767 3637//3637
f 3766//3766 3767//3767 3636//3636
f 3637//3637 3768//3768 3638//3638
f 3767//3767 3768//3768 3637//3637
f 3638//3638 3769//3769 3640//3640
f 3768//3768 3769//3769 3638//3638
f 3641//3641 3640//3640 3769//3769
f 3641//3641 3769//3769 3770//3770
f 3642//3642 3765//3765 3635//3635
f 3642//3642 3771//3771 3765//3765
f 3770//3770 3644//3644 3641//3641
f 3772//3772 3644//3644 3770//3770
f 3645//3645 3771//3771 3642//3642
f 3645//3645 3773//3773 3771//3771
f 3772//3772 3647//3647 3644//3644
f 3774//3774 3647//3647 3772//3772
f 3648//3648 3773//3773 3645//3645
f 3648//3648 3775//3775 3773//3773
f 3774//3774 3650//3650 3647//3647
f 3776//3776 3650//3650 3774//3774
f 3777//3777 3775//3775 3648//3648
f 3777//3777 3648//3648 3651//3651
f 3651//3651 3653//3653 3777//3777
f 3777//3777 3653//3653 3778//3778
f 3779//3779 3654//3654 3655//3655
f 3780//3780 3779//3779 3655//3655
f 3650//3650 3780//3780 3655//3655
f 3776//3776 3780//3780 3650//3650
f 3656//3656 3778//3778 3653//3653
f 3656//3656 3781//3781 3778//3778
f 3783//3783 3782//3782 3779//3779
f 3782//3782 3654//3654 3779//3779
f 3782//3782 3658//3658 3654//3654
f 3783//3783 3779//3779 3780//3780
f 3659//3659 3781//3781 3656//3656
f 3659//3659 3784//3784 3781//3781
f 3782//3782 3661//3661 3658//3658
f 3785//3785 3661//3661 3782//3782
f 3662//3662 3784//3784 3659//3659
f 3662//3662 3786//3786 3784//3784
f 3787//3787 3663//3663 3664//3664
f 3788//3788 3787//3787 3664//3664
f 3661//3661 3788//3788 3664//3664
f 3785//3785 3788//3788 3661//3661
f 3665//3665 3786//3786 3662//3662
f 3665//3665 3789//3789 3786//3786
f 3791//3791 3790//3790 3787//3787
f 3790//3790 3663//3663 3787//3787
f 3790//3790 3667//3667 3663//3663
f 3791//3791 3787//3787 3788//3788
f 3668//3668 3789//3789 3665//3665
f 3668//3668 3792//3792 3789//3789
f 3793//3793 3669//3669 3670//3670
f 3794//3794 3793//3793 3670//3670
f 3667//3667 3794//3794 3670//3670
f 3790//3790 3794//3794 3667//3667
f 3671//3671 3792//3792 3668//3668
f 3671//3671 3795//3795 3792//3792
f 3796//3796 3673//3673 3793//3793
f 3793//3793 3673//3673 3669//3669
f 3793//3793 3794//3794 3797//3797
f 3793//3793 3797//3797 3796//3796
f 3675//3675 3795//3795 3671//3671
f 3675//3675 3798//3798 3795//3795
f 3799//3799 3677//3677 3678//3678
f 3800//3800 3799//3799 3678//3678
f 3800//3800 3678//3678 3673//3673
f 3801//3801 3800//3800 3673//3673
f 3796//3796 3801//3801 3673//3673
f 3801//3801 3796//3796 3797//3797
f 3675//3675 3679//3679 3802//3802
f 3803//3803 3675//3675 3802//3802
f 3798//3798 3675//3675 3803//3803
f 3681//3681 3802//3802 3679//3679
f 3804//3804 3683//3683 3684//3684
f 3805//3805 3804//3804 3684//3684
f 3805//3805 3684//3684 3677//3677
f 3806//3806 3805//3805 3677//3677
f 3799//3799 3806//3806 3677//3677
f 3806//3806 3799//3799 3800//3800
f 3803//3803 3802//3802 3807//3807
f 3803//3803 3807//3807 3808//3808
f 3686//3686 3807//3807 3681//3681
f 3681//3681 3807//3807 3802//3802
f 3809//3809 3690//3690 3691//3691
f 3683//3683 3804//3804 3691//3691
f 3804//3804 3809//3809 3691//3691
f 3804//3804 3810//3810 3809//3809
f 3804//3804 3805//3805 3811//3811
f 3804//3804 3811//3811 3810//3810
f 3812//3812 3808//3808 3807//3807
f 3814//3814 3812//3812 3813//3813
f 3813//3813 3812//3812 3692//3692
f 3812//3812 3807//3807 3692//3692
f 3807//3807 3686//3686 3692//3692
f 3693//3693 3813//3813 3692//3692
f 3815//3815 3700//3700 3701//3701
f 3690//3690 3809//3809 3701//3701
f 3809//3809 3815//3815 3701//3701
f 3809//3809 3816//3816 3815//3815
f 3810//3810 3818//3818 3817//3817
f 3816//3816 3810//3810 3817//3817
f 3809//3809 3810//3810 3816//3816
f 3818//3818 3810//3810 3811//3811
f 3819//3819 3814//3814 3813//3813
f 3821//3821 3819//3819 3820//3820
f 3820//3820 3819//3819 3702//3702
f 3819//3819 3813//3813 3702//3702
f 3813//3813 3693//3693 3702//3702
f 3703//3703 3822//3822 3702//3702
f 3702//3702 3822//3822 3820//3820
f 3704//3704 3822//3822 3703//3703
f 3823//3823 3706//3706 3707//3707
f 3708//3708 3824//3824 3707//3707
f 3707//3707 3824//3824 3823//3823
f 3709//3709 3825//3825 3708//3708
f 3708//3708 3825//3825 3824//3824
f 3826//3826 3825//3825 3709//3709
f 3826//3826 3709//3709 3700//3700
f 3827//3827 3826//3826 3700//3700
f 3815//3815 3827//3827 3700//3700
f 3827//3827 3815//3815 3816//3816
f 3827//3827 3816//3816 3828//3828
f 3828//3828 3816//3816 3817//3817
f 3829//3829 3821//3821 3820//3820
f 3831//3831 3830//3830 3829//3829
f 3820//3820 3831//3831 3829//3829
f 3822//3822 3831//3831 3820//3820
f 3710//3710 3832//3832 3704//3704
f 3832//3832 3822//3822 3704//3704
f 3832//3832 3831//3831 3822//3822
f 3706//3706 3823//3823 3710//3710
f 3823//3823 3832//3832 3710//3710
f 3823//3823 3833//3833 3832//3832
f 3834//3834 3823//3823 3824//3824
f 3833//3833 3823//3823 3834//3834
f 3825//3825 3836//3836 3835//3835
f 3834//3834 3825//3825 3835//3835
f 3824//3824 3825//3825 3834//3834
f 3836//3836 3825//3825 3826//3826
f 3837//3837 3830//3830 3831//3831
f 3837//3837 3831//3831 3832//3832
f 3837//3837 3832//3832 3838//3838
f 3838//3838 3832//3832 3833//3833
f 3838//3838 3833//3833 3839//3839
f 3839//3839 3833//3833 3834//3834
f 3839//3839 3834//3834 3840//3840
f 3840//3840 3834//3834 3835//3835
f 3843//3843 3842//3842 3841//3841
f 3845//3845 3844//3844 3841//3841
f 3845//3845 3841//3841 3842//3842
f 3847//3847 3846//3846 3844//3844
f 3847//3847 3844//3844 3845//3845
f 3849//3849 3848//3848 3846//3846
f 3849//3849 3846//3846 3847//3847
f 3850//3850 3848//3848 3849//3849
f 3853//3853 3852//3852 3851//3851
f 3851//3851 3852//3852 3843//3843
f 3851//3851 3843//3843 3841//3841
f 3712//3712 3851//3851 3841//3841
f 3711//3711 3712//3712 3841//3841
f 3711//3711 3841//3841 3713//3713
f 3713//3713 3841//3841 3844//3844
f 3713//3713 3844//3844 3714//3714
f 3714//3714 3844//3844 3846//3846
f 3714//3714 3846//3846 3715//3715
f 3715//3715 3846//3846 3848//3848
f 3850//3850 3854//3854 3848//3848
f 3854//3854 3715//3715 3848//3848
f 3854//3854 3716//3716 3715//3715
f 3716//3716 3855//3855 3718//3718
f 3854//3854 3855//3855 3716//3716
f 3719//3719 3718//3718 3855//3855
f 3719//3719 3855//3855 3856//3856
f 3859//3859 3858//3858 3857//3857
f 3861//3861 3860//3860 3857//3857
f 3861//3861 3857//3857 3858//3858
f 3860//3860 3861//3861 3853//3853
f 3860//3860 3853//3853 3851//3851
f 3721//3721 3860//3860 3851//3851
f 3720//3720 3721//3721 3851//3851
f 3720//3720 3851//3851 3712//3712
f 3856//3856 3862//3862 3719//3719
f 3719//3719 3862//3862 3722//3722
f 3864//3864 3863//3863 3723//3723
f 3722//3722 3864//3864 3723//3723
f 3862//3862 3864//3864 3722//3722
f 3865//3865 3863//3863 3864//3864
f 3725//3725 3866//3866 3724//3724
f 3867//3867 3859//3859 3857//3857
f 3724//3724 3867//3867 3857//3857
f 3726//3726 3724//3724 3857//3857
f 3867//3867 3724//3724 3866//3866
f 3726//3726 3857//3857 3727//3727
f 3727//3727 3857//3857 3860//3860
f 3727//3727 3860//3860 3721//3721
f 3863//3863 3728//3728 3723//3723
f 3865//3865 3868//3868 3863//3863
f 3868//3868 3728//3728 3863//3863
f 3868//3868 3730//3730 3728//3728
f 3731//3731 3730//3730 3868//3868
f 3731//3731 3868//3868 3869//3869
f 3871//3871 3870//3870 3866//3866
f 3725//3725 3871//3871 3866//3866
f 3732//3732 3871//3871 3725//3725
f 3866//3866 3870//3870 3867//3867
f 3869//3869 3872//3872 3731//3731
f 3731//3731 3872//3872 3733//3733
f 3734//3734 3733//3733 3872//3872
f 3734//3734 3872//3872 3873//3873
f 3875//3875 3874//3874 3735//3735
f 3875//3875 3735//3735 3736//3736
f 3735//3735 3876//3876 3737//3737
f 3874//3874 3876//3876 3735//3735
f 3737//3737 3877//3877 3738//3738
f 3876//3876 3877//3877 3737//3737
f 3738//3738 3878//3878 3739//3739
f 3877//3877 3878//3878 3738//3738
f 3739//3739 3879//3879 3740//3740
f 3878//3878 3879//3879 3739//3739
f 3740//3740 3880//3880 3741//3741
f 3879//3879 3880//3880 3740//3740
f 3741//3741 3881//3881 3742//3742
f 3880//3880 3881//3881 3741//3741
f 3742//3742 3882//3882 3743//3743
f 3881//3881 3882//3882 3742//3742
f 3743//3743 3883//3883 3744//3744
f 3882//3882 3883//3883 3743//3743
f 3744//3744 3884//3884 3745//3745
f 3883//3883 3884//3884 3744//3744
f 3745//3745 3885//3885 3746//3746
f 3884//3884 3885//3885 3745//3745
f 3746//3746 3886//3886 3747//3747
f 3885//3885 3886//3886 3746//3746
f 3748//3748 3747//3747 3886//3886
f 3748//3748 3886//3886 3887//3887
f 3749//3749 3875//3875 3736//3736
f 3749//3749 3888//3888 3875//3875
f 3887//3887 3750//3750 3748//3748
f 3889//3889 3750//3750 3887//3887
f 3751//3751 3888//3888 3749//3749
f 3751//3751 3890//3890 3888//3888
f 3889//3889 3752//3752 3750//3750
f 3891//3891 3752//3752 3889//3889
f 3753//3753 3890//3890 3751//3751
f 3753//3753 3892//3892 3890//3890
f 3891//3891 3754//3754 3752//3752
f 3893//3893 3754//3754 3891//3891
f 3755//3755 3892//3892 3753//3753
f 3755//3755 3894//3894 3892//3892
f 3893//3893 3756//3756 3754//3754
f 3895//3895 3756//3756 3893//3893
f 3757//3757 3894//3894 3755//3755
f 3757//3757 3896//3896 3894//3894
f 3895//3895 3758//3758 3756//3756
f 3897//3897 3758//3758 3895//3895
f 3759//3759 3896//3896 3757//3757
f 3759//3759 3898//3898 3896//3896
f 3897//3897 3760//3760 3758//3758
f 3899//3899 3760//3760 3897//3897
f 3761//3761 3898//3898 3759//3759
f 3761//3761 3900//3900 3898//3898
f 3899//3899 3762//3762 3760//3760
f 3901//3901 3762//3762 3899//3899
f 3763//3763 3900//3900 3761//3761
f 3763//3763 3902//3902 3900//3900
f 3901//3901 3764//3764 3762//3762
f 3903//3903 3764//3764 3901//3901
f 3765//3765 3902//3902 3763//3763
f 3765//3765 3904//3904 3902//3902
f 3903//3903 3905//3905 3764//3764
f 3764//3764 3905//3905 3766//3766
f 3766//3766 3906//3906 3767//3767
f 3905//3905 3906//3906 3766//3766
f 3767//3767 3907//3907 3768//3768
f 3906//3906 3907//3907 3767//3767
f 3768//3768 3908//3908 3769//3769
f 3907//3907 3908//3908 3768//3768
f 3770//3770 3769//3769 3908//3908
f 3770//3770 3908//3908 3909//3909
f 3771//3771 3904//3904 3765//3765
f 3771//3771 3910//3910 3904//3904
f 3909//3909 3772//3772 3770//3770
f 3911//3911 3772//3772 3909//3909
f 3773//3773 3910//3910 3771//3771
f 3773//3773 3912//3912 3910//3910
f 3911//3911 3774//3774 3772//3772
f 3913//3913 3774//3774 3911//3911
f 3775//3775 3915//3915 3914//3914
f 3912//3912 3775//3775 3914//3914
f 3773//3773 3775//3775 3912//3912
f 3915//3915 3916//3916 3914//3914
f 3913//3913 3776//3776 3774//3774
f 3917//3917 3776//3776 3913//3913
f 3777//3777 3915//3915 3775//3775
f 3777//3777 3778//3778 3915//3915
f 3778//3778 3916//3916 3915//3915
f 3778//3778 3918//3918 3916//3916
f 3917//3917 3780//3780 3776//3776
f 3919//3919 3780//3780 3917//3917
f 3781//3781 3918//3918 3778//3778
f 3781//3781 3920//3920 3918//3918
f 3921//3921 3782//3782 3783//3783
f 3922//3922 3921//3921 3783//3783
f 3780//3780 3922//3922 3783//3783
f 3919//3919 3922//3922 3780//3780
f 3784//3784 3920//3920 3781//3781
f 3784//3784 3923//3923 3920//3920
f 3925//3925 3924//3924 3921//3921
f 3924//3924 3782//3782 3921//3921
f 3924//3924 3785//3785 3782//3782
f 3925//3925 3921//3921 3922//3922
f 3786//3786 3923//3923 3784//3784
f 3786//3786 3926//3926 3923//3923
f 3924//3924 3788//3788 3785//3785
f 3927//3927 3788//3788 3924//3924
f 3789//3789 3926//3926 3786//3786
f 3789//3789 3928//3928 3926//3926
f 3929//3929 3790//3790 3791//3791
f 3930//3930 3929//3929 3791//3791
f 3788//3788 3930//3930 3791//3791
f 3927//3927 3930//3930 3788//3788
f 3792//3792 3928//3928 3789//3789
f 3792//3792 3931//3931 3928//3928
f 3933//3933 3932//3932 3929//3929
f 3932//3932 3790//3790 3929//3929
f 3932//3932 3794//3794 3790//3790
f 3933//3933 3929//3929 3930//3930
f 3795//3795 3931//3931 3792//3792
f 3795//3795 3934//3934 3931//3931
f 3932//3932 3797//3797 3794//3794
f 3935//3935 3797//3797 3932//3932
f 3798//3798 3934//3934 3795//3795
f 3798//3798 3936//3936 3934//3934
f 3937//3937 3800//3800 3801//3801
f 3938//3938 3937//3937 3801//3801
f 3797//3797 3938//3938 3801//3801
f 3935//3935 3938//3938 3797//3797
f 3803//3803 3936//3936 3798//3798
f 3803//3803 3939//3939 3936//3936
f 3940//3940 3805//3805 3806//3806
f 3941//3941 3940//3940 3806//3806
f 3941//3941 3806//3806 3800//3800
f 3942//3942 3941//3941 3800//3800
f 3937//3937 3942//3942 3800//3800
f 3942//3942 3937//3937 3938//3938
f 3808//3808 3939//3939 3803//3803
f 3808//3808 3943//3943 3939//3939
f 3945//3945 3944//3944 3940//3940
f 3944//3944 3805//3805 3940//3940
f 3944//3944 3811//3811 3805//3805
f 3945//3945 3940//3940 3941//3941
f 3808//3808 3812//3812 3946//3946
f 3947//3947 3808//3808 3946//3946
f 3943//3943 3808//3808 3947//3947
f 3814//3814 3946//3946 3812//3812
f 3948//3948 3817//3817 3818//3818
f 3949//3949 3948//3948 3818//3818
f 3811//3811 3949//3949 3818//3818
f 3944//3944 3949//3949 3811//3811
f 3947//3947 3946//3946 3950//3950
f 3947//3947 3950//3950 3951//3951
f 3819//3819 3952//3952 3814//3814
f 3952//3952 3946//3946 3814//3814
f 3952//3952 3950//3950 3946//3946
f 3821//3821 3952//3952 3819//3819
f 3953//3953 3826//3826 3827//3827
f 3828//3828 3954//3954 3827//3827
f 3827//3827 3954//3954 3953//3953
f 3955//3955 3954//3954 3828//3828
f 3955//3955 3828//3828 3817//3817
f 3956//3956 3955//3955 3817//3817
f 3948//3948 3956//3956 3817//3817
f 3956//3956 3948//3948 3949//3949
f 3957//3957 3951//3951 3950//3950
f 3959//3959 3958//3958 3957//3957
f 3950//3950 3959//3959 3957//3957
f 3952//3952 3959//3959 3950//3950
f 3829//3829 3960//3960 3821//3821
f 3960//3960 3952//3952 3821//3821
f 3960//3960 3959//3959 3952//3952
f 3830//3830 3960//3960 3829//3829
f 3961//3961 3835//3835 3836//3836
f 3826//3826 3953//3953 3836//3836
f 3953//3953 3961//3961 3836//3836
f 3953//3953 3962//3962 3961//3961
f 3954//3954 3964//3964 3963//3963
f 3962//3962 3954//3954 3963//3963
f 3953//3953 3954//3954 3962//3962
f 3964//3964 3954//3954 3955//3955
f 3965//3965 3958//3958 3959//3959
f 3967//3967 3966//3966 3965//3965
f 3959//3959 3967//3967 3965//3965
f 3960//3960 3967//3967 3959//3959
f 3837//3837 3968//3968 3830//3830
f 3968//3968 3960//3960 3830//3830
f 3968//3968 3967//3967 3960//3960
f 3838//3838 3969//3969 3837//3837
f 3837//3837 3969//3969 3968//3968
f 3839//3839 3970//3970 3838//3838
f 3838//3838 3970//3970 3969//3969
f 3840//3840 3971//3971 3839//3839
f 3839//3839 3971//3971 3970//3970
f 3835//3835 3961//3961 3840//3840
f 3961//3961 3971//3971 3840//3840
f 3961//3961 3972//3972 3971//3971
f 3962//3962 3974//3974 3973//3973
f 3972//3972 3962//3962 3973//3973
f 3961//3961 3962//3962 3972//3972
f 3974//3974 3962//3962 3963//3963
f 3975//3975 3966//3966 3967//3967
f 3977//3977 3976//3976 3975//3975
f 3967//3967 3977//3977 3975//3975
f 3968//3968 3977//3977 3967//3967
f 3978//3978 3968//3968 3969//3969
f 3977//3977 3968//3968 3978//3978
f 3979//3979 3969//3969 3970//3970
f 3978//3978 3969//3969 3979//3979
f 3971//3971 3981//3981 3980//3980
f 3979//3979 3971//3971 3980//3980
f 3970//3970 3971//3971 3979//3979
f 3981//3981 3971//3971 3972//3972
f 3981//3981 3972//3972 3982//3982
f 3982//3982 3972//3972 3973//3973
f 3983//3983 3976//3976 3977//3977
f 3983//3983 3977//3977 3978//3978
f 3983//3983 3978//3978 3984//3984
f 3984//3984 3978//3978 3979//3979
f 3984//3984 3979//3979 3985//3985
f 3985//3985 3979//3979 3980//3980
f 3988//3988 3987//3987 3986//3986
f 3842//3842 3843//3843 3986//3986
f 3987//3987 3842//3842 3986//3986
f 3989//3989 3842//3842 3987//3987
f 3842//3842 3990//3990 3845//3845
f 3989//3989 3990//3990 3842//3842
f 3845//3845 3991//3991 3847//3847
f 3990//3990 3991//3991 3845//3845
f 3847//3847 3992//3992 3849//3849
f 3991//3991 3992//3992 3847//3847
f 3994//3994 3993//3993 3850//3850
f 3849//3849 3994//3994 3850//3850
f 3992//3992 3994//3994 3849//3849
f 3995//3995 3993//3993 3994//3994
f 3998//3998 3997//3997 3996//3996
f 4000//4000 3999//3999 3996//3996
f 4000//4000 3996//3996 3997//3997
f 3999//3999 4000//4000 3988//3988
f 3999//3999 3988//3988 3986//3986
f 3853//3853 3999//3999 3986//3986
f 3852//3852 3853//3853 3986//3986
f 3852//3852 3986//3986 3843//3843
f 3993//3993 3854//3854 3850//3850
f 3995//3995 4001//4001 3993//3993
f 4001//4001 3854//3854 3993//3993
f 4001//4001 3855//3855 3854//3854
f 4003//4003 4002//4002 3856//3856
f 3855//3855 4003//4003 3856//3856
f 4001//4001 4003//4003 3855//3855
f 4004//4004 4002//4002 4003//4003
f 3998//3998 3996//3996 3858//3858
f 3859//3859 3998//3998 3858//3858
f 4005//4005 3998//3998 3859//3859
f 3858//3858 3996//3996 3861//3861
f 3861//3861 3996//3996 3999//3999
f 3861//3861 3999//3999 3853//3853
f 4002//4002 3862//3862 3856//3856
f 4004//4004 4006//4006 4002//4002
f 4006//4006 3862//3862 4002//4002
f 4006//4006 3864//3864 3862//3862
f 3865//3865 3864//3864 4006//4006
f 3865//3865 4006//4006 4007//4007
f 3867//3867 4005//4005 3859//3859
f 3867//3867 4008//4008 4005//4005
f 4007//4007 4009//4009 3865//3865
f 3865//3865 4009//4009 3868//3868
f 3869//3869 3868//3868 4009//4009
f 3869//3869 4009//4009 4010//4010
f 3871//3871 4011//4011 3870//3870
f 4011//4011 4012//4012 3870//3870
f 4012//4012 3867//3867 3870//3870
f 4012//4012 4008//4008 3867//3867
f 3872//3872 3869//3869 4013//4013
f 3869//3869 4014//4014 4013//4013
f 3869//3869 4010//4010 4014//4014
f 4013//4013 3873//3873 3872//3872
f 4016//4016 4015//4015 3874//3874
f 4016//4016 3874//3874 3875//3875
f 3874//3874 4017//4017 3876//3876
f 4015//4015 4017//4017 3874//3874
f 3876//3876 4018//4018 3877//3877
f 4017//4017 4018//4018 3876//3876
f 3877//3877 4019//4019 3878//3878
f 4018//4018 4019//4019 3877//3877
f 3878//3878 4020//4020 3879//3879
f 4019//4019 4020//4020 3878//3878
f 3879//3879 4021//4021 3880//3880
f 4020//4020 4021//4021 3879//3879
f 3880//3880 4022//4022 3881//3881
f 4021//4021 4022//4022 3880//3880
f 3881//3881 4023//4023 3882//3882
f 4022//4022 4023//4023 3881//3881
f 3882//3882 4024//4024 3883//3883
f 4023//4023 4024//4024 3882//3882
f 3883//3883 4025//4025 3884//3884
f 4024//4024 4025//4025 3883//3883
f 3884//3884 4026//4026 3885//3885
f 4025//4025 4026//4026 3884//3884
f 3885//3885 4027//4027 3886//3886
f 4026//4026 4027//4027 3885//3885
f 3887//3887 3886//3886 4027//4027
f 3887//3887 4027//4027 4028//4028
f 3888//3888 4016//4016 3875//3875
f 3888//3888 4029//4029 4016//4016
f 4028//4028 3889//3889 3887//3887
f 4030//4030 3889//3889 4028//4028
f 3890//3890 4029//4029 3888//3888
f 3890//3890 4031//4031 4029//4029
f 4030//4030 3891//3891 3889//3889
f 4032//4032 3891//3891 4030//4030
f 3892//3892 4031//4031 3890//3890
f 3892//3892 4033//4033 4031//4031
f 4032//4032 3893//3893 3891//3891
f 4034//4034 3893//3893 4032//4032
f 3894//3894 4033//4033 3892//3892
f 3894//3894 4035//4035 4033//4033
f 4034//4034 3895//3895 3893//3893
f 4036//4036 3895//3895 4034//4034
f 3896//3896 4035//4035 3894//3894
f 3896//3896 4037//4037 4035//4035
f 4036//4036 3897//3897 3895//3895
f 4038//4038 3897//3897 4036//4036
f 3898//3898 4037//4037 3896//3896
f 3898//3898 4039//4039 4037//4037
f 4038//4038 3899//3899 3897//3897
f 4040//4040 3899//3899 4038//4038
f 3900//3900 4039//4039 3898//3898
f 3900//3900 4041//4041 4039//4039
f 4040//4040 3901//3901 3899//3899
f 4042//4042 3901//3901 4040//4040
f 3902//3902 4041//4041 3900//3900
f 3902//3902 4043//4043 4041//4041
f 4042//4042 3903//3903 3901//3901
f 4044//4044 3903//3903 4042//4042
f 3904//3904 4043//4043 3902//3902
f 3904//3904 4045//4045 4043//4043
f 4044//4044 4046//4046 3903//3903
f 3903//3903 4046//4046 3905//3905
f 3905//3905 4047//4047 3906//3906
f 4046//4046 4047//4047 3905//3905
f 3906//3906 4048//4048 3907//3907
f 4047//4047 4048//4048 3906//3906
f 3907//3907 4049//4049 3908//3908
f 4048//4048 4049//4049 3907//3907
f 3909//3909 3908//3908 4049//4049
f 3909//3909 4049//4049 4050//4050
f 3910//3910 4045//4045 3904//3904
f 3910//3910 4051//4051 4045//4045
f 4050//4050 3911//3911 3909//3909
f 4052//4052 3911//3911 4050//4050
f 3912//3912 4051//4051 3910//3910
f 3912//3912 4053//4053 4051//4051
f 4052//4052 3913//3913 3911//3911
f 4054//4054 3913//3913 4052//4052
f 4055//4055 4053//4053 3912//3912
f 4055//4055 3912//3912 3914//3914
f 3914//3914 3916//3916 4055//4055
f 4055//4055 3916//3916 4056//4056
f 4054//4054 3917//3917 3913//3913
f 4057//4057 3917//3917 4054//4054
f 3918//3918 4056//4056 3916//3916
f 3918//3918 4058//4058 4056//4056
f 4057//4057 3919//3919 3917//3917
f 4059//4059 3919//3919 4057//4057
f 3920//3920 4058//4058 3918//3918
f 3920//3920 4060//4060 4058//4058
f 4059//4059 3922//3922 3919//3919
f 4061//4061 3922//3922 4059//4059
f 3923//3923 4060//4060 3920//3920
f 3923//3923 4062//4062 4060//4060
f 4064//4064 4063//4063 3925//3925
f 3925//3925 4063//4063 3924//3924
f 3925//3925 3922//3922 4061//4061
f 3925//3925 4061//4061 4064//4064
f 3926//3926 4062//4062 3923//3923
f 3926//3926 4065//4065 4062//4062
f 4063//4063 3927//3927 3924//3924
f 4066//4066 3927//3927 4063//4063
f 3928//3928 4065//4065 3926//3926
f 3928//3928 4067//4067 4065//4065
f 4066//4066 3930//3930 3927//3927
f 4068//4068 3930//3930 4066//4066
f 3931//3931 4067//4067 3928//3928
f 3931//3931 4069//4069 4067//4067
f 4070//4070 3932//3932 3933//3933
f 4071//4071 4070//4070 3933//3933
f 3930//3930 4071//4071 3933//3933
f 4068//4068 4071//4071 3930//3930
f 3934//3934 4069//4069 3931//3931
f 3934//3934 4072//4072 4069//4069
f 4074//4074 4073//4073 4070//4070
f 4073//4073 3932//3932 4070//4070
f 4073//4073 3935//3935 3932//3932
f 4074//4074 4070//4070 4071//4071
f 3936//3936 4072//4072 3934//3934
f 3936//3936 4075//4075 4072//4072
f 4073//4073 3938//3938 3935//3935
f 4076//4076 3938//3938 4073//4073
f 3939//3939 4075//4075 3936//3936
f 3939//3939 4077//4077 4075//4075
f 4079//4079 4078//4078 3942//3942
f 3942//3942 4078//4078 3941//3941
f 3942//3942 3938//3938 4076//4076
f 3942//3942 4076//4076 4079//4079
f 3943//3943 4077//4077 3939//3939
f 3943//3943 4080//4080 4077//4077
f 4081//4081 3944//3944 3945//3945
f 4082//4082 4081//4081 3945//3945
f 3941//3941 4082//4082 3945//3945
f 4078//4078 4082//4082 3941//3941
f 3947//3947 4080//4080 3943//3943
f 3947//3947 4083//4083 4080//4080
f 4085//4085 4084//4084 4081//4081
f 4084//4084 3944//3944 4081//4081
f 4084//4084 3949//3949 3944//3944
f 4085//4085 4081//4081 4082//4082
f 3951//3951 4083//4083 3947//3947
f 3951//3951 4086//4086 4083//4083
f 4087//4087 3955//3955 3956//3956
f 4088//4088 4087//4087 3956//3956
f 3949//3949 4088//4088 3956//3956
f 4084//4084 4088//4088 3949//3949
f 3951//3951 3957//3957 4089//4089
f 4090//4090 3951//3951 4089//4089
f 4086//4086 3951//3951 4090//4090
f 3958//3958 4089//4089 3957//3957
f 4091//4091 3963//3963 3964//3964
f 4092//4092 4091//4091 3964//3964
f 4092//4092 3964//3964 3955//3955
f 4093//4093 4092//4092 3955//3955
f 4087//4087 4093//4093 3955//3955
f 4093//4093 4087//4087 4088//4088
f 4094//4094 4090//4090 4089//4089
f 4096//4096 4094//4094 4095//4095
f 4095//4095 4094//4094 3965//3965
f 4094//4094 4089//4089 3965//3965
f 4089//4089 3958//3958 3965//3965
f 3966//3966 4095//4095 3965//3965
f 4097//4097 3973//3973 3974//3974
f 4098//4098 4097//4097 3974//3974
f 4098//4098 3974//3974 3963//3963
f 4099//4099 4098//4098 3963//3963
f 4091//4091 4099//4099 3963//3963
f 4099//4099 4091//4091 4092//4092
f 4096//4096 4095//4095 4100//4100
f 4096//4096 4100//4100 4101//4101
f 3975//3975 4102//4102 3966//3966
f 4102//4102 4095//4095 3966//3966
f 4102//4102 4100//4100 4095//4095
f 3976//3976 4102//4102 3975//3975
f 4103//4103 3980//3980 3981//3981
f 3982//3982 4104//4104 3981//3981
f 3981//3981 4104//4104 4103//4103
f 3973//3973 4097//4097 3982//3982
f 4097//4097 4104//4104 3982//3982
f 4097//4097 4105//4105 4104//4104
f 4097//4097 4098//4098 4106//4106
f 4097//4097 4106//4106 4105//4105
f 4107//4107 4101//4101 4100//4100
f 4109//4109 4108//4108 4107//4107
f 4100//4100 4109//4109 4107//4107
f 4102//4102 4109//4109 4100//4100
f 3983//3983 4110//4110 3976//3976
f 4110//4110 4102//4102 3976//3976
f 4110//4110 4109//4109 4102//4102
f 3984//3984 4111//4111 3983//3983
f 3983//3983 4111//4111 4110//4110
f 3985//3985 4112//4112 3984//3984
f 3984//3984 4112//4112 4111//4111
f 3980//3980 4103//4103 3985//3985
f 4103//4103 4112//4112 3985//3985
f 4103//4103 4113//4113 4112//4112
f 4114//4114 4103//4103 4104//4104
f 4113//4113 4103//4103 4114//4114
f 4105//4105 4116//4116 4115//4115
f 4114//4114 4105//4105 4115//4115
f 4104//4104 4105//4105 4114//4114
f 4116//4116 4105//4105 4106//4106
f 4117//4117 4108//4108 4109//4109
f 4119//4119 4118//4118 4117//4117
f 4109//4109 4119//4119 4117//4117
f 4110//4110 4119//4119 4109//4109
f 4120//4120 4110//4110 4111//4111
f 4119//4119 4110//4110 4120//4120
f 4121//4121 4111//4111 4112//4112
f 4120//4120 4111//4111 4121//4121
f 4122//4122 4112//4112 4113//4113
f 4121//4121 4112//4112 4122//4122
f 4114//4114 4124//4124 4123//4123
f 4122//4122 4114//4114 4123//4123
f 4113//4113 4114//4114 4122//4122
f 4124//4124 4114//4114 4115//4115
f 4125//4125 4118//4118 4119//4119
f 4125//4125 4119//4119 4120//4120
f 4125//4125 4120//4120 4126//4126
f 4126//4126 4120//4120 4121//4121
f 4126//4126 4121//4121 4127//4127
f 4127//4127 4121//4121 4122//4122
f 4127//4127 4122//4122 4128//4128
f 4128//4128 4122//4122 4123//4123
f 4131//4131 4130//4130 4129//4129
f 4133//4133 4132//4132 4129//4129
f 4133//4133 4129//4129 4130//4130
f 4135//4135 4134//4134 4132//4132
f 4135//4135 4132//4132 4133//4133
f 4137//4137 4136//4136 4134//4134
f 4137//4137 4134//4134 4135//4135
f 4139//4139 4138//4138 4136//4136
f 4139//4139 4136//4136 4137//4137
f 4141//4141 4140//4140 4138//4138
f 4141//4141 4138//4138 4139//4139
f 4143//4143 4142//4142 4140//4140
f 4143//4143 4140//4140 4141//4141
f 4144//4144 4142//4142 4143//4143
f 4147//4147 4146//4146 4145//4145
f 4145//4145 4146//4146 4131//4131
f 4129//4129 4145//4145 4131//4131
f 4148//4148 4145//4145 4129//4129
f 3988//3988 4148//4148 3987//3987
f 4148//4148 4132//4132 3987//3987
f 4148//4148 4129//4129 4132//4132
f 3987//3987 4132//4132 3989//3989
f 3989//3989 4132//4132 4134//4134
f 3989//3989 4134//4134 3990//3990
f 3990//3990 4134//4134 4136//4136
f 3990//3990 4136//4136 3991//3991
f 3991//3991 4136//4136 4138//4138
f 3991//3991 4138//4138 3992//3992
f 3992//3992 4138//4138 4140//4140
f 3992//3992 4140//4140 3994//3994
f 3994//3994 4140//4140 4142//4142
f 4150//4150 4149//4149 3995//3995
f 4150//4150 3995//3995 3994//3994
f 4144//4144 4150//4150 3994//3994
f 4142//4142 4144//4144 3994//3994
f 4151//4151 4149//4149 4150//4150
f 4147//4147 4145//4145 3997//3997
f 3998//3998 4147//4147 3997//3997
f 4152//4152 4147//4147 3998//3998
f 3997//3997 4145//4145 4000//4000
f 4000//4000 4145//4145 4148//4148
f 4000//4000 4148//4148 3988//3988
f 4149//4149 4001//4001 3995//3995
f 4151//4151 4153//4153 4149//4149
f 4153//4153 4001//4001 4149//4149
f 4153//4153 4003//4003 4001//4001
f 4004//4004 4003//4003 4153//4153
f 4004//4004 4153//4153 4154//4154
f 4005//4005 4152//4152 3998//3998
f 4005//4005 4155//4155 4152//4152
f 4154//4154 4156//4156 4004//4004
f 4004//4004 4156//4156 4006//4006
f 4007//4007 4006//4006 4156//4156
f 4007//4007 4156//4156 4157//4157
f 4008//4008 4155//4155 4005//4005
f 4008//4008 4158//4158 4155//4155
f 4157//4157 4159//4159 4007//4007
f 4007//4007 4159//4159 4009//4009
f 4010//4010 4009//4009 4159//4159
f 4010//4010 4159//4159 4160//4160
f 4012//4012 4158//4158 4008//4008
f 4012//4012 4161//4161 4158//4158
f 4160//4160 4014//4014 4010//4010
f 4162//4162 4014//4014 4160//4160
f 4164//4164 4163//4163 4015//4015
f 4164//4164 4015//4015 4016//4016
f 4015//4015 4165//4165 4017//4017
f 4163//4163 4165//4165 4015//4015
f 4017//4017 4166//4166 4018//4018
f 4165//4165 4166//4166 4017//4017
f 4018//4018 4167//4167 4019//4019
f 4166//4166 4167//4167 4018//4018
f 4019//4019 4168//4168 4020//4020
f 4167//4167 4168//4168 4019//4019
f 4020//4020 4169//4169 4021//4021
f 4168//4168 4169//4169 4020//4020
f 4021//4021 4170//4170 4022//4022
f 4169//4169 4170//4170 4021//4021
f 4022//4022 4171//4171 4023//4023
f 4170//4170 4171//4171 4022//4022
f 4023//4023 4172//4172 4024//4024
f 4171//4171 4172//4172 4023//4023
f 4024//4024 4173//4173 4025//4025
f 4172//4172 4173//4173 4024//4024
f 4025//4025 4174//4174 4026//4026
f 4173//4173 4174//4174 4025//4025
f 4026//4026 4175//4175 4027//4027
f 4174//4174 4175//4175 4026//4026
f 4028//4028 4027//4027 4175//4175
f 4028//4028 4175//4175 4176//4176
f 4029//4029 4164//4164 4016//4016
f 4029//4029 4177//4177 4164//4164
f 4176//4176 4030//4030 4028//4028
f 4178//4178 4030//4030 4176//4176
f 4031//4031 4177//4177 4029//4029
f 4031//4031 4179//4179 4177//4177
f 4178//4178 4032//4032 4030//4030
f 4180//4180 4032//4032 4178//4178
f 4033//4033 4179//4179 4031//4031
f 4033//4033 4181//4181 4179//4179
f 4180//4180 4034//4034 4032//4032
f 4182//4182 4034//4034 4180//4180
f 4035//4035 4181//4181 4033//4033
f 4035//4035 4183//4183 4181//4181
f 4182//4182 4036//4036 4034//4034
f 4184//4184 4036//4036 4182//4182
f 4037//4037 4183//4183 4035//4035
f 4037//4037 4185//4185 4183//4183
f 4184//4184 4038//4038 4036//4036
f 4186//4186 4038//4038 4184//4184
f 4039//4039 4185//4185 4037//4037
f 4039//4039 4187//4187 4185//4185
f 4186//4186 4040//4040 4038//4038
f 4188//4188 4040//4040 4186//4186
f 4041//4041 4187//4187 4039//4039
f 4041//4041 4189//4189 4187//4187
f 4188//4188 4042//4042 4040//4040
f 4190//4190 4042//4042 4188//4188
f 4043//4043 4189//4189 4041//4041
f 4043//4043 4191//4191 4189//4189
f 4190//4190 4044//4044 4042//4042
f 4192//4192 4044//4044 4190//4190
f 4045//4045 4191//4191 4043//4043
f 4045//4045 4193//4193 4191//4191
f 4192//4192 4194//4194 4044//4044
f 4044//4044 4194//4194 4046//4046
f 4046//4046 4195//4195 4047//4047
f 4194//4194 4195//4195 4046//4046
f 4047//4047 4196//4196 4048//4048
f 4195//4195 4196//4196 4047//4047
f 4048//4048 4197//4197 4049//4049
f 4196//4196 4197//4197 4048//4048
f 4050//4050 4049//4049 4197//4197
f 4050//4050 4197//4197 4198//4198
f 4051//4051 4200//4200 4199//4199
f 4193//4193 4051//4051 4199//4199
f 4045//4045 4051//4051 4193//4193
f 4200//4200 4201//4201 4199//4199
f 4198//4198 4052//4052 4050//4050
f 4202//4202 4052//4052 4198//4198
f 4053//4053 4203//4203 4200//4200
f 4053//4053 4200//4200 4051//4051
f 4201//4201 4200//4200 4204//4204
f 4204//4204 4200//4200 4203//4203
f 4202//4202 4054//4054 4052//4052
f 4205//4205 4054//4054 4202//4202
f 4055//4055 4203//4203 4053//4053
f 4055//4055 4056//4056 4203//4203
f 4056//4056 4204//4204 4203//4203
f 4056//4056 4206//4206 4204//4204
f 4205//4205 4057//4057 4054//4054
f 4207//4207 4057//4057 4205//4205
f 4058//4058 4206//4206 4056//4056
f 4058//4058 4208//4208 4206//4206
f 4207//4207 4059//4059 4057//4057
f 4209//4209 4059//4059 4207//4207
f 4060//4060 4208//4208 4058//4058
f 4060//4060 4210//4210 4208//4208
f 4209//4209 4061//4061 4059//4059
f 4211//4211 4061//4061 4209//4209
f 4062//4062 4210//4210 4060//4060
f 4062//4062 4212//4212 4210//4210
f 4213//4213 4063//4063 4064//4064
f 4214//4214 4213//4213 4064//4064
f 4061//4061 4214//4214 4064//4064
f 4211//4211 4214//4214 4061//4061
f 4065//4065 4212//4212 4062//4062
f 4065//4065 4215//4215 4212//4212
f 4217//4217 4216//4216 4213//4213
f 4216//4216 4063//4063 4213//4213
f 4216//4216 4066//4066 4063//4063
f 4217//4217 4213//4213 4214//4214
f 4067//4067 4215//4215 4065//4065
f 4067//4067 4218//4218 4215//4215
f 4216//4216 4068//4068 4066//4066
f 4219//4219 4068//4068 4216//4216
f 4069//4069 4218//4218 4067//4067
f 4069//4069 4220//4220 4218//4218
f 4219//4219 4071//4071 4068//4068
f 4221//4221 4071//4071 4219//4219
f 4072//4072 4220//4220 4069//4069
f 4072//4072 4222//4222 4220//4220
f 4224//4224 4223//4223 4074//4074
f 4074//4074 4223//4223 4073//4073
f 4074//4074 4071//4071 4221//4221
f 4074//4074 4221//4221 4224//4224
f 4075//4075 4222//4222 4072//4072
f 4075//4075 4225//4225 4222//4222
f 4223//4223 4076//4076 4073//4073
f 4226//4226 4076//4076 4223//4223
f 4077//4077 4225//4225 4075//4075
f 4077//4077 4227//4227 4225//4225
f 4228//4228 4078//4078 4079//4079
f 4229//4229 4228//4228 4079//4079
f 4076//4076 4229//4229 4079//4079
f 4226//4226 4229//4229 4076//4076
f 4080//4080 4227//4227 4077//4077
f 4080//4080 4230//4230 4227//4227
f 4232//4232 4231//4231 4228//4228
f 4231//4231 4078//4078 4228//4228
f 4231//4231 4082//4082 4078//4078
f 4232//4232 4228//4228 4229//4229
f 4083//4083 4230//4230 4080//4080
f 4083//4083 4233//4233 4230//4230
f 4234//4234 4084//4084 4085//4085
f 4235//4235 4234//4234 4085//4085
f 4082//4082 4235//4235 4085//4085
f 4231//4231 4235//4235 4082//4082
f 4086//4086 4233//4233 4083//4083
f 4086//4086 4236//4236 4233//4233
f 4238//4238 4237//4237 4234//4234
f 4237//4237 4084//4084 4234//4234
f 4237//4237 4088//4088 4084//4084
f 4238//4238 4234//4234 4235//4235
f 4090//4090 4236//4236 4086//4086
f 4090//4090 4239//4239 4236//4236
f 4240//4240 4092//4092 4093//4093
f 4241//4241 4240//4240 4093//4093
f 4088//4088 4241//4241 4093//4093
f 4237//4237 4241//4241 4088//4088
f 4090//4090 4094//4094 4242//4242
f 4243//4243 4090//4090 4242//4242
f 4239//4239 4090//4090 4243//4243
f 4096//4096 4242//4242 4094//4094
f 4244//4244 4098//4098 4099//4099
f 4245//4245 4244//4244 4099//4099
f 4245//4245 4099//4099 4092//4092
f 4246//4246 4245//4245 4092//4092
f 4240//4240 4246//4246 4092//4092
f 4246//4246 4240//4240 4241//4241
f 4243//4243 4242//4242 4247//4247
f 4243//4243 4247//4247 4248//4248
f 4101//4101 4247//4247 4096//4096
f 4096//4096 4247//4247 4242//4242
f 4249//4249 4106//4106 4244//4244
f 4244//4244 4106//4106 4098//4098
f 4244//4244 4245//4245 4250//4250
f 4244//4244 4250//4250 4249//4249
f 4248//4248 4247//4247 4251//4251
f 4248//4248 4251//4251 4252//4252
f 4107//4107 4253//4253 4101//4101
f 4253//4253 4247//4247 4101//4101
f 4253//4253 4251//4251 4247//4247
f 4108//4108 4253//4253 4107//4107
f 4254//4254 4115//4115 4116//4116
f 4106//4106 4249//4249 4116//4116
f 4249//4249 4254//4254 4116//4116
f 4249//4249 4255//4255 4254//4254
f 4249//4249 4250//4250 4256//4256
f 4249//4249 4256//4256 4255//4255
f 4257//4257 4252//4252 4251//4251
f 4259//4259 4258//4258 4257//4257
f 4251//4251 4259//4259 4257//4257
f 4253//4253 4259//4259 4251//4251
f 4117//4117 4260//4260 4108//4108
f 4260//4260 4253//4253 4108//4108
f 4260//4260 4259//4259 4253//4253
f 4118//4118 4260//4260 4117//4117
f 4261//4261 4123//4123 4124//4124
f 4115//4115 4254//4254 4124//4124
f 4254//4254 4261//4261 4124//4124
f 4254//4254 4262//4262 4261//4261
f 4255//4255 4264//4264 4263//4263
f 4262//4262 4255//4255 4263//4263
f 4254//4254 4255//4255 4262//4262
f 4264//4264 4255//4255 4256//4256
f 4258//4258 4259//4259 4265//4265
f 4258//4258 4265//4265 4266//4266
f 4267//4267 4259//4259 4260//4260
f 4265//4265 4259//4259 4267//4267
f 4125//4125 4268//4268 4118//4118
f 4268//4268 4260//4260 4118//4118
f 4268//4268 4267//4267 4260//4260
f 4126//4126 4269//4269 4125//4125
f 4125//4125 4269//4269 4268//4268
f 4127//4127 4270//4270 4126//4126
f 4126//4126 4270//4270 4269//4269
f 4128//4128 4271//4271 4127//4127
f 4127//4127 4271//4271 4270//4270
f 4123//4123 4261//4261 4128//4128
f 4261//4261 4271//4271 4128//4128
f 4261//4261 4272//4272 4271//4271
f 4262//4262 4274//4274 4273//4273
f 4272//4272 4262//4262 4273//4273
f 4261//4261 4262//4262 4272//4272
f 4274//4274 4262//4262 4263//4263
f 4275//4275 4266//4266 4265//4265
f 4275//4275 4265//4265 4267//4267
f 4275//4275 4267//4267 4276//4276
f 4276//4276 4267//4267 4268//4268
f 4276//4276 4268//4268 4277//4277
f 4279//4279 4278//4278 4277//4277
f 4268//4268 4279//4279 4277//4277
f 4269//4269 4279//4279 4268//4268
f 4280//4280 4269//4269 4270//4270
f 4279//4279 4269//4269 4280//4280
f 4281//4281 4270//4270 4271//4271
f 4280//4280 4270//4270 4281//4281
f 4272//4272 4283//4283 4282//4282
f 4281//4281 4272//4272 4282//4282
f 4271//4271 4272//4272 4281//4281
f 4283//4283 4272//4272 4273//4273
f 4284//4284 4278//4278 4279//4279
f 4284//4284 4279//4279 4280//4280
f 4284//4284 4280//4280 4285//4285
f 4285//4285 4280//4280 4281//4281
f 4285//4285 4281//4281 4286//4286
f 4286//4286 4281//4281 4282//4282
f 4289//4289 4288//4288 4287//4287
f 4291//4291 4290//4290 4287//4287
f 4291//4291 4287//4287 4288//4288
f 4293//4293 4292//4292 4290//4290
f 4293//4293 4290//4290 4291//4291
f 4295//4295 4294//4294 4292//4292
f 4295//4295 4292//4292 4293//4293
f 4297//4297 4296//4296 4294//4294
f 4297//4297 4294//4294 4295//4295
f 4299//4299 4298//4298 4296//4296
f 4299//4299 4296//4296 4297//4297
f 4301//4301 4300//4300 4298//4298
f 4301//4301 4298//4298 4299//4299
f 4302//4302 4300//4300 4301//4301
f 4305//4305 4304//4304 4303//4303
f 4303//4303 4304//4304 4289//4289
f 4303//4303 4289//4289 4287//4287
f 4131//4131 4303//4303 4287//4287
f 4130//4130 4131//4131 4287//4287
f 4130//4130 4287//4287 4133//4133
f 4133//4133 4287//4287 4290//4290
f 4133//4133 4290//4290 4135//4135
f 4135//4135 4290//4290 4292//4292
f 4135//4135 4292//4292 4137//4137
f 4137//4137 4292//4292 4294//4294
f 4137//4137 4294//4294 4139//4139
f 4139//4139 4294//4294 4296//4296
f 4139//4139 4296//4296 4141//4141
f 4141//4141 4296//4296 4298//4298
f 4141//4141 4298//4298 4143//4143
f 4143//4143 4298//4298 4300//4300
f 4307//4307 4306//4306 4144//4144
f 4307//4307 4144//4144 4143//4143
f 4302//4302 4307//4307 4143//4143
f 4300//4300 4302//4302 4143//4143
f 4308//4308 4306//4306 4307//4307
f 4305//4305 4303//4303 4146//4146
f 4147//4147 4305//4305 4146//4146
f 4309//4309 4305//4305 4147//4147
f 4146//4146 4303//4303 4131//4131
f 4306//4306 4150//4150 4144//4144
f 4311//4311 4310//4310 4151//4151
f 4311//4311 4151//4151 4150//4150
f 4308//4308 4311//4311 4150//4150
f 4306//4306 4308//4308 4150//4150
f 4312//4312 4310//4310 4311//4311
f 4152//4152 4309//4309 4147//4147
f 4152//4152 4313//4313 4309//4309
f 4310//4310 4153//4153 4151//4151
f 4315//4315 4314//4314 4154//4154
f 4315//4315 4154//4154 4153//4153
f 4312//4312 4315//4315 4153//4153
f 4310//4310 4312//4312 4153//4153
f 4316//4316 4314//4314 4315//4315
f 4155//4155 4313//4313 4152//4152
f 4155//4155 4317//4317 4313//4313
f 4314//4314 4156//4156 4154//4154
f 4157//4157 4156//4156 4314//4314
f 4316//4316 4157//4157 4314//4314
f 4318//4318 4157//4157 4316//4316
f 4158//4158 4317//4317 4155//4155
f 4158//4158 4319//4319 4317//4317
f 4318//4318 4320//4320 4157//4157
f 4157//4157 4320//4320 4159//4159
f 4160//4160 4159//4159 4320//4320
f 4160//4160 4320//4320 4321//4321
f 4161//4161 4319//4319 4158//4158
f 4161//4161 4322//4322 4319//4319
f 4321//4321 4162//4162 4160//4160
f 4323//4323 4162//4162 4321//4321
f 4325//4325 4324//4324 4163//4163
f 4325//4325 4163//4163 4164//4164
f 4163//4163 4326//4326 4165//4165
f 4324//4324 4326//4326 4163//4163
f 4165//4165 4327//4327 4166//4166
f 4326//4326 4327//4327 4165//4165
f 4166//4166 4328//4328 4167//4167
f 4327//4327 4328//4328 4166//4166
f 4167//4167 4329//4329 4168//4168
f 4328//4328 4329//4329 4167//4167
f 4168//4168 4330//4330 4169//4169
f 4329//4329 4330//4330 4168//4168
f 4169//4169 4331//4331 4170//4170
f 4330//4330 4331//4331 4169//4169
f 4170//4170 4332//4332 4171//4171
f 4331//4331 4332//4332 4170//4170
f 4171//4171 4333//4333 4172//4172
f 4332//4332 4333//4333 4171//4171
f 4172//4172 4334//4334 4173//4173
f 4333//4333 4334//4334 4172//4172
f 4173//4173 4335//4335 4174//4174
f 4334//4334 4335//4335 4173//4173
f 4174//4174 4336//4336 4175//4175
f 4335//4335 4336//4336 4174//4174
f 4176//4176 4175//4175 4336//4336
f 4176//4176 4336//4336 4337//4337
f 4177//4177 4325//4325 4164//4164
f 4177//4177 4338//4338 4325//4325
f 4337//4337 4178//4178 4176//4176
f 4339//4339 4178//4178 4337//4337
f 4179//4179 4338//4338 4177//4177
f 4179//4179 4340//4340 4338//4338
f 4339//4339 4180//4180 4178//4178
f 4341//4341 4180//4180 4339//4339
f 4181//4181 4340//4340 4179//4179
f 4181//4181 4342//4342 4340//4340
f 4341//4341 4182//4182 4180//4180
f 4343//4343 4182//4182 4341//4341
f 4183//4183 4342//4342 4181//4181
f 4183//4183 4344//4344 4342//4342
f 4343//4343 4184//4184 4182//4182
f 4345//4345 4184//4184 4343//4343
f 4185//4185 4344//4344 4183//4183
f 4185//4185 4346//4346 4344//4344
f 4345//4345 4186//4186 4184//4184
f 4347//4347 4186//4186 4345//4345
f 4187//4187 4346//4346 4185//4185
f 4187//4187 4348//4348 4346//4346
f 4347//4347 4188//4188 4186//4186
f 4349//4349 4188//4188 4347//4347
f 4189//4189 4348//4348 4187//4187
f 4189//4189 4350//4350 4348//4348
f 4349//4349 4190//4190 4188//4188
f 4351//4351 4190//4190 4349//4349
f 4191//4191 4350//4350 4189//4189
f 4191//4191 4352//4352 4350//4350
f 4351//4351 4192//4192 4190//4190
f 4353//4353 4192//4192 4351//4351
f 4193//4193 4352//4352 4191//4191
f 4193//4193 4354//4354 4352//4352
f 4353//4353 4355//4355 4192//4192
f 4192//4192 4355//4355 4194//4194
f 4194//4194 4356//4356 4195//4195
f 4355//4355 4356//4356 4194//4194
f 4195//4195 4357//4357 4196//4196
f 4356//4356 4357//4357 4195//4195
f 4357//4357 4359//4359 4358//4358
f 4197//4197 4357//4357 4358//4358
f 4196//4196 4357//4357 4197//4197
f 4358//4358 4198//4198 4197//4197
f 4360//4360 4354//4354 4193//4193
f 4360//4360 4193//4193 4199//4199
f 4199//4199 4201//4201 4360//4360
f 4360//4360 4201//4201 4361//4361
f 4359//4359 4362//4362 4358//4358
f 4198//4198 4358//4358 4362//4362
f 4363//4363 4198//4198 4362//4362
f 4202//4202 4198//4198 4363//4363
f 4204//4204 4361//4361 4201//4201
f 4204//4204 4364//4364 4361//4361
f 4363//4363 4205//4205 4202//4202
f 4365//4365 4205//4205 4363//4363
f 4206//4206 4364//4364 4204//4204
f 4206//4206 4366//4366 4364//4364
f 4365//4365 4207//4207 4205//4205
f 4367//4367 4207//4207 4365//4365
f 4208//4208 4366//4366 4206//4206
f 4208//4208 4368//4368 4366//4366
f 4367//4367 4209//4209 4207//4207
f 4369//4369 4209//4209 4367//4367
f 4210//4210 4368//4368 4208//4208
f 4210//4210 4370//4370 4368//4368
f 4369//4369 4211//4211 4209//4209
f 4371//4371 4211//4211 4369//4369
f 4212//4212 4370//4370 4210//4210
f 4212//4212 4372//4372 4370//4370
f 4375//4375 4374//4374 4373//4373
f 4371//4371 4375//4375 4373//4373
f 4214//4214 4371//4371 4373//4373
f 4211//4211 4371//4371 4214//4214
f 4215//4215 4372//4372 4212//4212
f 4215//4215 4376//4376 4372//4372
f 4373//4373 4374//4374 4217//4217
f 4374//4374 4216//4216 4217//4217
f 4374//4374 4377//4377 4216//4216
f 4373//4373 4217//4217 4214//4214
f 4218//4218 4376//4376 4215//4215
f 4218//4218 4378//4378 4376//4376
f 4377//4377 4219//4219 4216//4216
f 4379//4379 4219//4219 4377//4377
f 4220//4220 4378//4378 4218//4218
f 4220//4220 4380//4380 4378//4378
f 4379//4379 4221//4221 4219//4219
f 4381//4381 4221//4221 4379//4379
f 4222//4222 4380//4380 4220//4220
f 4222//4222 4382//4382 4380//4380
f 4383//4383 4223//4223 4224//4224
f 4384//4384 4383//4383 4224//4224
f 4221//4221 4384//4384 4224//4224
f 4381//4381 4384//4384 4221//4221
f 4225//4225 4382//4382 4222//4222
f 4225//4225 4385//4385 4382//4382
f 4387//4387 4386//4386 4383//4383
f 4386//4386 4223//4223 4383//4383
f 4386//4386 4226//4226 4223//4223
f 4387//4387 4383//4383 4384//4384
f 4227//4227 4385//4385 4225//4225
f 4227//4227 4388//4388 4385//4385
f 4386//4386 4229//4229 4226//4226
f 4389//4389 4229//4229 4386//4386
f 4230//4230 4388//4388 4227//4227
f 4230//4230 4390//4390 4388//4388
f 4391//4391 4231//4231 4232//4232
f 4392//4392 4391//4391 4232//4232
f 4229//4229 4392//4392 4232//4232
f 4389//4389 4392//4392 4229//4229
f 4233//4233 4390//4390 4230//4230
f 4233//4233 4393//4393 4390//4390
f 4395//4395 4394//4394 4391//4391
f 4394//4394 4231//4231 4391//4391
f 4394//4394 4235//4235 4231//4231
f 4395//4395 4391//4391 4392//4392
f 4236//4236 4393//4393 4233//4233
f 4236//4236 4396//4396 4393//4393
f 4397//4397 4237//4237 4238//4238
f 4398//4398 4397//4397 4238//4238
f 4235//4235 4398//4398 4238//4238
f 4394//4394 4398//4398 4235//4235
f 4239//4239 4396//4396 4236//4236
f 4239//4239 4399//4399 4396//4396
f 4400//4400 4241//4241 4397//4397
f 4397//4397 4241//4241 4237//4237
f 4397//4397 4398//4398 4401//4401
f 4397//4397 4401//4401 4400//4400
f 4243//4243 4399//4399 4239//4239
f 4243//4243 4402//4402 4399//4399
f 4403//4403 4245//4245 4246//4246
f 4404//4404 4403//4403 4246//4246
f 4404//4404 4246//4246 4241//4241
f 4405//4405 4404//4404 4241//4241
f 4400//4400 4405//4405 4241//4241
f 4405//4405 4400//4400 4401//4401
f 4248//4248 4402//4402 4243//4243
f 4248//4248 4406//4406 4402//4402
f 4407//4407 4250//4250 4403//4403
f 4403//4403 4250//4250 4245//4245
f 4403//4403 4404//4404 4408//4408
f 4403//4403 4408//4408 4407//4407
f 4252//4252 4406//4406 4248//4248
f 4252//4252 4409//4409 4406//4406
f 4410//4410 4256//4256 4407//4407
f 4407//4407 4256//4256 4250//4250
f 4407//4407 4408//4408 4411//4411
f 4407//4407 4411//4411 4410//4410
f 4252//4252 4257//4257 4412//4412
f 4413//4413 4252//4252 4412//4412
f 4409//4409 4252//4252 4413//4413
f 4258//4258 4412//4412 4257//4257
f 4414//4414 4263//4263 4264//4264
f 4415//4415 4414//4414 4264//4264
f 4415//4415 4264//4264 4256//4256
f 4416//4416 4415//4415 4256//4256
f 4410//4410 4416//4416 4256//4256
f 4416//4416 4410//4410 4411//4411
f 4413//4413 4412//4412 4417//4417
f 4413//4413 4417//4417 4418//4418
f 4266//4266 4417//4417 4258//4258
f 4258//4258 4417//4417 4412//4412
f 4419//4419 4273//4273 4274//4274
f 4263//4263 4414//4414 4274//4274
f 4414//4414 4419//4419 4274//4274
f 4414//4414 4420//4420 4419//4419
f 4414//4414 4415//4415 4421//4421
f 4414//4414 4421//4421 4420//4420
f 4422//4422 4418//4418 4417//4417
f 4424//4424 4422//4422 4423//4423
f 4423//4423 4422//4422 4275//4275
f 4422//4422 4417//4417 4275//4275
f 4417//4417 4266//4266 4275//4275
f 4276//4276 4425//4425 4275//4275
f 4275//4275 4425//4425 4423//4423
f 4277//4277 4426//4426 4276//4276
f 4276//4276 4426//4426 4425//4425
f 4278//4278 4426//4426 4277//4277
f 4427//4427 4282//4282 4283//4283
f 4273//4273 4419//4419 4283//4283
f 4419//4419 4427//4427 4283//4283
f 4419//4419 4428//4428 4427//4427
f 4420//4420 4430//4430 4429//4429
f 4428//4428 4420//4420 4429//4429
f 4419//4419 4420//4420 4428//4428
f 4430//4430 4420//4420 4421//4421
f 4431//4431 4424//4424 4423//4423
f 4433//4433 4432//4432 4431//4431
f 4423//4423 4433//4433 4431//4431
f 4425//4425 4433//4433 4423//4423
f 4434//4434 4425//4425 4426//4426
f 4433//4433 4425//4425 4434//4434
f 4284//4284 4435//4435 4278//4278
f 4435//4435 4426//4426 4278//4278
f 4435//4435 4434//4434 4426//4426
f 4285//4285 4436//4436 4284//4284
f 4284//4284 4436//4436 4435//4435
f 4286//4286 4437//4437 4285//4285
f 4285//4285 4437//4437 4436//4436
f 4282//4282 4427//4427 4286//4286
f 4427//4427 4437//4437 4286//4286
f 4427//4427 4438//4438 4437//4437
f 4428//4428 4440//4440 4439//4439
f 4438//4438 4428//4428 4439//4439
f 4427//4427 4428//4428 4438//4438
f 4440//4440 4428//4428 4429//4429
f 4441//4441 4432//4432 4433//4433
f 4441//4441 4433//4433 4434//4434
f 4441//4441 4434//4434 4442//4442
f 4442//4442 4434//4434 4435//4435
f 4442//4442 4435//4435 4443//4443
f 4443//4443 4435//4435 4436//4436
f 4443//4443 4436//4436 4444//4444
f 4444//4444 4436//4436 4437//4437
f 4444//4444 4437//4437 4445//4445
f 4445//4445 4437//4437 4438//4438
f 4445//4445 4438//4438 4446//4446
f 4446//4446 4438//4438 4439//4439
f 4449//4449 4448//4448 4447//4447
f 4451//4451 4450//4450 4447//4447
f 4451//4451 4447//4447 4448//4448
f 4453//4453 4452//4452 4450//4450
f 4453//4453 4450//4450 4451//4451
f 4455//4455 4454//4454 4452//4452
f 4455//4455 4452//4452 4453//4453
f 4457//4457 4456//4456 4454//4454
f 4457//4457 4454//4454 4455//4455
f 4459//4459 4458//4458 4456//4456
f 4459//4459 4456//4456 4457//4457
f 4461//4461 4460//4460 4458//4458
f 4461//4461 4458//4458 4459//4459
f 4462//4462 4460//4460 4461//4461
f 4465//4465 4464//4464 4463//4463
f 4463//4463 4464//4464 4449//4449
f 4463//4463 4449//4449 4447//4447
f 4289//4289 4463//4463 4447//4447
f 4288//4288 4289//4289 4447//4447
f 4288//4288 4447//4447 4291//4291
f 4291//4291 4447//4447 4450//4450
f 4291//4291 4450//4450 4293//4293
f 4293//4293 4450//4450 4452//4452
f 4293//4293 4452//4452 4295//4295
f 4295//4295 4452//4452 4454//4454
f 4295//4295 4454//4454 4297//4297
f 4297//4297 4454//4454 4456//4456
f 4297//4297 4456//4456 4299//4299
f 4299//4299 4456//4456 4458//4458
f 4299//4299 4458//4458 4301//4301
f 4301//4301 4458//4458 4460//4460
f 4467//4467 4466//4466 4302//4302
f 4467//4467 4302//4302 4301//4301
f 4462//4462 4467//4467 4301//4301
f 4460//4460 4462//4462 4301//4301
f 4468//4468 4466//4466 4467//4467
f 4465//4465 4463//4463 4304//4304
f 4305//4305 4465//4465 4304//4304
f 4469//4469 4465//4465 4305//4305
f 4304//4304 4463//4463 4289//4289
f 4466//4466 4307//4307 4302//4302
f 4471//4471 4470//4470 4308//4308
f 4471//4471 4308//4308 4307//4307
f 4468//4468 4471//4471 4307//4307
f 4466//4466 4468//4468 4307//4307
f 4472//4472 4470//4470 4471//4471
f 4309//4309 4469//4469 4305//4305
f 4309//4309 4473//4473 4469//4469
f 4470//4470 4311//4311 4308//4308
f 4475//4475 4474//4474 4312//4312
f 4475//4475 4312//4312 4311//4311
f 4472//4472 4475//4475 4311//4311
f 4470//4470 4472//4472 4311//4311
f 4476//4476 4474//4474 4475//4475
f 4313//4313 4473//4473 4309//4309
f 4313//4313 4477//4477 4473//4473
f 4474//4474 4315//4315 4312//4312
f 4316//4316 4315//4315 4474//4474
f 4476//4476 4316//4316 4474//4474
f 4478//4478 4316//4316 4476//4476
f 4317//4317 4477//4477 4313//4313
f 4317//4317 4479//4479 4477//4477
f 4481//4481 4318//4318 4480//4480
f 4318//4318 4478//4478 4480//4480
f 4318//4318 4316//4316 4478//4478
f 4482//4482 4481//4481 4480//4480
f 4319//4319 4479//4479 4317//4317
f 4319//4319 4483//4483 4479//4479
f 4481//4481 4320//4320 4318//4318
f 4321//4321 4320//4320 4481//4481
f 4482//4482 4321//4321 4481//4481
f 4484//4484 4321//4321 4482//4482
f 4322//4322 4483//4483 4319//4319
f 4322//4322 4485//4485 4483//4483
f 4484//4484 4323//4323 4321//4321
f 4486//4486 4323//4323 4484//4484
f 4488//4488 4487//4487 4324//4324
f 4488//4488 4324//4324 4325//4325
f 4324//4324 4489//4489 4326//4326
f 4487//4487 4489//4489 4324//4324
f 4326//4326 4490//4490 4327//4327
f 4489//4489 4490//4490 4326//4326
f 4327//4327 4491//4491 4328//4328
f 4490//4490 4491//4491 4327//4327
f 4328//4328 4492//4492 4329//4329
f 4491//4491 4492//4492 4328//4328
f 4329//4329 4493//4493 4330//4330
f 4492//4492 4493//4493 4329//4329
f 4330//4330 4494//4494 4331//4331
f 4493//4493 4494//4494 4330//4330
f 4331//4331 4495//4495 4332//4332
f 4494//4494 4495//4495 4331//4331
f 4332//4332 4496//4496 4333//4333
f 4495//4495 4496//4496 4332//4332
f 4333//4333 4497//4497 4334//4334
f 4496//4496 4497//4497 4333//4333
f 4334//4334 4498//4498 4335//4335
f 4497//4497 4498//4498 4334//4334
f 4335//4335 4499//4499 4336//4336
f 4498//4498 4499//4499 4335//4335
f 4337//4337 4336//4336 4499//4499
f 4337//4337 4499//4499 4500//4500
f 4338//4338 4488//4488 4325//4325
f 4338//4338 4501//4501 4488//4488
f 4500//4500 4339//4339 4337//4337
f 4502//4502 4339//4339 4500//4500
f 4340//4340 4501//4501 4338//4338
f 4340//4340 4503//4503 4501//4501
f 4502//4502 4341//4341 4339//4339
f 4504//4504 4341//4341 4502//4502
f 4342//4342 4503//4503 4340//4340
f 4342//4342 4505//4505 4503//4503
f 4504//4504 4343//4343 4341//4341
f 4506//4506 4343//4343 4504//4504
f 4344//4344 4505//4505 4342//4342
f 4344//4344 4507//4507 4505//4505
f 4506//4506 4345//4345 4343//4343
f 4508//4508 4345//4345 4506//4506
f 4346//4346 4507//4507 4344//4344
f 4346//4346 4509//4509 4507//4507
f 4508//4508 4347//4347 4345//4345
f 4510//4510 4347//4347 4508//4508
f 4348//4348 4509//4509 4346//4346
f 4348//4348 4511//4511 4509//4509
f 4510//4510 4349//4349 4347//4347
f 4512//4512 4349//4349 4510//4510
f 4350//4350 4511//4511 4348//4348
f 4350//4350 4513//4513 4511//4511
f 4512//4512 4351//4351 4349//4349
f 4514//4514 4351//4351 4512//4512
f 4352//4352 4513//4513 4350//4350
f 4352//4352 4515//4515 4513//4513
f 4514//4514 4353//4353 4351//4351
f 4516//4516 4353//4353 4514//4514
f 4354//4354 4515//4515 4352//4352
f 4354//4354 4517//4517 4515//4515
f 4516//4516 4518//4518 4353//4353
f 4353//4353 4518//4518 4355//4355
f 4355//4355 4519//4519 4356//4356
f 4518//4518 4519//4519 4355//4355
f 4356//4356 4520//4520 4357//4357
f 4519//4519 4520//4520 4356//4356
f 4359//4359 4357//4357 4520//4520
f 4359//4359 4520//4520 4521//4521
f 4522//4522 4517//4517 4354//4354
f 4522//4522 4354//4354 4360//4360
f 4360//4360 4361//4361 4522//4522
f 4522//4522 4361//4361 4523//4523
f 4362//4362 4359//4359 4524//4524
f 4359//4359 4525//4525 4524//4524
f 4359//4359 4521//4521 4525//4525
f 4524//4524 4363//4363 4362//4362
f 4364//4364 4523//4523 4361//4361
f 4364//4364 4526//4526 4523//4523
f 4524//4524 4525//4525 4527//4527
f 4527//4527 4525//4525 4528//4528
f 4527//4527 4365//4365 4363//4363
f 4527//4527 4363//4363 4524//4524
f 4366//4366 4526//4526 4364//4364
f 4366//4366 4529//4529 4526//4526
f 4527//4527 4528//4528 4530//4530
f 4530//4530 4528//4528 4531//4531
f 4530//4530 4367//4367 4365//4365
f 4530//4530 4365//4365 4527//4527
f 4368//4368 4529//4529 4366//4366
f 4368//4368 4532//4532 4529//4529
f 4530//4530 4531//4531 4533//4533
f 4533//4533 4531//4531 4534//4534
f 4533//4533 4369//4369 4367//4367
f 4533//4533 4367//4367 4530//4530
f 4370//4370 4532//4532 4368//4368
f 4370//4370 4535//4535 4532//4532
f 4533//4533 4534//4534 4536//4536
f 4536//4536 4534//4534 4537//4537
f 4536//4536 4371//4371 4369//4369
f 4536//4536 4369//4369 4533//4533
f 4372//4372 4535//4535 4370//4370
f 4372//4372 4538//4538 4535//4535
f 4536//4536 4537//4537 4375//4375
f 4537//4537 4374//4374 4375//4375
f 4537//4537 4539//4539 4374//4374
f 4536//4536 4375//4375 4371//4371
f 4376//4376 4538//4538 4372//4372
f 4376//4376 4540//4540 4538//4538
f 4539//4539 4377//4377 4374//4374
f 4541//4541 4377//4377 4539//4539
f 4378//4378 4540//4540 4376//4376
f 4378//4378 4542//4542 4540//4540
f 4541//4541 4379//4379 4377//4377
f 4543//4543 4379//4379 4541//4541
f 4380//4380 4542//4542 4378//4378
f 4380//4380 4544//4544 4542//4542
f 4543//4543 4381//4381 4379//4379
f 4545//4545 4381//4381 4543//4543
f 4382//4382 4544//4544 4380//4380
f 4382//4382 4546//4546 4544//4544
f 4545//4545 4384//4384 4381//4381
f 4547//4547 4384//4384 4545//4545
f 4385//4385 4546//4546 4382//4382
f 4385//4385 4548//4548 4546//4546
f 4550//4550 4549//4549 4387//4387
f 4387//4387 4549//4549 4386//4386
f 4387//4387 4384//4384 4547//4547
f 4387//4387 4547//4547 4550//4550
f 4388//4388 4548//4548 4385//4385
f 4388//4388 4551//4551 4548//4548
f 4549//4549 4389//4389 4386//4386
f 4552//4552 4389//4389 4549//4549
f 4390//4390 4551//4551 4388//4388
f 4390//4390 4553//4553 4551//4551
f 4552//4552 4392//4392 4389//4389
f 4554//4554 4392//4392 4552//4552
f 4393//4393 4553//4553 4390//4390
f 4393//4393 4555//4555 4553//4553
f 4556//4556 4394//4394 4395//4395
f 4557//4557 4556//4556 4395//4395
f 4392//4392 4557//4557 4395//4395
f 4554//4554 4557//4557 4392//4392
f 4396//4396 4555//4555 4393//4393
f 4396//4396 4558//4558 4555//4555
f 4560//4560 4559//4559 4556//4556
f 4559//4559 4394//4394 4556//4556
f 4559//4559 4398//4398 4394//4394
f 4560//4560 4556//4556 4557//4557
f 4399//4399 4558//4558 4396//4396
f 4399//4399 4561//4561 4558//4558
f 4559//4559 4401//4401 4398//4398
f 4562//4562 4401//4401 4559//4559
f 4402//4402 4561//4561 4399//4399
f 4402//4402 4563//4563 4561//4561
f 4564//4564 4404//4404 4405//4405
f 4565//4565 4564//4564 4405//4405
f 4401//4401 4565//4565 4405//4405
f 4562//4562 4565//4565 4401//4401
f 4406//4406 4563//4563 4402//4402
f 4406//4406 4566//4566 4563//4563
f 4567//4567 4408//4408 4564//4564
f 4564//4564 4408//4408 4404//4404
f 4564//4564 4565//4565 4568//4568
f 4564//4564 4568//4568 4567//4567
f 4409//4409 4566//4566 4406//4406
f 4409//4409 4569//4569 4566//4566
f 4570//4570 4411//4411 4567//4567
f 4567//4567 4411//4411 4408//4408
f 4567//4567 4568//4568 4571//4571
f 4567//4567 4571//4571 4570//4570
f 4413//4413 4569//4569 4409//4409
f 4413//4413 4572//4572 4569//4569
f 4573//4573 4415//4415 4416//4416
f 4574//4574 4573//4573 4416//4416
f 4574//4574 4416//4416 4411//4411
f 4575//4575 4574//4574 4411//4411
f 4570//4570 4575//4575 4411//4411
f 4575//4575 4570//4570 4571//4571
f 4418//4418 4572//4572 4413//4413
f 4418//4418 4576//4576 4572//4572
f 4577//4577 4421//4421 4573//4573
f 4573//4573 4421//4421 4415//4415
f 4573//4573 4574//4574 4578//4578
f 4573//4573 4578//4578 4577//4577
f 4418//4418 4422//4422 4579//4579
f 4580//4580 4418//4418 4579//4579
f 4576//4576 4418//4418 4580//4580
f 4424//4424 4579//4579 4422//4422
f 4581//4581 4429//4429 4430//4430
f 4421//4421 4577//4577 4430//4430
f 4577//4577 4581//4581 4430//4430
f 4577//4577 4582//4582 4581//4581
f 4577//4577 4578//4578 4583//4583
f 4577//4577 4583//4583 4582//4582
f 4580//4580 4579//4579 4584//4584
f 4580//4580 4584//4584 4585//4585
f 4431//4431 4586//4586 4424//4424
f 4586//4586 4579//4579 4424//4424
f 4586//4586 4584//4584 4579//4579
f 4432//4432 4586//4586 4431//4431
f 4587//4587 4439//4439 4440//4440
f 4429//4429 4581//4581 4440//4440
f 4581//4581 4587//4587 4440//4440
f 4581//4581 4588//4588 4587//4587
f 4582//4582 4590//4590 4589//4589
f 4588//4588 4582//4582 4589//4589
f 4581//4581 4582//4582 4588//4588
f 4590//4590 4582//4582 4583//4583
f 4591//4591 4585//4585 4584//4584
f 4593//4593 4592//4592 4591//4591
f 4584//4584 4593//4593 4591//4591
f 4586//4586 4593//4593 4584//4584
f 4441//4441 4594//4594 4432//4432
f 4594//4594 4586//4586 4432//4432
f 4594//4594 4593//4593 4586//4586
f 4442//4442 4595//4595 4441//4441
f 4441//4441 4595//4595 4594//4594
f 4443//4443 4596//4596 4442//4442
f 4442//4442 4596//4596 4595//4595
f 4444//4444 4597//4597 4443//4443
f 4443//4443 4597//4597 4596//4596
f 4445//4445 4598//4598 4444//4444
f 4444//4444 4598//4598 4597//4597
f 4446//4446 4599//4599 4445//4445
f 4445//4445 4599//4599 4598//4598
f 4439//4439 4587//4587 4446//4446
f 4587//4587 4599//4599 4446//4446
f 4587//4587 4600//4600 4599//4599
f 4588//4588 4602//4602 4601//4601
f 4600//4600 4588//4588 4601//4601
f 4587//4587 4588//4588 4600//4600
f 4602//4602 4588//4588 4589//4589
f 4603//4603 4592//4592 4593//4593
f 4603//4603 4593//4593 4594//4594
f 4603//4603 4594//4594 4604//4604
f 4604//4604 4594//4594 4595//4595
f 4604//4604 4595//4595 4605//4605
f 4607//4607 4606//4606 4605//4605
f 4595//4595 4607//4607 4605//4605
f 4596//4596 4607//4607 4595//4595
f 4608//4608 4596//4596 4597//4597
f 4607//4607 4596//4596 4608//4608
f 4609//4609 4597//4597 4598//4598
f 4608//4608 4597//4597 4609//4609
f 4599//4599 4611//4611 4610//4610
f 4609//4609 4599//4599 4610//4610
f 4598//4598 4599//4599 4609//4609
f 4611//4611 4599//4599 4600//4600
f 4611//4611 4600//4600 4612//4612
f 4612//4612 4600//4600 4601//4601
f 4613//4613 4606//4606 4607//4607
f 4613//4613 4607//4607 4608//4608
f 4613//4613 4608//4608 4614//4614
f 4614//4614 4608//4608 4609//4609
f 4614//4614 4609//4609 4615//4615
f 4615//4615 4609//4609 4610//4610
f 4618//4618 4617//4617 4616//4616
f 4620//4620 4619//4619 4616//4616
f 4620//4620 4616//4616 4617//4617
f 4622//4622 4621//4621 4619//4619
f 4622//4622 4619//4619 4620//4620
f 4624//4624 4623//4623 4621//4621
f 4624//4624 4621//4621 4622//4622
f 4626//4626 4625//4625 4623//4623
f 4626//4626 4623//4623 4624//4624
f 4628//4628 4627//4627 4625//4625
f 4628//4628 4625//4625 4626//4626
f 4630//4630 4629//4629 4627//4627
f 4630//4630 4627//4627 4628//4628
f 4631//4631 4629//4629 4630//4630
f 4634//4634 4633//4633 4632//4632
f 4632//4632 4633//4633 4618//4618
f 4632//4632 4618//4618 4616//4616
f 4449//4449 4632//4632 4616//4616
f 4448//4448 4449//4449 4616//4616
f 4448//4448 4616//4616 4451//4451
f 4451//4451 4616//4616 4619//4619
f 4451//4451 4619//4619 4453//4453
f 4453//4453 4619//4619 4621//4621
f 4453//4453 4621//4621 4455//4455
f 4455//4455 4621//4621 4623//4623
f 4455//4455 4623//4623 4457//4457
f 4457//4457 4623//4623 4625//4625
f 4457//4457 4625//4625 4459//4459
f 4459//4459 4625//4625 4627//4627
f 4459//4459 4627//4627 4461//4461
f 4461//4461 4627//4627 4629//4629
f 4636//4636 4635//4635 4462//4462
f 4636//4636 4462//4462 4461//4461
f 4631//4631 4636//4636 4461//4461
f 4629//4629 4631//4631 4461//4461
f 4637//4637 4635//4635 4636//4636
f 4634//4634 4632//4632 4464//4464
f 4465//4465 4634//4634 4464//4464
f 4638//4638 4634//4634 4465//4465
f 4464//4464 4632//4632 4449//4449
f 4635//4635 4467//4467 4462//4462
f 4640//4640 4639//4639 4468//4468
f 4640//4640 4468//4468 4467//4467
f 4637//4637 4640//4640 4467//4467
f 4635//4635 4637//4637 4467//4467
f 4641//4641 4639//4639 4640//4640
f 4469//4469 4638//4638 4465//4465
f 4469//4469 4642//4642 4638//4638
f 4639//4639 4471//4471 4468//4468
f 4644//4644 4643//4643 4472//4472
f 4644//4644 4472//4472 4471//4471
f 4641//4641 4644//4644 4471//4471
f 4639//4639 4641//4641 4471//4471
f 4645//4645 4643//4643 4644//4644
f 4473//4473 4642//4642 4469//4469
f 4473//4473 4646//4646 4642//4642
f 4643//4643 4475//4475 4472//4472
f 4476//4476 4475//4475 4643//4643
f 4645//4645 4476//4476 4643//4643
f 4647//4647 4476//4476 4645//4645
f 4477//4477 4646//4646 4473//4473
f 4477//4477 4648//4648 4646//4646
f 4650//4650 4478//4478 4649//4649
f 4478//4478 4647//4647 4649//4649
f 4478//4478 4476//4476 4647//4647
f 4651//4651 4650//4650 4649//4649
f 4479//4479 4648//4648 4477//4477
f 4479//4479 4652//4652 4648//4648
f 4650//4650 4480//4480 4478//4478
f 4482//4482 4480//4480 4650//4650
f 4651//4651 4482//4482 4650//4650
f 4653//4653 4482//4482 4651//4651
f 4483//4483 4652//4652 4479//4479
f 4483//4483 4654//4654 4652//4652
f 4653//4653 4484//4484 4482//4482
f 4655//4655 4484//4484 4653//4653
f 4485//4485 4654//4654 4483//4483
f 4485//4485 4656//4656 4654//4654
f 4655//4655 4486//4486 4484//4484
f 4657//4657 4486//4486 4655//4655
f 4488//4488 4658//4658 4487//4487
f 4659//4659 4489//4489 4487//4487
f 4659//4659 4487//4487 4658//4658
f 4660//4660 4490//4490 4489//4489
f 4660//4660 4489//4489 4659//4659
f 4661//4661 4491//4491 4490//4490
f 4661//4661 4490//4490 4660//4660
f 4662//4662 4492//4492 4491//4491
f 4662//4662 4491//4491 4661//4661
f 4663//4663 4493//4493 4492//4492
f 4663//4663 4492//4492 4662//4662
f 4664//4664 4494//4494 4493//4493
f 4664//4664 4493//4493 4663//4663
f 4665//4665 4495//4495 4494//4494
f 4665//4665 4494//4494 4664//4664
f 4666//4666 4496//4496 4495//4495
f 4666//4666 4495//4495 4665//4665
f 4667//4667 4497//4497 4496//4496
f 4667//4667 4496//4496 4666//4666
f 4668//4668 4498//4498 4497//4497
f 4668//4668 4497//4497 4667//4667
f 4669//4669 4499//4499 4498//4498
f 4669//4669 4498//4498 4668//4668
f 4669//4669 4500//4500 4499//4499
f 4501//4501 4670//4670 4658//4658
f 4501//4501 4658//4658 4488//4488
f 4658//4658 4671//4671 4659//4659
f 4658//4658 4670//4670 4671//4671
f 4659//4659 4672//4672 4660//4660
f 4659//4659 4671//4671 4672//4672
f 4660//4660 4673//4673 4661//4661
f 4660//4660 4672//4672 4673//4673
f 4661//4661 4674//4674 4662//4662
f 4661//4661 4673//4673 4674//4674
f 4662//4662 4675//4675 4663//4663
f 4662//4662 4674//4674 4675//4675
f 4663//4663 4676//4676 4664//4664
f 4663//4663 4675//4675 4676//4676
f 4664//4664 4677//4677 4665//4665
f 4664//4664 4676//4676 4677//4677
f 4665//4665 4678//4678 4666//4666
f 4665//4665 4677//4677 4678//4678
f 4666//4666 4679//4679 4667//4667
f 4666//4666 4678//4678 4679//4679
f 4667//4667 4680//4680 4668//4668
f 4667//4667 4679//4679 4680//4680
f 4668//4668 4681//4681 4669//4669
f 4668//4668 4680//4680 4681//4681
f 4681//4681 4502//4502 4500//4500
f 4681//4681 4500//4500 4669//4669
f 4503//4503 4682//4682 4670//4670
f 4503//4503 4670//4670 4501//4501
f 4670//4670 4683//4683 4671//4671
f 4670//4670 4682//4682 4683//4683
f 4671//4671 4684//4684 4672//4672
f 4671//4671 4683//4683 4684//4684
f 4672//4672 4685//4685 4673//4673
f 4672//4672 4684//4684 4685//4685
f 4673//4673 4686//4686 4674//4674
f 4673//4673 4685//4685 4686//4686
f 4674//4674 4687//4687 4675//4675
f 4674//4674 4686//4686 4687//4687
f 4675//4675 4688//4688 4676//4676
f 4675//4675 4687//4687 4688//4688
f 4676//4676 4689//4689 4677//4677
f 4676//4676 4688//4688 4689//4689
f 4677//4677 4690//4690 4678//4678
f 4677//4677 4689//4689 4690//4690
f 4678//4678 4691//4691 4679//4679
f 4678//4678 4690//4690 4691//4691
f 4679//4679 4692//4692 4680//4680
f 4679//4679 4691//4691 4692//4692
f 4680//4680 4693//4693 4681//4681
f 4680//4680 4692//4692 4693//4693
f 4693//4693 4504//4504 4502//4502
f 4693//4693 4502//4502 4681//4681
f 4505//4505 4694//4694 4682//4682
f 4505//4505 4682//4682 4503//4503
f 4682//4682 4695//4695 4683//4683
f 4682//4682 4694//4694 4695//4695
f 4683//4683 4696//4696 4684//4684
f 4683//4683 4695//4695 4696//4696
f 4684//4684 4697//4697 4685//4685
f 4684//4684 4696//4696 4697//4697
f 4685//4685 4698//4698 4686//4686
f 4685//4685 4697//4697 4698//4698
f 4686//4686 4699//4699 4687//4687
f 4686//4686 4698//4698 4699//4699
f 4687//4687 4700//4700 4688//4688
f 4687//4687 4699//4699 4700//4700
f 4688//4688 4701//4701 4689//4689
f 4688//4688 4700//4700 4701//4701
f 4689//4689 4702//4702 4690//4690
f 4689//4689 4701//4701 4702//4702
f 4690//4690 4703//4703 4691//4691
f 4690//4690 4702//4702 4703//4703
f 4691//4691 4704//4704 4692//4692
f 4691//4691 4703//4703 4704//4704
f 4692//4692 4705//4705 4693//4693
f 4692//4692 4704//4704 4705//4705
f 4705//4705 4506//4506 4504//4504
f 4705//4705 4504//4504 4693//4693
f 4507//4507 4706//4706 4694//4694
f 4507//4507 4694//4694 4505//4505
f 4694//4694 4707//4707 4695//4695
f 4694//4694 4706//4706 4707//4707
f 4695//4695 4708//4708 4696//4696
f 4695//4695 4707//4707 4708//4708
f 4696//4696 4709//4709 4697//4697
f 4696//4696 4708//4708 4709//4709
f 4697//4697 4710//4710 4698//4698
f 4697//4697 4709//4709 4710//4710
f 4698//4698 4711//4711 4699//4699
f 4698//4698 4710//4710 4711//4711
f 4699//4699 4712//4712 4700//4700
f 4699//4699 4711//4711 4712//4712
f 4700//4700 4713//4713 4701//4701
f 4700//4700 4712//4712 4713//4713
f 4701//4701 4714//4714 4702//4702
f 4701//4701 4713//4713 4714//4714
f 4702//4702 4715//4715 4703//4703
f 4702//4702 4714//4714 4715//4715
f 4703//4703 4716//4716 4704//4704
f 4703//4703 4715//4715 4716//4716
f 4704//4704 4717//4717 4705//4705
f 4704//4704 4716//4716 4717//4717
f 4717//4717 4508//4508 4506//4506
f 4717//4717 4506//4506 4705//4705
f 4509//4509 4718//4718 4706//4706
f 4509//4509 4706//4706 4507//4507
f 4706//4706 4719//4719 4707//4707
f 4706//4706 4718//4718 4719//4719
f 4707//4707 4720//4720 4708//4708
f 4707//4707 4719//4719 4720//4720
f 4708//4708 4721//4721 4709//4709
f 4708//4708 4720//4720 4721//4721
f 4709//4709 4722//4722 4710//4710
f 4709//4709 4721//4721 4722//4722
f 4710//4710 4723//4723 4711//4711
f 4710//4710 4722//4722 4723//4723
f 4711//4711 4724//4724 4712//4712
f 4711//4711 4723//4723 4724//4724
f 4712//4712 4725//4725 4713//4713
f 4712//4712 4724//4724 4725//4725
f 4713//4713 4726//4726 4714//4714
f 4713//4713 4725//4725 4726//4726
f 4714//4714 4727//4727 4715//4715
f 4714//4714 4726//4726 4727//4727
f 4715//4715 4728//4728 4716//4716
f 4715//4715 4727//4727 4728//4728
f 4716//4716 4729//4729 4717//4717
f 4716//4716 4728//4728 4729//4729
f 4729//4729 4510//4510 4508//4508
f 4729//4729 4508//4508 4717//4717
f 4511//4511 4730//4730 4718//4718
f 4511//4511 4718//4718 4509//4509
f 4718//4718 4731//4731 4719//4719
f 4718//4718 4730//4730 4731//4731
f 4719//4719 4732//4732 4720//4720
f 4719//4719 4731//4731 4732//4732
f 4720//4720 4733//4733 4721//4721
f 4720//4720 4732//4732 4733//4733
f 4721//4721 4734//4734 4722//4722
f 4721//4721 4733//4733 4734//4734
f 4722//4722 4735//4735 4723//4723
f 4722//4722 4734//4734 4735//4735
f 4723//4723 4736//4736 4724//4724
f 4723//4723 4735//4735 4736//4736
f 4724//4724 4737//4737 4725//4725
f 4724//4724 4736//4736 4737//4737
f 4725//4725 4738//4738 4726//4726
f 4725//4725 4737//4737 4738//4738
f 4726//4726 4739//4739 4727//4727
f 4726//4726 4738//4738 4739//4739
f 4727//4727 4740//4740 4728//4728
f 4727//4727 4739//4739 4740//4740
f 4728//4728 4741//4741 4729//4729
f 4728//4728 4740//4740 4741//4741
f 4741//4741 4512//4512 4510//4510
f 4741//4741 4510//4510 4729//4729
f 4513//4513 4742//4742 4730//4730
f 4513//4513 4730//4730 4511//4511
f 4730//4730 4743//4743 4731//4731
f 4730//4730 4742//4742 4743//4743
f 4731//4731 4744//4744 4732//4732
f 4731//4731 4743//4743 4744//4744
f 4732//4732 4745//4745 4733//4733
f 4732//4732 4744//4744 4745//4745
f 4733//4733 4746//4746 4734//4734
f 4733//4733 4745//4745 4746//4746
f 4734//4734 4747//4747 4735//4735
f 4734//4734 4746//4746 4747//4747
f 4735//4735 4748//4748 4736//4736
f 4735//4735 4747//4747 4748//4748
f 4736//4736 4749//4749 4737//4737
f 4736//4736 4748//4748 4749//4749
f 4737//4737 4750//4750 4738//4738
f 4737//4737 4749//4749 4750//4750
f 4738//4738 4751//4751 4739//4739
f 4738//4738 4750//4750 4751//4751
f 4739//4739 4752//4752 4740//4740
f 4739//4739 4751//4751 4752//4752
f 4740//4740 4753//4753 4741//4741
f 4740//4740 4752//4752 4753//4753
f 4753//4753 4514//4514 4512//4512
f 4753//4753 4512//4512 4741//4741
f 4515//4515 4754//4754 4742//4742
f 4515//4515 4742//4742 4513//4513
f 4742//4742 4755//4755 4743//4743
f 4742//4742 4754//4754 4755//4755
f 4743//4743 4756//4756 4744//4744
f 4743//4743 4755//4755 4756//4756
f 4744//4744 4757//4757 4745//4745
f 4744//4744 4756//4756 4757//4757
f 4745//4745 4758//4758 4746//4746
f 4745//4745 4757//4757 4758//4758
f 4746//4746 4759//4759 4747//4747
f 4746//4746 4758//4758 4759//4759
f 4747//4747 4760//4760 4748//4748
f 4747//4747 4759//4759 4760//4760
f 4748//4748 4761//4761 4749//4749
f 4748//4748 4760//4760 4761//4761
f 4749//4749 4762//4762 4750//4750
f 4749//4749 4761//4761 4762//4762
f 4750//4750 4763//4763 4751//4751
f 4750//4750 4762//4762 4763//4763
f 4751//4751 4764//4764 4752//4752
f 4751//4751 4763//4763 4764//4764
f 4752//4752 4765//4765 4753//4753
f 4752//4752 4764//4764 4765//4765
f 4765//4765 4516//4516 4514//4514
f 4765//4765 4514//4514 4753//4753
f 4517//4517 4766//4766 4754//4754
f 4517//4517 4754//4754 4515//4515
f 4768//4768 4755//4755 4767//4767
f 4755//4755 4766//4766 4767//4767
f 4755//4755 4754//4754 4766//4766
f 4755//4755 4768//4768 4756//4756
f 4756//4756 4768//4768 4769//4769
f 4756//4756 4769//4769 4757//4757
f 4757//4757 4769//4769 4770//4770
f 4757//4757 4770//4770 4758//4758
f 4758//4758 4770//4770 4771//4771
f 4758//4758 4771//4771 4759//4759
f 4759//4759 4771//4771 4772//4772
f 4759//4759 4772//4772 4760//4760
f 4760//4760 4772//4772 4773//4773
f 4760//4760 4773//4773 4761//4761
f 4761//4761 4773//4773 4774//4774
f 4761//4761 4774//4774 4762//4762
f 4762//4762 4774//4774 4775//4775
f 4762//4762 4775//4775 4763//4763
f 4763//4763 4775//4775 4776//4776
f 4763//4763 4776//4776 4764//4764
f 4764//4764 4776//4776 4777//4777
f 4764//4764 4777//4777 4765//4765
f 4765//4765 4777//4777 4778//4778
f 4765//4765 4778//4778 4516//4516
f 4778//4778 4518//4518 4516//4516
f 4778//4778 4779//4779 4518//4518
f 4518//4518 4780//4780 4519//4519
f 4779//4779 4780//4780 4518//4518
f 4780//4780 4782//4782 4781//4781
f 4520//4520 4780//4780 4781//4781
f 4519//4519 4780//4780 4520//4520
f 4781//4781 4521//4521 4520//4520
f 4522//4522 4766//4766 4517//4517
f 4522//4522 4523//4523 4766//4766
f 4523//4523 4767//4767 4766//4766
f 4523//4523 4783//4783 4767//4767
f 4781//4781 4782//4782 4784//4784
f 4784//4784 4782//4782 4785//4785
f 4784//4784 4525//4525 4521//4521
f 4784//4784 4521//4521 4781//4781
f 4526//4526 4783//4783 4523//4523
f 4526//4526 4786//4786 4783//4783
f 4785//4785 4787//4787 4784//4784
f 4525//4525 4784//4784 4787//4787
f 4788//4788 4525//4525 4787//4787
f 4528//4528 4525//4525 4788//4788
f 4529//4529 4786//4786 4526//4526
f 4529//4529 4789//4789 4786//4786
f 4788//4788 4531//4531 4528//4528
f 4790//4790 4531//4531 4788//4788
f 4532//4532 4789//4789 4529//4529
f 4532//4532 4791//4791 4789//4789
f 4790//4790 4534//4534 4531//4531
f 4792//4792 4534//4534 4790//4790
f 4535//4535 4791//4791 4532//4532
f 4535//4535 4793//4793 4791//4791
f 4792//4792 4537//4537 4534//4534
f 4794//4794 4537//4537 4792//4792
f 4538//4538 4793//4793 4535//4535
f 4538//4538 4795//4795 4793//4793
f 4794//4794 4539//4539 4537//4537
f 4796//4796 4539//4539 4794//4794
f 4540//4540 4795//4795 4538//4538
f 4540//4540 4797//4797 4795//4795
f 4796//4796 4541//4541 4539//4539
f 4798//4798 4541//4541 4796//4796
f 4542//4542 4797//4797 4540//4540
f 4542//4542 4799//4799 4797//4797
f 4798//4798 4543//4543 4541//4541
f 4800//4800 4543//4543 4798//4798
f 4544//4544 4799//4799 4542//4542
f 4544//4544 4801//4801 4799//4799
f 4800//4800 4545//4545 4543//4543
f 4802//4802 4545//4545 4800//4800
f 4546//4546 4801//4801 4544//4544
f 4546//4546 4803//4803 4801//4801
f 4802//4802 4547//4547 4545//4545
f 4804//4804 4547//4547 4802//4802
f 4548//4548 4803//4803 4546//4546
f 4548//4548 4805//4805 4803//4803
f 4807//4807 4806//4806 4550//4550
f 4550//4550 4806//4806 4549//4549
f 4550//4550 4547//4547 4804//4804
f 4550//4550 4804//4804 4807//4807
f 4551//4551 4805//4805 4548//4548
f 4551//4551 4808//4808 4805//4805
f 4806//4806 4552//4552 4549//4549
f 4809//4809 4552//4552 4806//4806
f 4553//4553 4808//4808 4551//4551
f 4553//4553 4810//4810 4808//4808
f 4809//4809 4554//4554 4552//4552
f 4811//4811 4554//4554 4809//4809
f 4555//4555 4810//4810 4553//4553
f 4555//4555 4812//4812 4810//4810
f 4811//4811 4557//4557 4554//4554
f 4813//4813 4557//4557 4811//4811
f 4558//4558 4812//4812 4555//4555
f 4558//4558 4814//4814 4812//4812
f 4815//4815 4559//4559 4560//4560
f 4816//4816 4815//4815 4560//4560
f 4557//4557 4816//4816 4560//4560
f 4813//4813 4816//4816 4557//4557
f 4561//4561 4814//4814 4558//4558
f 4561//4561 4817//4817 4814//4814
f 4818//4818 4562//4562 4815//4815
f 4815//4815 4562//4562 4559//4559
f 4815//4815 4816//4816 4819//4819
f 4815//4815 4819//4819 4818//4818
f 4563//4563 4817//4817 4561//4561
f 4563//4563 4820//4820 4817//4817
f 4821//4821 4565//4565 4818//4818
f 4818//4818 4565//4565 4562//4562
f 4818//4818 4819//4819 4822//4822
f 4818//4818 4822//4822 4821//4821
f 4566//4566 4820//4820 4563//4563
f 4566//4566 4823//4823 4820//4820
f 4825//4825 4824//4824 4821//4821
f 4824//4824 4565//4565 4821//4821
f 4824//4824 4568//4568 4565//4565
f 4825//4825 4821//4821 4822//4822
f 4569//4569 4823//4823 4566//4566
f 4569//4569 4826//4826 4823//4823
f 4824//4824 4571//4571 4568//4568
f 4827//4827 4571//4571 4824//4824
f 4572//4572 4826//4826 4569//4569
f 4572//4572 4828//4828 4826//4826
f 4829//4829 4574//4574 4575//4575
f 4830//4830 4829//4829 4575//4575
f 4571//4571 4830//4830 4575//4575
f 4827//4827 4830//4830 4571//4571
f 4576//4576 4828//4828 4572//4572
f 4576//4576 4831//4831 4828//4828
f 4832//4832 4578//4578 4829//4829
f 4829//4829 4578//4578 4574//4574
f 4829//4829 4830//4830 4833//4833
f 4829//4829 4833//4833 4832//4832
f 4580//4580 4831//4831 4576//4576
f 4580//4580 4834//4834 4831//4831
f 4835//4835 4583//4583 4832//4832
f 4832//4832 4583//4583 4578//4578
f 4832//4832 4833//4833 4836//4836
f 4832//4832 4836//4836 4835//4835
f 4585//4585 4834//4834 4580//4580
f 4585//4585 4837//4837 4834//4834
f 4838//4838 4589//4589 4590//4590
f 4839//4839 4838//4838 4590//4590
f 4839//4839 4590//4590 4583//4583
f 4840//4840 4839//4839 4583//4583
f 4835//4835 4840//4840 4583//4583
f 4840//4840 4835//4835 4836//4836
f 4585//4585 4591//4591 4841//4841
f 4842//4842 4585//4585 4841//4841
f 4837//4837 4585//4585 4842//4842
f 4592//4592 4841//4841 4591//4591
f 4843//4843 4601//4601 4602//4602
f 4844//4844 4843//4843 4602//4602
f 4844//4844 4602//4602 4589//4589
f 4845//4845 4844//4844 4589//4589
f 4838//4838 4845//4845 4589//4589
f 4845//4845 4838//4838 4839//4839
f 4846//4846 4842//4842 4841//4841
f 4848//4848 4846//4846 4847//4847
f 4847//4847 4846//4846 4603//4603
f 4846//4846 4841//4841 4603//4603
f 4841//4841 4592//4592 4603//4603
f 4604//4604 4849//4849 4603//4603
f 4603//4603 4849//4849 4847//4847
f 4605//4605 4850//4850 4604//4604
f 4604//4604 4850//4850 4849//4849
f 4606//4606 4850//4850 4605//4605
f 4851//4851 4610//4610 4611//4611
f 4612//4612 4852//4852 4611//4611
f 4611//4611 4852//4852 4851//4851
f 4853//4853 4852//4852 4612//4612
f 4853//4853 4612//4612 4601//4601
f 4854//4854 4853//4853 4601//4601
f 4843//4843 4854//4854 4601//4601
f 4854//4854 4843//4843 4844//4844
f 4855//4855 4848//4848 4847//4847
f 4855//4855 4847//4847 4849//4849
f 4855//4855 4849//4849 4856//4856
f 4858//4858 4857//4857 4856//4856
f 4849//4849 4858//4858 4856//4856
f 4850//4850 4858//4858 4849//4849
f 4613//4613 4859//4859 4606//4606
f 4859//4859 4850//4850 4606//4606
f 4859//4859 4858//4858 4850//4850
f 4614//4614 4860//4860 4613//4613
f 4613//4613 4860//4860 4859//4859
f 4615//4615 4861//4861 4614//4614
f 4614//4614 4861//4861 4860//4860
f 4610//4610 4851//4851 4615//4615
f 4851//4851 4861//4861 4615//4615
f 4851//4851 4862//4862 4861//4861
f 4852//4852 4864//4864 4863//4863
f 4862//4862 4852//4852 4863//4863
f 4851//4851 4852//4852 4862//4862
f 4864//4864 4852//4852 4853//4853
f 4865//4865 4857//4857 4858//4858
f 4865//4865 4858//4858 4859//4859
f 4865//4865 4859//4859 4866//4866
f 4866//4866 4859//4859 4860//4860
f 4866//4866 4860//4860 4867//4867
f 4867//4867 4860//4860 4861//4861
f 4867//4867 4861//4861 4868//4868
f 4868//4868 4861//4861 4862//4862
f 4868//4868 4862//4862 4869//4869
f 4869//4869 4862//4862 4863//4863
f 4872//4872 4871//4871 4870//4870
f 4874//4874 4873//4873 4870//4870
f 4874//4874 4870//4870 4871//4871
f 4876//4876 4875//4875 4873//4873
f 4876//4876 4873//4873 4874//4874
f 4878//4878 4877//4877 4875//4875
f 4878//4878 4875//4875 4876//4876
f 4879//4879 4877//4877 4878//4878
f 4882//4882 4881//4881 4880//4880
f 4884//4884 4883//4883 4880//4880
f 4884//4884 4880//4880 4881//4881
f 4886//4886 4885//4885 4883//4883
f 4886//4886 4883//4883 4884//4884
f 4885//4885 4886//4886 4872//4872
f 4870//4870 4885//4885 4872//4872
f 4887//4887 4885//4885 4870//4870
f 4888//4888 4870//4870 4873//4873
f 4887//4887 4870//4870 4888//4888
f 4889//4889 4873//4873 4875//4875
f 4888//4888 4873//4873 4889//4889
f 4890//4890 4875//4875 4877//4877
f 4889//4889 4875//4875 4890//4890
f 4877//4877 4879//4879 4891//4891
f 4892//4892 4877//4877 4891//4891
f 4890//4890 4877//4877 4892//4892
f 4894//4894 4893//4893 4892//4892
f 4894//4894 4892//4892 4891//4891
f 4895//4895 4893//4893 4894//4894
f 4882//4882 4880//4880 4896//4896
f 4882//4882 4896//4896 4897//4897
f 4618//4618 4896//4896 4617//4617
f 4896//4896 4883//4883 4617//4617
f 4896//4896 4880//4880 4883//4883
f 4617//4617 4883//4883 4620//4620
f 4620//4620 4883//4883 4885//4885
f 4620//4620 4885//4885 4622//4622
f 4622//4622 4885//4885 4887//4887
f 4622//4622 4887//4887 4624//4624
f 4624//4624 4887//4887 4888//4888
f 4624//4624 4888//4888 4626//4626
f 4626//4626 4888//4888 4889//4889
f 4626//4626 4889//4889 4628//4628
f 4628//4628 4889//4889 4890//4890
f 4628//4628 4890//4890 4630//4630
f 4630//4630 4890//4890 4892//4892
f 4630//4630 4892//4892 4631//4631
f 4892//4892 4898//4898 4631//4631
f 4892//4892 4893//4893 4898//4898
f 4893//4893 4895//4895 4899//4899
f 4900//4900 4893//4893 4899//4899
f 4898//4898 4893//4893 4900//4900
f 4901//4901 4900//4900 4899//4899
f 4897//4897 4896//4896 4633//4633
f 4634//4634 4897//4897 4633//4633
f 4902//4902 4897//4897 4634//4634
f 4633//4633 4896//4896 4618//4618
f 4898//4898 4636//4636 4631//4631
f 4636//4636 4898//4898 4637//4637
f 4898//4898 4903//4903 4637//4637
f 4898//4898 4900//4900 4903//4903
f 4900//4900 4901//4901 4904//4904
f 4900//4900 4904//4904 4903//4903
f 4638//4638 4902//4902 4634//4634
f 4638//4638 4905//4905 4902//4902
f 4903//4903 4640//4640 4637//4637
f 4907//4907 4906//4906 4641//4641
f 4907//4907 4641//4641 4640//4640
f 4904//4904 4907//4907 4640//4640
f 4903//4903 4904//4904 4640//4640
f 4908//4908 4906//4906 4907//4907
f 4642//4642 4905//4905 4638//4638
f 4642//4642 4909//4909 4905//4905
f 4906//4906 4644//4644 4641//4641
f 4645//4645 4644//4644 4906//4906
f 4908//4908 4645//4645 4906//4906
f 4910//4910 4645//4645 4908//4908
f 4646//4646 4909//4909 4642//4642
f 4646//4646 4911//4911 4909//4909
f 4913//4913 4647//4647 4912//4912
f 4647//4647 4910//4910 4912//4912
f 4647//4647 4645//4645 4910//4910
f 4914//4914 4913//4913 4912//4912
f 4648//4648 4911//4911 4646//4646
f 4648//4648 4915//4915 4911//4911
f 4913//4913 4649//4649 4647//4647
f 4651//4651 4649//4649 4913//4913
f 4914//4914 4651//4651 4913//4913
f 4916//4916 4651//4651 4914//4914
f 4652//4652 4915//4915 4648//4648
f 4652//4652 4917//4917 4915//4915
f 4916//4916 4653//4653 4651//4651
f 4918//4918 4653//4653 4916//4916
f 4654//4654 4917//4917 4652//4652
f 4654//4654 4919//4919 4917//4917
f 4918//4918 4655//4655 4653//4653
f 4920//4920 4655//4655 4918//4918
f 4656//4656 4919//4919 4654//4654
f 4656//4656 4921//4921 4919//4919
f 4920//4920 4657//4657 4655//4655
f 4922//4922 4657//4657 4920//4920
f 4924//4924 4923//4923 4768//4768
f 4924//4924 4768//4768 4767//4767
f 4768//4768 4925//4925 4769//4769
f 4923//4923 4925//4925 4768//4768
f 4769//4769 4926//4926 4770//4770
f 4925//4925 4926//4926 4769//4769
f 4770//4770 4927//4927 4771//4771
f 4926//4926 4927//4927 4770//4770
f 4771//4771 4928//4928 4772//4772
f 4927//4927 4928//4928 4771//4771
f 4772//4772 4929//4929 4773//4773
f 4928//4928 4929//4929 4772//4772
f 4773//4773 4930//4930 4774//4774
f 4929//4929 4930//4930 4773//4773
f 4774//4774 4931//4931 4775//4775
f 4930//4930 4931//4931 4774//4774
f 4775//4775 4932//4932 4776//4776
f 4931//4931 4932//4932 4775//4775
f 4776//4776 4933//4933 4777//4777
f 4932//4932 4933//4933 4776//4776
f 4777//4777 4934//4934 4778//4778
f 4933//4933 4934//4934 4777//4777
f 4778//4778 4935//4935 4779//4779
f 4934//4934 4935//4935 4778//4778
f 4935//4935 4937//4937 4936//4936
f 4780//4780 4935//4935 4936//4936
f 4779//4779 4935//4935 4780//4780
f 4936//4936 4782//4782 4780//4780
f 4783//4783 4924//4924 4767//4767
f 4783//4783 4938//4938 4924//4924
f 4936//4936 4937//4937 4939//4939
f 4939//4939 4937//4937 4940//4940
f 4939//4939 4785//4785 4782//4782
f 4939//4939 4782//4782 4936//4936
f 4786//4786 4938//4938 4783//4783
f 4786//4786 4941//4941 4938//4938
f 4940//4940 4942//4942 4939//4939
f 4942//4942 4944//4944 4943//4943
f 4942//4942 4943//4943 4787//4787
f 4939//4939 4942//4942 4787//4787
f 4785//4785 4939//4939 4787//4787
f 4943//4943 4788//4788 4787//4787
f 4789//4789 4941//4941 4786//4786
f 4789//4789 4945//4945 4941//4941
f 4943//4943 4944//4944 4946//4946
f 4946//4946 4944//4944 4947//4947
f 4946//4946 4790//4790 4788//4788
f 4946//4946 4788//4788 4943//4943
f 4791//4791 4945//4945 4789//4789
f 4791//4791 4948//4948 4945//4945
f 4946//4946 4947//4947 4949//4949
f 4949//4949 4947//4947 4950//4950
f 4949//4949 4792//4792 4790//4790
f 4949//4949 4790//4790 4946//4946
f 4793//4793 4948//4948 4791//4791
f 4793//4793 4951//4951 4948//4948
f 4950//4950 4952//4952 4949//4949
f 4792//4792 4949//4949 4952//4952
f 4953//4953 4792//4792 4952//4952
f 4794//4794 4792//4792 4953//4953
f 4795//4795 4951//4951 4793//4793
f 4795//4795 4954//4954 4951//4951
f 4953//4953 4796//4796 4794//4794
f 4955//4955 4796//4796 4953//4953
f 4797//4797 4954//4954 4795//4795
f 4797//4797 4956//4956 4954//4954
f 4955//4955 4798//4798 4796//4796
f 4957//4957 4798//4798 4955//4955
f 4799//4799 4956//4956 4797//4797
f 4799//4799 4958//4958 4956//4956
f 4957//4957 4800//4800 4798//4798
f 4959//4959 4800//4800 4957//4957
f 4801//4801 4958//4958 4799//4799
f 4801//4801 4960//4960 4958//4958
f 4959//4959 4802//4802 4800//4800
f 4961//4961 4802//4802 4959//4959
f 4803//4803 4960//4960 4801//4801
f 4803//4803 4962//4962 4960//4960
f 4961//4961 4804//4804 4802//4802
f 4963//4963 4804//4804 4961//4961
f 4805//4805 4962//4962 4803//4803
f 4805//4805 4964//4964 4962//4962
f 4966//4966 4965//4965 4807//4807
f 4807//4807 4965//4965 4806//4806
f 4807//4807 4804//4804 4963//4963
f 4807//4807 4963//4963 4966//4966
f 4808//4808 4964//4964 4805//4805
f 4808//4808 4967//4967 4964//4964
f 4965//4965 4809//4809 4806//4806
f 4968//4968 4809//4809 4965//4965
f 4810//4810 4967//4967 4808//4808
f 4810//4810 4969//4969 4967//4967
f 4968//4968 4811//4811 4809//4809
f 4970//4970 4811//4811 4968//4968
f 4812//4812 4969//4969 4810//4810
f 4812//4812 4971//4971 4969//4969
f 4970//4970 4813//4813 4811//4811
f 4972//4972 4813//4813 4970//4970
f 4814//4814 4971//4971 4812//4812
f 4814//4814 4973//4973 4971//4971
f 4972//4972 4816//4816 4813//4813
f 4974//4974 4816//4816 4972//4972
f 4817//4817 4973//4973 4814//4814
f 4817//4817 4975//4975 4973//4973
f 4974//4974 4819//4819 4816//4816
f 4976//4976 4819//4819 4974//4974
f 4820//4820 4975//4975 4817//4817
f 4820//4820 4977//4977 4975//4975
f 4976//4976 4822//4822 4819//4819
f 4978//4978 4822//4822 4976//4976
f 4823//4823 4977//4977 4820//4820
f 4823//4823 4979//4979 4977//4977
f 4980//4980 4824//4824 4825//4825
f 4981//4981 4980//4980 4825//4825
f 4822//4822 4981//4981 4825//4825
f 4978//4978 4981//4981 4822//4822
f 4826//4826 4979//4979 4823//4823
f 4826//4826 4982//4982 4979//4979
f 4983//4983 4827//4827 4980//4980
f 4980//4980 4827//4827 4824//4824
f 4980//4980 4981//4981 4984//4984
f 4980//4980 4984//4984 4983//4983
f 4828//4828 4982//4982 4826//4826
f 4828//4828 4985//4985 4982//4982
f 4987//4987 4986//4986 4983//4983
f 4986//4986 4827//4827 4983//4983
f 4986//4986 4830//4830 4827//4827
f 4987//4987 4983//4983 4984//4984
f 4831//4831 4985//4985 4828//4828
f 4831//4831 4988//4988 4985//4985
f 4986//4986 4833//4833 4830//4830
f 4989//4989 4833//4833 4986//4986
f 4834//4834 4988//4988 4831//4831
f 4834//4834 4990//4990 4988//4988
f 4989//4989 4836//4836 4833//4833
f 4991//4991 4836//4836 4989//4989
f 4837//4837 4990//4990 4834//4834
f 4837//4837 4992//4992 4990//4990
f 4993//4993 4839//4839 4840//4840
f 4994//4994 4993//4993 4840//4840
f 4836//4836 4994//4994 4840//4840
f 4991//4991 4994//4994 4836//4836
f 4842//4842 4992//4992 4837//4837
f 4842//4842 4995//4995 4992//4992
f 4996//4996 4844//4844 4845//4845
f 4997//4997 4996//4996 4845//4845
f 4997//4997 4845//4845 4839//4839
f 4998//4998 4997//4997 4839//4839
f 4993//4993 4998//4998 4839//4839
f 4998//4998 4993//4993 4994//4994
f 4842//4842 4846//4846 4999//4999
f 5000//5000 4842//4842 4999//4999
f 4995//4995 4842//4842 5000//5000
f 4848//4848 4999//4999 4846//4846
f 5001//5001 4853//4853 4854//4854
f 4844//4844 4996//4996 4854//4854
f 4996//4996 5001//5001 4854//4854
f 4996//4996 5002//5002 5001//5001
f 4996//4996 4997//4997 5003//5003
f 4996//4996 5003//5003 5002//5002
f 5004//5004 5000//5000 4999//4999
f 5006//5006 5004//5004 5005//5005
f 5005//5005 5004//5004 4855//4855
f 5004//5004 4999//4999 4855//4855
f 4999//4999 4848//4848 4855//4855
f 4856//4856 5007//5007 4855//4855
f 4855//4855 5007//5007 5005//5005
f 4857//4857 5007//5007 4856//4856
f 5008//5008 4863//4863 4864//4864
f 4853//4853 5001//5001 4864//4864
f 5001//5001 5008//5008 4864//4864
f 5001//5001 5009//5009 5008//5008
f 5002//5002 5011//5011 5010//5010
f 5009//5009 5002//5002 5010//5010
f 5001//5001 5002//5002 5009//5009
f 5011//5011 5002//5002 5003//5003
f 5012//5012 5006//5006 5005//5005
f 5014//5014 5013//5013 5012//5012
f 5005//5005 5014//5014 5012//5012
f 5007//5007 5014//5014 5005//5005
f 4865//4865 5015//5015 4857//4857
f 5015//5015 5007//5007 4857//4857
f 5015//5015 5014//5014 5007//5007
f 4866//4866 5016//5016 4865//4865
f 4865//4865 5016//5016 5015//5015
f 4867//4867 5017//5017 4866//4866
f 4866//4866 5017//5017 5016//5016
f 4868//4868 5018//5018 4867//4867
f 4867//4867 5018//5018 5017//5017
f 4869//4869 5019//5019 4868//4868
f 4868//4868 5019//5019 5018//5018
f 5020//5020 5019//5019 4869//4869
f 5020//5020 4869//4869 4863//4863
f 5021//5021 5020//5020 4863//4863
f 5008//5008 5021//5021 4863//4863
f 5021//5021 5008//5008 5009//5009
f 5021//5021 5009//5009 5022//5022
f 5022//5022 5009//5009 5010//5010
f 5023//5023 5013//5013 5014//5014
f 5023//5023 5014//5014 5015//5015
f 5023//5023 5015//5015 5024//5024
f 5024//5024 5015//5015 5016//5016
f 5024//5024 5016//5016 5025//5025
f 5025//5025 5016//5016 5017//5017
f 5025//5025 5017//5017 5026//5026
f 5026//5026 5017//5017 5018//5018
f 5026//5026 5018//5018 5027//5027
f 5027//5027 5018//5018 5019//5019
f 5027//5027 5019//5019 5028//5028
f 5028//5028 5019//5019 5020//5020
f 5031//5031 5030//5030 5029//5029
f 5033//5033 5032//5032 5029//5029
f 5033//5033 5029//5029 5030//5030
f 5035//5035 5034//5034 5032//5032
f 5035//5035 5032//5032 5033//5033
f 5037//5037 5036//5036 5034//5034
f 5037//5037 5034//5034 5035//5035
f 5039//5039 5038//5038 5036//5036
f 5039//5039 5036//5036 5037//5037
f 5041//5041 5040//5040 5038//5038
f 5041//5041 5038//5038 5039//5039
f 5043//5043 5042//5042 5040//5040
f 5043//5043 5040//5040 5041//5041
f 5044//5044 5042//5042 5043//5043
f 5047//5047 5046//5046 5045//5045
f 5045//5045 5046//5046 5031//5031
f 5029//5029 5045//5045 5031//5031
f 5048//5048 5045//5045 5029//5029
f 5049//5049 5029//5029 5032//5032
f 5048//5048 5029//5029 5049//5049
f 4872//4872 5049//5049 4871//4871
f 5049//5049 5034//5034 4871//4871
f 5049//5049 5032//5032 5034//5034
f 4871//4871 5034//5034 4874//4874
f 4874//4874 5034//5034 5036//5036
f 4874//4874 5036//5036 4876//4876
f 4876//4876 5036//5036 5038//5038
f 4876//4876 5038//5038 4878//4878
f 4878//4878 5038//5038 5040//5040
f 4878//4878 5040//5040 4879//4879
f 5040//5040 5050//5050 4879//4879
f 5040//5040 5042//5042 5050//5050
f 5042//5042 5044//5044 5051//5051
f 5052//5052 5042//5042 5051//5051
f 5050//5050 5042//5042 5052//5052
f 5053//5053 5052//5052 5051//5051
f 5047//5047 5045//5045 4881//4881
f 4882//4882 5047//5047 4881//4881
f 5054//5054 5047//5047 4882//4882
f 4881//4881 5045//5045 4884//4884
f 4884//4884 5045//5045 5048//5048
f 4884//4884 5048//5048 4886//4886
f 4886//4886 5048//5048 5049//5049
f 4886//4886 5049//5049 4872//4872
f 5050//5050 4891//4891 4879//4879
f 4891//4891 5050//5050 4894//4894
f 4894//4894 5050//5050 5052//5052
f 5056//5056 5055//5055 4895//4895
f 5056//5056 4895//4895 4894//4894
f 5053//5053 5056//5056 4894//4894
f 5052//5052 5053//5053 4894//4894
f 5057//5057 5055//5055 5056//5056
f 4897//4897 5054//5054 4882//4882
f 4897//4897 5058//5058 5054//5054
f 5055//5055 4899//4899 4895//4895
f 4901//4901 4899//4899 5055//5055
f 5057//5057 4901//4901 5055//5055
f 5059//5059 4901//4901 5057//5057
f 4902//4902 5058//5058 4897//4897
f 4902//4902 5060//5060 5058//5058
f 5062//5062 4904//4904 5061//5061
f 4904//4904 5059//5059 5061//5061
f 4904//4904 4901//4901 5059//5059
f 5063//5063 5062//5062 5061//5061
f 4905//4905 5060//5060 4902//4902
f 4905//4905 5064//5064 5060//5060
f 5062//5062 4907//4907 4904//4904
f 4908//4908 4907//4907 5062//5062
f 5063//5063 4908//4908 5062//5062
f 5065//5065 4908//4908 5063//5063
f 4909//4909 5064//5064 4905//4905
f 4909//4909 5066//5066 5064//5064
f 5065//5065 4910//4910 4908//4908
f 5067//5067 4910//4910 5065//5065
f 4911//4911 5066//5066 4909//4909
f 4911//4911 5068//5068 5066//5066
f 5067//5067 5069//5069 4910//4910
f 4910//4910 5069//5069 4912//4912
f 4914//4914 4912//4912 5069//5069
f 4914//4914 5069//5069 5070//5070
f 4915//4915 5068//5068 4911//4911
f 4915//4915 5071//5071 5068//5068
f 5070//5070 4916//4916 4914//4914
f 5072//5072 4916//4916 5070//5070
f 4917//4917 5071//5071 4915//4915
f 4917//4917 5073//5073 5071//5071
f 5072//5072 4918//4918 4916//4916
f 5074//5074 4918//4918 5072//5072
f 4919//4919 5073//5073 4917//4917
f 4919//4919 5075//5075 5073//5073
f 5074//5074 4920//4920 4918//4918
f 5076//5076 4920//4920 5074//5074
f 4921//4921 5075//5075 4919//4919
f 4921//4921 5077//5077 5075//5075
f 5076//5076 4922//4922 4920//4920
f 5078//5078 4922//4922 5076//5076
f 4924//4924 5079//5079 4923//4923
f 4923//4923 5079//5079 5080//5080
f 5081//5081 4923//4923 5080//5080
f 4925//4925 4923//4923 5081//5081
f 4925//4925 5082//5082 4926//4926
f 5081//5081 5082//5082 4925//4925
f 4926//4926 5083//5083 4927//4927
f 5082//5082 5083//5083 4926//4926
f 4927//4927 5084//5084 4928//4928
f 5083//5083 5084//5084 4927//4927
f 4928//4928 5085//5085 4929//4929
f 5084//5084 5085//5085 4928//4928
f 4929//4929 5086//5086 4930//4930
f 5085//5085 5086//5086 4929//4929
f 4930//4930 5087//5087 4931//4931
f 5086//5086 5087//5087 4930//4930
f 4931//4931 5088//5088 4932//4932
f 5087//5087 5088//5088 4931//4931
f 4932//4932 5089//5089 4933//4933
f 5088//5088 5089//5089 4932//4932
f 4933//4933 5090//5090 4934//4934
f 5089//5089 5090//5090 4933//4933
f 5090//5090 5092//5092 5091//5091
f 4935//4935 5090//5090 5091//5091
f 4934//4934 5090//5090 4935//4935
f 5091//5091 4937//4937 4935//4935
f 4938//4938 5093//5093 5079//5079
f 4938//4938 5079//5079 4924//4924
f 5080//5080 5079//5079 5094//5094
f 5094//5094 5079//5079 5093//5093
f 5091//5091 5092//5092 5095//5095
f 5095//5095 5092//5092 5096//5096
f 5095//5095 4940//4940 4937//4937
f 5095//5095 4937//4937 5091//5091
f 4941//4941 5097//5097 5093//5093
f 4941//4941 5093//5093 4938//4938
f 5094//5094 5093//5093 5098//5098
f 5098//5098 5093//5093 5097//5097
f 5096//5096 5099//5099 5095//5095
f 5099//5099 5101//5101 5100//5100
f 5099//5099 5100//5100 4942//4942
f 5095//5095 5099//5099 4942//4942
f 4940//4940 5095//5095 4942//4942
f 5100//5100 4944//4944 4942//4942
f 4945//4945 5102//5102 5097//5097
f 4945//4945 5097//5097 4941//4941
f 5098//5098 5097//5097 5103//5103
f 5103//5103 5097//5097 5102//5102
f 5100//5100 5101//5101 5104//5104
f 5104//5104 5101//5101 5105//5105
f 5104//5104 4947//4947 4944//4944
f 5104//5104 4944//4944 5100//5100
f 5107//5107 5106//5106 5102//5102
f 4945//4945 5107//5107 5102//5102
f 4948//4948 5107//5107 4945//4945
f 5102//5102 5106//5106 5103//5103
f 5105//5105 5108//5108 5104//5104
f 4947//4947 5104//5104 5108//5108
f 5109//5109 4947//4947 5108//5108
f 4950//4950 4947//4947 5109//5109
f 4951//4951 5107//5107 4948//4948
f 4951//4951 5110//5110 5107//5107
f 4952//4952 4950//4950 5111//5111
f 4950//4950 5112//5112 5111//5111
f 4950//4950 5109//5109 5112//5112
f 5111//5111 4953//4953 4952//4952
f 4954//4954 5110//5110 4951//4951
f 4954//4954 5113//5113 5110//5110
f 5111//5111 5112//5112 5114//5114
f 5114//5114 5112//5112 5115//5115
f 5114//5114 4955//4955 4953//4953
f 5114//5114 4953//4953 5111//5111
f 4956//4956 5113//5113 4954//4954
f 4956//4956 5116//5116 5113//5113
f 5114//5114 5115//5115 5117//5117
f 5117//5117 5115//5115 5118//5118
f 5117//5117 4957//4957 4955//4955
f 5117//5117 4955//4955 5114//5114
f 4958//4958 5116//5116 4956//4956
f 4958//4958 5119//5119 5116//5116
f 5117//5117 5118//5118 5120//5120
f 5120//5120 5118//5118 5121//5121
f 5120//5120 4959//4959 4957//4957
f 5120//5120 4957//4957 5117//5117
f 4960//4960 5119//5119 4958//4958
f 4960//4960 5122//5122 5119//5119
f 5120//5120 5121//5121 5123//5123
f 5123//5123 5121//5121 5124//5124
f 5123//5123 4961//4961 4959//4959
f 5123//5123 4959//4959 5120//5120
f 4962//4962 5122//5122 4960//4960
f 4962//4962 5125//5125 5122//5122
f 5123//5123 5124//5124 5126//5126
f 5126//5126 5124//5124 5127//5127
f 5126//5126 4963//4963 4961//4961
f 5126//5126 4961//4961 5123//5123
f 4964//4964 5125//5125 4962//4962
f 4964//4964 5128//5128 5125//5125
f 5126//5126 5127//5127 4966//4966
f 5127//5127 4965//4965 4966//4966
f 5127//5127 5129//5129 4965//4965
f 5126//5126 4966//4966 4963//4963
f 4967//4967 5128//5128 4964//4964
f 4967//4967 5130//5130 5128//5128
f 5129//5129 4968//4968 4965//4965
f 5131//5131 4968//4968 5129//5129
f 4969//4969 5130//5130 4967//4967
f 4969//4969 5132//5132 5130//5130
f 5131//5131 4970//4970 4968//4968
f 5133//5133 4970//4970 5131//5131
f 4971//4971 5132//5132 4969//4969
f 4971//4971 5134//5134 5132//5132
f 5133//5133 4972//4972 4970//4970
f 5135//5135 4972//4972 5133//5133
f 4973//4973 5134//5134 4971//4971
f 4973//4973 5136//5136 5134//5134
f 5135//5135 4974//4974 4972//4972
f 5137//5137 4974//4974 5135//5135
f 4975//4975 5136//5136 4973//4973
f 4975//4975 5138//5138 5136//5136
f 5137//5137 4976//4976 4974//4974
f 5139//5139 4976//4976 5137//5137
f 4977//4977 5138//5138 4975//4975
f 4977//4977 5140//5140 5138//5138
f 5139//5139 4978//4978 4976//4976
f 5141//5141 4978//4978 5139//5139
f 4979//4979 5140//5140 4977//4977
f 4979//4979 5142//5142 5140//5140
f 5141//5141 4981//4981 4978//4978
f 5143//5143 4981//4981 5141//5141
f 4982//4982 5142//5142 4979//4979
f 4982//4982 5144//5144 5142//5142
f 5143//5143 4984//4984 4981//4981
f 5145//5145 4984//4984 5143//5143
f 4985//4985 5144//5144 4982//4982
f 4985//4985 5146//5146 5144//5144
f 5147//5147 4986//4986 4987//4987
f 5148//5148 5147//5147 4987//4987
f 4984//4984 5148//5148 4987//4987
f 5145//5145 5148//5148 4984//4984
f 4988//4988 5146//5146 4985//4985
f 4988//4988 5149//5149 5146//5146
f 5150//5150 4989//4989 5147//5147
f 5147//5147 4989//4989 4986//4986
f 5147//5147 5148//5148 5151//5151
f 5147//5147 5151//5151 5150//5150
f 4990//4990 5149//5149 4988//4988
f 4990//4990 5152//5152 5149//5149
f 5154//5154 5153//5153 5150//5150
f 5153//5153 4989//4989 5150//5150
f 5153//5153 4991//4991 4989//4989
f 5154//5154 5150//5150 5151//5151
f 4992//4992 5152//5152 4990//4990
f 4992//4992 5155//5155 5152//5152
f 5153//5153 4994//4994 4991//4991
f 5156//5156 4994//4994 5153//5153
f 4995//4995 5155//5155 4992//4992
f 4995//4995 5157//5157 5155//5155
f 5158//5158 4997//4997 4998//4998
f 5159//5159 5158//5158 4998//4998
f 4994//4994 5159//5159 4998//4998
f 5156//5156 5159//5159 4994//4994
f 5000//5000 5157//5157 4995//4995
f 5000//5000 5160//5160 5157//5157
f 5162//5162 5161//5161 5158//5158
f 5161//5161 4997//4997 5158//5158
f 5161//5161 5003//5003 4997//4997
f 5162//5162 5158//5158 5159//5159
f 5000//5000 5004//5004 5163//5163
f 5164//5164 5000//5000 5163//5163
f 5160//5160 5000//5000 5164//5164
f 5006//5006 5163//5163 5004//5004
f 5165//5165 5010//5010 5011//5011
f 5166//5166 5165//5165 5011//5011
f 5003//5003 5166//5166 5011//5011
f 5161//5161 5166//5166 5003//5003
f 5167//5167 5164//5164 5163//5163
f 5169//5169 5167//5167 5168//5168
f 5168//5168 5167//5167 5012//5012
f 5167//5167 5163//5163 5012//5012
f 5163//5163 5006//5006 5012//5012
f 5013//5013 5168//5168 5012//5012
f 5170//5170 5020//5020 5021//5021
f 5022//5022 5171//5171 5021//5021
f 5021//5021 5171//5171 5170//5170
f 5172//5172 5171//5171 5022//5022
f 5172//5172 5022//5022 5010//5010
f 5173//5173 5172//5172 5010//5010
f 5165//5165 5173//5173 5010//5010
f 5173//5173 5165//5165 5166//5166
f 5169//5169 5168//5168 5174//5174
f 5169//5169 5174//5174 5175//5175
f 5023//5023 5176//5176 5013//5013
f 5176//5176 5168//5168 5013//5013
f 5176//5176 5174//5174 5168//5168
f 5024//5024 5177//5177 5023//5023
f 5023//5023 5177//5177 5176//5176
f 5025//5025 5178//5178 5024//5024
f 5024//5024 5178//5178 5177//5177
f 5026//5026 5179//5179 5025//5025
f 5025//5025 5179//5179 5178//5178
f 5027//5027 5180//5180 5026//5026
f 5026//5026 5180//5180 5179//5179
f 5028//5028 5181//5181 5027//5027
f 5027//5027 5181//5181 5180//5180
f 5020//5020 5170//5170 5028//5028
f 5170//5170 5181//5181 5028//5028
f 5170//5170 5182//5182 5181//5181
f 5171//5171 5184//5184 5183//5183
f 5182//5182 5171//5171 5183//5183
f 5170//5170 5171//5171 5182//5182
f 5184//5184 5171//5171 5172//5172
f 5185//5185 5175//5175 5174//5174
f 5185//5185 5174//5174 5176//5176
f 5185//5185 5176//5176 5186//5186
f 5186//5186 5176//5176 5177//5177
f 5186//5186 5177//5177 5187//5187
f 5189//5189 5188//5188 5187//5187
f 5177//5177 5189//5189 5187//5187
f 5178//5178 5189//5189 5177//5177
f 5190//5190 5178//5178 5179//5179
f 5189//5189 5178//5178 5190//5190
f 5191//5191 5179//5179 5180//5180
f 5190//5190 5179//5179 5191//5191
f 5181//5181 5193//5193 5192//5192
f 5191//5191 5181//5181 5192//5192
f 5180//5180 5181//5181 5191//5191
f 5193//5193 5181//5181 5182//5182
f 5193//5193 5182//5182 5194//5194
f 5194//5194 5182//5182 5183//5183
f 5195//5195 5188//5188 5189//5189
f 5195//5195 5189//5189 5190//5190
f 5195//5195 5190//5190 5196//5196
f 5196//5196 5190//5190 5191//5191
f 5196//5196 5191//5191 5197//5197
f 5197//5197 5191//5191 5192//5192
f 5200//5200 5199//5199 5198//5198
f 5201//5201 5198//5198 5199//5199
f 5204//5204 5203//5203 5202//5202
f 5206//5206 5205//5205 5202//5202
f 5206//5206 5202//5202 5203//5203
f 5208//5208 5207//5207 5205//5205
f 5208//5208 5205//5205 5206//5206
f 5210//5210 5209//5209 5207//5207
f 5210//5210 5207//5207 5208//5208
f 5209//5209 5210//5210 5200//5200
f 5198//5198 5209//5209 5200//5200
f 5211//5211 5209//5209 5198//5198
f 5198//5198 5201//5201 5212//5212
f 5213//5213 5198//5198 5212//5212
f 5211//5211 5198//5198 5213//5213
f 5215//5215 5214//5214 5213//5213
f 5215//5215 5213//5213 5212//5212
f 5217//5217 5216//5216 5214//5214
f 5217//5217 5214//5214 5215//5215
f 5218//5218 5216//5216 5217//5217
f 5204//5204 5202//5202 5219//5219
f 5204//5204 5219//5219 5220//5220
f 5031//5031 5219//5219 5030//5030
f 5219//5219 5205//5205 5030//5030
f 5219//5219 5202//5202 5205//5205
f 5030//5030 5205//5205 5033//5033
f 5033//5033 5205//5205 5207//5207
f 5033//5033 5207//5207 5035//5035
f 5035//5035 5207//5207 5209//5209
f 5035//5035 5209//5209 5037//5037
f 5037//5037 5209//5209 5211//5211
f 5037//5037 5211//5211 5039//5039
f 5039//5039 5211//5211 5213//5213
f 5039//5039 5213//5213 5041//5041
f 5041//5041 5213//5213 5214//5214
f 5041//5041 5214//5214 5043//5043
f 5043//5043 5214//5214 5216//5216
f 5222//5222 5221//5221 5044//5044
f 5222//5222 5044//5044 5043//5043
f 5218//5218 5222//5222 5043//5043
f 5216//5216 5218//5218 5043//5043
f 5223//5223 5221//5221 5222//5222
f 5220//5220 5219//5219 5046//5046
f 5047//5047 5220//5220 5046//5046
f 5224//5224 5220//5220 5047//5047
f 5046//5046 5219//5219 5031//5031
f 5221//5221 5051//5051 5044//5044
f 5226//5226 5225//5225 5053//5053
f 5226//5226 5053//5053 5051//5051
f 5223//5223 5226//5226 5051//5051
f 5221//5221 5223//5223 5051//5051
f 5227//5227 5225//5225 5226//5226
f 5054//5054 5224//5224 5047//5047
f 5054//5054 5228//5228 5224//5224
f 5225//5225 5056//5056 5053//5053
f 5230//5230 5229//5229 5057//5057
f 5230//5230 5057//5057 5056//5056
f 5227//5227 5230//5230 5056//5056
f 5225//5225 5227//5227 5056//5056
f 5231//5231 5229//5229 5230//5230
f 5058//5058 5228//5228 5054//5054
f 5058//5058 5232//5232 5228//5228
f 5233//5233 5059//5059 5229//5229
f 5229//5229 5059//5059 5057//5057
f 5229//5229 5231//5231 5234//5234
f 5229//5229 5234//5234 5233//5233
f 5060//5060 5232//5232 5058//5058
f 5060//5060 5235//5235 5232//5232
f 5233//5233 5061//5061 5059//5059
f 5063//5063 5061//5061 5233//5233
f 5234//5234 5063//5063 5233//5233
f 5236//5236 5063//5063 5234//5234
f 5064//5064 5235//5235 5060//5060
f 5064//5064 5237//5237 5235//5235
f 5236//5236 5065//5065 5063//5063
f 5238//5238 5065//5065 5236//5236
f 5066//5066 5237//5237 5064//5064
f 5066//5066 5239//5239 5237//5237
f 5241//5241 5067//5067 5240//5240
f 5067//5067 5238//5238 5240//5240
f 5067//5067 5065//5065 5238//5238
f 5242//5242 5241//5241 5240//5240
f 5068//5068 5239//5239 5066//5066
f 5068//5068 5243//5243 5239//5239
f 5241//5241 5069//5069 5067//5067
f 5070//5070 5069//5069 5241//5241
f 5242//5242 5070//5070 5241//5241
f 5244//5244 5070//5070 5242//5242
f 5071//5071 5243//5243 5068//5068
f 5071//5071 5245//5245 5243//5243
f 5244//5244 5072//5072 5070//5070
f 5246//5246 5072//5072 5244//5244
f 5073//5073 5245//5245 5071//5071
f 5073//5073 5247//5247 5245//5245
f 5246//5246 5074//5074 5072//5072
f 5248//5248 5074//5074 5246//5246
f 5075//5075 5247//5247 5073//5073
f 5075//5075 5249//5249 5247//5247
f 5248//5248 5076//5076 5074//5074
f 5250//5250 5076//5076 5248//5248
f 5077//5077 5249//5249 5075//5075
f 5077//5077 5251//5251 5249//5249
f 5254//5254 5253//5253 5252//5252
f 5250//5250 5254//5254 5252//5252
f 5078//5078 5250//5250 5252//5252
f 5076//5076 5250//5250 5078//5078
f 5080//5080 5255//5255 5081//5081
f 5256//5256 5082//5082 5081//5081
f 5256//5256 5081//5081 5255//5255
f 5257//5257 5083//5083 5082//5082
f 5257//5257 5082//5082 5256//5256
f 5083//5083 5257//5257 5258//5258
f 5259//5259 5083//5083 5258//5258
f 5084//5084 5083//5083 5259//5259
f 5084//5084 5260//5260 5085//5085
f 5259//5259 5260//5260 5084//5084
f 5085//5085 5261//5261 5086//5086
f 5260//5260 5261//5261 5085//5085
f 5086//5086 5262//5262 5087//5087
f 5261//5261 5262//5262 5086//5086
f 5087//5087 5263//5263 5088//5088
f 5262//5262 5263//5263 5087//5087
f 5263//5263 5265//5265 5264//5264
f 5089//5089 5263//5263 5264//5264
f 5088//5088 5263//5263 5089//5089
f 5266//5266 5090//5090 5089//5089
f 5266//5266 5089//5089 5264//5264
f 5266//5266 5092//5092 5090//5090
f 5094//5094 5267//5267 5255//5255
f 5094//5094 5255//5255 5080//5080
f 5269//5269 5256//5256 5268//5268
f 5256//5256 5267//5267 5268//5268
f 5256//5256 5255//5255 5267//5267
f 5256//5256 5269//5269 5257//5257
f 5257//5257 5269//5269 5270//5270
f 5257//5257 5270//5270 5258//5258
f 5265//5265 5271//5271 5264//5264
f 5273//5273 5272//5272 5271//5271
f 5272//5272 5264//5264 5271//5271
f 5272//5272 5266//5266 5264//5264
f 5272//5272 5096//5096 5092//5092
f 5272//5272 5092//5092 5266//5266
f 5098//5098 5274//5274 5267//5267
f 5098//5098 5267//5267 5094//5094
f 5268//5268 5267//5267 5275//5275
f 5275//5275 5267//5267 5274//5274
f 5273//5273 5276//5276 5272//5272
f 5276//5276 5278//5278 5277//5277
f 5276//5276 5277//5277 5099//5099
f 5272//5272 5276//5276 5099//5099
f 5096//5096 5272//5272 5099//5099
f 5277//5277 5101//5101 5099//5099
f 5280//5280 5279//5279 5274//5274
f 5098//5098 5280//5280 5274//5274
f 5103//5103 5280//5280 5098//5098
f 5274//5274 5279//5279 5275//5275
f 5277//5277 5278//5278 5281//5281
f 5281//5281 5278//5278 5282//5282
f 5281//5281 5105//5105 5101//5101
f 5281//5281 5101//5101 5277//5277
f 5284//5284 5283//5283 5106//5106
f 5284//5284 5106//5106 5107//5107
f 5103//5103 5106//5106 5280//5280
f 5280//5280 5106//5106 5283//5283
f 5282//5282 5285//5285 5281//5281
f 5285//5285 5287//5287 5286//5286
f 5285//5285 5286//5286 5108//5108
f 5281//5281 5285//5285 5108//5108
f 5105//5105 5281//5281 5108//5108
f 5286//5286 5109//5109 5108//5108
f 5110//5110 5284//5284 5107//5107
f 5110//5110 5288//5288 5284//5284
f 5286//5286 5287//5287 5289//5289
f 5289//5289 5287//5287 5290//5290
f 5289//5289 5112//5112 5109//5109
f 5289//5289 5109//5109 5286//5286
f 5113//5113 5288//5288 5110//5110
f 5113//5113 5291//5291 5288//5288
f 5290//5290 5292//5292 5289//5289
f 5112//5112 5289//5289 5292//5292
f 5293//5293 5112//5112 5292//5292
f 5115//5115 5112//5112 5293//5293
f 5116//5116 5291//5291 5113//5113
f 5116//5116 5294//5294 5291//5291
f 5293//5293 5118//5118 5115//5115
f 5295//5295 5118//5118 5293//5293
f 5119//5119 5294//5294 5116//5116
f 5119//5119 5296//5296 5294//5294
f 5295//5295 5121//5121 5118//5118
f 5297//5297 5121//5121 5295//5295
f 5122//5122 5296//5296 5119//5119
f 5122//5122 5298//5298 5296//5296
f 5297//5297 5124//5124 5121//5121
f 5299//5299 5124//5124 5297//5297
f 5125//5125 5298//5298 5122//5122
f 5125//5125 5300//5300 5298//5298
f 5299//5299 5127//5127 5124//5124
f 5301//5301 5127//5127 5299//5299
f 5128//5128 5300//5300 5125//5125
f 5128//5128 5302//5302 5300//5300
f 5301//5301 5129//5129 5127//5127
f 5303//5303 5129//5129 5301//5301
f 5130//5130 5302//5302 5128//5128
f 5130//5130 5304//5304 5302//5302
f 5303//5303 5131//5131 5129//5129
f 5305//5305 5131//5131 5303//5303
f 5132//5132 5304//5304 5130//5130
f 5132//5132 5306//5306 5304//5304
f 5305//5305 5133//5133 5131//5131
f 5307//5307 5133//5133 5305//5305
f 5134//5134 5306//5306 5132//5132
f 5134//5134 5308//5308 5306//5306
f 5307//5307 5135//5135 5133//5133
f 5309//5309 5135//5135 5307//5307
f 5136//5136 5308//5308 5134//5134
f 5136//5136 5310//5310 5308//5308
f 5309//5309 5137//5137 5135//5135
f 5311//5311 5137//5137 5309//5309
f 5138//5138 5310//5310 5136//5136
f 5138//5138 5312//5312 5310//5310
f 5311//5311 5139//5139 5137//5137
f 5313//5313 5139//5139 5311//5311
f 5140//5140 5312//5312 5138//5138
f 5140//5140 5314//5314 5312//5312
f 5313//5313 5141//5141 5139//5139
f 5315//5315 5141//5141 5313//5313
f 5142//5142 5314//5314 5140//5140
f 5142//5142 5316//5316 5314//5314
f 5315//5315 5143//5143 5141//5141
f 5317//5317 5143//5143 5315//5315
f 5144//5144 5316//5316 5142//5142
f 5144//5144 5318//5318 5316//5316
f 5317//5317 5145//5145 5143//5143
f 5319//5319 5145//5145 5317//5317
f 5146//5146 5318//5318 5144//5144
f 5146//5146 5320//5320 5318//5318
f 5319//5319 5148//5148 5145//5145
f 5321//5321 5148//5148 5319//5319
f 5149//5149 5320//5320 5146//5146
f 5149//5149 5322//5322 5320//5320
f 5321//5321 5151//5151 5148//5148
f 5323//5323 5151//5151 5321//5321
f 5152//5152 5322//5322 5149//5149
f 5152//5152 5324//5324 5322//5322
f 5325//5325 5153//5153 5154//5154
f 5326//5326 5325//5325 5154//5154
f 5151//5151 5326//5326 5154//5154
f 5323//5323 5326//5326 5151//5151
f 5155//5155 5324//5324 5152//5152
f 5155//5155 5327//5327 5324//5324
f 5328//5328 5156//5156 5325//5325
f 5325//5325 5156//5156 5153//5153
f 5325//5325 5326//5326 5329//5329
f 5325//5325 5329//5329 5328//5328
f 5157//5157 5327//5327 5155//5155
f 5157//5157 5330//5330 5327//5327
f 5332//5332 5331//5331 5328//5328
f 5331//5331 5156//5156 5328//5328
f 5331//5331 5159//5159 5156//5156
f 5332//5332 5328//5328 5329//5329
f 5160//5160 5330//5330 5157//5157
f 5160//5160 5333//5333 5330//5330
f 5334//5334 5161//5161 5162//5162
f 5335//5335 5334//5334 5162//5162
f 5159//5159 5335//5335 5162//5162
f 5331//5331 5335//5335 5159//5159
f 5164//5164 5337//5337 5336//5336
f 5333//5333 5164//5164 5336//5336
f 5160//5160 5164//5164 5333//5333
f 5337//5337 5338//5338 5336//5336
f 5340//5340 5339//5339 5334//5334
f 5339//5339 5161//5161 5334//5334
f 5339//5339 5166//5166 5161//5161
f 5340//5340 5334//5334 5335//5335
f 5167//5167 5337//5337 5164//5164
f 5167//5167 5169//5169 5337//5337
f 5169//5169 5338//5338 5337//5337
f 5169//5169 5341//5341 5338//5338
f 5342//5342 5172//5172 5173//5173
f 5343//5343 5342//5342 5173//5173
f 5166//5166 5343//5343 5173//5173
f 5339//5339 5343//5343 5166//5166
f 5175//5175 5341//5341 5169//5169
f 5175//5175 5344//5344 5341//5341
f 5345//5345 5183//5183 5184//5184
f 5346//5346 5345//5345 5184//5184
f 5346//5346 5184//5184 5172//5172
f 5347//5347 5346//5346 5172//5172
f 5342//5342 5347//5347 5172//5172
f 5347//5347 5342//5342 5343//5343
f 5175//5175 5185//5185 5348//5348
f 5349//5349 5175//5175 5348//5348
f 5344//5344 5175//5175 5349//5349
f 5186//5186 5350//5350 5185//5185
f 5185//5185 5350//5350 5348//5348
f 5187//5187 5351//5351 5186//5186
f 5186//5186 5351//5351 5350//5350
f 5188//5188 5351//5351 5187//5187
f 5352//5352 5192//5192 5193//5193
f 5194//5194 5353//5353 5193//5193
f 5193//5193 5353//5353 5352//5352
f 5183//5183 5345//5345 5194//5194
f 5345//5345 5353//5353 5194//5194
f 5345//5345 5354//5354 5353//5353
f 5345//5345 5346//5346 5355//5355
f 5345//5345 5355//5355 5354//5354
f 5356//5356 5349//5349 5348//5348
f 5358//5358 5357//5357 5356//5356
f 5348//5348 5358//5358 5356//5356
f 5350//5350 5358//5358 5348//5348
f 5359//5359 5350//5350 5351//5351
f 5358//5358 5350//5350 5359//5359
f 5195//5195 5360//5360 5188//5188
f 5360//5360 5351//5351 5188//5188
f 5360//5360 5359//5359 5351//5351
f 5196//5196 5361//5361 5195//5195
f 5195//5195 5361//5361 5360//5360
f 5197//5197 5362//5362 5196//5196
f 5196//5196 5362//5362 5361//5361
f 5192//5192 5352//5352 5197//5197
f 5352//5352 5362//5362 5197//5197
f 5352//5352 5363//5363 5362//5362
f 5353//5353 5365//5365 5364//5364
f 5363//5363 5353//5353 5364//5364
f 5352//5352 5353//5353 5363//5363
f 5365//5365 5353//5353 5354//5354
f 5365//5365 5354//5354 5366//5366
f 5366//5366 5354//5354 5355//5355
f 5367//5367 5357//5357 5358//5358
f 5367//5367 5358//5358 5359//5359
f 5367//5367 5359//5359 5368//5368
f 5368//5368 5359//5359 5360//5360
f 5368//5368 5360//5360 5369//5369
f 5371//5371 5370//5370 5369//5369
f 5360//5360 5371//5371 5369//5369
f 5361//5361 5371//5371 5360//5360
f 5372//5372 5361//5361 5362//5362
f 5371//5371 5361//5361 5372//5372
f 5363//5363 5374//5374 5373//5373
f 5372//5372 5363//5363 5373//5373
f 5362//5362 5363//5363 5372//5372
f 5374//5374 5363//5363 5364//5364
f 5375//5375 5370//5370 5371//5371
f 5375//5375 5371//5371 5372//5372
f 5375//5375 5372//5372 5376//5376
f 5376//5376 5372//5372 5373//5373
f 5379//5379 5378//5378 5377//5377
f 5380//5380 5377//5377 5378//5378
f 5383//5383 5382//5382 5381//5381
f 5385//5385 5384//5384 5381//5381
f 5385//5385 5381//5381 5382//5382
f 5387//5387 5386//5386 5384//5384
f 5387//5387 5384//5384 5385//5385
f 5389//5389 5388//5388 5386//5386
f 5389//5389 5386//5386 5387//5387
f 5388//5388 5389//5389 5379//5379
f 5377//5377 5388//5388 5379//5379
f 5390//5390 5388//5388 5377//5377
f 5377//5377 5380//5380 5391//5391
f 5392//5392 5377//5377 5391//5391
f 5390//5390 5377//5377 5392//5392
f 5394//5394 5393//5393 5392//5392
f 5394//5394 5392//5392 5391//5391
f 5395//5395 5393//5393 5394//5394
f 5383//5383 5381//5381 5396//5396
f 5383//5383 5396//5396 5397//5397
f 5398//5398 5381//5381 5384//5384
f 5396//5396 5381//5381 5398//5398
f 5399//5399 5384//5384 5386//5386
f 5398//5398 5384//5384 5399//5399
f 5400//5400 5386//5386 5388//5388
f 5399//5399 5386//5386 5400//5400
f 5200//5200 5400//5400 5199//5199
f 5400//5400 5390//5390 5199//5199
f 5400//5400 5388//5388 5390//5390
f 5199//5199 5390//5390 5201//5201
f 5390//5390 5401//5401 5201//5201
f 5390//5390 5392//5392 5401//5401
f 5402//5402 5392//5392 5393//5393
f 5401//5401 5392//5392 5402//5402
f 5393//5393 5395//5395 5403//5403
f 5404//5404 5393//5393 5403//5403
f 5402//5402 5393//5393 5404//5404
f 5406//5406 5405//5405 5404//5404
f 5406//5406 5404//5404 5403//5403
f 5407//5407 5405//5405 5406//5406
f 5397//5397 5396//5396 5203//5203
f 5204//5204 5397//5397 5203//5203
f 5408//5408 5397//5397 5204//5204
f 5203//5203 5396//5396 5206//5206
f 5206//5206 5396//5396 5398//5398
f 5206//5206 5398//5398 5208//5208
f 5208//5208 5398//5398 5399//5399
f 5208//5208 5399//5399 5210//5210
f 5210//5210 5399//5399 5400//5400
f 5210//5210 5400//5400 5200//5200
f 5401//5401 5212//5212 5201//5201
f 5212//5212 5401//5401 5215//5215
f 5215//5215 5401//5401 5402//5402
f 5215//5215 5402//5402 5217//5217
f 5217//5217 5402//5402 5404//5404
f 5217//5217 5404//5404 5218//5218
f 5404//5404 5409//5409 5218//5218
f 5404//5404 5405//5405 5409//5409
f 5405//5405 5407//5407 5410//5410
f 5405//5405 5410//5410 5409//5409
f 5220//5220 5408//5408 5204//5204
f 5220//5220 5411//5411 5408//5408
f 5409//5409 5222//5222 5218//5218
f 5413//5413 5412//5412 5223//5223
f 5413//5413 5223//5223 5222//5222
f 5410//5410 5413//5413 5222//5222
f 5409//5409 5410//5410 5222//5222
f 5414//5414 5412//5412 5413//5413
f 5224//5224 5411//5411 5220//5220
f 5224//5224 5415//5415 5411//5411
f 5412//5412 5226//5226 5223//5223
f 5417//5417 5416//5416 5227//5227
f 5417//5417 5227//5227 5226//5226
f 5414//5414 5417//5417 5226//5226
f 5412//5412 5414//5414 5226//5226
f 5418//5418 5416//5416 5417//5417
f 5228//5228 5415//5415 5224//5224
f 5228//5228 5419//5419 5415//5415
f 5416//5416 5230//5230 5227//5227
f 5231//5231 5230//5230 5416//5416
f 5418//5418 5231//5231 5416//5416
f 5420//5420 5231//5231 5418//5418
f 5232//5232 5419//5419 5228//5228
f 5232//5232 5421//5421 5419//5419
f 5420//5420 5234//5234 5231//5231
f 5422//5422 5234//5234 5420//5420
f 5235//5235 5421//5421 5232//5232
f 5235//5235 5423//5423 5421//5421
f 5422//5422 5236//5236 5234//5234
f 5424//5424 5236//5236 5422//5422
f 5237//5237 5423//5423 5235//5235
f 5237//5237 5425//5425 5423//5423
f 5424//5424 5238//5238 5236//5236
f 5426//5426 5238//5238 5424//5424
f 5239//5239 5425//5425 5237//5237
f 5239//5239 5427//5427 5425//5425
f 5426//5426 5428//5428 5238//5238
f 5238//5238 5428//5428 5240//5240
f 5242//5242 5240//5240 5428//5428
f 5242//5242 5428//5428 5429//5429
f 5243//5243 5427//5427 5239//5239
f 5243//5243 5430//5430 5427//5427
f 5429//5429 5244//5244 5242//5242
f 5431//5431 5244//5244 5429//5429
f 5245//5245 5430//5430 5243//5243
f 5245//5245 5432//5432 5430//5430
f 5431//5431 5246//5246 5244//5244
f 5433//5433 5246//5246 5431//5431
f 5247//5247 5432//5432 5245//5245
f 5247//5247 5434//5434 5432//5432
f 5433//5433 5248//5248 5246//5246
f 5435//5435 5248//5248 5433//5433
f 5249//5249 5434//5434 5247//5247
f 5249//5249 5436//5436 5434//5434
f 5439//5439 5438//5438 5437//5437
f 5435//5435 5439//5439 5437//5437
f 5250//5250 5435//5435 5437//5437
f 5248//5248 5435//5435 5250//5250
f 5251//5251 5436//5436 5249//5249
f 5251//5251 5440//5440 5436//5436
f 5437//5437 5438//5438 5254//5254
f 5438//5438 5253//5253 5254//5254
f 5438//5438 5441//5441 5253//5253
f 5437//5437 5254//5254 5250//5250
