# generated by tools/gen_cave.py
o cave_02
v 10.500 -1.026 32.000
v 10.490 -1.000 32.000
v 10.442 -0.750 32.000
v 10.436 -0.500 32.000
v 10.474 -0.250 32.000
v 10.500 -0.168 32.000
v 10.500 -1.000 32.011
v 10.500 -0.750 32.067
v 10.500 -0.500 32.070
v 10.500 -0.250 32.028
v 10.744 -1.500 32.000
v 10.750 -1.507 32.000
v 10.587 -1.250 32.000
v 10.550 0.000 32.000
v 10.666 0.250 32.000
v 10.750 0.382 32.000
v 10.750 -1.500 32.007
v 10.750 -1.250 32.189
v 10.701 -1.000 32.250
v 10.750 -1.124 32.250
v 10.653 -0.750 32.250
v 10.652 -0.500 32.250
v 10.691 -0.250 32.250
v 10.750 -0.054 32.250
v 10.750 0.000 32.230
v 10.750 0.250 32.097
v 10.750 -1.000 32.319
v 10.750 -0.750 32.387
v 10.750 -0.500 32.389
v 10.750 -0.250 32.334
v 11.000 -1.682 32.000
v 10.828 0.500 32.000
v 11.000 0.690 32.000
v 10.941 -1.500 32.250
v 11.000 -1.574 32.250
v 10.797 -1.250 32.250
v 10.765 0.000 32.250
v 10.867 0.250 32.250
v 11.000 0.474 32.250
v 11.000 0.500 32.226
v 11.000 -1.500 32.339
v 11.000 -1.321 32.500
v 10.961 -1.250 32.500
v 10.869 -1.000 32.500
v 10.823 -0.750 32.500
v 10.820 -0.500 32.500
v 10.853 -0.250 32.500
v 10.919 0.000 32.500
v 11.000 0.200 32.500
v 11.000 0.250 32.464
v 11.000 -1.250 32.572
v 11.000 -1.000 32.734
v 11.000 -0.955 32.750
v 10.960 -0.750 32.750
v 10.948 -0.500 32.750
v 10.972 -0.250 32.750
v 11.000 -0.136 32.750
v 11.000 0.000 32.674
v 11.000 -0.750 32.821
v 11.000 -0.500 32.852
v 11.000 -0.250 32.811
v 11.250 -1.676 32.000
v 11.063 0.750 32.000
v 11.250 0.894 32.000
v 11.250 -1.669 32.250
v 11.016 0.500 32.250
v 11.232 0.750 32.250
v 11.250 0.767 32.250
v 11.102 -1.500 32.500
v 11.250 -1.640 32.500
v 11.021 0.250 32.500
v 11.165 0.500 32.500
v 11.250 0.609 32.500
v 11.250 0.750 32.281
v 11.239 -1.500 32.750
v 11.250 -1.514 32.750
v 11.097 -1.250 32.750
v 11.009 -1.000 32.750
v 11.034 0.000 32.750
v 11.138 0.250 32.750
v 11.250 0.438 32.750
v 11.250 0.500 32.669
v 11.250 -1.500 32.769
v 11.250 -1.268 33.000
v 11.240 -1.250 33.000
v 11.153 -1.000 33.000
v 11.100 -0.750 33.000
v 11.075 -0.500 33.000
v 11.087 -0.250 33.000
v 11.145 0.000 33.000
v 11.250 0.241 33.000
v 11.250 0.250 32.992
v 11.250 -1.250 33.015
v 11.250 -1.000 33.141
v 11.250 -0.750 33.221
v 11.250 -0.608 33.250
v 11.235 -0.500 33.250
v 11.238 -0.250 33.250
v 11.250 -0.194 33.250
v 11.250 0.000 33.180
v 11.250 -0.500 33.268
v 11.250 -0.250 33.265
v 11.500 -1.672 32.000
v 11.428 1.000 32.000
v 11.500 1.039 32.000
v 11.500 -1.667 32.250
v 11.500 0.959 32.250
v 11.500 1.000 32.128
v 11.500 -1.662 32.500
v 11.385 0.750 32.500
v 11.500 0.851 32.500
v 11.500 -1.657 32.750
v 11.295 0.500 32.750
v 11.500 0.722 32.750
v 11.500 0.750 32.700
v 11.394 -1.500 33.000
v 11.500 -1.603 33.000
v 11.255 0.250 33.000
v 11.443 0.500 33.000
v 11.500 0.561 33.000
v 11.500 -1.500 33.142
v 11.424 -1.250 33.250
v 11.500 -1.373 33.250
v 11.329 -1.000 33.250
v 11.271 -0.750 33.250
v 11.299 0.000 33.250
v 11.431 0.250 33.250
v 11.500 0.341 33.250
v 11.500 0.500 33.079
v 11.500 -1.250 33.334
v 11.500 -1.000 33.441
v 11.500 -0.770 33.500
v 11.495 -0.750 33.500
v 11.465 -0.500 33.500
v 11.477 -0.250 33.500
v 11.500 -0.165 33.500
v 11.500 0.000 33.455
v 11.500 0.250 33.322
v 11.500 -0.750 33.504
v 11.500 -0.500 33.531
v 11.500 -0.250 33.520
v 11.750 -1.670 32.000
v 11.750 1.150 32.000
v 11.750 -1.664 32.250
v 11.571 1.000 32.250
v 11.750 1.094 32.250
v 11.750 -1.658 32.500
v 11.724 1.000 32.500
v 11.750 1.015 32.500
v 11.750 -1.652 32.750
v 11.534 0.750 32.750
v 11.750 0.906 32.750
v 11.750 1.000 32.537
v 11.750 -1.647 33.000
v 11.724 0.750 33.000
v 11.750 0.769 33.000
v 11.596 -1.500 33.250
v 11.750 -1.609 33.250
v 11.658 0.500 33.250
v 11.750 0.576 33.250
v 11.750 0.750 33.027
v 11.750 -1.500 33.392
v 11.680 -1.250 33.500
v 11.750 -1.345 33.500
v 11.561 -1.000 33.500
v 11.557 0.000 33.500
v 11.725 0.250 33.500
v 11.750 0.276 33.500
v 11.750 0.500 33.326
v 11.750 -1.250 33.557
v 11.750 -1.000 33.657
v 11.750 -0.750 33.709
v 11.750 -0.500 33.722
v 11.750 -0.250 33.694
v 11.750 0.000 33.628
v 11.750 0.250 33.517
v 12.000 -1.668 32.000
v 12.000 1.234 32.000
v 12.000 -1.661 32.250
v 12.000 1.189 32.250
v 12.000 -1.655 32.500
v 12.000 1.123 32.500
v 12.000 -1.648 32.750
v 11.927 1.000 32.750
v 12.000 1.035 32.750
v 12.000 -1.642 33.000
v 12.000 0.911 33.000
v 12.000 1.000 32.825
v 12.000 -1.636 33.250
v 12.000 0.744 33.250
v 12.000 0.750 33.242
v 11.880 -1.500 33.500
v 12.000 -1.582 33.500
v 11.999 0.500 33.500
v 12.000 0.500 33.500
v 12.000 -1.500 33.598
v 11.994 -1.250 33.750
v 12.000 -1.258 33.750
v 11.869 -1.000 33.750
v 11.803 -0.750 33.750
v 11.788 -0.500 33.750
v 11.829 -0.250 33.750
v 11.931 0.000 33.750
v 12.000 0.107 33.750
v 12.000 0.250 33.679
v 12.000 0.500 33.500
v 12.000 -1.250 33.755
v 12.000 -1.000 33.858
v 12.000 -0.750 33.909
v 12.000 -0.500 33.921
v 12.000 -0.250 33.885
v 12.000 0.000 33.803
v 12.250 -1.665 32.000
v 12.092 1.250 32.000
v 12.250 1.275 32.000
v 12.250 -1.658 32.250
v 12.250 1.243 32.250
v 12.250 1.250 32.199
v 12.250 -1.652 32.500
v 12.250 1.193 32.500
v 12.250 -1.645 32.750
v 12.250 1.120 32.750
v 12.250 -1.638 33.000
v 12.209 1.000 33.000
v 12.250 1.016 33.000
v 12.250 -1.632 33.250
v 12.011 0.750 33.250
v 12.250 0.864 33.250
v 12.250 1.000 33.028
v 12.250 -1.626 33.500
v 12.250 0.673 33.500
v 12.250 0.750 33.406
v 12.158 -1.500 33.750
v 12.250 -1.572 33.750
v 12.088 0.250 33.750
v 12.250 0.432 33.750
v 12.250 0.500 33.690
v 12.250 -1.500 33.857
v 12.239 -1.250 34.000
v 12.250 -1.273 34.000
v 12.154 -1.000 34.000
v 12.102 -0.750 34.000
v 12.084 -0.500 34.000
v 12.116 -0.250 34.000
v 12.198 0.000 34.000
v 12.250 0.098 34.000
v 12.250 0.250 33.906
v 12.250 -1.250 34.013
v 12.250 -1.000 34.103
v 12.250 -0.750 34.152
v 12.250 -0.500 34.184
v 12.250 -0.250 34.158
v 12.250 0.000 34.062
v 12.500 -1.661 32.000
v 12.500 1.273 32.000
v 12.500 -1.655 32.250
v 12.359 1.250 32.250
v 12.500 1.258 32.250
v 12.500 -1.649 32.500
v 12.500 1.228 32.500
v 12.500 1.250 32.318
v 12.500 -1.642 32.750
v 12.500 1.177 32.750
v 12.500 -1.635 33.000
v 12.500 1.092 33.000
v 12.500 -1.629 33.250
v 12.500 0.967 33.250
v 12.500 1.000 33.188
v 12.500 -1.622 33.500
v 12.376 0.750 33.500
v 12.500 0.816 33.500
v 12.500 -1.616 33.750
v 12.313 0.500 33.750
v 12.500 0.653 33.750
v 12.500 0.750 33.606
v 12.359 -1.500 34.000
v 12.500 -1.599 34.000
v 12.332 0.250 34.000
v 12.500 0.463 34.000
v 12.500 0.500 33.959
v 12.500 -1.500 34.189
v 12.443 -1.250 34.250
v 12.500 -1.390 34.250
v 12.385 -1.000 34.250
v 12.344 -0.750 34.250
v 12.310 -0.500 34.250
v 12.328 -0.250 34.250
v 12.406 0.000 34.250
v 12.500 0.169 34.250
v 12.500 0.250 34.197
v 12.500 -1.250 34.313
v 12.500 -1.000 34.369
v 12.500 -0.750 34.405
v 12.500 -0.500 34.444
v 12.500 -0.250 34.429
v 12.500 0.000 34.348
v 12.750 -1.658 32.000
v 12.661 1.250 32.000
v 12.750 1.237 32.000
v 12.750 -1.652 32.250
v 12.651 1.250 32.250
v 12.750 1.245 32.250
v 12.750 -1.646 32.500
v 12.750 1.237 32.500
v 12.750 -1.639 32.750
v 12.750 1.209 32.750
v 12.750 -1.633 33.000
v 12.750 1.150 33.000
v 12.750 -1.627 33.250
v 12.591 1.000 33.250
v 12.750 1.054 33.250
v 12.750 -1.619 33.500
v 12.750 0.934 33.500
v 12.750 1.000 33.363
v 12.750 -1.613 33.750
v 12.642 0.750 33.750
v 12.750 0.813 33.750
v 12.750 -1.607 34.000
v 12.536 0.500 34.000
v 12.750 0.672 34.000
v 12.750 0.750 33.868
v 12.556 -1.500 34.250
v 12.750 -1.601 34.250
v 12.550 0.250 34.250
v 12.750 0.479 34.250
v 12.750 0.500 34.228
v 12.750 -1.500 34.455
v 12.686 -1.250 34.500
v 12.750 -1.408 34.500
v 12.636 -1.000 34.500
v 12.604 -0.750 34.500
v 12.563 -0.500 34.500
v 12.581 -0.250 34.500
v 12.672 0.000 34.500
v 12.750 0.122 34.500
v 12.750 0.250 34.431
v 12.750 -1.250 34.554
v 12.750 -1.000 34.594
v 12.750 -0.750 34.616
v 12.750 -0.500 34.644
v 12.750 -0.250 34.627
v 12.750 0.000 34.558
v 13.000 -1.654 32.000
v 13.000 1.181 32.000
v 13.000 -1.647 32.250
v 13.000 1.212 32.250
v 13.000 -1.642 32.500
v 13.000 1.222 32.500
v 13.000 -1.636 32.750
v 13.000 1.214 32.750
v 13.000 -1.630 33.000
v 13.000 1.181 33.000
v 13.000 -1.624 33.250
v 13.000 1.117 33.250
v 13.000 -1.617 33.500
v 12.917 1.000 33.500
v 13.000 1.031 33.500
v 13.000 -1.611 33.750
v 13.000 0.929 33.750
v 13.000 1.000 33.575
v 13.000 -1.605 34.000
v 12.882 0.750 34.000
v 13.000 0.812 34.000
v 13.000 -1.601 34.250
v 12.776 0.500 34.250
v 13.000 0.650 34.250
v 13.000 0.750 34.105
v 12.797 -1.500 34.500
v 13.000 -1.596 34.500
v 12.842 0.250 34.500
v 13.000 0.408 34.500
v 13.000 0.500 34.420
v 13.000 -1.500 34.683
v 12.966 -1.250 34.750
v 13.000 -1.346 34.750
v 12.928 -1.000 34.750
v 12.910 -0.750 34.750
v 12.879 -0.500 34.750
v 12.903 -0.250 34.750
v 12.994 0.000 34.750
v 13.000 0.010 34.750
v 13.000 0.250 34.620
v 13.000 -1.250 34.780
v 13.000 -1.000 34.812
v 13.000 -0.750 34.825
v 13.000 -0.500 34.851
v 13.000 -0.250 34.830
v 13.000 0.000 34.755
v 13.250 -1.650 32.000
v 13.250 1.098 32.000
v 13.250 -1.643 32.250
v 13.250 1.152 32.250
v 13.250 -1.637 32.500
v 13.250 1.177 32.500
v 13.250 -1.632 32.750
v 13.250 1.182 32.750
v 13.250 -1.627 33.000
v 13.250 1.172 33.000
v 13.250 -1.621 33.250
v 13.250 1.144 33.250
v 13.250 -1.615 33.500
v 13.250 1.094 33.500
v 13.250 -1.608 33.750
v 13.197 1.000 33.750
v 13.250 1.018 33.750
v 13.250 -1.604 34.000
v 13.250 0.910 34.000
v 13.250 1.000 33.794
v 13.250 -1.600 34.250
v 13.198 0.750 34.250
v 13.250 0.773 34.250
v 13.250 -1.597 34.500
v 13.108 0.500 34.500
v 13.250 0.593 34.500
v 13.250 0.750 34.286
v 13.069 -1.500 34.750
v 13.250 -1.592 34.750
v 13.159 0.250 34.750
v 13.250 0.345 34.750
v 13.250 0.500 34.607
v 13.250 -1.500 34.926
v 13.229 -1.250 35.000
v 13.250 -1.319 35.000
v 13.199 -1.000 35.000
v 13.187 -0.750 35.000
v 13.159 -0.500 35.000
v 13.181 -0.250 35.000
v 13.250 -0.043 35.000
v 13.250 0.000 34.984
v 13.250 0.250 34.830
v 13.250 -1.250 35.021
v 13.250 -1.000 35.051
v 13.250 -0.750 35.063
v 13.250 -0.500 35.091
v 13.250 -0.250 35.068
v 13.500 -1.647 32.000
v 13.452 1.000 32.000
v 13.500 0.974 32.000
v 13.500 -1.639 32.250
v 13.500 1.000 32.083
v 13.500 1.048 32.250
v 13.500 -1.633 32.500
v 13.500 1.090 32.500
v 13.500 -1.628 32.750
v 13.500 1.111 32.750
v 13.500 -1.624 33.000
v 13.500 1.123 33.000
v 13.500 -1.618 33.250
v 13.500 1.131 33.250
v 13.500 -1.612 33.500
v 13.500 1.121 33.500
v 13.500 -1.606 33.750
v 13.500 1.075 33.750
v 13.500 -1.602 34.000
v 13.500 0.989 34.000
v 13.500 1.000 33.969
v 13.500 -1.599 34.250
v 13.500 0.871 34.250
v 13.500 -1.596 34.500
v 13.500 0.729 34.500
v 13.500 0.750 34.467
v 13.500 -1.591 34.750
v 13.415 0.500 34.750
v 13.500 0.562 34.750
v 13.328 -1.500 35.000
v 13.500 -1.586 35.000
v 13.265 0.000 35.000
v 13.417 0.250 35.000
v 13.500 0.347 35.000
v 13.500 0.500 34.833
v 13.500 -1.500 35.191
v 13.467 -1.250 35.250
v 13.500 -1.369 35.250
v 13.437 -1.000 35.250
v 13.423 -0.750 35.250
v 13.397 -0.500 35.250
v 13.421 -0.250 35.250
v 13.500 -0.009 35.250
v 13.500 0.000 35.246
v 13.500 0.250 35.086
v 13.500 -1.250 35.284
v 13.500 -1.000 35.316
v 13.500 -0.750 35.329
v 13.500 -0.500 35.352
v 13.500 -0.250 35.325
v 13.750 -1.645 32.000
v 13.750 0.780 32.000
v 13.750 -1.637 32.250
v 13.577 1.000 32.250
v 13.750 0.880 32.250
v 13.750 -1.631 32.500
v 13.668 1.000 32.500
v 13.750 0.952 32.500
v 13.750 -1.626 32.750
v 13.750 1.000 32.729
v 13.750 1.004 32.750
v 13.750 -1.621 33.000
v 13.750 1.049 33.000
v 13.750 -1.615 33.250
v 13.750 1.088 33.250
v 13.750 -1.609 33.500
v 13.750 1.109 33.500
v 13.750 -1.603 33.750
v 13.750 1.094 33.750
v 13.750 -1.600 34.000
v 13.550 1.000 34.000
v 13.750 1.042 34.000
v 13.750 -1.597 34.250
v 13.750 0.958 34.250
v 13.750 1.000 34.126
v 13.750 -1.593 34.500
v 13.538 0.750 34.500
v 13.750 0.853 34.500
v 13.750 -1.590 34.750
v 13.750 0.725 34.750
v 13.750 0.750 34.705
v 13.750 -1.585 35.000
v 13.673 0.500 35.000
v 13.750 0.556 35.000
v 13.563 -1.500 35.250
v 13.750 -1.579 35.250
v 13.504 0.000 35.250
v 13.683 0.250 35.250
v 13.750 0.317 35.250
v 13.750 0.500 35.068
v 13.750 -1.500 35.412
v 13.743 -1.250 35.500
v 13.750 -1.275 35.500
v 13.707 -1.000 35.500
v 13.696 -0.750 35.500
v 13.675 -0.500 35.500
v 13.713 -0.250 35.500
v 13.750 -0.154 35.500
v 13.750 0.000 35.447
v 13.750 0.250 35.303
v 13.750 -1.250 35.507
v 13.750 -1.000 35.538
v 13.750 -0.750 35.544
v 13.750 -0.500 35.559
v 13.750 -0.250 35.528
v 14.000 -1.627 32.000
v 13.781 0.750 32.000
v 14.000 0.509 32.000
v 14.000 -1.636 32.250
v 13.898 0.750 32.250
v 14.000 0.645 32.250
v 14.000 -1.629 32.500
v 14.000 0.750 32.463
v 14.000 0.766 32.500
v 14.000 -1.623 32.750
v 13.759 1.000 32.750
v 14.000 0.868 32.750
v 14.000 -1.617 33.000
v 13.884 1.000 33.000
v 14.000 0.955 33.000
v 14.000 -1.611 33.250
v 14.000 1.000 33.160
v 14.000 1.024 33.250
v 14.000 -1.606 33.500
v 14.000 1.064 33.500
v 14.000 -1.601 33.750
v 14.000 1.075 33.750
v 14.000 -1.597 34.000
v 14.000 1.059 34.000
v 14.000 -1.594 34.250
v 13.920 1.000 34.250
v 14.000 1.019 34.250
v 14.000 -1.590 34.500
v 14.000 0.952 34.500
v 14.000 1.000 34.325
v 14.000 -1.586 34.750
v 13.798 0.750 34.750
v 14.000 0.849 34.750
v 14.000 -1.582 35.000
v 14.000 0.698 35.000
v 14.000 0.750 34.919
v 14.000 -1.579 35.250
v 14.000 0.492 35.250
v 14.000 0.500 35.242
v 13.844 -1.500 35.500
v 14.000 -1.573 35.500
v 13.832 0.000 35.500
v 14.000 0.189 35.500
v 14.000 0.250 35.461
v 14.000 -1.500 35.608
v 14.000 -1.250 35.681
v 14.000 -1.000 35.707
v 14.000 -0.750 35.704
v 14.000 -0.500 35.712
v 14.000 -0.250 35.677
v 14.000 0.000 35.599
v 14.141 -1.500 32.000
v 14.250 -1.273 32.000
v 14.175 0.250 32.000
v 14.250 0.086 32.000
v 14.007 0.500 32.000
v 14.250 -1.500 32.180
v 14.250 -1.556 32.250
v 14.250 0.250 32.155
v 14.129 0.500 32.250
v 14.250 0.324 32.250
v 14.250 -1.626 32.500
v 14.250 0.500 32.459
v 14.020 0.750 32.500
v 14.250 0.527 32.500
v 14.250 -1.620 32.750
v 14.186 0.750 32.750
v 14.250 0.704 32.750
v 14.250 -1.613 33.000
v 14.250 0.750 32.826
v 14.250 0.845 33.000
v 14.250 -1.607 33.250
v 14.075 1.000 33.250
v 14.250 0.941 33.250
v 14.250 -1.602 33.500
v 14.240 1.000 33.500
v 14.250 0.997 33.500
v 14.250 -1.598 33.750
v 14.250 1.000 33.523
v 14.250 1.026 33.750
v 14.250 -1.593 34.000
v 14.250 1.042 34.000
v 14.250 -1.589 34.250
v 14.250 1.041 34.250
v 14.250 -1.586 34.500
v 14.188 1.000 34.500
v 14.250 1.015 34.500
v 14.250 -1.583 34.750
v 14.250 0.941 34.750
v 14.250 1.000 34.555
v 14.250 -1.580 35.000
v 14.123 0.750 35.000
v 14.250 0.803 35.000
v 14.250 -1.578 35.250
v 14.016 0.500 35.250
v 14.250 0.606 35.250
v 14.250 0.750 35.071
v 14.250 -1.575 35.500
v 14.076 0.250 35.500
v 14.250 0.360 35.500
v 14.250 0.500 35.367
v 14.250 -1.500 35.739
v 14.122 -1.250 35.750
v 14.250 -1.485 35.750
v 14.078 -1.000 35.750
v 14.088 -0.750 35.750
v 14.074 -0.500 35.750
v 14.140 -0.250 35.750
v 14.250 -0.057 35.750
v 14.250 0.000 35.731
v 14.250 0.250 35.590
v 14.250 -1.250 35.822
v 14.250 -1.000 35.847
v 14.250 -0.750 35.839
v 14.250 -0.500 35.846
v 14.250 -0.250 35.810
v 14.261 -1.250 32.000
v 14.327 -1.000 32.000
v 14.360 -0.750 32.000
v 14.377 -0.500 32.000
v 14.356 -0.250 32.000
v 14.289 0.000 32.000
v 14.300 -1.500 32.250
v 14.436 -1.250 32.250
v 14.500 -1.000 32.250
v 14.500 -1.000 32.250
v 14.500 -0.750 32.214
v 14.500 -0.500 32.198
v 14.500 -0.250 32.241
v 14.430 0.000 32.250
v 14.500 -0.231 32.250
v 14.302 0.250 32.250
v 14.500 -1.500 32.460
v 14.500 -1.541 32.500
v 14.500 -1.250 32.319
v 14.500 0.000 32.342
v 14.487 0.250 32.500
v 14.500 0.229 32.500
v 14.279 0.500 32.500
v 14.500 -1.615 32.750
v 14.500 0.250 32.513
v 14.500 0.500 32.735
v 14.500 0.514 32.750
v 14.500 -1.608 33.000
v 14.435 0.750 33.000
v 14.500 0.712 33.000
v 14.500 -1.603 33.250
v 14.500 0.750 33.066
v 14.500 0.840 33.250
v 14.500 -1.598 33.500
v 14.500 0.913 33.500
v 14.500 -1.594 33.750
v 14.350 1.000 33.750
v 14.500 0.961 33.750
v 14.500 -1.590 34.000
v 14.490 1.000 34.000
v 14.500 0.998 34.000
v 14.500 -1.586 34.250
v 14.500 1.000 34.014
v 14.500 1.028 34.250
v 14.500 -1.583 34.500
v 14.500 1.033 34.500
v 14.500 -1.580 34.750
v 14.500 0.992 34.750
v 14.500 1.000 34.704
v 14.500 -1.578 35.000
v 14.500 0.889 35.000
v 14.500 -1.577 35.250
v 14.500 0.720 35.250
v 14.500 0.750 35.209
v 14.500 -1.576 35.500
v 14.491 0.500 35.500
v 14.500 0.505 35.500
v 14.261 -1.500 35.750
v 14.500 -1.573 35.750
v 14.285 0.000 35.750
v 14.500 0.217 35.750
v 14.500 0.250 35.729
v 14.500 0.500 35.505
v 14.500 -1.500 35.857
v 14.500 -1.250 35.943
v 14.500 -1.000 35.971
v 14.500 -0.750 35.967
v 14.500 -0.500 35.982
v 14.500 -0.250 35.953
v 14.500 0.000 35.873
v 14.500 -1.000 32.250
v 14.529 -0.750 32.250
v 14.540 -0.500 32.250
v 14.506 -0.250 32.250
v 14.543 -1.500 32.500
v 14.691 -1.250 32.500
v 14.750 -1.036 32.500
v 14.750 -1.000 32.491
v 14.750 -0.750 32.468
v 14.750 -0.500 32.463
v 14.742 -0.250 32.500
v 14.750 -0.295 32.500
v 14.644 0.000 32.500
v 14.750 -1.500 32.673
v 14.750 -1.569 32.750
v 14.750 -1.250 32.551
v 14.750 -0.250 32.507
v 14.750 0.000 32.599
v 14.750 0.250 32.745
v 14.517 0.500 32.750
v 14.750 0.256 32.750
v 14.750 -1.604 33.000
v 14.750 0.500 32.951
v 14.750 0.546 33.000
v 14.750 -1.598 33.250
v 14.686 0.750 33.250
v 14.750 0.715 33.250
v 14.750 -1.595 33.500
v 14.750 0.750 33.332
v 14.750 0.811 33.500
v 14.750 -1.590 33.750
v 14.750 0.880 33.750
v 14.750 -1.587 34.000
v 14.750 0.942 34.000
v 14.750 -1.583 34.250
v 14.709 1.000 34.250
v 14.750 0.995 34.250
v 14.750 -1.580 34.500
v 14.750 1.000 34.296
v 14.750 1.025 34.500
v 14.750 -1.578 34.750
v 14.576 1.000 34.750
v 14.750 1.018 34.750
v 14.750 -1.577 35.000
v 14.750 0.959 35.000
v 14.750 1.000 34.829
v 14.750 -1.576 35.250
v 14.563 0.750 35.250
v 14.750 0.837 35.250
v 14.750 -1.575 35.500
v 14.750 0.651 35.500
v 14.750 0.750 35.372
v 14.750 -1.574 35.750
v 14.534 0.250 35.750
v 14.750 0.409 35.750
v 14.750 0.500 35.663
v 14.750 -1.500 35.941
v 14.619 -1.250 36.000
v 14.750 -1.417 36.000
v 14.559 -1.000 36.000
v 14.562 -0.750 36.000
v 14.531 -0.500 36.000
v 14.573 -0.250 36.000
v 14.693 0.000 36.000
v 14.750 0.068 36.000
v 14.750 0.250 35.885
v 14.750 -1.250 36.063
v 14.750 -1.000 36.099
v 14.750 -0.750 36.109
v 14.750 -0.500 36.139
v 14.750 -0.250 36.121
v 14.750 0.000 36.039
v 14.759 -1.000 32.500
v 14.781 -0.750 32.500
v 14.785 -0.500 32.500
v 14.839 -1.500 32.750
v 14.974 -1.250 32.750
v 15.000 -1.139 32.750
v 15.000 -1.000 32.720
v 15.000 -0.750 32.708
v 15.000 -0.500 32.706
v 15.000 -0.250 32.747
v 14.910 0.000 32.750
v 15.000 -0.243 32.750
v 14.755 0.250 32.750
v 15.000 -1.500 32.895
v 15.000 -1.580 33.000
v 15.000 -1.250 32.774
v 15.000 0.000 32.834
v 15.000 0.250 32.970
v 14.806 0.500 33.000
v 15.000 0.290 33.000
v 15.000 -1.593 33.250
v 15.000 0.500 33.199
v 15.000 0.540 33.250
v 15.000 -1.590 33.500
v 14.874 0.750 33.500
v 15.000 0.680 33.500
v 15.000 -1.587 33.750
v 15.000 0.750 33.664
v 15.000 0.782 33.750
v 15.000 -1.584 34.000
v 15.000 0.875 34.000
v 15.000 -1.581 34.250
v 15.000 0.956 34.250
v 15.000 -1.579 34.500
v 15.000 1.000 34.446
v 15.000 1.012 34.500
v 15.000 -1.578 34.750
v 15.000 1.036 34.750
v 15.000 -1.576 35.000
v 14.918 1.000 35.000
v 15.000 1.019 35.000
v 15.000 -1.575 35.250
v 15.000 0.943 35.250
v 15.000 1.000 35.067
v 15.000 -1.575 35.500
v 14.925 0.750 35.500
v 15.000 0.790 35.500
v 15.000 -1.574 35.750
v 14.884 0.500 35.750
v 15.000 0.569 35.750
v 15.000 0.750 35.548
v 14.825 -1.500 36.000
v 15.000 -1.558 36.000
v 14.927 0.250 36.000
v 15.000 0.303 36.000
v 15.000 0.500 35.820
v 15.000 -1.500 36.079
v 15.000 -1.250 36.193
v 15.000 -1.000 36.246
v 14.965 -0.750 36.250
v 15.000 -0.962 36.250
v 14.912 -0.500 36.250
v 14.935 -0.250 36.250
v 15.000 -0.112 36.250
v 15.000 0.000 36.211
v 15.000 0.250 36.047
v 15.000 -0.750 36.274
v 15.000 -0.500 36.311
v 15.000 -0.250 36.295
v 15.030 -1.000 32.750
v 15.041 -0.750 32.750
v 15.041 -0.500 32.750
v 15.002 -0.250 32.750
v 15.104 -1.500 33.000
v 15.226 -1.250 33.000
v 15.250 -1.141 33.000
v 15.250 -1.000 32.970
v 15.250 -0.750 32.964
v 15.250 -0.500 32.966
v 15.243 -0.250 33.000
v 15.250 -0.293 33.000
v 15.161 0.000 33.000
v 15.029 0.250 33.000
v 15.250 -1.500 33.161
v 15.250 -1.564 33.250
v 15.250 -1.250 33.026
v 15.250 -0.250 33.007
v 15.250 0.000 33.096
v 15.250 0.250 33.245
v 15.044 0.500 33.250
v 15.250 0.256 33.250
v 15.250 -1.586 33.500
v 15.244 0.500 33.500
v 15.250 0.495 33.500
v 15.250 -1.584 33.750
v 15.250 0.500 33.507
v 15.068 0.750 33.750
v 15.250 0.654 33.750
v 15.250 -1.582 34.000
v 15.250 0.750 33.917
v 15.250 0.794 34.000
v 15.250 -1.581 34.250
v 15.250 0.915 34.250
v 15.250 -1.579 34.500
v 15.250 1.000 34.488
v 15.250 1.004 34.500
v 15.250 -1.578 34.750
v 15.250 1.056 34.750
v 15.250 -1.577 35.000
v 15.250 1.066 35.000
v 15.250 -1.575 35.250
v 15.178 1.000 35.250
v 15.250 1.022 35.250
v 15.250 -1.574 35.500
v 15.250 0.905 35.500
v 15.250 1.000 35.299
v 15.250 -1.573 35.750
v 15.250 0.720 35.750
v 15.250 0.750 35.710
v 15.250 -1.572 36.000
v 15.250 0.490 36.000
v 15.250 0.500 35.991
v 15.250 -1.500 36.188
v 15.094 -1.250 36.250
v 15.250 -1.435 36.250
v 15.006 -1.000 36.250
v 15.059 0.000 36.250
v 15.250 0.204 36.250
v 15.250 0.250 36.219
v 15.250 -1.250 36.348
v 15.250 -1.000 36.425
v 15.250 -0.750 36.466
v 15.250 -0.500 36.487
v 15.250 -0.250 36.458
v 15.250 0.000 36.374
v 15.280 -1.000 33.000
v 15.286 -0.750 33.000
v 15.283 -0.500 33.000
v 15.328 -1.500 33.250
v 15.455 -1.250 33.250
v 15.500 -1.074 33.250
v 15.500 -1.000 33.230
v 15.500 -0.750 33.217
v 15.500 -0.500 33.221
v 15.483 -0.250 33.250
v 15.500 -0.340 33.250
v 15.392 0.000 33.250
v 15.254 0.250 33.250
v 15.500 -1.500 33.442
v 15.500 -1.545 33.500
v 15.500 -1.250 33.299
v 15.500 -0.250 33.267
v 15.500 0.000 33.363
v 15.474 0.250 33.500
v 15.500 0.212 33.500
v 15.500 -1.581 33.750
v 15.500 0.250 33.527
v 15.475 0.500 33.750
v 15.500 0.480 33.750
v 15.500 -1.580 34.000
v 15.500 0.500 33.771
v 15.359 0.750 34.000
v 15.500 0.687 34.000
v 15.500 -1.580 34.250
v 15.500 0.750 34.086
v 15.500 0.861 34.250
v 15.500 -1.581 34.500
v 15.314 1.000 34.500
v 15.500 0.988 34.500
v 15.500 -1.580 34.750
v 15.500 1.000 34.540
v 15.500 1.063 34.750
v 15.500 -1.578 35.000
v 15.500 1.091 35.000
v 15.500 -1.575 35.250
v 15.500 1.067 35.250
v 15.500 -1.573 35.500
v 15.500 0.985 35.500
v 15.500 1.000 35.456
v 15.500 -1.572 35.750
v 15.305 0.750 35.750
v 15.500 0.849 35.750
v 15.500 -1.571 36.000
v 15.262 0.500 36.000
v 15.500 0.672 36.000
v 15.500 0.750 35.895
v 15.312 -1.500 36.250
v 15.500 -1.571 36.250
v 15.290 0.250 36.250
v 15.500 0.450 36.250
v 15.500 0.500 36.204
v 15.500 -1.500 36.367
v 15.462 -1.250 36.500
v 15.500 -1.298 36.500
v 15.345 -1.000 36.500
v 15.293 -0.750 36.500
v 15.268 -0.500 36.500
v 15.313 -0.250 36.500
v 15.435 0.000 36.500
v 15.500 0.092 36.500
v 15.500 0.250 36.414
v 15.500 -1.250 36.526
v 15.500 -1.000 36.611
v 15.500 -0.750 36.648
v 15.500 -0.500 36.654
v 15.500 -0.250 36.618
v 15.500 0.000 36.543
v 15.519 -1.000 33.250
v 15.533 -0.750 33.250
v 15.530 -0.500 33.250
v 15.554 -1.500 33.500
v 15.690 -1.250 33.500
v 15.750 -1.044 33.500
v 15.750 -1.000 33.487
v 15.750 -0.750 33.465
v 15.750 -0.500 33.465
v 15.740 -0.250 33.500
v 15.750 -0.301 33.500
v 15.637 0.000 33.500
v 15.750 -1.500 33.689
v 15.750 -1.550 33.750
v 15.750 -1.250 33.557
v 15.750 -0.250 33.509
v 15.750 0.000 33.601
v 15.745 0.250 33.750
v 15.750 0.243 33.750
v 15.750 -1.579 34.000
v 15.750 0.250 33.754
v 15.750 0.500 33.960
v 15.750 0.542 34.000
v 15.750 -1.580 34.250
v 15.750 0.750 34.219
v 15.750 0.777 34.250
v 15.750 -1.581 34.500
v 15.750 0.944 34.500
v 15.750 -1.581 34.750
v 15.750 1.000 34.639
v 15.750 1.042 34.750
v 15.750 -1.578 35.000
v 15.750 1.086 35.000
v 15.750 -1.575 35.250
v 15.750 1.082 35.250
v 15.750 -1.573 35.500
v 15.571 1.000 35.500
v 15.750 1.035 35.500
v 15.750 -1.571 35.750
v 15.750 0.948 35.750
v 15.750 1.000 35.602
v 15.750 -1.571 36.000
v 15.619 0.750 36.000
v 15.750 0.825 36.000
v 15.750 -1.570 36.250
v 15.551 0.500 36.250
v 15.750 0.660 36.250
v 15.750 0.750 36.126
v 15.685 -1.500 36.500
v 15.750 -1.534 36.500
v 15.609 0.250 36.500
v 15.750 0.412 36.500
v 15.750 0.500 36.431
v 15.750 -1.500 36.541
v 15.750 -1.250 36.690
v 15.711 -1.000 36.750
v 15.750 -1.076 36.750
v 15.659 -0.750 36.750
v 15.654 -0.500 36.750
v 15.709 -0.250 36.750
v 15.750 -0.147 36.750
v 15.750 0.000 36.710
v 15.750 0.250 36.605
v 15.750 -1.000 36.772
v 15.750 -0.750 36.802
v 15.750 -0.500 36.804
v 15.750 -0.250 36.774
v 15.765 -1.000 33.500
v 15.789 -0.750 33.500
v 15.790 -0.500 33.500
v 15.819 -1.500 33.750
v 15.972 -1.250 33.750
v 16.000 -1.161 33.750
v 16.000 -1.000 33.704
v 16.000 -0.750 33.685
v 16.000 -0.500 33.681
v 16.000 -0.250 33.717
v 15.933 0.000 33.750
v 16.000 -0.157 33.750
v 16.000 -1.500 33.896
v 16.000 -1.579 34.000
v 16.000 -1.250 33.771
v 16.000 0.000 33.799
v 16.000 0.250 33.928
v 15.814 0.500 34.000
v 16.000 0.355 34.000
v 16.000 -1.580 34.250
v 16.000 0.500 34.107
v 15.812 0.750 34.250
v 16.000 0.662 34.250
v 16.000 -1.581 34.500
v 16.000 0.750 34.348
v 16.000 0.868 34.500
v 16.000 -1.581 34.750
v 15.953 1.000 34.750
v 16.000 0.990 34.750
v 16.000 -1.578 35.000
v 16.000 1.000 34.787
v 16.000 1.054 35.000
v 16.000 -1.575 35.250
v 16.000 1.076 35.250
v 16.000 -1.573 35.500
v 16.000 1.063 35.500
v 16.000 -1.571 35.750
v 15.935 1.000 35.750
v 16.000 1.017 35.750
v 16.000 -1.570 36.000
v 16.000 0.934 36.000
v 16.000 1.000 35.802
v 16.000 -1.570 36.250
v 15.888 0.750 36.250
v 16.000 0.810 36.250
v 16.000 -1.568 36.500
v 15.840 0.500 36.500
v 16.000 0.615 36.500
v 16.000 0.750 36.341
v 16.000 -1.500 36.637
v 15.863 -1.250 36.750
v 16.000 -1.373 36.750
v 15.817 0.000 36.750
v 15.990 0.250 36.750
v 16.000 0.260 36.750
v 16.000 0.500 36.603
v 16.000 -1.250 36.814
v 16.000 -1.000 36.892
v 16.000 -0.750 36.923
v 16.000 -0.500 36.929
v 16.000 -0.250 36.903
v 16.000 0.000 36.845
v 16.000 0.250 36.755
vn 0.729 0.224 -0.647
vn 0.732 0.209 -0.648
vn 0.745 0.076 -0.663
vn 0.735 -0.043 -0.677
vn 0.717 -0.162 -0.678
vn 0.714 -0.199 -0.672
vn 0.734 0.210 -0.646
vn 0.758 0.075 -0.648
vn 0.751 -0.051 -0.659
vn 0.724 -0.165 -0.670
vn 0.665 0.486 -0.567
vn 0.662 0.492 -0.566
vn 0.700 0.351 -0.621
vn 0.705 -0.273 -0.655
vn 0.695 -0.382 -0.610
vn 0.684 -0.444 -0.579
vn 0.667 0.486 -0.565
vn 0.738 0.357 -0.573
vn 0.777 0.220 -0.589
vn 0.765 0.288 -0.575
vn 0.794 0.074 -0.604
vn 0.793 -0.058 -0.607
vn 0.784 -0.171 -0.596
vn 0.777 -0.249 -0.577
vn 0.769 -0.272 -0.578
vn 0.720 -0.380 -0.580
vn 0.793 0.223 -0.567
vn 0.826 0.078 -0.558
vn 0.832 -0.058 -0.552
vn 0.811 -0.173 -0.559
vn 0.188 0.968 -0.168
vn 0.663 -0.513 -0.544
vn 0.615 -0.633 -0.470
vn 0.666 0.520 -0.534
vn 0.599 0.636 -0.486
vn 0.749 0.358 -0.557
vn 0.774 -0.272 -0.571
vn 0.755 -0.380 -0.534
vn 0.723 -0.493 -0.483
vn 0.713 -0.509 -0.482
vn 0.691 0.520 -0.501
vn 0.788 0.403 -0.465
vn 0.800 0.366 -0.476
vn 0.830 0.229 -0.509
vn 0.851 0.084 -0.519
vn 0.860 -0.053 -0.507
vn 0.859 -0.171 -0.483
vn 0.844 -0.280 -0.457
vn 0.821 -0.367 -0.437
vn 0.806 -0.389 -0.446
vn 0.806 0.365 -0.466
vn 0.846 0.231 -0.480
vn 0.852 0.209 -0.479
vn 0.870 0.105 -0.482
vn 0.890 -0.022 -0.455
vn 0.896 -0.153 -0.417
vn 0.890 -0.213 -0.404
vn 0.868 -0.283 -0.407
vn 0.864 0.112 -0.492
vn 0.883 -0.005 -0.468
vn 0.893 -0.145 -0.425
vn -0.020 0.999 -0.037
vn 0.588 -0.679 -0.439
vn 0.522 -0.778 -0.350
vn 0.104 0.993 -0.062
vn 0.716 -0.510 -0.477
vn 0.627 -0.671 -0.395
vn 0.621 -0.681 -0.387
vn 0.688 0.587 -0.427
vn 0.392 0.892 -0.228
vn 0.811 -0.392 -0.434
vn 0.740 -0.531 -0.414
vn 0.702 -0.591 -0.396
vn 0.630 -0.672 -0.390
vn 0.723 0.533 -0.440
vn 0.710 0.552 -0.436
vn 0.810 0.369 -0.456
vn 0.847 0.232 -0.479
vn 0.873 -0.287 -0.393
vn 0.816 -0.423 -0.393
vn 0.756 -0.524 -0.393
vn 0.735 -0.550 -0.396
vn 0.721 0.532 -0.443
vn 0.779 0.374 -0.503
vn 0.783 0.362 -0.505
vn 0.819 0.231 -0.525
vn 0.842 0.131 -0.523
vn 0.866 0.020 -0.499
vn 0.874 -0.123 -0.470
vn 0.847 -0.286 -0.449
vn 0.783 -0.440 -0.440
vn 0.782 -0.444 -0.438
vn 0.781 0.361 -0.510
vn 0.793 0.224 -0.566
vn 0.793 0.142 -0.592
vn 0.794 0.091 -0.601
vn 0.799 0.050 -0.600
vn 0.800 -0.094 -0.593
vn 0.796 -0.133 -0.591
vn 0.795 -0.275 -0.541
vn 0.793 0.051 -0.608
vn 0.794 -0.093 -0.601
vn -0.014 1.000 -0.028
vn 0.457 -0.847 -0.271
vn 0.434 -0.868 -0.240
vn -0.011 1.000 -0.020
vn 0.513 -0.805 -0.300
vn 0.474 -0.838 -0.270
vn 0.026 0.999 -0.020
vn 0.629 -0.680 -0.376
vn 0.574 -0.739 -0.353
vn 0.158 0.984 -0.088
vn 0.726 -0.562 -0.396
vn 0.612 -0.684 -0.398
vn 0.603 -0.696 -0.390
vn 0.645 0.590 -0.485
vn 0.455 0.803 -0.384
vn 0.780 -0.446 -0.440
vn 0.662 -0.595 -0.456
vn 0.630 -0.626 -0.460
vn 0.611 0.576 -0.542
vn 0.709 0.366 -0.602
vn 0.666 0.450 -0.595
vn 0.763 0.227 -0.605
vn 0.785 0.143 -0.603
vn 0.761 -0.276 -0.587
vn 0.670 -0.456 -0.586
vn 0.626 -0.512 -0.588
vn 0.629 -0.601 -0.494
vn 0.675 0.368 -0.639
vn 0.691 0.226 -0.686
vn 0.685 0.132 -0.717
vn 0.686 0.125 -0.717
vn 0.678 0.027 -0.735
vn 0.646 -0.108 -0.756
vn 0.628 -0.164 -0.760
vn 0.620 -0.275 -0.735
vn 0.624 -0.454 -0.636
vn 0.684 0.124 -0.718
vn 0.662 0.022 -0.749
vn 0.634 -0.111 -0.766
vn -0.009 1.000 -0.025
vn 0.352 -0.921 -0.168
vn -0.011 1.000 -0.023
vn 0.482 -0.830 -0.282
vn 0.402 -0.884 -0.240
vn -0.014 1.000 -0.023
vn 0.462 -0.828 -0.319
vn 0.449 -0.836 -0.315
vn -0.017 1.000 -0.023
vn 0.593 -0.700 -0.397
vn 0.484 -0.786 -0.385
vn 0.454 -0.829 -0.326
vn 0.051 0.996 -0.072
vn 0.511 -0.721 -0.468
vn 0.498 -0.730 -0.468
vn 0.577 0.601 -0.553
vn 0.325 0.868 -0.376
vn 0.543 -0.602 -0.585
vn 0.499 -0.637 -0.588
vn 0.498 -0.722 -0.480
vn 0.515 0.609 -0.604
vn 0.600 0.376 -0.706
vn 0.571 0.437 -0.695
vn 0.664 0.228 -0.712
vn 0.589 -0.275 -0.759
vn 0.511 -0.436 -0.741
vn 0.501 -0.451 -0.739
vn 0.500 -0.596 -0.628
vn 0.584 0.377 -0.719
vn 0.611 0.229 -0.757
vn 0.615 0.098 -0.782
vn 0.601 -0.025 -0.799
vn 0.571 -0.152 -0.807
vn 0.536 -0.286 -0.794
vn 0.504 -0.435 -0.746
vn -0.010 1.000 -0.025
vn 0.237 -0.963 -0.126
vn -0.011 1.000 -0.026
vn 0.274 -0.940 -0.202
vn -0.013 1.000 -0.026
vn 0.319 -0.907 -0.276
vn -0.015 1.000 -0.026
vn 0.399 -0.839 -0.370
vn 0.363 -0.859 -0.361
vn -0.018 1.000 -0.023
vn 0.389 -0.798 -0.460
vn 0.372 -0.841 -0.392
vn 0.035 0.995 -0.092
vn 0.406 -0.716 -0.568
vn 0.405 -0.719 -0.564
vn 0.507 0.609 -0.610
vn 0.365 0.813 -0.453
vn 0.459 -0.580 -0.674
vn 0.458 -0.580 -0.673
vn 0.522 0.618 -0.587
vn 0.615 0.361 -0.701
vn 0.615 0.366 -0.698
vn 0.612 0.225 -0.759
vn 0.614 0.095 -0.784
vn 0.604 -0.029 -0.796
vn 0.587 -0.160 -0.794
vn 0.581 -0.294 -0.759
vn 0.581 -0.353 -0.733
vn 0.542 -0.433 -0.720
vn 0.459 -0.580 -0.673
vn 0.617 0.361 -0.699
vn 0.641 0.216 -0.737
vn 0.652 0.092 -0.753
vn 0.672 -0.033 -0.740
vn 0.662 -0.173 -0.730
vn 0.613 -0.301 -0.731
vn -0.012 1.000 -0.025
vn 0.177 -0.978 -0.112
vn 0.076 -0.993 -0.088
vn -0.012 1.000 -0.026
vn 0.128 -0.979 -0.159
vn 0.117 -0.983 -0.145
vn -0.011 1.000 -0.027
vn 0.193 -0.955 -0.228
vn -0.012 1.000 -0.027
vn 0.256 -0.913 -0.318
vn -0.013 1.000 -0.026
vn 0.318 -0.841 -0.437
vn 0.304 -0.849 -0.432
vn -0.015 1.000 -0.025
vn 0.403 -0.719 -0.566
vn 0.347 -0.776 -0.527
vn 0.309 -0.841 -0.444
vn 0.059 0.994 -0.095
vn 0.435 -0.688 -0.580
vn 0.396 -0.729 -0.558
vn 0.554 0.624 -0.551
vn 0.425 0.811 -0.402
vn 0.581 -0.436 -0.687
vn 0.573 -0.551 -0.607
vn 0.536 -0.595 -0.599
vn 0.611 0.601 -0.515
vn 0.729 0.297 -0.617
vn 0.730 0.313 -0.608
vn 0.695 0.189 -0.694
vn 0.683 0.095 -0.724
vn 0.705 -0.021 -0.709
vn 0.720 -0.163 -0.675
vn 0.717 -0.304 -0.628
vn 0.710 -0.359 -0.607
vn 0.657 -0.447 -0.607
vn 0.732 0.293 -0.615
vn 0.716 0.170 -0.677
vn 0.710 0.103 -0.697
vn 0.736 0.012 -0.677
vn 0.747 -0.148 -0.648
vn 0.727 -0.306 -0.615
vn -0.015 1.000 -0.023
vn -0.077 -0.997 -0.021
vn -0.013 1.000 -0.025
vn 0.072 -0.989 -0.129
vn 0.001 -0.996 -0.090
vn -0.012 1.000 -0.027
vn 0.083 -0.984 -0.155
vn 0.023 -0.994 -0.107
vn -0.011 1.000 -0.027
vn 0.166 -0.954 -0.251
vn -0.010 1.000 -0.027
vn 0.240 -0.896 -0.374
vn -0.011 1.000 -0.026
vn 0.313 -0.828 -0.465
vn 0.295 -0.845 -0.447
vn -0.012 1.000 -0.026
vn 0.416 -0.741 -0.527
vn 0.402 -0.778 -0.483
vn 0.062 0.997 -0.046
vn 0.556 -0.601 -0.574
vn 0.517 -0.703 -0.487
vn 0.446 -0.755 -0.481
vn 0.624 0.618 -0.478
vn 0.312 0.921 -0.235
vn 0.674 -0.451 -0.586
vn 0.610 -0.584 -0.535
vn 0.594 -0.609 -0.525
vn 0.632 0.550 -0.546
vn 0.731 0.235 -0.641
vn 0.699 0.365 -0.615
vn 0.719 0.141 -0.681
vn 0.709 0.106 -0.698
vn 0.731 0.022 -0.682
vn 0.737 -0.140 -0.662
vn 0.702 -0.306 -0.643
vn 0.662 -0.406 -0.630
vn 0.651 -0.456 -0.606
vn 0.715 0.221 -0.663
vn 0.694 0.121 -0.710
vn 0.674 0.100 -0.732
vn 0.668 0.033 -0.744
vn 0.665 -0.129 -0.735
vn 0.663 -0.302 -0.685
vn -0.016 1.000 -0.022
vn -0.143 -0.989 0.035
vn -0.179 -0.982 0.067
vn -0.016 1.000 -0.024
vn -0.056 -0.998 -0.036
vn -0.092 -0.996 -0.001
vn -0.015 1.000 -0.025
vn -0.012 -0.998 -0.068
vn -0.012 1.000 -0.025
vn 0.071 -0.984 -0.165
vn -0.010 1.000 -0.026
vn 0.165 -0.942 -0.291
vn -0.009 1.000 -0.027
vn 0.296 -0.849 -0.438
vn 0.265 -0.883 -0.388
vn -0.010 1.000 -0.026
vn 0.359 -0.840 -0.406
vn 0.307 -0.863 -0.401
vn -0.011 1.000 -0.026
vn 0.463 -0.770 -0.440
vn 0.431 -0.803 -0.411
vn 0.010 1.000 -0.025
vn 0.591 -0.611 -0.526
vn 0.492 -0.731 -0.473
vn 0.457 -0.777 -0.432
vn 0.616 0.567 -0.547
vn 0.192 0.963 -0.191
vn 0.634 -0.457 -0.624
vn 0.536 -0.596 -0.598
vn 0.532 -0.612 -0.586
vn 0.568 0.540 -0.621
vn 0.656 0.195 -0.729
vn 0.622 0.362 -0.695
vn 0.658 0.103 -0.746
vn 0.645 0.091 -0.758
vn 0.646 0.030 -0.763
vn 0.631 -0.130 -0.764
vn 0.589 -0.297 -0.751
vn 0.561 -0.366 -0.743
vn 0.554 -0.447 -0.703
vn 0.647 0.188 -0.739
vn 0.643 0.091 -0.761
vn 0.626 0.077 -0.776
vn 0.616 0.018 -0.787
vn 0.601 -0.133 -0.788
vn 0.574 -0.293 -0.764
vn -0.016 1.000 -0.024
vn -0.259 -0.952 0.162
vn -0.018 1.000 -0.024
vn -0.180 -0.980 0.080
vn -0.017 1.000 -0.023
vn -0.116 -0.993 0.006
vn -0.014 1.000 -0.022
vn -0.054 -0.995 -0.079
vn -0.011 1.000 -0.024
vn 0.039 -0.981 -0.188
vn -0.010 1.000 -0.026
vn 0.167 -0.944 -0.286
vn -0.010 1.000 -0.027
vn 0.308 -0.880 -0.362
vn 0.282 -0.897 -0.339
vn -0.010 1.000 -0.026
vn 0.350 -0.859 -0.373
vn 0.304 -0.887 -0.348
vn -0.007 1.000 -0.021
vn 0.430 -0.782 -0.451
vn 0.381 -0.814 -0.439
vn -0.004 1.000 -0.019
vn 0.523 -0.612 -0.594
vn 0.416 -0.719 -0.557
vn 0.393 -0.783 -0.482
vn 0.563 0.543 -0.624
vn 0.177 0.960 -0.216
vn 0.540 -0.448 -0.713
vn 0.499 -0.551 -0.668
vn 0.469 -0.615 -0.633
vn 0.562 0.559 -0.610
vn 0.665 0.169 -0.728
vn 0.654 0.271 -0.706
vn 0.657 0.071 -0.750
vn 0.642 0.062 -0.764
vn 0.634 0.010 -0.774
vn 0.625 -0.141 -0.768
vn 0.608 -0.301 -0.735
vn 0.607 -0.307 -0.733
vn 0.548 -0.453 -0.703
vn 0.669 0.166 -0.724
vn 0.668 0.066 -0.742
vn 0.658 0.058 -0.751
vn 0.659 0.008 -0.752
vn 0.647 -0.142 -0.749
vn 0.609 -0.301 -0.733
vn -0.014 1.000 -0.027
vn -0.366 -0.899 0.242
vn -0.017 1.000 -0.025
vn -0.303 -0.942 0.145
vn -0.016 1.000 -0.022
vn -0.251 -0.966 0.058
vn -0.015 1.000 -0.020
vn -0.199 -0.980 -0.010
vn -0.013 1.000 -0.022
vn -0.114 -0.991 -0.075
vn -0.011 1.000 -0.025
vn 0.025 -0.988 -0.154
vn -0.011 1.000 -0.027
vn 0.168 -0.956 -0.241
vn -0.009 1.000 -0.023
vn 0.281 -0.898 -0.338
vn 0.263 -0.907 -0.329
vn -0.007 1.000 -0.018
vn 0.304 -0.856 -0.418
vn 0.270 -0.900 -0.343
vn -0.002 1.000 -0.013
vn 0.361 -0.784 -0.505
vn 0.348 -0.796 -0.495
vn 0.001 1.000 -0.015
vn 0.470 -0.622 -0.626
vn 0.433 -0.694 -0.576
vn 0.358 -0.785 -0.505
vn 0.564 0.560 -0.607
vn 0.197 0.955 -0.221
vn 0.576 -0.467 -0.671
vn 0.558 -0.533 -0.636
vn 0.484 -0.634 -0.603
vn 0.578 0.564 -0.590
vn 0.707 0.150 -0.692
vn 0.697 0.224 -0.682
vn 0.707 0.056 -0.705
vn 0.705 0.055 -0.707
vn 0.702 0.010 -0.712
vn 0.697 -0.143 -0.703
vn 0.685 -0.281 -0.673
vn 0.675 -0.310 -0.669
vn 0.598 -0.473 -0.647
vn 0.711 0.149 -0.687
vn 0.719 0.056 -0.693
vn 0.720 0.055 -0.691
vn 0.722 0.008 -0.692
vn 0.710 -0.144 -0.689
vn -0.010 0.999 -0.030
vn -0.483 -0.828 0.286
vn -0.510 -0.808 0.296
vn -0.012 1.000 -0.026
vn -0.494 -0.829 0.263
vn -0.462 -0.864 0.197
vn -0.013 1.000 -0.021
vn -0.404 -0.908 0.114
vn -0.013 1.000 -0.019
vn -0.331 -0.942 0.062
vn -0.014 1.000 -0.021
vn -0.234 -0.971 0.039
vn -0.013 1.000 -0.024
vn -0.110 -0.994 -0.005
vn -0.012 1.000 -0.025
vn 0.028 -0.993 -0.113
vn -0.010 1.000 -0.022
vn 0.144 -0.957 -0.251
vn -0.008 1.000 -0.014
vn 0.236 -0.901 -0.364
vn 0.225 -0.909 -0.350
vn -0.006 1.000 -0.011
vn 0.315 -0.842 -0.437
vn -0.008 1.000 -0.017
vn 0.401 -0.782 -0.478
vn 0.388 -0.792 -0.471
vn -0.004 1.000 -0.022
vn 0.520 -0.648 -0.557
vn 0.505 -0.692 -0.516
vn 0.572 0.586 -0.573
vn 0.196 0.962 -0.191
vn 0.677 -0.311 -0.667
vn 0.621 -0.485 -0.616
vn 0.593 -0.552 -0.587
vn 0.532 -0.653 -0.539
vn 0.583 0.568 -0.580
vn 0.697 0.147 -0.702
vn 0.674 0.288 -0.681
vn 0.710 0.063 -0.701
vn 0.712 0.058 -0.699
vn 0.710 0.005 -0.704
vn 0.691 -0.149 -0.708
vn 0.650 -0.307 -0.695
vn 0.648 -0.314 -0.693
vn 0.613 -0.486 -0.623
vn 0.691 0.148 -0.707
vn 0.699 0.063 -0.712
vn 0.695 0.053 -0.717
vn 0.683 -0.006 -0.730
vn 0.667 -0.154 -0.729
vn -0.034 0.999 -0.029
vn -0.636 -0.696 0.332
vn -0.006 1.000 -0.028
vn -0.506 -0.835 0.216
vn -0.601 -0.757 0.258
vn -0.008 1.000 -0.023
vn -0.489 -0.855 0.171
vn -0.531 -0.823 0.201
vn -0.012 1.000 -0.021
vn -0.435 -0.883 0.174
vn -0.426 -0.888 0.171
vn -0.015 1.000 -0.022
vn -0.311 -0.937 0.157
vn -0.014 1.000 -0.023
vn -0.205 -0.972 0.115
vn -0.013 1.000 -0.023
vn -0.112 -0.994 0.011
vn -0.011 1.000 -0.019
vn 0.001 -0.991 -0.133
vn -0.010 1.000 -0.014
vn 0.216 -0.914 -0.343
vn 0.132 -0.957 -0.259
vn -0.012 1.000 -0.013
vn 0.266 -0.903 -0.338
vn 0.200 -0.933 -0.299
vn -0.012 1.000 -0.013
vn 0.394 -0.793 -0.464
vn 0.373 -0.842 -0.390
vn -0.010 1.000 -0.018
vn 0.434 -0.778 -0.456
vn 0.422 -0.791 -0.443
vn -0.008 1.000 -0.023
vn 0.500 -0.660 -0.561
vn 0.466 -0.694 -0.549
vn 0.572 0.575 -0.585
vn 0.172 0.960 -0.219
vn 0.647 -0.314 -0.695
vn 0.544 -0.500 -0.674
vn 0.505 -0.549 -0.666
vn 0.473 -0.664 -0.579
vn 0.523 0.616 -0.590
vn 0.621 0.155 -0.768
vn 0.620 0.182 -0.763
vn 0.631 0.060 -0.773
vn 0.619 0.042 -0.784
vn 0.611 -0.019 -0.791
vn 0.579 -0.170 -0.798
vn 0.559 -0.229 -0.797
vn 0.548 -0.329 -0.770
vn 0.516 -0.504 -0.692
vn 0.619 0.155 -0.770
vn 0.617 0.056 -0.785
vn 0.599 0.035 -0.800
vn 0.583 -0.029 -0.812
vn 0.565 -0.173 -0.807
vn -0.384 0.911 0.152
vn -0.646 -0.685 0.336
vn -0.734 -0.578 0.358
vn -0.103 0.995 0.002
vn -0.649 -0.698 0.302
vn -0.690 -0.643 0.333
vn -0.010 1.000 -0.027
vn -0.618 -0.717 0.322
vn -0.606 -0.728 0.320
vn -0.012 1.000 -0.026
vn -0.428 -0.886 0.176
vn -0.488 -0.815 0.311
vn -0.015 1.000 -0.023
vn -0.337 -0.915 0.221
vn -0.362 -0.889 0.279
vn -0.016 1.000 -0.022
vn -0.305 -0.924 0.231
vn -0.275 -0.940 0.204
vn -0.014 1.000 -0.022
vn -0.215 -0.972 0.097
vn -0.012 1.000 -0.019
vn -0.134 -0.991 -0.011
vn -0.013 1.000 -0.015
vn -0.001 -0.994 -0.110
vn -0.015 1.000 -0.013
vn 0.194 -0.949 -0.247
vn 0.159 -0.966 -0.202
vn -0.016 1.000 -0.015
vn 0.292 -0.907 -0.303
vn 0.200 -0.952 -0.232
vn -0.015 1.000 -0.017
vn 0.417 -0.790 -0.449
vn 0.360 -0.834 -0.419
vn -0.009 1.000 -0.015
vn 0.368 -0.759 -0.537
vn 0.364 -0.786 -0.500
vn -0.003 1.000 -0.018
vn 0.370 -0.672 -0.642
vn 0.369 -0.676 -0.638
vn 0.524 0.580 -0.623
vn 0.213 0.912 -0.351
vn 0.513 -0.333 -0.791
vn 0.427 -0.474 -0.770
vn 0.417 -0.521 -0.745
vn 0.405 0.650 -0.643
vn 0.530 0.162 -0.833
vn 0.517 0.035 -0.856
vn 0.498 0.009 -0.867
vn 0.487 -0.048 -0.872
vn 0.477 -0.187 -0.859
vn 0.458 -0.340 -0.821
vn -0.697 0.595 0.400
vn -0.825 0.313 0.471
vn -0.804 -0.451 0.387
vn -0.845 -0.354 0.401
vn -0.736 -0.574 0.359
vn -0.680 0.549 0.486
vn -0.580 0.684 0.443
vn -0.788 -0.452 0.419
vn -0.720 -0.582 0.379
vn -0.759 -0.490 0.428
vn -0.119 0.990 0.079
vn -0.662 -0.597 0.454
vn -0.608 -0.722 0.330
vn -0.644 -0.611 0.460
vn -0.016 1.000 -0.026
vn -0.507 -0.754 0.418
vn -0.514 -0.725 0.459
vn -0.017 0.999 -0.027
vn -0.479 -0.761 0.438
vn -0.403 -0.828 0.391
vn -0.016 1.000 -0.022
vn -0.292 -0.930 0.222
vn -0.333 -0.903 0.271
vn -0.016 1.000 -0.019
vn -0.282 -0.947 0.155
vn -0.285 -0.945 0.157
vn -0.014 1.000 -0.018
vn -0.279 -0.948 0.150
vn -0.221 -0.972 0.084
vn -0.014 1.000 -0.017
vn -0.118 -0.993 0.030
vn -0.016 1.000 -0.016
vn 0.017 -0.999 -0.051
vn -0.016 1.000 -0.013
vn 0.190 -0.957 -0.217
vn 0.155 -0.970 -0.187
vn -0.013 1.000 -0.011
vn 0.256 -0.893 -0.370
vn 0.178 -0.957 -0.227
vn -0.009 1.000 -0.011
vn 0.334 -0.777 -0.533
vn 0.303 -0.793 -0.528
vn -0.005 1.000 -0.011
vn 0.366 -0.676 -0.640
vn 0.327 -0.715 -0.618
vn 0.309 -0.773 -0.554
vn 0.005 0.991 -0.132
vn 0.407 -0.524 -0.748
vn 0.374 -0.603 -0.705
vn 0.345 -0.679 -0.648
vn 0.428 0.633 -0.645
vn 0.489 0.162 -0.857
vn 0.448 0.584 -0.677
vn 0.500 0.030 -0.866
vn 0.483 0.005 -0.875
vn 0.479 -0.049 -0.877
vn 0.468 -0.188 -0.864
vn 0.456 -0.305 -0.836
vn 0.450 -0.343 -0.825
vn 0.402 -0.530 -0.747
vn 0.458 0.170 -0.873
vn 0.466 0.025 -0.884
vn 0.465 -0.000 -0.885
vn 0.474 -0.050 -0.879
vn 0.473 -0.189 -0.861
vn -0.828 0.298 0.475
vn -0.856 0.162 0.492
vn -0.872 0.086 0.482
vn -0.881 -0.006 0.474
vn -0.880 -0.151 0.450
vn -0.857 -0.306 0.415
vn -0.642 0.558 0.525
vn -0.730 0.287 0.620
vn -0.742 0.137 0.656
vn -0.742 0.137 0.656
vn -0.772 0.061 0.633
vn -0.793 -0.027 0.609
vn -0.784 -0.172 0.596
vn -0.782 -0.320 0.535
vn -0.781 -0.184 0.597
vn -0.766 -0.455 0.455
vn -0.591 0.556 0.584
vn -0.536 0.650 0.539
vn -0.695 0.284 0.660
vn -0.735 -0.329 0.593
vn -0.653 -0.468 0.595
vn -0.653 -0.457 0.604
vn -0.646 -0.599 0.474
vn -0.086 0.993 0.081
vn -0.647 -0.469 0.601
vn -0.543 -0.609 0.578
vn -0.537 -0.616 0.576
vn -0.018 1.000 -0.023
vn -0.433 -0.777 0.457
vn -0.445 -0.753 0.484
vn -0.018 1.000 -0.020
vn -0.427 -0.787 0.445
vn -0.386 -0.859 0.337
vn -0.016 1.000 -0.019
vn -0.340 -0.915 0.217
vn -0.016 1.000 -0.016
vn -0.242 -0.964 0.114
vn -0.274 -0.948 0.160
vn -0.014 1.000 -0.017
vn -0.189 -0.974 0.125
vn -0.191 -0.973 0.129
vn -0.013 1.000 -0.015
vn -0.186 -0.974 0.126
vn -0.092 -0.993 0.068
vn -0.011 1.000 -0.013
vn 0.019 -0.998 -0.067
vn -0.010 1.000 -0.010
vn 0.145 -0.954 -0.264
vn 0.122 -0.966 -0.228
vn -0.008 1.000 -0.007
vn 0.267 -0.850 -0.453
vn -0.004 1.000 -0.005
vn 0.348 -0.746 -0.568
vn 0.336 -0.764 -0.551
vn -0.002 1.000 -0.009
vn 0.386 -0.664 -0.640
vn 0.387 -0.666 -0.638
vn 0.435 0.621 -0.652
vn 0.138 0.929 -0.345
vn 0.456 -0.342 -0.822
vn 0.446 -0.497 -0.744
vn 0.438 -0.522 -0.732
vn 0.387 -0.664 -0.640
vn 0.290 0.696 -0.657
vn 0.435 0.196 -0.879
vn 0.449 0.039 -0.893
vn 0.474 0.020 -0.880
vn 0.508 -0.023 -0.861
vn 0.524 -0.175 -0.834
vn 0.497 -0.343 -0.797
vn -0.742 0.137 0.656
vn -0.757 0.057 0.651
vn -0.770 -0.033 0.637
vn -0.780 -0.173 0.601
vn -0.581 0.550 0.600
vn -0.648 0.265 0.714
vn -0.672 0.138 0.727
vn -0.677 0.119 0.727
vn -0.696 0.038 0.717
vn -0.702 -0.052 0.710
vn -0.691 -0.189 0.698
vn -0.692 -0.164 0.702
vn -0.675 -0.332 0.660
vn -0.542 0.598 0.590
vn -0.423 0.786 0.451
vn -0.647 0.262 0.717
vn -0.690 -0.190 0.699
vn -0.655 -0.330 0.680
vn -0.594 -0.456 0.663
vn -0.540 -0.608 0.582
vn -0.592 -0.459 0.663
vn -0.052 0.998 0.044
vn -0.528 -0.613 0.588
vn -0.514 -0.644 0.566
vn -0.021 1.000 -0.019
vn -0.439 -0.813 0.383
vn -0.461 -0.791 0.403
vn -0.016 1.000 -0.017
vn -0.439 -0.823 0.361
vn -0.398 -0.872 0.284
vn -0.014 1.000 -0.016
vn -0.324 -0.915 0.239
vn -0.013 1.000 -0.014
vn -0.232 -0.949 0.215
vn -0.010 1.000 -0.013
vn -0.132 -0.981 0.145
vn -0.139 -0.977 0.160
vn -0.007 1.000 -0.011
vn -0.122 -0.983 0.139
vn -0.041 -0.998 0.047
vn -0.005 1.000 -0.007
vn 0.128 -0.967 -0.222
vn 0.086 -0.989 -0.122
vn -0.004 1.000 -0.005
vn 0.239 -0.917 -0.320
vn 0.135 -0.973 -0.185
vn -0.003 1.000 -0.005
vn 0.352 -0.758 -0.549
vn 0.358 -0.797 -0.486
vn -0.002 1.000 -0.005
vn 0.404 -0.696 -0.593
vn 0.382 -0.749 -0.542
vn 0.002 0.987 -0.158
vn 0.444 -0.521 -0.730
vn 0.425 -0.604 -0.674
vn 0.410 -0.647 -0.643
vn 0.311 0.721 -0.619
vn 0.428 0.204 -0.881
vn 0.414 0.469 -0.780
vn 0.455 0.045 -0.890
vn 0.485 0.030 -0.874
vn 0.514 -0.018 -0.857
vn 0.540 -0.168 -0.825
vn 0.526 -0.348 -0.776
vn 0.510 -0.401 -0.761
vn 0.458 -0.528 -0.715
vn 0.432 0.223 -0.874
vn 0.477 0.078 -0.875
vn 0.520 0.068 -0.852
vn 0.550 0.020 -0.835
vn 0.561 -0.157 -0.813
vn 0.528 -0.353 -0.772
vn -0.676 0.117 0.727
vn -0.695 0.035 0.718
vn -0.700 -0.052 0.712
vn -0.558 0.578 0.595
vn -0.662 0.239 0.710
vn -0.679 0.171 0.714
vn -0.692 0.093 0.716
vn -0.710 0.020 0.704
vn -0.713 -0.053 0.699
vn -0.699 -0.174 0.694
vn -0.658 -0.310 0.686
vn -0.698 -0.178 0.694
vn -0.594 -0.455 0.664
vn -0.562 0.599 0.570
vn -0.384 0.852 0.355
vn -0.668 0.238 0.705
vn -0.673 -0.302 0.675
vn -0.638 -0.437 0.635
vn -0.538 -0.612 0.580
vn -0.631 -0.461 0.624
vn -0.063 0.998 0.018
vn -0.586 -0.626 0.515
vn -0.575 -0.659 0.485
vn -0.018 1.000 -0.012
vn -0.439 -0.838 0.325
vn -0.489 -0.789 0.373
vn -0.014 1.000 -0.013
vn -0.418 -0.842 0.341
vn -0.384 -0.862 0.331
vn -0.010 1.000 -0.012
vn -0.267 -0.910 0.316
vn -0.006 1.000 -0.009
vn -0.151 -0.954 0.258
vn -0.002 1.000 -0.008
vn -0.063 -0.982 0.178
vn -0.040 -0.987 0.156
vn -0.000 1.000 -0.007
vn 0.076 -0.997 0.017
vn -0.000 1.000 -0.005
vn 0.216 -0.951 -0.219
vn 0.205 -0.964 -0.170
vn -0.002 1.000 -0.003
vn 0.317 -0.866 -0.387
vn 0.236 -0.944 -0.230
vn -0.002 1.000 -0.004
vn 0.387 -0.728 -0.566
vn 0.378 -0.741 -0.556
vn -0.001 0.999 -0.033
vn 0.413 -0.640 -0.648
vn 0.408 -0.655 -0.637
vn 0.382 -0.724 -0.574
vn 0.357 0.668 -0.653
vn 0.184 0.894 -0.407
vn 0.464 -0.539 -0.703
vn 0.455 -0.567 -0.687
vn 0.417 -0.640 -0.645
vn 0.310 0.727 -0.613
vn 0.485 0.275 -0.830
vn 0.544 0.134 -0.828
vn 0.577 0.102 -0.810
vn 0.551 0.130 -0.824
vn 0.571 0.032 -0.820
vn 0.560 -0.157 -0.814
vn 0.538 -0.276 -0.797
vn 0.519 -0.370 -0.771
vn 0.467 -0.544 -0.697
vn 0.583 0.106 -0.805
vn 0.574 0.031 -0.819
vn 0.553 -0.159 -0.818
vn -0.693 0.090 0.716
vn -0.709 0.016 0.705
vn -0.712 -0.054 0.700
vn -0.699 -0.174 0.694
vn -0.586 0.600 0.544
vn -0.706 0.240 0.666
vn -0.714 0.170 0.679
vn -0.716 0.083 0.693
vn -0.719 0.006 0.695
vn -0.721 -0.059 0.690
vn -0.716 -0.169 0.678
vn -0.717 -0.150 0.680
vn -0.695 -0.292 0.657
vn -0.644 -0.435 0.630
vn -0.588 0.615 0.525
vn -0.430 0.826 0.365
vn -0.707 0.241 0.665
vn -0.716 -0.170 0.677
vn -0.700 -0.297 0.650
vn -0.673 -0.450 0.586
vn -0.594 -0.630 0.501
vn -0.672 -0.455 0.584
vn -0.078 0.996 0.035
vn -0.584 -0.651 0.484
vn -0.586 -0.647 0.487
vn -0.013 1.000 -0.009
vn -0.583 -0.652 0.485
vn -0.403 -0.840 0.363
vn -0.456 -0.765 0.455
vn -0.008 1.000 -0.006
vn -0.360 -0.823 0.440
vn -0.312 -0.844 0.436
vn -0.002 1.000 -0.005
vn -0.171 -0.910 0.377
vn 0.003 1.000 -0.005
vn -0.052 -0.961 0.272
vn -0.046 -0.963 0.267
vn 0.004 1.000 -0.006
vn 0.054 -0.991 0.123
vn 0.003 1.000 -0.007
vn 0.142 -0.988 -0.064
vn -0.001 1.000 -0.006
vn 0.254 -0.913 -0.319
vn 0.227 -0.929 -0.292
vn -0.003 1.000 -0.004
vn 0.315 -0.814 -0.488
vn 0.245 -0.910 -0.335
vn -0.003 1.000 -0.003
vn 0.398 -0.707 -0.584
vn 0.385 -0.725 -0.571
vn 0.026 0.988 -0.154
vn 0.466 -0.630 -0.621
vn 0.464 -0.634 -0.618
vn 0.368 0.741 -0.561
vn 0.499 0.289 -0.817
vn 0.484 0.536 -0.691
vn 0.546 0.135 -0.827
vn 0.517 -0.368 -0.773
vn 0.508 -0.493 -0.706
vn 0.503 -0.523 -0.689
vn 0.526 0.317 -0.789
vn 0.584 0.180 -0.791
vn 0.601 0.096 -0.794
vn 0.566 -0.013 -0.824
vn 0.532 -0.178 -0.828
vn 0.515 -0.353 -0.781
vn -0.715 0.084 0.694
vn -0.714 0.005 0.700
vn -0.716 -0.061 0.695
vn -0.577 0.635 0.514
vn -0.704 0.268 0.658
vn -0.713 0.157 0.684
vn -0.712 0.110 0.694
vn -0.702 0.014 0.712
vn -0.699 -0.069 0.712
vn -0.694 -0.190 0.695
vn -0.697 -0.146 0.702
vn -0.687 -0.316 0.654
vn -0.673 -0.451 0.586
vn -0.565 0.641 0.520
vn -0.464 0.778 0.424
vn -0.701 0.271 0.660
vn -0.691 -0.191 0.697
vn -0.670 -0.331 0.665
vn -0.630 -0.487 0.605
vn -0.634 -0.463 0.619
vn -0.060 0.996 0.059
vn -0.622 -0.489 0.611
vn -0.509 -0.649 0.565
vn -0.514 -0.634 0.578
vn -0.007 1.000 -0.001
vn -0.502 -0.646 0.575
vn -0.337 -0.803 0.491
vn -0.369 -0.742 0.560
vn -0.001 1.000 0.001
vn -0.320 -0.779 0.538
vn -0.228 -0.839 0.494
vn 0.004 1.000 -0.001
vn -0.062 -0.954 0.292
vn -0.109 -0.925 0.365
vn 0.005 1.000 -0.006
vn -0.095 -0.936 0.339
vn -0.026 -0.979 0.200
vn 0.004 1.000 -0.009
vn 0.038 -0.999 0.009
vn 0.001 1.000 -0.009
vn 0.116 -0.972 -0.202
vn -0.001 1.000 -0.007
vn 0.229 -0.893 -0.387
vn 0.209 -0.910 -0.358
vn -0.004 1.000 -0.004
vn 0.391 -0.728 -0.564
vn 0.361 -0.794 -0.490
vn -0.004 1.000 -0.002
vn 0.467 -0.634 -0.617
vn 0.474 -0.696 -0.539
vn 0.431 -0.743 -0.512
vn 0.409 0.700 -0.586
vn 0.154 0.950 -0.273
vn 0.510 -0.515 -0.689
vn 0.539 -0.579 -0.611
vn 0.532 -0.608 -0.589
vn 0.366 0.743 -0.561
vn 0.531 0.346 -0.773
vn 0.523 0.384 -0.761
vn 0.579 0.189 -0.793
vn 0.595 0.091 -0.798
vn 0.564 -0.017 -0.826
vn 0.530 -0.180 -0.829
vn 0.527 -0.321 -0.787
vn 0.539 -0.361 -0.761
vn 0.545 -0.456 -0.703
vn 0.529 0.348 -0.774
vn 0.554 0.190 -0.811
vn 0.550 0.068 -0.832
vn 0.532 -0.047 -0.846
vn 0.522 -0.176 -0.834
vn 0.529 -0.307 -0.791
vn -0.710 0.112 0.695
vn -0.700 0.015 0.714
vn -0.696 -0.070 0.715
vn -0.545 0.651 0.529
vn -0.654 0.288 0.699
vn -0.664 0.161 0.730
vn -0.666 0.134 0.734
vn -0.671 0.031 0.741
vn -0.663 -0.063 0.746
vn -0.644 -0.199 0.739
vn -0.648 -0.170 0.742
vn -0.631 -0.347 0.693
vn -0.502 0.666 0.552
vn -0.392 0.809 0.439
vn -0.644 0.291 0.708
vn -0.642 -0.199 0.740
vn -0.601 -0.349 0.719
vn -0.541 -0.489 0.684
vn -0.542 -0.485 0.686
vn -0.003 0.999 0.053
vn -0.540 -0.489 0.685
vn -0.432 -0.612 0.662
vn -0.413 -0.628 0.660
vn -0.000 1.000 0.006
vn -0.310 -0.736 0.602
vn -0.297 -0.750 0.591
vn 0.001 1.000 0.002
vn -0.209 -0.870 0.446
vn 0.002 1.000 -0.006
vn -0.171 -0.923 0.345
vn -0.142 -0.954 0.263
vn 0.002 1.000 -0.011
vn -0.077 -0.994 0.077
vn 0.000 1.000 -0.011
vn 0.015 -0.995 -0.099
vn -0.001 1.000 -0.008
vn 0.206 -0.914 -0.350
vn 0.146 -0.956 -0.254
vn -0.002 1.000 -0.005
vn 0.292 -0.883 -0.367
vn 0.208 -0.931 -0.302
vn -0.001 1.000 -0.003
vn 0.449 -0.746 -0.491
vn 0.412 -0.795 -0.445
vn -0.003 0.998 -0.062
vn 0.536 -0.602 -0.592
vn 0.492 -0.687 -0.535
vn 0.454 -0.751 -0.480
vn 0.395 0.713 -0.579
vn 0.317 0.820 -0.477
vn 0.543 -0.430 -0.721
vn 0.523 -0.512 -0.681
vn 0.518 -0.574 -0.635
vn 0.370 0.733 -0.571
vn 0.465 0.357 -0.810
vn 0.484 0.184 -0.855
vn 0.471 0.233 -0.851
vn 0.499 0.058 -0.865
vn 0.498 -0.050 -0.866
vn 0.496 -0.160 -0.854
vn 0.494 -0.200 -0.846
vn 0.501 -0.265 -0.824
vn 0.515 -0.399 -0.758
vn 0.473 0.183 -0.862
vn 0.475 0.056 -0.878
vn 0.479 -0.048 -0.877
vn 0.489 -0.157 -0.858
vn -0.663 0.134 0.736
vn -0.664 0.032 0.747
vn -0.656 -0.061 0.752
vn -0.480 0.663 0.574
vn -0.557 0.296 0.776
vn -0.555 0.236 0.797
vn -0.571 0.131 0.810
vn -0.585 0.035 0.810
vn -0.582 -0.049 0.812
vn -0.556 -0.187 0.810
vn -0.534 -0.345 0.772
vn -0.541 -0.241 0.805
vn -0.401 0.703 0.587
vn -0.186 0.921 0.343
vn -0.545 0.302 0.782
vn -0.507 -0.341 0.792
vn -0.442 -0.474 0.761
vn -0.412 -0.606 0.681
vn -0.417 -0.513 0.750
vn 0.000 1.000 0.005
vn -0.369 -0.591 0.718
vn -0.306 -0.731 0.610
vn -0.330 -0.667 0.668
vn -0.002 1.000 0.001
vn -0.302 -0.731 0.611
vn -0.273 -0.814 0.512
vn -0.002 1.000 -0.005
vn -0.209 -0.926 0.315
vn -0.222 -0.919 0.327
vn -0.002 1.000 -0.011
vn -0.211 -0.930 0.302
vn -0.146 -0.976 0.163
vn -0.001 1.000 -0.012
vn -0.042 -0.999 0.018
vn -0.000 1.000 -0.009
vn 0.084 -0.990 -0.116
vn -0.001 1.000 -0.004
vn 0.232 -0.934 -0.273
vn 0.211 -0.948 -0.240
vn -0.001 1.000 -0.003
vn 0.317 -0.878 -0.358
vn 0.234 -0.936 -0.264
vn -0.002 1.000 -0.004
vn 0.432 -0.750 -0.500
vn 0.385 -0.788 -0.480
vn 0.059 0.977 -0.203
vn 0.486 -0.567 -0.665
vn 0.411 -0.643 -0.646
vn 0.393 -0.750 -0.533
vn 0.255 0.791 -0.556
vn 0.419 0.357 -0.835
vn 0.378 0.465 -0.801
vn 0.480 -0.260 -0.838
vn 0.411 -0.383 -0.828
vn 0.406 -0.389 -0.827
vn 0.407 -0.554 -0.726
vn 0.368 0.360 -0.857
vn 0.385 0.189 -0.903
vn 0.400 0.066 -0.914
vn 0.408 -0.035 -0.912
vn 0.415 -0.147 -0.898
vn 0.413 -0.258 -0.873
vn 0.406 -0.383 -0.830
f 7//7 1//1 2//2
f 7//7 2//2 3//3
f 7//7 3//3 8//8
f 8//8 3//3 4//4
f 8//8 4//4 9//9
f 9//9 4//4 5//5
f 9//9 5//5 10//10
f 10//10 5//5 6//6
f 17//17 12//12 11//11
f 17//17 11//11 13//13
f 17//17 13//13 18//18
f 20//20 18//18 19//19
f 19//19 18//18 7//7
f 18//18 13//13 7//7
f 13//13 1//1 7//7
f 8//8 21//21 7//7
f 7//7 21//21 19//19
f 9//9 22//22 8//8
f 8//8 22//22 21//21
f 10//10 23//23 9//9
f 9//9 23//23 22//22
f 24//24 23//23 10//10
f 24//24 10//10 6//6
f 25//25 24//24 6//6
f 14//14 25//25 6//6
f 25//25 14//14 15//15
f 25//25 15//15 26//26
f 26//26 15//15 16//16
f 27//27 20//20 19//19
f 27//27 19//19 21//21
f 27//27 21//21 28//28
f 28//28 21//21 22//22
f 28//28 22//22 29//29
f 29//29 22//22 23//23
f 29//29 23//23 30//30
f 30//30 23//23 24//24
f 12//12 17//17 34//34
f 35//35 12//12 34//34
f 31//31 12//12 35//35
f 18//18 36//36 17//17
f 17//17 36//36 34//34
f 20//20 36//36 18//18
f 37//37 24//24 25//25
f 26//26 38//38 25//25
f 25//25 38//38 37//37
f 39//39 38//38 26//26
f 39//39 26//26 16//16
f 40//40 39//39 16//16
f 32//32 40//40 16//16
f 40//40 32//32 33//33
f 41//41 35//35 34//34
f 43//43 42//42 41//41
f 34//34 43//43 41//41
f 36//36 43//43 34//34
f 27//27 44//44 20//20
f 44//44 36//36 20//20
f 44//44 43//43 36//36
f 28//28 45//45 27//27
f 27//27 45//45 44//44
f 29//29 46//46 28//28
f 28//28 46//46 45//45
f 30//30 47//47 29//29
f 29//29 47//47 46//46
f 24//24 37//37 30//30
f 37//37 47//47 30//30
f 37//37 48//48 47//47
f 38//38 50//50 49//49
f 48//48 38//38 49//49
f 37//37 38//38 48//48
f 50//50 38//38 39//39
f 51//51 42//42 43//43
f 51//51 43//43 44//44
f 51//51 44//44 52//52
f 54//54 53//53 52//52
f 44//44 54//54 52//52
f 45//45 54//54 44//44
f 55//55 45//45 46//46
f 54//54 45//45 55//55
f 56//56 46//46 47//47
f 55//55 46//46 56//56
f 48//48 58//58 57//57
f 56//56 48//48 57//57
f 47//47 48//48 56//56
f 58//58 48//48 49//49
f 59//59 53//53 54//54
f 59//59 54//54 55//55
f 59//59 55//55 60//60
f 60//60 55//55 56//56
f 60//60 56//56 61//61
f 61//61 56//56 57//57
f 35//35 62//62 31//31
f 35//35 65//65 62//62
f 66//66 39//39 40//40
f 33//33 63//63 40//40
f 63//63 66//66 40//40
f 63//63 67//67 66//66
f 63//63 64//64 68//68
f 63//63 68//68 67//67
f 35//35 41//41 69//69
f 70//70 35//35 69//69
f 65//65 35//35 70//70
f 42//42 69//69 41//41
f 71//71 49//49 50//50
f 39//39 66//66 50//50
f 66//66 71//71 50//50
f 66//66 72//72 71//71
f 67//67 74//74 73//73
f 72//72 67//67 73//73
f 66//66 67//67 72//72
f 74//74 67//67 68//68
f 70//70 69//69 75//75
f 70//70 75//75 76//76
f 51//51 77//77 42//42
f 77//77 69//69 42//42
f 77//77 75//75 69//69
f 52//52 78//78 51//51
f 51//51 78//78 77//77
f 53//53 78//78 52//52
f 79//79 57//57 58//58
f 49//49 71//71 58//58
f 71//71 79//79 58//58
f 71//71 80//80 79//79
f 72//72 82//82 81//81
f 80//80 72//72 81//81
f 71//71 72//72 80//80
f 82//82 72//72 73//73
f 83//83 76//76 75//75
f 85//85 84//84 83//83
f 75//75 85//85 83//83
f 77//77 85//85 75//75
f 86//86 77//77 78//78
f 85//85 77//77 86//86
f 59//59 87//87 53//53
f 87//87 78//78 53//53
f 87//87 86//86 78//78
f 60//60 88//88 59//59
f 59//59 88//88 87//87
f 61//61 89//89 60//60
f 60//60 89//89 88//88
f 57//57 79//79 61//61
f 79//79 89//89 61//61
f 79//79 90//90 89//89
f 80//80 92//92 91//91
f 90//90 80//80 91//91
f 79//79 80//80 90//90
f 92//92 80//80 81//81
f 93//93 84//84 85//85
f 93//93 85//85 86//86
f 93//93 86//86 94//94
f 94//94 86//86 87//87
f 94//94 87//87 95//95
f 97//97 96//96 95//95
f 87//87 97//97 95//95
f 88//88 97//97 87//87
f 98//98 88//88 89//89
f 97//97 88//88 98//98
f 90//90 100//100 99//99
f 98//98 90//90 99//99
f 89//89 90//90 98//98
f 100//100 90//90 91//91
f 101//101 96//96 97//97
f 101//101 97//97 98//98
f 101//101 98//98 102//102
f 102//102 98//98 99//99
f 65//65 103//103 62//62
f 65//65 106//106 103//103
f 108//108 107//107 104//104
f 107//107 64//64 104//104
f 107//107 68//68 64//64
f 108//108 104//104 105//105
f 70//70 106//106 65//65
f 70//70 109//109 106//106
f 110//110 73//73 74//74
f 111//111 110//110 74//74
f 68//68 111//111 74//74
f 107//107 111//111 68//68
f 76//76 109//109 70//70
f 76//76 112//112 109//109
f 113//113 81//81 82//82
f 114//114 113//113 82//82
f 114//114 82//82 73//73
f 115//115 114//114 73//73
f 110//110 115//115 73//73
f 115//115 110//110 111//111
f 76//76 83//83 116//116
f 117//117 76//76 116//116
f 112//112 76//76 117//117
f 84//84 116//116 83//83
f 118//118 91//91 92//92
f 81//81 113//113 92//92
f 113//113 118//118 92//92
f 113//113 119//119 118//118
f 113//113 114//114 120//120
f 113//113 120//120 119//119
f 121//121 117//117 116//116
f 123//123 121//121 122//122
f 122//122 121//121 93//93
f 121//121 116//116 93//93
f 116//116 84//84 93//93
f 94//94 124//124 93//93
f 93//93 124//124 122//122
f 95//95 125//125 94//94
f 94//94 125//125 124//124
f 96//96 125//125 95//95
f 126//126 99//99 100//100
f 91//91 118//118 100//100
f 118//118 126//126 100//100
f 118//118 127//127 126//126
f 119//119 129//129 128//128
f 127//127 119//119 128//128
f 118//118 119//119 127//127
f 129//129 119//119 120//120
f 130//130 123//123 122//122
f 130//130 122//122 124//124
f 130//130 124//124 131//131
f 133//133 132//132 131//131
f 124//124 133//133 131//131
f 125//125 133//133 124//124
f 101//101 134//134 96//96
f 134//134 125//125 96//96
f 134//134 133//133 125//125
f 102//102 135//135 101//101
f 101//101 135//135 134//134
f 136//136 135//135 102//102
f 136//136 102//102 99//99
f 137//137 136//136 99//99
f 126//126 137//137 99//99
f 137//137 126//126 127//127
f 137//137 127//127 138//138
f 138//138 127//127 128//128
f 139//139 132//132 133//133
f 139//139 133//133 134//134
f 139//139 134//134 140//140
f 140//140 134//134 135//135
f 140//140 135//135 141//141
f 141//141 135//135 136//136
f 106//106 142//142 103//103
f 106//106 144//144 142//142
f 145//145 107//107 108//108
f 146//146 145//145 108//108
f 105//105 146//146 108//108
f 143//143 146//146 105//105
f 109//109 144//144 106//106
f 109//109 147//147 144//144
f 148//148 111//111 145//145
f 145//145 111//111 107//107
f 145//145 146//146 149//149
f 145//145 149//149 148//148
f 112//112 147//147 109//109
f 112//112 150//150 147//147
f 151//151 114//114 115//115
f 152//152 151//151 115//115
f 152//152 115//115 111//111
f 153//153 152//152 111//111
f 148//148 153//153 111//111
f 153//153 148//148 149//149
f 117//117 150//150 112//112
f 117//117 154//154 150//150
f 155//155 120//120 151//151
f 151//151 120//120 114//114
f 151//151 152//152 156//156
f 151//151 156//156 155//155
f 117//117 121//121 157//157
f 158//158 117//117 157//157
f 154//154 117//117 158//158
f 123//123 157//157 121//121
f 159//159 128//128 129//129
f 160//160 159//159 129//129
f 160//160 129//129 120//120
f 161//161 160//160 120//120
f 155//155 161//161 120//120
f 161//161 155//155 156//156
f 162//162 158//158 157//157
f 164//164 162//162 163//163
f 163//163 162//162 130//130
f 162//162 157//157 130//130
f 157//157 123//123 130//130
f 131//131 165//165 130//130
f 130//130 165//165 163//163
f 132//132 165//165 131//131
f 166//166 136//136 137//137
f 138//138 167//167 137//137
f 137//137 167//167 166//166
f 168//168 167//167 138//138
f 168//168 138//138 128//128
f 169//169 168//168 128//128
f 159//159 169//169 128//128
f 169//169 159//159 160//160
f 170//170 164//164 163//163
f 170//170 163//163 165//165
f 170//170 165//165 171//171
f 171//171 165//165 132//132
f 139//139 171//171 132//132
f 172//172 171//171 139//139
f 173//173 139//139 140//140
f 173//173 172//172 139//139
f 174//174 140//140 141//141
f 174//174 173//173 140//140
f 141//141 136//136 166//166
f 175//175 141//141 166//166
f 174//174 141//141 175//175
f 175//175 166//166 167//167
f 175//175 167//167 176//176
f 176//176 167//167 168//168
f 144//144 177//177 142//142
f 144//144 179//179 177//177
f 178//178 146//146 143//143
f 180//180 146//146 178//178
f 147//147 179//179 144//144
f 147//147 181//181 179//179
f 180//180 149//149 146//146
f 182//182 149//149 180//180
f 150//150 181//181 147//147
f 150//150 183//183 181//181
f 184//184 152//152 153//153
f 185//185 184//184 153//153
f 149//149 185//185 153//153
f 182//182 185//185 149//149
f 154//154 183//183 150//150
f 154//154 186//186 183//183
f 188//188 187//187 184//184
f 187//187 152//152 184//184
f 187//187 156//156 152//152
f 188//188 184//184 185//185
f 158//158 186//186 154//154
f 158//158 189//189 186//186
f 191//191 190//190 161//161
f 161//161 190//190 160//160
f 161//161 156//156 187//187
f 161//161 187//187 191//191
f 158//158 162//162 192//192
f 193//193 158//158 192//192
f 189//189 158//158 193//193
f 164//164 192//192 162//162
f 194//194 168//168 169//169
f 195//195 194//194 169//169
f 160//160 195//195 169//169
f 190//190 195//195 160//160
f 196//196 193//193 192//192
f 198//198 196//196 197//197
f 197//197 196//196 170//170
f 196//196 192//192 170//170
f 192//192 164//164 170//170
f 171//171 199//199 170//170
f 170//170 199//199 197//197
f 172//172 200//200 171//171
f 171//171 200//200 199//199
f 173//173 201//201 172//172
f 172//172 201//201 200//200
f 174//174 202//202 173//173
f 173//173 202//202 201//201
f 175//175 203//203 174//174
f 174//174 203//203 202//202
f 203//203 175//175 204//204
f 175//175 205//205 204//204
f 175//175 176//176 205//205
f 176//176 168//168 194//194
f 206//206 176//176 194//194
f 205//205 176//176 206//206
f 206//206 194//194 195//195
f 207//207 198//198 197//197
f 207//207 197//197 199//199
f 207//207 199//199 208//208
f 208//208 199//199 200//200
f 208//208 200//200 209//209
f 209//209 200//200 201//201
f 209//209 201//201 210//210
f 210//210 201//201 202//202
f 210//210 202//202 211//211
f 211//211 202//202 203//203
f 211//211 203//203 212//212
f 212//212 203//203 204//204
f 179//179 213//213 177//177
f 179//179 216//216 213//213
f 218//218 217//217 214//214
f 217//217 178//178 214//214
f 217//217 180//180 178//178
f 218//218 214//214 215//215
f 181//181 216//216 179//179
f 181//181 219//219 216//216
f 217//217 182//182 180//180
f 220//220 182//182 217//217
f 183//183 219//219 181//181
f 183//183 221//221 219//219
f 220//220 185//185 182//182
f 222//222 185//185 220//220
f 186//186 221//221 183//183
f 186//186 223//223 221//221
f 224//224 187//187 188//188
f 225//225 224//224 188//188
f 185//185 225//225 188//188
f 222//222 225//225 185//185
f 189//189 223//223 186//186
f 189//189 226//226 223//223
f 227//227 190//190 191//191
f 228//228 227//227 191//191
f 228//228 191//191 187//187
f 229//229 228//228 187//187
f 224//224 229//229 187//187
f 229//229 224//224 225//225
f 193//193 226//226 189//189
f 193//193 230//230 226//226
f 232//232 231//231 227//227
f 231//231 190//190 227//227
f 231//231 195//195 190//190
f 232//232 227//227 228//228
f 193//193 196//196 233//233
f 234//234 193//193 233//233
f 230//230 193//193 234//234
f 198//198 233//233 196//196
f 235//235 204//204 205//205
f 235//235 205//205 236//236
f 205//205 237//237 236//236
f 205//205 206//206 237//237
f 206//206 195//195 231//231
f 206//206 231//231 237//237
f 238//238 234//234 233//233
f 240//240 238//238 239//239
f 239//239 238//238 207//207
f 238//238 233//233 207//207
f 233//233 198//198 207//207
f 208//208 241//241 207//207
f 207//207 241//241 239//239
f 209//209 242//242 208//208
f 208//208 242//242 241//241
f 210//210 243//243 209//209
f 209//209 243//243 242//242
f 211//211 244//244 210//210
f 210//210 244//244 243//243
f 212//212 245//245 211//211
f 211//211 245//245 244//244
f 246//246 245//245 212//212
f 246//246 212//212 204//204
f 247//247 246//246 204//204
f 235//235 247//247 204//204
f 247//247 235//235 236//236
f 248//248 240//240 239//239
f 248//248 239//239 241//241
f 248//248 241//241 249//249
f 249//249 241//241 242//242
f 249//249 242//242 250//250
f 250//250 242//242 243//243
f 250//250 243//243 251//251
f 251//251 243//243 244//244
f 251//251 244//244 252//252
f 252//252 244//244 245//245
f 252//252 245//245 253//253
f 253//253 245//245 246//246
f 216//216 254//254 213//213
f 216//216 256//256 254//254
f 257//257 217//217 218//218
f 258//258 257//257 218//218
f 215//215 258//258 218//218
f 255//255 258//258 215//215
f 219//219 256//256 216//216
f 219//219 259//259 256//256
f 261//261 260//260 257//257
f 260//260 217//217 257//257
f 260//260 220//220 217//217
f 261//261 257//257 258//258
f 221//221 259//259 219//219
f 221//221 262//262 259//259
f 260//260 222//222 220//220
f 263//263 222//222 260//260
f 223//223 262//262 221//221
f 223//223 264//264 262//262
f 263//263 225//225 222//222
f 265//265 225//225 263//263
f 226//226 264//264 223//223
f 226//226 266//266 264//264
f 268//268 267//267 229//229
f 229//229 267//267 228//228
f 229//229 225//225 265//265
f 229//229 265//265 268//268
f 230//230 266//266 226//226
f 230//230 269//269 266//266
f 270//270 231//231 232//232
f 271//271 270//270 232//232
f 228//228 271//271 232//232
f 267//267 271//271 228//228
f 234//234 269//269 230//230
f 234//234 272//272 269//269
f 273//273 236//236 237//237
f 274//274 273//273 237//237
f 274//274 237//237 231//231
f 275//275 274//274 231//231
f 270//270 275//275 231//231
f 275//275 270//270 271//271
f 234//234 238//238 276//276
f 277//277 234//234 276//276
f 272//272 234//234 277//277
f 240//240 276//276 238//238
f 278//278 246//246 247//247
f 279//279 278//278 247//247
f 279//279 247//247 236//236
f 280//280 279//279 236//236
f 273//273 280//280 236//236
f 280//280 273//273 274//274
f 281//281 277//277 276//276
f 283//283 281//281 282//282
f 282//282 281//281 248//248
f 281//281 276//276 248//248
f 276//276 240//240 248//248
f 249//249 284//284 248//248
f 248//248 284//284 282//282
f 250//250 285//285 249//249
f 249//249 285//285 284//284
f 251//251 286//286 250//250
f 250//250 286//286 285//285
f 252//252 287//287 251//251
f 251//251 287//287 286//286
f 253//253 288//288 252//252
f 252//252 288//288 287//287
f 289//289 288//288 253//253
f 289//289 253//253 246//246
f 290//290 289//289 246//246
f 278//278 290//290 246//246
f 290//290 278//278 279//279
f 291//291 283//283 282//282
f 291//291 282//282 284//284
f 291//291 284//284 292//292
f 292//292 284//284 285//285
f 292//292 285//285 293//293
f 293//293 285//285 286//286
f 293//293 286//286 294//294
f 294//294 286//286 287//287
f 294//294 287//287 295//295
f 295//295 287//287 288//288
f 295//295 288//288 296//296
f 296//296 288//288 289//289
f 256//256 297//297 254//254
f 256//256 300//300 297//297
f 298//298 299//299 301//301
f 301//301 299//299 302//302
f 301//301 258//258 255//255
f 301//301 255//255 298//298
f 259//259 300//300 256//256
f 259//259 303//303 300//300
f 301//301 302//302 261//261
f 302//302 260//260 261//261
f 302//302 304//304 260//260
f 301//301 261//261 258//258
f 262//262 303//303 259//259
f 262//262 305//305 303//303
f 304//304 263//263 260//260
f 306//306 263//263 304//304
f 264//264 305//305 262//262
f 264//264 307//307 305//305
f 306//306 265//265 263//263
f 308//308 265//265 306//306
f 266//266 307//307 264//264
f 266//266 309//309 307//307
f 310//310 267//267 268//268
f 311//311 310//310 268//268
f 265//265 311//311 268//268
f 308//308 311//311 265//265
f 269//269 309//309 266//266
f 269//269 312//312 309//309
f 314//314 313//313 310//310
f 313//313 267//267 310//310
f 313//313 271//271 267//267
f 314//314 310//310 311//311
f 272//272 312//312 269//269
f 272//272 315//315 312//312
f 316//316 274//274 275//275
f 317//317 316//316 275//275
f 271//271 317//317 275//275
f 313//313 317//317 271//271
f 277//277 315//315 272//272
f 277//277 318//318 315//315
f 319//319 279//279 280//280
f 320//320 319//319 280//280
f 320//320 280//280 274//274
f 321//321 320//320 274//274
f 316//316 321//321 274//274
f 321//321 316//316 317//317
f 277//277 281//281 322//322
f 323//323 277//277 322//322
f 318//318 277//277 323//323
f 283//283 322//322 281//281
f 324//324 289//289 290//290
f 325//325 324//324 290//290
f 325//325 290//290 279//279
f 326//326 325//325 279//279
f 319//319 326//326 279//279
f 326//326 319//319 320//320
f 327//327 323//323 322//322
f 329//329 327//327 328//328
f 328//328 327//327 291//291
f 327//327 322//322 291//291
f 322//322 283//283 291//291
f 292//292 330//330 291//291
f 291//291 330//330 328//328
f 293//293 331//331 292//292
f 292//292 331//331 330//330
f 294//294 332//332 293//293
f 293//293 332//332 331//331
f 295//295 333//333 294//294
f 294//294 333//333 332//332
f 296//296 334//334 295//295
f 295//295 334//334 333//333
f 335//335 334//334 296//296
f 335//335 296//296 289//289
f 336//336 335//335 289//289
f 324//324 336//336 289//289
f 336//336 324//324 325//325
f 337//337 329//329 328//328
f 337//337 328//328 330//330
f 337//337 330//330 338//338
f 338//338 330//330 331//331
f 338//338 331//331 339//339
f 339//339 331//331 332//332
f 339//339 332//332 340//340
f 340//340 332//332 333//333
f 340//340 333//333 341//341
f 341//341 333//333 334//334
f 341//341 334//334 342//342
f 342//342 334//334 335//335
f 300//300 343//343 297//297
f 300//300 345//345 343//343
f 344//344 302//302 299//299
f 346//346 302//302 344//344
f 303//303 345//345 300//300
f 303//303 347//347 345//345
f 346//346 304//304 302//302
f 348//348 304//304 346//346
f 305//305 347//347 303//303
f 305//305 349//349 347//347
f 348//348 306//306 304//304
f 350//350 306//306 348//348
f 307//307 349//349 305//305
f 307//307 351//351 349//349
f 350//350 308//308 306//306
f 352//352 308//308 350//350
f 309//309 351//351 307//307
f 309//309 353//353 351//351
f 352//352 311//311 308//308
f 354//354 311//311 352//352
f 312//312 353//353 309//309
f 312//312 355//355 353//353
f 356//356 313//313 314//314
f 357//357 356//356 314//314
f 311//311 357//357 314//314
f 354//354 357//357 311//311
f 315//315 355//355 312//312
f 315//315 358//358 355//355
f 360//360 359//359 356//356
f 359//359 313//313 356//356
f 359//359 317//317 313//313
f 360//360 356//356 357//357
f 318//318 358//358 315//315
f 318//318 361//361 358//358
f 362//362 320//320 321//321
f 363//363 362//362 321//321
f 317//317 363//363 321//321
f 359//359 363//363 317//317
f 323//323 361//361 318//318
f 323//323 364//364 361//361
f 365//365 325//325 326//326
f 366//366 365//365 326//326
f 366//366 326//326 320//320
f 367//367 366//366 320//320
f 362//362 367//367 320//320
f 367//367 362//362 363//363
f 323//323 327//327 368//368
f 369//369 323//323 368//368
f 364//364 323//323 369//369
f 329//329 368//368 327//327
f 370//370 335//335 336//336
f 371//371 370//370 336//336
f 371//371 336//336 325//325
f 372//372 371//371 325//325
f 365//365 372//372 325//325
f 372//372 365//365 366//366
f 373//373 369//369 368//368
f 375//375 373//373 374//374
f 374//374 373//373 337//337
f 373//373 368//368 337//337
f 368//368 329//329 337//337
f 338//338 376//376 337//337
f 337//337 376//376 374//374
f 339//339 377//377 338//338
f 338//338 377//377 376//376
f 340//340 378//378 339//339
f 339//339 378//378 377//377
f 341//341 379//379 340//340
f 340//340 379//379 378//378
f 342//342 380//380 341//341
f 341//341 380//380 379//379
f 381//381 380//380 342//342
f 381//381 342//342 335//335
f 382//382 381//381 335//335
f 370//370 382//382 335//335
f 382//382 370//370 371//371
f 383//383 375//375 374//374
f 383//383 374//374 376//376
f 383//383 376//376 384//384
f 384//384 376//376 377//377
f 384//384 377//377 385//385
f 385//385 377//377 378//378
f 385//385 378//378 386//386
f 386//386 378//378 379//379
f 386//386 379//379 387//387
f 387//387 379//379 380//380
f 387//387 380//380 388//388
f 388//388 380//380 381//381
f 345//345 389//389 343//343
f 345//345 391//391 389//389
f 390//390 346//346 344//344
f 392//392 346//346 390//390
f 347//347 391//391 345//345
f 347//347 393//393 391//391
f 392//392 348//348 346//346
f 394//394 348//348 392//392
f 349//349 393//393 347//347
f 349//349 395//395 393//393
f 394//394 350//350 348//348
f 396//396 350//350 394//394
f 351//351 395//395 349//349
f 351//351 397//397 395//395
f 396//396 352//352 350//350
f 398//398 352//352 396//396
f 353//353 397//397 351//351
f 353//353 399//399 397//397
f 398//398 354//354 352//352
f 400//400 354//354 398//398
f 355//355 399//399 353//353
f 355//355 401//401 399//399
f 400//400 357//357 354//354
f 402//402 357//357 400//400
f 358//358 401//401 355//355
f 358//358 403//403 401//401
f 404//404 359//359 360//360
f 405//405 404//404 360//360
f 357//357 405//405 360//360
f 402//402 405//405 357//357
f 361//361 403//403 358//358
f 361//361 406//406 403//403
f 408//408 407//407 404//404
f 407//407 359//359 404//404
f 407//407 363//363 359//359
f 408//408 404//404 405//405
f 364//364 406//406 361//361
f 364//364 409//409 406//406
f 410//410 366//366 367//367
f 411//411 410//410 367//367
f 363//363 411//411 367//367
f 407//407 411//411 363//363
f 369//369 409//409 364//364
f 369//369 412//412 409//409
f 413//413 371//371 372//372
f 414//414 413//413 372//372
f 414//414 372//372 366//366
f 415//415 414//414 366//366
f 410//410 415//415 366//366
f 415//415 410//410 411//411
f 369//369 373//373 416//416
f 417//417 369//369 416//416
f 412//412 369//369 417//417
f 375//375 416//416 373//373
f 418//418 381//381 382//382
f 419//419 418//418 382//382
f 419//419 382//382 371//371
f 420//420 419//419 371//371
f 413//413 420//420 371//371
f 420//420 413//413 414//414
f 421//421 417//417 416//416
f 423//423 421//421 422//422
f 422//422 421//421 383//383
f 421//421 416//416 383//383
f 416//416 375//375 383//383
f 384//384 424//424 383//383
f 383//383 424//424 422//422
f 385//385 425//425 384//384
f 384//384 425//425 424//424
f 386//386 426//426 385//385
f 385//385 426//426 425//425
f 387//387 427//427 386//386
f 386//386 427//427 426//426
f 427//427 387//387 428//428
f 387//387 429//429 428//428
f 387//387 388//388 429//429
f 388//388 381//381 418//418
f 430//430 388//388 418//418
f 429//429 388//388 430//430
f 430//430 418//418 419//419
f 431//431 423//423 422//422
f 431//431 422//422 424//424
f 431//431 424//424 432//432
f 432//432 424//424 425//425
f 432//432 425//425 433//433
f 433//433 425//425 426//426
f 433//433 426//426 434//434
f 434//434 426//426 427//427
f 434//434 427//427 435//435
f 435//435 427//427 428//428
f 391//391 436//436 389//389
f 391//391 439//439 436//436
f 438//438 440//440 437//437
f 390//390 437//437 440//440
f 441//441 390//390 440//440
f 392//392 390//390 441//441
f 393//393 439//439 391//391
f 393//393 442//442 439//439
f 441//441 394//394 392//392
f 443//443 394//394 441//441
f 395//395 442//442 393//393
f 395//395 444//444 442//442
f 443//443 396//396 394//394
f 445//445 396//396 443//443
f 397//397 444//444 395//395
f 397//397 446//446 444//444
f 445//445 398//398 396//396
f 447//447 398//398 445//445
f 399//399 446//446 397//397
f 399//399 448//448 446//446
f 447//447 400//400 398//398
f 449//449 400//400 447//447
f 401//401 448//448 399//399
f 401//401 450//450 448//448
f 449//449 402//402 400//400
f 451//451 402//402 449//449
f 403//403 450//450 401//401
f 403//403 452//452 450//450
f 451//451 405//405 402//402
f 453//453 405//405 451//451
f 406//406 452//452 403//403
f 406//406 454//454 452//452
f 456//456 455//455 408//408
f 408//408 455//455 407//407
f 408//408 405//405 453//453
f 408//408 453//453 456//456
f 409//409 454//454 406//406
f 409//409 457//457 454//454
f 455//455 411//411 407//407
f 458//458 411//411 455//455
f 412//412 457//457 409//409
f 412//412 459//459 457//457
f 461//461 460//460 415//415
f 415//415 460//460 414//414
f 415//415 411//411 458//458
f 415//415 458//458 461//461
f 417//417 459//459 412//412
f 417//417 462//462 459//459
f 463//463 419//419 420//420
f 464//464 463//463 420//420
f 414//414 464//464 420//420
f 460//460 464//464 414//414
f 417//417 421//421 465//465
f 466//466 417//417 465//465
f 462//462 417//417 466//466
f 423//423 465//465 421//421
f 467//467 428//428 429//429
f 430//430 468//468 429//429
f 429//429 468//468 467//467
f 469//469 468//468 430//430
f 469//469 430//430 419//419
f 470//470 469//469 419//419
f 463//463 470//470 419//419
f 470//470 463//463 464//464
f 471//471 466//466 465//465
f 473//473 471//471 472//472
f 472//472 471//471 431//431
f 471//471 465//465 431//431
f 465//465 423//423 431//431
f 432//432 474//474 431//431
f 431//431 474//474 472//472
f 433//433 475//475 432//432
f 432//432 475//475 474//474
f 434//434 476//476 433//433
f 433//433 476//476 475//475
f 435//435 477//477 434//434
f 434//434 477//477 476//476
f 478//478 477//477 435//435
f 478//478 435//435 428//428
f 479//479 478//478 428//428
f 467//467 479//479 428//428
f 479//479 467//467 468//468
f 479//479 468//468 480//480
f 480//480 468//468 469//469
f 481//481 473//473 472//472
f 481//481 472//472 474//474
f 481//481 474//474 482//482
f 482//482 474//474 475//475
f 482//482 475//475 483//483
f 483//483 475//475 476//476
f 483//483 476//476 484//484
f 484//484 476//476 477//477
f 484//484 477//477 485//485
f 485//485 477//477 478//478
f 439//439 486//486 436//436
f 439//439 488//488 486//486
f 440//440 438//438 489//489
f 438//438 490//490 489//489
f 438//438 487//487 490//490
f 489//489 441//441 440//440
f 442//442 488//488 439//439
f 442//442 491//491 488//488
f 489//489 490//490 492//492
f 492//492 490//490 493//493
f 492//492 443//443 441//441
f 492//492 441//441 489//489
f 444//444 491//491 442//442
f 444//444 494//494 491//491
f 493//493 495//495 492//492
f 443//443 492//492 495//495
f 496//496 443//443 495//495
f 445//445 443//443 496//496
f 446//446 494//494 444//444
f 446//446 497//497 494//494
f 496//496 447//447 445//445
f 498//498 447//447 496//496
f 448//448 497//497 446//446
f 448//448 499//499 497//497
f 498//498 449//449 447//447
f 500//500 449//449 498//498
f 450//450 499//499 448//448
f 450//450 501//501 499//499
f 500//500 451//451 449//449
f 502//502 451//451 500//500
f 452//452 501//501 450//450
f 452//452 503//503 501//501
f 502//502 453//453 451//451
f 504//504 453//453 502//502
f 454//454 503//503 452//452
f 454//454 505//505 503//503
f 506//506 455//455 456//456
f 507//507 506//506 456//456
f 453//453 507//507 456//456
f 504//504 507//507 453//453
f 457//457 505//505 454//454
f 457//457 508//508 505//505
f 510//510 509//509 506//506
f 509//509 455//455 506//506
f 509//509 458//458 455//455
f 510//510 506//506 507//507
f 459//459 508//508 457//457
f 459//459 511//511 508//508
f 512//512 460//460 461//461
f 513//513 512//512 461//461
f 458//458 513//513 461//461
f 509//509 513//513 458//458
f 462//462 511//511 459//459
f 462//462 514//514 511//511
f 516//516 515//515 512//512
f 515//515 460//460 512//512
f 515//515 464//464 460//460
f 516//516 512//512 513//513
f 466//466 514//514 462//462
f 466//466 517//517 514//514
f 518//518 469//469 470//470
f 519//519 518//518 470//470
f 464//464 519//519 470//470
f 515//515 519//519 464//464
f 466//466 471//471 520//520
f 521//521 466//466 520//520
f 517//517 466//466 521//521
f 473//473 520//520 471//471
f 522//522 478//478 479//479
f 480//480 523//523 479//479
f 479//479 523//523 522//522
f 524//524 523//523 480//480
f 524//524 480//480 469//469
f 525//525 524//524 469//469
f 518//518 525//525 469//469
f 525//525 518//518 519//519
f 526//526 521//521 520//520
f 528//528 526//526 527//527
f 527//527 526//526 481//481
f 526//526 520//520 481//481
f 520//520 473//473 481//481
f 482//482 529//529 481//481
f 481//481 529//529 527//527
f 483//483 530//530 482//482
f 482//482 530//530 529//529
f 484//484 531//531 483//483
f 483//483 531//531 530//530
f 485//485 532//532 484//484
f 484//484 532//532 531//531
f 533//533 532//532 485//485
f 533//533 485//485 478//478
f 534//534 533//533 478//478
f 522//522 534//534 478//478
f 534//534 522//522 523//523
f 534//534 523//523 535//535
f 535//535 523//523 524//524
f 536//536 528//528 527//527
f 536//536 527//527 529//529
f 536//536 529//529 537//537
f 537//537 529//529 530//530
f 537//537 530//530 538//538
f 538//538 530//530 531//531
f 538//538 531//531 539//539
f 539//539 531//531 532//532
f 539//539 532//532 540//540
f 540//540 532//532 533//533
f 488//488 541//541 486//486
f 488//488 544//544 541//541
f 542//542 543//543 545//545
f 545//545 543//543 546//546
f 545//545 490//490 487//487
f 545//545 487//487 542//542
f 491//491 544//544 488//488
f 491//491 547//547 544//544
f 546//546 548//548 545//545
f 490//490 545//545 548//548
f 549//549 490//490 548//548
f 493//493 490//490 549//549
f 494//494 547//547 491//491
f 494//494 550//550 547//547
f 495//495 493//493 551//551
f 493//493 552//552 551//551
f 493//493 549//549 552//552
f 551//551 496//496 495//495
f 497//497 550//550 494//494
f 497//497 553//553 550//550
f 551//551 552//552 554//554
f 554//554 552//552 555//555
f 554//554 498//498 496//496
f 554//554 496//496 551//551
f 499//499 553//553 497//497
f 499//499 556//556 553//553
f 555//555 557//557 554//554
f 498//498 554//554 557//557
f 558//558 498//498 557//557
f 500//500 498//498 558//558
f 501//501 556//556 499//499
f 501//501 559//559 556//556
f 558//558 502//502 500//500
f 560//560 502//502 558//558
f 503//503 559//559 501//501
f 503//503 561//561 559//559
f 560//560 504//504 502//502
f 562//562 504//504 560//560
f 505//505 561//561 503//503
f 505//505 563//563 561//561
f 562//562 507//507 504//504
f 564//564 507//507 562//562
f 508//508 563//563 505//505
f 508//508 565//565 563//563
f 566//566 509//509 510//510
f 567//567 566//566 510//510
f 507//507 567//567 510//510
f 564//564 567//567 507//507
f 511//511 565//565 508//508
f 511//511 568//568 565//565
f 570//570 569//569 566//566
f 569//569 509//509 566//566
f 569//569 513//513 509//509
f 570//570 566//566 567//567
f 514//514 568//568 511//511
f 514//514 571//571 568//568
f 572//572 515//515 516//516
f 573//573 572//572 516//516
f 513//513 573//573 516//516
f 569//569 573//573 513//513
f 517//517 571//571 514//514
f 517//517 574//574 571//571
f 576//576 575//575 572//572
f 575//575 515//515 572//572
f 575//575 519//519 515//515
f 576//576 572//572 573//573
f 521//521 574//574 517//517
f 521//521 577//577 574//574
f 579//579 578//578 525//525
f 525//525 578//578 524//524
f 525//525 519//519 575//575
f 525//525 575//575 579//579
f 521//521 526//526 580//580
f 581//581 521//521 580//580
f 577//577 521//521 581//581
f 528//528 580//580 526//526
f 582//582 533//533 534//534
f 582//582 534//534 583//583
f 534//534 584//584 583//583
f 534//534 535//535 584//584
f 535//535 524//524 578//578
f 535//535 578//578 584//584
f 585//585 581//581 580//580
f 585//585 580//580 528//528
f 536//536 585//585 528//528
f 586//586 585//585 536//536
f 587//587 536//536 537//537
f 587//587 586//586 536//536
f 588//588 537//537 538//538
f 588//588 587//587 537//537
f 589//589 538//538 539//539
f 589//589 588//588 538//538
f 590//590 539//539 540//540
f 590//590 589//589 539//539
f 540//540 533//533 582//582
f 591//591 540//540 582//582
f 590//590 540//540 591//591
f 591//591 582//582 583//583
f 598//598 597//597 592//592
f 541//541 598//598 592//592
f 544//544 598//598 541//541
f 592//592 597//597 593//593
f 595//595 599//599 594//594
f 601//601 600//600 599//599
f 600//600 594//594 599//599
f 600//600 596//596 594//594
f 600//600 546//546 543//543
f 600//600 543//543 596//596
f 547//547 598//598 544//544
f 547//547 602//602 598//598
f 601//601 603//603 600//600
f 603//603 605//605 604//604
f 603//603 604//604 548//548
f 600//600 603//603 548//548
f 546//546 600//600 548//548
f 604//604 549//549 548//548
f 550//550 602//602 547//547
f 550//550 606//606 602//602
f 604//604 605//605 607//607
f 607//607 605//605 608//608
f 607//607 552//552 549//549
f 607//607 549//549 604//604
f 553//553 606//606 550//550
f 553//553 609//609 606//606
f 608//608 610//610 607//607
f 552//552 607//607 610//610
f 611//611 552//552 610//610
f 555//555 552//552 611//611
f 556//556 609//609 553//553
f 556//556 612//612 609//609
f 557//557 555//555 613//613
f 555//555 614//614 613//613
f 555//555 611//611 614//614
f 613//613 558//558 557//557
f 559//559 612//612 556//556
f 559//559 615//615 612//612
f 613//613 614//614 616//616
f 616//616 614//614 617//617
f 616//616 560//560 558//558
f 616//616 558//558 613//613
f 561//561 615//615 559//559
f 561//561 618//618 615//615
f 617//617 619//619 616//616
f 560//560 616//616 619//619
f 620//620 560//560 619//619
f 562//562 560//560 620//620
f 563//563 618//618 561//561
f 563//563 621//621 618//618
f 620//620 564//564 562//562
f 622//622 564//564 620//620
f 565//565 621//621 563//563
f 565//565 623//623 621//621
f 622//622 567//567 564//564
f 624//624 567//567 622//622
f 568//568 623//623 565//565
f 568//568 625//625 623//623
f 626//626 569//569 570//570
f 627//627 626//626 570//570
f 567//567 627//627 570//570
f 624//624 627//627 567//567
f 571//571 625//625 568//568
f 571//571 628//628 625//625
f 630//630 629//629 626//626
f 629//629 569//569 626//626
f 629//629 573//573 569//569
f 630//630 626//626 627//627
f 574//574 628//628 571//571
f 574//574 631//631 628//628
f 632//632 575//575 576//576
f 633//633 632//632 576//576
f 573//573 633//633 576//576
f 629//629 633//633 573//573
f 577//577 631//631 574//574
f 577//577 634//634 631//631
f 635//635 578//578 579//579
f 636//636 635//635 579//579
f 636//636 579//579 575//575
f 637//637 636//636 575//575
f 632//632 637//637 575//575
f 637//637 632//632 633//633
f 581//581 634//634 577//577
f 581//581 638//638 634//634
f 639//639 583//583 584//584
f 640//640 639//639 584//584
f 640//640 584//584 578//578
f 641//641 640//640 578//578
f 635//635 641//641 578//578
f 641//641 635//635 636//636
f 642//642 638//638 581//581
f 642//642 581//581 585//585
f 644//644 642//642 643//643
f 642//642 586//586 643//643
f 642//642 585//585 586//586
f 587//587 645//645 586//586
f 586//586 645//645 643//643
f 588//588 646//646 587//587
f 587//587 646//646 645//645
f 589//589 647//647 588//588
f 588//588 647//647 646//646
f 590//590 648//648 589//589
f 589//589 648//648 647//647
f 648//648 590//590 649//649
f 590//590 650//650 649//649
f 590//590 591//591 650//650
f 591//591 583//583 639//639
f 651//651 591//591 639//639
f 650//650 591//591 651//651
f 651//651 639//639 640//640
f 652//652 644//644 643//643
f 652//652 643//643 645//645
f 652//652 645//645 653//653
f 653//653 645//645 646//646
f 653//653 646//646 654//654
f 654//654 646//646 647//647
f 654//654 647//647 655//655
f 655//655 647//647 648//648
f 655//655 648//648 656//656
f 656//656 648//648 649//649
f 598//598 663//663 597//597
f 657//657 593//593 597//597
f 663//663 657//657 597//597
f 664//664 657//657 663//663
f 666//666 658//658 665//665
f 658//658 664//664 665//665
f 658//658 657//657 664//664
f 658//658 666//666 659//659
f 659//659 666//666 667//667
f 659//659 667//667 660//660
f 660//660 667//667 668//668
f 660//660 668//668 661//661
f 661//661 668//668 669//669
f 671//671 670//670 669//669
f 670//670 661//661 669//669
f 670//670 662//662 661//661
f 672//672 599//599 595//595
f 662//662 672//672 595//595
f 670//670 672//672 662//662
f 672//672 601//601 599//599
f 674//674 673//673 663//663
f 598//598 674//674 663//663
f 602//602 674//674 598//598
f 663//663 673//673 664//664
f 664//664 673//673 675//675
f 664//664 675//675 665//665
f 671//671 676//676 670//670
f 678//678 677//677 676//676
f 677//677 670//670 676//676
f 677//677 672//672 670//670
f 679//679 603//603 601//601
f 672//672 679//679 601//601
f 677//677 679//679 672//672
f 679//679 605//605 603//603
f 606//606 674//674 602//602
f 606//606 680//680 674//674
f 678//678 681//681 677//677
f 677//677 681//681 679//679
f 679//679 681//681 682//682
f 605//605 679//679 682//682
f 683//683 605//605 682//682
f 608//608 605//605 683//683
f 609//609 680//680 606//606
f 609//609 684//684 680//680
f 610//610 608//608 685//685
f 608//608 686//686 685//685
f 608//608 683//683 686//686
f 685//685 611//611 610//610
f 612//612 684//684 609//609
f 612//612 687//687 684//684
f 686//686 688//688 685//685
f 611//611 685//685 688//688
f 689//689 611//611 688//688
f 614//614 611//611 689//689
f 615//615 687//687 612//612
f 615//615 690//690 687//687
f 689//689 617//617 614//614
f 691//691 617//617 689//689
f 618//618 690//690 615//615
f 618//618 692//692 690//690
f 619//619 617//617 693//693
f 617//617 694//694 693//693
f 617//617 691//691 694//694
f 693//693 620//620 619//619
f 621//621 692//692 618//618
f 621//621 695//695 692//692
f 693//693 694//694 696//696
f 696//696 694//694 697//697
f 696//696 622//622 620//620
f 696//696 620//620 693//693
f 623//623 695//695 621//621
f 623//623 698//698 695//695
f 697//697 699//699 696//696
f 622//622 696//696 699//699
f 700//700 622//622 699//699
f 624//624 622//622 700//700
f 625//625 698//698 623//623
f 625//625 701//701 698//698
f 700//700 627//627 624//624
f 702//702 627//627 700//700
f 628//628 701//701 625//625
f 628//628 703//703 701//701
f 705//705 704//704 630//630
f 630//630 704//704 629//629
f 630//630 627//627 702//702
f 630//630 702//702 705//705
f 631//631 703//703 628//628
f 631//631 706//706 703//703
f 704//704 633//633 629//629
f 707//707 633//633 704//704
f 634//634 706//706 631//631
f 634//634 708//708 706//706
f 710//710 709//709 637//637
f 637//637 709//709 636//636
f 637//637 633//633 707//707
f 637//637 707//707 710//710
f 638//638 708//708 634//634
f 638//638 711//711 708//708
f 712//712 640//640 641//641
f 713//713 712//712 641//641
f 636//636 713//713 641//641
f 709//709 713//713 636//636
f 638//638 642//642 714//714
f 715//715 638//638 714//714
f 711//711 638//638 715//715
f 644//644 714//714 642//642
f 716//716 649//649 650//650
f 716//716 650//650 717//717
f 650//650 718//718 717//717
f 650//650 651//651 718//718
f 651//651 640//640 712//712
f 719//719 651//651 712//712
f 718//718 651//651 719//719
f 719//719 712//712 713//713
f 720//720 715//715 714//714
f 720//720 714//714 644//644
f 652//652 720//720 644//644
f 721//721 720//720 652//652
f 722//722 652//652 653//653
f 722//722 721//721 652//652
f 723//723 653//653 654//654
f 723//723 722//722 653//653
f 724//724 654//654 655//655
f 724//724 723//723 654//654
f 725//725 655//655 656//656
f 725//725 724//724 655//655
f 656//656 649//649 716//716
f 726//726 656//656 716//716
f 725//725 656//656 726//726
f 726//726 716//716 717//717
f 665//665 727//727 666//666
f 728//728 667//667 666//666
f 728//728 666//666 727//727
f 729//729 668//668 667//667
f 729//729 667//667 728//728
f 730//730 669//669 668//668
f 730//730 668//668 729//729
f 730//730 671//671 669//669
f 674//674 731//731 673//673
f 732//732 675//675 673//673
f 732//732 673//673 731//731
f 732//732 733//733 675//675
f 675//675 733//733 665//665
f 733//733 734//734 665//665
f 734//734 727//727 665//665
f 727//727 734//734 728//728
f 728//728 734//734 735//735
f 728//728 735//735 729//729
f 729//729 735//735 736//736
f 738//738 737//737 736//736
f 737//737 729//729 736//736
f 737//737 730//730 729//729
f 739//739 676//676 671//671
f 730//730 739//739 671//671
f 737//737 739//739 730//730
f 739//739 678//678 676//676
f 741//741 740//740 731//731
f 674//674 741//741 731//731
f 680//680 741//741 674//674
f 731//731 740//740 732//732
f 732//732 740//740 742//742
f 732//732 742//742 733//733
f 738//738 743//743 737//737
f 737//737 743//743 739//739
f 739//739 743//743 744//744
f 739//739 744//744 678//678
f 744//744 681//681 678//678
f 744//744 745//745 681//681
f 745//745 747//747 746//746
f 682//682 745//745 746//746
f 681//681 745//745 682//682
f 746//746 683//683 682//682
f 684//684 741//741 680//680
f 684//684 748//748 741//741
f 747//747 749//749 746//746
f 683//683 746//746 749//749
f 750//750 683//683 749//749
f 686//686 683//683 750//750
f 687//687 748//748 684//684
f 687//687 751//751 748//748
f 688//688 686//686 752//752
f 686//686 753//753 752//752
f 686//686 750//750 753//753
f 752//752 689//689 688//688
f 690//690 751//751 687//687
f 690//690 754//754 751//751
f 753//753 755//755 752//752
f 689//689 752//752 755//755
f 756//756 689//689 755//755
f 691//691 689//689 756//756
f 692//692 754//754 690//690
f 692//692 757//757 754//754
f 756//756 694//694 691//691
f 758//758 694//694 756//756
f 695//695 757//757 692//692
f 695//695 759//759 757//757
f 758//758 697//697 694//694
f 760//760 697//697 758//758
f 698//698 759//759 695//695
f 698//698 761//761 759//759
f 699//699 697//697 762//762
f 697//697 763//763 762//762
f 697//697 760//760 763//763
f 762//762 700//700 699//699
f 701//701 761//761 698//698
f 701//701 764//764 761//761
f 763//763 765//765 762//762
f 700//700 762//762 765//765
f 766//766 700//700 765//765
f 702//702 700//700 766//766
f 703//703 764//764 701//701
f 703//703 767//767 764//764
f 768//768 704//704 705//705
f 769//769 768//768 705//705
f 702//702 769//769 705//705
f 766//766 769//769 702//702
f 706//706 767//767 703//703
f 706//706 770//770 767//767
f 772//772 771//771 768//768
f 771//771 704//704 768//768
f 771//771 707//707 704//704
f 772//772 768//768 769//769
f 708//708 770//770 706//706
f 708//708 773//773 770//770
f 774//774 709//709 710//710
f 775//775 774//774 710//710
f 707//707 775//775 710//710
f 771//771 775//775 707//707
f 711//711 773//773 708//708
f 711//711 776//776 773//773
f 778//778 777//777 774//774
f 777//777 709//709 774//774
f 777//777 713//713 709//709
f 778//778 774//774 775//775
f 715//715 776//776 711//711
f 715//715 779//779 776//776
f 780//780 717//717 718//718
f 780//780 718//718 781//781
f 718//718 782//782 781//781
f 718//718 719//719 782//782
f 719//719 713//713 777//777
f 719//719 777//777 782//782
f 783//783 779//779 715//715
f 783//783 715//715 720//720
f 785//785 783//783 784//784
f 783//783 721//721 784//784
f 783//783 720//720 721//721
f 722//722 786//786 721//721
f 721//721 786//786 784//784
f 723//723 787//787 722//722
f 722//722 787//787 786//786
f 724//724 788//788 723//723
f 723//723 788//788 787//787
f 725//725 789//789 724//724
f 724//724 789//789 788//788
f 726//726 790//790 725//725
f 725//725 790//790 789//789
f 791//791 790//790 726//726
f 791//791 726//726 717//717
f 792//792 791//791 717//717
f 780//780 792//792 717//717
f 792//792 780//780 781//781
f 793//793 785//785 784//784
f 793//793 784//784 786//786
f 793//793 786//786 794//794
f 794//794 786//786 787//787
f 794//794 787//787 795//795
f 795//795 787//787 788//788
f 795//795 788//788 796//796
f 796//796 788//788 789//789
f 796//796 789//789 797//797
f 797//797 789//789 790//790
f 797//797 790//790 798//798
f 798//798 790//790 791//791
f 733//733 799//799 734//734
f 800//800 735//735 734//734
f 800//800 734//734 799//799
f 801//801 736//736 735//735
f 801//801 735//735 800//800
f 801//801 738//738 736//736
f 741//741 802//802 740//740
f 803//803 742//742 740//740
f 803//803 740//740 802//802
f 803//803 804//804 742//742
f 742//742 804//804 733//733
f 804//804 805//805 733//733
f 805//805 799//799 733//733
f 799//799 805//805 800//800
f 800//800 805//805 806//806
f 800//800 806//806 801//801
f 801//801 806//806 807//807
f 801//801 807//807 738//738
f 807//807 743//743 738//738
f 807//807 808//808 743//743
f 808//808 810//810 809//809
f 744//744 808//808 809//809
f 743//743 808//808 744//744
f 811//811 745//745 744//744
f 811//811 744//744 809//809
f 811//811 747//747 745//745
f 813//813 812//812 802//802
f 741//741 813//813 802//802
f 748//748 813//813 741//741
f 802//802 812//812 803//803
f 803//803 812//812 814//814
f 803//803 814//814 804//804
f 810//810 815//815 809//809
f 809//809 815//815 811//811
f 811//811 815//815 816//816
f 816//816 818//818 817//817
f 816//816 817//817 749//749
f 811//811 816//816 749//749
f 747//747 811//811 749//749
f 817//817 750//750 749//749
f 751//751 813//813 748//748
f 751//751 819//819 813//813
f 818//818 820//820 817//817
f 750//750 817//817 820//820
f 821//821 750//750 820//820
f 753//753 750//750 821//821
f 754//754 819//819 751//751
f 754//754 822//822 819//819
f 755//755 753//753 823//823
f 753//753 824//824 823//823
f 753//753 821//821 824//824
f 823//823 756//756 755//755
f 757//757 822//822 754//754
f 757//757 825//825 822//822
f 824//824 826//826 823//823
f 756//756 823//823 826//826
f 827//827 756//756 826//826
f 758//758 756//756 827//827
f 759//759 825//825 757//757
f 759//759 828//828 825//825
f 827//827 760//760 758//758
f 829//829 760//760 827//827
f 761//761 828//828 759//759
f 761//761 830//830 828//828
f 829//829 763//763 760//760
f 831//831 763//763 829//829
f 764//764 830//830 761//761
f 764//764 832//832 830//830
f 831//831 833//833 763//763
f 763//763 833//833 765//765
f 766//766 765//765 833//833
f 766//766 833//833 834//834
f 767//767 832//832 764//764
f 767//767 835//835 832//832
f 834//834 769//769 766//766
f 836//836 769//769 834//834
f 770//770 835//835 767//767
f 770//770 837//837 835//835
f 838//838 771//771 772//772
f 839//839 838//838 772//772
f 769//769 839//839 772//772
f 836//836 839//839 769//769
f 773//773 837//837 770//770
f 773//773 840//840 837//837
f 842//842 841//841 838//838
f 841//841 771//771 838//838
f 841//841 775//775 771//771
f 842//842 838//838 839//839
f 776//776 840//840 773//773
f 776//776 843//843 840//840
f 844//844 777//777 778//778
f 845//845 844//844 778//778
f 775//775 845//845 778//778
f 841//841 845//845 775//775
f 779//779 843//843 776//776
f 779//779 846//846 843//843
f 847//847 781//781 782//782
f 848//848 847//847 782//782
f 848//848 782//782 777//777
f 849//849 848//848 777//777
f 844//844 849//849 777//777
f 849//849 844//844 845//845
f 779//779 783//783 850//850
f 851//851 779//779 850//850
f 846//846 779//779 851//851
f 785//785 850//850 783//783
f 852//852 791//791 792//792
f 853//853 852//852 792//792
f 853//853 792//792 781//781
f 854//854 853//853 781//781
f 847//847 854//854 781//781
f 854//854 847//847 848//848
f 855//855 851//851 850//850
f 855//855 850//850 785//785
f 793//793 855//855 785//785
f 856//856 855//855 793//793
f 857//857 793//793 794//794
f 857//857 856//856 793//793
f 859//859 857//857 858//858
f 857//857 795//795 858//858
f 857//857 794//794 795//795
f 796//796 860//860 795//795
f 795//795 860//860 858//858
f 797//797 861//861 796//796
f 796//796 861//861 860//860
f 861//861 797//797 862//862
f 797//797 863//863 862//862
f 797//797 798//798 863//863
f 798//798 791//791 852//852
f 864//864 798//798 852//852
f 863//863 798//798 864//864
f 864//864 852//852 853//853
f 865//865 859//859 858//858
f 865//865 858//858 860//860
f 865//865 860//860 866//866
f 866//866 860//860 861//861
f 866//866 861//861 867//867
f 867//867 861//861 862//862
f 804//804 868//868 805//805
f 869//869 806//806 805//805
f 869//869 805//805 868//868
f 870//870 807//807 806//806
f 870//870 806//806 869//869
f 871//871 808//808 807//807
f 871//871 807//807 870//870
f 871//871 810//810 808//808
f 813//813 872//872 812//812
f 873//873 814//814 812//812
f 873//873 812//812 872//872
f 873//873 874//874 814//814
f 814//814 874//874 804//804
f 874//874 875//875 804//804
f 875//875 868//868 804//804
f 868//868 875//875 869//869
f 869//869 875//875 876//876
f 869//869 876//876 870//870
f 870//870 876//876 877//877
f 879//879 878//878 877//877
f 878//878 870//870 877//877
f 878//878 871//871 870//870
f 880//880 815//815 810//810
f 871//871 880//880 810//810
f 878//878 880//880 871//871
f 881//881 816//816 815//815
f 881//881 815//815 880//880
f 881//881 818//818 816//816
f 883//883 882//882 872//872
f 813//813 883//883 872//872
f 819//819 883//883 813//813
f 872//872 882//882 873//873
f 873//873 882//882 884//884
f 873//873 884//884 874//874
f 879//879 885//885 878//878
f 878//878 885//885 880//880
f 880//880 885//885 886//886
f 880//880 886//886 881//881
f 881//881 886//886 887//887
f 887//887 889//889 888//888
f 887//887 888//888 820//820
f 881//881 887//887 820//820
f 818//818 881//881 820//820
f 888//888 821//821 820//820
f 822//822 883//883 819//819
f 822//822 890//890 883//883
f 888//888 889//889 891//891
f 891//891 889//889 892//892
f 891//891 824//824 821//821
f 891//891 821//821 888//888
f 825//825 890//890 822//822
f 825//825 893//893 890//890
f 892//892 894//894 891//891
f 894//894 896//896 895//895
f 894//894 895//895 826//826
f 891//891 894//894 826//826
f 824//824 891//891 826//826
f 895//895 827//827 826//826
f 828//828 893//893 825//825
f 828//828 897//897 893//893
f 896//896 898//898 895//895
f 827//827 895//895 898//898
f 899//899 827//827 898//898
f 829//829 827//827 899//899
f 830//830 897//897 828//828
f 830//830 900//900 897//897
f 899//899 831//831 829//829
f 901//901 831//831 899//899
f 832//832 900//900 830//830
f 832//832 902//902 900//900
f 901//901 903//903 831//831
f 831//831 903//903 833//833
f 834//834 833//833 903//903
f 834//834 903//903 904//904
f 835//835 902//902 832//832
f 835//835 905//905 902//902
f 904//904 836//836 834//834
f 906//906 836//836 904//904
f 837//837 905//905 835//835
f 837//837 907//907 905//905
f 906//906 839//839 836//836
f 908//908 839//839 906//906
f 840//840 907//907 837//837
f 840//840 909//909 907//907
f 910//910 841//841 842//842
f 911//911 910//910 842//842
f 839//839 911//911 842//842
f 908//908 911//911 839//839
f 843//843 909//909 840//840
f 843//843 912//912 909//909
f 914//914 913//913 910//910
f 913//913 841//841 910//910
f 913//913 845//845 841//841
f 914//914 910//910 911//911
f 846//846 912//912 843//843
f 846//846 915//915 912//912
f 917//917 916//916 849//849
f 849//849 916//916 848//848
f 849//849 845//845 913//913
f 849//849 913//913 917//917
f 851//851 915//915 846//846
f 851//851 918//918 915//915
f 920//920 919//919 854//854
f 854//854 919//919 853//853
f 854//854 848//848 916//916
f 854//854 916//916 920//920
f 921//921 918//918 851//851
f 921//921 851//851 855//855
f 923//923 921//921 922//922
f 921//921 856//856 922//922
f 921//921 855//855 856//856
f 857//857 924//924 856//856
f 856//856 924//924 922//922
f 859//859 924//924 857//857
f 925//925 862//862 863//863
f 925//925 863//863 926//926
f 863//863 927//927 926//926
f 863//863 864//864 927//927
f 864//864 853//853 919//919
f 864//864 919//919 927//927
f 928//928 923//923 922//922
f 928//928 922//922 924//924
f 928//928 924//924 929//929
f 929//929 924//924 859//859
f 865//865 929//929 859//859
f 930//930 929//929 865//865
f 931//931 865//865 866//866
f 931//931 930//930 865//865
f 932//932 866//866 867//867
f 932//932 931//931 866//866
f 867//867 862//862 925//925
f 933//933 867//867 925//925
f 932//932 867//867 933//933
f 933//933 925//925 926//926
f 874//874 934//934 875//875
f 935//935 876//876 875//875
f 935//935 875//875 934//934
f 936//936 877//877 876//876
f 936//936 876//876 935//935
f 936//936 879//879 877//877
f 883//883 937//937 882//882
f 938//938 884//884 882//882
f 938//938 882//882 937//937
f 938//938 939//939 884//884
f 884//884 939//939 874//874
f 939//939 940//940 874//874
f 940//940 934//934 874//874
f 934//934 940//940 935//935
f 935//935 940//940 941//941
f 935//935 941//941 936//936
f 936//936 941//941 942//942
f 942//942 944//944 943//943
f 942//942 943//943 885//885
f 936//936 942//942 885//885
f 879//879 936//936 885//885
f 945//945 886//886 885//885
f 945//945 885//885 943//943
f 946//946 887//887 886//886
f 946//946 886//886 945//945
f 946//946 889//889 887//887
f 948//948 947//947 937//937
f 883//883 948//948 937//937
f 890//890 948//948 883//883
f 937//937 947//947 938//938
f 938//938 947//947 949//949
f 938//938 949//949 939//939
f 944//944 950//950 943//943
f 943//943 950//950 945//945
f 945//945 950//950 951//951
f 953//953 952//952 951//951
f 952//952 945//945 951//951
f 952//952 946//946 945//945
f 952//952 892//892 889//889
f 952//952 889//889 946//946
f 893//893 948//948 890//890
f 893//893 954//954 948//948
f 953//953 955//955 952//952
f 955//955 957//957 956//956
f 955//955 956//956 894//894
f 952//952 955//955 894//894
f 892//892 952//952 894//894
f 956//956 896//896 894//894
f 897//897 954//954 893//893
f 897//897 958//958 954//954
f 957//957 959//959 956//956
f 959//959 961//961 960//960
f 959//959 960//960 898//898
f 956//956 959//959 898//898
f 896//896 956//956 898//898
f 960//960 899//899 898//898
f 900//900 958//958 897//897
f 900//900 962//962 958//958
f 961//961 963//963 960//960
f 899//899 960//960 963//963
f 964//964 899//899 963//963
f 901//901 899//899 964//964
f 902//902 962//962 900//900
f 902//902 965//965 962//962
f 903//903 901//901 966//966
f 901//901 967//967 966//966
f 901//901 964//964 967//967
f 966//966 904//904 903//903
f 905//905 965//965 902//902
f 905//905 968//968 965//965
f 967//967 969//969 966//966
f 904//904 966//966 969//969
f 970//970 904//904 969//969
f 906//906 904//904 970//970
f 907//907 968//968 905//905
f 907//907 971//971 968//968
f 970//970 908//908 906//906
f 972//972 908//908 970//970
f 909//909 971//971 907//907
f 909//909 973//973 971//971
f 972//972 911//911 908//908
f 974//974 911//911 972//972
f 912//912 973//973 909//909
f 912//912 975//975 973//973
f 977//977 976//976 914//914
f 914//914 976//976 913//913
f 914//914 911//911 974//974
f 914//914 974//974 977//977
f 915//915 975//975 912//912
f 915//915 978//978 975//975
f 979//979 916//916 917//917
f 980//980 979//979 917//917
f 913//913 980//980 917//917
f 976//976 980//980 913//913
f 918//918 978//978 915//915
f 918//918 981//981 978//978
f 982//982 919//919 920//920
f 983//983 982//982 920//920
f 983//983 920//920 916//916
f 984//984 983//983 916//916
f 979//979 984//984 916//916
f 984//984 979//979 980//980
f 918//918 921//921 985//985
f 986//986 918//918 985//985
f 981//981 918//918 986//986
f 923//923 985//985 921//921
f 987//987 926//926 927//927
f 988//988 987//987 927//927
f 988//988 927//927 919//919
f 989//989 988//988 919//919
f 982//982 989//989 919//919
f 989//989 982//982 983//983
f 990//990 986//986 985//985
f 992//992 990//990 991//991
f 991//991 990//990 928//928
f 990//990 985//985 928//928
f 985//985 923//923 928//928
f 929//929 993//993 928//928
f 928//928 993//993 991//991
f 930//930 994//994 929//929
f 929//929 994//994 993//993
f 931//931 995//995 930//930
f 930//930 995//995 994//994
f 932//932 996//996 931//931
f 931//931 996//996 995//995
f 933//933 997//997 932//932
f 932//932 997//997 996//996
f 998//998 997//997 933//933
f 998//998 933//933 926//926
f 999//999 998//998 926//926
f 987//987 999//999 926//926
f 999//999 987//987 988//988
f 1000//1000 992//992 991//991
f 1000//1000 991//991 993//993
f 1000//1000 993//993 1001//1001
f 1001//1001 993//993 994//994
f 1001//1001 994//994 1002//1002
f 1002//1002 994//994 995//995
f 1002//1002 995//995 1003//1003
f 1003//1003 995//995 996//996
f 1003//1003 996//996 1004//1004
f 1004//1004 996//996 997//997
f 1004//1004 997//997 1005//1005
f 1005//1005 997//997 998//998
f 939//939 1006//1006 940//940
f 1007//1007 941//941 940//940
f 1007//1007 940//940 1006//1006
f 1008//1008 942//942 941//941
f 1008//1008 941//941 1007//1007
f 1008//1008 944//944 942//942
f 948//948 1009//1009 947//947
f 1010//1010 949//949 947//947
f 1010//1010 947//947 1009//1009
f 1010//1010 1011//1011 949//949
f 949//949 1011//1011 939//939
f 1011//1011 1012//1012 939//939
f 1012//1012 1006//1006 939//939
f 1006//1006 1012//1012 1007//1007
f 1007//1007 1012//1012 1013//1013
f 1007//1007 1013//1013 1008//1008
f 1008//1008 1013//1013 1014//1014
f 1014//1014 1016//1016 1015//1015
f 1014//1014 1015//1015 950//950
f 1008//1008 1014//1014 950//950
f 944//944 1008//1008 950//950
f 1017//1017 951//951 950//950
f 1017//1017 950//950 1015//1015
f 1017//1017 953//953 951//951
f 1019//1019 1018//1018 1009//1009
f 948//948 1019//1019 1009//1009
f 954//954 1019//1019 948//948
f 1009//1009 1018//1018 1010//1010
f 1010//1010 1018//1018 1020//1020
f 1010//1010 1020//1020 1011//1011
f 1016//1016 1021//1021 1015//1015
f 1015//1015 1021//1021 1017//1017
f 1017//1017 1021//1021 1022//1022
f 1022//1022 1024//1024 1023//1023
f 1022//1022 1023//1023 955//955
f 1017//1017 1022//1022 955//955
f 953//953 1017//1017 955//955
f 1023//1023 957//957 955//955
f 958//958 1019//1019 954//954
f 958//958 1025//1025 1019//1019
f 1024//1024 1026//1026 1023//1023
f 1023//1023 1026//1026 957//957
f 1026//1026 959//959 957//957
f 1026//1026 1027//1027 959//959
f 961//961 959//959 1027//1027
f 961//961 1027//1027 1028//1028
f 962//962 1025//1025 958//958
f 962//962 1029//1029 1025//1025
f 1028//1028 1030//1030 961//961
f 961//961 1030//1030 963//963
f 964//964 963//963 1030//1030
f 964//964 1030//1030 1031//1031
f 965//965 1029//1029 962//962
f 965//965 1032//1032 1029//1029
f 1031//1031 967//967 964//964
f 1033//1033 967//967 1031//1031
f 968//968 1032//1032 965//965
f 968//968 1034//1034 1032//1032
f 1033//1033 1035//1035 967//967
f 967//967 1035//1035 969//969
f 970//970 969//969 1035//1035
f 970//970 1035//1035 1036//1036
f 971//971 1034//1034 968//968
f 971//971 1037//1037 1034//1034
f 1036//1036 972//972 970//970
f 1038//1038 972//972 1036//1036
f 973//973 1037//1037 971//971
f 973//973 1039//1039 1037//1037
f 1038//1038 974//974 972//972
f 1040//1040 974//974 1038//1038
f 975//975 1039//1039 973//973
f 975//975 1041//1041 1039//1039
f 1042//1042 976//976 977//977
f 1043//1043 1042//1042 977//977
f 974//974 1043//1043 977//977
f 1040//1040 1043//1043 974//974
f 978//978 1041//1041 975//975
f 978//978 1044//1044 1041//1041
f 1046//1046 1045//1045 1042//1042
f 1045//1045 976//976 1042//1042
f 1045//1045 980//980 976//976
f 1046//1046 1042//1042 1043//1043
f 981//981 1044//1044 978//978
f 981//981 1047//1047 1044//1044
f 1048//1048 983//983 984//984
f 1049//1049 1048//1048 984//984
f 980//980 1049//1049 984//984
f 1045//1045 1049//1049 980//980
f 986//986 1047//1047 981//981
f 986//986 1050//1050 1047//1047
f 1051//1051 988//988 989//989
f 1052//1052 1051//1051 989//989
f 1052//1052 989//989 983//983
f 1053//1053 1052//1052 983//983
f 1048//1048 1053//1053 983//983
f 1053//1053 1048//1048 1049//1049
f 986//986 990//990 1054//1054
f 1055//1055 986//986 1054//1054
f 1050//1050 986//986 1055//1055
f 992//992 1054//1054 990//990
f 1056//1056 998//998 999//999
f 1057//1057 1056//1056 999//999
f 1057//1057 999//999 988//988
f 1058//1058 1057//1057 988//988
f 1051//1051 1058//1058 988//988
f 1058//1058 1051//1051 1052//1052
f 1059//1059 1055//1055 1054//1054
f 1059//1059 1054//1054 992//992
f 1000//1000 1059//1059 992//992
f 1060//1060 1059//1059 1000//1000
f 1062//1062 1060//1060 1061//1061
f 1060//1060 1001//1001 1061//1061
f 1060//1060 1000//1000 1001//1001
f 1002//1002 1063//1063 1001//1001
f 1001//1001 1063//1063 1061//1061
f 1003//1003 1064//1064 1002//1002
f 1002//1002 1064//1064 1063//1063
f 1004//1004 1065//1065 1003//1003
f 1003//1003 1065//1065 1064//1064
f 1065//1065 1004//1004 1066//1066
f 1004//1004 1067//1067 1066//1066
f 1004//1004 1005//1005 1067//1067
f 1005//1005 998//998 1056//1056
f 1068//1068 1005//1005 1056//1056
f 1067//1067 1005//1005 1068//1068
f 1068//1068 1056//1056 1057//1057
f 1069//1069 1062//1062 1061//1061
f 1069//1069 1061//1061 1063//1063
f 1069//1069 1063//1063 1070//1070
f 1070//1070 1063//1063 1064//1064
f 1070//1070 1064//1064 1071//1071
f 1071//1071 1064//1064 1065//1065
f 1071//1071 1065//1065 1072//1072
f 1072//1072 1065//1065 1066//1066
f 1011//1011 1073//1073 1012//1012
f 1074//1074 1013//1013 1012//1012
f 1074//1074 1012//1012 1073//1073
f 1075//1075 1014//1014 1013//1013
f 1075//1075 1013//1013 1074//1074
f 1075//1075 1016//1016 1014//1014
f 1019//1019 1076//1076 1018//1018
f 1077//1077 1020//1020 1018//1018
f 1077//1077 1018//1018 1076//1076
f 1077//1077 1078//1078 1020//1020
f 1020//1020 1078//1078 1011//1011
f 1078//1078 1079//1079 1011//1011
f 1079//1079 1073//1073 1011//1011
f 1073//1073 1079//1079 1074//1074
f 1074//1074 1079//1079 1080//1080
f 1074//1074 1080//1080 1075//1075
f 1075//1075 1080//1080 1081//1081
f 1075//1075 1081//1081 1016//1016
f 1081//1081 1021//1021 1016//1016
f 1081//1081 1082//1082 1021//1021
f 1082//1082 1084//1084 1083//1083
f 1022//1022 1082//1082 1083//1083
f 1021//1021 1082//1082 1022//1022
f 1083//1083 1024//1024 1022//1022
f 1086//1086 1085//1085 1076//1076
f 1019//1019 1086//1086 1076//1076
f 1025//1025 1086//1086 1019//1019
f 1076//1076 1085//1085 1077//1077
f 1077//1077 1085//1085 1087//1087
f 1077//1077 1087//1087 1078//1078
f 1084//1084 1088//1088 1083//1083
f 1083//1083 1088//1088 1024//1024
f 1088//1088 1026//1026 1024//1024
f 1088//1088 1089//1089 1026//1026
f 1089//1089 1091//1091 1090//1090
f 1027//1027 1089//1089 1090//1090
f 1026//1026 1089//1089 1027//1027
f 1090//1090 1028//1028 1027//1027
f 1029//1029 1086//1086 1025//1025
f 1029//1029 1092//1092 1086//1086
f 1091//1091 1093//1093 1090//1090
f 1093//1093 1095//1095 1094//1094
f 1093//1093 1094//1094 1030//1030
f 1090//1090 1093//1093 1030//1030
f 1028//1028 1090//1090 1030//1030
f 1094//1094 1031//1031 1030//1030
f 1032//1032 1092//1092 1029//1029
f 1032//1032 1096//1096 1092//1092
f 1095//1095 1097//1097 1094//1094
f 1031//1031 1094//1094 1097//1097
f 1098//1098 1031//1031 1097//1097
f 1033//1033 1031//1031 1098//1098
f 1034//1034 1096//1096 1032//1032
f 1034//1034 1099//1099 1096//1096
f 1035//1035 1033//1033 1100//1100
f 1033//1033 1101//1101 1100//1100
f 1033//1033 1098//1098 1101//1101
f 1100//1100 1036//1036 1035//1035
f 1037//1037 1099//1099 1034//1034
f 1037//1037 1102//1102 1099//1099
f 1101//1101 1103//1103 1100//1100
f 1036//1036 1100//1100 1103//1103
f 1104//1104 1036//1036 1103//1103
f 1038//1038 1036//1036 1104//1104
f 1039//1039 1102//1102 1037//1037
f 1039//1039 1105//1105 1102//1102
f 1104//1104 1040//1040 1038//1038
f 1106//1106 1040//1040 1104//1104
f 1041//1041 1105//1105 1039//1039
f 1041//1041 1107//1107 1105//1105
f 1106//1106 1043//1043 1040//1040
f 1108//1108 1043//1043 1106//1106
f 1044//1044 1107//1107 1041//1041
f 1044//1044 1109//1109 1107//1107
f 1110//1110 1045//1045 1046//1046
f 1111//1111 1110//1110 1046//1046
f 1043//1043 1111//1111 1046//1046
f 1108//1108 1111//1111 1043//1043
f 1047//1047 1109//1109 1044//1044
f 1047//1047 1112//1112 1109//1109
f 1114//1114 1113//1113 1110//1110
f 1113//1113 1045//1045 1110//1110
f 1113//1113 1049//1049 1045//1045
f 1114//1114 1110//1110 1111//1111
f 1050//1050 1112//1112 1047//1047
f 1050//1050 1115//1115 1112//1112
f 1116//1116 1052//1052 1053//1053
f 1117//1117 1116//1116 1053//1053
f 1049//1049 1117//1117 1053//1053
f 1113//1113 1117//1117 1049//1049
f 1055//1055 1115//1115 1050//1050
f 1055//1055 1118//1118 1115//1115
f 1119//1119 1057//1057 1058//1058
f 1120//1120 1119//1119 1058//1058
f 1120//1120 1058//1058 1052//1052
f 1121//1121 1120//1120 1052//1052
f 1116//1116 1121//1121 1052//1052
f 1121//1121 1116//1116 1117//1117
f 1122//1122 1118//1118 1055//1055
f 1122//1122 1055//1055 1059//1059
f 1124//1124 1122//1122 1123//1123
f 1122//1122 1060//1060 1123//1123
f 1122//1122 1059//1059 1060//1060
f 1062//1062 1123//1123 1060//1060
f 1125//1125 1066//1066 1067//1067
f 1068//1068 1126//1126 1067//1067
f 1067//1067 1126//1126 1125//1125
f 1127//1127 1126//1126 1068//1068
f 1127//1127 1068//1068 1057//1057
f 1128//1128 1127//1127 1057//1057
f 1119//1119 1128//1128 1057//1057
f 1128//1128 1119//1119 1120//1120
f 1129//1129 1124//1124 1123//1123
f 1129//1129 1123//1123 1062//1062
f 1069//1069 1129//1129 1062//1062
f 1130//1130 1129//1129 1069//1069
f 1131//1131 1069//1069 1070//1070
f 1131//1131 1130//1130 1069//1069
f 1132//1132 1070//1070 1071//1071
f 1132//1132 1131//1131 1070//1070
f 1133//1133 1071//1071 1072//1072
f 1133//1133 1132//1132 1071//1071
f 1072//1072 1066//1066 1125//1125
f 1134//1134 1072//1072 1125//1125
f 1133//1133 1072//1072 1134//1134
f 1134//1134 1125//1125 1126//1126
f 1134//1134 1126//1126 1135//1135
f 1135//1135 1126//1126 1127//1127
