# generated by tools/gen_cave.py
o cave_21
v 32.000 -2.476 16.000
v 32.000 2.261 16.000
v 32.000 -2.473 16.250
v 32.000 2.204 16.250
v 32.000 2.250 16.050
v 32.000 -2.427 16.500
v 32.000 2.134 16.500
v 32.000 -2.360 16.750
v 32.000 2.058 16.750
v 32.000 -2.293 17.000
v 32.000 1.974 17.000
v 32.000 2.000 16.926
v 32.000 -2.250 17.164
v 32.000 -2.223 17.250
v 32.000 1.878 17.250
v 32.000 -2.181 17.500
v 32.000 1.772 17.500
v 32.000 -2.146 17.750
v 32.000 1.648 17.750
v 32.000 1.750 17.548
v 32.000 -2.149 18.000
v 32.000 1.502 18.000
v 32.000 -2.191 18.250
v 32.000 1.328 18.250
v 32.000 1.500 18.004
v 32.000 -2.250 18.464
v 32.000 -2.259 18.500
v 32.000 1.250 18.382
v 32.000 1.169 18.500
v 32.000 -2.338 18.750
v 32.000 1.033 18.750
v 32.000 -2.417 19.000
v 32.000 0.926 19.000
v 32.000 1.000 18.832
v 32.000 -2.399 19.250
v 32.000 0.854 19.250
v 32.000 -2.358 19.500
v 32.000 0.816 19.500
v 32.000 -2.319 19.750
v 32.000 0.807 19.750
v 32.000 -2.280 20.000
v 32.000 0.820 20.000
v 32.000 -2.250 20.216
v 32.000 -2.245 20.250
v 32.000 0.840 20.250
v 32.000 -2.213 20.500
v 32.000 0.853 20.500
v 32.000 -2.185 20.750
v 32.000 0.857 20.750
v 32.000 -2.160 21.000
v 32.000 0.860 21.000
v 32.000 -2.140 21.250
v 32.000 0.859 21.250
v 32.000 -2.124 21.500
v 32.000 0.843 21.500
v 32.000 -2.111 21.750
v 32.000 0.799 21.750
v 32.000 -2.100 22.000
v 32.000 0.718 22.000
v 32.000 0.750 21.907
v 32.000 -2.090 22.250
v 32.000 0.592 22.250
v 32.000 -2.079 22.500
v 32.000 0.406 22.500
v 32.000 0.500 22.384
v 32.000 -2.069 22.750
v 32.000 0.140 22.750
v 32.000 0.250 22.656
v 32.000 -2.000 22.935
v 32.000 -1.911 23.000
v 32.000 -0.275 23.000
v 32.000 -0.250 22.990
v 32.000 0.000 22.851
v 32.000 -1.750 23.055
v 32.000 -1.500 23.087
v 32.000 -1.250 23.089
v 32.000 -1.000 23.124
v 32.000 -0.750 23.121
v 32.000 -0.500 23.079
v 32.000 -1.000 31.213
v 32.000 -1.052 31.250
v 32.000 -0.750 31.125
v 32.000 -0.500 31.074
v 32.000 -0.250 31.031
v 32.000 0.000 31.017
v 32.000 0.250 31.049
v 32.000 0.500 31.121
v 32.000 0.750 31.229
v 32.000 0.789 31.250
v 32.000 -1.250 31.500
v 32.000 1.000 31.383
v 32.000 1.150 31.500
v 32.000 -1.250 31.501
v 32.000 -1.288 31.750
v 32.000 1.250 31.588
v 32.000 1.404 31.750
v 32.000 -1.340 32.000
v 32.000 1.500 31.865
v 32.000 1.598 32.000
v 32.250 -2.430 16.000
v 32.023 2.250 16.000
v 32.250 2.129 16.000
v 32.250 -2.372 16.250
v 32.250 2.078 16.250
v 32.250 -2.307 16.500
v 32.250 2.012 16.500
v 32.250 -2.250 16.735
v 32.242 -2.250 16.750
v 32.250 -2.246 16.750
v 32.116 2.000 16.750
v 32.250 1.928 16.750
v 32.250 2.000 16.538
v 32.103 -2.250 17.000
v 32.250 -2.175 17.000
v 32.250 1.834 17.000
v 32.250 -2.094 17.250
v 32.226 1.750 17.250
v 32.250 1.736 17.250
v 32.250 1.750 17.217
v 32.250 -2.029 17.500
v 32.040 1.750 17.500
v 32.250 1.631 17.500
v 32.250 -2.012 17.750
v 32.250 1.513 17.750
v 32.250 -2.000 17.956
v 32.245 -2.000 18.000
v 32.250 -1.996 18.000
v 32.004 1.500 18.000
v 32.250 1.356 18.000
v 32.250 1.500 17.774
v 32.250 -2.000 18.119
v 32.250 -2.003 18.250
v 32.132 1.250 18.250
v 32.250 1.166 18.250
v 32.250 1.250 18.151
v 32.012 -2.250 18.500
v 32.250 -2.037 18.500
v 32.220 1.000 18.500
v 32.250 0.971 18.500
v 32.250 1.000 18.469
v 32.110 -2.250 18.750
v 32.250 -2.109 18.750
v 32.042 1.000 18.750
v 32.250 0.789 18.750
v 32.219 -2.250 19.000
v 32.250 -2.218 19.000
v 32.187 0.750 19.000
v 32.250 0.679 19.000
v 32.250 0.750 18.839
v 32.250 -2.250 19.063
v 32.250 -2.324 19.250
v 32.127 0.750 19.250
v 32.250 0.634 19.250
v 32.250 -2.342 19.500
v 32.091 0.750 19.500
v 32.250 0.622 19.500
v 32.250 -2.301 19.750
v 32.082 0.750 19.750
v 32.250 0.627 19.750
v 32.250 -2.262 20.000
v 32.101 0.750 20.000
v 32.250 0.647 20.000
v 32.250 -2.250 20.081
v 32.250 -2.225 20.250
v 32.140 0.750 20.250
v 32.250 0.683 20.250
v 32.250 -2.193 20.500
v 32.202 0.750 20.500
v 32.250 0.728 20.500
v 32.250 -2.165 20.750
v 32.250 0.750 20.618
v 32.250 0.774 20.750
v 32.250 -2.142 21.000
v 32.250 0.812 21.000
v 32.250 -2.124 21.250
v 32.250 0.836 21.250
v 32.250 -2.111 21.500
v 32.250 0.841 21.500
v 32.250 -2.100 21.750
v 32.250 0.820 21.750
v 32.250 -2.089 22.000
v 32.153 0.750 22.000
v 32.250 0.769 22.000
v 32.250 -2.078 22.250
v 32.250 0.683 22.250
v 32.250 0.750 22.059
v 32.250 -2.065 22.500
v 32.157 0.500 22.500
v 32.250 0.549 22.500
v 32.250 -2.053 22.750
v 32.123 0.250 22.750
v 32.250 0.348 22.750
v 32.250 0.500 22.567
v 32.091 -2.000 23.000
v 32.250 -2.042 23.000
v 32.013 -0.250 23.000
v 32.189 0.000 23.000
v 32.250 0.068 23.000
v 32.250 0.250 22.847
v 32.250 -2.000 23.078
v 32.250 -1.750 23.223
v 32.245 -1.500 23.250
v 32.250 -1.531 23.250
v 32.250 -1.433 23.250
v 32.250 -1.250 23.241
v 32.208 -1.000 23.250
v 32.250 -1.186 23.250
v 32.202 -0.750 23.250
v 32.243 -0.500 23.250
v 32.250 -0.482 23.250
v 32.250 -0.250 23.183
v 32.250 0.000 23.050
v 32.250 -1.500 23.254
v 32.250 -1.000 23.278
v 32.250 -0.750 23.284
v 32.250 -0.500 23.255
v 32.241 -0.750 31.000
v 32.250 -0.750 30.995
v 32.250 -0.763 31.000
v 32.143 -0.500 31.000
v 32.250 -0.500 30.945
v 32.056 -0.250 31.000
v 32.250 -0.250 30.902
v 32.033 0.000 31.000
v 32.250 0.000 30.898
v 32.105 0.250 31.000
v 32.250 0.250 30.937
v 32.250 0.449 31.000
v 32.250 -1.000 31.106
v 32.250 -1.188 31.250
v 32.250 0.500 31.018
v 32.250 0.750 31.146
v 32.250 0.913 31.250
v 32.250 -1.245 31.500
v 32.250 1.000 31.313
v 32.250 1.213 31.500
v 32.250 -1.250 31.545
v 32.250 -1.273 31.750
v 32.250 1.250 31.536
v 32.250 1.433 31.750
v 32.250 -1.316 32.000
v 32.250 1.500 31.839
v 32.250 1.608 32.000
v 32.500 -2.293 16.000
v 32.484 2.000 16.000
v 32.500 1.990 16.000
v 32.500 -2.250 16.193
v 32.478 -2.250 16.250
v 32.500 -2.236 16.250
v 32.391 2.000 16.250
v 32.500 1.932 16.250
v 32.362 -2.250 16.500
v 32.500 -2.167 16.500
v 32.272 2.000 16.500
v 32.500 1.860 16.500
v 32.500 -2.103 16.750
v 32.500 1.778 16.750
v 32.500 -2.035 17.000
v 32.401 1.750 17.000
v 32.500 1.690 17.000
v 32.500 1.750 16.832
v 32.500 -2.000 17.107
v 32.418 -2.000 17.250
v 32.500 -1.939 17.250
v 32.500 1.602 17.250
v 32.299 -2.000 17.500
v 32.500 -1.834 17.500
v 32.500 1.507 17.500
v 32.271 -2.000 17.750
v 32.500 -1.814 17.750
v 32.276 1.500 17.750
v 32.500 1.378 17.750
v 32.500 1.500 17.516
v 32.500 -1.768 18.000
v 32.443 1.250 18.000
v 32.500 1.214 18.000
v 32.500 1.250 17.953
v 32.254 -2.000 18.250
v 32.500 -1.750 18.148
v 32.488 -1.750 18.250
v 32.500 -1.726 18.250
v 32.493 1.000 18.250
v 32.500 0.994 18.250
v 32.500 1.000 18.245
v 32.291 -2.000 18.500
v 32.484 -1.750 18.500
v 32.500 -1.710 18.500
v 32.477 0.750 18.500
v 32.500 0.723 18.500
v 32.500 0.750 18.479
v 32.358 -2.000 18.750
v 32.500 -1.781 18.750
v 32.500 -1.750 18.608
v 32.485 0.500 18.750
v 32.500 0.478 18.750
v 32.500 0.500 18.728
v 32.287 0.750 18.750
v 32.452 -2.000 19.000
v 32.500 -1.918 19.000
v 32.398 0.500 19.000
v 32.500 0.355 19.000
v 32.341 -2.250 19.250
v 32.500 -2.082 19.250
v 32.500 -2.000 19.098
v 32.370 0.500 19.250
v 32.500 0.332 19.250
v 32.470 -2.250 19.500
v 32.500 -2.228 19.500
v 32.374 0.500 19.500
v 32.500 0.357 19.500
v 32.500 -2.250 19.567
v 32.500 -2.283 19.750
v 32.394 0.500 19.750
v 32.500 0.397 19.750
v 32.500 -2.250 19.964
v 32.420 -2.250 20.000
v 32.500 -2.244 20.000
v 32.435 0.500 20.000
v 32.500 0.446 20.000
v 32.500 -2.208 20.250
v 32.500 0.500 20.215
v 32.500 0.508 20.250
v 32.500 -2.176 20.500
v 32.500 0.587 20.500
v 32.500 -2.149 20.750
v 32.307 0.750 20.750
v 32.500 0.668 20.750
v 32.500 -2.127 21.000
v 32.455 0.750 21.000
v 32.500 0.736 21.000
v 32.500 -2.110 21.250
v 32.500 0.750 21.073
v 32.500 0.781 21.250
v 32.500 -2.099 21.500
v 32.500 0.806 21.500
v 32.500 -2.090 21.750
v 32.500 0.811 21.750
v 32.500 -2.079 22.000
v 32.500 0.796 22.000
v 32.500 -2.067 22.250
v 32.498 0.750 22.250
v 32.500 0.751 22.250
v 32.500 -2.053 22.500
v 32.500 0.660 22.500
v 32.500 0.750 22.252
v 32.500 -2.042 22.750
v 32.475 0.500 22.750
v 32.500 0.515 22.750
v 32.500 -2.030 23.000
v 32.433 0.250 23.000
v 32.500 0.305 23.000
v 32.500 0.500 22.770
v 32.458 -2.000 23.250
v 32.500 -2.019 23.250
v 32.287 -1.750 23.250
v 32.263 -1.250 23.250
v 32.335 -0.250 23.250
v 32.488 0.000 23.250
v 32.500 0.014 23.250
v 32.500 0.250 23.056
v 32.500 -2.000 23.278
v 32.500 -1.750 23.405
v 32.500 -1.500 23.439
v 32.500 -1.250 23.423
v 32.500 -1.000 23.451
v 32.500 -0.750 23.461
v 32.500 -0.500 23.442
v 32.500 -0.250 23.382
v 32.500 0.000 23.260
v 32.431 -1.000 31.000
v 32.500 -1.000 30.963
v 32.500 -1.057 31.000
v 32.500 -0.750 30.866
v 32.500 -0.500 30.824
v 32.500 -0.250 30.782
v 32.500 0.000 30.779
v 32.500 0.250 30.819
v 32.288 0.500 31.000
v 32.500 0.500 30.904
v 32.500 0.691 31.000
v 32.500 -1.237 31.250
v 32.500 0.750 31.034
v 32.414 1.000 31.250
v 32.500 1.000 31.219
v 32.500 1.036 31.250
v 32.500 -1.244 31.500
v 32.385 1.250 31.500
v 32.500 1.250 31.470
v 32.500 1.275 31.500
v 32.500 -1.250 31.583
v 32.500 -1.262 31.750
v 32.500 1.457 31.750
v 32.500 -1.293 32.000
v 32.500 1.500 31.817
v 32.500 1.610 32.000
v 32.579 -2.250 16.000
v 32.750 -2.128 16.000
v 32.750 1.840 16.000
v 32.750 -2.059 16.250
v 32.750 1.765 16.250
v 32.750 -2.000 16.477
v 32.742 -2.000 16.500
v 32.750 -1.993 16.500
v 32.659 1.750 16.500
v 32.750 1.677 16.500
v 32.750 1.750 16.294
v 32.659 -2.000 16.750
v 32.750 -1.925 16.750
v 32.543 1.750 16.750
v 32.750 1.597 16.750
v 32.559 -2.000 17.000
v 32.750 -1.850 17.000
v 32.750 1.531 17.000
v 32.750 -1.751 17.250
v 32.689 1.500 17.250
v 32.750 1.460 17.250
v 32.750 1.500 17.117
v 32.750 -1.750 17.252
v 32.602 -1.750 17.500
v 32.750 -1.629 17.500
v 32.515 1.500 17.500
v 32.750 1.364 17.500
v 32.559 -1.750 17.750
v 32.750 -1.500 17.745
v 32.747 -1.500 17.750
v 32.750 -1.497 17.750
v 32.727 1.250 17.750
v 32.750 1.234 17.750
v 32.750 1.250 17.724
v 32.516 -1.750 18.000
v 32.661 -1.500 18.000
v 32.750 -1.356 18.000
v 32.750 1.047 18.000
v 32.613 -1.500 18.250
v 32.750 -1.250 18.198
v 32.733 -1.250 18.250
v 32.750 -1.210 18.250
v 32.750 0.776 18.250
v 32.750 1.000 18.054
v 32.590 -1.500 18.500
v 32.691 -1.250 18.500
v 32.750 -1.085 18.500
v 32.682 0.500 18.500
v 32.750 0.378 18.500
v 32.750 0.500 18.437
v 32.750 0.750 18.272
v 32.521 -1.750 18.750
v 32.610 -1.500 18.750
v 32.696 -1.250 18.750
v 32.750 -1.062 18.750
v 32.647 0.250 18.750
v 32.750 0.006 18.750
v 32.750 0.250 18.591
v 32.602 -1.750 19.000
v 32.679 -1.500 19.000
v 32.750 -1.254 19.000
v 32.750 -1.250 18.994
v 32.699 0.000 19.000
v 32.750 -0.154 19.000
v 32.750 0.000 18.760
v 32.571 0.250 19.000
v 32.575 -2.000 19.250
v 32.715 -1.750 19.250
v 32.750 -1.620 19.250
v 32.750 -1.500 19.168
v 32.707 0.000 19.250
v 32.750 -0.100 19.250
v 32.559 0.250 19.250
v 32.716 -2.000 19.500
v 32.750 -1.939 19.500
v 32.750 -1.750 19.313
v 32.750 0.000 19.458
v 32.586 0.250 19.500
v 32.750 0.013 19.500
v 32.579 -2.250 19.750
v 32.750 -2.119 19.750
v 32.750 -2.000 19.558
v 32.636 0.250 19.750
v 32.750 0.106 19.750
v 32.750 -2.220 20.000
v 32.704 0.250 20.000
v 32.750 0.197 20.000
v 32.750 -2.195 20.250
v 32.750 0.250 20.121
v 32.511 0.500 20.250
v 32.750 0.297 20.250
v 32.750 -2.164 20.500
v 32.632 0.500 20.500
v 32.750 0.413 20.500
v 32.750 -2.137 20.750
v 32.750 0.500 20.678
v 32.750 0.531 20.750
v 32.750 -2.115 21.000
v 32.750 0.626 21.000
v 32.750 -2.099 21.250
v 32.592 0.750 21.250
v 32.750 0.693 21.250
v 32.750 -2.088 21.500
v 32.711 0.750 21.500
v 32.750 0.739 21.500
v 32.750 -2.079 21.750
v 32.750 0.750 21.575
v 32.750 0.775 21.750
v 32.750 -2.068 22.000
v 32.750 0.799 22.000
v 32.750 -2.057 22.250
v 32.750 0.793 22.250
v 32.750 -2.045 22.500
v 32.750 0.748 22.500
v 32.750 0.750 22.489
v 32.750 -2.034 22.750
v 32.750 0.648 22.750
v 32.750 -2.021 23.000
v 32.750 0.495 23.000
v 32.750 0.500 22.993
v 32.750 -2.010 23.250
v 32.722 0.250 23.250
v 32.750 0.275 23.250
v 32.750 -2.000 23.322
v 32.629 -1.750 23.500
v 32.750 -1.932 23.500
v 32.581 -1.500 23.500
v 32.602 -1.250 23.500
v 32.569 -1.000 23.500
v 32.555 -0.750 23.500
v 32.578 -0.500 23.500
v 32.653 -0.250 23.500
v 32.750 -0.077 23.500
v 32.750 0.000 23.463
v 32.750 0.250 23.274
v 32.750 -1.750 23.587
v 32.750 -1.500 23.626
v 32.750 -1.250 23.614
v 32.750 -1.000 23.635
v 32.750 -0.750 23.645
v 32.750 -0.500 23.628
v 32.750 -0.250 23.573
v 32.729 -0.750 30.750
v 32.750 -0.750 30.739
v 32.750 -0.783 30.750
v 32.659 -0.500 30.750
v 32.750 -0.500 30.703
v 32.570 -0.250 30.750
v 32.750 -0.250 30.657
v 32.561 0.000 30.750
v 32.750 0.000 30.653
v 32.639 0.250 30.750
v 32.750 0.250 30.692
v 32.750 0.431 30.750
v 32.750 -1.000 30.829
v 32.750 -1.244 31.000
v 32.750 0.500 30.772
v 32.562 0.750 31.000
v 32.750 0.750 30.902
v 32.750 0.885 31.000
v 32.702 -1.250 31.250
v 32.750 -1.250 31.136
v 32.750 -1.253 31.250
v 32.750 1.000 31.095
v 32.750 1.147 31.250
v 32.736 -1.250 31.500
v 32.750 -1.250 31.500
v 32.750 1.250 31.378
v 32.750 1.334 31.500
v 32.750 -1.256 31.750
v 32.750 1.480 31.750
v 32.750 -1.275 32.000
v 32.750 1.500 31.788
v 32.750 1.609 32.000
v 32.918 -2.000 16.000
v 33.000 -1.915 16.000
v 32.892 1.750 16.000
v 33.000 1.673 16.000
v 32.825 -2.000 16.250
v 33.000 -1.815 16.250
v 32.940 0.750 16.250
v 33.000 0.645 16.250
v 33.000 0.750 16.204
v 33.000 1.000 16.165
v 32.893 1.000 16.250
v 33.000 1.250 16.241
v 32.989 1.250 16.250
v 33.000 1.289 16.250
v 32.771 1.750 16.250
v 33.000 1.571 16.250
v 33.000 -1.750 16.454
v 32.988 -1.750 16.500
v 33.000 -1.739 16.500
v 33.000 0.750 16.329
v 33.000 1.000 16.387
v 33.000 1.250 16.265
v 33.000 1.500 16.427
v 32.966 1.500 16.500
v 33.000 1.468 16.500
v 32.932 -1.750 16.750
v 33.000 -1.687 16.750
v 32.877 1.500 16.750
v 33.000 1.390 16.750
v 32.864 -1.750 17.000
v 33.000 -1.632 17.000
v 32.796 1.500 17.000
v 33.000 1.336 17.000
v 32.751 -1.750 17.250
v 33.000 -1.548 17.250
v 33.000 1.280 17.250
v 33.000 -1.500 17.340
v 32.901 -1.500 17.500
v 33.000 -1.401 17.500
v 32.920 1.250 17.500
v 33.000 1.182 17.500
v 33.000 1.250 17.338
v 33.000 -1.250 17.693
v 32.960 -1.250 17.750
v 33.000 -1.196 17.750
v 33.000 1.033 17.750
v 32.820 -1.250 18.000
v 33.000 -1.000 17.964
v 32.976 -1.000 18.000
v 33.000 -0.957 18.000
v 32.810 1.000 18.000
v 33.000 0.803 18.000
v 33.000 1.000 17.794
v 32.854 -1.000 18.250
v 33.000 -0.750 18.199
v 32.968 -0.750 18.250
v 33.000 -0.657 18.250
v 32.953 0.500 18.250
v 33.000 0.387 18.250
v 33.000 0.500 18.206
v 33.000 0.750 18.048
v 32.776 0.750 18.250
v 32.784 -1.000 18.500
v 32.860 -0.750 18.500
v 33.000 -0.500 18.334
v 32.905 -0.500 18.500
v 33.000 -0.250 18.377
v 32.915 -0.250 18.500
v 33.000 0.000 18.361
v 32.888 0.000 18.500
v 33.000 0.250 18.305
v 32.815 0.250 18.500
v 32.770 -1.000 18.750
v 32.817 -0.750 18.750
v 32.830 -0.500 18.750
v 32.810 -0.250 18.750
v 32.752 0.000 18.750
v 32.751 -1.250 19.000
v 32.813 -1.000 19.000
v 32.838 -0.750 19.000
v 32.826 -0.500 19.000
v 32.781 -0.250 19.000
v 32.782 -1.500 19.250
v 32.844 -1.250 19.250
v 32.894 -1.000 19.250
v 32.906 -0.750 19.250
v 32.879 -0.500 19.250
v 32.813 -0.250 19.250
v 32.849 -1.750 19.500
v 32.908 -1.500 19.500
v 32.957 -1.250 19.500
v 32.999 -1.000 19.500
v 33.000 -0.968 19.500
v 33.000 -0.750 19.488
v 32.967 -0.500 19.500
v 33.000 -0.719 19.500
v 32.885 -0.250 19.500
v 32.758 0.000 19.500
v 32.858 -2.000 19.750
v 32.987 -1.750 19.750
v 33.000 -1.692 19.750
v 33.000 -1.500 19.669
v 33.000 -1.250 19.584
v 33.000 -1.000 19.501
v 33.000 -0.500 19.587
v 32.963 -0.250 19.750
v 33.000 -0.345 19.750
v 32.825 0.000 19.750
v 32.995 -2.000 20.000
v 33.000 -1.990 20.000
v 33.000 -1.750 19.774
v 33.000 -0.250 19.873
v 32.895 0.000 20.000
v 33.000 -0.186 20.000
v 33.000 -2.000 20.009
v 33.000 -2.144 20.250
v 32.980 0.000 20.250
v 33.000 -0.033 20.250
v 32.795 0.250 20.250
v 33.000 -2.153 20.500
v 33.000 0.000 20.287
v 32.921 0.250 20.500
v 33.000 0.156 20.500
v 33.000 -2.126 20.750
v 33.000 0.250 20.616
v 32.794 0.500 20.750
v 33.000 0.337 20.750
v 33.000 -2.105 21.000
v 32.961 0.500 21.000
v 33.000 0.475 21.000
v 33.000 -2.089 21.250
v 33.000 0.500 21.062
v 33.000 0.571 21.250
v 33.000 -2.078 21.500
v 33.000 0.647 21.500
v 33.000 -2.067 21.750
v 32.856 0.750 21.750
v 33.000 0.716 21.750
v 33.000 -2.057 22.000
v 33.000 0.750 21.885
v 33.000 0.779 22.000
v 33.000 -2.048 22.250
v 33.000 0.814 22.250
v 33.000 -2.037 22.500
v 32.759 0.750 22.500
v 33.000 0.806 22.500
v 33.000 -2.026 22.750
v 32.993 0.750 22.750
v 33.000 0.753 22.750
v 33.000 -2.014 23.000
v 32.757 0.500 23.000
v 33.000 0.646 23.000
v 33.000 0.750 22.757
v 33.000 -2.000 23.250
v 33.000 0.483 23.250
v 33.000 0.500 23.227
v 33.000 -2.000 23.258
v 33.000 -1.988 23.500
v 32.796 0.000 23.500
v 33.000 0.235 23.500
v 33.000 0.250 23.488
v 32.985 -1.750 23.750
v 33.000 -1.770 23.750
v 32.922 -1.500 23.750
v 32.932 -1.250 23.750
v 32.907 -1.000 23.750
v 32.891 -0.750 23.750
v 32.913 -0.500 23.750
v 32.984 -0.250 23.750
v 33.000 -0.219 23.750
v 33.000 0.000 23.657
v 33.000 -1.750 23.760
v 33.000 -1.500 23.806
v 33.000 -1.250 23.801
v 33.000 -1.000 23.820
v 33.000 -0.750 23.833
v 33.000 -0.500 23.816
v 33.000 -0.250 23.762
v 32.975 -0.250 30.500
v 33.000 -0.250 30.479
v 33.000 -0.341 30.500
v 32.972 0.000 30.500
v 33.000 0.000 30.478
v 33.000 0.111 30.500
v 32.878 -1.000 30.750
v 33.000 -1.000 30.665
v 33.000 -1.120 30.750
v 33.000 -0.750 30.569
v 33.000 -0.500 30.535
v 33.000 0.250 30.526
v 32.787 0.500 30.750
v 33.000 0.500 30.615
v 32.998 0.750 30.750
v 33.000 0.750 30.749
v 33.000 0.752 30.750
v 32.786 -1.250 31.000
v 33.000 -1.250 30.939
v 33.000 -1.268 31.000
v 32.917 1.000 31.000
v 33.000 1.000 30.952
v 33.000 1.044 31.000
v 33.000 -1.265 31.250
v 33.000 1.245 31.250
v 33.000 -1.263 31.500
v 33.000 1.250 31.257
v 33.000 1.392 31.500
v 33.000 -1.260 31.750
v 33.000 1.500 31.728
v 32.912 1.500 31.750
v 33.000 1.510 31.750
v 33.000 -1.266 32.000
v 33.000 1.616 32.000
v 33.147 -1.750 16.000
v 33.250 -1.657 16.000
v 33.220 1.500 16.000
v 33.250 1.475 16.000
v 33.057 -1.750 16.250
v 33.250 -1.568 16.250
v 33.055 0.750 16.250
v 33.098 1.000 16.250
v 33.029 1.250 16.250
v 33.250 1.362 16.250
v 33.090 1.500 16.250
v 33.250 -1.504 16.500
v 33.250 1.258 16.500
v 33.250 -1.500 16.520
v 33.201 -1.500 16.750
v 33.250 -1.450 16.750
v 33.170 1.250 16.750
v 33.250 1.172 16.750
v 33.250 1.250 16.525
v 33.142 -1.500 17.000
v 33.250 -1.386 17.000
v 33.106 1.250 17.000
v 33.250 1.110 17.000
v 33.050 -1.500 17.250
v 33.250 -1.281 17.250
v 33.038 1.250 17.250
v 33.250 1.044 17.250
v 33.250 -1.250 17.298
v 33.135 -1.250 17.500
v 33.250 -1.085 17.500
v 33.186 1.000 17.500
v 33.250 0.918 17.500
v 33.250 1.000 17.352
v 33.250 -1.000 17.591
v 33.145 -1.000 17.750
v 33.250 -0.826 17.750
v 33.224 0.750 17.750
v 33.250 0.702 17.750
v 33.250 0.750 17.708
v 33.033 1.000 17.750
v 33.250 -0.750 17.817
v 33.121 -0.750 18.000
v 33.250 -0.500 17.985
v 33.239 -0.500 18.000
v 33.250 -0.462 18.000
v 33.178 0.500 18.000
v 33.250 0.297 18.000
v 33.250 0.500 17.900
v 33.041 0.750 18.000
v 33.050 -0.500 18.250
v 33.250 -0.250 18.063
v 33.093 -0.250 18.250
v 33.250 0.000 18.071
v 33.093 0.000 18.250
v 33.250 0.250 18.020
v 33.050 0.250 18.250
v 33.004 -0.750 19.500
v 33.043 -1.500 19.750
v 33.084 -1.250 19.750
v 33.117 -1.000 19.750
v 33.108 -0.750 19.750
v 33.056 -0.500 19.750
v 33.119 -1.750 20.000
v 33.177 -1.500 20.000
v 33.210 -1.250 20.000
v 33.232 -1.000 20.000
v 33.206 -0.750 20.000
v 33.137 -0.500 20.000
v 33.033 -0.250 20.000
v 33.134 -2.000 20.250
v 33.250 -1.758 20.250
v 33.250 -1.750 20.243
v 33.250 -1.500 20.132
v 33.250 -1.250 20.074
v 33.250 -1.000 20.035
v 33.250 -0.750 20.095
v 33.234 -0.500 20.250
v 33.250 -0.547 20.250
v 33.120 -0.250 20.250
v 33.250 -2.000 20.417
v 33.250 -2.065 20.500
v 33.250 -0.500 20.276
v 33.250 -0.250 20.491
v 33.109 0.000 20.500
v 33.250 -0.241 20.500
v 33.250 -2.114 20.750
v 33.250 0.000 20.701
v 33.084 0.250 20.750
v 33.250 0.046 20.750
v 33.250 -2.093 21.000
v 33.250 0.250 20.981
v 33.250 0.263 21.000
v 33.250 -2.079 21.250
v 33.114 0.500 21.250
v 33.250 0.412 21.250
v 33.250 -2.067 21.500
v 33.250 0.500 21.432
v 33.250 0.531 21.500
v 33.250 -2.056 21.750
v 33.250 0.642 21.750
v 33.250 -2.047 22.000
v 33.187 0.750 22.000
v 33.250 0.740 22.000
v 33.250 -2.038 22.250
v 33.250 0.750 22.034
v 33.250 0.811 22.250
v 33.250 -2.028 22.500
v 33.250 0.839 22.500
v 33.250 -2.018 22.750
v 33.250 0.821 22.750
v 33.250 -2.005 23.000
v 33.227 0.750 23.000
v 33.250 0.760 23.000
v 33.250 -2.000 23.100
v 33.011 -2.000 23.250
v 33.250 -1.992 23.250
v 33.024 0.500 23.250
v 33.250 0.644 23.250
v 33.250 0.750 23.023
v 33.250 -1.976 23.500
v 33.014 0.250 23.500
v 33.250 0.460 23.500
v 33.250 0.500 23.452
v 33.250 -1.953 23.750
v 33.113 0.000 23.750
v 33.250 0.176 23.750
v 33.250 0.250 23.696
v 33.250 -1.750 23.947
v 33.242 -1.500 24.000
v 33.250 -1.531 24.000
v 33.231 -1.250 24.000
v 33.209 -1.000 24.000
v 33.192 -0.750 24.000
v 33.211 -0.500 24.000
v 33.250 -0.347 24.000
v 33.250 -0.250 23.977
v 33.250 0.000 23.867
v 33.250 -1.500 24.008
v 33.250 -1.250 24.020
v 33.250 -1.000 24.041
v 33.250 -0.750 24.058
v 33.250 -0.500 24.038
v 33.231 -0.250 30.250
v 33.250 -0.250 30.233
v 33.250 -0.334 30.250
v 33.239 0.000 30.250
v 33.250 0.000 30.241
v 33.250 0.037 30.250
v 33.182 -1.000 30.500
v 33.250 -1.000 30.433
v 33.250 -1.095 30.500
v 33.079 -0.750 30.500
v 33.250 -0.750 30.335
v 33.039 -0.500 30.500
v 33.250 -0.500 30.290
v 33.031 0.250 30.500
v 33.250 0.250 30.307
v 33.148 0.500 30.500
v 33.250 0.500 30.417
v 33.250 0.642 30.500
v 33.156 -1.250 30.750
v 33.250 -1.250 30.660
v 33.250 -1.283 30.750
v 33.250 0.750 30.565
v 33.250 0.970 30.750
v 33.250 -1.279 31.000
v 33.250 1.000 30.779
v 33.250 1.174 31.000
v 33.250 -1.277 31.250
v 33.250 1.250 31.116
v 33.013 1.250 31.250
v 33.250 1.325 31.250
v 33.250 -1.274 31.500
v 33.250 1.444 31.500
v 33.250 -1.270 31.750
v 33.250 1.500 31.638
v 33.250 1.544 31.750
v 33.250 -1.267 32.000
v 33.250 1.633 32.000
v 33.423 -1.500 16.000
v 33.500 -1.424 16.000
v 33.486 1.250 16.000
v 33.500 1.235 16.000
v 33.325 -1.500 16.250
v 33.500 -1.328 16.250
v 33.381 1.250 16.250
v 33.500 1.130 16.250
v 33.255 -1.500 16.500
v 33.500 -1.266 16.500
v 33.260 1.250 16.500
v 33.500 1.031 16.500
v 33.500 -1.250 16.568
v 33.455 -1.250 16.750
v 33.500 -1.194 16.750
v 33.442 1.000 16.750
v 33.500 0.932 16.750
v 33.500 1.000 16.589
v 33.380 -1.250 17.000
v 33.500 -1.093 17.000
v 33.369 1.000 17.000
v 33.500 0.843 17.000
v 33.277 -1.250 17.250
v 33.500 -1.000 17.158
v 33.456 -1.000 17.250
v 33.500 -0.921 17.250
v 33.493 0.750 17.250
v 33.500 0.737 17.250
v 33.500 0.750 17.227
v 33.294 1.000 17.250
v 33.309 -1.000 17.500
v 33.500 -0.750 17.415
v 33.451 -0.750 17.500
v 33.500 -0.632 17.500
v 33.374 0.750 17.500
v 33.500 0.510 17.500
v 33.294 -0.750 17.750
v 33.500 -0.500 17.588
v 33.404 -0.500 17.750
v 33.500 -0.250 17.692
v 33.467 -0.250 17.750
v 33.500 0.000 17.708
v 33.476 0.000 17.750
v 33.500 0.250 17.640
v 33.434 0.250 17.750
v 33.500 0.500 17.508
v 33.351 0.500 17.750
v 33.300 -0.250 18.000
v 33.307 0.000 18.000
v 33.266 0.250 18.000
v 33.253 -1.750 20.250
v 33.313 -1.500 20.250
v 33.341 -1.250 20.250
v 33.358 -1.000 20.250
v 33.321 -0.750 20.250
v 33.305 -2.000 20.500
v 33.411 -1.750 20.500
v 33.459 -1.500 20.500
v 33.478 -1.250 20.500
v 33.495 -1.000 20.500
v 33.462 -0.750 20.500
v 33.379 -0.500 20.500
v 33.255 -0.250 20.500
v 33.500 -2.000 20.746
v 33.500 -2.003 20.750
v 33.500 -1.750 20.620
v 33.500 -1.500 20.561
v 33.500 -1.250 20.536
v 33.500 -1.000 20.507
v 33.500 -0.750 20.556
v 33.500 -0.500 20.677
v 33.431 -0.250 20.750
v 33.500 -0.398 20.750
v 33.282 0.000 20.750
v 33.500 -2.082 21.000
v 33.500 -0.250 20.840
v 33.466 0.000 21.000
v 33.500 -0.052 21.000
v 33.262 0.250 21.000
v 33.500 -2.067 21.250
v 33.500 0.000 21.043
v 33.446 0.250 21.250
v 33.500 0.198 21.250
v 33.500 -2.056 21.500
v 33.500 0.250 21.310
v 33.308 0.500 21.500
v 33.500 0.392 21.500
v 33.500 -2.046 21.750
v 33.500 0.500 21.665
v 33.500 0.552 21.750
v 33.500 -2.036 22.000
v 33.500 0.686 22.000
v 33.500 -2.027 22.250
v 33.500 0.750 22.161
v 33.500 0.786 22.250
v 33.500 -2.017 22.500
v 33.500 0.844 22.500
v 33.500 -2.007 22.750
v 33.500 0.858 22.750
v 33.500 -2.000 22.905
v 33.384 -2.000 23.000
v 33.500 -1.995 23.000
v 33.500 0.829 23.000
v 33.500 -1.981 23.250
v 33.482 0.750 23.250
v 33.500 0.757 23.250
v 33.500 -1.967 23.500
v 33.302 0.500 23.500
v 33.500 0.628 23.500
v 33.500 0.750 23.266
v 33.500 -1.949 23.750
v 33.308 0.250 23.750
v 33.500 0.437 23.750
v 33.500 0.500 23.677
v 33.311 -1.750 24.000
v 33.500 -1.911 24.000
v 33.272 -0.250 24.000
v 33.380 0.000 24.000
v 33.500 0.182 24.000
v 33.500 0.250 23.945
v 33.500 -1.750 24.220
v 33.446 -1.500 24.250
v 33.500 -1.682 24.250
v 33.423 -1.250 24.250
v 33.407 -1.000 24.250
v 33.396 -0.750 24.250
v 33.414 -0.500 24.250
v 33.467 -0.250 24.250
v 33.500 -0.160 24.250
v 33.500 0.000 24.156
v 33.500 -1.500 24.344
v 33.500 -1.250 24.395
v 33.500 -1.000 24.419
v 33.500 -0.750 24.438
v 33.500 -0.500 24.404
v 33.500 -0.250 24.309
v 33.423 -1.000 30.250
v 33.500 -1.000 30.174
v 33.500 -1.127 30.250
v 33.333 -0.750 30.250
v 33.500 -0.750 30.094
v 33.289 -0.500 30.250
v 33.500 -0.500 30.055
v 33.500 -0.250 30.008
v 33.500 0.000 30.019
v 33.310 0.250 30.250
v 33.500 0.250 30.084
v 33.439 0.500 30.250
v 33.500 0.500 30.198
v 33.500 0.583 30.250
v 33.383 -1.250 30.500
v 33.500 -1.250 30.362
v 33.500 -1.302 30.500
v 33.329 0.750 30.500
v 33.500 0.750 30.360
v 33.500 0.911 30.500
v 33.500 -1.296 30.750
v 33.288 1.000 30.750
v 33.500 1.000 30.588
v 33.500 1.127 30.750
v 33.500 -1.291 31.000
v 33.417 1.250 31.000
v 33.500 1.250 30.941
v 33.500 1.283 31.000
v 33.500 -1.287 31.250
v 33.500 1.400 31.250
v 33.500 -1.284 31.500
v 33.500 1.495 31.500
v 33.500 -1.280 31.750
v 33.500 1.500 31.514
v 33.500 1.579 31.750
v 33.500 -1.276 32.000
v 33.500 1.652 32.000
v 33.670 -1.250 16.000
v 33.750 -1.142 16.000
v 33.706 1.000 16.000
v 33.750 0.935 16.000
v 33.578 -1.250 16.250
v 33.750 -1.024 16.250
v 33.627 1.000 16.250
v 33.750 0.834 16.250
v 33.516 -1.250 16.500
v 33.750 -1.000 16.334
v 33.715 -1.000 16.500
v 33.750 -0.939 16.500
v 33.733 0.750 16.500
v 33.750 0.719 16.500
v 33.750 0.750 16.447
v 33.533 1.000 16.500
v 33.654 -1.000 16.750
v 33.750 -0.830 16.750
v 33.655 0.750 16.750
v 33.750 0.584 16.750
v 33.570 -1.000 17.000
v 33.750 -0.750 16.889
v 33.711 -0.750 17.000
v 33.750 -0.642 17.000
v 33.726 0.500 17.000
v 33.750 0.431 17.000
v 33.750 0.500 16.915
v 33.580 0.750 17.000
v 33.593 -0.750 17.250
v 33.750 -0.500 17.118
v 33.689 -0.500 17.250
v 33.750 -0.250 17.232
v 33.742 -0.250 17.250
v 33.750 -0.069 17.250
v 33.720 0.250 17.250
v 33.750 0.021 17.250
v 33.750 0.250 17.168
v 33.636 0.500 17.250
v 33.552 -0.500 17.500
v 33.611 -0.250 17.500
v 33.750 0.000 17.255
v 33.624 0.000 17.500
v 33.589 0.250 17.500
v 33.506 0.500 17.500
v 33.503 -2.000 20.750
v 33.597 -1.750 20.750
v 33.629 -1.500 20.750
v 33.631 -1.250 20.750
v 33.652 -1.000 20.750
v 33.624 -0.750 20.750
v 33.548 -0.500 20.750
v 33.694 -2.000 21.000
v 33.750 -1.908 21.000
v 33.750 -1.750 20.933
v 33.750 -1.500 20.907
v 33.750 -1.250 20.928
v 33.750 -1.000 20.900
v 33.750 -0.750 20.940
v 33.722 -0.500 21.000
v 33.750 -0.608 21.000
v 33.617 -0.250 21.000
v 33.750 -2.000 21.073
v 33.750 -2.057 21.250
v 33.750 -0.500 21.037
v 33.750 -0.250 21.164
v 33.671 0.000 21.250
v 33.750 -0.124 21.250
v 33.750 -2.046 21.500
v 33.750 0.000 21.329
v 33.700 0.250 21.500
v 33.750 0.207 21.500
v 33.750 -2.035 21.750
v 33.750 0.250 21.539
v 33.620 0.500 21.750
v 33.750 0.439 21.750
v 33.750 -2.026 22.000
v 33.750 0.500 21.835
v 33.750 0.609 22.000
v 33.750 -2.016 22.250
v 33.680 0.750 22.250
v 33.750 0.736 22.250
v 33.750 -2.006 22.500
v 33.750 0.750 22.290
v 33.750 0.824 22.500
v 33.750 -2.000 22.634
v 33.647 -2.000 22.750
v 33.750 -1.994 22.750
v 33.750 0.867 22.750
v 33.750 -1.982 23.000
v 33.750 0.864 23.000
v 33.750 -1.970 23.250
v 33.750 0.823 23.250
v 33.750 -1.954 23.500
v 33.750 0.746 23.500
v 33.750 0.750 23.489
v 33.750 -1.939 23.750
v 33.573 0.500 23.750
v 33.750 0.625 23.750
v 33.750 -1.919 24.000
v 33.546 0.250 24.000
v 33.750 0.480 24.000
v 33.750 0.500 23.970
v 33.526 -1.750 24.250
v 33.750 -1.899 24.250
v 33.558 0.000 24.250
v 33.697 0.250 24.250
v 33.750 0.323 24.250
v 33.659 -1.750 24.500
v 33.750 -1.849 24.500
v 33.580 -1.500 24.500
v 33.550 -1.250 24.500
v 33.538 -1.000 24.500
v 33.529 -0.750 24.500
v 33.545 -0.500 24.500
v 33.589 -0.250 24.500
v 33.671 0.000 24.500
v 33.750 0.162 24.500
v 33.750 0.250 24.377
v 33.750 -1.750 24.696
v 33.750 -1.681 24.750
v 33.693 -1.500 24.750
v 33.658 -1.250 24.750
v 33.646 -1.000 24.750
v 33.634 -0.750 24.750
v 33.646 -0.500 24.750
v 33.687 -0.250 24.750
v 33.750 -0.037 24.750
v 33.750 0.000 24.716
v 33.750 -1.500 24.864
v 33.750 -1.250 24.934
v 33.750 -1.000 24.957
v 33.750 -0.750 24.994
v 33.750 -0.500 24.982
v 33.750 -0.250 24.902
v 33.675 -1.000 30.000
v 33.750 -1.000 29.925
v 33.750 -1.144 30.000
v 33.599 -0.750 30.000
v 33.750 -0.750 29.859
v 33.560 -0.500 30.000
v 33.750 -0.500 29.829
v 33.509 -0.250 30.000
v 33.750 -0.250 29.793
v 33.522 0.000 30.000
v 33.750 0.000 29.808
v 33.596 0.250 30.000
v 33.750 0.250 29.869
v 33.729 0.500 30.000
v 33.750 0.500 29.982
v 33.750 0.528 30.000
v 33.592 -1.250 30.250
v 33.750 -1.250 30.076
v 33.750 -1.323 30.250
v 33.634 0.750 30.250
v 33.750 0.750 30.154
v 33.750 0.852 30.250
v 33.750 -1.315 30.500
v 33.616 1.000 30.500
v 33.750 1.000 30.402
v 33.750 1.078 30.500
v 33.750 -1.307 30.750
v 33.750 1.247 30.750
v 33.750 -1.302 31.000
v 33.750 1.250 30.755
v 33.750 1.370 31.000
v 33.750 -1.297 31.250
v 33.750 1.464 31.250
v 33.750 -1.293 31.500
v 33.750 1.500 31.365
v 33.527 1.500 31.500
v 33.750 1.541 31.500
v 33.750 -1.289 31.750
v 33.750 1.609 31.750
v 33.750 -1.285 32.000
v 33.750 1.662 32.000
v 33.857 -1.000 16.000
v 34.000 -0.752 16.000
v 33.886 0.750 16.000
v 34.000 0.537 16.000
v 33.769 -1.000 16.250
v 34.000 -0.750 16.002
v 33.914 -0.750 16.250
v 34.000 -0.524 16.250
v 33.944 0.500 16.250
v 34.000 0.336 16.250
v 34.000 0.500 16.065
v 33.811 0.750 16.250
v 33.853 -0.750 16.500
v 34.000 -0.500 16.283
v 33.941 -0.500 16.500
v 34.000 -0.250 16.446
v 33.983 -0.250 16.500
v 34.000 0.000 16.452
v 33.983 0.000 16.500
v 34.000 0.250 16.336
v 33.944 0.250 16.500
v 33.864 0.500 16.500
v 33.792 -0.750 16.750
v 33.873 -0.500 16.750
v 33.911 -0.250 16.750
v 33.911 0.000 16.750
v 33.874 0.250 16.750
v 33.794 0.500 16.750
v 33.795 -0.500 17.000
v 33.836 -0.250 17.000
v 33.841 0.000 17.000
v 33.809 0.250 17.000
v 33.753 0.000 17.250
v 33.812 -1.750 21.000
v 33.832 -1.500 21.000
v 33.805 -1.250 21.000
v 33.823 -1.000 21.000
v 33.793 -0.750 21.000
v 33.908 -2.000 21.250
v 34.000 -1.886 21.250
v 34.000 -1.750 21.188
v 34.000 -1.500 21.169
v 34.000 -1.250 21.218
v 34.000 -1.000 21.210
v 34.000 -0.750 21.247
v 33.936 -0.500 21.250
v 34.000 -0.741 21.250
v 33.828 -0.250 21.250
v 34.000 -2.000 21.369
v 34.000 -2.037 21.500
v 34.000 -0.500 21.313
v 34.000 -0.250 21.407
v 33.951 0.000 21.500
v 34.000 -0.072 21.500
v 34.000 -2.027 21.750
v 34.000 0.000 21.538
v 34.000 0.250 21.723
v 34.000 0.278 21.750
v 34.000 -2.016 22.000
v 33.997 0.500 22.000
v 34.000 0.499 22.000
v 34.000 -2.005 22.250
v 34.000 0.500 22.002
v 34.000 0.661 22.250
v 34.000 -2.000 22.366
v 33.868 -2.000 22.500
v 34.000 -1.993 22.500
v 34.000 0.750 22.435
v 34.000 0.781 22.500
v 34.000 -1.981 22.750
v 34.000 0.853 22.750
v 34.000 -1.969 23.000
v 34.000 0.875 23.000
v 34.000 -1.957 23.250
v 34.000 0.859 23.250
v 34.000 -1.943 23.500
v 33.761 0.750 23.500
v 34.000 0.820 23.500
v 34.000 -1.926 23.750
v 33.976 0.750 23.750
v 34.000 0.761 23.750
v 34.000 -1.907 24.000
v 33.771 0.500 24.000
v 34.000 0.684 24.000
v 34.000 0.750 23.791
v 34.000 -1.892 24.250
v 33.901 0.500 24.250
v 34.000 0.596 24.250
v 34.000 -1.876 24.500
v 33.802 0.250 24.500
v 33.999 0.500 24.500
v 34.000 0.502 24.500
v 33.790 -1.750 24.750
v 34.000 -1.862 24.750
v 33.763 0.000 24.750
v 33.899 0.250 24.750
v 34.000 0.387 24.750
v 34.000 0.500 24.504
v 33.917 -1.750 25.000
v 34.000 -1.826 25.000
v 33.825 -1.500 25.000
v 33.786 -1.250 25.000
v 33.773 -1.000 25.000
v 33.753 -0.750 25.000
v 33.759 -0.500 25.000
v 33.794 -0.250 25.000
v 33.872 0.000 25.000
v 34.000 0.244 25.000
v 34.000 0.250 24.991
v 34.000 -1.750 25.151
v 34.000 -1.608 25.250
v 33.964 -1.500 25.250
v 33.928 -1.250 25.250
v 33.919 -1.000 25.250
v 33.895 -0.750 25.250
v 33.893 -0.500 25.250
v 33.920 -0.250 25.250
v 33.991 0.000 25.250
v 34.000 0.020 25.250
v 34.000 -1.500 25.321
v 34.000 -1.250 25.389
v 34.000 -1.000 25.396
v 34.000 -0.750 25.440
v 34.000 -0.500 25.449
v 34.000 -0.250 25.406
v 34.000 0.000 25.269
v 33.907 -1.000 29.750
v 34.000 -1.000 29.642
v 34.000 -1.204 29.750
v 33.851 -0.750 29.750
v 34.000 -0.750 29.579
v 33.824 -0.500 29.750
v 34.000 -0.500 29.554
v 33.793 -0.250 29.750
v 34.000 -0.250 29.535
v 33.810 0.000 29.750
v 34.000 0.000 29.562
v 33.877 0.250 29.750
v 34.000 0.250 29.631
v 34.000 0.498 29.750
v 33.813 -1.250 30.000
v 34.000 -1.250 29.781
v 34.000 -1.347 30.000
v 34.000 0.500 29.751
v 33.938 0.750 30.000
v 34.000 0.750 29.944
v 34.000 0.803 30.000
v 34.000 -1.337 30.250
v 33.959 1.000 30.250
v 34.000 1.000 30.218
v 34.000 1.023 30.250
v 34.000 -1.327 30.500
v 34.000 1.191 30.500
v 34.000 -1.319 30.750
v 34.000 1.250 30.604
v 33.757 1.250 30.750
v 34.000 1.325 30.750
v 34.000 -1.312 31.000
v 34.000 1.431 31.000
v 34.000 -1.307 31.250
v 34.000 1.500 31.214
v 33.939 1.500 31.250
v 34.000 1.511 31.250
v 34.000 -1.303 31.500
v 34.000 1.575 31.500
v 34.000 -1.299 31.750
v 34.000 1.624 31.750
v 34.000 -1.295 32.000
v 34.000 1.654 32.000
v 34.001 -0.750 16.000
v 34.113 -0.500 16.000
v 34.165 -0.250 16.000
v 34.164 0.000 16.000
v 34.117 0.250 16.000
v 34.022 0.500 16.000
v 34.010 -0.500 16.250
v 34.062 -0.250 16.250
v 34.066 0.000 16.250
v 34.028 0.250 16.250
v 34.070 -1.750 21.250
v 34.095 -1.500 21.250
v 34.035 -1.250 21.250
v 34.041 -1.000 21.250
v 34.003 -0.750 21.250
v 34.159 -2.000 21.500
v 34.250 -1.939 21.500
v 34.250 -1.750 21.404
v 34.250 -1.500 21.376
v 34.250 -1.250 21.427
v 34.250 -1.000 21.426
v 34.250 -0.750 21.457
v 34.231 -0.500 21.500
v 34.250 -0.567 21.500
v 34.119 -0.250 21.500
v 34.250 -2.000 21.637
v 34.250 -2.017 21.750
v 34.250 -0.500 21.514
v 34.250 -0.250 21.596
v 34.250 0.000 21.720
v 34.036 0.250 21.750
v 34.250 0.044 21.750
v 34.250 -2.007 22.000
v 34.250 0.250 21.908
v 34.250 0.347 22.000
v 34.250 -2.000 22.141
v 34.125 -2.000 22.250
v 34.250 -1.994 22.250
v 34.250 0.500 22.174
v 34.250 0.563 22.250
v 34.250 -1.982 22.500
v 34.130 0.750 22.500
v 34.250 0.722 22.500
v 34.250 -1.968 22.750
v 34.250 0.750 22.568
v 34.250 0.821 22.750
v 34.250 -1.956 23.000
v 34.250 0.866 23.000
v 34.250 -1.943 23.250
v 34.250 0.874 23.250
v 34.250 -1.929 23.500
v 34.250 0.866 23.500
v 34.250 -1.916 23.750
v 34.250 0.848 23.750
v 34.250 -1.901 24.000
v 34.112 0.750 24.000
v 34.250 0.821 24.000
v 34.250 -1.885 24.250
v 34.209 0.750 24.250
v 34.250 0.776 24.250
v 34.250 -1.871 24.500
v 34.250 0.709 24.500
v 34.250 0.750 24.354
v 34.250 -1.857 24.750
v 34.110 0.500 24.750
v 34.250 0.624 24.750
v 34.250 -1.844 25.000
v 34.004 0.250 25.000
v 34.220 0.500 25.000
v 34.250 0.529 25.000
v 34.088 -1.750 25.250
v 34.250 -1.829 25.250
v 34.123 0.250 25.250
v 34.250 0.421 25.250
v 34.250 0.500 25.074
v 34.180 -1.750 25.500
v 34.250 -1.810 25.500
v 34.088 -1.500 25.500
v 34.055 -1.250 25.500
v 34.054 -1.000 25.500
v 34.031 -0.750 25.500
v 34.026 -0.500 25.500
v 34.048 -0.250 25.500
v 34.112 0.000 25.500
v 34.230 0.250 25.500
v 34.250 0.283 25.500
v 34.250 -1.750 25.649
v 34.250 -1.638 25.750
v 34.197 -1.500 25.750
v 34.161 -1.250 25.750
v 34.165 -1.000 25.750
v 34.145 -0.750 25.750
v 34.143 -0.500 25.750
v 34.165 -0.250 25.750
v 34.226 0.000 25.750
v 34.250 0.059 25.750
v 34.250 0.250 25.548
v 34.250 -1.500 25.873
v 34.250 -1.250 25.966
v 34.250 -1.000 25.958
v 34.250 -0.750 26.000
v 34.250 -0.735 26.000
v 34.249 -0.500 26.000
v 34.250 -0.495 26.000
v 34.250 -0.250 25.946
v 34.250 0.000 25.806
v 34.250 -0.500 26.001
v 34.225 -1.250 29.500
v 34.250 -1.250 29.473
v 34.250 -1.279 29.500
v 34.114 -1.000 29.500
v 34.250 -1.000 29.350
v 34.063 -0.750 29.500
v 34.250 -0.750 29.294
v 34.044 -0.500 29.500
v 34.250 -0.500 29.277
v 34.031 -0.250 29.500
v 34.250 -0.250 29.279
v 34.059 0.000 29.500
v 34.250 0.000 29.317
v 34.132 0.250 29.500
v 34.250 0.250 29.391
v 34.250 0.476 29.500
v 34.026 -1.250 29.750
v 34.250 -1.370 29.750
v 34.001 0.500 29.750
v 34.250 0.500 29.513
v 34.207 0.750 29.750
v 34.250 0.750 29.710
v 34.250 0.789 29.750
v 34.250 -1.359 30.000
v 34.250 0.992 30.000
v 34.250 -1.350 30.250
v 34.250 1.000 30.011
v 34.250 1.143 30.250
v 34.250 -1.339 30.500
v 34.250 1.250 30.450
v 34.172 1.250 30.500
v 34.250 1.275 30.500
v 34.250 -1.330 30.750
v 34.250 1.381 30.750
v 34.250 -1.324 31.000
v 34.250 1.468 31.000
v 34.250 -1.319 31.250
v 34.250 1.500 31.115
v 34.250 1.538 31.250
v 34.250 -1.314 31.500
v 34.250 1.588 31.500
v 34.250 -1.310 31.750
v 34.250 1.616 31.750
v 34.250 -1.305 32.000
v 34.250 1.622 32.000
v 34.366 -1.750 21.500
v 34.406 -1.500 21.500
v 34.346 -1.250 21.500
v 34.347 -1.000 21.500
v 34.308 -0.750 21.500
v 34.500 -2.000 21.738
v 34.500 -2.008 21.750
v 34.500 -1.750 21.606
v 34.500 -1.500 21.572
v 34.500 -1.250 21.610
v 34.500 -1.000 21.607
v 34.500 -0.750 21.629
v 34.500 -0.500 21.680
v 34.479 -0.250 21.750
v 34.500 -0.292 21.750
v 34.294 0.000 21.750
v 34.500 -2.000 21.926
v 34.419 -2.000 22.000
v 34.500 -1.996 22.000
v 34.500 -0.250 21.764
v 34.500 0.000 21.889
v 34.391 0.250 22.000
v 34.500 0.160 22.000
v 34.500 -1.982 22.250
v 34.500 0.250 22.068
v 34.392 0.500 22.250
v 34.500 0.450 22.250
v 34.500 -1.970 22.500
v 34.500 0.500 22.308
v 34.500 0.652 22.500
v 34.500 -1.956 22.750
v 34.500 0.750 22.693
v 34.500 0.777 22.750
v 34.500 -1.943 23.000
v 34.500 0.840 23.000
v 34.500 -1.930 23.250
v 34.500 0.870 23.250
v 34.500 -1.918 23.500
v 34.500 0.888 23.500
v 34.500 -1.906 23.750
v 34.500 0.900 23.750
v 34.500 -1.895 24.000
v 34.500 0.902 24.000
v 34.500 -1.881 24.250
v 34.500 0.887 24.250
v 34.500 -1.867 24.500
v 34.314 0.750 24.500
v 34.500 0.852 24.500
v 34.500 -1.852 24.750
v 34.423 0.750 24.750
v 34.500 0.800 24.750
v 34.500 -1.838 25.000
v 34.500 0.743 25.000
v 34.500 0.750 24.971
v 34.500 -1.823 25.250
v 34.317 0.500 25.250
v 34.500 0.686 25.250
v 34.500 -1.808 25.500
v 34.406 0.500 25.500
v 34.500 0.612 25.500
v 34.374 -1.750 25.750
v 34.500 -1.790 25.750
v 34.337 0.250 25.750
v 34.499 0.500 25.750
v 34.500 0.501 25.750
v 34.468 -1.750 26.000
v 34.500 -1.770 26.000
v 34.312 -1.500 26.000
v 34.265 -1.250 26.000
v 34.268 -1.000 26.000
v 34.250 -0.750 26.000
v 34.275 -0.250 26.000
v 34.338 0.000 26.000
v 34.448 0.250 26.000
v 34.500 0.336 26.000
v 34.500 0.500 25.752
v 34.500 -1.750 26.071
v 34.500 -1.627 26.250
v 34.430 -1.500 26.250
v 34.371 -1.250 26.250
v 34.365 -1.000 26.250
v 34.346 -0.750 26.250
v 34.344 -0.500 26.250
v 34.371 -0.250 26.250
v 34.437 0.000 26.250
v 34.500 0.144 26.250
v 34.500 0.250 26.130
v 34.500 -1.500 26.431
v 34.500 -1.401 26.500
v 34.461 -1.250 26.500
v 34.448 -1.000 26.500
v 34.425 -0.750 26.500
v 34.417 -0.500 26.500
v 34.442 -0.250 26.500
v 34.500 -0.027 26.500
v 34.500 0.000 26.474
v 34.500 -1.250 26.659
v 34.500 -1.000 26.720
v 34.500 -0.928 26.750
v 34.483 -0.750 26.750
v 34.468 -0.500 26.750
v 34.489 -0.250 26.750
v 34.500 -0.205 26.750
v 34.500 -0.750 26.856
v 34.500 -0.500 26.952
v 34.500 -0.250 26.824
v 34.464 -1.250 29.250
v 34.500 -1.250 29.217
v 34.500 -1.292 29.250
v 34.344 -1.000 29.250
v 34.500 -1.000 29.108
v 34.290 -0.750 29.250
v 34.500 -0.750 29.062
v 34.276 -0.500 29.250
v 34.500 -0.500 29.052
v 34.280 -0.250 29.250
v 34.500 -0.250 29.066
v 34.324 0.000 29.250
v 34.500 0.000 29.108
v 34.410 0.250 29.250
v 34.500 0.250 29.180
v 34.500 0.408 29.250
v 34.500 -1.395 29.500
v 34.263 0.500 29.500
v 34.500 0.500 29.297
v 34.477 0.750 29.500
v 34.500 0.750 29.481
v 34.500 0.770 29.500
v 34.500 -1.382 29.750
v 34.500 0.974 29.750
v 34.500 -1.373 30.000
v 34.500 1.000 29.789
v 34.264 1.000 30.000
v 34.500 1.121 30.000
v 34.500 -1.361 30.250
v 34.500 1.247 30.250
v 34.500 -1.351 30.500
v 34.500 1.250 30.258
v 34.500 1.342 30.500
v 34.500 -1.342 30.750
v 34.500 1.424 30.750
v 34.500 -1.335 31.000
v 34.500 1.490 31.000
v 34.500 -1.330 31.250
v 34.500 1.500 31.045
v 34.500 1.545 31.250
v 34.500 -1.326 31.500
v 34.500 1.576 31.500
v 34.500 -1.321 31.750
v 34.500 1.585 31.750
v 34.500 -1.315 32.000
v 34.500 1.570 32.000
v 34.516 -2.000 21.750
v 34.696 -1.750 21.750
v 34.745 -1.500 21.750
v 34.709 -1.250 21.750
v 34.726 -1.000 21.750
v 34.701 -0.750 21.750
v 34.616 -0.500 21.750
v 34.750 -1.750 21.788
v 34.750 -1.980 22.000
v 34.750 -1.500 21.753
v 34.750 -1.250 21.776
v 34.750 -1.000 21.765
v 34.750 -0.750 21.778
v 34.750 -0.500 21.826
v 34.750 -0.250 21.908
v 34.698 0.000 22.000
v 34.750 -0.057 22.000
v 34.750 -1.973 22.250
v 34.750 0.000 22.028
v 34.750 0.250 22.190
v 34.750 0.325 22.250
v 34.750 -1.960 22.500
v 34.750 0.500 22.419
v 34.750 0.573 22.500
v 34.750 -1.947 22.750
v 34.616 0.750 22.750
v 34.750 0.719 22.750
v 34.750 -1.931 23.000
v 34.750 0.750 22.845
v 34.750 0.798 23.000
v 34.750 -1.918 23.250
v 34.750 0.845 23.250
v 34.750 -1.908 23.500
v 34.750 0.885 23.500
v 34.750 -1.899 23.750
v 34.750 0.920 23.750
v 34.750 -1.889 24.000
v 34.750 0.943 24.000
v 34.750 -1.878 24.250
v 34.750 0.953 24.250
v 34.750 -1.864 24.500
v 34.750 0.950 24.500
v 34.750 -1.848 24.750
v 34.750 0.938 24.750
v 34.750 -1.832 25.000
v 34.509 0.750 25.000
v 34.750 0.921 25.000
v 34.750 -1.817 25.250
v 34.571 0.750 25.250
v 34.750 0.898 25.250
v 34.750 -1.800 25.500
v 34.635 0.750 25.500
v 34.750 0.855 25.500
v 34.750 -1.784 25.750
v 34.725 0.750 25.750
v 34.750 0.773 25.750
v 34.750 -1.765 26.000
v 34.614 0.500 26.000
v 34.750 0.653 26.000
v 34.750 0.750 25.802
v 34.750 -1.750 26.187
v 34.750 -1.745 26.250
v 34.552 0.250 26.250
v 34.725 0.500 26.250
v 34.750 0.528 26.250
v 34.527 -1.500 26.500
v 34.750 -1.721 26.500
v 34.507 0.000 26.500
v 34.625 0.250 26.500
v 34.750 0.429 26.500
v 34.750 0.500 26.329
v 34.586 -1.500 26.750
v 34.750 -1.688 26.750
v 34.521 -1.250 26.750
v 34.507 -1.000 26.750
v 34.553 0.000 26.750
v 34.671 0.250 26.750
v 34.750 0.367 26.750
v 34.622 -1.500 27.000
v 34.750 -1.658 27.000
v 34.557 -1.250 27.000
v 34.543 -1.000 27.000
v 34.522 -0.750 27.000
v 34.507 -0.500 27.000
v 34.527 -0.250 27.000
v 34.592 0.000 27.000
v 34.709 0.250 27.000
v 34.750 0.312 27.000
v 34.665 -1.500 27.250
v 34.750 -1.612 27.250
v 34.595 -1.250 27.250
v 34.577 -1.000 27.250
v 34.564 -0.750 27.250
v 34.553 -0.500 27.250
v 34.577 -0.250 27.250
v 34.644 0.000 27.250
v 34.750 0.233 27.250
v 34.750 0.250 27.208
v 34.728 -1.500 27.500
v 34.750 -1.532 27.500
v 34.646 -1.250 27.500
v 34.621 -1.000 27.500
v 34.617 -0.750 27.500
v 34.615 -0.500 27.500
v 34.648 -0.250 27.500
v 34.718 0.000 27.500
v 34.750 0.077 27.500
v 34.750 -1.500 27.566
v 34.750 -1.341 27.750
v 34.717 -1.250 27.750
v 34.682 -1.000 27.750
v 34.683 -0.750 27.750
v 34.689 -0.500 27.750
v 34.730 -0.250 27.750
v 34.750 -0.179 27.750
v 34.750 0.000 27.596
v 34.750 -1.250 27.842
v 34.750 -1.000 27.964
v 34.750 -0.750 27.955
v 34.750 -0.500 27.935
v 34.750 -0.250 27.809
v 34.729 -1.250 29.000
v 34.750 -1.250 28.973
v 34.750 -1.278 29.000
v 34.616 -1.000 29.000
v 34.750 -1.000 28.840
v 34.569 -0.750 29.000
v 34.750 -0.750 28.798
v 34.559 -0.500 29.000
v 34.750 -0.500 28.784
v 34.578 -0.250 29.000
v 34.750 -0.250 28.809
v 34.634 0.000 29.000
v 34.750 0.000 28.877
v 34.735 0.250 29.000
v 34.750 0.250 28.985
v 34.750 0.275 29.000
v 34.750 -1.422 29.250
v 34.560 0.500 29.250
v 34.750 0.500 29.112
v 34.750 0.694 29.250
v 34.750 -1.411 29.500
v 34.750 0.750 29.301
v 34.750 0.921 29.500
v 34.750 -1.397 29.750
v 34.750 1.000 29.610
v 34.550 1.000 29.750
v 34.750 1.090 29.750
v 34.750 -1.385 30.000
v 34.750 1.224 30.000
v 34.750 -1.374 30.250
v 34.750 1.250 30.058
v 34.509 1.250 30.250
v 34.750 1.326 30.250
v 34.750 -1.363 30.500
v 34.750 1.406 30.500
v 34.750 -1.354 30.750
v 34.750 1.464 30.750
v 34.750 -1.347 31.000
v 34.750 1.500 30.965
v 34.655 1.500 31.000
v 34.750 1.506 31.000
v 34.750 -1.341 31.250
v 34.750 1.535 31.250
v 34.750 -1.336 31.500
v 34.750 1.544 31.500
v 34.750 -1.331 31.750
v 34.750 1.535 31.750
v 34.750 -1.325 32.000
v 34.750 1.507 32.000
v 35.000 -1.750 21.944
v 35.000 -1.859 22.000
v 35.000 -1.500 21.904
v 35.000 -1.250 21.912
v 35.000 -1.000 21.895
v 35.000 -0.750 21.903
v 35.000 -0.500 21.950
v 34.936 -0.250 22.000
v 35.000 -0.346 22.000
v 35.000 -1.963 22.250
v 35.000 -0.250 22.031
v 35.000 0.000 22.144
v 34.892 0.250 22.250
v 35.000 0.180 22.250
v 35.000 -1.952 22.500
v 35.000 0.250 22.299
v 34.946 0.500 22.500
v 35.000 0.477 22.500
v 35.000 -1.937 22.750
v 35.000 0.500 22.530
v 35.000 0.643 22.750
v 35.000 -1.923 23.000
v 34.948 0.750 23.000
v 35.000 0.737 23.000
v 35.000 -1.909 23.250
v 35.000 0.750 23.049
v 35.000 0.801 23.250
v 35.000 -1.900 23.500
v 35.000 0.858 23.500
v 35.000 -1.893 23.750
v 35.000 0.910 23.750
v 35.000 -1.885 24.000
v 35.000 0.950 24.000
v 35.000 -1.874 24.250
v 35.000 0.980 24.250
v 35.000 -1.860 24.500
v 35.000 1.000 24.465
v 34.983 1.000 24.500
v 35.000 1.003 24.500
v 35.000 -1.845 24.750
v 34.927 1.000 24.750
v 35.000 1.025 24.750
v 35.000 -1.829 25.000
v 34.911 1.000 25.000
v 35.000 1.040 25.000
v 35.000 -1.812 25.250
v 34.920 1.000 25.250
v 35.000 1.042 25.250
v 35.000 -1.795 25.500
v 34.967 1.000 25.500
v 35.000 1.019 25.500
v 35.000 -1.777 25.750
v 35.000 0.956 25.750
v 35.000 1.000 25.578
v 35.000 -1.760 26.000
v 34.854 0.750 26.000
v 35.000 0.861 26.000
v 35.000 -1.750 26.136
v 35.000 -1.741 26.250
v 34.980 0.750 26.250
v 35.000 0.765 26.250
v 35.000 -1.723 26.500
v 34.805 0.500 26.500
v 35.000 0.691 26.500
v 35.000 0.750 26.306
v 35.000 -1.703 26.750
v 34.850 0.500 26.750
v 35.000 0.652 26.750
v 35.000 -1.683 27.000
v 34.888 0.500 27.000
v 35.000 0.618 27.000
v 35.000 -1.666 27.250
v 34.759 0.250 27.250
v 34.938 0.500 27.250
v 35.000 0.566 27.250
v 35.000 -1.643 27.500
v 34.833 0.250 27.500
v 35.000 0.484 27.500
v 35.000 0.500 27.460
v 34.823 -1.500 27.750
v 35.000 -1.614 27.750
v 34.806 0.000 27.750
v 34.923 0.250 27.750
v 35.000 0.363 27.750
v 34.935 -1.500 28.000
v 35.000 -1.551 28.000
v 34.815 -1.250 28.000
v 34.764 -1.000 28.000
v 34.767 -0.750 28.000
v 34.773 -0.500 28.000
v 34.817 -0.250 28.000
v 34.889 0.000 28.000
v 35.000 0.244 28.000
v 35.000 0.250 27.990
v 35.000 -1.500 28.180
v 35.000 -1.455 28.250
v 34.903 -1.250 28.250
v 34.850 -1.000 28.250
v 34.850 -0.750 28.250
v 34.844 -0.500 28.250
v 34.874 -0.250 28.250
v 34.937 0.000 28.250
v 35.000 0.151 28.250
v 34.934 -1.250 28.500
v 35.000 -1.390 28.500
v 34.876 -1.000 28.500
v 34.868 -0.750 28.500
v 34.855 -0.500 28.500
v 34.876 -0.250 28.500
v 34.931 0.000 28.500
v 35.000 0.177 28.500
v 34.887 -1.250 28.750
v 35.000 -1.458 28.750
v 34.811 -1.000 28.750
v 34.786 -0.750 28.750
v 34.775 -0.500 28.750
v 34.793 -0.250 28.750
v 34.846 0.000 28.750
v 35.000 0.250 28.591
v 34.943 0.250 28.750
v 35.000 0.347 28.750
v 35.000 -1.456 29.000
v 34.888 0.500 29.000
v 35.000 0.500 28.874
v 35.000 0.626 29.000
v 35.000 -1.438 29.250
v 34.820 0.750 29.250
v 35.000 0.750 29.117
v 35.000 0.861 29.250
v 35.000 -1.422 29.500
v 34.914 1.000 29.500
v 35.000 1.000 29.443
v 35.000 1.036 29.500
v 35.000 -1.408 29.750
v 35.000 1.176 29.750
v 35.000 -1.397 30.000
v 35.000 1.250 29.902
v 34.836 1.250 30.000
v 35.000 1.295 30.000
v 35.000 -1.386 30.250
v 35.000 1.392 30.250
v 35.000 -1.376 30.500
v 35.000 1.456 30.500
v 35.000 -1.367 30.750
v 35.000 1.494 30.750
v 35.000 -1.359 31.000
v 35.000 1.500 30.843
v 35.000 1.511 31.000
v 35.000 -1.352 31.250
v 35.000 1.510 31.250
v 35.000 -1.345 31.500
v 34.983 1.500 31.500
v 35.000 1.497 31.500
v 35.000 1.500 31.440
v 35.000 -1.339 31.750
v 34.898 1.500 31.750
v 35.000 1.474 31.750
v 35.000 -1.333 32.000
v 34.780 1.500 32.000
v 35.000 1.446 32.000
v 35.089 -1.750 22.000
v 35.161 -1.500 22.000
v 35.164 -1.250 22.000
v 35.206 -1.000 22.000
v 35.198 -0.750 22.000
v 35.103 -0.500 22.000
v 35.250 -1.750 22.107
v 35.250 -1.932 22.250
v 35.250 -1.500 22.054
v 35.250 -1.250 22.048
v 35.250 -1.000 22.024
v 35.250 -0.750 22.027
v 35.250 -0.500 22.073
v 35.250 -0.250 22.152
v 35.229 0.000 22.250
v 35.250 -0.022 22.250
v 35.250 -1.943 22.500
v 35.250 0.000 22.261
v 35.250 0.250 22.424
v 35.250 0.340 22.500
v 35.250 -1.931 22.750
v 35.250 0.500 22.694
v 35.250 0.538 22.750
v 35.250 -1.915 23.000
v 35.250 0.650 23.000
v 35.250 -1.905 23.250
v 35.182 0.750 23.250
v 35.250 0.730 23.250
v 35.250 -1.895 23.500
v 35.250 0.750 23.313
v 35.250 0.806 23.500
v 35.250 -1.888 23.750
v 35.250 0.874 23.750
v 35.250 -1.879 24.000
v 35.250 0.929 24.000
v 35.250 -1.869 24.250
v 35.250 0.971 24.250
v 35.250 -1.856 24.500
v 35.250 1.000 24.442
v 35.250 1.009 24.500
v 35.250 -1.841 24.750
v 35.250 1.050 24.750
v 35.250 -1.825 25.000
v 35.250 1.090 25.000
v 35.250 -1.808 25.250
v 35.250 1.114 25.250
v 35.250 -1.790 25.500
v 35.250 1.110 25.500
v 35.250 -1.772 25.750
v 35.087 1.000 25.750
v 35.250 1.071 25.750
v 35.250 -1.754 26.000
v 35.244 1.000 26.000
v 35.250 1.003 26.000
v 35.250 -1.750 26.053
v 35.250 -1.736 26.250
v 35.250 0.928 26.250
v 35.250 1.000 26.011
v 35.250 -1.716 26.500
v 35.071 0.750 26.500
v 35.250 0.873 26.500
v 35.250 -1.698 26.750
v 35.118 0.750 26.750
v 35.250 0.841 26.750
v 35.250 -1.679 27.000
v 35.157 0.750 27.000
v 35.250 0.814 27.000
v 35.250 -1.663 27.250
v 35.226 0.750 27.250
v 35.250 0.766 27.250
v 35.250 -1.643 27.500
v 35.014 0.500 27.500
v 35.250 0.696 27.500
v 35.250 0.750 27.313
v 35.250 -1.621 27.750
v 35.113 0.500 27.750
v 35.250 0.616 27.750
v 35.250 -1.595 28.000
v 35.003 0.250 28.000
v 35.192 0.500 28.000
v 35.250 0.554 28.000
v 35.047 -1.500 28.250
v 35.250 -1.566 28.250
v 35.044 0.250 28.250
v 35.219 0.500 28.250
v 35.250 0.533 28.250
v 35.136 -1.500 28.500
v 35.250 -1.535 28.500
v 35.031 0.250 28.500
v 35.189 0.500 28.500
v 35.250 0.575 28.500
v 35.209 -1.500 28.750
v 35.250 -1.504 28.750
v 35.095 0.500 28.750
v 35.250 0.690 28.750
v 35.250 -1.500 28.783
v 35.250 -1.475 29.000
v 35.129 0.750 29.000
v 35.250 0.750 28.839
v 35.250 0.845 29.000
v 35.250 -1.448 29.250
v 35.237 1.000 29.250
v 35.250 1.000 29.238
v 35.250 1.007 29.250
v 35.250 -1.436 29.500
v 35.250 1.126 29.500
v 35.250 -1.421 29.750
v 35.250 1.244 29.750
v 35.250 -1.408 30.000
v 35.250 1.250 29.763
v 35.250 1.351 30.000
v 35.250 -1.397 30.250
v 35.250 1.433 30.250
v 35.250 -1.388 30.500
v 35.250 1.481 30.500
v 35.250 -1.380 30.750
v 35.250 1.500 30.732
v 35.203 1.500 30.750
v 35.250 1.501 30.750
v 35.250 -1.371 31.000
v 35.250 1.497 31.000
v 35.193 1.500 31.000
v 35.250 1.500 30.829
v 35.250 -1.363 31.250
v 35.069 1.500 31.250
v 35.250 1.473 31.250
v 35.250 -1.354 31.500
v 35.250 1.439 31.500
v 35.250 -1.347 31.750
v 35.250 1.410 31.750
v 35.250 -1.341 32.000
v 35.250 1.380 32.000
v 35.432 -1.750 22.250
v 35.500 -1.552 22.250
v 35.500 -1.500 22.236
v 35.500 -1.250 22.214
v 35.500 -1.000 22.185
v 35.500 -0.750 22.180
v 35.500 -0.500 22.218
v 35.427 -0.250 22.250
v 35.500 -0.392 22.250
v 35.500 -1.750 22.315
v 35.500 -1.909 22.500
v 35.500 -0.250 22.296
v 35.500 0.000 22.414
v 35.372 0.250 22.500
v 35.500 0.133 22.500
v 35.500 -1.923 22.750
v 35.500 0.250 22.602
v 35.317 0.500 22.750
v 35.500 0.380 22.750
v 35.500 -1.912 23.000
v 35.500 0.500 22.946
v 35.500 0.529 23.000
v 35.500 -1.901 23.250
v 35.500 0.629 23.250
v 35.500 -1.892 23.500
v 35.424 0.750 23.500
v 35.500 0.723 23.500
v 35.500 -1.882 23.750
v 35.500 0.750 23.575
v 35.500 0.807 23.750
v 35.500 -1.872 24.000
v 35.500 0.875 24.000
v 35.500 -1.861 24.250
v 35.500 0.926 24.250
v 35.500 -1.850 24.500
v 35.317 1.000 24.500
v 35.500 0.974 24.500
v 35.500 -1.836 24.750
v 35.500 1.000 24.624
v 35.500 1.027 24.750
v 35.500 -1.821 25.000
v 35.500 1.086 25.000
v 35.500 -1.803 25.250
v 35.500 1.134 25.250
v 35.500 -1.784 25.500
v 35.500 1.155 25.500
v 35.500 -1.766 25.750
v 35.500 1.140 25.750
v 35.500 -1.750 25.973
v 35.412 -1.750 26.000
v 35.500 -1.748 26.000
v 35.500 1.097 26.000
v 35.500 -1.730 26.250
v 35.400 1.000 26.250
v 35.500 1.044 26.250
v 35.500 -1.710 26.500
v 35.500 1.000 26.500
v 35.500 1.000 26.500
v 35.500 -1.693 26.750
v 35.500 0.966 26.750
v 35.500 1.000 26.501
v 35.500 -1.674 27.000
v 35.500 0.936 27.000
v 35.500 -1.656 27.250
v 35.500 0.892 27.250
v 35.500 -1.642 27.500
v 35.338 0.750 27.500
v 35.500 0.832 27.500
v 35.500 -1.621 27.750
v 35.444 0.750 27.750
v 35.500 0.781 27.750
v 35.500 -1.596 28.000
v 35.495 0.750 28.000
v 35.500 0.754 28.000
v 35.500 -1.568 28.250
v 35.481 0.750 28.250
v 35.500 0.766 28.250
v 35.500 -1.538 28.500
v 35.417 0.750 28.500
v 35.500 0.827 28.500
v 35.500 -1.509 28.750
v 35.307 0.750 28.750
v 35.500 0.928 28.750
v 35.500 -1.500 28.836
v 35.500 -1.483 29.000
v 35.449 1.000 29.000
v 35.500 1.000 28.910
v 35.500 1.035 29.000
v 35.500 -1.462 29.250
v 35.500 1.133 29.250
v 35.500 -1.445 29.500
v 35.500 1.223 29.500
v 35.500 -1.431 29.750
v 35.500 1.250 29.577
v 35.270 1.250 29.750
v 35.500 1.310 29.750
v 35.500 -1.419 30.000
v 35.500 1.387 30.000
v 35.500 -1.408 30.250
v 35.500 1.445 30.250
v 35.500 -1.399 30.500
v 35.500 1.472 30.500
v 35.500 -1.390 30.750
v 35.263 1.500 30.750
v 35.500 1.474 30.750
v 35.500 -1.382 31.000
v 35.500 1.453 31.000
v 35.500 -1.372 31.250
v 35.500 1.418 31.250
v 35.500 -1.363 31.500
v 35.500 1.379 31.500
v 35.500 -1.356 31.750
v 35.500 1.337 31.750
v 35.500 -1.349 32.000
v 35.500 1.296 32.000
v 35.516 -1.500 22.250
v 35.545 -1.250 22.250
v 35.583 -1.000 22.250
v 35.595 -0.750 22.250
v 35.547 -0.500 22.250
v 35.665 -1.750 22.500
v 35.750 -1.537 22.500
v 35.750 -1.500 22.485
v 35.750 -1.250 22.434
v 35.750 -1.000 22.394
v 35.750 -0.750 22.378
v 35.750 -0.500 22.407
v 35.750 -0.250 22.482
v 35.616 0.000 22.500
v 35.750 -0.212 22.500
v 35.750 -1.750 22.621
v 35.750 -1.854 22.750
v 35.750 0.000 22.624
v 35.655 0.250 22.750
v 35.750 0.151 22.750
v 35.750 -1.906 23.000
v 35.750 0.250 22.863
v 35.545 0.500 23.000
v 35.750 0.346 23.000
v 35.750 -1.898 23.250
v 35.730 0.500 23.250
v 35.750 0.487 23.250
v 35.750 -1.889 23.500
v 35.750 0.500 23.277
v 35.750 0.596 23.500
v 35.750 -1.876 23.750
v 35.635 0.750 23.750
v 35.750 0.693 23.750
v 35.750 -1.864 24.000
v 35.750 0.750 23.919
v 35.750 0.775 24.000
v 35.750 -1.852 24.250
v 35.750 0.843 24.250
v 35.750 -1.842 24.500
v 35.750 0.906 24.500
v 35.750 -1.829 24.750
v 35.640 1.000 24.750
v 35.750 0.977 24.750
v 35.750 -1.815 25.000
v 35.750 1.000 24.823
v 35.750 1.052 25.000
v 35.750 -1.797 25.250
v 35.750 1.120 25.250
v 35.750 -1.778 25.500
v 35.750 1.163 25.500
v 35.750 -1.760 25.750
v 35.750 1.172 25.750
v 35.750 -1.750 25.888
v 35.750 -1.742 26.000
v 35.750 1.151 26.000
v 35.750 -1.723 26.250
v 35.750 1.115 26.250
v 35.750 -1.705 26.500
v 35.750 1.079 26.500
v 35.750 -1.686 26.750
v 35.600 1.000 26.750
v 35.750 1.048 26.750
v 35.750 -1.670 27.000
v 35.702 1.000 27.000
v 35.750 1.014 27.000
v 35.750 -1.652 27.250
v 35.750 0.977 27.250
v 35.750 1.000 27.098
v 35.750 -1.634 27.500
v 35.750 0.938 27.500
v 35.750 -1.618 27.750
v 35.750 0.907 27.750
v 35.750 -1.595 28.000
v 35.750 0.907 28.000
v 35.750 -1.569 28.250
v 35.750 0.942 28.250
v 35.750 -1.541 28.500
v 35.750 1.000 28.462
v 35.734 1.000 28.500
v 35.750 1.011 28.500
v 35.750 -1.515 28.750
v 35.600 1.000 28.750
v 35.750 1.095 28.750
v 35.750 -1.500 28.901
v 35.750 -1.490 29.000
v 35.750 1.174 29.000
v 35.750 -1.471 29.250
v 35.750 1.242 29.250
v 35.750 -1.455 29.500
v 35.750 1.250 29.282
v 35.585 1.250 29.500
v 35.750 1.301 29.500
v 35.750 -1.442 29.750
v 35.750 1.353 29.750
v 35.750 -1.430 30.000
v 35.750 1.399 30.000
v 35.750 -1.419 30.250
v 35.750 1.424 30.250
v 35.750 -1.408 30.500
v 35.750 1.425 30.500
v 35.750 -1.399 30.750
v 35.750 1.405 30.750
v 35.750 -1.390 31.000
v 35.750 1.376 31.000
v 35.750 -1.383 31.250
v 35.750 1.341 31.250
v 35.750 -1.374 31.500
v 35.750 1.303 31.500
v 35.750 -1.365 31.750
v 35.750 1.253 31.750
v 35.750 -1.358 32.000
v 35.596 1.250 32.000
v 35.750 1.168 32.000
v 35.750 1.250 31.761
v 35.764 -1.500 22.500
v 35.816 -1.250 22.500
v 35.860 -1.000 22.500
v 35.881 -0.750 22.500
v 35.854 -0.500 22.500
v 35.771 -0.250 22.500
v 35.832 -1.750 22.750
v 35.950 -1.500 22.750
v 36.000 -1.345 22.750
v 36.000 -1.250 22.714
v 36.000 -1.000 22.658
v 36.000 -0.750 22.634
v 36.000 -0.500 22.660
v 36.000 -0.250 22.745
v 35.868 0.000 22.750
v 36.000 -0.242 22.750
v 35.955 -1.750 23.000
v 36.000 -1.671 23.000
v 36.000 -1.500 22.833
v 36.000 0.000 22.932
v 35.850 0.250 23.000
v 36.000 0.065 23.000
v 36.000 -1.750 23.118
v 36.000 -1.815 23.250
v 36.000 0.250 23.244
v 36.000 0.254 23.250
v 36.000 -1.858 23.500
v 35.878 0.500 23.500
v 36.000 0.386 23.500
v 36.000 -1.869 23.750
v 36.000 0.500 23.743
v 36.000 0.503 23.750
v 36.000 -1.854 24.000
v 35.794 0.750 24.000
v 36.000 0.605 24.000
v 36.000 -1.842 24.250
v 35.930 0.750 24.250
v 36.000 0.707 24.250
v 36.000 -1.832 24.500
v 36.000 0.750 24.352
v 36.000 0.807 24.500
v 36.000 -1.821 24.750
v 36.000 0.902 24.750
v 36.000 -1.807 25.000
v 35.979 1.000 25.000
v 36.000 0.995 25.000
v 36.000 -1.791 25.250
v 36.000 1.000 25.015
v 36.000 1.073 25.250
v 36.000 -1.772 25.500
v 36.000 1.133 25.500
v 36.000 -1.754 25.750
v 36.000 1.161 25.750
v 36.000 -1.750 25.801
v 36.000 -1.736 26.000
v 36.000 1.159 26.000
v 36.000 -1.718 26.250
v 36.000 1.140 26.250
v 36.000 -1.701 26.500
v 36.000 1.116 26.500
v 36.000 -1.683 26.750
v 36.000 1.091 26.750
v 36.000 -1.665 27.000
v 36.000 1.065 27.000
v 36.000 -1.649 27.250
v 35.843 1.000 27.250
v 36.000 1.038 27.250
v 36.000 -1.631 27.500
v 35.945 1.000 27.500
v 36.000 1.017 27.500
v 36.000 -1.612 27.750
v 35.974 1.000 27.750
v 36.000 1.011 27.750
v 36.000 -1.593 28.000
v 35.947 1.000 28.000
v 36.000 1.024 28.000
v 36.000 -1.570 28.250
v 35.862 1.000 28.250
v 36.000 1.067 28.250
v 36.000 -1.545 28.500
v 36.000 1.129 28.500
v 36.000 -1.520 28.750
v 36.000 1.198 28.750
v 36.000 -1.500 28.971
v 36.000 -1.497 29.000
v 36.000 1.250 28.962
v 35.972 1.250 29.000
v 36.000 1.259 29.000
v 36.000 -1.479 29.250
v 35.780 1.250 29.250
v 36.000 1.304 29.250
v 36.000 -1.464 29.500
v 36.000 1.337 29.500
v 36.000 -1.452 29.750
v 36.000 1.361 29.750
v 36.000 -1.441 30.000
v 36.000 1.374 30.000
v 36.000 -1.428 30.250
v 36.000 1.370 30.250
v 36.000 -1.418 30.500
v 36.000 1.342 30.500
v 36.000 -1.406 30.750
v 36.000 1.307 30.750
v 36.000 -1.399 31.000
v 36.000 1.271 31.000
v 36.000 -1.391 31.250
v 35.985 1.250 31.250
v 36.000 1.243 31.250
v 36.000 1.250 31.194
v 36.000 -1.384 31.500
v 35.889 1.250 31.500
v 36.000 1.202 31.500
v 36.000 -1.376 31.750
v 35.757 1.250 31.750
v 36.000 1.122 31.750
v 36.000 -1.313 32.000
v 35.990 1.000 32.000
v 36.000 0.992 32.000
v 36.000 1.000 31.987
v 36.027 -1.250 22.750
v 36.070 -1.000 22.750
v 36.088 -0.750 22.750
v 36.069 -0.500 22.750
v 36.004 -0.250 22.750
v 36.085 -1.500 23.000
v 36.169 -1.250 23.000
v 36.212 -1.000 23.000
v 36.225 -0.750 23.000
v 36.207 -0.500 23.000
v 36.149 -0.250 23.000
v 36.041 0.000 23.000
v 36.043 -1.750 23.250
v 36.179 -1.500 23.250
v 36.250 -1.305 23.250
v 36.250 -1.250 23.199
v 36.250 -1.000 23.091
v 36.250 -0.750 23.062
v 36.250 -0.500 23.107
v 36.250 -0.250 23.244
v 36.155 0.000 23.250
v 36.250 -0.244 23.250
v 36.003 0.250 23.250
v 36.104 -1.750 23.500
v 36.248 -1.500 23.500
v 36.250 -1.495 23.500
v 36.247 0.000 23.500
v 36.250 -0.008 23.500
v 36.106 0.250 23.500
v 36.155 -1.750 23.750
v 36.250 -1.604 23.750
v 36.250 -1.500 23.508
v 36.250 0.000 23.509
v 36.200 0.250 23.750
v 36.250 0.163 23.750
v 36.003 0.500 23.750
v 36.224 -1.750 24.000
v 36.250 -1.727 24.000
v 36.250 0.250 23.871
v 36.111 0.500 24.000
v 36.250 0.328 24.000
v 36.250 -1.750 24.039
v 36.250 -1.821 24.250
v 36.249 0.500 24.250
v 36.250 0.499 24.250
v 36.250 -1.823 24.500
v 36.250 0.500 24.251
v 36.105 0.750 24.500
v 36.250 0.655 24.500
v 36.250 -1.812 24.750
v 36.250 0.750 24.667
v 36.250 0.790 24.750
v 36.250 -1.800 25.000
v 36.250 0.897 25.000
v 36.250 -1.782 25.250
v 36.223 1.000 25.250
v 36.250 0.990 25.250
v 36.250 -1.765 25.500
v 36.250 1.000 25.283
v 36.250 1.060 25.500
v 36.250 -1.750 25.707
v 36.134 -1.750 25.750
v 36.250 -1.747 25.750
v 36.250 1.104 25.750
v 36.250 -1.731 26.000
v 36.250 1.122 26.000
v 36.250 -1.714 26.250
v 36.250 1.123 26.250
v 36.250 -1.698 26.500
v 36.250 1.115 26.500
v 36.250 -1.680 26.750
v 36.250 1.105 26.750
v 36.250 -1.663 27.000
v 36.250 1.092 27.000
v 36.250 -1.646 27.250
v 36.250 1.080 27.250
v 36.250 -1.629 27.500
v 36.250 1.075 27.500
v 36.250 -1.611 27.750
v 36.250 1.083 27.750
v 36.250 -1.590 28.000
v 36.250 1.105 28.000
v 36.250 -1.570 28.250
v 36.250 1.142 28.250
v 36.250 -1.547 28.500
v 36.250 1.191 28.500
v 36.250 -1.524 28.750
v 36.250 1.245 28.750
v 36.104 -1.500 29.000
v 36.250 -1.504 29.000
v 36.250 1.250 28.773
v 36.250 1.292 29.000
v 36.250 -1.500 29.052
v 36.250 -1.486 29.250
v 36.250 1.322 29.250
v 36.250 -1.473 29.500
v 36.250 1.332 29.500
v 36.250 -1.462 29.750
v 36.250 1.326 29.750
v 36.250 -1.449 30.000
v 36.250 1.311 30.000
v 36.250 -1.439 30.250
v 36.250 1.279 30.250
v 36.250 -1.426 30.500
v 36.228 1.250 30.500
v 36.250 1.240 30.500
v 36.250 1.250 30.441
v 36.250 -1.417 30.750
v 36.128 1.250 30.750
v 36.250 1.187 30.750
v 36.250 -1.407 31.000
v 36.048 1.250 31.000
v 36.250 1.147 31.000
v 36.250 -1.401 31.250
v 36.250 1.100 31.250
v 36.250 -1.389 31.500
v 36.250 1.041 31.500
v 36.250 -1.280 31.750
v 36.166 1.000 31.750
v 36.250 0.922 31.750
v 36.250 1.000 31.598
v 36.250 -1.250 31.781
v 36.067 -1.250 32.000
v 36.250 -1.010 32.000
v 36.222 0.750 32.000
v 36.250 0.710 32.000
v 36.250 0.750 31.961
v 36.267 -1.250 23.250
v 36.306 -1.000 23.250
v 36.316 -0.750 23.250
v 36.299 -0.500 23.250
v 36.252 -0.250 23.250
v 36.338 -1.250 23.500
v 36.389 -1.000 23.500
v 36.401 -0.750 23.500
v 36.381 -0.500 23.500
v 36.331 -0.250 23.500
v 36.309 -1.500 23.750
v 36.417 -1.250 23.750
v 36.489 -1.000 23.750
v 36.500 -0.826 23.750
v 36.500 -0.750 23.739
v 36.481 -0.500 23.750
v 36.500 -0.699 23.750
v 36.423 -0.250 23.750
v 36.332 0.000 23.750
v 36.395 -1.500 24.000
v 36.500 -1.293 24.000
v 36.500 -1.250 23.952
v 36.500 -1.000 23.775
v 36.500 -0.500 23.791
v 36.500 -0.250 23.919
v 36.443 0.000 24.000
v 36.500 -0.143 24.000
v 36.306 0.250 24.000
v 36.341 -1.750 24.250
v 36.500 -1.529 24.250
v 36.500 -1.500 24.212
v 36.500 0.000 24.102
v 36.450 0.250 24.250
v 36.500 0.166 24.250
v 36.453 -1.750 24.500
v 36.500 -1.720 24.500
v 36.500 0.250 24.323
v 36.424 0.500 24.500
v 36.500 0.413 24.500
v 36.500 -1.750 24.561
v 36.500 -1.802 24.750
v 36.500 0.500 24.601
v 36.312 0.750 24.750
v 36.500 0.603 24.750
v 36.500 -1.790 25.000
v 36.492 0.750 25.000
v 36.500 0.744 25.000
v 36.500 -1.773 25.250
v 36.500 0.750 25.012
v 36.500 0.851 25.250
v 36.500 -1.757 25.500
v 36.381 1.000 25.500
v 36.500 0.938 25.500
v 36.500 -1.750 25.608
v 36.500 -1.741 25.750
v 36.500 1.000 25.716
v 36.500 1.008 25.750
v 36.500 -1.727 26.000
v 36.500 1.049 26.000
v 36.500 -1.711 26.250
v 36.500 1.074 26.250
v 36.500 -1.696 26.500
v 36.500 1.084 26.500
v 36.500 -1.680 26.750
v 36.500 1.089 26.750
v 36.500 -1.662 27.000
v 36.500 1.092 27.000
v 36.500 -1.646 27.250
v 36.500 1.097 27.250
v 36.500 -1.628 27.500
v 36.500 1.108 27.500
v 36.500 -1.611 27.750
v 36.500 1.125 27.750
v 36.500 -1.591 28.000
v 36.500 1.148 28.000
v 36.500 -1.570 28.250
v 36.500 1.176 28.250
v 36.500 -1.548 28.500
v 36.500 1.211 28.500
v 36.500 -1.527 28.750
v 36.500 1.250 28.741
v 36.441 1.250 28.750
v 36.500 1.251 28.750
v 36.500 -1.508 29.000
v 36.500 1.289 29.000
v 36.500 -1.500 29.124
v 36.500 -1.492 29.250
v 36.500 1.306 29.250
v 36.500 -1.481 29.500
v 36.500 1.294 29.500
v 36.500 -1.469 29.750
v 36.500 1.260 29.750
v 36.500 -1.459 30.000
v 36.402 1.250 30.000
v 36.500 1.206 30.000
v 36.500 1.250 29.801
v 36.500 -1.441 30.250
v 36.313 1.250 30.250
v 36.500 1.154 30.250
v 36.500 -1.431 30.500
v 36.500 1.100 30.500
v 36.500 -1.427 30.750
v 36.500 1.052 30.750
v 36.500 -1.418 31.000
v 36.485 1.000 31.000
v 36.500 0.988 31.000
v 36.500 1.000 30.961
v 36.500 -1.370 31.250
v 36.393 1.000 31.250
v 36.500 0.904 31.250
v 36.500 -1.250 31.428
v 36.449 -1.250 31.500
v 36.500 -1.182 31.500
v 36.297 1.000 31.500
v 36.500 0.772 31.500
v 36.274 -1.250 31.750
v 36.500 -1.000 31.672
v 36.446 -1.000 31.750
v 36.500 -0.899 31.750
v 36.388 0.750 31.750
v 36.500 0.566 31.750
v 36.500 0.750 31.533
v 36.257 -1.000 32.000
v 36.500 -0.750 31.859
v 36.398 -0.750 32.000
v 36.500 -0.500 31.997
v 36.498 -0.500 32.000
v 36.500 -0.489 32.000
v 36.476 0.250 32.000
v 36.500 0.139 32.000
v 36.500 0.250 31.964
v 36.500 0.500 31.809
v 36.376 0.500 32.000
v 36.505 -0.750 23.750
v 36.523 -1.250 24.000
v 36.619 -1.000 24.000
v 36.641 -0.750 24.000
v 36.612 -0.500 24.000
v 36.543 -0.250 24.000
v 36.520 -1.500 24.250
v 36.659 -1.250 24.250
v 36.750 -1.022 24.250
v 36.750 -1.000 24.234
v 36.750 -0.750 24.196
v 36.750 -0.500 24.242
v 36.690 -0.250 24.250
v 36.750 -0.481 24.250
v 36.590 0.000 24.250
v 36.657 -1.500 24.500
v 36.750 -1.327 24.500
v 36.750 -1.250 24.421
v 36.750 -0.250 24.353
v 36.748 0.000 24.500
v 36.750 -0.007 24.500
v 36.616 0.250 24.500
v 36.579 -1.750 24.750
v 36.750 -1.552 24.750
v 36.750 -1.500 24.680
v 36.750 0.000 24.504
v 36.750 0.250 24.712
v 36.596 0.500 24.750
v 36.750 0.285 24.750
v 36.660 -1.750 25.000
v 36.750 -1.712 25.000
v 36.746 0.500 25.000
v 36.750 0.495 25.000
v 36.750 -1.750 25.142
v 36.750 -1.767 25.250
v 36.750 0.500 25.006
v 36.636 0.750 25.250
v 36.750 0.646 25.250
v 36.750 -1.750 25.492
v 36.732 -1.750 25.500
v 36.750 -1.749 25.500
v 36.750 0.750 25.444
v 36.750 0.775 25.500
v 36.750 -1.737 25.750
v 36.517 1.000 25.750
v 36.750 0.868 25.750
v 36.750 -1.723 26.000
v 36.623 1.000 26.000
v 36.750 0.943 26.000
v 36.750 -1.712 26.250
v 36.738 1.000 26.250
v 36.750 0.996 26.250
v 36.750 -1.695 26.500
v 36.750 1.000 26.281
v 36.750 1.028 26.500
v 36.750 -1.680 26.750
v 36.750 1.048 26.750
v 36.750 -1.661 27.000
v 36.750 1.067 27.000
v 36.750 -1.646 27.250
v 36.750 1.087 27.250
v 36.750 -1.629 27.500
v 36.750 1.113 27.500
v 36.750 -1.612 27.750
v 36.750 1.138 27.750
v 36.750 -1.593 28.000
v 36.750 1.159 28.000
v 36.750 -1.570 28.250
v 36.750 1.180 28.250
v 36.750 -1.549 28.500
v 36.750 1.200 28.500
v 36.750 -1.531 28.750
v 36.514 1.250 28.750
v 36.750 1.226 28.750
v 36.750 -1.511 29.000
v 36.750 1.250 28.948
v 36.750 1.256 29.000
v 36.750 -1.500 29.223
v 36.750 -1.499 29.250
v 36.750 1.260 29.250
v 36.750 -1.489 29.500
v 36.668 1.250 29.500
v 36.750 1.226 29.500
v 36.750 1.250 29.326
v 36.750 -1.473 29.750
v 36.528 1.250 29.750
v 36.750 1.160 29.750
v 36.750 -1.443 30.000
v 36.750 1.067 30.000
v 36.750 -1.374 30.250
v 36.738 1.000 30.250
v 36.750 0.991 30.250
v 36.750 1.000 30.224
v 36.750 -1.353 30.500
v 36.647 1.000 30.500
v 36.750 0.918 30.500
v 36.750 -1.395 30.750
v 36.575 1.000 30.750
v 36.750 0.850 30.750
v 36.750 -1.321 31.000
v 36.747 0.750 31.000
v 36.750 0.746 31.000
v 36.750 0.750 30.992
v 36.750 -1.250 31.079
v 36.623 -1.250 31.250
v 36.750 -1.071 31.250
v 36.631 0.750 31.250
v 36.750 0.576 31.250
v 36.750 -1.000 31.312
v 36.616 -1.000 31.500
v 36.750 -0.750 31.482
v 36.738 -0.750 31.500
v 36.750 -0.716 31.500
v 36.670 0.500 31.500
v 36.750 0.328 31.500
v 36.750 0.500 31.343
v 36.517 0.750 31.500
v 36.570 -0.750 31.750
v 36.750 -0.500 31.610
v 36.657 -0.500 31.750
v 36.750 -0.250 31.665
v 36.693 -0.250 31.750
v 36.750 0.000 31.649
v 36.685 0.000 31.750
v 36.750 0.250 31.553
v 36.630 0.250 31.750
v 36.534 0.500 31.750
v 36.532 -0.250 32.000
v 36.526 0.000 32.000
v 36.759 -1.000 24.250
v 36.780 -0.750 24.250
v 36.755 -0.500 24.250
v 36.790 -1.250 24.500
v 36.877 -1.000 24.500
v 36.897 -0.750 24.500
v 36.882 -0.500 24.500
v 36.832 -0.250 24.500
v 36.784 -1.500 24.750
v 36.910 -1.250 24.750
v 36.987 -1.000 24.750
v 37.000 -0.835 24.750
v 37.000 -0.750 24.734
v 36.999 -0.500 24.750
v 37.000 -0.528 24.750
v 36.962 -0.250 24.750
v 36.887 0.000 24.750
v 36.772 0.250 24.750
v 36.902 -1.500 25.000
v 37.000 -1.320 25.000
v 37.000 -1.250 24.928
v 37.000 -1.000 24.775
v 37.000 -0.500 24.752
v 37.000 -0.250 24.821
v 37.000 0.000 24.953
v 36.911 0.250 25.000
v 37.000 0.059 25.000
v 36.781 -1.750 25.250
v 37.000 -1.537 25.250
v 37.000 -1.500 25.198
v 37.000 0.250 25.151
v 36.889 0.500 25.250
v 37.000 0.343 25.250
v 37.000 -1.710 25.500
v 37.000 0.500 25.419
v 36.784 0.750 25.500
v 37.000 0.556 25.500
v 37.000 -1.731 25.750
v 36.937 0.750 25.750
v 37.000 0.701 25.750
v 37.000 -1.720 26.000
v 37.000 0.750 25.851
v 37.000 0.808 26.000
v 37.000 -1.710 26.250
v 37.000 0.882 26.250
v 37.000 -1.693 26.500
v 36.838 1.000 26.500
v 37.000 0.942 26.500
v 37.000 -1.679 26.750
v 36.941 1.000 26.750
v 37.000 0.984 26.750
v 37.000 -1.660 27.000
v 37.000 1.000 26.856
v 37.000 1.021 27.000
v 37.000 -1.646 27.250
v 37.000 1.053 27.250
v 37.000 -1.631 27.500
v 37.000 1.088 27.500
v 37.000 -1.613 27.750
v 37.000 1.118 27.750
v 37.000 -1.596 28.000
v 37.000 1.137 28.000
v 37.000 -1.574 28.250
v 37.000 1.150 28.250
v 37.000 -1.552 28.500
v 37.000 1.158 28.500
v 37.000 -1.536 28.750
v 37.000 1.166 28.750
v 37.000 -1.516 29.000
v 36.772 1.250 29.000
v 37.000 1.182 29.000
v 36.800 -1.500 29.250
v 37.000 -1.505 29.250
v 36.779 1.250 29.250
v 37.000 1.168 29.250
v 37.000 -1.500 29.352
v 37.000 -1.493 29.500
v 37.000 1.121 29.500
v 37.000 -1.472 29.750
v 37.000 1.023 29.750
v 37.000 -1.307 30.000
v 36.862 1.000 30.000
v 37.000 0.905 30.000
v 37.000 1.000 29.803
v 37.000 -1.250 30.023
v 36.840 -1.250 30.250
v 37.000 -1.128 30.250
v 37.000 0.782 30.250
v 36.822 -1.250 30.500
v 37.000 -1.114 30.500
v 36.930 0.750 30.500
v 37.000 0.671 30.500
v 37.000 0.750 30.333
v 36.931 -1.250 30.750
v 37.000 -1.188 30.750
v 36.837 0.750 30.750
v 37.000 0.521 30.750
v 36.803 -1.250 31.000
v 37.000 -1.000 30.942
v 36.963 -1.000 31.000
v 37.000 -0.920 31.000
v 36.909 0.500 31.000
v 37.000 0.313 31.000
v 37.000 0.500 30.783
v 36.792 -1.000 31.250
v 37.000 -0.750 31.109
v 36.906 -0.750 31.250
v 37.000 -0.500 31.210
v 36.976 -0.500 31.250
v 37.000 -0.250 31.246
v 36.998 -0.250 31.250
v 37.000 0.000 31.201
v 36.975 0.000 31.250
v 37.000 0.250 31.057
v 36.906 0.250 31.250
v 36.794 0.500 31.250
v 36.820 -0.500 31.500
v 36.853 -0.250 31.500
v 36.841 0.000 31.500
v 36.781 0.250 31.500
v 37.007 -0.750 24.750
v 37.039 -1.250 25.000
v 37.132 -1.000 25.000
v 37.161 -0.750 25.000
v 37.150 -0.500 25.000
v 37.106 -0.250 25.000
v 37.027 0.000 25.000
v 37.028 -1.500 25.250
v 37.193 -1.250 25.250
v 37.250 -1.131 25.250
v 37.250 -1.000 25.161
v 37.250 -0.750 25.115
v 37.250 -0.500 25.133
v 37.250 -0.250 25.203
v 37.193 0.000 25.250
v 37.250 -0.153 25.250
v 37.065 0.250 25.250
v 37.178 -1.500 25.500
v 37.250 -1.406 25.500
v 37.250 -1.250 25.333
v 37.250 0.000 25.324
v 37.250 0.250 25.491
v 37.060 0.500 25.500
v 37.250 0.260 25.500
v 37.250 -1.500 25.621
v 37.250 -1.592 25.750
v 37.246 0.500 25.750
v 37.250 0.496 25.750
v 37.250 -1.706 26.000
v 37.250 0.500 25.755
v 37.093 0.750 26.000
v 37.250 0.632 26.000
v 37.250 -1.707 26.250
v 37.227 0.750 26.250
v 37.250 0.734 26.250
v 37.250 -1.692 26.500
v 37.250 0.750 26.292
v 37.250 0.820 26.500
v 37.250 -1.678 26.750
v 37.250 0.888 26.750
v 37.250 -1.663 27.000
v 37.078 1.000 27.000
v 37.250 0.949 27.000
v 37.250 -1.646 27.250
v 37.236 1.000 27.250
v 37.250 0.997 27.250
v 37.250 -1.634 27.500
v 37.250 1.000 27.270
v 37.250 1.034 27.500
v 37.250 -1.613 27.750
v 37.250 1.065 27.750
v 37.250 -1.597 28.000
v 37.250 1.079 28.000
v 37.250 -1.577 28.250
v 37.250 1.084 28.250
v 37.250 -1.556 28.500
v 37.250 1.074 28.500
v 37.250 -1.542 28.750
v 37.250 1.056 28.750
v 37.250 -1.521 29.000
v 37.250 1.048 29.000
v 37.250 -1.512 29.250
v 37.250 1.011 29.250
v 37.250 -1.500 29.450
v 37.250 -1.497 29.500
v 37.185 1.000 29.500
v 37.250 0.951 29.500
v 37.250 1.000 29.300
v 37.250 -1.478 29.750
v 37.034 1.000 29.750
v 37.250 0.831 29.750
v 37.250 -1.250 29.889
v 37.028 -1.250 30.000
v 37.250 -1.147 30.000
v 37.189 0.750 30.000
v 37.250 0.691 30.000
v 37.250 0.750 29.902
v 37.250 -1.029 30.250
v 37.034 0.750 30.250
v 37.250 0.508 30.250
v 37.250 -1.007 30.500
v 37.122 0.500 30.500
v 37.250 0.267 30.500
v 37.250 0.500 30.261
v 37.250 -1.000 30.511
v 37.109 -1.000 30.750
v 37.250 -0.750 30.677
v 37.206 -0.750 30.750
v 37.250 -0.500 30.742
v 37.245 -0.500 30.750
v 37.250 -0.250 30.733
v 37.240 -0.250 30.750
v 37.250 0.000 30.664
v 37.203 0.000 30.750
v 37.250 0.250 30.516
v 37.128 0.250 30.750
v 37.013 0.500 30.750
v 37.064 -0.750 31.000
v 37.110 -0.500 31.000
v 37.114 -0.250 31.000
v 37.087 0.000 31.000
v 37.024 0.250 31.000
v 37.420 -2.500 16.000
v 37.500 -2.689 16.000
v 37.368 -2.250 16.000
v 37.347 -2.000 16.000
v 37.256 -1.750 16.000
v 37.261 -1.500 16.000
v 37.358 -1.250 16.000
v 37.500 -1.082 16.000
v 37.500 -2.500 16.035
v 37.500 -2.250 16.057
v 37.500 -2.000 16.077
v 37.500 -1.750 16.135
v 37.500 -1.500 16.134
v 37.500 -1.250 16.074
v 37.325 -1.000 25.250
v 37.378 -0.750 25.250
v 37.358 -0.500 25.250
v 37.290 -0.250 25.250
v 37.376 -1.250 25.500
v 37.500 -1.070 25.500
v 37.500 -1.000 25.442
v 37.500 -0.750 25.370
v 37.500 -0.500 25.392
v 37.500 -0.250 25.469
v 37.410 0.000 25.500
v 37.500 -0.185 25.500
v 37.258 0.250 25.500
v 37.329 -1.500 25.750
v 37.500 -1.304 25.750
v 37.500 -1.250 25.681
v 37.500 0.000 25.597
v 37.475 0.250 25.750
v 37.500 0.214 25.750
v 37.468 -1.500 26.000
v 37.500 -1.463 26.000
v 37.500 0.250 25.784
v 37.411 0.500 26.000
v 37.500 0.410 26.000
v 37.500 -1.500 26.075
v 37.500 -1.588 26.250
v 37.500 0.500 26.163
v 37.500 0.539 26.250
v 37.500 -1.668 26.500
v 37.358 0.750 26.500
v 37.500 0.644 26.500
v 37.500 -1.674 26.750
v 37.500 0.750 26.748
v 37.500 0.751 26.750
v 37.500 -1.664 27.000
v 37.500 0.835 27.000
v 37.500 -1.645 27.250
v 37.500 0.904 27.250
v 37.500 -1.634 27.500
v 37.354 1.000 27.500
v 37.500 0.948 27.500
v 37.500 -1.612 27.750
v 37.443 1.000 27.750
v 37.500 0.979 27.750
v 37.500 -1.599 28.000
v 37.463 1.000 28.000
v 37.500 0.985 28.000
v 37.500 -1.580 28.250
v 37.448 1.000 28.250
v 37.500 0.976 28.250
v 37.500 -1.561 28.500
v 37.393 1.000 28.500
v 37.500 0.938 28.500
v 37.500 -1.549 28.750
v 37.338 1.000 28.750
v 37.500 0.882 28.750
v 37.500 -1.528 29.000
v 37.314 1.000 29.000
v 37.500 0.837 29.000
v 37.500 -1.519 29.250
v 37.264 1.000 29.250
v 37.500 0.775 29.250
v 37.500 -1.500 29.328
v 37.500 -1.432 29.500
v 37.451 0.750 29.500
v 37.500 0.693 29.500
v 37.500 0.750 29.331
v 37.500 -1.313 29.750
v 37.335 0.750 29.750
v 37.500 0.567 29.750
v 37.500 -1.250 29.827
v 37.500 -1.116 30.000
v 37.420 0.500 30.000
v 37.500 0.390 30.000
v 37.500 0.500 29.855
v 37.500 -1.000 30.142
v 37.324 -1.000 30.250
v 37.500 -0.858 30.250
v 37.427 0.250 30.250
v 37.500 0.096 30.250
v 37.500 0.250 30.143
v 37.257 0.500 30.250
v 37.257 -1.000 30.500
v 37.500 -0.750 30.313
v 37.361 -0.750 30.500
v 37.500 -0.500 30.372
v 37.402 -0.500 30.500
v 37.500 -0.250 30.364
v 37.394 -0.250 30.500
v 37.500 0.000 30.300
v 37.347 0.000 30.500
v 37.258 0.250 30.500
v 37.527 -2.750 16.000
v 37.750 -2.815 16.000
v 37.557 -1.000 16.000
v 37.750 -0.783 16.000
v 37.750 -2.750 16.132
v 37.750 -2.500 16.190
v 37.750 -2.250 16.207
v 37.750 -2.000 16.235
v 37.673 -1.750 16.250
v 37.750 -1.945 16.250
v 37.668 -1.500 16.250
v 37.749 -1.250 16.250
v 37.750 -1.247 16.250
v 37.750 -1.000 16.136
v 37.750 -1.750 16.302
v 37.750 -1.500 16.308
v 37.750 -1.250 16.251
v 37.553 -1.000 25.500
v 37.632 -0.750 25.500
v 37.612 -0.500 25.500
v 37.532 -0.250 25.500
v 37.548 -1.250 25.750
v 37.750 -1.001 25.750
v 37.750 -1.000 25.749
v 37.750 -0.750 25.630
v 37.750 -0.500 25.646
v 37.750 -0.250 25.726
v 37.644 0.000 25.750
v 37.750 -0.205 25.750
v 37.687 -1.250 26.000
v 37.750 -1.166 26.000
v 37.750 0.000 25.889
v 37.648 0.250 26.000
v 37.750 0.111 26.000
v 37.572 -1.500 26.250
v 37.750 -1.294 26.250
v 37.750 -1.250 26.154
v 37.750 0.250 26.176
v 37.545 0.500 26.250
v 37.750 0.294 26.250
v 37.664 -1.500 26.500
v 37.750 -1.399 26.500
v 37.666 0.500 26.500
v 37.750 0.415 26.500
v 37.740 -1.500 26.750
v 37.750 -1.489 26.750
v 37.750 0.500 26.664
v 37.501 0.750 26.750
v 37.750 0.541 26.750
v 37.750 -1.500 26.786
v 37.750 -1.576 27.000
v 37.623 0.750 27.000
v 37.750 0.644 27.000
v 37.750 -1.610 27.250
v 37.746 0.750 27.250
v 37.750 0.747 27.250
v 37.750 -1.626 27.500
v 37.750 0.750 27.260
v 37.750 0.806 27.500
v 37.750 -1.612 27.750
v 37.750 0.849 27.750
v 37.750 -1.600 28.000
v 37.750 0.846 28.000
v 37.750 -1.580 28.250
v 37.750 0.817 28.250
v 37.750 -1.510 28.500
v 37.744 0.750 28.500
v 37.750 0.744 28.500
v 37.750 0.750 28.483
v 37.750 -1.500 28.527
v 37.612 -1.500 28.750
v 37.750 -1.412 28.750
v 37.650 0.750 28.750
v 37.750 0.644 28.750
v 37.543 -1.500 29.000
v 37.750 -1.291 29.000
v 37.585 0.750 29.000
v 37.750 0.549 29.000
v 37.523 -1.500 29.250
v 37.750 -1.250 29.102
v 37.707 -1.250 29.250
v 37.750 -1.184 29.250
v 37.723 0.500 29.250
v 37.750 0.456 29.250
v 37.750 0.500 29.142
v 37.523 0.750 29.250
v 37.631 -1.250 29.500
v 37.750 -1.063 29.500
v 37.647 0.500 29.500
v 37.750 0.331 29.500
v 37.546 -1.250 29.750
v 37.750 -1.000 29.633
v 37.713 -1.000 29.750
v 37.750 -0.929 29.750
v 37.719 0.250 29.750
v 37.750 0.185 29.750
v 37.750 0.250 29.655
v 37.554 0.500 29.750
v 37.594 -1.000 30.000
v 37.750 -0.750 29.954
v 37.728 -0.750 30.000
v 37.750 -0.649 30.000
v 37.711 0.000 30.000
v 37.750 -0.154 30.000
v 37.750 0.000 29.922
v 37.592 0.250 30.000
v 37.553 -0.750 30.250
v 37.750 -0.500 30.046
v 37.607 -0.500 30.250
v 37.750 -0.250 30.035
v 37.600 -0.250 30.250
v 37.542 0.000 30.250
v 38.000 -2.823 16.000
v 37.775 -0.750 16.000
v 38.000 -0.517 16.000
v 37.875 -2.750 16.250
v 38.000 -2.813 16.250
v 37.828 -2.500 16.250
v 37.808 -2.250 16.250
v 37.771 -2.000 16.250
v 37.883 -1.000 16.250
v 38.000 -0.838 16.250
v 38.000 -0.750 16.194
v 38.000 -2.750 16.343
v 38.000 -2.500 16.374
v 38.000 -2.250 16.383
v 38.000 -2.000 16.410
v 38.000 -1.750 16.476
v 38.000 -1.500 16.486
v 38.000 -1.250 16.439
v 38.000 -1.000 16.341
v 37.751 -1.000 25.750
v 37.850 -0.750 25.750
v 37.840 -0.500 25.750
v 37.771 -0.250 25.750
v 37.888 -1.000 26.000
v 38.000 -0.760 26.000
v 38.000 -0.750 25.992
v 38.000 -0.500 25.992
v 37.943 -0.250 26.000
v 38.000 -0.480 26.000
v 37.825 0.000 26.000
v 37.790 -1.250 26.250
v 37.996 -1.000 26.250
v 38.000 -0.992 26.250
v 38.000 -0.250 26.102
v 37.965 0.000 26.250
v 38.000 -0.075 26.250
v 37.789 0.250 26.250
v 37.878 -1.250 26.500
v 38.000 -1.089 26.500
v 38.000 -1.000 26.262
v 38.000 0.000 26.340
v 37.893 0.250 26.500
v 38.000 0.091 26.500
v 37.955 -1.250 26.750
v 38.000 -1.188 26.750
v 37.985 0.250 26.750
v 38.000 0.225 26.750
v 37.788 0.500 26.750
v 37.804 -1.500 27.000
v 38.000 -1.262 27.000
v 38.000 -1.250 26.954
v 38.000 0.250 26.804
v 37.877 0.500 27.000
v 38.000 0.326 27.000
v 37.853 -1.500 27.250
v 38.000 -1.325 27.250
v 37.967 0.500 27.250
v 38.000 0.451 27.250
v 37.888 -1.500 27.500
v 38.000 -1.364 27.500
v 38.000 0.500 27.361
v 37.816 0.750 27.500
v 38.000 0.550 27.500
v 37.898 -1.500 27.750
v 38.000 -1.392 27.750
v 37.876 0.750 27.750
v 38.000 0.622 27.750
v 37.883 -1.500 28.000
v 38.000 -1.376 28.000
v 37.874 0.750 28.000
v 38.000 0.623 28.000
v 37.850 -1.500 28.250
v 38.000 -1.330 28.250
v 37.832 0.750 28.250
v 38.000 0.577 28.250
v 37.760 -1.500 28.500
v 38.000 -1.250 28.456
v 37.985 -1.250 28.500
v 38.000 -1.231 28.500
v 37.974 0.500 28.500
v 38.000 0.463 28.500
v 38.000 0.500 28.431
v 37.892 -1.250 28.750
v 38.000 -1.114 28.750
v 37.877 0.500 28.750
v 38.000 0.317 28.750
v 37.783 -1.250 29.000
v 38.000 -1.000 28.933
v 37.969 -1.000 29.000
v 38.000 -0.943 29.000
v 37.941 0.250 29.000
v 38.000 0.109 29.000
v 38.000 0.250 28.848
v 37.788 0.500 29.000
v 37.875 -1.000 29.250
v 38.000 -0.756 29.250
v 37.970 0.000 29.250
v 38.000 -0.142 29.250
v 38.000 0.000 29.144
v 37.872 0.250 29.250
v 37.792 -1.000 29.500
v 38.000 -0.750 29.260
v 37.921 -0.750 29.500
v 38.000 -0.500 29.371
v 37.961 -0.500 29.500
v 38.000 -0.250 29.326
v 37.949 -0.250 29.500
v 37.896 0.000 29.500
v 37.796 0.250 29.500
v 37.846 -0.750 29.750
v 37.895 -0.500 29.750
v 37.884 -0.250 29.750
v 37.828 0.000 29.750
v 37.783 -0.500 30.000
v 37.774 -0.250 30.000
v 38.250 -2.832 16.000
v 38.020 -0.500 16.000
v 38.250 -0.353 16.000
v 38.250 -2.833 16.250
v 38.071 -0.750 16.250
v 38.250 -0.584 16.250
v 38.250 -0.500 16.173
v 38.230 -2.750 16.500
v 38.250 -2.763 16.500
v 38.185 -2.500 16.500
v 38.177 -2.250 16.500
v 38.136 -2.000 16.500
v 38.037 -1.750 16.500
v 38.022 -1.500 16.500
v 38.095 -1.250 16.500
v 38.246 -1.000 16.500
v 38.250 -0.995 16.500
v 38.250 -0.750 16.371
v 38.250 -2.750 16.510
v 38.250 -2.500 16.534
v 38.250 -2.250 16.538
v 38.250 -2.000 16.559
v 38.250 -1.750 16.606
v 38.250 -1.500 16.611
v 38.250 -1.250 16.576
v 38.250 -1.000 16.502
v 38.005 -0.750 26.000
v 38.005 -0.500 26.000
v 38.122 -0.750 26.250
v 38.127 -0.500 26.250
v 38.075 -0.250 26.250
v 38.072 -1.000 26.500
v 38.203 -0.750 26.500
v 38.209 -0.500 26.500
v 38.159 -0.250 26.500
v 38.056 0.000 26.500
v 38.139 -1.000 26.750
v 38.250 -0.769 26.750
v 38.250 -0.750 26.704
v 38.250 -0.500 26.692
v 38.215 -0.250 26.750
v 38.250 -0.440 26.750
v 38.123 0.000 26.750
v 38.009 -1.250 27.000
v 38.177 -1.000 27.000
v 38.250 -0.835 27.000
v 38.249 -0.250 27.000
v 38.250 -0.254 27.000
v 38.169 0.000 27.000
v 38.048 0.250 27.000
v 38.058 -1.250 27.250
v 38.217 -1.000 27.250
v 38.250 -0.918 27.250
v 38.250 -0.250 27.004
v 38.219 0.000 27.250
v 38.250 -0.112 27.250
v 38.114 0.250 27.250
v 38.086 -1.250 27.500
v 38.239 -1.000 27.500
v 38.250 -0.974 27.500
v 38.250 0.000 27.406
v 38.172 0.250 27.500
v 38.250 0.048 27.500
v 38.035 0.500 27.500
v 38.108 -1.250 27.750
v 38.250 -1.020 27.750
v 38.250 -1.000 27.615
v 38.218 0.250 27.750
v 38.250 0.162 27.750
v 38.087 0.500 27.750
v 38.097 -1.250 28.000
v 38.250 -1.011 28.000
v 38.225 0.250 28.000
v 38.250 0.183 28.000
v 38.091 0.500 28.000
v 38.064 -1.250 28.250
v 38.250 -1.000 28.093
v 38.238 -1.000 28.250
v 38.250 -0.977 28.250
v 38.199 0.250 28.250
v 38.250 0.121 28.250
v 38.058 0.500 28.250
v 38.174 -1.000 28.500
v 38.250 -0.865 28.500
v 38.231 0.000 28.500
v 38.250 -0.072 28.500
v 38.250 0.000 28.429
v 38.127 0.250 28.500
v 38.087 -1.000 28.750
v 38.250 -0.750 28.687
v 38.228 -0.750 28.750
v 38.250 -0.500 28.731
v 38.244 -0.500 28.750
v 38.250 -0.250 28.643
v 38.215 -0.250 28.750
v 38.148 0.000 28.750
v 38.040 0.250 28.750
v 38.107 -0.750 29.000
v 38.129 -0.500 29.000
v 38.105 -0.250 29.000
v 38.044 0.000 29.000
v 38.003 -0.750 29.250
v 38.038 -0.500 29.250
v 38.023 -0.250 29.250
v 38.500 -2.844 16.000
v 38.500 -0.256 16.000
v 38.500 -2.846 16.250
v 38.379 -0.500 16.250
v 38.500 -0.437 16.250
v 38.500 -2.848 16.500
v 38.500 -0.750 16.500
v 38.500 -0.750 16.500
v 38.500 -0.500 16.313
v 38.500 -2.750 16.612
v 38.500 -2.500 16.647
v 38.500 -2.250 16.651
v 38.500 -2.000 16.670
v 38.500 -1.750 16.708
v 38.500 -1.500 16.708
v 38.500 -1.250 16.674
v 38.500 -1.000 16.606
v 38.500 -0.750 16.500
v 38.259 -0.750 26.750
v 38.261 -0.500 26.750
v 38.290 -0.750 27.000
v 38.291 -0.500 27.000
v 38.320 -0.750 27.250
v 38.322 -0.500 27.250
v 38.289 -0.250 27.250
v 38.345 -0.750 27.500
v 38.351 -0.500 27.500
v 38.326 -0.250 27.500
v 38.268 0.000 27.500
v 38.262 -1.000 27.750
v 38.366 -0.750 27.750
v 38.374 -0.500 27.750
v 38.355 -0.250 27.750
v 38.304 0.000 27.750
v 38.256 -1.000 28.000
v 38.369 -0.750 28.000
v 38.378 -0.500 28.000
v 38.359 -0.250 28.000
v 38.309 0.000 28.000
v 38.359 -0.750 28.250
v 38.367 -0.500 28.250
v 38.344 -0.250 28.250
v 38.291 0.000 28.250
v 38.309 -0.750 28.500
v 38.318 -0.500 28.500
v 38.292 -0.250 28.500
v 38.750 -2.858 16.000
v 38.524 -0.250 16.000
v 38.750 -0.198 16.000
v 38.750 -2.860 16.250
v 38.750 -0.351 16.250
v 38.750 -0.250 16.092
v 38.750 -2.863 16.500
v 38.750 -0.603 16.500
v 38.750 -0.500 16.414
v 38.750 -2.750 16.697
v 38.750 -2.500 16.748
v 38.746 -2.250 16.750
v 38.750 -2.370 16.750
v 38.701 -2.000 16.750
v 38.614 -1.750 16.750
v 38.615 -1.500 16.750
v 38.712 -1.250 16.750
v 38.750 -1.196 16.750
v 38.750 -1.000 16.696
v 38.750 -0.750 16.589
v 38.750 -2.250 16.751
v 38.750 -2.000 16.767
v 38.750 -1.750 16.796
v 38.750 -1.500 16.794
v 38.750 -1.250 16.762
v 39.000 -2.872 16.000
v 39.000 -0.154 16.000
v 39.000 -2.875 16.250
v 39.000 -0.289 16.250
v 39.000 -0.250 16.184
v 39.000 -2.878 16.500
v 38.993 -0.500 16.500
v 39.000 -0.497 16.500
v 38.841 -2.750 16.750
v 39.000 -2.829 16.750
v 38.755 -2.500 16.750
v 38.914 -1.000 16.750
v 39.000 -0.930 16.750
v 39.000 -0.750 16.668
v 39.000 -0.500 16.502
v 39.000 -2.750 16.802
v 39.000 -2.500 16.834
v 39.000 -2.250 16.838
v 39.000 -2.000 16.856
v 39.000 -1.750 16.882
v 39.000 -1.500 16.877
v 39.000 -1.250 16.842
v 39.000 -1.000 16.776
v 39.250 -2.888 16.000
v 39.250 -0.113 16.000
v 39.250 -2.891 16.250
v 39.183 -0.250 16.250
v 39.250 -0.237 16.250
v 39.250 -2.894 16.500
v 39.250 -0.429 16.500
v 39.250 -0.250 16.270
v 39.250 -2.889 16.750
v 39.250 -0.787 16.750
v 39.250 -0.750 16.731
v 39.250 -0.500 16.562
v 39.250 -2.750 16.877
v 39.250 -2.500 16.915
v 39.250 -2.250 16.924
v 39.250 -2.000 16.947
v 39.250 -1.750 16.969
v 39.250 -1.500 16.958
v 39.250 -1.250 16.914
v 39.250 -1.000 16.839
v 39.500 -2.902 16.000
v 39.500 -0.075 16.000
v 39.500 -2.906 16.250
v 39.500 -0.191 16.250
v 39.500 -2.909 16.500
v 39.500 -0.378 16.500
v 39.500 -0.250 16.337
v 39.500 -2.914 16.750
v 39.353 -0.750 16.750
v 39.500 -0.708 16.750
v 39.500 -0.500 16.607
v 39.500 -2.750 16.935
v 39.500 -2.500 16.990
v 39.478 -2.250 17.000
v 39.500 -2.362 17.000
v 39.405 -2.000 17.000
v 39.347 -1.750 17.000
v 39.398 -1.500 17.000
v 39.500 -1.367 17.000
v 39.500 -1.250 16.974
v 39.500 -1.000 16.889
v 39.500 -0.750 16.774
v 39.500 -2.250 17.007
v 39.500 -2.000 17.034
v 39.500 -1.750 17.050
v 39.500 -1.500 17.030
v 39.750 -2.916 16.000
v 39.750 -0.049 16.000
v 39.750 -2.919 16.250
v 39.750 -0.154 16.250
v 39.750 -2.923 16.500
v 39.750 -0.335 16.500
v 39.750 -0.250 16.391
v 39.750 -2.928 16.750
v 39.750 -0.643 16.750
v 39.750 -0.500 16.647
v 39.723 -2.750 17.000
v 39.750 -2.765 17.000
v 39.533 -2.500 17.000
v 39.605 -1.250 17.000
v 39.750 -1.151 17.000
v 39.750 -1.000 16.942
v 39.750 -0.750 16.816
v 39.750 -2.750 17.007
v 39.750 -2.500 17.066
v 39.750 -2.250 17.093
v 39.750 -2.000 17.122
v 39.750 -1.750 17.132
v 39.750 -1.500 17.104
v 39.750 -1.250 17.039
v 40.000 -2.930 16.000
v 40.000 -0.040 16.000
v 40.000 -2.933 16.250
v 40.000 -0.132 16.250
v 40.000 -2.936 16.500
v 40.000 -0.297 16.500
v 40.000 -0.250 16.434
v 40.000 -2.941 16.750
v 40.000 -0.566 16.750
v 40.000 -0.500 16.697
v 40.000 -2.899 17.000
v 39.943 -1.000 17.000
v 40.000 -0.965 17.000
v 40.000 -0.750 16.880
v 40.000 -2.750 17.087
v 40.000 -2.500 17.154
v 40.000 -2.250 17.187
v 40.000 -2.000 17.215
v 40.000 -1.750 17.221
v 40.000 -1.500 17.192
v 40.000 -1.250 17.127
v 40.000 -1.000 17.020
v 40.250 -2.943 16.000
v 40.250 -0.043 16.000
v 40.250 -2.947 16.250
v 40.250 -0.121 16.250
v 40.250 -2.950 16.500
v 40.250 -0.267 16.500
v 40.250 -0.250 16.473
v 40.250 -2.953 16.750
v 40.186 -0.500 16.750
v 40.250 -0.480 16.750
v 40.250 -2.950 17.000
v 40.250 -0.773 17.000
v 40.250 -0.750 16.985
v 40.250 -0.500 16.770
v 40.250 -2.750 17.196
v 40.219 -2.500 17.250
v 40.250 -2.555 17.250
v 40.152 -2.250 17.250
v 40.086 -2.000 17.250
v 40.072 -1.750 17.250
v 40.133 -1.500 17.250
v 40.250 -1.262 17.250
v 40.250 -1.250 17.247
v 40.250 -1.000 17.146
v 40.250 -2.500 17.265
v 40.250 -2.250 17.296
v 40.250 -2.000 17.327
v 40.250 -1.750 17.336
v 40.250 -1.500 17.311
v 40.500 -2.955 16.000
v 40.500 -0.051 16.000
v 40.500 -2.959 16.250
v 40.500 -0.112 16.250
v 40.500 -2.962 16.500
v 40.385 -0.250 16.500
v 40.500 -0.236 16.500
v 40.500 -2.966 16.750
v 40.500 -0.402 16.750
v 40.500 -0.250 16.523
v 40.500 -2.969 17.000
v 40.280 -0.750 17.000
v 40.500 -0.611 17.000
v 40.500 -0.500 16.878
v 40.356 -2.750 17.250
v 40.500 -2.892 17.250
v 40.255 -1.250 17.250
v 40.423 -1.000 17.250
v 40.500 -0.916 17.250
v 40.500 -0.750 17.136
v 40.500 -2.750 17.328
v 40.500 -2.500 17.396
v 40.500 -2.250 17.421
v 40.500 -2.000 17.450
v 40.500 -1.750 17.459
v 40.500 -1.500 17.443
v 40.500 -1.250 17.398
v 40.500 -1.000 17.303
v 40.750 -2.964 16.000
v 40.750 -0.053 16.000
v 40.750 -2.970 16.250
v 40.750 -0.093 16.250
v 40.750 -2.975 16.500
v 40.750 -0.195 16.500
v 40.750 -2.979 16.750
v 40.750 -0.333 16.750
v 40.750 -0.250 16.602
v 40.750 -2.983 17.000
v 40.727 -0.500 17.000
v 40.750 -0.490 17.000
v 40.750 -2.982 17.250
v 40.681 -0.750 17.250
v 40.750 -0.702 17.250
v 40.750 -0.500 17.014
v 40.750 -2.750 17.459
v 40.694 -2.500 17.500
v 40.750 -2.611 17.500
v 40.650 -2.250 17.500
v 40.598 -2.000 17.500
v 40.583 -1.750 17.500
v 40.612 -1.500 17.500
v 40.689 -1.250 17.500
v 40.750 -1.143 17.500
v 40.750 -1.000 17.451
v 40.750 -0.750 17.294
v 40.750 -2.500 17.529
v 40.750 -2.250 17.553
v 40.750 -2.000 17.578
v 40.750 -1.750 17.582
v 40.750 -1.500 17.568
v 40.750 -1.250 17.532
v 41.000 -2.973 16.000
v 41.000 -0.049 16.000
v 41.000 -2.980 16.250
v 41.000 -0.064 16.250
v 41.000 -2.987 16.500
v 41.000 -0.146 16.500
v 41.000 -2.992 16.750
v 41.000 -0.268 16.750
v 41.000 -0.250 16.714
v 41.000 -2.997 17.000
v 41.000 -0.407 17.000
v 40.974 -3.000 17.250
v 41.000 -3.000 17.163
v 41.000 -3.001 17.250
v 41.000 -0.579 17.250
v 41.000 -0.500 17.146
v 41.000 -3.000 17.258
v 40.834 -2.750 17.500
v 41.000 -2.896 17.500
v 40.849 -1.000 17.500
v 41.000 -0.872 17.500
v 41.000 -0.750 17.420
v 41.000 -2.750 17.574
v 41.000 -2.500 17.650
v 41.000 -2.250 17.680
v 41.000 -2.000 17.702
v 41.000 -1.750 17.700
v 41.000 -1.500 17.681
v 41.000 -1.250 17.642
v 41.000 -1.000 17.566
v 41.250 -2.982 16.000
v 41.250 -0.052 16.000
v 41.250 -2.990 16.250
v 41.250 -0.041 16.250
v 41.250 -2.999 16.500
v 41.250 -0.100 16.500
v 41.145 -3.000 16.750
v 41.250 -3.000 16.546
v 41.250 -3.005 16.750
v 41.074 -0.250 16.750
v 41.250 -0.207 16.750
v 41.049 -3.000 17.000
v 41.250 -3.010 17.000
v 41.250 -0.339 17.000
v 41.250 -0.250 16.833
v 41.250 -3.015 17.250
v 41.220 -0.500 17.250
v 41.250 -0.491 17.250
v 41.169 -3.000 17.500
v 41.250 -3.020 17.500
v 41.191 -0.750 17.500
v 41.250 -0.722 17.500
v 41.250 -0.500 17.262
v 41.250 -3.000 17.529
v 41.250 -2.750 17.676
v 41.235 -2.500 17.750
v 41.250 -2.521 17.750
v 41.157 -2.250 17.750
v 41.107 -2.000 17.750
v 41.114 -1.750 17.750
v 41.168 -1.500 17.750
v 41.250 -1.319 17.750
v 41.250 -1.250 17.737
v 41.250 -1.000 17.657
v 41.250 -0.750 17.522
v 41.250 -2.500 17.756
v 41.250 -2.250 17.788
v 41.250 -2.000 17.811
v 41.250 -1.750 17.808
v 41.250 -1.500 17.784
v 41.500 -2.994 16.000
v 41.500 -0.081 16.000
v 41.444 -3.000 16.250
v 41.500 -3.000 16.170
v 41.500 -3.003 16.250
v 41.500 -0.041 16.250
v 41.275 -3.000 16.500
v 41.500 -3.010 16.500
v 41.500 -0.070 16.500
v 41.500 -3.017 16.750
v 41.500 -0.155 16.750
v 41.500 -3.022 17.000
v 41.500 -0.273 17.000
v 41.500 -0.250 16.952
v 41.500 -3.028 17.250
v 41.500 -0.420 17.250
v 41.500 -3.033 17.500
v 41.500 -0.624 17.500
v 41.500 -0.500 17.361
v 41.500 -3.000 17.570
v 41.452 -2.750 17.750
v 41.500 -2.786 17.750
v 41.288 -1.250 17.750
v 41.500 -1.030 17.750
v 41.500 -1.000 17.739
v 41.500 -0.750 17.603
v 41.500 -2.750 17.766
v 41.500 -2.500 17.840
v 41.500 -2.250 17.872
v 41.500 -2.000 17.898
v 41.500 -1.750 17.898
v 41.500 -1.500 17.873
v 41.500 -1.250 17.822
v 41.597 -3.000 16.000
v 41.750 -3.008 16.000
v 41.750 -0.125 16.000
v 41.750 -3.015 16.250
v 41.750 -0.062 16.250
v 41.750 -3.022 16.500
v 41.750 -0.056 16.500
v 41.750 -3.028 16.750
v 41.750 -0.109 16.750
v 41.750 -3.033 17.000
v 41.589 -0.250 17.000
v 41.750 -0.208 17.000
v 41.750 -3.038 17.250
v 41.750 -0.346 17.250
v 41.750 -0.250 17.081
v 41.750 -3.044 17.500
v 41.750 -0.538 17.500
v 41.750 -0.500 17.457
v 41.750 -3.000 17.672
v 41.750 -2.951 17.750
v 41.534 -1.000 17.750
v 41.750 -0.870 17.750
v 41.750 -0.750 17.679
v 41.750 -2.750 17.843
v 41.750 -2.500 17.910
v 41.750 -2.250 17.939
v 41.750 -2.000 17.967
v 41.750 -1.750 17.971
v 41.750 -1.500 17.951
v 41.750 -1.250 17.901
v 41.750 -1.000 17.817
v 42.000 -3.023 16.000
v 42.000 -0.138 16.000
v 42.000 -3.029 16.250
v 42.000 -0.073 16.250
v 42.000 -3.034 16.500
v 42.000 -0.047 16.500
v 42.000 -3.039 16.750
v 42.000 -0.074 16.750
v 42.000 -3.044 17.000
v 42.000 -0.156 17.000
v 42.000 -3.049 17.250
v 42.000 -0.276 17.250
v 42.000 -0.250 17.201
v 42.000 -3.054 17.500
v 41.869 -0.500 17.500
v 42.000 -0.463 17.500
v 41.833 -3.000 17.750
v 42.000 -3.044 17.750
v 41.994 -0.750 17.750
v 42.000 -0.748 17.750
v 42.000 -0.500 17.538
v 42.000 -3.000 17.799
v 42.000 -2.750 17.913
v 42.000 -2.500 17.976
v 41.986 -2.250 18.000
v 42.000 -2.283 18.000
v 41.876 -2.000 18.000
v 41.853 -1.750 18.000
v 41.915 -1.500 18.000
v 42.000 -1.359 18.000
v 42.000 -1.250 17.979
v 42.000 -1.000 17.892
v 42.000 -0.750 17.752
v 42.000 -2.250 18.004
v 42.000 -2.000 18.035
v 42.000 -1.750 18.043
v 42.000 -1.500 18.026
v 42.250 -3.036 16.000
v 42.250 -0.127 16.000
v 42.250 -3.041 16.250
v 42.250 -0.073 16.250
v 42.250 -3.046 16.500
v 42.250 -0.046 16.500
v 42.250 -3.051 16.750
v 42.250 -0.062 16.750
v 42.250 -3.058 17.000
v 42.250 -0.128 17.000
v 42.250 -3.063 17.250
v 42.128 -0.250 17.250
v 42.250 -0.227 17.250
v 42.250 -3.067 17.500
v 42.250 -0.400 17.500
v 42.250 -0.250 17.287
v 42.250 -3.070 17.750
v 42.250 -0.659 17.750
v 42.250 -0.500 17.606
v 42.250 -3.000 17.848
v 42.250 -2.750 17.986
v 42.080 -2.500 18.000
v 42.250 -2.699 18.000
v 42.062 -1.250 18.000
v 42.250 -1.076 18.000
v 42.250 -1.000 17.971
v 42.250 -0.750 17.822
v 42.250 -2.500 18.054
v 42.250 -2.250 18.089
v 42.250 -2.000 18.119
v 42.250 -1.750 18.126
v 42.250 -1.500 18.108
v 42.250 -1.250 18.061
v 42.500 -3.047 16.000
v 42.500 -0.113 16.000
v 42.500 -3.055 16.250
v 42.500 -0.069 16.250
v 42.500 -3.067 16.500
v 42.500 -0.046 16.500
v 42.500 -3.081 16.750
v 42.500 -0.063 16.750
v 42.500 -3.092 17.000
v 42.500 -0.124 17.000
v 42.500 -3.095 17.250
v 42.500 -0.201 17.250
v 42.500 -3.093 17.500
v 42.500 -0.344 17.500
v 42.500 -0.250 17.344
v 42.500 -3.089 17.750
v 42.500 -0.575 17.750
v 42.500 -0.500 17.677
v 42.500 -3.000 17.924
v 42.291 -2.750 18.000
v 42.500 -2.909 18.000
v 42.339 -1.000 18.000
v 42.500 -0.910 18.000
v 42.500 -0.750 17.896
v 42.500 -2.750 18.075
v 42.500 -2.500 18.156
v 42.500 -2.250 18.202
v 42.500 -2.000 18.227
v 42.500 -1.750 18.227
v 42.500 -1.500 18.204
v 42.500 -1.250 18.151
v 42.500 -1.000 18.053
v 42.750 -3.068 16.000
v 42.750 -0.106 16.000
v 42.750 -3.087 16.250
v 42.750 -0.067 16.250
v 42.750 -3.109 16.500
v 42.750 -0.048 16.500
v 42.750 -3.132 16.750
v 42.750 -0.066 16.750
v 42.750 -3.149 17.000
v 42.750 -0.125 17.000
v 42.750 -3.153 17.250
v 42.750 -0.183 17.250
v 42.750 -3.141 17.500
v 42.750 -0.288 17.500
v 42.750 -0.250 17.419
v 42.750 -3.126 17.750
v 42.686 -0.500 17.750
v 42.750 -0.477 17.750
v 42.620 -3.000 18.000
v 42.750 -3.060 18.000
v 42.750 -0.754 18.000
v 42.750 -0.750 17.997
v 42.750 -0.500 17.775
v 42.750 -3.000 18.051
v 42.750 -2.750 18.184
v 42.694 -2.500 18.250
v 42.750 -2.579 18.250
v 42.594 -2.250 18.250
v 42.547 -2.000 18.250
v 42.550 -1.750 18.250
v 42.606 -1.500 18.250
v 42.736 -1.250 18.250
v 42.750 -1.234 18.250
v 42.750 -1.000 18.155
v 42.750 -2.500 18.279
v 42.750 -2.250 18.333
v 42.750 -2.000 18.350
v 42.750 -1.750 18.342
v 42.750 -1.500 18.313
v 42.750 -1.250 18.256
v 43.000 -3.111 16.000
v 43.000 -0.109 16.000
v 43.000 -3.145 16.250
v 43.000 -0.069 16.250
v 43.000 -3.179 16.500
v 43.000 -0.047 16.500
v 43.000 -3.211 16.750
v 43.000 -0.063 16.750
v 43.000 -3.232 17.000
v 43.000 -0.115 17.000
v 43.000 -3.233 17.250
v 43.000 -0.161 17.250
v 43.000 -3.215 17.500
v 42.947 -0.250 17.500
v 43.000 -0.241 17.500
v 43.000 -3.187 17.750
v 43.000 -0.388 17.750
v 43.000 -0.250 17.518
v 43.000 -3.153 18.000
v 42.756 -0.750 18.000
v 43.000 -0.606 18.000
v 43.000 -0.500 17.890
v 43.000 -3.000 18.168
v 42.887 -2.750 18.250
v 43.000 -2.856 18.250
v 42.937 -1.000 18.250
v 43.000 -0.943 18.250
v 43.000 -0.750 18.124
v 43.000 -2.750 18.304
v 43.000 -2.500 18.403
v 43.000 -2.250 18.460
v 43.000 -2.000 18.476
v 43.000 -1.750 18.466
v 43.000 -1.500 18.435
v 43.000 -1.250 18.379
v 43.000 -1.000 18.282
v 43.250 -3.182 16.000
v 43.250 -0.124 16.000
v 43.250 -3.233 16.250
v 43.250 -0.075 16.250
v 43.174 -3.250 16.500
v 43.250 -3.250 16.337
v 43.250 -3.283 16.500
v 43.250 -0.046 16.500
v 43.089 -3.250 16.750
v 43.250 -3.323 16.750
v 43.250 -0.054 16.750
v 43.042 -3.250 17.000
v 43.250 -3.343 17.000
v 43.250 -0.092 17.000
v 43.041 -3.250 17.250
v 43.250 -3.337 17.250
v 43.250 -0.131 17.250
v 43.095 -3.250 17.500
v 43.250 -3.309 17.500
v 43.250 -0.201 17.500
v 43.192 -3.250 17.750
v 43.250 -3.270 17.750
v 43.250 -0.313 17.750
v 43.250 -0.250 17.616
v 43.250 -3.250 17.874
v 43.250 -3.230 18.000
v 43.197 -0.500 18.000
v 43.250 -0.476 18.000
v 43.159 -3.000 18.250
v 43.250 -3.069 18.250
v 43.217 -0.750 18.250
v 43.250 -0.727 18.250
v 43.250 -0.500 18.029
v 43.250 -3.000 18.295
v 43.250 -2.750 18.425
v 43.202 -2.500 18.500
v 43.250 -2.562 18.500
v 43.081 -2.250 18.500
v 43.047 -2.000 18.500
v 43.064 -1.750 18.500
v 43.118 -1.500 18.500
v 43.219 -1.250 18.500
v 43.250 -1.202 18.500
v 43.250 -1.000 18.419
v 43.250 -0.750 18.268
v 43.250 -2.500 18.522
v 43.250 -2.250 18.582
v 43.250 -2.000 18.608
v 43.250 -1.750 18.605
v 43.250 -1.500 18.576
v 43.250 -1.250 18.517
v 43.440 -3.250 16.000
v 43.500 -3.272 16.000
v 43.500 -0.149 16.000
v 43.289 -3.250 16.250
v 43.500 -3.344 16.250
v 43.500 -0.083 16.250
v 43.500 -3.409 16.500
v 43.500 -0.043 16.500
v 43.500 -3.450 16.750
v 43.500 -0.037 16.750
v 43.500 -3.453 17.000
v 43.500 -0.052 17.000
v 43.500 -3.450 17.250
v 43.500 -0.087 17.250
v 43.500 -3.421 17.500
v 43.500 -0.150 17.500
v 43.500 -3.371 17.750
v 43.460 -0.250 17.750
v 43.500 -0.239 17.750
v 43.309 -3.250 18.000
v 43.500 -3.317 18.000
v 43.500 -0.366 18.000
v 43.500 -0.250 17.774
v 43.500 -3.250 18.244
v 43.500 -3.247 18.250
v 43.500 -0.559 18.250
v 43.500 -0.500 18.185
v 43.500 -3.000 18.418
v 43.411 -2.750 18.500
v 43.500 -2.838 18.500
v 43.395 -1.000 18.500
v 43.500 -0.897 18.500
v 43.500 -0.750 18.410
v 43.500 -2.750 18.539
v 43.500 -2.500 18.633
v 43.500 -2.250 18.705
v 43.500 -2.000 18.748
v 43.488 -1.750 18.750
v 43.500 -1.949 18.750
v 43.500 -1.683 18.750
v 43.500 -1.500 18.728
v 43.500 -1.250 18.659
v 43.500 -1.000 18.556
v 43.500 -1.750 18.758
v 43.750 -3.365 16.000
v 43.750 -0.190 16.000
v 43.750 -3.459 16.250
v 43.750 -0.098 16.250
v 43.750 -3.469 16.500
v 43.750 -0.037 16.500
v 43.750 -3.468 16.750
v 43.750 -0.007 16.750
v 43.750 -3.466 17.000
v 43.750 0.000 16.899
v 43.720 0.000 17.000
v 43.750 0.008 17.000
v 43.750 -3.465 17.250
v 43.750 -0.017 17.250
v 43.750 0.000 17.081
v 43.750 -3.465 17.500
v 43.750 -0.073 17.500
v 43.750 -3.461 17.750
v 43.750 -0.153 17.750
v 43.750 -3.417 18.000
v 43.750 -0.259 18.000
v 43.750 -0.250 17.980
v 43.504 -3.250 18.250
v 43.750 -3.344 18.250
v 43.594 -0.500 18.250
v 43.750 -0.416 18.250
v 43.750 -3.250 18.371
v 43.657 -3.000 18.500
v 43.750 -3.077 18.500
v 43.648 -0.750 18.500
v 43.750 -0.669 18.500
v 43.750 -0.500 18.347
v 43.750 -3.000 18.546
v 43.750 -2.750 18.660
v 43.737 -2.500 18.750
v 43.750 -2.518 18.750
v 43.584 -2.250 18.750
v 43.503 -2.000 18.750
v 43.536 -1.500 18.750
v 43.652 -1.250 18.750
v 43.750 -1.109 18.750
v 43.750 -1.000 18.703
v 43.750 -0.750 18.560
v 43.750 -2.500 18.756
v 43.750 -2.250 18.838
v 43.750 -2.000 18.889
v 43.750 -1.750 18.905
v 43.750 -1.500 18.878
v 43.750 -1.250 18.808
v 44.000 -3.455 16.000
v 43.973 -0.250 16.000
v 44.000 -0.256 16.000
v 44.000 -3.478 16.250
v 44.000 -0.250 16.017
v 44.000 -0.123 16.250
v 44.000 -3.477 16.500
v 44.000 -0.025 16.500
v 44.000 -3.475 16.750
v 44.000 0.000 16.613
v 43.798 0.000 16.750
v 44.000 0.047 16.750
v 44.000 -3.472 17.000
v 44.000 0.082 17.000
v 44.000 -3.470 17.250
v 43.798 0.000 17.250
v 44.000 0.072 17.250
v 44.000 -3.469 17.500
v 43.932 0.000 17.500
v 44.000 0.027 17.500
v 44.000 -3.471 17.750
v 44.000 -0.047 17.750
v 44.000 0.000 17.593
v 44.000 -3.472 18.000
v 43.771 -0.250 18.000
v 44.000 -0.152 18.000
v 44.000 -3.436 18.250
v 44.000 -0.295 18.250
v 44.000 -0.250 18.177
v 43.978 -3.250 18.500
v 44.000 -3.264 18.500
v 44.000 -0.500 18.500
v 44.000 -0.500 18.500
v 44.000 -3.250 18.510
v 44.000 -3.000 18.660
v 43.944 -2.750 18.750
v 44.000 -2.807 18.750
v 43.834 -1.000 18.750
v 44.000 -0.830 18.750
v 44.000 -0.750 18.702
v 44.000 -0.500 18.500
v 44.000 -2.750 18.775
v 44.000 -2.500 18.876
v 44.000 -2.250 18.959
v 43.987 -2.000 19.000
v 44.000 -2.031 19.000
v 43.955 -1.750 19.000
v 44.000 -1.520 19.000
v 44.000 -1.500 18.998
v 44.000 -1.250 18.938
v 44.000 -1.000 18.841
v 44.000 -2.000 19.006
v 44.000 -1.750 19.021
v 44.250 -3.482 16.000
v 44.250 -0.301 16.000
v 44.250 -3.486 16.250
v 44.250 -0.250 16.126
v 44.250 -0.150 16.250
v 44.250 -3.485 16.500
v 44.250 0.000 16.497
v 44.237 0.000 16.500
v 44.250 0.002 16.500
v 44.250 -3.482 16.750
v 44.250 0.100 16.750
v 44.250 -3.479 17.000
v 44.250 0.148 17.000
v 44.250 -3.476 17.250
v 44.250 0.151 17.250
v 44.250 -3.476 17.500
v 44.250 0.116 17.500
v 44.250 -3.478 17.750
v 44.123 0.000 17.750
v 44.250 0.046 17.750
v 44.250 -3.479 18.000
v 44.250 -0.055 18.000
v 44.250 0.000 17.868
v 44.250 -3.479 18.250
v 44.107 -0.250 18.250
v 44.250 -0.195 18.250
v 44.250 -3.408 18.500
v 44.250 -0.386 18.500
v 44.250 -0.250 18.328
v 44.250 -3.250 18.618
v 44.215 -3.000 18.750
v 44.250 -3.026 18.750
v 44.091 -0.750 18.750
v 44.250 -0.646 18.750
v 44.250 -0.500 18.622
v 44.250 -3.000 18.764
v 44.250 -2.750 18.882
v 44.250 -2.500 18.988
v 44.093 -2.250 19.000
v 44.250 -2.461 19.000
v 44.005 -1.500 19.000
v 44.134 -1.250 19.000
v 44.250 -1.093 19.000
v 44.250 -1.000 18.967
v 44.250 -0.750 18.830
v 44.250 -2.250 19.068
v 44.250 -2.000 19.110
v 44.250 -1.750 19.125
v 44.250 -1.500 19.106
v 44.250 -1.250 19.054
v 44.500 -3.495 16.000
v 44.500 -0.320 16.000
v 44.500 -3.495 16.250
v 44.500 -0.250 16.119
v 44.500 -0.128 16.250
v 44.500 -3.493 16.500
v 44.500 0.000 16.433
v 44.500 0.042 16.500
v 44.500 -3.490 16.750
v 44.500 0.142 16.750
v 44.500 -3.486 17.000
v 44.500 0.191 17.000
v 44.500 -3.484 17.250
v 44.500 0.199 17.250
v 44.500 -3.484 17.500
v 44.500 0.168 17.500
v 44.500 -3.486 17.750
v 44.500 0.103 17.750
v 44.500 -3.488 18.000
v 44.464 0.000 18.000
v 44.500 0.008 18.000
v 44.500 -3.488 18.250
v 44.500 -0.133 18.250
v 44.500 0.000 18.017
v 44.500 -3.475 18.500
v 44.500 -0.319 18.500
v 44.500 -0.250 18.413
v 44.500 -3.250 18.711
v 44.500 -3.188 18.750
v 44.500 -0.547 18.750
v 44.500 -0.500 18.705
v 44.500 -3.000 18.857
v 44.500 -2.750 18.981
v 44.281 -2.500 19.000
v 44.500 -2.708 19.000
v 44.331 -1.000 19.000
v 44.500 -0.876 19.000
v 44.500 -0.750 18.924
v 44.500 -2.500 19.088
v 44.500 -2.250 19.168
v 44.500 -2.000 19.213
v 44.500 -1.750 19.232
v 44.500 -1.500 19.214
v 44.500 -1.250 19.160
v 44.500 -1.000 19.068
v 44.595 -3.500 16.000
v 44.750 -3.509 16.000
v 44.750 -0.310 16.000
v 44.656 -3.500 16.250
v 44.750 -3.503 16.250
v 44.750 -0.250 16.068
v 44.750 -0.083 16.250
v 44.706 -3.500 16.500
v 44.750 -3.501 16.500
v 44.750 0.000 16.375
v 44.750 0.076 16.500
v 44.750 -3.500 16.641
v 44.750 -3.499 16.750
v 44.750 0.167 16.750
v 44.750 -3.496 17.000
v 44.750 0.207 17.000
v 44.750 -3.494 17.250
v 44.750 0.210 17.250
v 44.750 -3.494 17.500
v 44.750 0.182 17.500
v 44.750 -3.496 17.750
v 44.750 0.128 17.750
v 44.750 -3.496 18.000
v 44.750 0.041 18.000
v 44.750 -3.495 18.250
v 44.750 -0.094 18.250
v 44.750 0.000 18.083
v 44.750 -3.471 18.500
v 44.750 -0.272 18.500
v 44.750 -0.250 18.472
v 44.597 -3.250 18.750
v 44.750 -3.322 18.750
v 44.675 -0.500 18.750
v 44.750 -0.483 18.750
v 44.750 -3.250 18.812
v 44.750 -3.000 18.968
v 44.542 -2.750 19.000
v 44.750 -2.940 19.000
v 44.728 -0.750 19.000
v 44.750 -0.741 19.000
v 44.750 -0.500 18.770
v 44.750 -2.750 19.098
v 44.750 -2.500 19.207
v 44.670 -2.250 19.250
v 44.750 -2.371 19.250
v 44.573 -2.000 19.250
v 44.535 -1.750 19.250
v 44.569 -1.500 19.250
v 44.692 -1.250 19.250
v 44.750 -1.185 19.250
v 44.750 -1.000 19.169
v 44.750 -0.750 19.007
v 44.750 -2.250 19.291
v 44.750 -2.000 19.343
v 44.750 -1.750 19.364
v 44.750 -1.500 19.343
v 44.750 -1.250 19.278
v 45.000 -3.517 16.000
v 45.000 -0.263 16.000
v 45.000 -3.515 16.250
v 45.000 -0.250 16.014
v 45.000 -0.050 16.250
v 45.000 -3.510 16.500
v 45.000 0.000 16.332
v 45.000 0.096 16.500
v 44.780 -3.500 16.750
v 45.000 -3.508 16.750
v 45.000 0.172 16.750
v 44.842 -3.500 17.000
v 45.000 -3.507 17.000
v 45.000 0.199 17.000
v 44.872 -3.500 17.250
v 45.000 -3.506 17.250
v 45.000 0.192 17.250
v 44.859 -3.500 17.500
v 45.000 -3.507 17.500
v 45.000 0.169 17.500
v 44.838 -3.500 17.750
v 45.000 -3.508 17.750
v 45.000 0.123 17.750
v 44.831 -3.500 18.000
v 45.000 -3.508 18.000
v 45.000 0.046 18.000
v 44.850 -3.500 18.250
v 45.000 -3.507 18.250
v 45.000 -0.079 18.250
v 45.000 0.000 18.099
v 45.000 -3.500 18.294
v 45.000 -3.459 18.500
v 44.944 -0.250 18.500
v 45.000 -0.244 18.500
v 45.000 -3.352 18.750
v 45.000 -0.439 18.750
v 45.000 -0.250 18.508
v 45.000 -3.250 18.914
v 44.812 -3.000 19.000
v 45.000 -3.158 19.000
v 45.000 -0.660 19.000
v 45.000 -0.500 18.825
v 45.000 -3.000 19.104
v 45.000 -2.750 19.244
v 44.826 -2.500 19.250
v 45.000 -2.736 19.250
v 44.935 -1.000 19.250
v 45.000 -0.957 19.250
v 45.000 -0.750 19.089
v 45.000 -2.500 19.356
v 45.000 -2.250 19.443
v 45.000 -2.000 19.494
v 44.981 -1.750 19.500
v 45.000 -1.915 19.500
v 45.000 -1.650 19.500
v 45.000 -1.500 19.483
v 45.000 -1.250 19.406
v 45.000 -1.000 19.280
v 45.000 -1.750 19.511
v 45.250 -3.526 16.000
v 45.113 -0.250 16.000
v 45.250 -0.235 16.000
v 45.250 -3.523 16.250
v 45.250 -0.038 16.250
v 45.250 -3.518 16.500
v 45.250 0.000 16.318
v 45.250 0.095 16.500
v 45.250 -3.517 16.750
v 45.250 0.160 16.750
v 45.250 -3.517 17.000
v 45.250 0.172 17.000
v 45.250 -3.518 17.250
v 45.250 0.160 17.250
v 45.250 -3.518 17.500
v 45.250 0.137 17.500
v 45.250 -3.517 17.750
v 45.250 0.098 17.750
v 45.250 -3.516 18.000
v 45.250 0.031 18.000
v 45.250 -3.514 18.250
v 45.250 -0.076 18.250
v 45.250 0.000 18.076
v 45.250 -3.500 18.311
v 45.250 -3.447 18.500
v 45.250 -0.218 18.500
v 45.250 -3.345 18.750
v 45.250 -0.390 18.750
v 45.250 -0.250 18.550
v 45.167 -3.250 19.000
v 45.250 -3.276 19.000
v 45.250 -0.580 19.000
v 45.250 -0.500 18.901
v 45.250 -3.250 19.045
v 45.215 -3.000 19.250
v 45.250 -3.036 19.250
v 45.009 -2.750 19.250
v 45.250 -0.804 19.250
v 45.250 -0.750 19.198
v 45.250 -3.000 19.275
v 45.250 -2.750 19.420
v 45.199 -2.500 19.500
v 45.250 -2.583 19.500
v 45.081 -2.250 19.500
v 45.008 -2.000 19.500
v 45.028 -1.500 19.500
v 45.157 -1.250 19.500
v 45.250 -1.140 19.500
v 45.250 -1.000 19.417
v 45.250 -2.500 19.537
v 45.250 -2.250 19.616
v 45.250 -2.000 19.660
v 45.250 -1.750 19.669
v 45.250 -1.500 19.637
v 45.250 -1.250 19.557
v 45.500 -3.535 16.000
v 45.500 -0.232 16.000
v 45.500 -3.530 16.250
v 45.500 -0.050 16.250
v 45.500 -3.526 16.500
v 45.500 0.000 16.346
v 45.500 0.073 16.500
v 45.500 -3.525 16.750
v 45.500 0.129 16.750
v 45.500 -3.525 17.000
v 45.500 0.139 17.000
v 45.500 -3.526 17.250
v 45.500 0.121 17.250
v 45.500 -3.526 17.500
v 45.500 0.091 17.500
v 45.500 -3.525 17.750
v 45.500 0.050 17.750
v 45.500 -3.524 18.000
v 45.449 0.000 18.000
v 45.500 -0.008 18.000
v 45.500 0.000 17.966
v 45.500 -3.525 18.250
v 45.500 -0.093 18.250
v 45.500 -3.500 18.335
v 45.500 -3.440 18.500
v 45.500 -0.203 18.500
v 45.500 -3.339 18.750
v 45.500 -0.341 18.750
v 45.500 -0.250 18.590
v 45.500 -3.273 19.000
v 45.500 -0.500 19.000
v 45.500 -0.500 19.000
v 45.500 -3.250 19.163
v 45.500 -3.232 19.250
v 45.345 -0.750 19.250
v 45.500 -0.678 19.250
v 45.500 -3.000 19.466
v 45.352 -2.750 19.500
v 45.500 -2.948 19.500
v 45.373 -1.000 19.500
v 45.500 -0.897 19.500
v 45.500 -0.750 19.344
v 45.500 -2.750 19.612
v 45.500 -2.500 19.724
v 45.434 -2.250 19.750
v 45.500 -2.414 19.750
v 45.377 -2.000 19.750
v 45.365 -1.750 19.750
v 45.410 -1.500 19.750
v 45.500 -1.290 19.750
v 45.500 -1.250 19.736
v 45.500 -1.000 19.589
v 45.500 -2.250 19.798
v 45.500 -2.000 19.839
v 45.500 -1.750 19.848
v 45.500 -1.500 19.816
v 45.750 -3.536 16.000
v 45.750 -0.242 16.000
v 45.750 -3.538 16.250
v 45.750 -0.078 16.250
v 45.750 -3.535 16.500
v 45.750 0.000 16.421
v 45.750 0.033 16.500
v 45.750 -3.533 16.750
v 45.750 0.087 16.750
v 45.750 -3.532 17.000
v 45.750 0.096 17.000
v 45.750 -3.532 17.250
v 45.750 0.072 17.250
v 45.750 -3.532 17.500
v 45.750 0.033 17.500
v 45.750 -3.534 17.750
v 45.693 0.000 17.750
v 45.750 -0.015 17.750
v 45.750 0.000 17.672
v 45.750 -3.533 18.000
v 45.750 -0.065 18.000
v 45.750 -3.530 18.250
v 45.750 -0.122 18.250
v 45.750 -3.500 18.335
v 45.750 -3.428 18.500
v 45.750 -0.195 18.500
v 45.750 -3.335 18.750
v 45.750 -0.295 18.750
v 45.750 -0.250 18.642
v 45.750 -3.272 19.000
v 45.501 -0.500 19.000
v 45.750 -0.421 19.000
v 45.750 -3.250 19.162
v 45.750 -3.239 19.250
v 45.750 -0.559 19.250
v 45.750 -0.500 19.148
v 45.540 -3.000 19.500
v 45.750 -3.216 19.500
v 45.688 -0.750 19.500
v 45.750 -0.711 19.500
v 45.750 -3.000 19.671
v 45.675 -2.750 19.750
v 45.750 -2.865 19.750
v 45.535 -2.500 19.750
v 45.517 -1.250 19.750
v 45.687 -1.000 19.750
v 45.750 -0.935 19.750
v 45.750 -0.750 19.554
v 45.750 -2.750 19.808
v 45.750 -2.500 19.910
v 45.750 -2.250 19.985
v 45.712 -2.000 20.000
v 45.750 -2.165 20.000
v 45.697 -1.750 20.000
v 45.732 -1.500 20.000
v 45.750 -1.447 20.000
v 45.750 -1.250 19.941
v 45.750 -1.000 19.804
v 45.750 -2.000 20.030
v 45.750 -1.750 20.042
v 45.750 -1.500 20.015
v 45.932 -3.500 16.000
v 46.000 -3.484 16.000
v 45.884 -0.250 16.000
v 46.000 -0.257 16.000
v 46.000 -3.500 16.055
v 46.000 -3.547 16.250
v 46.000 -0.250 16.011
v 46.000 -0.118 16.250
v 46.000 -3.543 16.500
v 45.907 0.000 16.500
v 46.000 -0.020 16.500
v 46.000 -3.541 16.750
v 46.000 0.000 16.599
v 46.000 0.028 16.750
v 46.000 -3.539 17.000
v 46.000 0.034 17.000
v 46.000 -3.540 17.250
v 46.000 0.007 17.250
v 46.000 -3.540 17.500
v 45.870 0.000 17.500
v 46.000 -0.037 17.500
v 46.000 0.000 17.294
v 46.000 -3.539 17.750
v 46.000 -0.081 17.750
v 46.000 -3.538 18.000
v 46.000 -0.120 18.000
v 46.000 -3.508 18.250
v 46.000 -0.156 18.250
v 46.000 -3.500 18.270
v 46.000 -3.404 18.500
v 46.000 -0.200 18.500
v 46.000 -3.321 18.750
v 46.000 -0.261 18.750
v 46.000 -0.250 18.708
v 46.000 -3.266 19.000
v 46.000 -0.345 19.000
v 46.000 -3.250 19.142
v 46.000 -3.239 19.250
v 45.868 -0.500 19.250
v 46.000 -0.442 19.250
v 46.000 -3.232 19.500
v 46.000 -0.554 19.500
v 46.000 -0.500 19.385
v 45.844 -3.000 19.750
v 46.000 -3.182 19.750
v 45.943 -0.750 19.750
v 46.000 -0.706 19.750
v 46.000 -3.000 19.879
v 45.994 -2.750 20.000
v 46.000 -2.760 20.000
v 45.870 -2.500 20.000
v 45.770 -2.250 20.000
v 45.821 -1.250 20.000
v 45.974 -1.000 20.000
v 46.000 -0.970 20.000
v 46.000 -0.750 19.804
v 46.000 -2.750 20.005
v 46.000 -2.500 20.104
v 46.000 -2.250 20.182
v 46.000 -2.000 20.227
v 46.000 -1.750 20.237
v 46.000 -1.500 20.212
v 46.000 -1.250 20.145
v 46.000 -1.000 20.022
v 46.250 -3.438 16.000
v 46.250 -0.277 16.000
v 46.250 -3.500 16.231
v 46.250 -3.505 16.250
v 46.250 -0.250 16.058
v 46.250 -0.165 16.250
v 46.250 -3.551 16.500
v 46.250 -0.091 16.500
v 46.250 -3.549 16.750
v 46.088 0.000 16.750
v 46.250 -0.056 16.750
v 46.250 -3.548 17.000
v 46.101 0.000 17.000
v 46.250 -0.055 17.000
v 46.250 -3.547 17.250
v 46.024 0.000 17.250
v 46.250 -0.077 17.250
v 46.250 -3.546 17.500
v 46.250 -0.110 17.500
v 46.250 -3.547 17.750
v 46.250 -0.142 17.750
v 46.250 -3.545 18.000
v 46.250 -0.168 18.000
v 46.250 -3.500 18.138
v 46.039 -3.500 18.250
v 46.250 -3.454 18.250
v 46.250 -0.188 18.250
v 46.250 -3.366 18.500
v 46.250 -0.210 18.500
v 46.250 -3.301 18.750
v 46.137 -0.250 18.750
v 46.250 -0.242 18.750
v 46.250 -3.257 19.000
v 46.250 -0.285 19.000
v 46.250 -0.250 18.799
v 46.250 -3.250 19.083
v 46.250 -3.236 19.250
v 46.250 -0.342 19.250
v 46.250 -3.232 19.500
v 46.093 -0.500 19.500
v 46.250 -0.420 19.500
v 46.250 -3.232 19.750
v 46.250 -0.537 19.750
v 46.250 -0.500 19.680
v 46.144 -3.000 20.000
v 46.250 -3.135 20.000
v 46.222 -0.750 20.000
v 46.250 -0.728 20.000
v 46.250 -3.000 20.093
v 46.250 -2.750 20.214
v 46.184 -2.500 20.250
v 46.250 -2.651 20.250
v 46.088 -2.250 20.250
v 46.030 -2.000 20.250
v 46.016 -1.750 20.250
v 46.048 -1.500 20.250
v 46.135 -1.250 20.250
v 46.250 -1.062 20.250
v 46.250 -1.000 20.218
v 46.250 -0.750 20.023
v 46.250 -2.500 20.310
v 46.250 -2.250 20.391
v 46.250 -2.000 20.436
v 46.250 -1.750 20.444
v 46.250 -1.500 20.415
v 46.250 -1.250 20.343
v 46.500 -3.404 16.000
v 46.500 -0.295 16.000
v 46.279 -3.500 16.250
v 46.500 -3.461 16.250
v 46.500 -0.250 16.145
v 46.500 -0.218 16.250
v 46.500 -3.500 16.375
v 46.500 -3.536 16.500
v 46.500 -0.175 16.500
v 46.500 -3.556 16.750
v 46.500 -0.160 16.750
v 46.500 -3.555 17.000
v 46.500 -0.164 17.000
v 46.500 -3.556 17.250
v 46.500 -0.179 17.250
v 46.500 -3.554 17.500
v 46.500 -0.194 17.500
v 46.500 -3.552 17.750
v 46.500 -0.204 17.750
v 46.500 -3.502 18.000
v 46.500 -0.211 18.000
v 46.500 -3.500 18.004
v 46.500 -3.402 18.250
v 46.500 -0.221 18.250
v 46.500 -3.327 18.500
v 46.500 -0.229 18.500
v 46.500 -3.277 18.750
v 46.500 -0.237 18.750
v 46.500 -3.250 18.978
v 46.438 -3.250 19.000
v 46.500 -3.248 19.000
v 46.479 -0.250 19.000
v 46.500 -0.247 19.000
v 46.500 -3.234 19.250
v 46.500 -0.269 19.250
v 46.500 -0.250 19.034
v 46.500 -3.231 19.500
v 46.500 -0.320 19.500
v 46.500 -3.232 19.750
v 46.319 -0.500 19.750
v 46.500 -0.415 19.750
v 46.500 -3.233 20.000
v 46.500 -0.571 20.000
v 46.500 -0.500 19.899
v 46.425 -3.000 20.250
v 46.500 -3.101 20.250
v 46.292 -2.750 20.250
v 46.296 -1.000 20.250
v 46.500 -0.813 20.250
v 46.500 -0.750 20.197
v 46.500 -3.000 20.323
v 46.500 -2.750 20.448
v 46.457 -2.500 20.500
v 46.500 -2.610 20.500
v 46.371 -2.250 20.500
v 46.322 -2.000 20.500
v 46.315 -1.750 20.500
v 46.353 -1.500 20.500
v 46.451 -1.250 20.500
v 46.500 -1.178 20.500
v 46.500 -1.000 20.398
v 46.500 -2.500 20.545
v 46.500 -2.250 20.631
v 46.500 -2.000 20.679
v 46.500 -1.750 20.681
v 46.500 -1.500 20.635
v 46.500 -1.250 20.541
v 46.750 -3.379 16.000
v 46.750 -0.309 16.000
v 46.750 -3.424 16.250
v 46.632 -0.250 16.250
v 46.750 -0.278 16.250
v 46.706 -3.500 16.500
v 46.750 -3.492 16.500
v 46.694 -0.250 16.500
v 46.750 -0.272 16.500
v 46.750 -3.500 16.525
v 46.750 -3.561 16.750
v 46.691 -0.250 16.750
v 46.750 -0.279 16.750
v 46.750 -3.563 17.000
v 46.672 -0.250 17.000
v 46.750 -0.290 17.000
v 46.750 -3.561 17.250
v 46.655 -0.250 17.250
v 46.750 -0.295 17.250
v 46.750 -3.561 17.500
v 46.647 -0.250 17.500
v 46.750 -0.291 17.500
v 46.750 -3.546 17.750
v 46.654 -0.250 17.750
v 46.750 -0.280 17.750
v 46.750 -3.500 17.873
v 46.507 -3.500 18.000
v 46.750 -3.445 18.000
v 46.671 -0.250 18.000
v 46.750 -0.269 18.000
v 46.750 -3.358 18.250
v 46.674 -0.250 18.250
v 46.750 -0.263 18.250
v 46.750 -3.298 18.500
v 46.684 -0.250 18.500
v 46.750 -0.257 18.500
v 46.750 -3.260 18.750
v 46.750 -0.250 18.658
v 46.750 -0.246 18.750
v 46.750 -3.250 18.867
v 46.750 -3.240 19.000
v 46.750 -0.231 19.000
v 46.750 -3.232 19.250
v 46.619 -0.250 19.250
v 46.750 -0.230 19.250
v 46.750 -3.231 19.500
v 46.750 -0.260 19.500
v 46.750 -0.250 19.420
v 46.750 -3.233 19.750
v 46.750 -0.339 19.750
v 46.750 -3.235 20.000
v 46.666 -0.500 20.000
v 46.750 -0.470 20.000
v 46.750 -3.236 20.250
v 46.590 -0.750 20.250
v 46.750 -0.665 20.250
v 46.750 -0.500 20.045
v 46.680 -3.000 20.500
v 46.750 -3.098 20.500
v 46.553 -2.750 20.500
v 46.652 -1.000 20.500
v 46.750 -0.922 20.500
v 46.750 -0.750 20.343
v 46.750 -3.000 20.572
v 46.750 -2.750 20.705
v 46.690 -2.500 20.750
v 46.750 -2.645 20.750
v 46.608 -2.250 20.750
v 46.566 -2.000 20.750
v 46.569 -1.750 20.750
v 46.626 -1.500 20.750
v 46.750 -1.265 20.750
v 46.750 -1.250 20.742
v 46.750 -1.000 20.568
v 46.750 -2.500 20.814
v 46.750 -2.250 20.903
v 46.750 -2.000 20.943
v 46.750 -1.750 20.929
v 46.750 -1.500 20.861
v 47.000 -3.363 16.000
v 47.000 -0.324 16.000
v 47.000 -3.393 16.250
v 47.000 -0.342 16.250
v 47.000 -3.447 16.500
v 47.000 -0.381 16.500
v 47.000 -3.500 16.683
v 47.000 -3.520 16.750
v 47.000 -0.418 16.750
v 47.000 -3.568 17.000
v 47.000 -0.436 17.000
v 47.000 -3.567 17.250
v 47.000 -0.435 17.250
v 47.000 -3.564 17.500
v 47.000 -0.412 17.500
v 47.000 -3.500 17.718
v 46.956 -3.500 17.750
v 47.000 -3.488 17.750
v 47.000 -0.380 17.750
v 47.000 -3.399 18.000
v 47.000 -0.350 18.000
v 47.000 -3.327 18.250
v 47.000 -0.325 18.250
v 47.000 -3.277 18.500
v 47.000 -0.298 18.500
v 47.000 -3.250 18.737
v 46.966 -3.250 18.750
v 47.000 -3.249 18.750
v 46.800 -0.250 18.750
v 47.000 -0.266 18.750
v 47.000 -3.236 19.000
v 47.000 -0.250 18.879
v 47.000 -0.234 19.000
v 47.000 -3.233 19.250
v 47.000 -0.221 19.250
v 47.000 -3.232 19.500
v 46.868 -0.250 19.500
v 47.000 -0.240 19.500
v 47.000 -3.233 19.750
v 47.000 -0.305 19.750
v 47.000 -0.250 19.544
v 47.000 -3.236 20.000
v 47.000 -0.417 20.000
v 47.000 -3.239 20.250
v 47.000 -0.572 20.250
v 47.000 -0.500 20.143
v 47.000 -3.239 20.500
v 47.000 -0.765 20.500
v 47.000 -0.750 20.484
v 46.920 -3.000 20.750
v 47.000 -3.116 20.750
v 46.792 -2.750 20.750
v 46.760 -1.250 20.750
v 47.000 -1.014 20.750
v 47.000 -1.000 20.738
v 47.000 -3.000 20.832
v 47.000 -2.750 20.965
v 46.922 -2.500 21.000
v 47.000 -2.673 21.000
v 46.840 -2.250 21.000
v 46.806 -2.000 21.000
v 46.828 -1.750 21.000
v 46.920 -1.500 21.000
v 47.000 -1.384 21.000
v 47.000 -1.250 20.925
v 47.000 -2.500 21.075
v 47.000 -2.250 21.150
v 47.000 -2.000 21.168
v 47.000 -1.750 21.136
v 47.000 -1.500 21.057
v 47.250 -3.356 16.000
v 47.250 -0.351 16.000
v 47.250 -3.372 16.250
v 47.250 -0.418 16.250
v 47.250 -3.408 16.500
v 47.240 -0.500 16.500
v 47.250 -0.505 16.500
v 47.250 -0.500 16.487
v 47.096 -3.500 16.750
v 47.250 -3.469 16.750
v 47.132 -0.500 16.750
v 47.250 -0.579 16.750
v 47.250 -3.500 16.855
v 47.250 -3.543 17.000
v 47.094 -0.500 17.000
v 47.250 -0.620 17.000
v 47.250 -3.570 17.250
v 47.099 -0.500 17.250
v 47.250 -0.613 17.250
v 47.250 -3.507 17.500
v 47.148 -0.500 17.500
v 47.250 -0.567 17.500
v 47.250 -3.500 17.522
v 47.250 -3.425 17.750
v 47.241 -0.500 17.750
v 47.250 -0.505 17.750
v 47.250 -3.357 18.000
v 47.250 -0.500 17.769
v 47.250 -0.450 18.000
v 47.250 -3.303 18.250
v 47.250 -0.404 18.250
v 47.250 -3.263 18.500
v 47.250 -0.355 18.500
v 47.250 -3.250 18.652
v 47.250 -3.242 18.750
v 47.250 -0.303 18.750
v 47.250 -3.236 19.000
v 47.175 -0.250 19.000
v 47.250 -0.257 19.000
v 47.250 -3.235 19.250
v 47.250 -0.250 19.071
v 47.250 -0.233 19.250
v 47.250 -3.234 19.500
v 47.250 -0.244 19.500
v 47.250 -3.235 19.750
v 47.250 -0.298 19.750
v 47.250 -0.250 19.532
v 47.250 -3.237 20.000
v 47.250 -0.391 20.000
v 47.250 -3.239 20.250
v 47.250 -0.512 20.250
v 47.250 -0.500 20.227
v 47.250 -3.241 20.500
v 47.030 -0.750 20.500
v 47.250 -0.664 20.500
v 47.250 -3.242 20.750
v 47.018 -1.000 20.750
v 47.250 -0.856 20.750
v 47.250 -0.750 20.622
v 47.163 -3.000 21.000
v 47.250 -3.130 21.000
v 47.034 -2.750 21.000
v 47.109 -1.250 21.000
v 47.250 -1.125 21.000
v 47.250 -1.000 20.896
v 47.250 -3.000 21.084
v 47.250 -2.750 21.209
v 47.184 -2.500 21.250
v 47.250 -2.651 21.250
v 47.112 -2.250 21.250
v 47.100 -2.000 21.250
v 47.153 -1.750 21.250
v 47.250 -1.557 21.250
v 47.250 -1.500 21.228
v 47.250 -1.250 21.090
v 47.250 -2.500 21.310
v 47.250 -2.250 21.368
v 47.250 -2.000 21.369
v 47.250 -1.750 21.321
v 47.500 -3.360 16.000
v 47.500 -0.409 16.000
v 47.500 -3.360 16.250
v 47.472 -0.500 16.250
v 47.500 -0.511 16.250
v 47.500 -0.500 16.225
v 47.500 -3.382 16.500
v 47.500 -0.640 16.500
v 47.500 -3.423 16.750
v 47.496 -0.750 16.750
v 47.500 -0.753 16.750
v 47.500 -0.750 16.744
v 47.441 -3.500 17.000
v 47.500 -3.483 17.000
v 47.412 -0.750 17.000
v 47.500 -0.826 17.000
v 47.473 -3.500 17.250
v 47.500 -3.484 17.250
v 47.407 -0.750 17.250
v 47.500 -0.837 17.250
v 47.277 -3.500 17.500
v 47.500 -3.438 17.500
v 47.477 -0.750 17.500
v 47.500 -0.770 17.500
v 47.500 -3.374 17.750
v 47.500 -0.750 17.545
v 47.500 -0.670 17.750
v 47.500 -3.320 18.000
v 47.351 -0.500 18.000
v 47.500 -0.580 18.000
v 47.500 -3.278 18.250
v 47.489 -0.500 18.250
v 47.500 -0.505 18.250
v 47.500 -3.251 18.500
v 47.500 -0.500 18.266
v 47.500 -0.433 18.500
v 47.500 -3.250 18.530
v 47.500 -3.241 18.750
v 47.500 -0.363 18.750
v 47.500 -3.239 19.000
v 47.500 -0.304 19.000
v 47.500 -3.238 19.250
v 47.377 -0.250 19.250
v 47.500 -0.268 19.250
v 47.500 -3.238 19.500
v 47.324 -0.250 19.500
v 47.500 -0.266 19.500
v 47.500 -3.238 19.750
v 47.500 -0.307 19.750
v 47.500 -3.239 20.000
v 47.500 -0.383 20.000
v 47.500 -3.241 20.250
v 47.343 -0.500 20.250
v 47.500 -0.481 20.250
v 47.500 -3.243 20.500
v 47.500 -0.600 20.500
v 47.500 -0.500 20.292
v 47.500 -3.245 20.750
v 47.500 -0.750 20.750
v 47.500 -0.750 20.750
v 47.500 -3.248 21.000
v 47.433 -1.000 21.000
v 47.500 -0.963 21.000
v 47.500 -0.750 20.750
v 47.420 -3.000 21.250
v 47.500 -3.119 21.250
v 47.292 -2.750 21.250
v 47.283 -1.500 21.250
v 47.500 -1.260 21.250
v 47.500 -1.250 21.243
v 47.500 -1.000 21.037
v 47.500 -3.000 21.328
v 47.500 -2.750 21.452
v 47.453 -2.500 21.500
v 47.500 -2.622 21.500
v 47.403 -2.250 21.500
v 47.412 -2.000 21.500
v 47.486 -1.750 21.500
v 47.500 -1.724 21.500
v 47.500 -1.500 21.401
v 47.500 -2.500 21.547
v 47.500 -2.250 21.592
v 47.500 -2.000 21.579
v 47.500 -1.750 21.512
v 47.750 -3.365 16.000
v 47.739 -0.500 16.000
v 47.750 -0.505 16.000
v 47.750 -3.360 16.250
v 47.750 -0.630 16.250
v 47.750 -3.365 16.500
v 47.694 -0.750 16.500
v 47.750 -0.786 16.500
v 47.750 -0.750 16.449
v 47.750 -3.383 16.750
v 47.750 -0.936 16.750
v 47.750 -3.310 17.000
v 47.707 -1.000 17.000
v 47.750 -1.040 17.000
v 47.750 -1.000 16.912
v 47.750 -3.256 17.250
v 47.676 -1.000 17.250
v 47.750 -1.072 17.250
v 47.750 -3.270 17.500
v 47.730 -1.000 17.500
v 47.750 -1.022 17.500
v 47.750 -3.318 17.750
v 47.750 -1.000 17.542
v 47.595 -0.750 17.750
v 47.750 -0.900 17.750
v 47.750 -3.287 18.000
v 47.741 -0.750 18.000
v 47.750 -0.758 18.000
v 47.750 -3.258 18.250
v 47.750 -0.750 18.014
v 47.750 -0.644 18.250
v 47.750 -3.250 18.405
v 47.553 -3.250 18.500
v 47.750 -3.245 18.500
v 47.657 -0.500 18.500
v 47.750 -0.543 18.500
v 47.750 -3.244 18.750
v 47.750 -0.500 18.626
v 47.750 -0.458 18.750
v 47.750 -3.243 19.000
v 47.750 -0.386 19.000
v 47.750 -3.242 19.250
v 47.750 -0.333 19.250
v 47.750 -3.241 19.500
v 47.750 -0.314 19.500
v 47.750 -3.241 19.750
v 47.750 -0.337 19.750
v 47.750 -3.242 20.000
v 47.750 -0.395 20.000
v 47.750 -3.244 20.250
v 47.750 -0.474 20.250
v 47.750 -3.246 20.500
v 47.750 -0.571 20.500
v 47.750 -0.500 20.318
v 47.750 -3.249 20.750
v 47.750 -0.697 20.750
v 47.592 -3.250 21.000
v 47.750 -3.250 20.829
v 47.750 -3.252 21.000
v 47.750 -0.870 21.000
v 47.750 -0.750 20.834
v 47.724 -3.250 21.250
v 47.750 -3.257 21.250
v 47.512 -1.250 21.250
v 47.750 -1.098 21.250
v 47.750 -1.000 21.152
v 47.750 -3.250 21.275
v 47.671 -3.000 21.500
v 47.750 -3.119 21.500
v 47.547 -2.750 21.500
v 47.641 -1.500 21.500
v 47.750 -1.387 21.500
v 47.750 -1.250 21.395
v 47.750 -3.000 21.586
v 47.750 -2.750 21.723
v 47.691 -2.500 21.750
v 47.750 -2.679 21.750
v 47.658 -2.250 21.750
v 47.682 -2.000 21.750
v 47.750 -1.806 21.750
v 47.750 -1.750 21.730
v 47.750 -1.500 21.588
v 47.750 -2.500 21.816
v 47.750 -2.250 21.849
v 47.750 -2.000 21.819
v 48.000 -3.372 16.000
v 48.000 -0.643 16.000
v 48.000 -3.363 16.250
v 47.956 -0.750 16.250
v 48.000 -0.780 16.250
v 48.000 -0.750 16.202
v 48.000 -3.360 16.500
v 48.000 -0.977 16.500
v 48.000 -3.250 16.737
v 47.987 -3.250 16.750
v 48.000 -3.236 16.750
v 47.830 -1.000 16.750
v 48.000 -1.176 16.750
v 48.000 -1.000 16.536
v 47.819 -3.250 17.000
v 48.000 -3.039 17.000
v 47.958 -1.250 17.000
v 48.000 -1.305 17.000
v 48.000 -1.250 16.902
v 47.756 -3.250 17.250
v 48.000 -3.000 17.086
v 47.946 -3.000 17.250
v 48.000 -2.910 17.250
v 47.920 -1.250 17.250
v 48.000 -1.353 17.250
v 47.768 -3.250 17.500
v 47.943 -3.000 17.500
v 48.000 -2.896 17.500
v 47.945 -1.250 17.500
v 48.000 -1.328 17.500
v 47.835 -3.250 17.750
v 48.000 -3.008 17.750
v 48.000 -3.000 17.729
v 48.000 -1.250 17.671
v 47.837 -1.000 17.750
v 48.000 -1.218 17.750
v 47.879 -3.250 18.000
v 48.000 -3.187 18.000
v 47.974 -1.000 18.000
v 48.000 -1.035 18.000
v 47.935 -3.250 18.250
v 48.000 -3.247 18.250
v 48.000 -1.000 18.039
v 47.891 -0.750 18.250
v 48.000 -0.851 18.250
v 48.000 -3.247 18.500
v 48.000 -0.750 18.411
v 48.000 -0.702 18.500
v 48.000 -3.247 18.750
v 47.832 -0.500 18.750
v 48.000 -0.595 18.750
v 48.000 -3.246 19.000
v 47.987 -0.500 19.000
v 48.000 -0.507 19.000
v 48.000 -3.245 19.250
v 48.000 -0.500 19.025
v 48.000 -0.440 19.250
v 48.000 -3.245 19.500
v 48.000 -0.403 19.500
v 48.000 -3.245 19.750
v 48.000 -0.406 19.750
v 48.000 -3.245 20.000
v 48.000 -0.441 20.000
v 48.000 -3.247 20.250
v 48.000 -0.498 20.250
v 48.000 -3.250 20.500
v 48.000 -0.572 20.500
v 48.000 -0.500 20.258
v 47.822 -3.250 20.750
v 48.000 -3.250 20.526
v 48.000 -3.253 20.750
v 48.000 -0.674 20.750
v 48.000 -3.256 21.000
v 48.000 -0.814 21.000
v 48.000 -0.750 20.891
v 48.000 -3.260 21.250
v 47.967 -1.000 21.250
v 48.000 -0.988 21.250
v 47.953 -3.250 21.500
v 48.000 -3.263 21.500
v 47.911 -1.250 21.500
v 48.000 -1.192 21.500
v 48.000 -1.000 21.267
v 48.000 -3.250 21.559
v 47.896 -3.000 21.750
v 48.000 -3.156 21.750
v 47.773 -2.750 21.750
v 47.772 -1.750 21.750
v 47.944 -1.500 21.750
v 48.000 -1.442 21.750
v 48.000 -1.250 21.567
v 48.000 -3.000 21.868
v 48.000 -2.765 22.000
v 47.993 -2.750 22.000
v 47.914 -2.500 22.000
v 47.891 -2.250 22.000
v 47.928 -2.000 22.000
v 48.000 -1.821 22.000
v 48.000 -1.750 21.970
v 48.000 -1.500 21.802
v 48.000 -2.750 22.008
v 48.000 -2.500 22.088
v 48.000 -2.250 22.108
v 48.000 -2.000 22.070
vn -0.071 0.997 -0.007
vn -0.430 -0.888 -0.164
vn -0.165 0.983 -0.077
vn -0.409 -0.885 -0.223
vn -0.426 -0.887 -0.176
vn -0.311 0.929 -0.200
vn -0.398 -0.881 -0.254
vn -0.383 0.892 -0.239
vn -0.417 -0.866 -0.276
vn -0.374 0.895 -0.244
vn -0.455 -0.838 -0.301
vn -0.445 -0.846 -0.293
vn -0.384 0.897 -0.218
vn -0.393 0.897 -0.204
vn -0.473 -0.816 -0.332
vn -0.429 0.894 -0.131
vn -0.462 -0.806 -0.371
vn -0.452 0.890 -0.059
vn -0.487 -0.734 -0.475
vn -0.457 -0.804 -0.381
vn -0.508 0.858 0.075
vn -0.429 -0.760 -0.489
vn -0.570 0.803 0.174
vn -0.331 -0.784 -0.525
vn -0.429 -0.759 -0.489
vn -0.602 0.767 0.222
vn -0.607 0.761 0.229
vn -0.401 -0.774 -0.490
vn -0.519 -0.732 -0.441
vn -0.603 0.756 0.256
vn -0.587 -0.726 -0.358
vn -0.395 0.915 0.080
vn -0.611 -0.746 -0.264
vn -0.596 -0.731 -0.331
vn -0.147 0.983 -0.111
vn -0.587 -0.791 -0.171
vn -0.071 0.985 -0.158
vn -0.548 -0.833 -0.075
vn -0.074 0.985 -0.155
vn -0.532 -0.847 0.010
vn -0.079 0.986 -0.147
vn -0.523 -0.850 0.056
vn -0.083 0.987 -0.135
vn -0.083 0.988 -0.133
vn -0.487 -0.872 0.054
vn -0.084 0.989 -0.118
vn -0.395 -0.918 0.029
vn -0.083 0.991 -0.105
vn -0.263 -0.965 0.013
vn -0.078 0.993 -0.091
vn -0.133 -0.991 0.003
vn -0.068 0.995 -0.075
vn -0.033 -0.999 -0.033
vn -0.056 0.997 -0.060
vn 0.047 -0.992 -0.116
vn -0.049 0.998 -0.049
vn 0.128 -0.964 -0.235
vn -0.049 0.998 -0.045
vn 0.224 -0.904 -0.365
vn 0.187 -0.931 -0.314
vn -0.054 0.998 -0.044
vn 0.332 -0.805 -0.492
vn -0.062 0.997 -0.045
vn 0.428 -0.677 -0.599
vn 0.384 -0.740 -0.552
vn -0.009 0.984 -0.180
vn 0.506 -0.534 -0.678
vn 0.478 -0.591 -0.650
vn 0.355 0.717 -0.600
vn 0.497 0.434 -0.751
vn 0.564 -0.322 -0.761
vn 0.563 -0.337 -0.754
vn 0.536 -0.469 -0.702
vn 0.548 0.193 -0.814
vn 0.557 0.054 -0.829
vn 0.528 0.065 -0.847
vn 0.530 0.053 -0.846
vn 0.547 -0.073 -0.834
vn 0.563 -0.203 -0.801
vn 0.368 0.472 0.801
vn 0.361 0.539 0.761
vn 0.440 0.248 0.863
vn 0.456 0.158 0.876
vn 0.475 0.099 0.874
vn 0.450 -0.031 0.893
vn 0.407 -0.176 0.896
vn 0.347 -0.309 0.885
vn 0.278 -0.437 0.856
vn 0.268 -0.456 0.849
vn 0.084 0.939 0.333
vn 0.210 -0.560 0.801
vn 0.167 -0.633 0.756
vn 0.083 0.939 0.333
vn -0.057 0.983 0.176
vn 0.140 -0.678 0.722
vn 0.089 -0.746 0.659
vn -0.088 0.969 0.231
vn 0.061 -0.785 0.617
vn 0.037 -0.819 0.573
vn -0.319 0.934 -0.163
vn -0.434 -0.886 -0.163
vn -0.471 -0.869 -0.153
vn -0.422 0.882 -0.211
vn -0.464 -0.862 -0.205
vn -0.441 0.869 -0.223
vn -0.459 -0.851 -0.255
vn -0.438 0.871 -0.223
vn -0.436 0.872 -0.224
vn -0.437 0.871 -0.224
vn -0.437 -0.852 -0.288
vn -0.465 -0.834 -0.296
vn -0.460 -0.849 -0.261
vn -0.396 0.885 -0.243
vn -0.438 0.864 -0.248
vn -0.465 -0.826 -0.319
vn -0.473 0.844 -0.252
vn -0.451 -0.828 -0.334
vn -0.450 -0.828 -0.333
vn -0.452 -0.828 -0.330
vn -0.560 0.815 -0.151
vn -0.457 -0.809 -0.369
vn -0.435 -0.822 -0.368
vn -0.535 0.843 -0.058
vn -0.423 -0.795 -0.434
vn -0.579 0.815 -0.025
vn -0.586 0.810 -0.016
vn -0.588 0.808 -0.018
vn -0.429 -0.760 -0.489
vn -0.426 -0.744 -0.514
vn -0.423 -0.792 -0.441
vn -0.623 0.782 0.023
vn -0.658 0.751 0.066
vn -0.377 -0.753 -0.538
vn -0.469 -0.696 -0.543
vn -0.447 -0.720 -0.531
vn -0.610 0.759 0.227
vn -0.706 0.689 0.164
vn -0.565 -0.659 -0.496
vn -0.571 -0.647 -0.505
vn -0.556 -0.655 -0.512
vn -0.636 0.726 0.261
vn -0.705 0.661 0.256
vn -0.604 -0.710 -0.363
vn -0.687 -0.624 -0.373
vn -0.637 0.715 0.287
vn -0.661 0.687 0.301
vn -0.706 -0.674 -0.217
vn -0.734 -0.650 -0.196
vn -0.708 -0.633 -0.314
vn -0.632 0.719 0.289
vn -0.511 0.836 0.203
vn -0.652 -0.748 -0.127
vn -0.714 -0.696 -0.075
vn -0.195 0.979 -0.062
vn -0.590 -0.806 -0.057
vn -0.670 -0.742 -0.008
vn -0.072 0.985 -0.159
vn -0.562 -0.827 0.013
vn -0.629 -0.776 0.042
vn -0.072 0.986 -0.151
vn -0.553 -0.831 0.064
vn -0.592 -0.800 0.094
vn -0.072 0.987 -0.146
vn -0.072 0.988 -0.136
vn -0.520 -0.848 0.099
vn -0.541 -0.829 0.138
vn -0.072 0.990 -0.118
vn -0.443 -0.885 0.139
vn -0.455 -0.876 0.163
vn -0.072 0.992 -0.102
vn -0.399 -0.903 0.160
vn -0.340 -0.928 0.154
vn -0.068 0.994 -0.083
vn -0.233 -0.966 0.115
vn -0.061 0.996 -0.064
vn -0.150 -0.987 0.054
vn -0.051 0.997 -0.050
vn -0.073 -0.997 -0.032
vn -0.045 0.998 -0.045
vn 0.023 -0.990 -0.139
vn -0.044 0.998 -0.047
vn 0.174 -0.939 -0.297
vn 0.145 -0.956 -0.254
vn -0.049 0.997 -0.051
vn 0.275 -0.883 -0.381
vn 0.175 -0.943 -0.283
vn -0.056 0.997 -0.054
vn 0.400 -0.739 -0.543
vn 0.385 -0.771 -0.508
vn -0.059 0.997 -0.050
vn 0.490 -0.591 -0.641
vn 0.473 -0.642 -0.603
vn 0.408 -0.739 -0.536
vn 0.349 0.727 -0.591
vn 0.093 0.948 -0.304
vn 0.565 -0.335 -0.754
vn 0.558 -0.460 -0.691
vn 0.551 -0.493 -0.673
vn 0.503 -0.595 -0.627
vn 0.274 0.822 -0.499
vn 0.565 0.224 -0.794
vn 0.578 0.025 -0.815
vn 0.578 0.047 -0.814
vn 0.573 0.029 -0.819
vn 0.557 0.042 -0.829
vn 0.546 0.065 -0.835
vn 0.555 0.047 -0.830
vn 0.563 -0.041 -0.826
vn 0.587 -0.154 -0.795
vn 0.589 -0.163 -0.792
vn 0.593 -0.303 -0.746
vn 0.565 -0.458 -0.686
vn 0.579 0.025 -0.815
vn 0.550 0.067 -0.832
vn 0.567 -0.035 -0.823
vn 0.588 -0.153 -0.794
vn 0.462 0.257 0.849
vn 0.462 0.257 0.849
vn 0.461 0.266 0.846
vn 0.455 0.166 0.875
vn 0.450 0.163 0.878
vn 0.467 0.099 0.879
vn 0.444 0.085 0.892
vn 0.447 -0.036 0.894
vn 0.431 -0.062 0.900
vn 0.408 -0.193 0.892
vn 0.410 -0.213 0.887
vn 0.381 -0.321 0.867
vn 0.425 0.462 0.779
vn 0.290 0.806 0.516
vn 0.374 -0.348 0.860
vn 0.322 -0.470 0.822
vn 0.277 -0.547 0.790
vn -0.009 0.993 0.114
vn 0.250 -0.588 0.770
vn 0.175 -0.690 0.702
vn -0.018 0.993 0.114
vn -0.052 0.989 0.139
vn 0.160 -0.707 0.688
vn 0.082 -0.787 0.612
vn -0.092 0.976 0.199
vn 0.054 -0.811 0.583
vn 0.019 -0.838 0.546
vn -0.490 0.849 -0.199
vn -0.491 -0.855 -0.166
vn -0.493 -0.854 -0.167
vn -0.502 0.840 -0.205
vn -0.498 0.842 -0.209
vn -0.504 0.839 -0.207
vn -0.492 -0.845 -0.209
vn -0.517 -0.829 -0.214
vn -0.466 0.857 -0.218
vn -0.504 0.838 -0.210
vn -0.464 -0.848 -0.255
vn -0.534 -0.807 -0.252
vn -0.506 0.835 -0.218
vn -0.526 -0.805 -0.275
vn -0.512 0.818 -0.261
vn -0.476 -0.826 -0.302
vn -0.494 -0.821 -0.287
vn -0.515 -0.811 -0.279
vn -0.520 0.809 -0.275
vn -0.512 0.812 -0.280
vn -0.526 0.797 -0.297
vn -0.455 -0.835 -0.309
vn -0.573 0.804 -0.158
vn -0.608 0.770 -0.192
vn -0.430 -0.826 -0.365
vn -0.545 0.836 -0.062
vn -0.717 0.690 -0.097
vn -0.422 -0.795 -0.436
vn -0.431 -0.781 -0.451
vn -0.430 -0.824 -0.370
vn -0.782 0.613 -0.113
vn -0.433 -0.724 -0.537
vn -0.437 -0.715 -0.545
vn -0.436 -0.730 -0.526
vn -0.659 0.749 0.065
vn -0.807 0.585 -0.081
vn -0.815 0.577 -0.053
vn -0.825 0.562 -0.062
vn -0.479 -0.630 -0.611
vn -0.480 -0.627 -0.613
vn -0.478 -0.630 -0.612
vn -0.721 0.676 0.153
vn -0.858 0.511 0.062
vn -0.870 0.490 0.050
vn -0.593 -0.551 -0.587
vn -0.597 -0.541 -0.592
vn -0.585 -0.547 -0.599
vn -0.752 0.612 0.245
vn -0.860 0.462 0.215
vn -0.869 0.479 0.127
vn -0.741 -0.541 -0.397
vn -0.747 -0.534 -0.396
vn -0.734 -0.535 -0.419
vn -0.696 -0.610 -0.380
vn -0.754 0.571 0.326
vn -0.790 0.514 0.334
vn -0.782 -0.599 -0.172
vn -0.822 -0.549 -0.151
vn -0.606 0.740 0.293
vn -0.709 0.600 0.372
vn -0.748 0.563 0.350
vn -0.763 -0.645 -0.036
vn -0.814 -0.580 0.009
vn -0.555 0.790 0.261
vn -0.602 0.737 0.307
vn -0.722 -0.691 0.034
vn -0.770 -0.632 0.089
vn -0.510 0.832 0.219
vn -0.247 0.969 -0.010
vn -0.674 -0.734 0.084
vn -0.711 -0.692 0.128
vn -0.094 0.987 -0.128
vn -0.068 0.986 -0.149
vn -0.070 0.987 -0.146
vn -0.627 -0.765 0.145
vn -0.647 -0.743 0.168
vn -0.060 0.989 -0.133
vn -0.586 -0.782 0.214
vn -0.578 -0.786 0.222
vn -0.057 0.991 -0.118
vn -0.503 -0.823 0.263
vn -0.056 0.993 -0.100
vn -0.354 -0.918 0.181
vn -0.416 -0.872 0.257
vn -0.055 0.995 -0.080
vn -0.313 -0.931 0.188
vn -0.333 -0.921 0.203
vn -0.052 0.997 -0.058
vn -0.313 -0.932 0.180
vn -0.267 -0.955 0.130
vn -0.048 0.998 -0.044
vn -0.193 -0.980 0.057
vn -0.045 0.998 -0.042
vn -0.085 -0.996 -0.019
vn -0.044 0.998 -0.049
vn 0.058 -0.991 -0.118
vn -0.044 0.997 -0.055
vn 0.206 -0.946 -0.249
vn 0.205 -0.947 -0.247
vn -0.044 0.998 -0.054
vn 0.336 -0.855 -0.395
vn 0.206 -0.946 -0.248
vn -0.042 0.998 -0.052
vn 0.439 -0.729 -0.526
vn 0.435 -0.737 -0.517
vn -0.046 0.998 -0.049
vn 0.522 -0.591 -0.615
vn 0.514 -0.616 -0.597
vn 0.442 -0.729 -0.523
vn 0.311 0.804 -0.506
vn 0.234 0.876 -0.423
vn 0.571 0.217 -0.791
vn 0.560 0.040 -0.828
vn 0.598 -0.289 -0.748
vn 0.577 -0.440 -0.688
vn 0.575 -0.447 -0.685
vn 0.527 -0.591 -0.611
vn 0.295 0.818 -0.493
vn 0.581 0.252 -0.774
vn 0.601 0.026 -0.799
vn 0.599 0.023 -0.800
vn 0.581 0.061 -0.812
vn 0.587 -0.012 -0.810
vn 0.594 -0.123 -0.795
vn 0.595 -0.271 -0.757
vn 0.577 -0.439 -0.689
vn 0.433 0.438 0.788
vn 0.433 0.433 0.791
vn 0.432 0.508 0.745
vn 0.447 0.230 0.865
vn 0.426 0.145 0.893
vn 0.427 0.079 0.901
vn 0.428 -0.065 0.902
vn 0.427 -0.214 0.879
vn 0.379 -0.349 0.857
vn 0.416 -0.353 0.838
vn 0.389 -0.454 0.802
vn 0.087 0.976 0.198
vn 0.382 -0.486 0.786
vn 0.294 -0.607 0.738
vn 0.315 -0.614 0.723
vn 0.301 -0.633 0.713
vn 0.010 0.999 0.048
vn 0.183 -0.729 0.660
vn 0.201 -0.744 0.637
vn 0.188 -0.757 0.626
vn -0.004 0.998 0.061
vn -0.033 0.995 0.095
vn 0.079 -0.833 0.548
vn -0.081 0.985 0.154
vn 0.052 -0.845 0.532
vn 0.000 -0.861 0.508
vn -0.507 0.833 -0.219
vn -0.559 0.792 -0.246
vn -0.518 -0.827 -0.218
vn -0.601 0.773 -0.204
vn -0.565 -0.784 -0.256
vn -0.615 0.763 -0.197
vn -0.612 0.766 -0.197
vn -0.616 0.763 -0.197
vn -0.574 -0.779 -0.254
vn -0.603 -0.755 -0.258
vn -0.571 -0.780 -0.256
vn -0.573 0.793 -0.206
vn -0.611 0.766 -0.199
vn -0.536 -0.801 -0.269
vn -0.595 -0.770 -0.228
vn -0.533 0.806 -0.258
vn -0.594 0.767 -0.245
vn -0.562 -0.798 -0.218
vn -0.575 0.751 -0.325
vn -0.499 -0.822 -0.273
vn -0.520 -0.813 -0.262
vn -0.542 -0.807 -0.236
vn -0.575 0.750 -0.325
vn -0.620 0.744 -0.250
vn -0.604 0.712 -0.358
vn -0.432 -0.825 -0.364
vn -0.500 -0.790 -0.355
vn -0.756 0.642 -0.128
vn -0.712 0.619 -0.333
vn -0.714 0.617 -0.331
vn -0.714 0.616 -0.333
vn -0.489 -0.741 -0.461
vn -0.497 -0.735 -0.461
vn -0.497 -0.742 -0.450
vn -0.794 0.596 -0.115
vn -0.826 0.522 -0.211
vn -0.811 0.507 -0.292
vn -0.508 -0.648 -0.567
vn -0.897 0.425 -0.126
vn -0.865 0.434 -0.253
vn -0.882 0.415 -0.225
vn -0.878 0.414 -0.241
vn -0.540 -0.510 -0.670
vn -0.513 -0.626 -0.587
vn -0.928 0.373 -0.002
vn -0.932 0.356 -0.064
vn -0.935 0.335 -0.118
vn -0.649 -0.434 -0.625
vn -0.692 -0.369 -0.621
vn -0.637 -0.407 -0.655
vn -0.548 -0.499 -0.672
vn -0.875 0.437 0.209
vn -0.931 0.320 0.175
vn -0.945 0.301 0.128
vn -0.963 0.255 0.086
vn -0.818 -0.429 -0.383
vn -0.902 -0.286 -0.325
vn -0.771 -0.346 -0.535
vn -0.860 0.384 0.335
vn -0.908 0.269 0.321
vn -0.927 0.245 0.284
vn -0.928 0.246 0.280
vn -0.922 -0.380 -0.077
vn -0.956 -0.293 -0.021
vn -0.906 -0.287 -0.312
vn -0.849 -0.509 -0.140
vn -0.741 0.549 0.387
vn -0.842 0.344 0.415
vn -0.866 0.280 0.413
vn -0.893 0.238 0.381
vn -0.888 -0.447 0.106
vn -0.907 -0.394 0.145
vn -0.833 -0.553 0.027
vn -0.733 0.537 0.418
vn -0.760 0.486 0.431
vn -0.840 0.337 0.426
vn -0.849 -0.492 0.192
vn -0.792 -0.598 0.124
vn -0.839 -0.505 0.203
vn -0.381 0.919 0.104
vn -0.671 0.642 0.371
vn -0.733 0.536 0.419
vn -0.749 -0.638 0.179
vn -0.790 -0.574 0.216
vn -0.338 0.939 0.069
vn -0.722 -0.653 0.229
vn -0.745 -0.623 0.239
vn -0.094 0.991 -0.099
vn -0.713 -0.649 0.265
vn -0.580 -0.783 0.225
vn -0.683 -0.669 0.294
vn -0.047 0.992 -0.115
vn -0.542 -0.783 0.305
vn -0.596 -0.727 0.342
vn -0.047 0.994 -0.101
vn -0.531 -0.778 0.336
vn -0.510 -0.793 0.334
vn -0.046 0.996 -0.079
vn -0.440 -0.855 0.272
vn -0.046 0.997 -0.057
vn -0.308 -0.939 0.155
vn -0.377 -0.904 0.201
vn -0.045 0.998 -0.043
vn -0.283 -0.949 0.137
vn -0.299 -0.942 0.152
vn -0.047 0.998 -0.042
vn -0.265 -0.954 0.141
vn -0.184 -0.976 0.114
vn -0.047 0.998 -0.047
vn -0.033 -0.999 0.035
vn -0.041 0.998 -0.050
vn 0.125 -0.987 -0.098
vn -0.034 0.998 -0.050
vn 0.265 -0.928 -0.260
vn 0.259 -0.932 -0.253
vn -0.035 0.998 -0.051
vn 0.387 -0.826 -0.410
vn -0.034 0.998 -0.050
vn 0.478 -0.708 -0.519
vn 0.475 -0.712 -0.516
vn -0.041 0.994 -0.099
vn 0.539 -0.573 -0.617
vn 0.536 -0.583 -0.610
vn 0.064 0.972 -0.226
vn 0.590 0.246 -0.769
vn 0.435 0.651 -0.622
vn 0.601 0.028 -0.799
vn 0.606 0.015 -0.795
vn 0.588 0.057 -0.807
vn 0.591 -0.010 -0.807
vn 0.596 -0.116 -0.795
vn 0.591 -0.253 -0.766
vn 0.577 -0.358 -0.735
vn 0.569 -0.412 -0.712
vn 0.539 -0.571 -0.619
vn 0.584 0.260 -0.769
vn 0.590 0.040 -0.806
vn 0.602 0.014 -0.798
vn 0.590 0.050 -0.806
vn 0.593 -0.010 -0.805
vn 0.592 -0.113 -0.798
vn 0.585 -0.248 -0.772
vn 0.476 0.205 0.856
vn 0.482 0.203 0.852
vn 0.478 0.230 0.848
vn 0.447 0.136 0.884
vn 0.478 0.134 0.868
vn 0.437 0.081 0.896
vn 0.500 0.084 0.862
vn 0.438 -0.061 0.897
vn 0.502 -0.060 0.863
vn 0.452 -0.201 0.869
vn 0.485 -0.199 0.851
vn 0.467 -0.295 0.834
vn 0.474 0.421 0.774
vn 0.265 0.882 0.389
vn 0.463 -0.333 0.821
vn 0.393 -0.484 0.782
vn 0.432 -0.479 0.764
vn 0.395 -0.562 0.727
vn 0.057 0.998 0.039
vn 0.142 0.976 0.166
vn 0.053 0.999 0.007
vn 0.362 -0.633 0.684
vn 0.296 -0.720 0.627
vn 0.036 0.999 0.009
vn 0.037 0.999 0.007
vn 0.242 -0.780 0.577
vn 0.193 -0.822 0.537
vn -0.002 0.999 0.047
vn 0.094 -0.878 0.470
vn -0.054 0.994 0.100
vn 0.079 -0.882 0.464
vn 0.011 -0.892 0.452
vn -0.626 0.720 -0.301
vn -0.647 0.696 -0.311
vn -0.544 -0.801 -0.251
vn -0.572 -0.769 -0.285
vn -0.637 0.742 -0.211
vn -0.693 0.690 -0.207
vn -0.503 -0.708 -0.496
vn 0.084 -0.884 -0.460
vn 0.076 -0.611 -0.788
vn 0.000 0.115 -0.993
vn -0.901 0.123 -0.415
vn -0.525 0.661 -0.536
vn -0.576 0.661 -0.482
vn -0.648 0.537 -0.540
vn -0.568 -0.781 -0.260
vn -0.765 -0.511 -0.392
vn -0.704 0.689 -0.174
vn -0.702 0.691 -0.171
vn -0.703 0.690 -0.170
vn 0.092 -0.957 0.277
vn -0.312 0.223 0.924
vn -0.584 0.664 -0.467
vn -0.688 -0.657 -0.310
vn -0.629 -0.731 -0.266
vn -0.661 -0.718 -0.218
vn -0.680 0.714 -0.167
vn -0.691 0.705 -0.159
vn -0.617 -0.759 -0.209
vn -0.638 -0.745 -0.193
vn -0.638 0.737 -0.224
vn -0.672 0.712 -0.203
vn -0.574 -0.792 -0.208
vn -0.634 -0.755 -0.170
vn -0.575 0.751 -0.325
vn -0.653 0.688 -0.317
vn -0.623 -0.749 -0.226
vn -0.652 0.669 -0.358
vn -0.627 0.665 -0.406
vn -0.661 0.614 -0.431
vn -0.578 -0.738 -0.347
vn -0.618 -0.707 -0.343
vn -0.621 -0.738 -0.265
vn -0.694 0.557 -0.456
vn -0.697 0.555 -0.454
vn -0.700 0.541 -0.466
vn -0.627 -0.628 -0.462
vn -0.796 0.495 -0.348
vn -0.757 0.473 -0.450
vn -0.766 0.467 -0.442
vn -0.763 0.460 -0.455
vn -0.539 -0.622 -0.567
vn -0.651 -0.504 -0.568
vn -0.630 -0.612 -0.479
vn -0.858 0.400 -0.323
vn -0.818 0.347 -0.458
vn -0.836 0.331 -0.437
vn -0.829 0.287 -0.481
vn -0.655 -0.339 -0.675
vn -0.686 -0.273 -0.674
vn -0.674 -0.332 -0.660
vn -0.654 -0.474 -0.589
vn -0.553 -0.494 -0.671
vn -0.936 0.320 -0.148
vn -0.937 0.226 -0.267
vn -0.846 0.167 -0.507
vn -0.915 0.096 -0.392
vn -0.824 0.018 -0.566
vn -0.873 -0.031 -0.487
vn -0.775 -0.098 -0.625
vn -0.817 -0.156 -0.555
vn -0.716 -0.208 -0.666
vn -0.740 -0.294 -0.606
vn -0.969 0.237 0.069
vn -0.993 0.115 -0.027
vn -0.990 -0.017 -0.137
vn -0.961 -0.144 -0.237
vn -0.903 -0.282 -0.323
vn -0.927 0.244 0.283
vn -0.956 0.164 0.243
vn -0.983 0.026 0.183
vn -0.988 -0.112 0.104
vn -0.970 -0.241 0.013
vn -0.886 0.222 0.406
vn -0.907 0.197 0.372
vn -0.929 0.119 0.351
vn -0.947 -0.027 0.320
vn -0.947 -0.175 0.269
vn -0.929 -0.315 0.195
vn -0.835 0.313 0.452
vn -0.872 0.186 0.452
vn -0.890 0.162 0.426
vn -0.910 0.090 0.405
vn -0.913 0.072 0.402
vn -0.927 -0.056 0.372
vn -0.920 -0.214 0.330
vn -0.926 -0.076 0.370
vn -0.890 -0.366 0.273
vn -0.841 -0.500 0.207
vn -0.740 0.530 0.413
vn -0.840 0.298 0.454
vn -0.848 0.265 0.459
vn -0.870 0.170 0.464
vn -0.889 0.151 0.433
vn -0.910 0.090 0.406
vn -0.918 -0.229 0.323
vn -0.880 -0.396 0.261
vn -0.897 -0.342 0.279
vn -0.819 -0.525 0.231
vn -0.748 0.521 0.411
vn -0.754 0.510 0.414
vn -0.840 0.297 0.454
vn -0.877 -0.402 0.265
vn -0.816 -0.520 0.255
vn -0.861 -0.434 0.267
vn -0.748 0.521 0.411
vn -0.502 0.836 0.221
vn -0.799 -0.497 0.339
vn -0.806 -0.482 0.344
vn -0.706 -0.641 0.303
vn -0.134 0.990 -0.046
vn -0.792 -0.495 0.357
vn -0.682 -0.617 0.393
vn -0.715 -0.557 0.422
vn -0.048 0.994 -0.100
vn -0.669 -0.613 0.420
vn -0.530 -0.775 0.345
vn -0.622 -0.665 0.414
vn -0.045 0.996 -0.079
vn -0.530 -0.781 0.329
vn -0.545 -0.765 0.343
vn -0.043 0.997 -0.057
vn -0.525 -0.787 0.324
vn -0.466 -0.838 0.283
vn -0.046 0.998 -0.046
vn -0.372 -0.892 0.257
vn -0.050 0.998 -0.044
vn -0.214 -0.962 0.171
vn -0.252 -0.936 0.247
vn -0.046 0.998 -0.043
vn -0.177 -0.960 0.217
vn -0.113 -0.976 0.189
vn -0.042 0.998 -0.043
vn 0.035 -0.998 0.053
vn -0.036 0.998 -0.047
vn 0.262 -0.931 -0.255
vn 0.175 -0.978 -0.116
vn -0.035 0.998 -0.050
vn 0.310 -0.907 -0.285
vn 0.308 -0.909 -0.281
vn -0.035 0.998 -0.054
vn 0.476 -0.712 -0.517
vn 0.423 -0.801 -0.424
vn 0.311 -0.906 -0.286
vn -0.038 0.998 -0.053
vn 0.502 -0.675 -0.541
vn 0.495 -0.688 -0.530
vn -0.036 0.998 -0.057
vn 0.022 0.978 -0.207
vn 0.569 -0.406 -0.715
vn 0.545 -0.528 -0.652
vn 0.542 -0.539 -0.645
vn 0.550 0.270 -0.790
vn 0.544 0.301 -0.783
vn 0.586 0.055 -0.808
vn 0.607 0.019 -0.794
vn 0.602 0.048 -0.797
vn 0.606 -0.007 -0.795
vn 0.606 -0.108 -0.788
vn 0.599 -0.235 -0.765
vn 0.598 -0.252 -0.761
vn 0.574 -0.388 -0.721
vn 0.551 0.272 -0.789
vn 0.596 0.063 -0.801
vn 0.617 0.022 -0.786
vn 0.618 0.049 -0.785
vn 0.624 -0.005 -0.781
vn 0.620 -0.108 -0.777
vn 0.602 -0.234 -0.764
vn 0.643 0.086 0.761
vn 0.654 0.084 0.752
vn 0.649 0.104 0.753
vn 0.629 -0.071 0.774
vn 0.641 -0.075 0.764
vn 0.624 -0.136 0.769
vn 0.510 0.394 0.765
vn 0.569 0.384 0.728
vn 0.521 0.556 0.648
vn 0.617 0.189 0.764
vn 0.633 0.136 0.762
vn 0.599 -0.211 0.773
vn 0.474 -0.330 0.816
vn 0.547 -0.331 0.769
vn 0.491 -0.472 0.732
vn 0.492 -0.472 0.732
vn 0.491 -0.473 0.732
vn 0.231 0.909 0.346
vn 0.165 0.956 0.241
vn 0.070 0.988 0.141
vn 0.388 -0.641 0.663
vn 0.405 -0.644 0.650
vn 0.383 -0.672 0.634
vn 0.050 0.999 -0.010
vn 0.277 -0.795 0.540
vn 0.048 0.999 -0.010
vn 0.274 -0.798 0.537
vn 0.188 -0.869 0.457
vn 0.028 1.000 0.005
vn 0.121 -0.909 0.400
vn 0.107 -0.901 0.420
vn 0.115 -0.911 0.396
vn -0.014 0.999 0.044
vn 0.047 -0.923 0.383
vn -0.672 0.668 -0.320
vn -0.665 0.668 -0.335
vn -0.618 -0.724 -0.307
vn -0.616 -0.725 -0.310
vn -0.702 0.682 -0.205
vn -0.683 0.699 -0.210
vn 0.322 -0.769 -0.553
vn 0.530 -0.128 -0.838
vn -0.560 0.575 -0.596
vn -0.416 -0.821 -0.390
vn -0.758 -0.526 -0.386
vn -0.681 0.714 -0.164
vn -0.618 -0.735 -0.280
vn -0.681 0.714 -0.163
vn -0.688 0.709 -0.157
vn -0.696 0.699 -0.163
vn -0.645 -0.737 -0.200
vn -0.655 -0.725 -0.213
vn -0.621 -0.735 -0.273
vn -0.691 0.693 -0.206
vn -0.719 0.658 -0.224
vn -0.653 -0.737 -0.173
vn -0.685 -0.705 -0.185
vn -0.667 0.674 -0.319
vn -0.733 0.583 -0.351
vn -0.636 -0.738 -0.227
vn -0.708 -0.662 -0.247
vn -0.733 0.568 -0.375
vn -0.704 0.553 -0.446
vn -0.743 0.492 -0.453
vn -0.700 -0.616 -0.361
vn -0.731 -0.572 -0.372
vn -0.716 -0.632 -0.296
vn -0.749 0.469 -0.468
vn -0.727 0.482 -0.490
vn -0.762 0.426 -0.488
vn -0.744 -0.462 -0.483
vn -0.758 -0.435 -0.486
vn -0.752 -0.463 -0.468
vn -0.644 -0.609 -0.463
vn -0.773 0.401 -0.492
vn -0.761 0.402 -0.509
vn -0.785 0.276 -0.554
vn -0.782 0.276 -0.559
vn -0.786 0.251 -0.565
vn -0.751 -0.329 -0.572
vn -0.783 -0.226 -0.579
vn -0.777 -0.328 -0.537
vn -0.675 -0.471 -0.568
vn -0.813 0.203 -0.545
vn -0.792 0.098 -0.603
vn -0.783 0.065 -0.619
vn -0.786 -0.058 -0.615
vn -0.753 -0.067 -0.655
vn -0.783 -0.200 -0.588
vn -0.717 -0.197 -0.669
vn -0.925 -0.058 0.375
vn -0.867 0.165 0.471
vn -0.883 0.129 0.452
vn -0.905 0.044 0.424
vn -0.920 -0.113 0.375
vn -0.913 -0.261 0.313
vn -0.840 0.301 0.451
vn -0.867 0.159 0.473
vn -0.882 0.097 0.461
vn -0.899 -0.007 0.438
vn -0.904 -0.174 0.390
vn -0.893 -0.310 0.327
vn -0.870 -0.411 0.273
vn -0.720 0.546 0.428
vn -0.823 0.291 0.488
vn -0.825 0.285 0.487
vn -0.861 0.152 0.485
vn -0.878 0.090 0.470
vn -0.895 -0.012 0.446
vn -0.888 -0.189 0.418
vn -0.843 -0.337 0.419
vn -0.848 -0.314 0.428
vn -0.828 -0.417 0.374
vn -0.713 0.529 0.460
vn -0.631 0.669 0.393
vn -0.836 -0.337 0.432
vn -0.768 -0.408 0.494
vn -0.746 -0.487 0.454
vn -0.765 -0.410 0.497
vn -0.174 0.985 0.016
vn -0.714 -0.485 0.505
vn -0.654 -0.613 0.442
vn -0.702 -0.503 0.504
vn -0.048 0.996 -0.074
vn -0.639 -0.627 0.445
vn -0.633 -0.635 0.442
vn -0.046 0.997 -0.058
vn -0.500 -0.801 0.330
vn -0.540 -0.746 0.390
vn -0.049 0.998 -0.050
vn -0.450 -0.810 0.377
vn -0.418 -0.828 0.375
vn -0.047 0.998 -0.043
vn -0.292 -0.883 0.367
vn -0.046 0.998 -0.039
vn -0.159 -0.945 0.285
vn -0.173 -0.933 0.315
vn -0.044 0.998 -0.040
vn -0.158 -0.941 0.299
vn -0.054 -0.981 0.189
vn -0.043 0.998 -0.043
vn 0.075 -0.997 0.019
vn -0.040 0.998 -0.050
vn 0.201 -0.968 -0.149
vn -0.038 0.998 -0.053
vn 0.334 -0.887 -0.318
vn 0.323 -0.895 -0.308
vn -0.038 0.998 -0.054
vn -0.038 0.998 -0.053
vn -0.037 0.998 -0.056
vn 0.496 -0.686 -0.532
vn 0.428 -0.780 -0.457
vn 0.333 -0.886 -0.322
vn -0.040 0.997 -0.065
vn 0.543 -0.537 -0.646
vn 0.508 -0.641 -0.576
vn 0.494 -0.671 -0.553
vn 0.160 0.927 -0.341
vn 0.593 -0.381 -0.710
vn 0.584 -0.476 -0.658
vn 0.566 -0.522 -0.638
vn 0.607 0.362 -0.708
vn 0.684 0.102 -0.722
vn 0.681 0.128 -0.721
vn 0.712 0.043 -0.701
vn 0.703 0.052 -0.709
vn 0.701 -0.003 -0.713
vn 0.700 -0.109 -0.706
vn 0.700 -0.183 -0.690
vn 0.687 -0.233 -0.688
vn 0.635 -0.377 -0.674
vn 0.689 0.103 -0.717
vn 0.724 0.044 -0.689
vn 0.728 0.050 -0.684
vn 0.734 -0.004 -0.679
vn 0.721 -0.109 -0.685
vn 0.696 0.066 0.715
vn 0.695 0.064 0.716
vn 0.698 0.090 0.710
vn 0.682 -0.108 0.723
vn 0.682 -0.109 0.724
vn 0.678 -0.131 0.723
vn 0.652 0.361 0.666
vn 0.668 0.352 0.655
vn 0.642 0.464 0.610
vn 0.656 0.186 0.732
vn 0.691 0.185 0.699
vn 0.655 0.137 0.743
vn 0.700 0.140 0.700
vn 0.611 -0.214 0.762
vn 0.650 -0.246 0.719
vn 0.589 -0.343 0.732
vn 0.605 -0.353 0.713
vn 0.574 -0.420 0.703
vn 0.334 0.882 0.332
vn 0.377 0.863 0.336
vn 0.213 0.961 0.179
vn 0.542 -0.479 0.690
vn 0.465 -0.625 0.627
vn 0.049 0.999 -0.013
vn 0.451 -0.647 0.615
vn 0.362 -0.765 0.533
vn 0.045 0.999 -0.010
vn 0.313 -0.813 0.491
vn 0.275 -0.799 0.535
vn 0.265 -0.851 0.453
vn 0.043 0.999 -0.013
vn 0.184 -0.902 0.391
vn 0.040 0.999 -0.015
vn 0.151 -0.919 0.364
vn 0.127 -0.929 0.348
vn 0.021 1.000 0.001
vn 0.069 -0.947 0.314
vn -0.653 0.681 -0.331
vn -0.672 0.659 -0.338
vn -0.688 -0.668 -0.284
vn -0.696 -0.661 -0.282
vn -0.676 0.707 -0.208
vn -0.712 0.670 -0.212
vn -0.476 -0.803 -0.359
vn -0.660 -0.694 -0.289
vn -0.680 0.714 -0.164
vn -0.726 0.665 -0.174
vn -0.619 -0.734 -0.280
vn -0.687 -0.674 -0.273
vn -0.730 0.660 -0.180
vn -0.731 0.653 -0.198
vn -0.747 0.632 -0.207
vn -0.694 -0.680 -0.237
vn -0.717 -0.653 -0.245
vn -0.695 -0.669 -0.263
vn -0.741 0.620 -0.259
vn -0.774 0.561 -0.294
vn -0.708 -0.673 -0.213
vn -0.755 -0.609 -0.244
vn -0.738 0.574 -0.357
vn -0.782 0.499 -0.373
vn -0.776 0.484 -0.404
vn -0.788 0.456 -0.413
vn -0.780 -0.534 -0.327
vn -0.783 -0.527 -0.330
vn -0.780 -0.537 -0.321
vn -0.717 -0.647 -0.260
vn -0.757 0.464 -0.460
vn -0.800 0.380 -0.464
vn -0.795 0.381 -0.472
vn -0.815 0.331 -0.476
vn -0.766 -0.489 -0.417
vn -0.810 -0.357 -0.464
vn -0.775 0.397 -0.491
vn -0.831 0.269 -0.487
vn -0.819 0.277 -0.503
vn -0.853 0.115 -0.509
vn -0.847 0.116 -0.518
vn -0.851 -0.058 -0.522
vn -0.846 -0.060 -0.529
vn -0.835 -0.208 -0.510
vn -0.822 -0.209 -0.529
vn -0.811 -0.351 -0.468
vn -0.791 -0.334 -0.513
vn -0.798 0.107 -0.593
vn -0.799 -0.061 -0.599
vn -0.787 -0.203 -0.583
vn -0.825 0.285 0.488
vn -0.857 0.148 0.493
vn -0.874 0.077 0.480
vn -0.877 -0.035 0.479
vn -0.863 -0.209 0.460
vn -0.702 0.527 0.479
vn -0.796 0.245 0.554
vn -0.838 0.112 0.534
vn -0.861 0.064 0.505
vn -0.857 -0.026 0.514
vn -0.831 -0.197 0.521
vn -0.791 -0.330 0.515
vn -0.766 -0.408 0.497
vn -0.675 0.523 0.521
vn -0.671 0.531 0.517
vn -0.787 0.217 0.578
vn -0.834 0.098 0.544
vn -0.860 0.061 0.507
vn -0.857 -0.026 0.515
vn -0.830 -0.189 0.525
vn -0.786 -0.306 0.537
vn -0.741 -0.397 0.541
vn -0.769 -0.334 0.545
vn -0.708 -0.485 0.514
vn -0.196 0.978 0.071
vn -0.745 -0.390 0.540
vn -0.695 -0.489 0.526
vn -0.709 -0.460 0.534
vn -0.637 -0.629 0.447
vn -0.048 0.997 -0.058
vn -0.692 -0.488 0.532
vn -0.588 -0.642 0.492
vn -0.607 -0.602 0.519
vn -0.046 0.998 -0.048
vn -0.571 -0.639 0.515
vn -0.426 -0.809 0.405
vn -0.465 -0.727 0.506
vn -0.045 0.998 -0.042
vn -0.371 -0.794 0.482
vn -0.328 -0.818 0.473
vn -0.045 0.998 -0.040
vn -0.231 -0.883 0.408
vn -0.048 0.998 -0.040
vn -0.174 -0.925 0.337
vn -0.140 -0.945 0.296
vn -0.048 0.998 -0.044
vn -0.028 -0.990 0.141
vn -0.048 0.998 -0.046
vn 0.090 -0.995 -0.031
vn -0.045 0.998 -0.049
vn -0.041 0.998 -0.052
vn -0.043 0.998 -0.051
vn 0.199 -0.961 -0.192
vn -0.041 0.998 -0.054
vn 0.321 -0.879 -0.352
vn 0.311 -0.886 -0.344
vn -0.042 0.997 -0.062
vn 0.495 -0.669 -0.555
vn 0.432 -0.766 -0.476
vn 0.319 -0.880 -0.352
vn -0.027 0.995 -0.095
vn 0.577 -0.521 -0.629
vn 0.554 -0.628 -0.547
vn 0.520 -0.673 -0.526
vn 0.618 0.384 -0.686
vn 0.277 0.910 -0.309
vn 0.698 -0.234 -0.677
vn 0.693 -0.379 -0.613
vn 0.686 -0.480 -0.547
vn 0.655 -0.521 -0.547
vn 0.727 0.417 -0.546
vn 0.827 0.155 -0.540
vn 0.776 0.325 -0.540
vn 0.848 0.063 -0.526
vn 0.842 0.045 -0.537
vn 0.838 -0.010 -0.546
vn 0.835 -0.115 -0.539
vn 0.830 -0.234 -0.507
vn 0.828 -0.281 -0.485
vn 0.775 -0.373 -0.510
vn 0.857 0.166 -0.488
vn 0.889 0.066 -0.453
vn 0.893 0.038 -0.448
vn 0.897 -0.013 -0.441
vn 0.887 -0.112 -0.448
vn 0.852 -0.230 -0.471
vn 0.674 0.323 0.665
vn 0.673 0.308 0.672
vn 0.649 0.457 0.609
vn 0.688 0.182 0.703
vn 0.674 0.164 0.720
vn 0.697 0.140 0.704
vn 0.666 0.124 0.736
vn 0.652 0.049 0.757
vn 0.646 -0.113 0.755
vn 0.648 -0.253 0.718
vn 0.636 -0.255 0.728
vn 0.606 -0.377 0.701
vn 0.606 -0.380 0.699
vn 0.588 -0.420 0.691
vn 0.449 0.813 0.371
vn 0.493 0.766 0.411
vn 0.247 0.956 0.159
vn 0.547 -0.486 0.682
vn 0.546 -0.505 0.668
vn 0.492 -0.600 0.632
vn 0.051 0.998 -0.023
vn 0.454 -0.648 0.611
vn 0.455 -0.660 0.599
vn 0.404 -0.740 0.537
vn 0.047 0.999 -0.019
vn 0.332 -0.817 0.472
vn 0.338 -0.818 0.465
vn 0.322 -0.835 0.447
vn 0.042 0.999 -0.015
vn 0.246 -0.892 0.378
vn 0.038 0.999 -0.013
vn 0.178 -0.928 0.328
vn 0.038 0.999 -0.016
vn 0.175 -0.929 0.326
vn 0.121 -0.947 0.296
vn 0.037 0.999 -0.016
vn 0.055 -0.968 0.245
vn -0.719 0.607 -0.338
vn -0.752 0.564 -0.341
vn -0.761 -0.601 -0.243
vn -0.781 -0.578 -0.236
vn -0.732 0.646 -0.214
vn -0.808 0.549 -0.213
vn -0.709 -0.654 -0.265
vn -0.796 -0.555 -0.242
vn -0.730 0.661 -0.175
vn -0.818 0.540 -0.198
vn -0.821 0.542 -0.181
vn -0.840 0.510 -0.185
vn -0.813 -0.522 -0.256
vn -0.824 -0.505 -0.256
vn -0.816 -0.520 -0.253
vn -0.701 -0.660 -0.270
vn -0.814 0.534 -0.230
vn -0.866 0.438 -0.241
vn -0.799 -0.547 -0.249
vn -0.861 -0.443 -0.251
vn -0.799 0.515 -0.311
vn -0.876 0.383 -0.293
vn -0.864 0.378 -0.331
vn -0.888 0.318 -0.332
vn -0.875 -0.395 -0.281
vn -0.892 -0.350 -0.288
vn -0.878 -0.394 -0.272
vn -0.788 -0.559 -0.258
vn -0.825 0.374 -0.425
vn -0.895 0.236 -0.379
vn -0.873 0.245 -0.422
vn -0.907 0.105 -0.408
vn -0.905 0.107 -0.413
vn -0.912 -0.001 -0.410
vn -0.892 -0.207 -0.401
vn -0.912 -0.056 -0.407
vn -0.904 -0.213 -0.371
vn -0.844 -0.381 -0.378
vn -0.839 0.265 -0.475
vn -0.871 0.121 -0.475
vn -0.911 -0.042 -0.409
vn -0.874 -0.041 -0.484
vn -0.849 -0.202 -0.489
vn -0.812 -0.352 -0.466
vn -0.674 0.523 0.521
vn -0.766 0.190 0.614
vn -0.804 0.052 0.592
vn -0.838 0.040 0.544
vn -0.839 -0.011 0.544
vn -0.821 -0.169 0.546
vn -0.783 -0.299 0.546
vn -0.585 0.655 0.478
vn -0.694 0.393 0.603
vn -0.742 0.166 0.649
vn -0.774 0.008 0.633
vn -0.811 0.007 0.584
vn -0.825 -0.013 0.565
vn -0.810 -0.156 0.565
vn -0.773 -0.273 0.572
vn -0.788 -0.220 0.576
vn -0.735 -0.380 0.561
vn -0.555 0.694 0.458
vn -0.191 0.975 0.110
vn -0.767 -0.268 0.583
vn -0.704 -0.360 0.612
vn -0.643 -0.480 0.597
vn -0.665 -0.407 0.626
vn -0.042 0.998 -0.048
vn -0.616 -0.468 0.634
vn -0.505 -0.618 0.602
vn -0.518 -0.581 0.628
vn -0.041 0.998 -0.042
vn -0.495 -0.612 0.617
vn -0.357 -0.779 0.516
vn -0.393 -0.725 0.565
vn -0.044 0.998 -0.042
vn -0.361 -0.766 0.532
vn -0.304 -0.823 0.480
vn -0.047 0.998 -0.044
vn -0.199 -0.911 0.360
vn -0.222 -0.897 0.383
vn -0.051 0.998 -0.044
vn -0.206 -0.908 0.364
vn -0.120 -0.961 0.249
vn -0.050 0.998 -0.045
vn -0.049 0.998 -0.046
vn -0.050 0.998 -0.045
vn -0.010 -0.997 0.077
vn -0.049 0.998 -0.046
vn 0.089 -0.992 -0.087
vn -0.047 0.997 -0.054
vn 0.192 -0.956 -0.223
vn -0.046 0.997 -0.061
vn 0.327 -0.883 -0.338
vn 0.321 -0.887 -0.332
vn -0.045 0.997 -0.069
vn 0.536 -0.674 -0.508
vn 0.489 -0.772 -0.407
vn -0.012 0.997 -0.080
vn 0.676 -0.523 -0.519
vn 0.637 -0.658 -0.402
vn 0.619 -0.674 -0.403
vn 0.727 0.442 -0.526
vn 0.178 0.976 -0.128
vn 0.809 -0.374 -0.454
vn 0.766 -0.519 -0.380
vn 0.752 -0.556 -0.353
vn 0.722 0.546 -0.424
vn 0.494 0.820 -0.290
vn 0.878 0.191 -0.439
vn 0.904 0.074 -0.420
vn 0.906 0.039 -0.422
vn 0.908 -0.012 -0.419
vn 0.905 -0.110 -0.410
vn 0.893 -0.225 -0.389
vn 0.862 -0.362 -0.354
vn 0.830 -0.455 -0.324
vn 0.789 -0.512 -0.339
vn 0.743 0.499 -0.445
vn 0.805 0.387 -0.450
vn 0.878 0.206 -0.433
vn 0.899 0.084 -0.429
vn 0.903 0.045 -0.428
vn 0.911 -0.001 -0.412
vn 0.914 -0.098 -0.393
vn 0.905 -0.211 -0.369
vn 0.878 -0.327 -0.348
vn 0.871 -0.351 -0.343
vn 0.868 0.206 -0.452
vn 0.880 0.083 -0.468
vn 0.878 0.053 -0.476
vn 0.884 0.024 -0.467
vn 0.896 -0.071 -0.439
vn 0.897 -0.197 -0.395
vn 0.681 0.275 0.678
vn 0.695 0.262 0.670
vn 0.662 0.426 0.617
vn 0.676 0.153 0.721
vn 0.704 0.131 0.698
vn 0.665 0.119 0.737
vn 0.701 0.094 0.707
vn 0.652 0.048 0.757
vn 0.688 0.027 0.725
vn 0.645 -0.113 0.756
vn 0.671 -0.112 0.733
vn 0.631 -0.256 0.732
vn 0.645 -0.249 0.722
vn 0.598 -0.391 0.699
vn 0.600 -0.391 0.698
vn 0.593 -0.407 0.695
vn 0.525 0.724 0.448
vn 0.562 0.669 0.487
vn 0.237 0.958 0.159
vn 0.536 -0.525 0.662
vn 0.534 -0.537 0.653
vn 0.494 -0.597 0.632
vn 0.053 0.998 -0.033
vn 0.440 -0.671 0.597
vn 0.429 -0.686 0.587
vn 0.394 -0.728 0.562
vn 0.049 0.998 -0.028
vn 0.314 -0.823 0.473
vn 0.044 0.999 -0.021
vn 0.312 -0.825 0.471
vn 0.262 -0.886 0.384
vn 0.042 0.999 -0.018
vn 0.205 -0.927 0.315
vn 0.040 0.999 -0.016
vn 0.178 -0.939 0.295
vn 0.175 -0.930 0.322
vn 0.150 -0.950 0.274
vn 0.038 0.999 -0.015
vn 0.086 -0.969 0.232
vn 0.038 0.999 -0.016
vn 0.002 -0.987 0.162
vn -0.781 0.518 -0.348
vn -0.823 0.428 -0.373
vn -0.822 -0.517 -0.237
vn -0.870 -0.425 -0.249
vn -0.814 0.540 -0.215
vn -0.824 0.427 -0.372
vn -0.870 0.421 -0.256
vn -0.913 0.290 -0.287
vn -0.884 -0.377 -0.278
vn -0.915 -0.278 -0.293
vn -0.881 -0.397 -0.257
vn -0.822 -0.512 -0.248
vn -0.891 0.400 -0.216
vn -0.921 0.271 -0.281
vn -0.938 0.240 -0.250
vn -0.956 0.086 -0.282
vn -0.957 0.079 -0.278
vn -0.954 -0.067 -0.292
vn -0.955 -0.069 -0.290
vn -0.930 -0.222 -0.293
vn -0.935 -0.215 -0.283
vn -0.891 -0.366 -0.267
vn -0.888 0.384 -0.251
vn -0.937 0.221 -0.271
vn -0.959 0.072 -0.276
vn -0.961 -0.067 -0.268
vn -0.943 -0.215 -0.256
vn -0.890 -0.382 -0.247
vn -0.914 0.229 -0.335
vn -0.942 0.088 -0.323
vn -0.951 -0.051 -0.306
vn -0.933 -0.213 -0.292
vn -0.913 -0.042 -0.407
vn -0.726 0.164 0.668
vn -0.743 -0.014 0.669
vn -0.790 -0.009 0.613
vn -0.802 -0.020 0.598
vn -0.798 -0.155 0.582
vn -0.478 0.771 0.422
vn -0.641 0.412 0.648
vn -0.672 0.184 0.717
vn -0.677 -0.043 0.735
vn -0.696 -0.058 0.715
vn -0.718 -0.038 0.695
vn -0.706 -0.149 0.692
vn -0.695 -0.249 0.674
vn -0.704 -0.152 0.693
vn -0.676 -0.351 0.648
vn -0.395 0.842 0.367
vn -0.134 0.985 0.109
vn -0.665 -0.239 0.707
vn -0.608 -0.326 0.724
vn -0.554 -0.446 0.703
vn -0.563 -0.402 0.722
vn -0.039 0.998 -0.045
vn -0.547 -0.442 0.711
vn -0.478 -0.591 0.649
vn -0.469 -0.606 0.642
vn -0.042 0.998 -0.047
vn -0.382 -0.743 0.549
vn -0.383 -0.742 0.550
vn -0.045 0.998 -0.047
vn -0.382 -0.743 0.549
vn -0.289 -0.835 0.469
vn -0.046 0.998 -0.047
vn -0.049 0.998 -0.046
vn -0.046 0.998 -0.047
vn -0.213 -0.897 0.386
vn -0.186 -0.918 0.351
vn -0.050 0.998 -0.044
vn -0.088 -0.980 0.178
vn -0.051 0.998 -0.047
vn 0.002 -1.000 0.010
vn -0.053 0.997 -0.051
vn 0.099 -0.989 -0.108
vn -0.049 0.997 -0.060
vn 0.323 -0.887 -0.331
vn 0.226 -0.956 -0.186
vn -0.044 0.996 -0.071
vn 0.396 -0.882 -0.255
vn 0.386 -0.891 -0.239
vn -0.037 0.997 -0.068
vn 0.629 -0.672 -0.391
vn 0.538 -0.801 -0.263
vn 0.411 -0.879 -0.243
vn -0.028 0.998 -0.064
vn 0.683 -0.665 -0.302
vn 0.637 -0.723 -0.267
vn 0.033 0.998 -0.061
vn 0.799 -0.513 -0.313
vn 0.690 -0.667 -0.281
vn 0.690 -0.668 -0.280
vn 0.723 0.547 -0.421
vn 0.164 0.982 -0.098
vn 0.871 -0.351 -0.345
vn 0.790 -0.520 -0.325
vn 0.730 -0.607 -0.313
vn 0.690 -0.667 -0.281
vn 0.668 0.618 -0.415
vn 0.448 0.846 -0.289
vn 0.850 0.215 -0.480
vn 0.873 0.084 -0.481
vn 0.872 0.056 -0.486
vn 0.883 0.024 -0.468
vn 0.894 -0.069 -0.444
vn 0.889 -0.191 -0.416
vn 0.853 -0.348 -0.388
vn 0.779 -0.516 -0.357
vn 0.777 -0.521 -0.354
vn 0.675 0.584 -0.451
vn 0.820 0.325 -0.471
vn 0.864 0.210 -0.458
vn 0.877 0.075 -0.474
vn 0.869 0.057 -0.492
vn 0.872 0.046 -0.488
vn 0.880 -0.043 -0.474
vn 0.878 -0.168 -0.449
vn 0.849 -0.329 -0.414
vn 0.845 -0.342 -0.411
vn 0.872 0.210 -0.443
vn 0.895 0.063 -0.442
vn 0.886 0.048 -0.461
vn 0.888 0.050 -0.457
vn 0.890 -0.028 -0.454
vn 0.883 -0.153 -0.444
vn 0.849 -0.327 -0.414
vn 0.735 0.245 0.632
vn 0.744 0.236 0.625
vn 0.680 0.459 0.571
vn 0.736 0.121 0.666
vn 0.755 0.107 0.647
vn 0.725 0.084 0.683
vn 0.751 0.056 0.658
vn 0.700 0.020 0.714
vn 0.725 -0.014 0.688
vn 0.685 -0.116 0.719
vn 0.700 -0.131 0.702
vn 0.668 -0.254 0.700
vn 0.673 -0.255 0.694
vn 0.636 -0.398 0.661
vn 0.585 0.635 0.505
vn 0.637 0.558 0.532
vn 0.239 0.961 0.137
vn 0.636 -0.399 0.661
vn 0.541 -0.560 0.628
vn 0.550 -0.563 0.618
vn 0.527 -0.597 0.605
vn 0.056 0.998 -0.041
vn 0.417 -0.712 0.565
vn 0.420 -0.716 0.557
vn 0.406 -0.728 0.553
vn 0.051 0.998 -0.036
vn 0.314 -0.814 0.489
vn 0.048 0.998 -0.030
vn 0.277 -0.846 0.456
vn 0.311 -0.825 0.471
vn 0.234 -0.878 0.418
vn 0.045 0.999 -0.025
vn 0.180 -0.922 0.343
vn 0.044 0.999 -0.019
vn 0.144 -0.948 0.282
vn 0.155 -0.947 0.282
vn 0.139 -0.952 0.272
vn 0.044 0.999 -0.017
vn 0.089 -0.972 0.216
vn 0.042 0.999 -0.016
vn 0.014 -0.988 0.154
vn 0.040 0.999 -0.016
vn -0.077 -0.995 0.068
vn -0.823 0.427 -0.374
vn -0.866 0.273 -0.418
vn -0.899 0.086 -0.430
vn -0.912 -0.089 -0.401
vn -0.908 -0.252 -0.336
vn -0.877 -0.405 -0.260
vn -0.916 0.274 -0.292
vn -0.938 0.101 -0.330
vn -0.941 -0.063 -0.331
vn -0.925 -0.224 -0.308
vn -0.659 0.195 0.727
vn -0.654 -0.047 0.755
vn -0.684 -0.063 0.727
vn -0.701 -0.043 0.712
vn -0.705 -0.149 0.694
vn -0.373 0.852 0.369
vn -0.543 0.612 0.575
vn -0.635 0.228 0.739
vn -0.628 -0.040 0.777
vn -0.617 -0.075 0.784
vn -0.623 -0.048 0.781
vn -0.605 -0.138 0.784
vn -0.583 -0.219 0.782
vn -0.584 -0.197 0.787
vn -0.576 -0.319 0.753
vn -0.240 0.937 0.254
vn -0.040 0.998 0.052
vn -0.578 -0.219 0.786
vn -0.553 -0.319 0.769
vn -0.520 -0.444 0.730
vn -0.476 -0.591 0.652
vn -0.512 -0.466 0.722
vn -0.041 0.998 -0.049
vn -0.461 -0.592 0.661
vn -0.430 -0.639 0.638
vn -0.043 0.998 -0.049
vn -0.045 0.998 -0.048
vn -0.045 0.998 -0.049
vn -0.353 -0.730 0.585
vn -0.321 -0.761 0.564
vn -0.042 0.998 -0.048
vn -0.206 -0.892 0.401
vn -0.223 -0.867 0.445
vn -0.047 0.998 -0.049
vn -0.202 -0.894 0.400
vn -0.144 -0.953 0.266
vn -0.051 0.997 -0.049
vn -0.069 -0.993 0.100
vn -0.053 0.997 -0.052
vn 0.020 -1.000 -0.001
vn -0.050 0.997 -0.053
vn 0.134 -0.990 -0.052
vn -0.040 0.998 -0.058
vn 0.265 -0.960 -0.086
vn -0.025 0.998 -0.063
vn 0.474 -0.857 -0.203
vn 0.390 -0.912 -0.131
vn -0.022 0.998 -0.060
vn 0.512 -0.835 -0.203
vn 0.485 -0.854 -0.189
vn -0.018 0.998 -0.058
vn 0.551 -0.799 -0.241
vn 0.513 -0.832 -0.211
vn -0.021 0.998 -0.056
vn 0.673 -0.678 -0.295
vn 0.607 -0.748 -0.270
vn 0.020 0.998 -0.057
vn 0.776 -0.521 -0.355
vn 0.680 -0.675 -0.286
vn 0.669 -0.690 -0.277
vn 0.616 0.695 -0.371
vn 0.175 0.982 -0.074
vn 0.791 -0.502 -0.349
vn 0.744 -0.600 -0.293
vn 0.691 -0.667 -0.279
vn 0.629 0.702 -0.335
vn 0.421 0.877 -0.230
vn 0.876 0.228 -0.426
vn 0.909 0.057 -0.414
vn 0.900 0.043 -0.435
vn 0.895 0.050 -0.443
vn 0.895 -0.027 -0.446
vn 0.889 -0.148 -0.434
vn 0.863 -0.308 -0.400
vn 0.814 -0.470 -0.342
vn 0.807 -0.487 -0.333
vn 0.612 0.687 -0.391
vn 0.790 0.434 -0.433
vn 0.890 0.238 -0.390
vn 0.924 0.053 -0.380
vn 0.921 0.031 -0.387
vn 0.918 0.042 -0.395
vn 0.915 -0.035 -0.403
vn 0.903 -0.147 -0.404
vn 0.874 -0.293 -0.388
vn 0.865 -0.327 -0.380
vn 0.816 -0.465 -0.342
vn 0.883 0.257 -0.393
vn 0.922 0.065 -0.381
vn 0.929 0.029 -0.368
vn 0.928 0.035 -0.370
vn 0.928 0.030 -0.371
vn 0.927 -0.043 -0.372
vn 0.927 -0.046 -0.372
vn 0.913 -0.154 -0.379
vn 0.876 -0.293 -0.382
vn 0.927 -0.043 -0.372
vn 0.658 0.486 0.575
vn 0.654 0.483 0.582
vn 0.633 0.547 0.548
vn 0.739 0.233 0.632
vn 0.712 0.230 0.663
vn 0.754 0.103 0.648
vn 0.718 0.093 0.690
vn 0.749 0.048 0.660
vn 0.709 0.018 0.705
vn 0.724 -0.021 0.690
vn 0.685 -0.057 0.726
vn 0.696 -0.140 0.704
vn 0.667 -0.156 0.728
vn 0.666 -0.266 0.697
vn 0.651 -0.270 0.709
vn 0.627 -0.397 0.670
vn 0.641 0.551 0.533
vn 0.214 0.973 0.087
vn 0.636 -0.399 0.660
vn 0.622 -0.412 0.666
vn 0.557 -0.575 0.600
vn 0.553 -0.576 0.602
vn 0.541 -0.601 0.588
vn 0.055 0.998 -0.042
vn 0.451 -0.732 0.510
vn 0.051 0.998 -0.040
vn 0.446 -0.737 0.508
vn 0.361 -0.811 0.459
vn 0.051 0.998 -0.040
vn 0.279 -0.866 0.416
vn 0.275 -0.859 0.432
vn 0.261 -0.875 0.409
vn 0.047 0.998 -0.032
vn 0.180 -0.917 0.355
vn 0.047 0.999 -0.023
vn 0.113 -0.948 0.298
vn 0.046 0.999 -0.019
vn 0.089 -0.959 0.268
vn 0.063 -0.971 0.230
vn 0.046 0.999 -0.018
vn 0.002 -0.988 0.152
vn 0.044 0.999 -0.019
vn -0.077 -0.995 0.068
vn 0.041 0.999 -0.019
vn -0.163 -0.986 -0.026
vn -0.620 0.239 0.747
vn -0.618 -0.025 0.786
vn -0.600 -0.071 0.796
vn -0.600 -0.045 0.799
vn -0.589 -0.134 0.797
vn -0.350 0.845 0.404
vn -0.323 0.869 0.373
vn -0.620 0.263 0.740
vn -0.608 -0.013 0.794
vn -0.578 -0.055 0.814
vn -0.566 -0.034 0.823
vn -0.544 -0.124 0.830
vn -0.526 -0.220 0.822
vn -0.511 -0.326 0.796
vn -0.510 -0.308 0.803
vn -0.512 -0.445 0.734
vn -0.124 0.990 0.065
vn -0.043 0.998 -0.051
vn -0.046 0.998 -0.047
vn -0.506 -0.327 0.798
vn -0.469 -0.455 0.757
vn -0.427 -0.588 0.687
vn -0.429 -0.532 0.730
vn -0.038 0.998 -0.048
vn -0.398 -0.585 0.707
vn -0.320 -0.720 0.616
vn -0.323 -0.682 0.657
vn -0.042 0.998 -0.049
vn -0.301 -0.717 0.628
vn -0.242 -0.817 0.523
vn -0.041 0.998 -0.053
vn -0.200 -0.903 0.381
vn -0.188 -0.923 0.336
vn -0.048 0.997 -0.052
vn -0.131 -0.976 0.177
vn -0.049 0.998 -0.050
vn -0.057 -0.994 0.095
vn -0.043 0.998 -0.047
vn 0.039 -0.997 0.061
vn -0.036 0.998 -0.046
vn 0.140 -0.990 0.028
vn -0.023 0.998 -0.050
vn 0.232 -0.972 -0.024
vn -0.015 0.998 -0.057
vn 0.324 -0.942 -0.092
vn -0.015 0.998 -0.059
vn 0.516 -0.827 -0.221
vn 0.419 -0.895 -0.154
vn -0.017 0.998 -0.059
vn 0.543 -0.813 -0.213
vn 0.515 -0.838 -0.183
vn -0.023 0.998 -0.060
vn 0.604 -0.777 -0.177
vn 0.594 -0.784 -0.178
vn -0.025 0.998 -0.062
vn 0.721 -0.642 -0.262
vn 0.674 -0.714 -0.186
vn -0.019 0.998 -0.068
vn 0.751 -0.602 -0.270
vn 0.724 -0.647 -0.239
vn 0.428 0.861 -0.275
vn 0.123 0.989 -0.079
vn 0.822 -0.447 -0.352
vn 0.756 -0.577 -0.310
vn 0.756 -0.577 -0.309
vn 0.421 0.874 -0.243
vn 0.330 0.922 -0.201
vn 0.853 0.309 -0.421
vn 0.920 0.069 -0.385
vn 0.929 0.030 -0.369
vn 0.928 0.035 -0.370
vn 0.914 -0.156 -0.376
vn 0.879 -0.300 -0.370
vn 0.822 -0.446 -0.353
vn 0.798 -0.492 -0.348
vn 0.756 -0.577 -0.310
vn 0.409 0.877 -0.253
vn 0.716 0.577 -0.392
vn 0.855 0.342 -0.390
vn 0.921 0.110 -0.375
vn 0.935 0.048 -0.351
vn 0.939 0.039 -0.341
vn 0.944 -0.046 -0.327
vn 0.933 -0.168 -0.319
vn 0.896 -0.316 -0.311
vn 0.862 -0.404 -0.308
vn 0.826 -0.458 -0.328
vn 0.873 0.369 -0.320
vn 0.914 0.283 -0.292
vn 0.946 0.140 -0.294
vn 0.957 0.068 -0.281
vn 0.961 0.057 -0.270
vn 0.969 -0.031 -0.247
vn 0.959 -0.167 -0.230
vn 0.925 -0.310 -0.219
vn 0.917 -0.327 -0.228
vn 0.962 0.146 -0.230
vn 0.977 0.075 -0.201
vn 0.979 0.074 -0.189
vn 0.979 0.073 -0.192
vn 0.984 -0.012 -0.177
vn 0.973 -0.159 -0.166
vn 0.968 -0.190 -0.165
vn 0.981 0.072 -0.180
vn 0.985 -0.008 -0.170
vn 0.973 -0.159 -0.168
vn 0.641 0.449 0.622
vn 0.642 0.447 0.622
vn 0.614 0.528 0.586
vn 0.684 0.229 0.692
vn 0.676 0.225 0.702
vn 0.704 0.090 0.704
vn 0.682 0.081 0.727
vn 0.700 0.013 0.714
vn 0.679 -0.008 0.734
vn 0.675 -0.062 0.735
vn 0.658 -0.090 0.747
vn 0.646 -0.163 0.746
vn 0.632 -0.180 0.754
vn 0.608 -0.276 0.745
vn 0.599 -0.284 0.749
vn 0.571 -0.365 0.736
vn 0.172 0.981 0.090
vn 0.620 -0.413 0.667
vn 0.558 -0.422 0.715
vn 0.508 -0.592 0.626
vn 0.502 -0.593 0.630
vn 0.496 -0.606 0.622
vn 0.055 0.997 -0.044
vn 0.431 -0.741 0.516
vn 0.053 0.998 -0.043
vn 0.419 -0.755 0.505
vn 0.447 -0.738 0.506
vn 0.376 -0.813 0.444
vn 0.050 0.998 -0.044
vn 0.315 -0.871 0.377
vn 0.049 0.998 -0.039
vn 0.313 -0.873 0.375
vn 0.241 -0.915 0.323
vn 0.048 0.998 -0.033
vn 0.158 -0.947 0.281
vn 0.047 0.999 -0.024
vn 0.074 -0.969 0.235
vn 0.045 0.999 -0.019
vn 0.059 -0.973 0.224
vn -0.006 -0.986 0.167
vn 0.044 0.999 -0.018
vn -0.085 -0.993 0.078
vn 0.041 0.999 -0.021
vn -0.157 -0.988 -0.012
vn 0.039 0.999 -0.023
vn -0.223 -0.969 -0.107
vn -0.352 0.844 0.404
vn -0.568 0.261 0.781
vn -0.558 0.015 0.830
vn -0.530 -0.022 0.848
vn -0.507 -0.009 0.862
vn -0.490 -0.113 0.864
vn -0.497 -0.221 0.839
vn -0.545 0.294 0.785
vn -0.144 0.959 0.244
vn -0.557 0.015 0.830
vn -0.520 -0.017 0.854
vn -0.500 -0.006 0.866
vn -0.479 -0.111 0.871
vn -0.465 -0.224 0.856
vn -0.446 -0.333 0.831
vn -0.416 -0.447 0.791
vn -0.414 -0.417 0.809
vn -0.036 0.999 -0.036
vn -0.404 -0.446 0.799
vn -0.342 -0.569 0.747
vn -0.323 -0.603 0.729
vn -0.035 0.998 -0.051
vn -0.281 -0.720 0.635
vn -0.267 -0.768 0.583
vn -0.038 0.998 -0.056
vn -0.208 -0.909 0.360
vn -0.234 -0.892 0.388
vn -0.039 0.998 -0.056
vn -0.219 -0.918 0.330
vn -0.194 -0.952 0.238
vn -0.041 0.998 -0.046
vn -0.134 -0.976 0.170
vn -0.035 0.999 -0.039
vn -0.060 -0.987 0.147
vn -0.027 0.999 -0.037
vn 0.019 -0.993 0.114
vn -0.021 0.999 -0.042
vn 0.092 -0.994 0.065
vn -0.015 0.999 -0.052
vn 0.175 -0.984 0.015
vn -0.013 0.998 -0.059
vn 0.280 -0.960 -0.028
vn -0.014 0.998 -0.063
vn 0.398 -0.916 -0.053
vn -0.018 0.998 -0.063
vn 0.600 -0.781 -0.173
vn 0.500 -0.863 -0.068
vn -0.022 0.998 -0.065
vn 0.648 -0.744 -0.162
vn 0.571 -0.814 -0.106
vn -0.026 0.997 -0.068
vn 0.671 -0.712 -0.208
vn 0.615 -0.765 -0.191
vn -0.026 0.997 -0.073
vn 0.654 -0.701 -0.285
vn 0.640 -0.713 -0.285
vn -0.020 0.997 -0.081
vn 0.741 -0.583 -0.332
vn 0.671 -0.664 -0.328
vn 0.646 -0.704 -0.294
vn 0.059 0.995 -0.076
vn 0.091 0.993 -0.077
vn 0.831 -0.469 -0.299
vn 0.737 -0.613 -0.285
vn 0.724 -0.628 -0.285
vn 0.868 0.405 -0.288
vn 0.257 0.961 -0.101
vn 0.919 -0.328 -0.217
vn 0.847 -0.491 -0.203
vn 0.777 -0.600 -0.193
vn 0.740 -0.622 -0.256
vn 0.868 0.461 -0.184
vn 0.385 0.917 -0.106
vn 0.971 0.148 -0.187
vn 0.979 0.075 -0.188
vn 0.931 -0.330 -0.156
vn 0.856 -0.496 -0.144
vn 0.813 -0.566 -0.135
vn 0.864 0.479 -0.157
vn 0.469 0.875 -0.119
vn 0.979 0.147 -0.144
vn 0.988 0.069 -0.140
vn 0.984 0.070 -0.161
vn 0.986 -0.007 -0.167
vn 0.972 -0.160 -0.172
vn 0.928 -0.332 -0.169
vn 0.856 -0.495 -0.151
vn 0.835 -0.530 -0.144
vn 0.842 0.497 -0.208
vn 0.599 0.779 -0.184
vn 0.972 0.161 -0.170
vn 0.986 0.060 -0.153
vn 0.982 0.046 -0.184
vn 0.978 -0.025 -0.208
vn 0.958 -0.169 -0.230
vn 0.916 -0.327 -0.230
vn 0.857 -0.472 -0.207
vn 0.852 -0.485 -0.195
vn 0.821 0.497 -0.282
vn 0.769 0.572 -0.284
vn 0.953 0.194 -0.232
vn 0.978 0.055 -0.202
vn 0.973 0.013 -0.230
vn 0.964 -0.057 -0.260
vn 0.939 -0.190 -0.288
vn 0.900 -0.325 -0.291
vn 0.885 -0.369 -0.285
vn 0.811 0.504 -0.297
vn 0.882 0.345 -0.322
vn 0.919 0.243 -0.312
vn 0.959 0.061 -0.278
vn 0.956 -0.015 -0.293
vn 0.948 -0.089 -0.306
vn 0.924 -0.212 -0.318
vn 0.916 -0.244 -0.318
vn 0.896 -0.326 -0.301
vn 0.908 0.259 -0.329
vn 0.943 0.077 -0.325
vn 0.946 -0.019 -0.323
vn 0.947 -0.095 -0.308
vn 0.926 -0.214 -0.312
vn 0.698 0.411 0.587
vn 0.720 0.410 0.561
vn 0.692 0.454 0.562
vn 0.703 0.216 0.677
vn 0.828 0.201 0.523
vn 0.693 0.076 0.717
vn 0.841 0.068 0.537
vn 0.691 -0.013 0.723
vn 0.854 -0.017 0.520
vn 0.678 -0.100 0.728
vn 0.828 -0.120 0.547
vn 0.665 -0.198 0.720
vn 0.761 -0.222 0.609
vn 0.643 -0.316 0.698
vn 0.654 -0.321 0.686
vn 0.640 -0.330 0.694
vn 0.180 0.976 0.125
vn 0.548 -0.425 0.721
vn 0.562 -0.454 0.692
vn 0.477 -0.570 0.668
vn 0.054 0.997 -0.049
vn 0.457 -0.613 0.644
vn 0.384 -0.733 0.561
vn 0.052 0.997 -0.053
vn 0.354 -0.774 0.526
vn 0.408 -0.759 0.509
vn 0.325 -0.811 0.487
vn 0.049 0.998 -0.046
vn 0.295 -0.864 0.408
vn 0.049 0.998 -0.044
vn 0.286 -0.876 0.389
vn 0.313 -0.873 0.375
vn 0.263 -0.907 0.329
vn 0.049 0.998 -0.041
vn 0.214 -0.943 0.256
vn 0.050 0.998 -0.033
vn 0.136 -0.972 0.194
vn 0.048 0.999 -0.025
vn 0.054 -0.988 0.148
vn 0.053 -0.983 0.177
vn 0.040 -0.989 0.140
vn 0.044 0.999 -0.021
vn -0.067 -0.995 0.074
vn 0.039 0.999 -0.021
vn -0.155 -0.988 0.002
vn 0.036 0.999 -0.023
vn -0.213 -0.974 -0.070
vn 0.034 0.999 -0.024
vn -0.238 -0.959 -0.153
vn -0.540 0.291 0.790
vn -0.501 0.525 0.688
vn -0.515 0.051 0.855
vn -0.478 0.019 0.878
vn -0.461 0.015 0.887
vn -0.444 -0.101 0.890
vn -0.430 -0.225 0.874
vn -0.419 -0.329 0.847
vn -0.419 -0.288 0.861
vn -0.060 0.996 0.069
vn -0.413 -0.327 0.850
vn -0.385 -0.432 0.816
vn -0.339 -0.559 0.757
vn -0.354 -0.515 0.781
vn -0.033 0.998 -0.051
vn -0.346 -0.560 0.753
vn -0.310 -0.726 0.614
vn -0.324 -0.711 0.624
vn -0.031 0.998 -0.057
vn -0.321 -0.732 0.601
vn -0.305 -0.851 0.428
vn -0.031 0.998 -0.055
vn -0.252 -0.928 0.274
vn -0.268 -0.920 0.284
vn -0.026 0.999 -0.046
vn -0.257 -0.927 0.273
vn -0.217 -0.948 0.231
vn -0.026 0.999 -0.033
vn -0.153 -0.965 0.213
vn -0.022 0.999 -0.032
vn -0.089 -0.980 0.181
vn -0.021 0.999 -0.038
vn -0.027 -0.990 0.136
vn -0.018 0.999 -0.048
vn 0.035 -0.994 0.104
vn -0.015 0.998 -0.058
vn 0.102 -0.991 0.091
vn 0.124 -0.989 0.081
vn 0.113 -0.990 0.089
vn -0.014 0.998 -0.063
vn 0.266 -0.963 0.038
vn 0.212 -0.975 0.073
vn -0.014 0.998 -0.066
vn 0.379 -0.925 0.001
vn 0.309 -0.951 0.035
vn -0.019 0.998 -0.067
vn 0.447 -0.893 -0.058
vn 0.384 -0.923 -0.040
vn -0.021 0.997 -0.070
vn 0.461 -0.874 -0.156
vn 0.435 -0.887 -0.152
vn -0.024 0.997 -0.071
vn 0.482 -0.836 -0.262
vn 0.450 -0.873 -0.187
vn -0.023 0.997 -0.073
vn 0.614 -0.723 -0.317
vn 0.534 -0.789 -0.305
vn -0.020 0.997 -0.073
vn -0.017 0.997 -0.073
vn 0.601 -0.756 -0.262
vn 0.591 -0.763 -0.260
vn -0.012 0.997 -0.073
vn 0.743 -0.643 -0.187
vn 0.641 -0.749 -0.167
vn 0.602 -0.762 -0.239
vn 0.011 0.997 -0.080
vn 0.750 -0.649 -0.125
vn 0.669 -0.736 -0.107
vn 0.023 0.997 -0.075
vn 0.751 -0.647 -0.131
vn 0.688 -0.715 -0.124
vn 0.061 0.995 -0.082
vn 0.851 -0.484 -0.206
vn 0.737 -0.649 -0.188
vn 0.696 -0.693 -0.188
vn 0.125 0.986 -0.112
vn 0.837 -0.476 -0.271
vn 0.721 -0.645 -0.254
vn 0.716 -0.655 -0.242
vn 0.728 0.609 -0.314
vn 0.262 0.947 -0.187
vn 0.893 -0.326 -0.311
vn 0.830 -0.477 -0.289
vn 0.776 -0.565 -0.278
vn 0.638 0.691 -0.340
vn 0.486 0.825 -0.289
vn 0.898 0.280 -0.340
vn 0.941 0.079 -0.329
vn 0.946 -0.017 -0.325
vn 0.949 -0.091 -0.302
vn 0.940 -0.207 -0.271
vn 0.916 -0.322 -0.238
vn 0.852 -0.479 -0.210
vn 0.849 -0.483 -0.213
vn 0.649 0.717 -0.252
vn 0.739 0.638 -0.215
vn 0.929 0.304 -0.209
vn 0.974 0.097 -0.205
vn 0.983 0.013 -0.183
vn 0.988 -0.050 -0.147
vn 0.979 -0.176 -0.104
vn 0.949 -0.306 -0.069
vn 0.914 -0.402 -0.051
vn 0.945 0.325 0.036
vn 0.833 0.553 0.019
vn 0.989 0.125 0.081
vn 0.991 0.044 0.129
vn 0.990 -0.018 0.137
vn 0.977 -0.146 0.154
vn 0.946 -0.280 0.164
vn 0.907 -0.387 0.167
vn 0.850 0.397 0.347
vn 0.596 0.801 0.060
vn 0.888 0.181 0.422
vn 0.872 0.065 0.485
vn 0.877 -0.016 0.480
vn 0.869 -0.125 0.479
vn 0.848 -0.247 0.468
vn 0.866 -0.422 0.269
vn 0.805 -0.390 0.447
vn 0.785 -0.445 0.431
vn 0.221 0.974 -0.040
vn 0.607 -0.475 0.637
vn 0.682 -0.513 0.522
vn 0.590 -0.558 0.584
vn 0.053 0.996 -0.066
vn 0.462 -0.617 0.637
vn 0.513 -0.637 0.575
vn 0.436 -0.706 0.558
vn 0.049 0.997 -0.060
vn 0.342 -0.786 0.515
vn 0.349 -0.790 0.505
vn 0.325 -0.806 0.495
vn 0.047 0.998 -0.049
vn 0.263 -0.856 0.445
vn 0.046 0.998 -0.045
vn 0.238 -0.880 0.412
vn 0.269 -0.876 0.400
vn 0.226 -0.894 0.387
vn 0.045 0.998 -0.044
vn 0.196 -0.934 0.298
vn 0.050 0.998 -0.037
vn 0.144 -0.970 0.194
vn 0.052 0.998 -0.033
vn 0.075 -0.992 0.106
vn 0.048 0.998 -0.030
vn 0.041 -0.996 0.079
vn -0.019 -0.999 0.033
vn 0.043 0.999 -0.028
vn -0.122 -0.992 -0.027
vn 0.036 0.999 -0.026
vn -0.202 -0.977 -0.064
vn -0.206 -0.976 -0.070
vn -0.185 -0.981 -0.059
vn 0.032 0.999 -0.025
vn -0.232 -0.969 -0.086
vn -0.243 -0.965 -0.098
vn 0.032 0.999 -0.025
vn -0.239 -0.959 -0.153
vn -0.244 -0.959 -0.147
vn -0.544 0.295 0.785
vn -0.528 0.076 0.846
vn -0.492 0.042 0.869
vn -0.485 0.031 0.874
vn -0.466 -0.091 0.880
vn -0.437 -0.222 0.872
vn -0.563 0.361 0.744
vn -0.359 0.848 0.390
vn -0.547 0.093 0.832
vn -0.511 0.053 0.858
vn -0.495 0.034 0.868
vn -0.477 -0.087 0.875
vn -0.460 -0.215 0.862
vn -0.444 -0.316 0.838
vn -0.422 -0.419 0.804
vn -0.428 -0.409 0.806
vn -0.070 0.998 -0.010
vn -0.427 -0.420 0.801
vn -0.422 -0.568 0.707
vn -0.421 -0.627 0.656
vn -0.028 0.998 -0.054
vn -0.409 -0.758 0.508
vn -0.406 -0.786 0.465
vn -0.023 0.998 -0.051
vn -0.361 -0.872 0.331
vn -0.016 0.999 -0.042
vn -0.279 -0.922 0.268
vn -0.305 -0.909 0.283
vn -0.016 0.999 -0.035
vn -0.289 -0.916 0.279
vn -0.245 -0.931 0.270
vn -0.021 0.999 -0.032
vn -0.192 -0.953 0.235
vn -0.025 0.999 -0.037
vn -0.142 -0.972 0.187
vn -0.025 0.999 -0.046
vn -0.100 -0.983 0.156
vn -0.021 0.998 -0.054
vn -0.066 -0.986 0.156
vn -0.056 -0.986 0.157
vn -0.017 0.998 -0.060
vn 0.005 -0.987 0.161
vn -0.016 0.998 -0.066
vn 0.087 -0.988 0.128
vn -0.018 0.997 -0.069
vn 0.173 -0.984 0.038
vn -0.022 0.997 -0.071
vn 0.253 -0.964 -0.085
vn -0.022 0.997 -0.073
vn 0.426 -0.872 -0.240
vn 0.328 -0.923 -0.199
vn -0.025 0.997 -0.072
vn 0.405 -0.878 -0.254
vn 0.402 -0.880 -0.252
vn -0.024 0.997 -0.072
vn -0.020 0.997 -0.075
vn 0.468 -0.855 -0.222
vn 0.405 -0.879 -0.251
vn -0.025 0.997 -0.074
vn 0.599 -0.784 -0.162
vn 0.512 -0.846 -0.149
vn -0.020 0.997 -0.073
vn 0.593 -0.798 -0.104
vn 0.518 -0.849 -0.102
vn -0.017 0.997 -0.069
vn 0.579 -0.806 -0.126
vn 0.519 -0.845 -0.131
vn -0.021 0.997 -0.071
vn 0.536 -0.822 -0.194
vn 0.521 -0.831 -0.196
vn -0.003 0.996 -0.086
vn 0.710 -0.658 -0.251
vn 0.540 -0.808 -0.237
vn 0.523 -0.827 -0.205
vn 0.014 0.995 -0.098
vn 0.692 -0.677 -0.250
vn 0.602 -0.767 -0.221
vn 0.077 0.990 -0.116
vn 0.850 -0.483 -0.209
vn 0.718 -0.680 -0.149
vn 0.684 -0.719 -0.126
vn 0.586 0.783 -0.206
vn 0.134 0.982 -0.131
vn 0.880 -0.473 -0.038
vn 0.760 -0.650 0.015
vn 0.743 -0.669 0.028
vn 0.391 0.917 -0.084
vn 0.142 0.982 -0.128
vn 0.883 -0.438 0.171
vn 0.779 -0.596 0.194
vn 0.749 -0.630 0.205
vn 0.124 0.987 -0.104
vn 0.055 0.991 -0.120
vn 0.737 -0.539 0.408
vn 0.691 -0.628 0.357
vn 0.054 0.991 -0.119
vn 0.050 0.993 -0.108
vn 0.569 -0.639 0.518
vn 0.642 -0.655 0.399
vn 0.560 -0.696 0.449
vn 0.047 0.996 -0.077
vn 0.429 -0.791 0.436
vn 0.435 -0.791 0.430
vn 0.429 -0.794 0.430
vn 0.046 0.997 -0.055
vn 0.325 -0.855 0.404
vn 0.045 0.997 -0.056
vn 0.236 -0.886 0.400
vn 0.043 0.998 -0.048
vn 0.232 -0.888 0.397
vn 0.168 -0.923 0.347
vn 0.045 0.998 -0.040
vn 0.101 -0.964 0.247
vn 0.047 0.998 -0.034
vn 0.031 -0.991 0.132
vn 0.046 0.998 -0.034
vn -0.033 -0.999 0.037
vn -0.017 -0.999 0.044
vn -0.039 -0.999 0.030
vn 0.045 0.998 -0.034
vn -0.112 -0.992 -0.055
vn -0.091 -0.995 -0.035
vn -0.062 -0.998 0.004
vn 0.040 0.999 -0.033
vn -0.138 -0.989 -0.050
vn -0.179 -0.977 -0.112
vn 0.036 0.999 -0.032
vn -0.231 -0.965 -0.124
vn 0.034 0.999 -0.026
vn -0.264 -0.957 -0.115
vn 0.032 0.999 -0.022
vn -0.283 -0.947 -0.151
vn -0.636 0.369 0.678
vn -0.651 0.183 0.737
vn -0.646 0.140 0.751
vn -0.609 0.084 0.789
vn -0.594 0.055 0.803
vn -0.571 -0.058 0.819
vn -0.543 -0.189 0.818
vn -0.496 -0.305 0.813
vn -0.534 -0.236 0.812
vn -0.645 0.396 0.654
vn -0.393 0.872 0.292
vn -0.524 -0.303 0.796
vn -0.524 -0.429 0.736
vn -0.474 -0.575 0.667
vn -0.528 -0.506 0.681
vn -0.102 0.995 -0.003
vn -0.526 -0.590 0.612
vn -0.435 -0.764 0.477
vn -0.519 -0.685 0.512
vn -0.020 0.999 -0.043
vn -0.481 -0.774 0.412
vn -0.470 -0.794 0.386
vn -0.014 0.999 -0.039
vn -0.408 -0.850 0.334
vn -0.012 0.999 -0.038
vn -0.320 -0.899 0.300
vn -0.357 -0.880 0.313
vn -0.023 0.999 -0.040
vn -0.344 -0.890 0.300
vn -0.316 -0.908 0.275
vn -0.030 0.999 -0.041
vn -0.278 -0.935 0.222
vn -0.033 0.998 -0.044
vn -0.236 -0.954 0.187
vn -0.028 0.998 -0.049
vn -0.091 -0.982 0.167
vn -0.192 -0.962 0.194
vn -0.024 0.998 -0.057
vn -0.164 -0.964 0.209
vn -0.139 -0.965 0.221
vn -0.021 0.998 -0.065
vn -0.074 -0.975 0.211
vn -0.022 0.997 -0.071
vn 0.009 -0.991 0.134
vn -0.023 0.997 -0.072
vn 0.101 -0.995 0.010
vn -0.024 0.997 -0.072
vn 0.191 -0.975 -0.112
vn -0.023 0.997 -0.071
vn -0.024 0.997 -0.071
vn -0.023 0.997 -0.071
vn 0.274 -0.944 -0.183
vn -0.025 0.997 -0.075
vn 0.386 -0.901 -0.198
vn 0.339 -0.923 -0.182
vn -0.020 0.997 -0.074
vn 0.369 -0.918 -0.143
vn 0.369 -0.918 -0.143
vn -0.024 0.997 -0.072
vn 0.373 -0.920 -0.117
vn 0.369 -0.918 -0.143
vn -0.017 0.997 -0.074
vn 0.361 -0.922 -0.137
vn -0.022 0.998 -0.065
vn 0.378 -0.906 -0.190
vn -0.019 0.997 -0.071
vn 0.489 -0.844 -0.222
vn 0.419 -0.886 -0.199
vn -0.006 0.996 -0.092
vn 0.501 -0.851 -0.157
vn 0.483 -0.864 -0.140
vn -0.001 0.994 -0.109
vn 0.563 -0.826 -0.032
vn 0.561 -0.827 -0.030
vn 0.006 0.993 -0.120
vn 0.624 -0.774 0.104
vn 0.617 -0.779 0.112
vn 0.014 0.993 -0.121
vn 0.665 -0.710 0.232
vn 0.627 -0.739 0.246
vn 0.022 0.994 -0.111
vn 0.665 -0.659 0.352
vn 0.589 -0.743 0.318
vn 0.025 0.994 -0.105
vn 0.030 0.995 -0.092
vn 0.523 -0.777 0.352
vn 0.539 -0.776 0.327
vn 0.513 -0.794 0.327
vn 0.044 0.996 -0.074
vn 0.404 -0.858 0.317
vn 0.038 0.997 -0.062
vn 0.312 -0.898 0.312
vn 0.042 0.998 -0.052
vn 0.278 -0.910 0.308
vn 0.233 -0.890 0.392
vn 0.201 -0.931 0.304
vn 0.044 0.998 -0.046
vn 0.090 -0.962 0.259
vn 0.044 0.998 -0.040
vn -0.017 -0.986 0.165
vn 0.040 0.999 -0.036
vn -0.109 -0.992 0.056
vn 0.039 0.999 -0.034
vn -0.046 -0.999 0.026
vn -0.184 -0.982 -0.036
vn 0.037 0.999 -0.035
vn -0.228 -0.968 -0.104
vn 0.040 0.999 -0.037
vn -0.251 -0.958 -0.142
vn 0.039 0.999 -0.032
vn -0.261 -0.953 -0.156
vn 0.036 0.999 -0.029
vn -0.297 -0.942 -0.157
vn 0.034 0.999 -0.024
vn -0.376 -0.904 -0.205
vn -0.651 0.144 0.745
vn -0.624 0.090 0.776
vn -0.621 0.063 0.781
vn -0.604 -0.043 0.796
vn -0.559 -0.182 0.809
vn -0.704 0.453 0.547
vn -0.744 0.246 0.622
vn -0.740 0.216 0.637
vn -0.697 0.129 0.705
vn -0.678 0.081 0.731
vn -0.662 -0.022 0.749
vn -0.643 -0.159 0.749
vn -0.630 -0.297 0.717
vn -0.572 -0.437 0.694
vn -0.631 -0.319 0.707
vn -0.718 0.456 0.526
vn -0.581 0.723 0.373
vn -0.630 -0.450 0.633
vn -0.584 -0.607 0.539
vn -0.627 -0.545 0.556
vn -0.269 0.962 0.048
vn -0.614 -0.612 0.499
vn -0.492 -0.776 0.396
vn -0.597 -0.673 0.437
vn -0.104 0.994 -0.034
vn -0.534 -0.761 0.369
vn -0.545 -0.751 0.371
vn -0.058 0.997 -0.044
vn -0.542 -0.757 0.366
vn -0.512 -0.792 0.331
vn -0.026 0.998 -0.050
vn -0.402 -0.870 0.287
vn -0.483 -0.825 0.294
vn -0.036 0.998 -0.048
vn -0.455 -0.849 0.267
vn -0.443 -0.859 0.255
vn -0.037 0.998 -0.044
vn -0.381 -0.894 0.235
vn -0.035 0.998 -0.044
vn -0.301 -0.921 0.247
vn -0.029 0.998 -0.052
vn -0.188 -0.950 0.250
vn -0.228 -0.934 0.273
vn -0.027 0.998 -0.063
vn -0.210 -0.938 0.274
vn -0.173 -0.946 0.272
vn -0.024 0.997 -0.071
vn -0.116 -0.970 0.214
vn -0.025 0.997 -0.072
vn -0.040 -0.994 0.101
vn -0.025 0.997 -0.072
vn 0.042 -0.999 -0.025
vn -0.025 0.997 -0.072
vn -0.025 0.997 -0.073
vn 0.120 -0.986 -0.112
vn -0.024 0.997 -0.073
vn 0.184 -0.973 -0.140
vn -0.020 0.997 -0.074
vn 0.221 -0.967 -0.131
vn -0.020 0.997 -0.071
vn 0.317 -0.941 -0.120
vn 0.237 -0.963 -0.126
vn -0.018 0.998 -0.068
vn 0.265 -0.955 -0.137
vn 0.244 -0.960 -0.137
vn -0.014 0.997 -0.072
vn 0.272 -0.951 -0.146
vn 0.254 -0.957 -0.141
vn -0.021 0.997 -0.069
vn 0.340 -0.931 -0.131
vn -0.019 0.997 -0.079
vn 0.414 -0.909 -0.056
vn -0.006 0.995 -0.100
vn 0.470 -0.881 0.059
vn 0.004 0.994 -0.109
vn 0.499 -0.849 0.175
vn 0.014 0.994 -0.110
vn 0.490 -0.834 0.252
vn 0.497 -0.827 0.263
vn 0.488 -0.832 0.263
vn 0.023 0.994 -0.103
vn 0.533 -0.789 0.307
vn 0.443 -0.850 0.283
vn 0.026 0.995 -0.094
vn 0.029 0.996 -0.087
vn 0.385 -0.886 0.257
vn 0.034 0.997 -0.071
vn 0.309 -0.924 0.227
vn 0.038 0.998 -0.057
vn 0.297 -0.928 0.224
vn 0.279 -0.919 0.277
vn 0.213 -0.954 0.209
vn 0.042 0.998 -0.050
vn 0.097 -0.977 0.191
vn 0.043 0.998 -0.047
vn -0.027 -0.990 0.139
vn 0.040 0.998 -0.043
vn -0.145 -0.988 0.051
vn 0.038 0.999 -0.039
vn -0.245 -0.969 -0.036
vn 0.032 0.999 -0.036
vn -0.310 -0.946 -0.090
vn 0.034 0.999 -0.033
vn -0.338 -0.934 -0.117
vn 0.037 0.999 -0.031
vn -0.328 -0.935 -0.138
vn 0.041 0.999 -0.035
vn -0.324 -0.931 -0.166
vn 0.040 0.999 -0.031
vn -0.371 -0.898 -0.235
vn -0.046 0.995 -0.084
vn -0.417 -0.873 -0.253
vn -0.485 -0.807 -0.337
vn -0.376 -0.895 -0.240
vn -0.744 0.221 0.630
vn -0.718 0.144 0.681
vn -0.715 0.093 0.693
vn -0.714 -0.008 0.700
vn -0.689 -0.150 0.709
vn -0.640 -0.297 0.709
vn -0.728 0.501 0.468
vn -0.801 0.304 0.516
vn -0.802 0.238 0.549
vn -0.789 0.189 0.585
vn -0.777 0.101 0.622
vn -0.775 -0.003 0.632
vn -0.770 -0.143 0.622
vn -0.764 -0.297 0.573
vn -0.686 -0.457 0.566
vn -0.764 -0.302 0.570
vn -0.769 0.555 0.318
vn -0.817 0.455 0.354
vn -0.816 0.327 0.477
vn -0.754 -0.450 0.479
vn -0.655 -0.611 0.445
vn -0.750 -0.485 0.449
vn -0.784 0.539 0.308
vn -0.685 0.688 0.239
vn -0.727 -0.580 0.368
vn -0.727 -0.581 0.366
vn -0.477 0.875 0.081
vn -0.609 -0.722 0.329
vn -0.705 -0.634 0.319
vn -0.304 0.953 -0.012
vn -0.672 -0.678 0.297
vn -0.672 -0.679 0.297
vn -0.165 0.985 -0.054
vn -0.472 -0.841 0.264
vn -0.619 -0.725 0.301
vn -0.059 0.997 -0.044
vn -0.483 -0.825 0.294
vn -0.526 -0.788 0.320
vn -0.037 0.998 -0.041
vn -0.477 -0.816 0.327
vn -0.413 -0.848 0.332
vn -0.033 0.998 -0.048
vn -0.325 -0.887 0.329
vn -0.029 0.998 -0.060
vn -0.264 -0.914 0.307
vn -0.273 -0.911 0.310
vn -0.028 0.997 -0.069
vn -0.271 -0.912 0.307
vn -0.241 -0.935 0.261
vn -0.026 0.997 -0.072
vn -0.195 -0.966 0.168
vn -0.026 0.997 -0.071
vn -0.129 -0.990 0.049
vn -0.025 0.997 -0.071
vn -0.021 0.997 -0.071
vn -0.055 -0.998 -0.043
vn -0.018 0.997 -0.070
vn 0.016 -0.996 -0.086
vn -0.015 0.997 -0.071
vn 0.071 -0.993 -0.096
vn -0.012 0.997 -0.071
vn 0.111 -0.989 -0.100
vn -0.014 0.998 -0.068
vn 0.151 -0.983 -0.106
vn -0.013 0.998 -0.068
vn 0.243 -0.962 -0.128
vn 0.199 -0.975 -0.095
vn -0.010 0.997 -0.075
vn 0.277 -0.958 -0.070
vn 0.262 -0.964 -0.052
vn -0.015 0.997 -0.076
vn 0.336 -0.942 0.005
vn 0.328 -0.944 0.013
vn -0.010 0.996 -0.084
vn 0.383 -0.919 0.094
vn 0.361 -0.927 0.102
vn 0.002 0.995 -0.097
vn 0.434 -0.881 0.186
vn 0.355 -0.915 0.191
vn 0.011 0.995 -0.099
vn 0.319 -0.916 0.243
vn 0.019 0.995 -0.094
vn 0.267 -0.933 0.243
vn 0.025 0.996 -0.083
vn 0.026 0.996 -0.082
vn 0.223 -0.953 0.207
vn 0.235 -0.950 0.207
vn 0.216 -0.955 0.201
vn 0.031 0.997 -0.066
vn 0.291 -0.932 0.218
vn 0.152 -0.977 0.151
vn 0.036 0.998 -0.054
vn 0.061 -0.992 0.111
vn 0.040 0.998 -0.048
vn -0.053 -0.996 0.073
vn 0.040 0.998 -0.047
vn -0.170 -0.985 0.018
vn 0.041 0.998 -0.046
vn -0.275 -0.960 -0.059
vn 0.036 0.998 -0.044
vn -0.344 -0.932 -0.117
vn 0.035 0.999 -0.037
vn -0.393 -0.910 -0.133
vn 0.033 0.999 -0.031
vn -0.410 -0.904 -0.119
vn 0.037 0.999 -0.030
vn -0.411 -0.903 -0.121
vn -0.418 -0.900 -0.120
vn -0.416 -0.902 -0.120
vn 0.030 0.999 -0.029
vn -0.382 -0.905 -0.185
vn -0.441 -0.875 -0.201
vn -0.094 0.989 -0.110
vn -0.374 -0.896 -0.238
vn -0.507 -0.796 -0.330
vn -0.449 0.764 -0.463
vn -0.580 -0.674 -0.457
vn -0.584 -0.668 -0.461
vn -0.581 -0.675 -0.454
vn -0.803 0.195 0.563
vn -0.818 0.103 0.565
vn -0.831 -0.002 0.556
vn -0.816 -0.140 0.561
vn -0.766 -0.297 0.570
vn -0.849 0.361 0.387
vn -0.883 0.218 0.416
vn -0.904 0.095 0.417
vn -0.914 -0.009 0.405
vn -0.905 -0.129 0.406
vn -0.864 -0.279 0.420
vn -0.779 -0.444 0.442
vn -0.775 0.572 0.269
vn -0.880 0.387 0.274
vn -0.919 0.264 0.294
vn -0.920 0.228 0.320
vn -0.921 0.093 0.379
vn -0.925 -0.011 0.381
vn -0.923 -0.125 0.363
vn -0.913 -0.252 0.320
vn -0.847 -0.408 0.340
vn -0.913 -0.255 0.319
vn -0.729 -0.579 0.366
vn -0.734 0.650 0.198
vn -0.887 0.406 0.220
vn -0.888 0.403 0.220
vn -0.877 -0.377 0.296
vn -0.879 -0.373 0.296
vn -0.782 -0.540 0.312
vn -0.713 0.682 0.163
vn -0.849 0.475 0.231
vn -0.887 0.406 0.220
vn -0.877 -0.377 0.297
vn -0.801 -0.511 0.312
vn -0.831 -0.458 0.314
vn -0.673 -0.677 0.297
vn -0.674 0.682 0.282
vn -0.725 0.610 0.319
vn -0.795 -0.503 0.338
vn -0.681 -0.653 0.330
vn -0.758 -0.541 0.365
vn -0.680 0.668 0.302
vn -0.392 0.912 0.123
vn -0.652 -0.633 0.418
vn -0.652 -0.632 0.419
vn -0.151 0.988 -0.018
vn -0.652 -0.633 0.419
vn -0.467 -0.804 0.369
vn -0.547 -0.723 0.422
vn -0.038 0.998 -0.045
vn -0.485 -0.780 0.395
vn -0.460 -0.802 0.381
vn -0.032 0.998 -0.057
vn -0.414 -0.847 0.332
vn -0.034 0.997 -0.067
vn -0.366 -0.887 0.281
vn -0.382 -0.880 0.283
vn -0.028 0.997 -0.069
vn -0.377 -0.884 0.274
vn -0.352 -0.912 0.212
vn -0.026 0.997 -0.068
vn -0.026 0.997 -0.069
vn -0.026 0.997 -0.068
vn -0.291 -0.949 0.118
vn -0.018 0.998 -0.066
vn -0.214 -0.976 0.035
vn -0.015 0.998 -0.067
vn -0.129 -0.991 -0.014
vn -0.009 0.998 -0.068
vn -0.062 -0.997 -0.036
vn -0.006 0.998 -0.070
vn -0.004 -0.999 -0.047
vn -0.007 0.998 -0.069
vn 0.053 -0.997 -0.050
vn -0.007 0.998 -0.067
vn 0.116 -0.993 -0.033
vn -0.005 0.998 -0.070
vn 0.177 -0.984 0.006
vn -0.001 0.997 -0.077
vn 0.219 -0.974 0.058
vn -0.004 0.997 -0.081
vn 0.232 -0.966 0.112
vn 0.000 0.996 -0.085
vn 0.204 -0.965 0.165
vn 0.006 0.996 -0.090
vn 0.153 -0.967 0.202
vn 0.015 0.996 -0.085
vn 0.100 -0.975 0.197
vn 0.024 0.997 -0.079
vn 0.020 0.997 -0.075
vn 0.095 -0.977 0.193
vn 0.059 -0.987 0.150
vn 0.021 0.997 -0.073
vn 0.027 0.998 -0.063
vn 0.003 -0.997 0.079
vn 0.033 0.998 -0.050
vn -0.084 -0.996 0.009
vn 0.035 0.998 -0.047
vn -0.196 -0.980 -0.040
vn 0.038 0.998 -0.046
vn -0.312 -0.946 -0.090
vn 0.026 0.999 -0.048
vn -0.389 -0.912 -0.133
vn 0.026 0.999 -0.046
vn -0.417 -0.895 -0.157
vn -0.424 -0.891 -0.161
vn -0.415 -0.896 -0.154
vn 0.041 0.998 -0.039
vn -0.416 -0.898 -0.145
vn -0.445 -0.881 -0.161
vn 0.039 0.999 -0.031
vn -0.420 -0.899 -0.123
vn -0.480 -0.865 -0.148
vn -0.024 0.999 -0.034
vn -0.539 -0.824 -0.175
vn -0.231 0.959 -0.164
vn -0.614 -0.746 -0.259
vn -0.586 0.621 -0.521
vn -0.609 -0.695 -0.382
vn -0.661 -0.632 -0.404
vn -0.634 -0.704 -0.319
vn -0.613 0.575 -0.542
vn -0.553 0.639 -0.534
vn -0.684 0.449 -0.576
vn -0.686 -0.517 -0.513
vn -0.700 -0.492 -0.518
vn -0.694 -0.517 -0.502
vn -0.925 0.231 0.301
vn -0.940 0.095 0.329
vn -0.944 -0.015 0.329
vn -0.939 -0.123 0.322
vn -0.914 -0.251 0.319
vn -0.924 0.265 0.277
vn -0.934 0.119 0.337
vn -0.936 -0.016 0.351
vn -0.932 -0.131 0.337
vn -0.916 -0.249 0.313
vn -0.865 0.433 0.253
vn -0.890 0.318 0.326
vn -0.899 0.161 0.407
vn -0.905 0.038 0.424
vn -0.905 -0.015 0.425
vn -0.900 -0.149 0.409
vn -0.904 -0.042 0.425
vn -0.890 -0.263 0.373
vn -0.863 -0.376 0.337
vn -0.818 0.461 0.344
vn -0.832 0.383 0.402
vn -0.845 0.357 0.397
vn -0.895 0.165 0.415
vn -0.894 -0.152 0.422
vn -0.859 -0.273 0.432
vn -0.820 -0.380 0.427
vn -0.835 -0.320 0.449
vn -0.778 -0.499 0.382
vn -0.599 0.752 0.277
vn -0.768 0.485 0.417
vn -0.777 0.475 0.414
vn -0.803 -0.375 0.463
vn -0.736 -0.484 0.473
vn -0.755 -0.441 0.486
vn -0.551 0.778 0.302
vn -0.640 0.669 0.378
vn -0.733 -0.475 0.487
vn -0.644 -0.610 0.462
vn -0.684 -0.551 0.478
vn -0.565 0.764 0.312
vn -0.317 0.944 0.086
vn -0.659 -0.598 0.456
vn -0.501 -0.772 0.390
vn -0.627 -0.656 0.419
vn -0.122 0.991 -0.055
vn -0.566 -0.743 0.357
vn -0.572 -0.738 0.358
vn -0.029 0.998 -0.064
vn -0.569 -0.741 0.356
vn -0.526 -0.792 0.310
vn -0.031 0.997 -0.064
vn -0.418 -0.877 0.237
vn -0.477 -0.840 0.260
vn -0.026 0.998 -0.063
vn -0.019 0.998 -0.062
vn -0.423 -0.883 0.202
vn -0.415 -0.889 0.193
vn -0.017 0.998 -0.060
vn -0.332 -0.935 0.124
vn -0.005 0.998 -0.062
vn -0.247 -0.967 0.068
vn -0.006 0.998 -0.062
vn -0.171 -0.985 0.030
vn -0.001 0.998 -0.070
vn -0.110 -0.994 0.016
vn -0.004 0.998 -0.069
vn -0.048 -0.999 0.015
vn 0.001 0.998 -0.066
vn 0.014 -0.999 0.032
vn -0.001 0.998 -0.068
vn 0.075 -0.996 0.057
vn 0.003 0.997 -0.073
vn 0.106 -0.991 0.078
vn 0.007 0.997 -0.081
vn 0.103 -0.990 0.100
vn 0.001 0.996 -0.085
vn 0.074 -0.989 0.125
vn 0.005 0.997 -0.083
vn 0.016 -0.989 0.150
vn 0.013 0.997 -0.079
vn -0.037 -0.987 0.155
vn -0.006 -0.986 0.165
vn -0.038 -0.987 0.155
vn 0.015 0.998 -0.069
vn -0.069 -0.992 0.107
vn 0.020 0.998 -0.062
vn 0.025 0.998 -0.054
vn -0.122 -0.993 0.009
vn 0.033 0.998 -0.048
vn -0.203 -0.975 -0.089
vn 0.024 0.999 -0.044
vn -0.308 -0.938 -0.162
vn 0.001 0.998 -0.055
vn -0.383 -0.912 -0.148
vn -0.427 -0.885 -0.186
vn -0.333 -0.928 -0.166
vn -0.049 0.997 -0.064
vn -0.414 -0.899 -0.143
vn -0.486 -0.855 -0.179
vn -0.050 0.998 -0.030
vn -0.524 -0.835 -0.170
vn -0.019 0.999 -0.026
vn -0.536 -0.823 -0.186
vn -0.092 0.992 -0.089
vn -0.591 -0.777 -0.217
vn -0.599 -0.769 -0.223
vn -0.589 -0.779 -0.217
vn -0.420 0.840 -0.344
vn -0.621 -0.747 -0.236
vn -0.679 -0.677 -0.284
vn -0.662 0.572 -0.484
vn -0.655 0.596 -0.464
vn -0.711 0.501 -0.493
vn -0.643 -0.714 -0.279
vn -0.749 -0.555 -0.362
vn -0.618 0.575 -0.536
vn -0.747 0.427 -0.509
vn -0.742 0.431 -0.513
vn -0.766 0.387 -0.514
vn -0.743 -0.518 -0.423
vn -0.796 -0.413 -0.443
vn -0.756 -0.538 -0.373
vn -0.686 0.446 -0.575
vn -0.778 0.337 -0.530
vn -0.749 0.350 -0.562
vn -0.807 0.204 -0.554
vn -0.806 0.205 -0.555
vn -0.808 0.197 -0.555
vn -0.810 -0.229 -0.540
vn -0.820 -0.166 -0.548
vn -0.814 -0.231 -0.533
vn -0.800 -0.376 -0.467
vn -0.765 -0.372 -0.525
vn -0.903 -0.015 0.429
vn -0.833 0.368 0.413
vn -0.855 0.204 0.478
vn -0.869 -0.013 0.495
vn -0.859 -0.166 0.485
vn -0.842 -0.279 0.461
vn -0.772 0.477 0.420
vn -0.812 0.380 0.443
vn -0.862 0.227 0.453
vn -0.864 0.210 0.457
vn -0.881 -0.009 0.474
vn -0.865 -0.154 0.478
vn -0.828 -0.268 0.492
vn -0.863 -0.162 0.478
vn -0.787 -0.369 0.493
vn -0.777 0.476 0.412
vn -0.820 0.393 0.417
vn -0.827 0.365 0.427
vn -0.838 -0.250 0.485
vn -0.807 -0.338 0.484
vn -0.809 -0.335 0.484
vn -0.743 -0.462 0.485
vn -0.509 0.834 0.211
vn -0.786 0.490 0.378
vn -0.794 0.470 0.385
vn -0.808 -0.337 0.484
vn -0.776 -0.440 0.451
vn -0.684 -0.589 0.431
vn -0.772 -0.456 0.443
vn -0.418 0.895 0.158
vn -0.612 0.730 0.303
vn -0.712 -0.574 0.405
vn -0.714 -0.571 0.405
vn -0.427 0.892 0.150
vn -0.291 0.956 0.039
vn -0.712 -0.574 0.405
vn -0.587 -0.734 0.342
vn -0.646 -0.666 0.372
vn -0.068 0.996 -0.056
vn -0.059 0.997 -0.059
vn -0.061 0.996 -0.058
vn -0.580 -0.739 0.342
vn -0.564 -0.756 0.333
vn -0.019 0.998 -0.054
vn -0.420 -0.885 0.199
vn -0.500 -0.820 0.279
vn -0.015 0.999 -0.053
vn -0.375 -0.911 0.170
vn -0.422 -0.880 0.217
vn -0.003 0.998 -0.056
vn -0.342 -0.928 0.147
vn -0.347 -0.925 0.152
vn -0.006 0.998 -0.064
vn -0.338 -0.930 0.145
vn -0.269 -0.958 0.102
vn -0.001 0.998 -0.068
vn -0.204 -0.976 0.078
vn -0.003 0.998 -0.068
vn -0.139 -0.987 0.076
vn 0.002 0.998 -0.064
vn -0.087 -0.992 0.092
vn 0.005 0.998 -0.067
vn -0.038 -0.994 0.101
vn 0.004 0.998 -0.069
vn -0.015 -0.996 0.090
vn 0.008 0.997 -0.081
vn -0.021 -0.996 0.084
vn 0.008 0.996 -0.085
vn -0.050 -0.995 0.082
vn 0.008 0.997 -0.076
vn -0.102 -0.991 0.091
vn 0.016 0.997 -0.074
vn -0.045 -0.987 0.153
vn -0.163 -0.980 0.110
vn 0.016 0.998 -0.063
vn -0.195 -0.978 0.076
vn -0.202 -0.977 0.066
vn 0.024 0.999 -0.047
vn 0.026 0.999 -0.045
vn -0.257 -0.965 -0.056
vn 0.025 0.999 -0.049
vn -0.277 -0.949 -0.151
vn -0.314 -0.932 -0.182
vn -0.275 -0.957 -0.094
vn 0.008 0.997 -0.071
vn -0.319 -0.932 -0.174
vn -0.406 -0.872 -0.273
vn -0.099 0.984 -0.146
vn -0.489 -0.826 -0.281
vn -0.426 0.893 -0.148
vn -0.570 -0.789 -0.228
vn -0.574 -0.785 -0.231
vn -0.565 -0.790 -0.236
vn -0.503 0.862 0.058
vn -0.585 -0.789 -0.188
vn -0.628 -0.750 -0.208
vn -0.391 0.917 -0.076
vn -0.586 -0.786 -0.197
vn -0.694 -0.681 -0.234
vn -0.641 0.668 -0.379
vn -0.738 -0.596 -0.317
vn -0.740 -0.593 -0.318
vn -0.738 -0.596 -0.315
vn -0.706 0.567 -0.424
vn -0.635 0.598 -0.489
vn -0.730 0.440 -0.523
vn -0.749 -0.572 -0.336
vn -0.795 -0.475 -0.378
vn -0.743 0.411 -0.528
vn -0.749 0.418 -0.514
vn -0.787 0.314 -0.532
vn -0.787 0.315 -0.530
vn -0.793 0.299 -0.532
vn -0.805 -0.414 -0.425
vn -0.827 -0.322 -0.461
vn -0.807 -0.430 -0.405
vn -0.756 -0.542 -0.368
vn -0.791 0.327 -0.516
vn -0.823 0.196 -0.533
vn -0.825 0.199 -0.529
vn -0.839 0.043 -0.542
vn -0.838 0.046 -0.544
vn -0.842 -0.114 -0.528
vn -0.839 -0.104 -0.535
vn -0.832 -0.276 -0.481
vn -0.830 -0.249 -0.499
vn -0.806 -0.380 -0.454
vn -0.828 0.045 -0.559
vn -0.827 -0.090 -0.554
vn -0.866 0.211 0.453
vn -0.888 -0.007 0.459
vn -0.866 -0.153 0.476
vn -0.834 0.360 0.418
vn -0.893 0.195 0.406
vn -0.911 0.009 0.412
vn -0.893 -0.114 0.436
vn -0.855 -0.229 0.465
vn -0.798 0.469 0.379
vn -0.846 0.342 0.409
vn -0.885 0.181 0.429
vn -0.894 0.079 0.440
vn -0.897 0.023 0.441
vn -0.888 -0.082 0.453
vn -0.889 -0.070 0.452
vn -0.867 -0.196 0.458
vn -0.832 -0.317 0.456
vn -0.780 -0.439 0.446
vn -0.781 0.491 0.385
vn -0.813 0.393 0.430
vn -0.828 0.354 0.434
vn -0.881 0.182 0.437
vn -0.887 -0.082 0.453
vn -0.862 -0.194 0.468
vn -0.826 -0.311 0.469
vn -0.782 -0.435 0.447
vn -0.816 -0.338 0.469
vn -0.361 0.928 0.093
vn -0.745 0.529 0.406
vn -0.761 0.509 0.402
vn -0.766 -0.435 0.473
vn -0.692 -0.581 0.429
vn -0.732 -0.489 0.474
vn -0.483 0.832 0.273
vn -0.666 -0.593 0.453
vn -0.571 -0.745 0.346
vn -0.636 -0.635 0.438
vn -0.181 0.984 0.001
vn -0.539 -0.769 0.342
vn -0.558 -0.745 0.367
vn -0.027 0.999 -0.042
vn -0.533 -0.777 0.334
vn -0.502 -0.814 0.293
vn -0.009 0.999 -0.053
vn -0.449 -0.863 0.232
vn -0.007 0.998 -0.061
vn -0.303 -0.944 0.128
vn -0.372 -0.910 0.182
vn -0.004 0.998 -0.066
vn -0.273 -0.953 0.130
vn -0.296 -0.944 0.148
vn 0.005 0.998 -0.066
vn -0.264 -0.954 0.141
vn -0.224 -0.965 0.134
vn 0.000 0.998 -0.058
vn -0.175 -0.976 0.133
vn 0.010 0.998 -0.066
vn -0.154 -0.980 0.128
vn 0.002 0.998 -0.068
vn -0.143 -0.985 0.095
vn 0.007 0.997 -0.075
vn -0.155 -0.986 0.064
vn 0.014 0.996 -0.083
vn -0.184 -0.982 0.041
vn 0.013 0.997 -0.073
vn -0.237 -0.971 0.029
vn 0.021 0.997 -0.069
vn -0.312 -0.949 0.046
vn 0.019 0.998 -0.059
vn -0.217 -0.974 0.061
vn -0.373 -0.928 0.006
vn 0.026 0.999 -0.045
vn 0.027 0.999 -0.045
vn -0.277 -0.959 -0.061
vn -0.432 -0.895 -0.107
vn 0.023 0.999 -0.044
vn 0.015 0.999 -0.049
vn -0.457 -0.855 -0.245
vn 0.001 0.993 -0.117
vn -0.508 -0.791 -0.339
vn -0.466 0.663 -0.586
vn -0.515 -0.797 -0.316
vn -0.553 -0.752 -0.359
vn -0.517 -0.784 -0.342
vn -0.564 0.529 -0.634
vn -0.761 0.597 -0.256
vn -0.563 0.788 -0.249
vn -0.650 -0.688 -0.321
vn -0.779 0.611 0.139
vn -0.567 0.819 0.089
vn -0.708 -0.649 -0.278
vn -0.738 -0.601 -0.307
vn -0.679 -0.663 -0.315
vn -0.742 0.661 -0.111
vn -0.777 0.605 -0.172
vn -0.741 -0.615 -0.270
vn -0.812 -0.477 -0.336
vn -0.718 0.570 -0.399
vn -0.793 0.419 -0.443
vn -0.788 0.401 -0.467
vn -0.801 0.346 -0.488
vn -0.822 -0.445 -0.355
vn -0.866 -0.335 -0.372
vn -0.818 -0.462 -0.342
vn -0.745 0.408 -0.528
vn -0.819 0.261 -0.510
vn -0.797 0.283 -0.533
vn -0.856 0.136 -0.499
vn -0.850 0.145 -0.506
vn -0.883 -0.002 -0.469
vn -0.882 -0.001 -0.470
vn -0.888 -0.153 -0.434
vn -0.884 -0.149 -0.443
vn -0.871 -0.302 -0.387
vn -0.855 -0.301 -0.422
vn -0.810 -0.437 -0.390
vn -0.827 0.191 -0.529
vn -0.854 0.036 -0.519
vn -0.857 -0.125 -0.500
vn -0.836 -0.282 -0.471
vn -0.895 0.024 0.446
vn -0.815 0.364 0.451
vn -0.819 0.210 0.533
vn -0.818 0.031 0.574
vn -0.824 -0.092 0.559
vn -0.829 -0.204 0.521
vn -0.820 -0.313 0.479
vn -0.752 0.516 0.410
vn -0.748 0.430 0.506
vn -0.741 0.364 0.564
vn -0.759 0.256 0.599
vn -0.769 0.037 0.639
vn -0.770 -0.111 0.628
vn -0.757 -0.235 0.610
vn -0.752 -0.336 0.568
vn -0.744 -0.279 0.608
vn -0.742 -0.442 0.504
vn -0.696 0.567 0.441
vn -0.708 0.530 0.466
vn -0.729 0.455 0.512
vn -0.729 -0.346 0.591
vn -0.682 -0.466 0.564
vn -0.648 -0.603 0.466
vn -0.679 -0.472 0.562
vn -0.698 0.574 0.429
vn -0.646 0.651 0.399
vn -0.613 -0.646 0.455
vn -0.614 -0.644 0.456
vn -0.345 0.926 0.152
vn -0.613 -0.647 0.454
vn -0.530 -0.790 0.309
vn -0.580 -0.737 0.347
vn -0.144 0.989 -0.030
vn -0.534 -0.796 0.284
vn -0.542 -0.788 0.290
vn -0.037 0.998 -0.059
vn -0.534 -0.796 0.284
vn -0.488 -0.833 0.261
vn -0.011 0.998 -0.057
vn -0.407 -0.884 0.230
vn 0.007 0.998 -0.063
vn -0.256 -0.955 0.152
vn -0.334 -0.921 0.198
vn -0.003 0.998 -0.059
vn -0.267 -0.950 0.159
vn -0.273 -0.948 0.161
vn 0.005 0.998 -0.064
vn -0.272 -0.949 0.158
vn -0.264 -0.956 0.130
vn -0.001 0.998 -0.070
vn -0.263 -0.961 0.085
vn 0.006 0.998 -0.068
vn -0.288 -0.957 0.037
vn 0.011 0.997 -0.078
vn -0.325 -0.946 -0.008
vn 0.016 0.998 -0.066
vn -0.394 -0.918 -0.052
vn 0.025 0.998 -0.066
vn -0.481 -0.875 -0.047
vn 0.022 0.998 -0.056
vn -0.555 -0.829 -0.074
vn 0.027 0.999 -0.046
vn -0.603 -0.783 -0.150
vn -0.050 0.998 -0.043
vn -0.075 0.996 -0.047
vn -0.579 -0.774 -0.257
vn -0.620 -0.740 -0.261
vn -0.607 -0.776 -0.172
vn -0.277 0.939 -0.203
vn -0.524 -0.780 -0.342
vn -0.623 -0.695 -0.358
vn -0.276 0.504 -0.818
vn -0.516 0.522 -0.679
vn -0.245 0.704 -0.667
vn -0.626 -0.672 -0.396
vn -0.649 -0.642 -0.408
vn -0.639 -0.665 -0.386
vn -0.319 0.924 -0.209
vn -0.658 -0.673 -0.337
vn -0.707 -0.551 -0.444
vn -0.654 0.676 -0.341
vn -0.778 -0.504 -0.376
vn -0.811 -0.366 -0.456
vn -0.712 -0.544 -0.444
vn -0.665 0.658 -0.353
vn -0.811 0.456 -0.366
vn -0.833 0.225 -0.506
vn -0.845 0.224 -0.486
vn -0.868 0.054 -0.493
vn -0.869 0.055 -0.492
vn -0.874 -0.073 -0.481
vn -0.876 -0.072 -0.476
vn -0.860 -0.196 -0.472
vn -0.874 -0.188 -0.448
vn -0.816 -0.355 -0.457
vn -0.856 -0.323 -0.404
vn -0.816 -0.466 -0.342
vn -0.836 0.244 -0.491
vn -0.881 0.088 -0.465
vn -0.902 -0.043 -0.431
vn -0.901 -0.166 -0.402
vn -0.875 -0.301 -0.378
vn 0.406 0.123 -0.905
vn 0.450 0.511 -0.732
vn 0.385 0.054 -0.921
vn 0.423 0.100 -0.901
vn 0.434 0.070 -0.898
vn 0.431 -0.083 -0.898
vn 0.418 -0.243 -0.875
vn 0.445 -0.348 -0.825
vn 0.444 0.115 -0.889
vn 0.442 0.070 -0.894
vn 0.476 0.129 -0.870
vn 0.514 0.095 -0.853
vn 0.523 -0.096 -0.847
vn 0.487 -0.266 -0.832
vn -0.726 0.286 0.625
vn -0.717 0.052 0.695
vn -0.722 -0.126 0.680
vn -0.738 -0.242 0.630
vn -0.699 0.506 0.505
vn -0.701 0.419 0.577
vn -0.702 0.360 0.614
vn -0.706 0.071 0.705
vn -0.698 -0.140 0.702
vn -0.684 -0.276 0.675
vn -0.684 -0.369 0.629
vn -0.680 -0.304 0.667
vn -0.680 -0.467 0.565
vn -0.693 0.591 0.413
vn -0.696 0.568 0.439
vn -0.693 0.552 0.463
vn -0.675 -0.387 0.628
vn -0.662 -0.521 0.539
vn -0.665 -0.506 0.549
vn -0.701 0.623 0.347
vn -0.720 0.600 0.347
vn -0.665 -0.529 0.527
vn -0.629 -0.683 0.373
vn -0.653 -0.645 0.397
vn -0.719 0.611 0.330
vn -0.661 0.694 0.285
vn -0.631 -0.694 0.345
vn -0.620 -0.713 0.327
vn -0.411 0.904 0.120
vn -0.536 -0.795 0.284
vn -0.594 -0.741 0.314
vn -0.225 0.974 -0.012
vn -0.538 -0.787 0.303
vn -0.537 -0.787 0.303
vn -0.099 0.993 -0.058
vn -0.489 -0.832 0.261
vn -0.055 0.997 -0.059
vn -0.428 -0.882 0.197
vn -0.014 0.998 -0.062
vn -0.318 -0.939 0.130
vn -0.401 -0.906 0.133
vn -0.002 0.998 -0.067
vn -0.354 -0.933 0.070
vn -0.384 -0.921 0.066
vn 0.005 0.998 -0.061
vn -0.391 -0.920 0.001
vn -0.412 -0.911 -0.006
vn 0.006 0.997 -0.071
vn -0.430 -0.901 -0.063
vn -0.461 -0.884 -0.079
vn -0.065 0.996 -0.057
vn -0.476 -0.873 -0.108
vn -0.541 -0.827 -0.154
vn -0.156 0.986 -0.063
vn -0.530 -0.844 -0.084
vn -0.622 -0.768 -0.157
vn -0.291 0.955 -0.061
vn -0.590 -0.802 -0.094
vn -0.691 -0.706 -0.154
vn -0.414 0.899 -0.141
vn -0.610 -0.778 -0.153
vn -0.720 -0.667 -0.191
vn -0.470 0.861 -0.193
vn -0.591 0.750 -0.296
vn -0.719 -0.646 -0.256
vn -0.743 -0.619 -0.254
vn -0.727 -0.653 -0.211
vn -0.599 0.672 -0.435
vn -0.659 -0.663 -0.355
vn -0.728 -0.590 -0.350
vn -0.540 0.674 -0.504
vn -0.488 0.649 -0.583
vn -0.712 -0.558 -0.425
vn -0.743 -0.505 -0.439
vn -0.734 -0.561 -0.383
vn -0.559 0.581 -0.591
vn -0.407 0.853 -0.327
vn -0.701 0.387 -0.599
vn -0.741 -0.410 -0.532
vn -0.754 -0.315 -0.576
vn -0.750 -0.422 -0.509
vn -0.708 -0.546 -0.447
vn -0.658 0.665 -0.353
vn -0.768 0.257 -0.586
vn -0.787 0.238 -0.569
vn -0.784 0.063 -0.618
vn -0.807 0.054 -0.588
vn -0.779 -0.093 -0.620
vn -0.807 -0.089 -0.584
vn -0.765 -0.249 -0.594
vn -0.811 -0.220 -0.542
vn -0.811 -0.358 -0.462
vn 0.418 0.668 -0.616
vn 0.169 0.954 -0.249
vn 0.461 -0.387 -0.799
vn 0.529 -0.457 -0.715
vn 0.449 0.665 -0.597
vn 0.580 0.104 -0.808
vn 0.554 0.073 -0.829
vn 0.559 0.153 -0.815
vn 0.561 0.111 -0.820
vn 0.564 0.144 -0.813
vn 0.576 -0.084 -0.813
vn 0.589 -0.257 -0.766
vn 0.589 -0.258 -0.765
vn 0.562 -0.383 -0.733
vn 0.567 0.117 -0.815
vn 0.583 -0.077 -0.809
vn 0.589 -0.257 -0.766
vn -0.703 0.379 0.601
vn -0.721 0.094 0.686
vn -0.707 -0.142 0.693
vn -0.684 -0.278 0.675
vn -0.694 0.568 0.443
vn -0.735 0.463 0.495
vn -0.735 0.463 0.496
vn -0.760 0.128 0.637
vn -0.750 -0.132 0.649
vn -0.733 -0.287 0.617
vn -0.698 -0.408 0.588
vn -0.733 -0.311 0.605
vn -0.727 0.594 0.345
vn -0.745 0.567 0.352
vn -0.732 -0.428 0.530
vn -0.698 -0.569 0.435
vn -0.732 -0.501 0.462
vn -0.728 0.620 0.293
vn -0.743 0.603 0.290
vn -0.736 0.602 0.310
vn -0.713 -0.588 0.382
vn -0.635 -0.699 0.330
vn -0.705 -0.614 0.355
vn -0.708 0.657 0.258
vn -0.761 0.598 0.253
vn -0.657 -0.684 0.318
vn -0.692 -0.647 0.320
vn -0.748 0.629 0.214
vn -0.758 0.614 0.218
vn -0.683 -0.661 0.311
vn -0.538 -0.787 0.303
vn -0.679 -0.666 0.309
vn -0.752 0.624 0.215
vn -0.647 0.743 0.170
vn -0.579 -0.766 0.278
vn -0.670 -0.685 0.286
vn -0.469 0.880 0.076
vn -0.627 -0.743 0.235
vn -0.630 -0.740 0.236
vn -0.351 0.936 -0.003
vn -0.628 -0.742 0.233
vn -0.591 -0.789 0.164
vn -0.276 0.960 -0.050
vn -0.557 -0.828 0.066
vn -0.283 0.957 -0.063
vn -0.566 -0.823 -0.051
vn -0.333 0.931 -0.153
vn -0.601 -0.783 -0.159
vn -0.512 0.808 -0.292
vn -0.652 -0.717 -0.246
vn -0.656 -0.713 -0.248
vn -0.652 -0.719 -0.242
vn -0.536 0.789 -0.301
vn -0.400 0.900 -0.172
vn -0.686 0.661 -0.304
vn -0.674 -0.706 -0.216
vn -0.715 -0.651 -0.256
vn -0.395 0.914 -0.098
vn -0.763 0.586 -0.274
vn -0.720 -0.671 -0.178
vn -0.784 -0.580 -0.223
vn -0.476 0.865 -0.159
vn -0.781 0.567 -0.261
vn -0.784 0.570 -0.247
vn -0.809 0.533 -0.250
vn -0.801 -0.554 -0.227
vn -0.815 -0.532 -0.231
vn -0.799 -0.556 -0.228
vn -0.727 -0.658 -0.195
vn -0.762 0.587 -0.275
vn -0.829 0.495 -0.260
vn -0.798 -0.546 -0.257
vn -0.849 -0.464 -0.252
vn -0.627 0.652 -0.428
vn -0.827 0.482 -0.289
vn -0.796 0.506 -0.333
vn -0.837 0.443 -0.320
vn -0.831 -0.443 -0.336
vn -0.852 -0.403 -0.333
vn -0.848 -0.436 -0.301
vn -0.750 -0.563 -0.348
vn -0.631 0.574 -0.522
vn -0.827 0.316 -0.465
vn -0.807 0.316 -0.499
vn -0.836 0.221 -0.502
vn -0.827 -0.292 -0.479
vn -0.850 -0.187 -0.492
vn -0.852 -0.293 -0.435
vn -0.774 -0.441 -0.454
vn -0.761 0.271 -0.589
vn -0.840 0.077 -0.536
vn -0.777 0.072 -0.626
vn -0.846 -0.117 -0.520
vn -0.775 -0.102 -0.623
vn -0.762 -0.259 -0.594
vn 0.039 0.999 -0.022
vn 0.529 -0.470 -0.707
vn 0.492 -0.598 -0.632
vn 0.507 0.585 -0.633
vn 0.308 0.870 -0.385
vn 0.588 0.079 -0.805
vn 0.566 0.069 -0.822
vn 0.563 0.153 -0.812
vn 0.574 -0.372 -0.729
vn 0.555 -0.435 -0.709
vn 0.546 -0.477 -0.689
vn 0.466 0.590 -0.659
vn 0.570 0.062 -0.819
vn 0.549 0.059 -0.833
vn 0.539 0.147 -0.830
vn 0.519 0.117 -0.847
vn 0.519 -0.055 -0.853
vn 0.528 -0.219 -0.820
vn 0.547 -0.358 -0.757
vn -0.735 0.463 0.496
vn -0.800 0.148 0.582
vn -0.787 -0.127 0.603
vn -0.741 -0.288 0.607
vn -0.780 0.503 0.372
vn -0.859 0.222 0.462
vn -0.859 0.204 0.469
vn -0.861 -0.104 0.497
vn -0.818 -0.287 0.498
vn -0.861 -0.119 0.495
vn -0.759 -0.440 0.480
vn -0.741 0.607 0.287
vn -0.789 0.540 0.294
vn -0.792 0.533 0.297
vn -0.845 -0.286 0.452
vn -0.810 -0.452 0.373
vn -0.835 -0.403 0.375
vn -0.721 -0.593 0.358
vn -0.761 0.601 0.245
vn -0.792 0.560 0.241
vn -0.790 0.540 0.292
vn -0.827 -0.448 0.339
vn -0.758 -0.578 0.301
vn -0.822 -0.492 0.286
vn -0.772 0.602 0.203
vn -0.789 0.581 0.200
vn -0.811 -0.532 0.245
vn -0.821 -0.518 0.241
vn -0.700 -0.648 0.301
vn -0.734 0.652 0.188
vn -0.797 0.582 0.163
vn -0.792 0.586 0.170
vn -0.820 -0.520 0.241
vn -0.748 -0.605 0.271
vn -0.823 -0.514 0.241
vn -0.692 0.707 0.146
vn -0.806 0.578 0.131
vn -0.791 -0.562 0.243
vn -0.813 -0.532 0.239
vn -0.700 0.710 0.072
vn -0.818 0.569 0.086
vn -0.803 -0.553 0.223
vn -0.645 -0.744 0.177
vn -0.791 -0.579 0.200
vn -0.660 0.751 -0.006
vn -0.806 0.591 0.016
vn -0.665 -0.743 0.079
vn -0.773 -0.627 0.091
vn -0.628 0.775 -0.076
vn -0.799 0.596 -0.081
vn -0.662 -0.748 -0.057
vn -0.766 -0.640 -0.057
vn -0.584 0.789 -0.192
vn -0.777 0.602 -0.183
vn -0.653 -0.737 -0.174
vn -0.768 -0.611 -0.191
vn -0.532 0.792 -0.298
vn -0.752 0.610 -0.248
vn -0.744 0.614 -0.264
vn -0.751 0.606 -0.263
vn -0.772 -0.570 -0.282
vn -0.786 -0.549 -0.285
vn -0.781 -0.568 -0.259
vn -0.739 0.604 -0.299
vn -0.763 0.562 -0.320
vn -0.762 -0.579 -0.289
vn -0.817 -0.477 -0.323
vn -0.766 0.579 -0.280
vn -0.787 0.513 -0.342
vn -0.792 0.507 -0.340
vn -0.812 0.461 -0.357
vn -0.859 -0.428 -0.282
vn -0.886 -0.348 -0.306
vn -0.843 -0.436 -0.315
vn -0.796 -0.558 -0.234
vn -0.827 0.488 -0.281
vn -0.898 0.299 -0.324
vn -0.923 -0.272 -0.271
vn -0.940 -0.189 -0.283
vn -0.915 -0.279 -0.291
vn -0.871 -0.421 -0.252
vn -0.836 0.482 -0.264
vn -0.900 0.294 -0.323
vn -0.908 0.306 -0.285
vn -0.956 0.040 -0.292
vn -0.961 0.049 -0.273
vn -0.951 -0.127 -0.281
vn -0.956 -0.125 -0.264
vn -0.924 -0.279 -0.260
vn -0.868 -0.425 -0.256
vn -0.886 0.325 -0.331
vn -0.943 0.067 -0.325
vn -0.938 -0.127 -0.321
vn -0.899 -0.291 -0.327
vn -0.859 0.074 -0.506
vn -0.859 -0.122 -0.497
vn 0.047 0.999 0.002
vn 0.481 -0.612 -0.627
vn 0.363 -0.742 -0.563
vn 0.073 0.991 -0.109
vn 0.521 -0.480 -0.706
vn 0.435 -0.580 -0.688
vn 0.416 -0.639 -0.647
vn 0.493 0.467 -0.734
vn 0.478 0.515 -0.711
vn 0.493 0.051 -0.868
vn 0.491 0.051 -0.870
vn 0.494 0.137 -0.859
vn 0.505 0.115 -0.856
vn 0.509 -0.055 -0.859
vn 0.482 -0.211 -0.850
vn 0.427 -0.332 -0.841
vn 0.425 -0.334 -0.841
vn 0.441 -0.470 -0.764
vn 0.485 0.470 -0.738
vn 0.467 0.050 -0.883
vn 0.463 0.049 -0.885
vn 0.450 0.127 -0.884
vn 0.413 0.094 -0.906
vn 0.400 -0.054 -0.915
vn 0.406 -0.197 -0.893
vn 0.425 -0.331 -0.842
vn -0.861 0.206 0.465
vn -0.863 -0.104 0.494
vn -0.902 0.242 0.358
vn -0.922 -0.090 0.377
vn -0.881 -0.284 0.379
vn -0.812 0.534 0.233
vn -0.931 0.262 0.255
vn -0.962 -0.086 0.258
vn -0.924 -0.278 0.263
vn -0.853 -0.442 0.277
vn -0.839 0.516 0.174
vn -0.951 0.266 0.160
vn -0.954 0.244 0.176
vn -0.980 -0.088 0.177
vn -0.951 -0.261 0.168
vn -0.979 -0.132 0.158
vn -0.890 -0.409 0.200
vn -0.796 0.583 0.162
vn -0.862 0.489 0.134
vn -0.935 0.331 0.125
vn -0.961 -0.234 0.144
vn -0.962 -0.232 0.144
vn -0.911 -0.370 0.182
vn -0.845 -0.485 0.227
vn -0.807 0.578 0.126
vn -0.880 0.463 0.108
vn -0.915 0.388 0.108
vn -0.962 -0.234 0.144
vn -0.928 -0.324 0.183
vn -0.949 -0.268 0.168
vn -0.871 -0.440 0.216
vn -0.818 0.569 0.082
vn -0.887 0.455 0.080
vn -0.897 0.433 0.082
vn -0.939 -0.300 0.171
vn -0.892 -0.411 0.186
vn -0.936 -0.309 0.169
vn -0.813 -0.548 0.200
vn -0.820 0.572 0.017
vn -0.886 0.462 0.029
vn -0.889 0.454 0.056
vn -0.918 -0.385 0.091
vn -0.937 -0.338 0.089
vn -0.839 -0.536 0.094
vn -0.813 0.578 -0.069
vn -0.879 0.475 -0.041
vn -0.922 -0.385 -0.031
vn -0.937 -0.348 -0.027
vn -0.837 -0.545 -0.048
vn -0.784 0.597 -0.171
vn -0.874 0.480 -0.074
vn -0.858 0.496 -0.133
vn -0.870 0.475 -0.130
vn -0.901 -0.401 -0.164
vn -0.931 -0.331 -0.154
vn -0.810 -0.556 -0.186
vn -0.819 0.519 -0.244
vn -0.888 0.387 -0.247
vn -0.921 -0.291 -0.260
vn -0.932 -0.254 -0.257
vn -0.931 -0.285 -0.227
vn -0.864 -0.424 -0.271
vn -0.790 0.520 -0.325
vn -0.904 0.267 -0.334
vn -0.893 0.268 -0.362
vn -0.936 -0.024 -0.352
vn -0.933 -0.023 -0.360
vn -0.936 -0.167 -0.311
vn -0.921 -0.168 -0.351
vn -0.892 -0.300 -0.338
vn -0.837 -0.439 -0.325
vn -0.877 0.273 -0.396
vn -0.925 -0.004 -0.380
vn -0.923 -0.153 -0.353
vn -0.903 -0.288 -0.320
vn -0.899 0.293 -0.324
vn -0.950 0.034 -0.312
vn -0.948 -0.127 -0.290
vn 0.055 0.998 0.005
vn 0.244 -0.833 -0.497
vn 0.057 0.998 0.009
vn 0.367 -0.648 -0.667
vn 0.311 -0.699 -0.644
vn 0.175 0.905 -0.388
vn 0.345 -0.453 -0.822
vn 0.345 -0.453 -0.822
vn 0.322 -0.647 -0.691
vn 0.322 0.522 -0.790
vn 0.403 0.068 -0.912
vn 0.383 0.044 -0.923
vn 0.373 0.102 -0.922
vn 0.342 0.067 -0.937
vn 0.330 -0.059 -0.942
vn 0.331 -0.182 -0.926
vn 0.339 -0.306 -0.890
vn 0.345 -0.453 -0.822
vn -0.958 0.240 0.159
vn -0.984 -0.088 0.155
vn -0.966 0.230 0.121
vn -0.989 -0.079 0.124
vn -0.972 0.212 0.106
vn -0.991 -0.063 0.119
vn -0.969 -0.198 0.147
vn -0.970 0.224 0.090
vn -0.994 -0.037 0.105
vn -0.978 -0.163 0.130
vn -0.944 -0.288 0.162
vn -0.891 0.454 0.029
vn -0.974 0.223 0.044
vn -0.998 -0.024 0.051
vn -0.988 -0.141 0.061
vn -0.962 -0.263 0.076
vn -0.881 0.471 -0.041
vn -0.971 0.239 -0.013
vn -1.000 -0.020 -0.014
vn -0.990 -0.137 -0.020
vn -0.966 -0.259 -0.025
vn -0.962 0.248 -0.111
vn -0.993 -0.030 -0.115
vn -0.980 -0.151 -0.129
vn -0.951 -0.272 -0.146
vn -0.934 0.261 -0.245
vn -0.970 -0.035 -0.239
vn -0.955 -0.166 -0.247
vn 0.060 0.998 0.008
vn 0.237 -0.838 -0.492
vn 0.178 -0.873 -0.454
vn 0.062 0.998 0.011
vn 0.228 -0.774 -0.591
vn 0.193 -0.845 -0.499
vn 0.066 0.981 -0.181
vn 0.278 -0.560 -0.781
vn 0.259 -0.649 -0.716
vn 0.331 0.462 -0.823
vn 0.343 0.058 -0.937
vn 0.343 0.039 -0.938
vn 0.343 0.047 -0.938
vn 0.344 0.089 -0.935
vn 0.329 0.059 -0.942
vn 0.318 -0.061 -0.946
vn 0.309 -0.177 -0.935
vn 0.306 -0.199 -0.931
vn 0.302 -0.297 -0.906
vn 0.290 -0.449 -0.845
vn 0.343 0.039 -0.939
vn 0.343 0.087 -0.935
vn 0.329 0.051 -0.943
vn 0.319 -0.064 -0.946
vn 0.308 -0.176 -0.935
vn 0.062 0.998 0.011
vn 0.154 -0.896 -0.417
vn 0.064 0.998 0.011
vn 0.186 -0.819 -0.543
vn 0.175 -0.844 -0.506
vn 0.064 0.996 -0.062
vn 0.219 -0.645 -0.732
vn 0.217 -0.647 -0.731
vn 0.370 0.378 -0.848
vn 0.294 0.670 -0.681
vn 0.342 0.056 -0.938
vn 0.276 -0.300 -0.913
vn 0.258 -0.341 -0.904
vn 0.241 -0.454 -0.858
vn 0.217 -0.645 -0.732
vn 0.359 0.424 -0.831
vn 0.335 0.068 -0.940
vn 0.335 0.045 -0.941
vn 0.344 0.084 -0.935
vn 0.335 0.039 -0.941
vn 0.320 -0.077 -0.944
vn 0.294 -0.190 -0.937
vn 0.266 -0.306 -0.914
vn 0.060 0.998 0.015
vn 0.145 -0.912 -0.384
vn 0.062 0.998 0.012
vn 0.170 -0.838 -0.519
vn 0.164 -0.843 -0.512
vn 0.064 0.998 -0.002
vn 0.168 -0.693 -0.701
vn 0.164 -0.834 -0.526
vn 0.145 0.897 -0.418
vn 0.184 -0.438 -0.880
vn 0.180 -0.462 -0.868
vn 0.169 -0.640 -0.749
vn 0.279 0.451 -0.848
vn 0.317 0.090 -0.944
vn 0.325 0.060 -0.944
vn 0.337 0.085 -0.938
vn 0.322 0.022 -0.947
vn 0.294 -0.104 -0.950
vn 0.257 -0.223 -0.941
vn 0.215 -0.335 -0.917
vn 0.056 0.998 0.016
vn 0.120 -0.932 -0.343
vn 0.057 0.998 0.015
vn 0.142 -0.855 -0.498
vn 0.059 0.998 0.016
vn 0.135 -0.712 -0.689
vn 0.140 -0.815 -0.562
vn 0.076 0.962 -0.262
vn 0.165 -0.465 -0.870
vn 0.142 -0.494 -0.858
vn 0.134 -0.627 -0.767
vn 0.234 0.441 -0.867
vn 0.286 0.121 -0.951
vn 0.317 0.079 -0.945
vn 0.302 0.097 -0.948
vn 0.330 0.080 -0.941
vn 0.314 0.010 -0.949
vn 0.280 -0.126 -0.952
vn 0.250 -0.205 -0.946
vn 0.232 -0.262 -0.937
vn 0.190 -0.369 -0.910
vn 0.147 -0.475 -0.868
vn 0.317 0.082 -0.945
vn 0.329 0.079 -0.941
vn 0.308 -0.008 -0.951
vn 0.274 -0.142 -0.951
vn 0.055 0.998 0.016
vn 0.067 -0.954 -0.292
vn 0.054 0.998 0.015
vn 0.103 -0.872 -0.478
vn 0.054 0.998 0.017
vn 0.117 -0.730 -0.674
vn 0.111 -0.802 -0.588
vn 0.055 0.988 -0.145
vn 0.157 -0.538 -0.828
vn 0.138 -0.622 -0.771
vn 0.287 0.370 -0.884
vn 0.291 0.404 -0.867
vn 0.285 0.123 -0.951
vn 0.245 -0.274 -0.930
vn 0.255 -0.331 -0.909
vn 0.232 -0.398 -0.887
vn 0.181 -0.496 -0.849
vn 0.292 0.375 -0.880
vn 0.306 0.159 -0.939
vn 0.336 0.105 -0.936
vn 0.343 0.070 -0.937
vn 0.327 -0.035 -0.944
vn 0.306 -0.171 -0.937
vn 0.273 -0.293 -0.916
vn 0.053 0.998 0.017
vn 0.010 -0.971 -0.238
vn 0.054 0.998 0.014
vn 0.058 -0.894 -0.444
vn 0.051 0.999 0.015
vn 0.104 -0.765 -0.635
vn 0.089 -0.806 -0.585
vn 0.049 0.998 -0.035
vn 0.199 -0.601 -0.774
vn 0.177 -0.641 -0.747
vn 0.247 0.767 -0.592
vn 0.308 -0.410 -0.858
vn 0.325 -0.428 -0.843
vn 0.270 -0.524 -0.808
vn 0.377 0.417 -0.827
vn 0.366 0.180 -0.913
vn 0.374 0.114 -0.920
vn 0.380 0.063 -0.923
vn 0.379 -0.044 -0.924
vn 0.380 -0.174 -0.909
vn 0.371 -0.301 -0.878
vn 0.335 -0.415 -0.846
vn 0.049 0.999 0.019
vn -0.022 -0.983 -0.180
vn 0.050 0.999 0.014
vn 0.037 -0.917 -0.396
vn 0.050 0.999 0.013
vn 0.100 -0.816 -0.569
vn 0.092 -0.830 -0.550
vn 0.048 0.999 0.001
vn 0.219 -0.672 -0.707
vn 0.226 -0.695 -0.683
vn 0.099 0.952 -0.289
vn 0.384 -0.538 -0.751
vn 0.376 -0.551 -0.745
vn 0.239 -0.686 -0.688
vn 0.416 0.409 -0.812
vn 0.426 0.172 -0.888
vn 0.431 0.209 -0.878
vn 0.404 0.108 -0.908
vn 0.396 0.063 -0.916
vn 0.396 -0.041 -0.917
vn 0.420 -0.160 -0.893
vn 0.469 -0.266 -0.842
vn 0.469 -0.272 -0.840
vn 0.450 -0.415 -0.791
vn 0.433 0.171 -0.885
vn 0.421 0.107 -0.901
vn 0.423 0.069 -0.904
vn 0.429 -0.026 -0.903
vn 0.448 -0.143 -0.882
vn 0.042 0.999 0.020
vn -0.018 -0.993 -0.112
vn 0.045 0.999 0.015
vn 0.054 -0.940 -0.336
vn 0.048 0.999 0.013
vn 0.111 -0.842 -0.528
vn 0.122 -0.861 -0.493
vn 0.049 0.999 0.014
vn 0.230 -0.782 -0.579
vn 0.130 -0.856 -0.500
vn 0.059 0.996 -0.061
vn 0.384 -0.555 -0.738
vn 0.372 -0.664 -0.649
vn 0.299 -0.736 -0.607
vn 0.446 0.356 -0.821
vn 0.404 0.660 -0.633
vn 0.470 -0.272 -0.840
vn 0.489 -0.401 -0.775
vn 0.485 -0.451 -0.749
vn 0.436 -0.574 -0.693
vn 0.466 0.358 -0.809
vn 0.461 0.156 -0.874
vn 0.456 0.094 -0.885
vn 0.450 0.066 -0.891
vn 0.444 -0.011 -0.896
vn 0.456 -0.103 -0.884
vn 0.479 -0.228 -0.848
vn 0.490 -0.392 -0.778
vn 0.035 0.999 0.023
vn 0.004 -1.000 -0.026
vn 0.040 0.999 0.020
vn 0.090 -0.960 -0.264
vn 0.046 0.999 0.017
vn 0.159 -0.891 -0.424
vn 0.051 0.999 0.015
vn 0.225 -0.839 -0.496
vn 0.184 -0.873 -0.451
vn 0.053 0.999 0.007
vn 0.315 -0.765 -0.561
vn 0.309 -0.774 -0.553
vn 0.129 0.952 -0.277
vn 0.428 -0.580 -0.693
vn 0.401 -0.618 -0.677
vn 0.314 -0.768 -0.558
vn 0.423 0.371 -0.827
vn 0.457 0.156 -0.876
vn 0.438 0.236 -0.867
vn 0.466 0.088 -0.880
vn 0.456 0.060 -0.888
vn 0.445 -0.012 -0.895
vn 0.448 -0.095 -0.889
vn 0.447 -0.203 -0.871
vn 0.435 -0.267 -0.860
vn 0.432 -0.370 -0.823
vn 0.409 -0.581 -0.704
vn 0.450 0.159 -0.879
vn 0.462 0.087 -0.883
vn 0.451 0.050 -0.891
vn 0.433 -0.018 -0.901
vn 0.425 -0.088 -0.901
vn 0.430 -0.196 -0.881
vn 0.034 0.999 0.027
vn 0.001 -0.997 0.077
vn 0.039 0.999 0.027
vn 0.100 -0.978 -0.183
vn 0.046 0.999 0.024
vn 0.173 -0.913 -0.369
vn 0.051 0.999 0.020
vn 0.219 -0.866 -0.449
vn 0.212 -0.873 -0.439
vn 0.054 0.998 0.017
vn 0.252 -0.827 -0.503
vn 0.061 0.993 -0.098
vn 0.055 0.997 -0.048
vn 0.056 0.995 -0.082
vn 0.301 -0.725 -0.619
vn 0.276 -0.782 -0.558
vn 0.064 0.993 -0.096
vn 0.407 0.345 -0.846
vn 0.378 0.602 -0.703
vn 0.404 -0.366 -0.838
vn 0.350 -0.468 -0.811
vn 0.334 -0.579 -0.744
vn 0.381 0.359 -0.852
vn 0.406 0.185 -0.895
vn 0.425 0.093 -0.900
vn 0.423 0.035 -0.906
vn 0.412 -0.039 -0.911
vn 0.393 -0.105 -0.913
vn 0.372 -0.204 -0.906
vn 0.355 -0.363 -0.861
vn 0.041 0.999 0.030
vn -0.060 -0.981 0.183
vn 0.044 0.999 0.032
vn 0.047 -0.995 -0.089
vn 0.047 0.998 0.029
vn 0.138 -0.944 -0.300
vn 0.050 0.999 0.022
vn 0.048 0.998 0.028
vn 0.049 0.998 0.024
vn 0.212 -0.873 -0.439
vn 0.196 -0.889 -0.414
vn 0.053 0.998 0.018
vn 0.051 0.998 0.021
vn 0.230 -0.846 -0.481
vn 0.205 -0.878 -0.432
vn 0.054 0.998 0.020
vn 0.251 -0.782 -0.571
vn 0.245 -0.787 -0.566
vn 0.237 0.853 -0.464
vn 0.170 0.908 -0.384
vn 0.296 -0.570 -0.766
vn 0.282 -0.592 -0.755
vn 0.247 -0.781 -0.573
vn 0.201 0.860 -0.470
vn 0.350 0.385 -0.854
vn 0.350 0.197 -0.916
vn 0.347 0.211 -0.914
vn 0.381 0.097 -0.920
vn 0.397 0.033 -0.917
vn 0.391 -0.046 -0.919
vn 0.367 -0.122 -0.922
vn 0.337 -0.197 -0.921
vn 0.329 -0.225 -0.917
vn 0.305 -0.366 -0.879
vn 0.284 -0.568 -0.772
vn 0.347 0.198 -0.917
vn 0.356 0.103 -0.929
vn 0.365 0.036 -0.930
vn 0.370 -0.051 -0.928
vn 0.357 -0.131 -0.925
vn 0.052 0.998 0.030
vn -0.136 -0.954 0.266
vn 0.049 0.998 0.033
vn 0.051 0.998 0.032
vn 0.051 0.998 0.033
vn -0.043 -0.999 0.019
vn 0.047 0.998 0.029
vn 0.049 0.998 0.030
vn 0.078 -0.978 -0.193
vn 0.048 0.999 0.024
vn 0.165 -0.930 -0.328
vn 0.047 0.999 0.022
vn 0.223 -0.861 -0.456
vn 0.210 -0.885 -0.415
vn 0.048 0.999 0.023
vn 0.236 -0.801 -0.550
vn 0.053 0.975 -0.217
vn 0.247 -0.664 -0.706
vn 0.237 -0.757 -0.609
vn 0.131 0.903 -0.409
vn 0.304 0.353 -0.885
vn 0.302 0.384 -0.873
vn 0.324 -0.227 -0.918
vn 0.284 -0.350 -0.893
vn 0.281 -0.368 -0.886
vn 0.256 -0.557 -0.790
vn 0.297 0.352 -0.888
vn 0.291 0.194 -0.937
vn 0.287 0.109 -0.952
vn 0.299 0.050 -0.953
vn 0.314 -0.047 -0.948
vn 0.318 -0.144 -0.937
vn 0.305 -0.245 -0.920
vn 0.055 0.998 0.029
vn 0.059 0.998 0.028
vn -0.095 -0.949 0.301
vn 0.054 0.998 0.028
vn -0.062 -0.991 0.120
vn 0.048 0.998 0.026
vn 0.045 -0.996 -0.075
vn 0.046 0.999 0.022
vn 0.142 -0.960 -0.243
vn 0.045 0.999 0.021
vn 0.216 -0.876 -0.431
vn 0.204 -0.891 -0.406
vn 0.044 0.999 0.024
vn 0.233 -0.809 -0.540
vn 0.216 -0.871 -0.442
vn 0.042 0.995 -0.094
vn 0.224 -0.703 -0.675
vn 0.222 -0.727 -0.650
vn 0.228 0.835 -0.500
vn 0.307 0.623 -0.720
vn 0.280 -0.368 -0.887
vn 0.253 -0.464 -0.849
vn 0.237 -0.552 -0.799
vn 0.272 0.341 -0.900
vn 0.258 0.178 -0.950
vn 0.255 0.109 -0.961
vn 0.263 0.064 -0.963
vn 0.279 -0.030 -0.960
vn 0.293 -0.132 -0.947
vn 0.295 -0.247 -0.923
vn 0.275 -0.382 -0.882
vn 0.052 0.998 0.023
vn 0.008 -0.952 0.306
vn 0.047 0.999 0.020
vn -0.015 -0.984 0.177
vn 0.042 0.999 0.018
vn 0.019 -1.000 0.007
vn 0.045 0.999 0.020
vn 0.082 -0.980 -0.183
vn 0.050 0.999 0.021
vn 0.141 -0.912 -0.386
vn 0.050 0.999 0.021
vn 0.197 -0.833 -0.516
vn 0.188 -0.852 -0.489
vn 0.046 0.999 -0.008
vn 0.213 -0.716 -0.664
vn 0.202 -0.723 -0.660
vn 0.279 0.729 -0.624
vn 0.183 0.859 -0.479
vn 0.227 -0.556 -0.800
vn 0.227 -0.557 -0.799
vn 0.202 -0.705 -0.680
vn 0.228 0.746 -0.625
vn 0.274 0.336 -0.901
vn 0.271 0.169 -0.947
vn 0.283 0.110 -0.953
vn 0.284 0.117 -0.952
vn 0.276 0.068 -0.959
vn 0.286 -0.023 -0.958
vn 0.300 -0.121 -0.946
vn 0.301 -0.186 -0.935
vn 0.299 -0.243 -0.923
vn 0.273 -0.398 -0.876
vn 0.227 -0.556 -0.799
vn 0.285 0.110 -0.952
vn 0.291 0.072 -0.954
vn 0.296 -0.015 -0.955
vn 0.301 -0.117 -0.946
vn 0.043 0.999 0.018
vn 0.053 -0.954 0.296
vn 0.042 0.999 0.016
vn 0.012 -0.983 0.184
vn 0.050 0.999 0.017
vn 0.001 -0.999 0.033
vn 0.073 0.997 0.022
vn 0.018 -0.990 -0.141
vn 0.094 0.995 0.023
vn 0.057 -0.933 -0.354
vn 0.092 0.996 0.019
vn 0.166 -0.854 -0.493
vn 0.132 -0.871 -0.474
vn 0.077 0.997 0.014
vn 0.182 -0.751 -0.635
vn 0.141 -0.854 -0.501
vn 0.095 0.942 -0.322
vn 0.215 -0.613 -0.760
vn 0.194 -0.701 -0.687
vn 0.184 0.771 -0.609
vn 0.291 0.330 -0.898
vn 0.288 0.174 -0.942
vn 0.296 0.293 -0.909
vn 0.303 -0.244 -0.922
vn 0.289 -0.361 -0.887
vn 0.276 -0.413 -0.868
vn 0.230 -0.572 -0.788
vn 0.328 0.188 -0.926
vn 0.361 0.121 -0.925
vn 0.357 0.067 -0.932
vn 0.345 -0.020 -0.938
vn 0.331 -0.119 -0.936
vn 0.311 -0.249 -0.917
vn 0.052 0.998 0.021
vn 0.047 -0.959 0.280
vn 0.068 0.997 0.030
vn 0.013 -0.986 0.165
vn 0.088 0.995 0.037
vn -0.006 -1.000 0.024
vn 0.135 0.990 0.042
vn -0.009 -0.991 -0.136
vn 0.179 0.983 0.028
vn 0.005 -0.945 -0.328
vn 0.180 0.984 0.002
vn 0.082 -0.911 -0.403
vn 0.148 0.989 -0.012
vn 0.176 -0.794 -0.581
vn 0.120 -0.871 -0.477
vn 0.115 0.974 -0.194
vn 0.238 -0.657 -0.715
vn 0.222 -0.701 -0.678
vn 0.282 0.713 -0.642
vn 0.296 0.326 -0.898
vn 0.341 0.477 -0.810
vn 0.287 -0.418 -0.862
vn 0.299 -0.485 -0.822
vn 0.269 -0.580 -0.769
vn 0.343 0.349 -0.872
vn 0.399 0.224 -0.889
vn 0.435 0.127 -0.892
vn 0.420 0.045 -0.907
vn 0.396 -0.041 -0.917
vn 0.374 -0.136 -0.918
vn 0.349 -0.265 -0.899
vn 0.312 -0.428 -0.848
vn 0.101 0.994 0.051
vn 0.007 -0.962 0.271
vn 0.131 0.990 0.061
vn -0.001 -0.988 0.152
vn 0.155 0.986 0.064
vn -0.002 -1.000 0.015
vn 0.218 0.974 0.067
vn 0.001 -0.990 -0.139
vn 0.270 0.962 0.040
vn 0.016 -0.951 -0.308
vn 0.271 0.962 -0.015
vn 0.077 -0.946 -0.314
vn 0.239 0.970 -0.054
vn 0.173 -0.855 -0.488
vn 0.141 -0.889 -0.435
vn 0.191 0.974 -0.125
vn 0.263 -0.697 -0.667
vn 0.271 -0.710 -0.650
vn 0.367 0.604 -0.708
vn 0.350 0.732 -0.585
vn 0.344 -0.565 -0.750
vn 0.343 -0.568 -0.748
vn 0.279 -0.698 -0.659
vn 0.388 0.617 -0.684
vn 0.394 0.381 -0.837
vn 0.432 0.248 -0.867
vn 0.426 0.293 -0.856
vn 0.448 0.127 -0.885
vn 0.426 0.040 -0.904
vn 0.403 -0.046 -0.914
vn 0.391 -0.143 -0.909
vn 0.399 -0.269 -0.876
vn 0.401 -0.279 -0.872
vn 0.378 -0.424 -0.823
vn 0.437 0.254 -0.863
vn 0.459 0.123 -0.880
vn 0.446 0.016 -0.895
vn 0.429 -0.066 -0.901
vn 0.415 -0.151 -0.897
vn 0.402 -0.269 -0.875
vn 0.186 0.978 0.100
vn -0.045 -0.958 0.283
vn 0.227 0.968 0.107
vn -0.020 -0.986 0.164
vn 0.271 0.957 0.105
vn 0.005 -1.000 0.025
vn 0.338 0.937 0.094
vn 0.027 -0.992 -0.123
vn 0.364 0.931 0.042
vn 0.062 -0.961 -0.271
vn 0.349 0.937 -0.033
vn 0.099 -0.963 -0.252
vn 0.320 0.943 -0.089
vn 0.159 -0.896 -0.416
vn 0.155 -0.905 -0.396
vn 0.276 0.954 -0.114
vn 0.262 -0.788 -0.557
vn 0.162 -0.899 -0.408
vn 0.293 0.877 -0.381
vn 0.345 -0.567 -0.748
vn 0.365 -0.642 -0.674
vn 0.322 -0.712 -0.624
vn 0.391 0.569 -0.724
vn 0.402 0.384 -0.831
vn 0.398 0.431 -0.810
vn 0.419 -0.408 -0.811
vn 0.425 -0.438 -0.792
vn 0.398 -0.558 -0.728
vn 0.402 0.387 -0.830
vn 0.419 0.266 -0.868
vn 0.440 0.124 -0.889
vn 0.453 0.010 -0.892
vn 0.458 -0.070 -0.886
vn 0.454 -0.149 -0.878
vn 0.444 -0.259 -0.858
vn 0.429 -0.403 -0.808
vn 0.282 0.944 0.170
vn -0.091 -0.946 0.312
vn 0.357 0.917 0.180
vn -0.036 -0.979 0.202
vn 0.391 0.908 0.152
vn 0.385 0.906 0.177
vn 0.416 0.895 0.161
vn 0.013 -0.998 0.057
vn 0.388 0.916 0.103
vn 0.436 0.894 0.108
vn 0.060 -0.995 -0.078
vn 0.377 0.925 0.039
vn 0.421 0.907 0.026
vn 0.122 -0.970 -0.209
vn 0.360 0.932 -0.038
vn 0.405 0.912 -0.062
vn 0.142 -0.966 -0.217
vn 0.345 0.933 -0.102
vn 0.381 0.916 -0.123
vn 0.171 -0.928 -0.332
vn 0.329 0.934 -0.138
vn 0.344 0.927 -0.147
vn 0.252 -0.851 -0.461
vn 0.203 -0.898 -0.390
vn 0.319 0.928 -0.192
vn 0.297 0.921 -0.252
vn 0.354 -0.715 -0.603
vn 0.350 -0.732 -0.584
vn 0.401 0.493 -0.772
vn 0.414 0.556 -0.721
vn 0.424 -0.545 -0.724
vn 0.423 -0.557 -0.715
vn 0.360 -0.716 -0.598
vn 0.405 0.490 -0.772
vn 0.394 0.374 -0.839
vn 0.402 0.267 -0.876
vn 0.397 0.292 -0.870
vn 0.436 0.130 -0.890
vn 0.456 0.013 -0.890
vn 0.468 -0.067 -0.881
vn 0.474 -0.147 -0.868
vn 0.469 -0.256 -0.845
vn 0.467 -0.282 -0.838
vn 0.446 -0.391 -0.805
vn 0.425 -0.543 -0.724
vn 0.399 0.269 -0.877
vn 0.433 0.153 -0.888
vn 0.476 0.042 -0.879
vn 0.501 -0.054 -0.863
vn 0.498 -0.151 -0.854
vn 0.472 -0.258 -0.843
vn 0.330 0.913 0.242
vn 0.336 0.905 0.260
vn -0.133 -0.930 0.344
vn 0.375 0.906 0.195
vn 0.402 0.883 0.242
vn -0.054 -0.965 0.256
vn 0.361 0.913 0.189
vn 0.024 -0.994 0.109
vn 0.260 0.963 0.075
vn 0.105 -0.995 0.000
vn 0.217 0.976 0.000
vn 0.198 -0.973 -0.116
vn 0.230 0.972 -0.055
vn 0.220 -0.956 -0.193
vn 0.304 0.942 -0.144
vn 0.238 -0.930 -0.281
vn 0.368 0.910 -0.190
vn 0.273 -0.881 -0.385
vn 0.280 -0.885 -0.373
vn 0.305 0.923 -0.233
vn 0.344 0.913 -0.218
vn 0.348 -0.797 -0.494
vn 0.285 -0.879 -0.383
vn 0.387 0.755 -0.529
vn 0.388 0.748 -0.538
vn 0.405 -0.649 -0.644
vn 0.390 -0.698 -0.601
vn 0.411 0.469 -0.782
vn 0.397 0.362 -0.844
vn 0.400 0.390 -0.829
vn 0.449 -0.385 -0.806
vn 0.444 -0.436 -0.783
vn 0.430 -0.520 -0.738
vn 0.400 0.357 -0.844
vn 0.414 0.282 -0.865
vn 0.455 0.197 -0.868
vn 0.500 0.092 -0.861
vn 0.527 -0.033 -0.850
vn 0.506 0.067 -0.860
vn 0.527 -0.068 -0.847
vn 0.521 -0.164 -0.838
vn 0.489 -0.281 -0.826
vn 0.455 -0.387 -0.802
vn 0.527 -0.032 -0.849
vn 0.325 0.888 0.326
vn -0.180 -0.909 0.376
vn 0.239 0.953 0.184
vn -0.077 -0.944 0.320
vn 0.111 0.994 0.014
vn 0.038 -0.981 0.189
vn 0.043 0.999 -0.006
vn 0.168 -0.978 0.121
vn 0.036 0.999 -0.006
vn 0.226 -0.972 0.058
vn 0.259 -0.966 -0.011
vn 0.266 -0.964 -0.007
vn 0.034 0.999 -0.002
vn 0.306 -0.939 -0.155
vn 0.279 -0.959 -0.054
vn 0.078 0.997 -0.006
vn 0.328 -0.911 -0.248
vn 0.173 0.981 -0.083
vn 0.342 -0.882 -0.325
vn 0.301 0.927 -0.222
vn 0.355 -0.833 -0.423
vn 0.354 -0.839 -0.413
vn 0.386 0.751 -0.535
vn 0.335 0.837 -0.432
vn 0.395 -0.685 -0.612
vn 0.384 -0.728 -0.568
vn 0.375 0.684 -0.626
vn 0.399 0.445 -0.802
vn 0.397 0.479 -0.783
vn 0.434 -0.508 -0.744
vn 0.429 -0.550 -0.716
vn 0.400 -0.671 -0.624
vn 0.395 0.440 -0.807
vn 0.402 0.352 -0.845
vn 0.422 0.298 -0.856
vn 0.421 0.302 -0.855
vn 0.456 0.207 -0.866
vn 0.500 0.092 -0.861
vn 0.516 -0.165 -0.840
vn 0.479 -0.287 -0.829
vn 0.466 -0.345 -0.815
vn 0.461 -0.388 -0.798
vn 0.439 -0.504 -0.744
vn 0.422 0.299 -0.856
vn 0.447 0.229 -0.865
vn 0.460 0.119 -0.880
vn 0.468 -0.017 -0.883
vn 0.472 -0.166 -0.866
vn 0.470 -0.290 -0.834
vn 0.216 0.947 0.240
vn -0.209 -0.891 0.404
vn -0.210 -0.887 0.411
vn 0.047 0.998 0.035
vn -0.207 -0.891 0.404
vn -0.089 -0.916 0.391
vn 0.032 0.999 -0.005
vn 0.074 -0.950 0.304
vn 0.029 1.000 -0.010
vn 0.152 -0.948 0.279
vn 0.181 -0.972 0.148
vn 0.197 -0.957 0.212
vn 0.025 1.000 -0.010
vn 0.269 -0.962 0.053
vn 0.022 1.000 -0.006
vn 0.311 -0.939 -0.144
vn 0.320 -0.942 -0.100
vn 0.022 1.000 0.001
vn 0.349 -0.910 -0.226
vn 0.351 -0.911 -0.217
vn 0.030 1.000 0.005
vn 0.355 -0.881 -0.313
vn 0.355 -0.900 -0.253
vn 0.104 0.993 -0.056
vn 0.355 -0.835 -0.421
vn 0.347 -0.843 -0.411
vn 0.260 0.920 -0.293
vn 0.344 -0.776 -0.529
vn 0.344 -0.801 -0.490
vn 0.381 0.571 -0.727
vn 0.379 0.583 -0.719
vn 0.364 -0.656 -0.661
vn 0.364 -0.656 -0.661
vn 0.378 0.570 -0.729
vn 0.361 0.435 -0.825
vn 0.383 0.360 -0.850
vn 0.373 0.378 -0.847
vn 0.453 -0.384 -0.805
vn 0.422 -0.460 -0.782
vn 0.413 -0.504 -0.758
vn 0.364 -0.656 -0.661
vn 0.378 0.364 -0.851
vn 0.400 0.313 -0.861
vn 0.406 0.228 -0.885
vn 0.402 0.114 -0.909
vn 0.400 0.128 -0.908
vn 0.409 -0.013 -0.913
vn 0.406 -0.137 -0.904
vn 0.406 -0.148 -0.902
vn 0.425 -0.268 -0.865
vn 0.434 -0.377 -0.818
vn 0.399 0.114 -0.910
vn 0.397 -0.012 -0.918
vn 0.069 0.990 0.121
vn -0.146 -0.855 0.497
vn 0.033 0.999 0.005
vn -0.093 -0.883 0.460
vn -0.026 -0.881 0.472
vn 0.031 0.999 -0.008
vn 0.140 -0.887 0.439
vn 0.139 -0.891 0.431
vn 0.140 -0.888 0.437
vn 0.030 0.999 -0.013
vn 0.179 -0.946 0.271
vn 0.028 1.000 -0.013
vn 0.211 -0.972 0.100
vn 0.027 1.000 -0.005
vn 0.241 -0.969 -0.060
vn 0.029 1.000 0.004
vn 0.262 -0.945 -0.198
vn 0.031 0.999 0.007
vn 0.319 -0.895 -0.311
vn 0.273 -0.911 -0.309
vn 0.033 0.999 0.002
vn 0.275 -0.869 -0.412
vn 0.277 -0.892 -0.356
vn 0.088 0.993 -0.084
vn 0.308 -0.793 -0.526
vn 0.260 -0.809 -0.528
vn 0.296 0.756 -0.585
vn 0.261 -0.725 -0.637
vn 0.258 -0.787 -0.561
vn 0.329 0.554 -0.765
vn 0.329 0.437 -0.837
vn 0.324 0.447 -0.834
vn 0.389 -0.510 -0.767
vn 0.317 -0.587 -0.745
vn 0.282 -0.674 -0.683
vn 0.325 0.438 -0.838
vn 0.350 0.381 -0.856
vn 0.365 0.318 -0.875
vn 0.391 0.223 -0.893
vn 0.366 0.301 -0.881
vn 0.406 -0.148 -0.902
vn 0.405 -0.254 -0.879
vn 0.384 -0.321 -0.866
vn 0.381 -0.369 -0.848
vn 0.344 -0.523 -0.780
vn 0.371 0.219 -0.902
vn 0.377 0.108 -0.920
vn 0.386 -0.004 -0.923
vn 0.390 -0.128 -0.912
vn 0.390 -0.245 -0.888
vn 0.052 0.998 0.023
vn -0.039 -0.802 0.596
vn 0.034 0.999 -0.003
vn 0.067 -0.815 0.575
vn 0.098 -0.819 0.565
vn 0.032 0.999 -0.009
vn 0.132 -0.849 0.511
vn 0.133 -0.876 0.464
vn 0.033 0.999 -0.013
vn 0.127 -0.952 0.280
vn 0.035 0.999 -0.013
vn 0.115 -0.987 0.111
vn 0.036 0.999 -0.005
vn 0.114 -0.993 -0.044
vn 0.037 0.999 0.005
vn 0.125 -0.975 -0.185
vn 0.036 0.999 0.009
vn 0.152 -0.941 -0.302
vn 0.034 0.999 0.004
vn 0.185 -0.891 -0.416
vn 0.170 -0.894 -0.416
vn 0.033 0.999 -0.019
vn 0.167 -0.828 -0.536
vn 0.170 -0.890 -0.424
vn 0.079 0.926 -0.370
vn 0.170 -0.761 -0.627
vn 0.168 -0.785 -0.596
vn 0.292 0.555 -0.779
vn 0.308 0.508 -0.805
vn 0.211 -0.677 -0.705
vn 0.200 -0.701 -0.685
vn 0.332 0.447 -0.831
vn 0.359 0.389 -0.848
vn 0.365 0.317 -0.875
vn 0.361 0.376 -0.853
vn 0.367 -0.375 -0.852
vn 0.310 -0.469 -0.827
vn 0.274 -0.555 -0.785
vn 0.374 0.317 -0.872
vn 0.391 0.221 -0.893
vn 0.415 0.118 -0.902
vn 0.433 0.005 -0.901
vn 0.424 -0.130 -0.896
vn 0.390 -0.257 -0.884
vn 0.341 -0.390 -0.855
vn 0.049 0.999 0.006
vn 0.046 0.999 -0.014
vn 0.083 -0.726 0.683
vn 0.038 0.999 -0.010
vn 0.040 0.999 -0.015
vn 0.135 -0.726 0.674
vn 0.121 -0.789 0.603
vn 0.034 0.999 -0.009
vn 0.034 0.999 -0.009
vn 0.109 -0.841 0.530
vn 0.099 -0.894 0.437
vn 0.035 0.999 -0.010
vn 0.036 0.999 -0.011
vn 0.059 -0.967 0.247
vn 0.040 0.999 -0.010
vn 0.015 -0.996 0.085
vn 0.045 0.999 -0.003
vn -0.014 -0.999 -0.049
vn 0.047 0.999 0.003
vn 0.000 -0.987 -0.162
vn 0.044 0.999 0.003
vn 0.038 -0.962 -0.271
vn 0.040 0.999 -0.001
vn 0.069 -0.914 -0.399
vn 0.038 0.998 -0.041
vn 0.091 -0.845 -0.527
vn 0.077 -0.894 -0.441
vn -0.029 0.963 -0.268
vn 0.114 -0.782 -0.613
vn 0.112 -0.789 -0.605
vn 0.288 0.569 -0.770
vn 0.213 0.704 -0.678
vn 0.170 -0.718 -0.675
vn 0.155 -0.731 -0.665
vn 0.291 0.610 -0.737
vn 0.391 0.454 -0.801
vn 0.368 0.389 -0.844
vn 0.399 0.437 -0.806
vn 0.250 -0.593 -0.765
vn 0.245 -0.602 -0.760
vn 0.160 -0.725 -0.670
vn 0.423 0.387 -0.819
vn 0.444 0.316 -0.838
vn 0.442 0.229 -0.867
vn 0.458 0.270 -0.847
vn 0.438 0.124 -0.891
vn 0.442 0.006 -0.897
vn 0.439 -0.136 -0.888
vn 0.414 -0.288 -0.864
vn 0.404 -0.331 -0.853
vn 0.346 -0.437 -0.830
vn 0.248 -0.597 -0.763
vn 0.467 0.230 -0.854
vn 0.484 0.128 -0.866
vn 0.485 0.003 -0.875
vn 0.465 -0.151 -0.872
vn 0.421 -0.295 -0.858
vn 0.035 0.999 -0.018
vn 0.113 -0.710 0.695
vn 0.039 0.999 -0.015
vn 0.113 -0.715 0.690
vn 0.072 -0.813 0.577
vn 0.034 0.999 -0.013
vn 0.060 -0.850 0.524
vn 0.036 -0.916 0.399
vn 0.036 0.999 -0.010
vn 0.035 0.999 -0.007
vn -0.013 -0.981 0.196
vn 0.041 0.999 -0.007
vn 0.041 0.999 -0.004
vn -0.070 -0.997 0.037
vn 0.046 0.999 -0.001
vn 0.047 0.999 0.001
vn -0.101 -0.993 -0.059
vn 0.047 0.999 0.003
vn 0.047 0.999 0.004
vn -0.089 -0.987 -0.134
vn 0.044 0.999 0.003
vn 0.044 0.999 0.002
vn -0.059 -0.969 -0.238
vn 0.040 0.999 -0.001
vn 0.040 0.999 -0.002
vn -0.020 -0.929 -0.370
vn 0.038 0.998 -0.057
vn 0.037 0.996 -0.081
vn 0.029 -0.866 -0.500
vn -0.002 -0.907 -0.421
vn 0.025 0.993 -0.118
vn -0.045 0.948 -0.316
vn 0.094 -0.801 -0.592
vn 0.088 -0.806 -0.585
vn 0.029 0.900 -0.434
vn 0.146 -0.766 -0.626
vn 0.090 -0.805 -0.587
vn 0.273 0.721 -0.636
vn 0.408 0.456 -0.791
vn 0.399 0.565 -0.722
vn 0.229 -0.689 -0.687
vn 0.165 -0.751 -0.639
vn 0.461 0.460 -0.758
vn 0.501 0.383 -0.776
vn 0.471 0.315 -0.824
vn 0.502 0.378 -0.777
vn 0.373 -0.474 -0.798
vn 0.367 -0.512 -0.776
vn 0.270 -0.643 -0.717
vn 0.524 0.312 -0.792
vn 0.535 0.222 -0.815
vn 0.533 0.112 -0.839
vn 0.515 -0.016 -0.857
vn 0.529 0.070 -0.846
vn 0.510 -0.079 -0.857
vn 0.495 -0.173 -0.852
vn 0.457 -0.329 -0.827
vn 0.384 -0.485 -0.786
vn 0.518 -0.017 -0.855
vn 0.036 0.999 -0.020
vn 0.085 -0.723 0.685
vn 0.046 -0.740 0.671
vn 0.030 0.999 -0.015
vn 0.001 -0.838 0.546
vn 0.033 0.999 -0.012
vn -0.010 -0.866 0.500
vn -0.044 -0.932 0.361
vn 0.034 0.999 -0.003
vn -0.087 -0.985 0.146
vn 0.037 0.999 0.002
vn -0.120 -0.993 -0.001
vn 0.039 0.999 0.002
vn -0.141 -0.988 -0.069
vn 0.037 0.999 -0.001
vn -0.153 -0.981 -0.121
vn 0.034 0.999 -0.004
vn -0.142 -0.968 -0.205
vn 0.033 0.999 -0.007
vn -0.102 -0.941 -0.323
vn 0.035 0.993 -0.113
vn -0.027 -0.896 -0.443
vn -0.083 -0.930 -0.359
vn 0.020 0.986 -0.166
vn -0.034 0.936 -0.349
vn 0.070 -0.846 -0.529
vn -0.024 0.947 -0.321
vn 0.159 -0.801 -0.576
vn 0.088 -0.838 -0.539
vn 0.229 0.819 -0.526
vn 0.133 0.904 -0.406
vn 0.239 -0.752 -0.614
vn 0.204 -0.776 -0.597
vn 0.212 0.853 -0.476
vn 0.508 0.467 -0.724
vn 0.506 0.488 -0.711
vn 0.503 0.383 -0.775
vn 0.356 -0.646 -0.675
vn 0.327 -0.678 -0.658
vn 0.514 0.467 -0.720
vn 0.550 0.379 -0.744
vn 0.564 0.302 -0.769
vn 0.566 0.324 -0.758
vn 0.549 0.214 -0.808
vn 0.534 0.111 -0.838
vn 0.499 -0.175 -0.849
vn 0.491 -0.337 -0.803
vn 0.491 -0.411 -0.768
vn 0.448 -0.511 -0.734
vn 0.569 0.298 -0.766
vn 0.569 0.197 -0.799
vn 0.566 0.088 -0.820
vn 0.558 -0.034 -0.829
vn 0.544 -0.180 -0.820
vn 0.514 -0.338 -0.789
vn 0.021 0.999 0.047
vn -0.012 -0.772 0.635
vn 0.031 0.999 -0.017
vn -0.068 -0.854 0.516
vn 0.034 0.999 -0.009
vn -0.087 -0.890 0.447
vn -0.121 -0.937 0.327
vn 0.033 0.999 -0.003
vn -0.144 -0.981 0.126
vn 0.031 1.000 0.001
vn -0.151 -0.988 -0.016
vn 0.029 1.000 0.001
vn -0.172 -0.981 -0.094
vn 0.028 1.000 -0.001
vn -0.202 -0.970 -0.137
vn 0.033 0.999 -0.003
vn -0.216 -0.958 -0.189
vn 0.034 0.999 -0.001
vn -0.167 -0.945 -0.281
vn -0.183 -0.945 -0.270
vn -0.189 -0.947 -0.259
vn 0.033 0.989 -0.141
vn -0.085 -0.929 -0.360
vn 0.012 0.976 -0.220
vn -0.034 0.927 -0.372
vn 0.042 -0.897 -0.440
vn -0.017 0.949 -0.314
vn 0.161 -0.848 -0.506
vn 0.084 -0.882 -0.463
vn -0.007 0.981 -0.192
vn 0.256 -0.802 -0.540
vn 0.256 -0.802 -0.540
vn 0.137 0.939 -0.315
vn 0.239 0.884 -0.403
vn 0.357 -0.689 -0.631
vn 0.364 -0.738 -0.568
vn 0.549 0.479 -0.685
vn 0.562 0.377 -0.736
vn 0.559 0.446 -0.699
vn 0.491 -0.512 -0.704
vn 0.490 -0.589 -0.642
vn 0.409 -0.697 -0.589
vn 0.573 0.370 -0.731
vn 0.576 0.280 -0.768
vn 0.579 0.184 -0.794
vn 0.578 0.245 -0.778
vn 0.580 0.083 -0.810
vn 0.579 -0.036 -0.815
vn 0.582 -0.175 -0.794
vn 0.588 -0.298 -0.752
vn 0.584 -0.324 -0.745
vn 0.530 -0.509 -0.678
vn 0.587 0.184 -0.789
vn 0.598 0.082 -0.797
vn 0.604 -0.035 -0.797
vn 0.601 -0.172 -0.781
vn -0.092 0.986 0.141
vn -0.041 -0.807 0.589
vn 0.034 0.999 -0.002
vn -0.120 -0.872 0.474
vn 0.034 0.999 -0.010
vn -0.159 -0.920 0.358
vn -0.177 -0.937 0.302
vn 0.031 0.999 -0.006
vn -0.198 -0.973 0.121
vn 0.029 1.000 -0.002
vn -0.206 -0.978 -0.029
vn 0.028 1.000 -0.001
vn -0.219 -0.968 -0.122
vn 0.028 1.000 0.004
vn -0.243 -0.956 -0.167
vn 0.029 1.000 0.002
vn -0.244 -0.951 -0.189
vn -0.252 -0.950 -0.187
vn -0.250 -0.951 -0.182
vn 0.027 1.000 -0.008
vn -0.214 -0.955 -0.205
vn -0.031 0.983 -0.183
vn -0.121 -0.961 -0.248
vn -0.048 0.965 -0.258
vn -0.066 0.924 -0.375
vn 0.006 -0.947 -0.322
vn -0.034 0.955 -0.295
vn 0.144 -0.902 -0.407
vn 0.082 -0.926 -0.369
vn -0.012 0.983 -0.184
vn 0.256 -0.802 -0.540
vn 0.270 -0.850 -0.452
vn -0.004 0.994 -0.113
vn 0.008 0.996 -0.087
vn 0.381 -0.800 -0.463
vn 0.335 -0.823 -0.459
vn 0.556 0.473 -0.684
vn 0.334 0.846 -0.415
vn 0.484 -0.691 -0.537
vn 0.484 -0.713 -0.508
vn 0.572 0.461 -0.678
vn 0.577 0.351 -0.738
vn 0.578 0.386 -0.718
vn 0.575 0.277 -0.770
vn 0.587 -0.321 -0.743
vn 0.577 -0.486 -0.657
vn 0.572 -0.530 -0.626
vn 0.503 -0.685 -0.527
vn 0.583 0.345 -0.736
vn 0.587 0.271 -0.763
vn 0.601 0.188 -0.777
vn 0.612 0.090 -0.786
vn 0.606 0.156 -0.780
vn 0.618 -0.023 -0.786
vn 0.620 -0.152 -0.770
vn 0.620 -0.180 -0.764
vn 0.614 -0.300 -0.730
vn 0.586 -0.480 -0.653
vn 0.615 0.090 -0.784
vn 0.620 -0.022 -0.784
vn 0.620 -0.150 -0.770
vn -0.173 0.958 0.227
vn -0.199 0.946 0.254
vn -0.051 -0.829 0.557
vn -0.060 -0.847 0.528
vn -0.171 0.959 0.224
vn -0.056 0.993 0.104
vn -0.065 -0.850 0.524
vn -0.156 -0.895 0.417
vn 0.031 0.999 -0.012
vn -0.209 -0.937 0.280
vn -0.229 -0.936 0.266
vn 0.031 0.999 -0.008
vn -0.248 -0.948 0.200
vn -0.272 -0.957 0.103
vn 0.031 1.000 -0.002
vn -0.286 -0.958 -0.039
vn 0.030 1.000 0.001
vn -0.281 -0.950 -0.136
vn 0.028 1.000 -0.001
vn -0.255 -0.952 -0.171
vn -0.269 -0.948 -0.170
vn -0.280 -0.950 -0.142
vn 0.026 1.000 -0.004
vn -0.244 -0.956 -0.161
vn 0.024 0.998 -0.056
vn -0.199 -0.969 -0.145
vn -0.148 0.954 -0.260
vn -0.129 -0.980 -0.154
vn -0.149 0.951 -0.271
vn -0.115 0.931 -0.347
vn -0.030 -0.979 -0.202
vn -0.066 0.963 -0.261
vn 0.100 -0.956 -0.275
vn 0.077 -0.962 -0.262
vn -0.028 0.987 -0.159
vn 0.248 -0.910 -0.332
vn -0.015 0.994 -0.105
vn -0.007 0.998 -0.066
vn 0.378 -0.829 -0.411
vn 0.373 -0.856 -0.358
vn 0.017 0.998 -0.064
vn 0.460 -0.790 -0.405
vn 0.421 -0.824 -0.379
vn 0.580 0.442 -0.684
vn 0.438 0.748 -0.499
vn 0.530 -0.651 -0.543
vn 0.521 -0.675 -0.522
vn 0.592 0.431 -0.681
vn 0.597 0.321 -0.736
vn 0.597 0.324 -0.734
vn 0.590 0.267 -0.762
vn 0.601 0.189 -0.776
vn 0.610 -0.292 -0.737
vn 0.577 -0.448 -0.683
vn 0.572 -0.467 -0.675
vn 0.532 -0.643 -0.551
vn 0.597 0.321 -0.735
vn 0.605 0.267 -0.751
vn 0.618 0.192 -0.762
vn 0.625 0.088 -0.776
vn 0.621 -0.021 -0.783
vn 0.615 -0.140 -0.776
vn 0.604 -0.280 -0.746
vn 0.576 -0.446 -0.685
vn -0.155 0.963 0.219
vn -0.068 -0.891 0.448
vn -0.181 0.955 0.236
vn -0.180 0.955 0.235
vn -0.098 -0.900 0.425
vn -0.185 -0.922 0.339
vn -0.012 0.997 0.074
vn -0.287 -0.937 0.199
vn 0.031 1.000 -0.006
vn -0.299 -0.950 0.091
vn -0.350 -0.935 0.066
vn 0.032 0.999 -0.003
vn -0.318 -0.947 -0.038
vn -0.367 -0.929 -0.038
vn 0.032 0.999 -0.004
vn -0.287 -0.948 -0.133
vn -0.346 -0.932 -0.103
vn 0.028 1.000 0.000
vn -0.297 -0.947 -0.125
vn 0.024 1.000 -0.002
vn -0.236 -0.965 -0.112
vn -0.059 0.985 -0.161
vn -0.178 -0.980 -0.090
vn -0.143 0.951 -0.275
vn -0.158 0.948 -0.278
vn -0.194 0.917 -0.349
vn -0.127 -0.988 -0.084
vn -0.145 0.947 -0.288
vn -0.059 -0.993 -0.105
vn -0.086 0.974 -0.209
vn 0.069 -0.977 -0.203
vn 0.045 -0.988 -0.146
vn -0.037 0.991 -0.125
vn 0.184 -0.964 -0.192
vn 0.071 -0.985 -0.155
vn -0.028 0.995 -0.099
vn -0.011 0.999 -0.050
vn 0.313 -0.918 -0.245
vn -0.002 1.000 -0.008
vn 0.435 -0.819 -0.375
vn 0.398 -0.857 -0.327
vn 0.051 0.994 -0.093
vn 0.446 -0.770 -0.456
vn 0.433 -0.800 -0.415
vn 0.597 0.411 -0.689
vn 0.524 0.620 -0.584
vn 0.493 -0.616 -0.614
vn 0.484 -0.629 -0.608
vn 0.609 0.407 -0.680
vn 0.633 0.303 -0.713
vn 0.628 0.258 -0.735
vn 0.634 0.281 -0.720
vn 0.626 0.192 -0.756
vn 0.626 0.089 -0.775
vn 0.622 -0.021 -0.783
vn 0.614 -0.141 -0.776
vn 0.593 -0.282 -0.754
vn 0.552 -0.405 -0.729
vn 0.539 -0.446 -0.715
vn 0.487 -0.615 -0.620
vn 0.638 0.255 -0.727
vn 0.651 0.186 -0.736
vn 0.661 0.079 -0.746
vn 0.656 -0.032 -0.754
vn 0.633 -0.150 -0.759
vn 0.592 -0.290 -0.752
vn -0.117 0.977 0.180
vn -0.061 -0.939 0.339
vn -0.179 0.954 0.240
vn -0.154 0.953 0.260
vn -0.154 -0.949 0.274
vn -0.215 -0.950 0.225
vn -0.143 0.962 0.232
vn -0.115 0.976 0.186
vn -0.337 -0.935 0.107
vn 0.025 0.999 0.035
vn -0.406 -0.914 0.021
vn 0.030 1.000 -0.001
vn -0.425 -0.905 -0.034
vn 0.029 1.000 -0.002
vn -0.399 -0.915 -0.056
vn 0.029 1.000 -0.008
vn -0.341 -0.939 -0.047
vn -0.002 0.996 -0.087
vn -0.266 -0.963 -0.034
vn -0.207 0.930 -0.304
vn -0.198 -0.980 -0.034
vn -0.208 0.930 -0.305
vn -0.179 0.930 -0.323
vn -0.147 -0.989 -0.035
vn -0.130 0.963 -0.238
vn -0.092 -0.995 -0.032
vn -0.079 0.985 -0.153
vn -0.008 -0.999 -0.035
vn -0.039 0.995 -0.090
vn -0.036 0.995 -0.095
vn -0.036 0.996 -0.085
vn 0.110 -0.991 -0.073
vn 0.104 -0.993 -0.062
vn -0.009 0.999 -0.032
vn 0.211 -0.968 -0.136
vn 0.118 -0.990 -0.072
vn -0.001 1.000 -0.003
vn 0.287 -0.922 -0.260
vn 0.001 1.000 0.003
vn 0.416 -0.795 -0.442
vn 0.333 -0.848 -0.413
vn 0.103 0.987 -0.126
vn 0.373 -0.736 -0.565
vn 0.355 -0.789 -0.502
vn 0.628 0.400 -0.668
vn 0.582 0.544 -0.605
vn 0.640 0.299 -0.708
vn 0.531 -0.450 -0.718
vn 0.438 -0.587 -0.680
vn 0.418 -0.627 -0.657
vn 0.635 0.400 -0.661
vn 0.671 0.294 -0.680
vn 0.686 0.248 -0.684
vn 0.684 0.266 -0.679
vn 0.684 0.183 -0.706
vn 0.680 0.076 -0.729
vn 0.669 -0.038 -0.742
vn 0.645 -0.166 -0.746
vn 0.589 -0.329 -0.738
vn 0.563 -0.383 -0.733
vn 0.498 -0.487 -0.718
vn 0.691 0.248 -0.679
vn 0.708 0.181 -0.682
vn 0.718 0.066 -0.693
vn 0.702 -0.062 -0.709
vn 0.657 -0.198 -0.728
vn 0.586 -0.342 -0.735
vn -0.081 0.988 0.134
vn -0.056 -0.982 0.181
vn -0.133 0.967 0.219
vn -0.228 -0.963 0.147
vn -0.238 -0.969 0.073
vn -0.166 0.948 0.271
vn -0.174 0.943 0.285
vn -0.370 -0.929 0.024
vn -0.379 -0.925 -0.002
vn -0.165 0.948 0.272
vn -0.062 0.990 0.127
vn -0.442 -0.897 -0.019
vn -0.454 -0.891 -0.033
vn 0.025 1.000 -0.000
vn -0.456 -0.889 -0.030
vn -0.472 -0.881 -0.030
vn 0.023 1.000 -0.004
vn -0.429 -0.903 -0.022
vn -0.450 -0.893 -0.002
vn 0.021 0.999 -0.029
vn -0.372 -0.928 -0.003
vn -0.396 -0.918 0.028
vn -0.114 0.971 -0.211
vn -0.305 -0.952 0.013
vn -0.330 -0.943 0.042
vn -0.163 0.940 -0.299
vn -0.208 0.929 -0.306
vn -0.187 0.914 -0.360
vn -0.245 -0.969 0.010
vn -0.267 -0.963 0.033
vn -0.142 0.951 -0.276
vn -0.187 -0.982 0.004
vn -0.204 -0.979 0.022
vn -0.096 0.977 -0.188
vn -0.126 -0.992 0.016
vn -0.137 -0.990 0.034
vn -0.055 0.992 -0.113
vn -0.087 -0.995 0.045
vn -0.058 -0.997 0.052
vn -0.040 0.996 -0.085
vn -0.024 0.998 -0.055
vn 0.025 -0.999 0.031
vn -0.001 1.000 -0.016
vn 0.155 -0.983 -0.097
vn 0.095 -0.994 -0.057
vn 0.002 1.000 0.001
vn 0.150 -0.968 -0.201
vn 0.132 -0.979 -0.153
vn 0.002 1.000 0.008
vn 0.193 -0.908 -0.371
vn 0.006 1.000 0.007
vn 0.289 -0.794 -0.535
vn 0.246 -0.818 -0.521
vn 0.139 0.981 -0.133
vn 0.397 -0.638 -0.660
vn 0.329 -0.706 -0.627
vn 0.258 -0.801 -0.541
vn 0.654 0.402 -0.641
vn 0.605 0.537 -0.588
vn 0.680 0.296 -0.671
vn 0.482 -0.522 -0.704
vn 0.440 -0.581 -0.685
vn 0.365 -0.665 -0.651
vn 0.656 0.402 -0.639
vn 0.687 0.307 -0.658
vn 0.712 0.260 -0.652
vn 0.699 0.288 -0.655
vn 0.726 0.178 -0.664
vn 0.727 0.058 -0.684
vn 0.707 -0.077 -0.703
vn 0.652 -0.234 -0.721
vn 0.562 -0.407 -0.720
vn 0.557 -0.416 -0.719
vn 0.468 -0.544 -0.696
vn 0.708 0.262 -0.656
vn 0.713 0.173 -0.679
vn 0.701 0.034 -0.712
vn 0.669 -0.116 -0.734
vn 0.620 -0.269 -0.737
vn -0.044 0.996 0.076
vn -0.083 -0.997 -0.001
vn -0.104 0.981 0.166
vn -0.267 -0.958 -0.107
vn -0.160 0.957 0.244
vn -0.416 -0.899 -0.136
vn -0.190 0.948 0.256
vn -0.192 0.949 0.250
vn -0.509 -0.855 -0.097
vn -0.034 0.996 0.082
vn -0.543 -0.839 -0.032
vn 0.017 1.000 -0.007
vn -0.528 -0.848 0.040
vn -0.089 0.987 -0.136
vn -0.475 -0.874 0.100
vn -0.222 0.923 -0.314
vn -0.219 0.923 -0.318
vn -0.237 0.912 -0.335
vn -0.406 -0.907 0.114
vn -0.164 0.939 -0.302
vn -0.339 -0.935 0.101
vn -0.106 0.967 -0.231
vn -0.271 -0.958 0.099
vn -0.067 0.986 -0.150
vn -0.193 -0.974 0.115
vn -0.036 0.996 -0.084
vn -0.037 0.996 -0.085
vn -0.035 0.996 -0.081
vn -0.069 -0.995 0.067
vn -0.112 -0.986 0.126
vn -0.007 0.999 -0.031
vn -0.081 -0.991 0.109
vn -0.051 -0.995 0.091
vn 0.006 1.000 -0.007
vn -0.006 -1.000 -0.012
vn 0.006 1.000 0.001
vn 0.094 -0.979 -0.181
vn 0.032 -0.987 -0.160
vn 0.005 1.000 0.007
vn 0.074 -0.943 -0.324
vn 0.038 -0.982 -0.187
vn 0.003 1.000 0.010
vn 0.138 -0.877 -0.460
vn 0.005 1.000 0.007
vn 0.234 -0.800 -0.553
vn 0.188 -0.837 -0.514
vn 0.141 0.983 -0.116
vn 0.350 -0.705 -0.617
vn 0.342 -0.713 -0.613
vn 0.661 0.400 -0.635
vn 0.597 0.563 -0.571
vn 0.687 0.311 -0.656
vn 0.555 -0.418 -0.719
vn 0.449 -0.580 -0.679
vn 0.444 -0.587 -0.676
vn 0.658 0.397 -0.640
vn 0.672 0.319 -0.669
vn 0.684 0.266 -0.679
vn 0.674 0.301 -0.675
vn 0.696 0.162 -0.699
vn 0.687 0.021 -0.726
vn 0.647 -0.137 -0.750
vn 0.572 -0.307 -0.761
vn 0.532 -0.384 -0.755
vn 0.504 -0.458 -0.733
vn 0.676 0.259 -0.690
vn 0.667 0.134 -0.733
vn 0.640 -0.022 -0.768
vn 0.600 -0.174 -0.781
vn 0.553 -0.320 -0.769
vn -0.004 1.000 0.021
vn -0.164 -0.974 -0.158
vn -0.065 0.993 0.102
vn -0.306 -0.912 -0.274
vn -0.128 0.973 0.189
vn -0.441 -0.857 -0.268
vn -0.442 -0.854 -0.274
vn -0.434 -0.858 -0.273
vn -0.195 0.946 0.260
vn -0.184 0.948 0.259
vn -0.530 -0.836 -0.142
vn -0.548 -0.814 -0.193
vn -0.185 0.952 0.246
vn -0.163 0.966 0.203
vn -0.570 -0.821 -0.039
vn -0.617 -0.785 -0.062
vn -0.116 0.992 -0.058
vn -0.565 -0.823 0.057
vn -0.624 -0.777 0.083
vn -0.257 0.919 -0.298
vn -0.529 -0.836 0.144
vn -0.568 -0.803 0.180
vn -0.257 0.919 -0.300
vn -0.212 0.936 -0.281
vn -0.482 -0.854 0.196
vn -0.485 -0.852 0.200
vn -0.150 0.961 -0.232
vn -0.478 -0.856 0.198
vn -0.405 -0.896 0.179
vn -0.094 0.979 -0.180
vn -0.332 -0.927 0.175
vn -0.051 0.992 -0.116
vn -0.255 -0.948 0.192
vn -0.029 0.997 -0.076
vn -0.016 0.999 -0.052
vn -0.187 -0.964 0.191
vn 0.006 1.000 -0.015
vn -0.109 -0.986 0.125
vn -0.135 -0.981 0.139
vn 0.010 1.000 -0.003
vn -0.123 -0.987 0.108
vn -0.093 -0.995 0.025
vn 0.010 1.000 0.000
vn -0.052 -0.991 -0.123
vn 0.009 1.000 0.005
vn -0.005 -0.962 -0.275
vn -0.046 -0.989 -0.142
vn 0.006 1.000 0.008
vn 0.061 -0.918 -0.391
vn 0.004 1.000 0.008
vn 0.150 -0.871 -0.468
vn 0.140 -0.876 -0.461
vn 0.006 1.000 0.006
vn 0.338 -0.719 -0.607
vn 0.261 -0.802 -0.537
vn 0.124 0.987 -0.101
vn 0.442 -0.590 -0.676
vn 0.360 -0.694 -0.624
vn 0.308 -0.755 -0.579
vn 0.649 0.389 -0.654
vn 0.580 0.572 -0.581
vn 0.668 0.319 -0.672
vn 0.483 -0.470 -0.739
vn 0.437 -0.545 -0.716
vn 0.405 -0.614 -0.678
vn 0.646 0.385 -0.658
vn 0.658 0.308 -0.687
vn 0.656 0.237 -0.717
vn 0.657 0.277 -0.701
vn 0.648 0.112 -0.753
vn 0.622 -0.044 -0.781
vn 0.577 -0.203 -0.791
vn 0.536 -0.322 -0.780
vn 0.524 -0.354 -0.775
vn 0.468 -0.483 -0.740
vn 0.659 0.229 -0.717
vn 0.652 0.087 -0.753
vn 0.627 -0.073 -0.776
vn 0.582 -0.220 -0.783
vn 0.017 1.000 -0.012
vn -0.281 -0.922 -0.266
vn -0.021 0.999 0.040
vn -0.350 -0.860 -0.371
vn -0.356 -0.852 -0.383
vn -0.348 -0.861 -0.372
vn -0.086 0.988 0.124
vn -0.451 -0.803 -0.390
vn -0.163 0.971 0.174
vn -0.551 -0.779 -0.299
vn -0.551 -0.778 -0.301
vn -0.548 -0.779 -0.304
vn -0.300 0.940 0.165
vn -0.357 0.925 0.133
vn -0.634 -0.765 -0.111
vn -0.640 -0.756 -0.138
vn -0.489 0.867 -0.099
vn -0.543 0.834 -0.097
vn -0.666 -0.742 0.084
vn -0.681 -0.728 0.080
vn -0.264 0.919 -0.294
vn -0.345 0.919 -0.190
vn -0.647 -0.720 0.250
vn -0.654 -0.713 0.255
vn -0.195 0.956 -0.221
vn -0.641 -0.720 0.267
vn -0.583 -0.757 0.295
vn -0.134 0.974 -0.184
vn -0.438 -0.873 0.212
vn -0.496 -0.826 0.268
vn -0.085 0.988 -0.130
vn -0.404 -0.881 0.246
vn -0.408 -0.878 0.250
vn -0.035 0.997 -0.071
vn -0.403 -0.880 0.249
vn -0.335 -0.908 0.253
vn -0.030 0.997 -0.066
vn 0.003 1.000 -0.024
vn -0.286 -0.928 0.240
vn 0.013 1.000 -0.005
vn -0.241 -0.953 0.183
vn 0.013 1.000 -0.003
vn -0.141 -0.989 0.050
vn -0.190 -0.979 0.072
vn 0.013 1.000 -0.001
vn -0.076 -0.991 -0.109
vn -0.133 -0.988 -0.076
vn 0.012 1.000 0.002
vn -0.074 -0.972 -0.221
vn 0.010 1.000 0.005
vn -0.008 -0.945 -0.326
vn 0.009 1.000 0.007
vn 0.118 -0.890 -0.440
vn 0.067 -0.917 -0.392
vn 0.009 1.000 0.009
vn 0.157 -0.873 -0.461
vn 0.080 -0.912 -0.403
vn 0.012 1.000 0.011
vn 0.241 -0.792 -0.562
vn 0.241 -0.792 -0.562
vn 0.118 0.987 -0.113
vn 0.359 -0.638 -0.681
vn 0.331 -0.667 -0.668
vn 0.241 -0.792 -0.562
vn 0.643 0.382 -0.664
vn 0.592 0.536 -0.601
vn 0.658 0.305 -0.689
vn 0.522 -0.359 -0.774
vn 0.444 -0.518 -0.732
vn 0.440 -0.523 -0.730
vn 0.346 -0.649 -0.678
vn 0.649 0.383 -0.658
vn 0.680 0.293 -0.672
vn 0.684 0.199 -0.702
vn 0.687 0.243 -0.685
vn 0.669 0.059 -0.741
vn 0.645 -0.102 -0.757
vn 0.607 -0.262 -0.750
vn 0.602 -0.278 -0.748
vn 0.535 -0.400 -0.744
vn 0.693 0.194 -0.694
vn 0.690 0.045 -0.722
vn 0.664 -0.115 -0.739
vn 0.610 -0.264 -0.747
vn 0.024 0.999 -0.026
vn -0.391 -0.861 -0.325
vn -0.396 -0.858 -0.328
vn 0.006 1.000 -0.001
vn -0.425 -0.794 -0.434
vn -0.042 0.998 0.041
vn -0.474 -0.762 -0.442
vn -0.487 -0.744 -0.457
vn -0.471 -0.759 -0.450
vn -0.286 0.957 -0.053
vn -0.582 -0.718 -0.383
vn -0.646 0.721 -0.251
vn -0.656 -0.728 -0.200
vn -0.666 -0.717 -0.206
vn -0.636 -0.720 -0.278
vn -0.733 0.678 -0.062
vn -0.697 -0.716 0.038
vn -0.710 -0.704 0.023
vn -0.741 0.660 0.123
vn -0.712 -0.660 0.238
vn -0.718 -0.655 0.234
vn -0.473 0.881 -0.008
vn -0.714 -0.651 0.259
vn -0.623 -0.712 0.325
vn -0.688 -0.636 0.350
vn -0.186 0.976 -0.110
vn -0.612 -0.706 0.355
vn -0.617 -0.701 0.358
vn -0.059 0.995 -0.079
vn -0.612 -0.706 0.356
vn -0.525 -0.783 0.334
vn -0.027 0.999 -0.046
vn -0.029 0.998 -0.062
vn -0.009 1.000 -0.028
vn -0.397 -0.873 0.285
vn -0.441 -0.844 0.306
vn 0.012 1.000 -0.005
vn -0.417 -0.862 0.288
vn -0.397 -0.876 0.275
vn 0.014 1.000 -0.004
vn -0.361 -0.905 0.226
vn 0.014 1.000 -0.003
vn -0.314 -0.940 0.132
vn 0.014 1.000 -0.001
vn -0.254 -0.967 -0.009
vn 0.013 1.000 0.001
vn -0.185 -0.970 -0.155
vn 0.013 1.000 0.005
vn -0.109 -0.959 -0.261
vn 0.013 1.000 0.008
vn -0.032 -0.944 -0.327
vn 0.014 1.000 0.010
vn 0.049 -0.916 -0.398
vn -0.013 -0.939 -0.344
vn 0.015 1.000 0.013
vn 0.128 -0.856 -0.500
vn 0.078 0.995 -0.064
vn 0.015 1.000 0.014
vn 0.015 1.000 0.016
vn 0.224 -0.763 -0.606
vn 0.155 -0.831 -0.535
vn 0.182 0.968 -0.171
vn 0.141 0.982 -0.129
vn 0.439 -0.526 -0.728
vn 0.352 -0.654 -0.670
vn 0.297 -0.704 -0.645
vn 0.184 0.968 -0.170
vn 0.668 0.389 -0.634
vn 0.618 0.534 -0.577
vn 0.688 0.291 -0.665
vn 0.546 -0.434 -0.717
vn 0.506 -0.517 -0.691
vn 0.437 -0.587 -0.682
vn 0.678 0.393 -0.621
vn 0.719 0.288 -0.632
vn 0.732 0.171 -0.659
vn 0.726 0.254 -0.639
vn 0.724 0.017 -0.690
vn 0.697 -0.151 -0.701
vn 0.661 -0.284 -0.695
vn 0.645 -0.319 -0.695
vn 0.555 -0.460 -0.693
vn 0.734 0.166 -0.658
vn 0.727 0.005 -0.686
vn 0.699 -0.161 -0.697
vn 0.031 0.999 -0.034
vn -0.484 -0.793 -0.369
vn 0.020 1.000 -0.024
vn -0.495 -0.739 -0.457
vn -0.513 -0.721 -0.465
vn -0.505 -0.741 -0.444
vn -0.147 0.977 -0.155
vn -0.589 -0.630 -0.506
vn -0.599 0.641 -0.481
vn -0.608 0.634 -0.477
vn -0.617 0.612 -0.495
vn -0.614 -0.682 -0.397
vn -0.713 -0.573 -0.403
vn -0.603 -0.624 -0.497
vn -0.679 0.664 -0.313
vn -0.751 0.545 -0.373
vn -0.763 -0.610 -0.213
vn -0.790 -0.577 -0.208
vn -0.761 -0.579 -0.293
vn -0.736 0.674 -0.064
vn -0.793 0.529 -0.304
vn -0.835 0.535 -0.130
vn -0.855 0.498 -0.147
vn -0.772 -0.635 -0.015
vn -0.820 -0.571 -0.026
vn -0.758 0.639 0.131
vn -0.855 0.507 0.110
vn -0.880 0.464 0.101
vn -0.794 -0.585 0.165
vn -0.827 -0.544 0.145
vn -0.644 0.754 0.129
vn -0.827 0.476 0.298
vn -0.833 0.476 0.284
vn -0.803 -0.532 0.269
vn -0.722 -0.598 0.350
vn -0.793 -0.519 0.318
vn -0.394 0.916 0.071
vn -0.639 0.700 0.320
vn -0.716 -0.559 0.418
vn -0.727 -0.542 0.422
vn -0.142 0.990 0.022
vn -0.175 0.983 0.060
vn -0.713 -0.560 0.422
vn -0.590 -0.712 0.381
vn -0.641 -0.643 0.420
vn 0.005 1.000 -0.000
vn -0.589 -0.712 0.381
vn -0.559 -0.743 0.367
vn 0.011 1.000 -0.001
vn -0.430 -0.857 0.285
vn -0.504 -0.806 0.310
vn 0.012 1.000 -0.003
vn -0.465 -0.847 0.258
vn -0.471 -0.843 0.260
vn 0.013 1.000 -0.003
vn -0.468 -0.847 0.253
vn -0.445 -0.877 0.182
vn 0.013 1.000 -0.002
vn -0.404 -0.912 0.062
vn 0.012 1.000 0.001
vn -0.336 -0.939 -0.072
vn 0.012 1.000 0.005
vn -0.243 -0.954 -0.175
vn 0.012 1.000 0.008
vn -0.144 -0.958 -0.248
vn 0.013 1.000 0.011
vn -0.047 -0.944 -0.326
vn -0.141 -0.958 -0.250
vn 0.015 1.000 0.013
vn 0.013 1.000 0.012
vn 0.013 1.000 0.013
vn 0.045 -0.903 -0.428
vn 0.013 1.000 0.014
vn 0.153 -0.839 -0.523
vn 0.100 -0.872 -0.479
vn 0.011 1.000 0.015
vn 0.297 -0.752 -0.588
vn 0.290 -0.764 -0.576
vn 0.232 0.955 -0.187
vn 0.151 0.983 -0.108
vn 0.460 -0.623 -0.633
vn 0.443 -0.666 -0.601
vn 0.300 -0.759 -0.578
vn 0.248 0.948 -0.199
vn 0.688 0.399 -0.606
vn 0.597 0.602 -0.530
vn 0.721 0.288 -0.630
vn 0.647 -0.324 -0.690
vn 0.582 -0.496 -0.645
vn 0.568 -0.533 -0.627
vn 0.475 -0.638 -0.606
vn 0.681 0.399 -0.614
vn 0.700 0.288 -0.654
vn 0.701 0.282 -0.655
vn 0.719 0.150 -0.679
vn 0.716 -0.015 -0.698
vn 0.691 -0.186 -0.698
vn 0.663 -0.307 -0.683
vn 0.650 -0.352 -0.674
vn 0.586 -0.501 -0.636
vn 0.700 0.282 -0.657
vn 0.698 0.142 -0.701
vn 0.693 -0.023 -0.721
vn 0.680 -0.189 -0.708
f 3//3 100//100 1//1
f 3//3 103//103 100//100
f 101//101 102//102 5//5
f 102//102 4//4 5//5
f 102//102 104//104 4//4
f 101//101 5//5 2//2
f 6//6 103//103 3//3
f 6//6 105//105 103//103
f 104//104 7//7 4//4
f 106//106 7//7 104//104
f 8//8 108//108 107//107
f 105//105 8//8 107//107
f 6//6 8//8 105//105
f 108//108 109//109 107//107
f 112//112 111//111 110//110
f 106//106 112//112 110//110
f 9//9 106//106 110//110
f 7//7 106//106 9//9
f 10//10 113//113 108//108
f 10//10 108//108 8//8
f 109//109 108//108 114//114
f 114//114 108//108 113//113
f 110//110 111//111 12//12
f 111//111 11//11 12//12
f 111//111 115//115 11//11
f 110//110 12//12 9//9
f 13//13 113//113 10//10
f 13//13 14//14 113//113
f 14//14 114//114 113//113
f 14//14 116//116 114//114
f 119//119 118//118 117//117
f 115//115 119//119 117//117
f 15//15 115//115 117//117
f 11//11 115//115 15//15
f 16//16 116//116 14//14
f 16//16 120//120 116//116
f 117//117 118//118 121//121
f 121//121 118//118 122//122
f 121//121 17//17 15//15
f 121//121 15//15 117//117
f 18//18 120//120 16//16
f 18//18 123//123 120//120
f 121//121 122//122 20//20
f 122//122 19//19 20//20
f 122//122 124//124 19//19
f 121//121 20//20 17//17
f 21//21 126//126 125//125
f 123//123 21//21 125//125
f 18//18 21//21 123//123
f 126//126 127//127 125//125
f 130//130 129//129 128//128
f 124//124 130//130 128//128
f 22//22 124//124 128//128
f 19//19 124//124 22//22
f 132//132 131//131 126//126
f 21//21 132//132 126//126
f 23//23 132//132 21//21
f 126//126 131//131 127//127
f 135//135 134//134 133//133
f 135//135 133//133 129//129
f 129//129 133//133 128//128
f 133//133 24//24 128//128
f 24//24 25//25 128//128
f 128//128 25//25 22//22
f 27//27 136//136 26//26
f 136//136 137//137 26//26
f 137//137 23//23 26//26
f 137//137 132//132 23//23
f 140//140 139//139 138//138
f 140//140 138//138 134//134
f 134//134 138//138 133//133
f 138//138 29//29 133//133
f 29//29 28//28 133//133
f 133//133 28//28 24//24
f 30//30 141//141 136//136
f 30//30 136//136 27//27
f 137//137 136//136 142//142
f 142//142 136//136 141//141
f 138//138 139//139 143//143
f 143//143 139//139 144//144
f 143//143 31//31 29//29
f 143//143 29//29 138//138
f 32//32 145//145 141//141
f 32//32 141//141 30//30
f 142//142 141//141 146//146
f 146//146 141//141 145//145
f 149//149 148//148 147//147
f 149//149 147//147 144//144
f 144//144 147//147 143//143
f 147//147 33//33 143//143
f 33//33 34//34 143//143
f 143//143 34//34 31//31
f 151//151 150//150 145//145
f 32//32 151//151 145//145
f 35//35 151//151 32//32
f 145//145 150//150 146//146
f 147//147 148//148 152//152
f 152//152 148//148 153//153
f 152//152 36//36 33//33
f 152//152 33//33 147//147
f 37//37 151//151 35//35
f 37//37 154//154 151//151
f 152//152 153//153 155//155
f 155//155 153//153 156//156
f 155//155 38//38 36//36
f 155//155 36//36 152//152
f 39//39 154//154 37//37
f 39//39 157//157 154//154
f 155//155 156//156 158//158
f 158//158 156//156 159//159
f 158//158 40//40 38//38
f 158//158 38//38 155//155
f 41//41 157//157 39//39
f 41//41 160//160 157//157
f 158//158 159//159 161//161
f 161//161 159//159 162//162
f 161//161 42//42 40//40
f 161//161 40//40 158//158
f 163//163 160//160 41//41
f 163//163 41//41 43//43
f 43//43 44//44 163//163
f 163//163 44//44 164//164
f 161//161 162//162 165//165
f 165//165 162//162 166//166
f 165//165 45//45 42//42
f 165//165 42//42 161//161
f 46//46 164//164 44//44
f 46//46 167//167 164//164
f 165//165 166//166 168//168
f 168//168 166//166 169//169
f 168//168 47//47 45//45
f 168//168 45//45 165//165
f 48//48 167//167 46//46
f 48//48 170//170 167//167
f 169//169 171//171 168//168
f 47//47 168//168 171//171
f 172//172 47//47 171//171
f 49//49 47//47 172//172
f 50//50 170//170 48//48
f 50//50 173//173 170//170
f 172//172 51//51 49//49
f 174//174 51//51 172//172
f 52//52 173//173 50//50
f 52//52 175//175 173//173
f 174//174 53//53 51//51
f 176//176 53//53 174//174
f 54//54 175//175 52//52
f 54//54 177//177 175//175
f 176//176 55//55 53//53
f 178//178 55//55 176//176
f 56//56 177//177 54//54
f 56//56 179//179 177//177
f 178//178 57//57 55//55
f 180//180 57//57 178//178
f 58//58 179//179 56//56
f 58//58 181//181 179//179
f 182//182 59//59 60//60
f 183//183 182//182 60//60
f 57//57 183//183 60//60
f 180//180 183//183 57//57
f 61//61 181//181 58//58
f 61//61 184//184 181//181
f 186//186 185//185 182//182
f 185//185 59//59 182//182
f 185//185 62//62 59//59
f 186//186 182//182 183//183
f 63//63 184//184 61//61
f 63//63 187//187 184//184
f 188//188 64//64 65//65
f 189//189 188//188 65//65
f 62//62 189//189 65//65
f 185//185 189//189 62//62
f 66//66 187//187 63//63
f 66//66 190//190 187//187
f 191//191 67//67 68//68
f 192//192 191//191 68//68
f 192//192 68//68 64//64
f 193//193 192//192 64//64
f 188//188 193//193 64//64
f 193//193 188//188 189//189
f 66//66 69//69 194//194
f 195//195 66//66 194//194
f 190//190 66//66 195//195
f 70//70 194//194 69//69
f 196//196 71//71 72//72
f 73//73 197//197 72//72
f 72//72 197//197 196//196
f 198//198 197//197 73//73
f 198//198 73//73 67//67
f 199//199 198//198 67//67
f 191//191 199//199 67//67
f 199//199 191//191 192//192
f 200//200 195//195 194//194
f 200//200 194//194 70//70
f 74//74 200//200 70//70
f 201//201 200//200 74//74
f 203//203 201//201 202//202
f 201//201 75//75 202//202
f 201//201 74//74 75//75
f 202//202 75//75 204//204
f 75//75 205//205 204//204
f 75//75 76//76 205//205
f 207//207 205//205 206//206
f 205//205 77//77 206//206
f 205//205 76//76 77//77
f 78//78 208//208 77//77
f 77//77 208//208 206//206
f 79//79 209//209 78//78
f 78//78 209//209 208//208
f 210//210 209//209 79//79
f 210//210 79//79 71//71
f 211//211 210//210 71//71
f 196//196 211//211 71//71
f 211//211 196//196 197//197
f 211//211 197//197 212//212
f 212//212 197//197 198//198
f 213//213 203//203 202//202
f 213//213 202//202 204//204
f 214//214 207//207 206//206
f 214//214 206//206 208//208
f 214//214 208//208 215//215
f 215//215 208//208 209//209
f 215//215 209//209 216//216
f 216//216 209//209 210//210
f 219//219 218//218 217//217
f 221//221 220//220 217//217
f 221//221 217//217 218//218
f 223//223 222//222 220//220
f 223//223 220//220 221//221
f 225//225 224//224 222//222
f 225//225 222//222 223//223
f 227//227 226//226 224//224
f 227//227 224//224 225//225
f 228//228 226//226 227//227
f 230//230 229//229 80//80
f 230//230 80//80 81//81
f 217//217 82//82 219//219
f 82//82 229//229 219//219
f 82//82 80//80 229//229
f 82//82 217//217 83//83
f 83//83 217//217 220//220
f 83//83 220//220 84//84
f 84//84 220//220 222//222
f 84//84 222//222 85//85
f 85//85 222//222 224//224
f 85//85 224//224 86//86
f 86//86 224//224 226//226
f 228//228 231//231 226//226
f 231//231 86//86 226//226
f 231//231 87//87 86//86
f 87//87 232//232 88//88
f 231//231 232//232 87//87
f 89//89 88//88 232//232
f 89//89 232//232 233//233
f 90//90 230//230 81//81
f 90//90 234//234 230//230
f 233//233 235//235 89//89
f 89//89 235//235 91//91
f 92//92 91//91 235//235
f 92//92 235//235 236//236
f 238//238 237//237 93//93
f 238//238 93//93 94//94
f 90//90 93//93 234//234
f 234//234 93//93 237//237
f 236//236 239//239 92//92
f 92//92 239//239 95//95
f 96//96 95//95 239//239
f 96//96 239//239 240//240
f 97//97 238//238 94//94
f 97//97 241//241 238//238
f 240//240 242//242 96//96
f 96//96 242//242 98//98
f 99//99 98//98 242//242
f 99//99 242//242 243//243
f 103//103 248//248 247//247
f 244//244 103//103 247//247
f 100//100 103//103 244//244
f 248//248 249//249 247//247
f 245//245 246//246 250//250
f 250//250 246//246 251//251
f 250//250 104//104 102//102
f 250//250 102//102 245//245
f 105//105 252//252 248//248
f 105//105 248//248 103//103
f 249//249 248//248 253//253
f 253//253 248//248 252//252
f 250//250 251//251 254//254
f 254//254 251//251 255//255
f 254//254 106//106 104//104
f 254//254 104//104 250//250
f 107//107 252//252 105//105
f 107//107 109//109 252//252
f 109//109 253//253 252//252
f 109//109 256//256 253//253
f 254//254 255//255 112//112
f 255//255 111//111 112//112
f 255//255 257//257 111//111
f 254//254 112//112 106//106
f 114//114 256//256 109//109
f 114//114 258//258 256//256
f 261//261 260//260 259//259
f 257//257 261//261 259//259
f 115//115 257//257 259//259
f 111//111 257//257 115//115
f 116//116 263//263 262//262
f 258//258 116//116 262//262
f 114//114 116//116 258//258
f 263//263 264//264 262//262
f 259//259 260//260 119//119
f 260//260 118//118 119//119
f 260//260 265//265 118//118
f 259//259 119//119 115//115
f 120//120 266//266 263//263
f 120//120 263//263 116//116
f 264//264 263//263 267//267
f 267//267 263//263 266//266
f 265//265 122//122 118//118
f 268//268 122//122 265//265
f 123//123 269//269 266//266
f 123//123 266//266 120//120
f 267//267 266//266 270//270
f 270//270 266//266 269//269
f 273//273 272//272 271//271
f 268//268 273//273 271//271
f 124//124 268//268 271//271
f 122//122 268//268 124//124
f 125//125 269//269 123//123
f 125//125 127//127 269//269
f 127//127 270//270 269//269
f 127//127 274//274 270//270
f 277//277 276//276 275//275
f 277//277 275//275 272//272
f 272//272 275//275 271//271
f 275//275 129//129 271//271
f 129//129 130//130 271//271
f 271//271 130//130 124//124
f 132//132 278//278 131//131
f 274//274 127//127 279//279
f 127//127 278//278 279//279
f 278//278 280//280 279//279
f 127//127 131//131 278//278
f 280//280 281//281 279//279
f 284//284 283//283 282//282
f 284//284 282//282 276//276
f 276//276 282//282 275//275
f 282//282 134//134 275//275
f 134//134 135//135 275//275
f 275//275 135//135 129//129
f 137//137 285//285 278//278
f 137//137 278//278 132//132
f 278//278 286//286 280//280
f 278//278 285//285 286//286
f 281//281 280//280 287//287
f 287//287 280//280 286//286
f 290//290 289//289 288//288
f 290//290 288//288 283//283
f 283//283 288//288 282//282
f 288//288 139//139 282//282
f 139//139 140//140 282//282
f 282//282 140//140 134//134
f 142//142 291//291 285//285
f 142//142 285//285 137//137
f 293//293 286//286 292//292
f 286//286 291//291 292//292
f 286//286 285//285 291//291
f 286//286 293//293 287//287
f 296//296 295//295 294//294
f 296//296 294//294 289//289
f 294//294 288//288 289//289
f 294//294 297//297 288//288
f 297//297 144//144 139//139
f 297//297 139//139 288//288
f 146//146 298//298 291//291
f 146//146 291//291 142//142
f 292//292 291//291 299//299
f 299//299 291//291 298//298
f 294//294 295//295 300//300
f 300//300 295//295 301//301
f 300//300 148//148 149//149
f 297//297 300//300 149//149
f 294//294 300//300 297//297
f 297//297 149//149 144//144
f 151//151 302//302 150//150
f 302//302 303//303 150//150
f 150//150 303//303 146//146
f 303//303 304//304 146//146
f 304//304 298//298 146//146
f 298//298 304//304 299//299
f 300//300 301//301 305//305
f 305//305 301//301 306//306
f 305//305 153//153 148//148
f 305//305 148//148 300//300
f 154//154 307//307 302//302
f 154//154 302//302 151//151
f 303//303 302//302 308//308
f 308//308 302//302 307//307
f 305//305 306//306 309//309
f 309//309 306//306 310//310
f 309//309 156//156 153//153
f 309//309 153//153 305//305
f 312//312 311//311 307//307
f 154//154 312//312 307//307
f 157//157 312//312 154//154
f 307//307 311//311 308//308
f 309//309 310//310 313//313
f 313//313 310//310 314//314
f 313//313 159//159 156//156
f 313//313 156//156 309//309
f 160//160 316//316 315//315
f 312//312 160//160 315//315
f 157//157 160//160 312//312
f 316//316 317//317 315//315
f 313//313 314//314 318//318
f 318//318 314//314 319//319
f 318//318 162//162 159//159
f 318//318 159//159 313//313
f 163//163 316//316 160//160
f 163//163 164//164 316//316
f 164//164 317//317 316//316
f 164//164 320//320 317//317
f 319//319 321//321 318//318
f 162//162 318//318 321//321
f 322//322 162//162 321//321
f 166//166 162//162 322//322
f 167//167 320//320 164//164
f 167//167 323//323 320//320
f 322//322 169//169 166//166
f 324//324 169//169 322//322
f 170//170 323//323 167//167
f 170//170 325//325 323//323
f 171//171 169//169 326//326
f 169//169 327//327 326//326
f 169//169 324//324 327//327
f 326//326 172//172 171//171
f 173//173 325//325 170//170
f 173//173 328//328 325//325
f 326//326 327//327 329//329
f 329//329 327//327 330//330
f 329//329 174//174 172//172
f 329//329 172//172 326//326
f 175//175 328//328 173//173
f 175//175 331//331 328//328
f 330//330 332//332 329//329
f 174//174 329//329 332//332
f 333//333 174//174 332//332
f 176//176 174//174 333//333
f 177//177 331//331 175//175
f 177//177 334//334 331//331
f 333//333 178//178 176//176
f 335//335 178//178 333//333
f 179//179 334//334 177//177
f 179//179 336//336 334//334
f 335//335 180//180 178//178
f 337//337 180//180 335//335
f 181//181 336//336 179//179
f 181//181 338//338 336//336
f 337//337 183//183 180//180
f 339//339 183//183 337//337
f 184//184 338//338 181//181
f 184//184 340//340 338//338
f 341//341 185//185 186//186
f 342//342 341//341 186//186
f 183//183 342//342 186//186
f 339//339 342//342 183//183
f 187//187 340//340 184//184
f 187//187 343//343 340//340
f 345//345 344//344 341//341
f 344//344 185//185 341//341
f 344//344 189//189 185//185
f 345//345 341//341 342//342
f 190//190 343//343 187//187
f 190//190 346//346 343//343
f 347//347 192//192 193//193
f 348//348 347//347 193//193
f 189//189 348//348 193//193
f 344//344 348//348 189//189
f 195//195 346//346 190//190
f 195//195 349//349 346//346
f 350//350 198//198 199//199
f 351//351 350//350 199//199
f 351//351 199//199 192//192
f 352//352 351//351 192//192
f 347//347 352//352 192//192
f 352//352 347//347 348//348
f 195//195 200//200 353//353
f 354//354 195//195 353//353
f 349//349 195//195 354//354
f 201//201 355//355 200//200
f 200//200 355//355 353//353
f 203//203 355//355 201//201
f 356//356 204//204 205//205
f 207//207 356//356 205//205
f 357//357 210//210 211//211
f 212//212 358//358 211//211
f 211//211 358//358 357//357
f 359//359 358//358 212//212
f 359//359 212//212 198//198
f 360//360 359//359 198//198
f 350//350 360//360 198//198
f 360//360 350//350 351//351
f 361//361 354//354 353//353
f 361//361 353//353 355//355
f 361//361 355//355 362//362
f 362//362 355//355 203//203
f 213//213 362//362 203//203
f 363//363 362//362 213//213
f 213//213 204//204 356//356
f 364//364 213//213 356//356
f 363//363 213//213 364//364
f 364//364 356//356 207//207
f 214//214 364//364 207//207
f 365//365 364//364 214//214
f 366//366 214//214 215//215
f 366//366 365//365 214//214
f 367//367 215//215 216//216
f 367//367 366//366 215//215
f 216//216 210//210 357//357
f 368//368 216//216 357//357
f 367//367 216//216 368//368
f 368//368 357//357 358//358
f 368//368 358//358 369//369
f 369//369 358//358 359//359
f 372//372 371//371 370//370
f 218//218 219//219 370//370
f 371//371 218//218 370//370
f 373//373 218//218 371//371
f 218//218 374//374 221//221
f 373//373 374//374 218//218
f 221//221 375//375 223//223
f 374//374 375//375 221//221
f 223//223 376//376 225//225
f 375//375 376//376 223//223
f 225//225 377//377 227//227
f 376//376 377//377 225//225
f 379//379 378//378 228//228
f 227//227 379//379 228//228
f 377//377 379//379 227//227
f 380//380 378//378 379//379
f 372//372 370//370 229//229
f 230//230 372//372 229//229
f 381//381 372//372 230//230
f 229//229 370//370 219//219
f 378//378 231//231 228//228
f 380//380 382//382 378//378
f 382//382 231//231 378//378
f 382//382 232//232 231//231
f 384//384 383//383 233//233
f 232//232 384//384 233//233
f 382//382 384//384 232//232
f 385//385 383//383 384//384
f 234//234 381//381 230//230
f 234//234 386//386 381//381
f 383//383 235//235 233//233
f 388//388 387//387 236//236
f 388//388 236//236 235//235
f 385//385 388//388 235//235
f 383//383 385//385 235//235
f 389//389 387//387 388//388
f 391//391 390//390 237//237
f 391//391 237//237 238//238
f 234//234 237//237 386//386
f 386//386 237//237 390//390
f 387//387 239//239 236//236
f 240//240 239//239 387//387
f 389//389 240//240 387//387
f 392//392 240//240 389//389
f 241//241 391//391 238//238
f 241//241 393//393 391//391
f 392//392 394//394 240//240
f 240//240 394//394 242//242
f 243//243 242//242 394//394
f 243//243 394//394 395//395
f 247//247 396//396 244//244
f 247//247 249//249 396//396
f 249//249 397//397 396//396
f 249//249 399//399 397//397
f 398//398 251//251 246//246
f 400//400 251//251 398//398
f 253//253 402//402 401//401
f 399//399 253//253 401//401
f 249//249 253//253 399//399
f 402//402 403//403 401//401
f 406//406 405//405 404//404
f 400//400 406//406 404//404
f 255//255 400//400 404//404
f 251//251 400//400 255//255
f 256//256 407//407 402//402
f 256//256 402//402 253//253
f 403//403 402//402 408//408
f 408//408 402//402 407//407
f 404//404 405//405 409//409
f 409//409 405//405 410//410
f 409//409 257//257 255//255
f 409//409 255//255 404//404
f 258//258 411//411 407//407
f 258//258 407//407 256//256
f 408//408 407//407 412//412
f 412//412 407//407 411//411
f 409//409 410//410 261//261
f 410//410 260//260 261//261
f 410//410 413//413 260//260
f 409//409 261//261 257//257
f 262//262 411//411 258//258
f 262//262 264//264 411//411
f 264//264 412//412 411//411
f 264//264 414//414 412//412
f 417//417 416//416 415//415
f 413//413 417//417 415//415
f 265//265 413//413 415//415
f 260//260 413//413 265//265
f 267//267 419//419 418//418
f 414//414 267//267 418//418
f 264//264 267//267 414//414
f 419//419 420//420 418//418
f 415//415 416//416 421//421
f 421//421 416//416 422//422
f 421//421 268//268 265//265
f 421//421 265//265 415//415
f 270//270 423//423 419//419
f 270//270 419//419 267//267
f 420//420 419//419 424//424
f 419//419 425//425 424//424
f 419//419 423//423 425//425
f 425//425 426//426 424//424
f 429//429 428//428 427//427
f 429//429 427//427 422//422
f 422//422 427//427 421//421
f 427//427 272//272 421//421
f 272//272 273//273 421//421
f 421//421 273//273 268//268
f 274//274 430//430 423//423
f 274//274 423//423 270//270
f 423//423 431//431 425//425
f 423//423 430//430 431//431
f 426//426 425//425 432//432
f 432//432 425//425 431//431
f 427//427 428//428 277//277
f 428//428 276//276 277//277
f 428//428 433//433 276//276
f 427//427 277//277 272//272
f 279//279 430//430 274//274
f 430//430 279//279 281//281
f 434//434 430//430 281//281
f 431//431 430//430 434//434
f 432//432 431//431 435//435
f 431//431 436//436 435//435
f 431//431 434//434 436//436
f 436//436 437//437 435//435
f 439//439 438//438 284//284
f 284//284 438//438 283//283
f 284//284 276//276 433//433
f 284//284 433//433 439//439
f 287//287 440//440 434//434
f 287//287 434//434 281//281
f 434//434 441//441 436//436
f 434//434 440//440 441//441
f 437//437 436//436 442//442
f 442//442 436//436 441//441
f 445//445 444//444 443//443
f 289//289 290//290 443//443
f 290//290 445//445 443//443
f 290//290 446//446 445//445
f 290//290 283//283 438//438
f 290//290 438//438 446//446
f 292//292 447//447 293//293
f 440//440 287//287 293//293
f 447//447 440//440 293//293
f 448//448 440//440 447//447
f 440//440 449//449 441//441
f 440//440 448//448 449//449
f 442//442 441//441 450//450
f 450//450 441//441 449//449
f 453//453 452//452 451//451
f 453//453 451//451 444//444
f 444//444 451//451 443//443
f 451//451 295//295 443//443
f 295//295 296//296 443//443
f 443//443 296//296 289//289
f 299//299 454//454 447//447
f 299//299 447//447 292//292
f 447//447 455//455 448//448
f 447//447 454//454 455//455
f 457//457 449//449 456//456
f 449//449 455//455 456//456
f 449//449 448//448 455//455
f 449//449 457//457 450//450
f 460//460 459//459 458//458
f 460//460 458//458 452//452
f 458//458 451//451 452//452
f 458//458 461//461 451//451
f 461//461 301//301 295//295
f 461//461 295//295 451//451
f 303//303 462//462 304//304
f 454//454 299//299 304//304
f 462//462 454//454 304//304
f 463//463 454//454 462//462
f 465//465 455//455 464//464
f 455//455 463//463 464//464
f 455//455 454//454 463//463
f 455//455 465//465 456//456
f 458//458 459//459 466//466
f 466//466 459//459 467//467
f 458//458 468//468 461//461
f 458//458 466//466 468//468
f 468//468 306//306 301//301
f 468//468 301//301 461//461
f 308//308 469//469 462//462
f 308//308 462//462 303//303
f 471//471 463//463 470//470
f 463//463 469//469 470//470
f 463//463 462//462 469//469
f 463//463 471//471 464//464
f 467//467 472//472 466//466
f 474//474 473//473 472//472
f 473//473 466//466 472//472
f 473//473 468//468 466//466
f 473//473 310//310 306//306
f 473//473 306//306 468//468
f 312//312 475//475 311//311
f 475//475 476//476 311//311
f 311//311 476//476 308//308
f 476//476 477//477 308//308
f 477//477 469//469 308//308
f 469//469 477//477 470//470
f 473//473 474//474 478//478
f 478//478 474//474 479//479
f 478//478 314//314 310//310
f 478//478 310//310 473//473
f 315//315 475//475 312//312
f 315//315 317//317 475//475
f 317//317 476//476 475//475
f 317//317 480//480 476//476
f 478//478 479//479 481//481
f 481//481 479//479 482//482
f 481//481 319//319 314//314
f 481//481 314//314 478//478
f 320//320 480//480 317//317
f 320//320 483//483 480//480
f 482//482 484//484 481//481
f 484//484 486//486 485//485
f 484//484 485//485 321//321
f 481//481 484//484 321//321
f 319//319 481//481 321//321
f 485//485 322//322 321//321
f 323//323 483//483 320//320
f 323//323 487//487 483//483
f 485//485 486//486 488//488
f 488//488 486//486 489//489
f 488//488 324//324 322//322
f 488//488 322//322 485//485
f 325//325 487//487 323//323
f 325//325 490//490 487//487
f 489//489 491//491 488//488
f 324//324 488//488 491//491
f 492//492 324//324 491//491
f 327//327 324//324 492//492
f 328//328 490//490 325//325
f 328//328 493//493 490//490
f 492//492 330//330 327//327
f 494//494 330//330 492//492
f 331//331 493//493 328//328
f 331//331 495//495 493//493
f 332//332 330//330 496//496
f 330//330 497//497 496//496
f 330//330 494//494 497//497
f 496//496 333//333 332//332
f 334//334 495//495 331//331
f 334//334 498//498 495//495
f 496//496 497//497 499//499
f 499//499 497//497 500//500
f 499//499 335//335 333//333
f 499//499 333//333 496//496
f 336//336 498//498 334//334
f 336//336 501//501 498//498
f 500//500 502//502 499//499
f 335//335 499//499 502//502
f 503//503 335//335 502//502
f 337//337 335//335 503//503
f 338//338 501//501 336//336
f 338//338 504//504 501//501
f 503//503 339//339 337//337
f 505//505 339//339 503//503
f 340//340 504//504 338//338
f 340//340 506//506 504//504
f 505//505 342//342 339//339
f 507//507 342//342 505//505
f 343//343 506//506 340//340
f 343//343 508//508 506//506
f 510//510 509//509 345//345
f 345//345 509//509 344//344
f 345//345 342//342 507//507
f 345//345 507//507 510//510
f 346//346 508//508 343//343
f 346//346 511//511 508//508
f 509//509 348//348 344//344
f 512//512 348//348 509//509
f 349//349 511//511 346//346
f 349//349 513//513 511//511
f 515//515 514//514 352//352
f 352//352 514//514 351//351
f 352//352 348//348 512//512
f 352//352 512//512 515//515
f 354//354 513//513 349//349
f 354//354 516//516 513//513
f 517//517 359//359 360//360
f 518//518 517//517 360//360
f 351//351 518//518 360//360
f 514//514 518//518 351//351
f 519//519 516//516 354//354
f 519//519 354//354 361//361
f 521//521 519//519 520//520
f 519//519 362//362 520//520
f 519//519 361//361 362//362
f 363//363 522//522 362//362
f 362//362 522//522 520//520
f 364//364 523//523 363//363
f 363//363 523//523 522//522
f 365//365 524//524 364//364
f 364//364 524//524 523//523
f 366//366 525//525 365//365
f 365//365 525//525 524//524
f 367//367 526//526 366//366
f 366//366 526//526 525//525
f 368//368 527//527 367//367
f 367//367 527//527 526//526
f 527//527 368//368 528//528
f 368//368 529//529 528//528
f 368//368 369//369 529//529
f 369//369 359//359 517//517
f 530//530 369//369 517//517
f 529//529 369//369 530//530
f 530//530 517//517 518//518
f 531//531 521//521 520//520
f 531//531 520//520 522//522
f 531//531 522//522 532//532
f 532//532 522//522 523//523
f 532//532 523//523 533//533
f 533//533 523//523 524//524
f 533//533 524//524 534//534
f 534//534 524//524 525//525
f 534//534 525//525 535//535
f 535//535 525//525 526//526
f 535//535 526//526 536//536
f 536//536 526//526 527//527
f 536//536 527//527 537//537
f 537//537 527//527 528//528
f 540//540 539//539 538//538
f 542//542 541//541 538//538
f 542//542 538//538 539//539
f 544//544 543//543 541//541
f 544//544 541//541 542//542
f 546//546 545//545 543//543
f 546//546 543//543 544//544
f 548//548 547//547 545//545
f 548//548 545//545 546//546
f 549//549 547//547 548//548
f 551//551 550//550 371//371
f 551//551 371//371 372//372
f 538//538 373//373 540//540
f 373//373 550//550 540//540
f 373//373 371//371 550//550
f 373//373 538//538 374//374
f 374//374 538//538 541//541
f 374//374 541//541 375//375
f 375//375 541//541 543//543
f 375//375 543//543 376//376
f 376//376 543//543 545//545
f 376//376 545//545 377//377
f 377//377 545//545 547//547
f 549//549 552//552 547//547
f 552//552 377//377 547//547
f 552//552 379//379 377//377
f 554//554 553//553 380//380
f 379//379 554//554 380//380
f 552//552 554//554 379//379
f 555//555 553//553 554//554
f 558//558 557//557 556//556
f 557//557 551//551 556//556
f 551//551 381//381 556//556
f 551//551 372//372 381//381
f 553//553 382//382 380//380
f 555//555 559//559 553//553
f 559//559 382//382 553//553
f 559//559 384//384 382//382
f 385//385 384//384 559//559
f 385//385 559//559 560//560
f 558//558 556//556 561//561
f 558//558 561//561 562//562
f 386//386 561//561 381//381
f 381//381 561//561 556//556
f 560//560 563//563 385//385
f 385//385 563//563 388//388
f 389//389 388//388 563//563
f 389//389 563//563 564//564
f 562//562 561//561 390//390
f 391//391 562//562 390//390
f 565//565 562//562 391//391
f 390//390 561//561 386//386
f 564//564 392//392 389//389
f 566//566 392//392 564//564
f 393//393 565//565 391//391
f 393//393 567//567 565//565
f 566//566 568//568 392//392
f 392//392 568//568 394//394
f 395//395 394//394 568//568
f 395//395 568//568 569//569
f 399//399 574//574 570//570
f 399//399 570//570 397//397
f 571//571 570//570 575//575
f 575//575 570//570 574//574
f 578//578 577//577 576//576
f 580//580 579//579 576//576
f 576//576 579//579 578//578
f 582//582 581//581 580//580
f 580//580 581//581 579//579
f 582//582 583//583 581//581
f 572//572 573//573 584//584
f 584//584 573//573 585//585
f 584//584 400//400 398//398
f 584//584 398//398 572//572
f 401//401 574//574 399//399
f 587//587 586//586 403//403
f 403//403 586//586 401//401
f 586//586 575//575 401//401
f 575//575 574//574 401//401
f 587//587 588//588 586//586
f 577//577 589//589 576//576
f 576//576 589//589 580//580
f 580//580 589//589 590//590
f 580//580 590//590 582//582
f 582//582 590//590 591//591
f 594//594 593//593 592//592
f 582//582 591//591 583//583
f 592//592 593//593 585//585
f 585//585 593//593 584//584
f 593//593 405//405 584//584
f 405//405 406//406 584//584
f 584//584 406//406 400//400
f 408//408 595//595 587//587
f 408//408 587//587 403//403
f 588//588 587//587 596//596
f 596//596 587//587 595//595
f 593//593 594//594 597//597
f 597//597 594//594 598//598
f 597//597 410//410 405//405
f 597//597 405//405 593//593
f 412//412 599//599 595//595
f 412//412 595//595 408//408
f 596//596 595//595 600//600
f 600//600 595//595 599//599
f 597//597 598//598 601//601
f 601//601 598//598 602//602
f 601//601 413//413 410//410
f 601//601 410//410 597//597
f 414//414 603//603 599//599
f 414//414 599//599 412//412
f 600//600 599//599 604//604
f 604//604 599//599 603//603
f 601//601 602//602 417//417
f 602//602 416//416 417//417
f 602//602 605//605 416//416
f 601//601 417//417 413//413
f 418//418 603//603 414//414
f 607//607 606//606 420//420
f 420//420 606//606 418//418
f 606//606 604//604 418//418
f 604//604 603//603 418//418
f 607//607 608//608 606//606
f 611//611 610//610 609//609
f 605//605 611//611 609//609
f 422//422 605//605 609//609
f 416//416 605//605 422//422
f 424//424 607//607 420//420
f 613//613 612//612 426//426
f 426//426 612//612 424//424
f 612//612 608//608 424//424
f 608//608 607//607 424//424
f 613//613 614//614 612//612
f 609//609 610//610 429//429
f 610//610 428//428 429//429
f 610//610 615//615 428//428
f 609//609 429//429 422//422
f 432//432 616//616 613//613
f 432//432 613//613 426//426
f 614//614 613//613 617//617
f 613//613 618//618 617//617
f 613//613 616//616 618//618
f 618//618 619//619 617//617
f 622//622 621//621 620//620
f 615//615 622//622 620//620
f 433//433 615//615 620//620
f 428//428 615//615 433//433
f 435//435 616//616 432//432
f 616//616 435//435 437//437
f 623//623 616//616 437//437
f 618//618 616//616 623//623
f 619//619 618//618 624//624
f 618//618 625//625 624//624
f 618//618 623//623 625//625
f 625//625 626//626 624//624
f 629//629 628//628 627//627
f 631//631 630//630 627//627
f 627//627 630//630 629//629
f 630//630 631//631 621//621
f 621//621 631//631 620//620
f 631//631 438//438 620//620
f 438//438 439//439 620//620
f 620//620 439//439 433//433
f 442//442 632//632 623//623
f 442//442 623//623 437//437
f 623//623 633//633 625//625
f 623//623 632//632 633//633
f 626//626 625//625 634//634
f 625//625 635//635 634//634
f 625//625 633//633 635//635
f 637//637 636//636 635//635
f 635//635 636//636 634//634
f 639//639 638//638 637//637
f 637//637 638//638 636//636
f 641//641 640//640 639//639
f 639//639 640//640 638//638
f 640//640 641//641 628//628
f 628//628 641//641 627//627
f 641//641 444//444 627//627
f 444//444 445//445 627//627
f 627//627 445//445 446//446
f 627//627 446//446 631//631
f 631//631 446//446 438//438
f 450//450 642//642 632//632
f 450//450 632//632 442//442
f 632//632 643//643 633//633
f 632//632 642//642 643//643
f 633//633 644//644 635//635
f 633//633 643//643 644//644
f 635//635 645//645 637//637
f 635//635 644//644 645//645
f 637//637 646//646 639//639
f 637//637 645//645 646//646
f 646//646 452//452 453//453
f 641//641 646//646 453//453
f 639//639 646//646 641//641
f 641//641 453//453 444//444
f 456//456 647//647 457//457
f 642//642 450//450 457//457
f 647//647 642//642 457//457
f 648//648 642//642 647//647
f 642//642 649//649 643//643
f 642//642 648//648 649//649
f 643//643 650//650 644//644
f 643//643 649//649 650//650
f 644//644 651//651 645//645
f 644//644 650//650 651//651
f 651//651 459//459 460//460
f 646//646 651//651 460//460
f 645//645 651//651 646//646
f 646//646 460//460 452//452
f 464//464 652//652 465//465
f 647//647 456//456 465//465
f 652//652 647//647 465//465
f 653//653 647//647 652//652
f 647//647 654//654 648//648
f 647//647 653//653 654//654
f 648//648 655//655 649//649
f 648//648 654//654 655//655
f 649//649 656//656 650//650
f 649//649 655//655 656//656
f 650//650 657//657 651//651
f 650//650 656//656 657//657
f 657//657 467//467 459//459
f 657//657 459//459 651//651
f 470//470 658//658 471//471
f 652//652 464//464 471//471
f 658//658 652//652 471//471
f 659//659 652//652 658//658
f 652//652 660//660 653//653
f 652//652 659//659 660//660
f 653//653 661//661 654//654
f 653//653 660//660 661//661
f 663//663 655//655 662//662
f 655//655 661//661 662//662
f 655//655 654//654 661//661
f 665//665 664//664 663//663
f 664//664 655//655 663//663
f 664//664 656//656 655//655
f 656//656 666//666 657//657
f 656//656 664//664 666//666
f 667//667 472//472 467//467
f 657//657 667//667 467//467
f 666//666 667//667 657//657
f 667//667 474//474 472//472
f 476//476 668//668 477//477
f 658//658 470//470 477//477
f 668//668 658//658 477//477
f 669//669 658//658 668//668
f 671//671 659//659 670//670
f 659//659 669//669 670//670
f 659//659 658//658 669//669
f 659//659 671//671 660//660
f 660//660 671//671 672//672
f 660//660 672//672 661//661
f 661//661 672//672 673//673
f 661//661 673//673 662//662
f 665//665 674//674 664//664
f 676//676 675//675 674//674
f 675//675 664//664 674//674
f 675//675 666//666 664//664
f 666//666 677//677 667//667
f 666//666 675//675 677//677
f 677//677 479//479 474//474
f 677//677 474//474 667//667
f 480//480 678//678 668//668
f 480//480 668//668 476//476
f 680//680 669//669 679//679
f 669//669 678//678 679//679
f 669//669 668//668 678//678
f 669//669 680//680 670//670
f 676//676 681//681 675//675
f 683//683 682//682 681//681
f 682//682 675//675 681//681
f 682//682 677//677 675//675
f 682//682 482//482 479//479
f 682//682 479//479 677//677
f 685//685 684//684 678//678
f 480//480 685//685 678//678
f 483//483 685//685 480//480
f 678//678 684//684 679//679
f 682//682 683//683 686//686
f 686//686 683//683 687//687
f 688//688 484//484 482//482
f 682//682 688//688 482//482
f 686//686 688//688 682//682
f 688//688 486//486 484//484
f 487//487 685//685 483//483
f 487//487 689//689 685//685
f 687//687 690//690 686//686
f 692//692 691//691 690//690
f 691//691 686//686 690//690
f 691//691 688//688 686//686
f 691//691 489//489 486//486
f 691//691 486//486 688//688
f 490//490 689//689 487//487
f 490//490 693//693 689//689
f 692//692 694//694 691//691
f 694//694 696//696 695//695
f 694//694 695//695 491//491
f 691//691 694//694 491//491
f 489//489 691//691 491//491
f 695//695 492//492 491//491
f 493//493 693//693 490//490
f 493//493 697//697 693//693
f 695//695 696//696 698//698
f 698//698 696//696 699//699
f 698//698 494//494 492//492
f 698//698 492//492 695//695
f 495//495 697//697 493//493
f 495//495 700//700 697//697
f 699//699 701//701 698//698
f 494//494 698//698 701//701
f 702//702 494//494 701//701
f 497//497 494//494 702//702
f 498//498 700//700 495//495
f 498//498 703//703 700//700
f 702//702 500//500 497//497
f 704//704 500//500 702//702
f 501//501 703//703 498//498
f 501//501 705//705 703//703
f 502//502 500//500 706//706
f 500//500 707//707 706//706
f 500//500 704//704 707//707
f 706//706 503//503 502//502
f 504//504 705//705 501//501
f 504//504 708//708 705//705
f 707//707 709//709 706//706
f 503//503 706//706 709//709
f 710//710 503//503 709//709
f 505//505 503//503 710//710
f 506//506 708//708 504//504
f 506//506 711//711 708//708
f 710//710 507//507 505//505
f 712//712 507//507 710//710
f 508//508 711//711 506//506
f 508//508 713//713 711//711
f 714//714 509//509 510//510
f 715//715 714//714 510//510
f 507//507 715//715 510//510
f 712//712 715//715 507//507
f 511//511 713//713 508//508
f 511//511 716//716 713//713
f 717//717 512//512 714//714
f 714//714 512//512 509//509
f 714//714 715//715 718//718
f 714//714 718//718 717//717
f 513//513 716//716 511//511
f 513//513 719//719 716//716
f 720//720 514//514 515//515
f 721//721 720//720 515//515
f 721//721 515//515 512//512
f 722//722 721//721 512//512
f 717//717 722//722 512//512
f 722//722 717//717 718//718
f 516//516 719//719 513//513
f 516//516 723//723 719//719
f 725//725 724//724 720//720
f 724//724 514//514 720//720
f 724//724 518//518 514//514
f 725//725 720//720 721//721
f 726//726 723//723 516//516
f 726//726 516//516 519//519
f 519//519 521//521 726//726
f 726//726 521//521 727//727
f 728//728 528//528 529//529
f 728//728 529//529 729//729
f 529//529 730//730 729//729
f 529//529 530//530 730//730
f 530//530 518//518 724//724
f 530//530 724//724 730//730
f 521//521 531//531 731//731
f 732//732 521//521 731//731
f 727//727 521//521 732//732
f 532//532 733//733 531//531
f 531//531 733//733 731//731
f 533//533 734//734 532//532
f 532//532 734//734 733//733
f 534//534 735//735 533//533
f 533//533 735//735 734//734
f 535//535 736//736 534//534
f 534//534 736//736 735//735
f 536//536 737//737 535//535
f 535//535 737//737 736//736
f 537//537 738//738 536//536
f 536//536 738//738 737//737
f 739//739 738//738 537//537
f 739//739 537//537 528//528
f 740//740 739//739 528//528
f 728//728 740//740 528//528
f 740//740 728//728 729//729
f 741//741 732//732 731//731
f 741//741 731//731 733//733
f 741//741 733//733 742//742
f 742//742 733//733 734//734
f 742//742 734//734 743//743
f 743//743 734//734 735//735
f 743//743 735//735 744//744
f 744//744 735//735 736//736
f 744//744 736//736 745//745
f 745//745 736//736 737//737
f 745//745 737//737 746//746
f 746//746 737//737 738//738
f 746//746 738//738 747//747
f 747//747 738//738 739//739
f 750//750 749//749 748//748
f 752//752 751//751 748//748
f 752//752 748//748 749//749
f 753//753 751//751 752//752
f 756//756 755//755 754//754
f 539//539 540//540 754//754
f 755//755 539//539 754//754
f 757//757 539//539 755//755
f 539//539 758//758 542//542
f 757//757 758//758 539//539
f 748//748 544//544 750//750
f 544//544 758//758 750//750
f 544//544 542//542 758//758
f 544//544 748//748 546//546
f 546//546 748//748 751//751
f 753//753 759//759 751//751
f 759//759 546//546 751//751
f 759//759 548//548 546//546
f 761//761 760//760 549//549
f 548//548 761//761 549//549
f 759//759 761//761 548//548
f 763//763 762//762 760//760
f 763//763 760//760 761//761
f 764//764 762//762 763//763
f 767//767 766//766 765//765
f 765//765 766//766 756//756
f 765//765 756//756 754//754
f 551//551 765//765 754//754
f 550//550 551//551 754//754
f 550//550 754//754 540//540
f 760//760 552//552 549//549
f 552//552 760//760 554//554
f 554//554 760//760 762//762
f 769//769 768//768 555//555
f 769//769 555//555 554//554
f 764//764 769//769 554//554
f 762//762 764//764 554//554
f 770//770 768//768 769//769
f 767//767 765//765 557//557
f 558//558 767//767 557//557
f 771//771 767//767 558//558
f 557//557 765//765 551//551
f 768//768 559//559 555//555
f 560//560 559//559 768//768
f 770//770 560//560 768//768
f 772//772 560//560 770//770
f 562//562 771//771 558//558
f 562//562 773//773 771//771
f 772//772 774//774 560//560
f 560//560 774//774 563//563
f 564//564 563//563 774//774
f 564//564 774//774 775//775
f 565//565 773//773 562//562
f 565//565 776//776 773//773
f 778//778 566//566 777//777
f 566//566 775//775 777//777
f 566//566 564//564 775//775
f 779//779 778//778 777//777
f 567//567 776//776 565//565
f 567//567 780//780 776//776
f 778//778 568//568 566//566
f 569//569 568//568 778//778
f 779//779 569//569 778//778
f 781//781 569//569 779//779
f 575//575 786//786 782//782
f 575//575 782//782 571//571
f 783//783 782//782 787//787
f 787//787 782//782 786//786
f 788//788 577//577 578//578
f 579//579 789//789 578//578
f 578//578 789//789 788//788
f 581//581 790//790 579//579
f 579//579 790//790 789//789
f 581//581 583//583 790//790
f 785//785 791//791 784//784
f 792//792 784//784 791//791
f 792//792 585//585 573//573
f 792//792 573//573 784//784
f 586//586 786//786 575//575
f 586//586 588//588 786//786
f 588//588 787//787 786//786
f 588//588 793//793 787//787
f 788//788 589//589 577//577
f 589//589 788//788 590//590
f 590//590 788//788 789//789
f 590//590 591//591 789//789
f 591//591 790//790 789//789
f 583//583 790//790 591//591
f 592//592 792//792 594//594
f 791//791 594//594 792//792
f 594//594 791//791 794//794
f 792//792 592//592 585//585
f 596//596 796//796 795//795
f 793//793 596//596 795//795
f 588//588 596//596 793//793
f 796//796 797//797 795//795
f 800//800 799//799 798//798
f 794//794 800//800 798//798
f 598//598 794//794 798//798
f 594//594 794//794 598//598
f 600//600 801//801 796//796
f 600//600 796//796 596//596
f 797//797 796//796 802//802
f 802//802 796//796 801//801
f 798//798 799//799 803//803
f 803//803 799//799 804//804
f 803//803 602//602 598//598
f 803//803 598//598 798//798
f 604//604 805//805 801//801
f 604//604 801//801 600//600
f 802//802 801//801 806//806
f 806//806 801//801 805//805
f 803//803 804//804 807//807
f 807//807 804//804 808//808
f 807//807 605//605 602//602
f 807//807 602//602 803//803
f 606//606 805//805 604//604
f 810//810 809//809 608//608
f 608//608 809//809 606//606
f 809//809 806//806 606//606
f 806//806 805//805 606//606
f 810//810 811//811 809//809
f 814//814 813//813 812//812
f 814//814 812//812 808//808
f 808//808 812//812 807//807
f 812//812 610//610 807//807
f 610//610 611//611 807//807
f 807//807 611//611 605//605
f 612//612 810//810 608//608
f 816//816 815//815 614//614
f 614//614 815//815 612//612
f 815//815 811//811 612//612
f 811//811 810//810 612//612
f 816//816 817//817 815//815
f 820//820 819//819 818//818
f 820//820 818//818 813//813
f 818//818 812//812 813//813
f 818//818 821//821 812//812
f 821//821 615//615 610//610
f 821//821 610//610 812//812
f 617//617 816//816 614//614
f 823//823 822//822 619//619
f 619//619 822//822 617//617
f 822//822 817//817 617//617
f 817//817 816//816 617//617
f 825//825 824//824 823//823
f 823//823 824//824 822//822
f 825//825 826//826 824//824
f 829//829 828//828 827//827
f 829//829 827//827 819//819
f 827//827 818//818 819//819
f 827//827 830//830 818//818
f 830//830 621//621 622//622
f 821//821 830//830 622//622
f 818//818 830//830 821//821
f 821//821 622//622 615//615
f 624//624 823//823 619//619
f 823//823 624//624 626//626
f 831//831 823//823 626//626
f 825//825 823//823 831//831
f 826//826 825//825 832//832
f 825//825 833//833 832//832
f 825//825 831//831 833//833
f 835//835 834//834 833//833
f 833//833 834//834 832//832
f 837//837 836//836 835//835
f 835//835 836//836 834//834
f 836//836 837//837 828//828
f 828//828 837//837 827//827
f 837//837 628//628 827//827
f 628//628 629//629 827//827
f 827//827 629//629 630//630
f 827//827 630//630 830//830
f 830//830 630//630 621//621
f 634//634 831//831 626//626
f 831//831 634//634 636//636
f 831//831 636//636 833//833
f 833//833 636//636 638//638
f 833//833 638//638 835//835
f 835//835 638//638 640//640
f 835//835 640//640 837//837
f 837//837 640//640 628//628
f 662//662 838//838 663//663
f 838//838 665//665 663//663
f 670//670 839//839 671//671
f 840//840 672//672 671//671
f 840//840 671//671 839//839
f 841//841 673//673 672//672
f 841//841 672//672 840//840
f 838//838 662//662 673//673
f 841//841 838//838 673//673
f 842//842 838//838 841//841
f 843//843 674//674 665//665
f 838//838 843//843 665//665
f 842//842 843//843 838//838
f 843//843 676//676 674//674
f 679//679 844//844 680//680
f 839//839 670//670 680//680
f 844//844 839//839 680//680
f 845//845 839//839 844//844
f 839//839 846//846 840//840
f 839//839 845//845 846//846
f 840//840 847//847 841//841
f 840//840 846//846 847//847
f 841//841 848//848 842//842
f 841//841 847//847 848//848
f 842//842 849//849 843//843
f 842//842 848//848 849//849
f 850//850 681//681 676//676
f 843//843 850//850 676//676
f 849//849 850//850 843//843
f 850//850 683//683 681//681
f 685//685 851//851 684//684
f 851//851 852//852 684//684
f 684//684 852//852 679//679
f 852//852 853//853 679//679
f 853//853 844//844 679//679
f 844//844 853//853 845//845
f 845//845 853//853 854//854
f 845//845 854//854 846//846
f 846//846 854//854 855//855
f 846//846 855//855 847//847
f 847//847 855//855 856//856
f 847//847 856//856 848//848
f 848//848 856//856 857//857
f 859//859 858//858 857//857
f 858//858 848//848 857//857
f 858//858 849//849 848//848
f 849//849 860//860 850//850
f 849//849 858//858 860//860
f 860//860 687//687 683//683
f 860//860 683//683 850//850
f 862//862 861//861 851//851
f 685//685 862//862 851//851
f 689//689 862//862 685//685
f 851//851 861//861 852//852
f 859//859 863//863 858//858
f 858//858 863//863 860//860
f 860//860 863//863 864//864
f 864//864 866//866 865//865
f 864//864 865//865 690//690
f 860//860 864//864 690//690
f 687//687 860//860 690//690
f 865//865 692//692 690//690
f 693//693 862//862 689//689
f 693//693 867//867 862//862
f 866//866 868//868 865//865
f 868//868 870//870 869//869
f 868//868 869//869 694//694
f 865//865 868//868 694//694
f 692//692 865//865 694//694
f 869//869 696//696 694//694
f 697//697 867//867 693//693
f 697//697 871//871 867//867
f 870//870 872//872 869//869
f 696//696 869//869 872//872
f 873//873 696//696 872//872
f 699//699 696//696 873//873
f 700//700 871//871 697//697
f 700//700 874//874 871//871
f 701//701 699//699 875//875
f 699//699 876//876 875//875
f 699//699 873//873 876//876
f 875//875 702//702 701//701
f 703//703 874//874 700//700
f 703//703 877//877 874//874
f 876//876 878//878 875//875
f 702//702 875//875 878//878
f 879//879 702//702 878//878
f 704//704 702//702 879//879
f 705//705 877//877 703//703
f 705//705 880//880 877//877
f 879//879 707//707 704//704
f 881//881 707//707 879//879
f 708//708 880//880 705//705
f 708//708 882//882 880//880
f 709//709 707//707 883//883
f 707//707 884//884 883//883
f 707//707 881//881 884//884
f 883//883 710//710 709//709
f 711//711 882//882 708//708
f 711//711 885//885 882//882
f 884//884 886//886 883//883
f 710//710 883//883 886//886
f 887//887 710//710 886//886
f 712//712 710//710 887//887
f 713//713 885//885 711//711
f 713//713 888//888 885//885
f 887//887 715//715 712//712
f 889//889 715//715 887//887
f 716//716 888//888 713//713
f 716//716 890//890 888//888
f 889//889 718//718 715//715
f 891//891 718//718 889//889
f 719//719 890//890 716//716
f 719//719 892//892 890//890
f 893//893 721//721 722//722
f 894//894 893//893 722//722
f 718//718 894//894 722//722
f 891//891 894//894 718//718
f 723//723 896//896 895//895
f 892//892 723//723 895//895
f 719//719 723//723 892//892
f 896//896 897//897 895//895
f 898//898 724//724 725//725
f 899//899 898//898 725//725
f 899//899 725//725 721//721
f 900//900 899//899 721//721
f 893//893 900//900 721//721
f 900//900 893//893 894//894
f 726//726 896//896 723//723
f 726//726 727//727 896//896
f 727//727 897//897 896//896
f 727//727 901//901 897//897
f 902//902 729//729 730//730
f 903//903 902//902 730//730
f 903//903 730//730 724//724
f 904//904 903//903 724//724
f 898//898 904//904 724//724
f 904//904 898//898 899//899
f 732//732 901//901 727//727
f 732//732 905//905 901//901
f 906//906 739//739 740//740
f 907//907 906//906 740//740
f 907//907 740//740 729//729
f 908//908 907//907 729//729
f 902//902 908//908 729//729
f 908//908 902//902 903//903
f 909//909 905//905 732//732
f 909//909 732//732 741//741
f 911//911 909//909 910//910
f 909//909 742//742 910//910
f 909//909 741//741 742//742
f 743//743 912//912 742//742
f 742//742 912//912 910//910
f 744//744 913//913 743//743
f 743//743 913//913 912//912
f 745//745 914//914 744//744
f 744//744 914//914 913//913
f 746//746 915//915 745//745
f 745//745 915//915 914//914
f 915//915 746//746 916//916
f 746//746 917//917 916//916
f 746//746 747//747 917//917
f 747//747 739//739 906//906
f 918//918 747//747 906//906
f 917//917 747//747 918//918
f 918//918 906//906 907//907
f 919//919 911//911 910//910
f 919//919 910//910 912//912
f 919//919 912//912 920//920
f 920//920 912//912 913//913
f 920//920 913//913 921//921
f 921//921 913//913 914//914
f 921//921 914//914 922//922
f 922//922 914//914 915//915
f 922//922 915//915 923//923
f 923//923 915//915 916//916
f 926//926 925//925 924//924
f 928//928 927//927 924//924
f 928//928 924//924 925//925
f 929//929 927//927 928//928
f 932//932 931//931 930//930
f 934//934 933//933 930//930
f 934//934 930//930 931//931
f 936//936 935//935 933//933
f 936//936 933//933 934//934
f 935//935 936//936 926//926
f 935//935 926//926 924//924
f 750//750 935//935 924//924
f 749//749 750//750 924//924
f 749//749 924//924 752//752
f 752//752 924//924 927//927
f 938//938 937//937 753//753
f 938//938 753//753 752//752
f 929//929 938//938 752//752
f 927//927 929//929 752//752
f 940//940 939//939 937//937
f 940//940 937//937 938//938
f 941//941 939//939 940//940
f 944//944 943//943 942//942
f 942//942 943//943 932//932
f 942//942 932//932 930//930
f 756//756 942//942 930//930
f 755//755 756//756 930//930
f 755//755 930//930 757//757
f 757//757 930//930 933//933
f 757//757 933//933 758//758
f 758//758 933//933 935//935
f 758//758 935//935 750//750
f 937//937 759//759 753//753
f 759//759 937//937 761//761
f 761//761 937//937 939//939
f 941//941 945//945 939//939
f 945//945 761//761 939//939
f 945//945 763//763 761//761
f 764//764 763//763 945//945
f 764//764 945//945 946//946
f 944//944 942//942 766//766
f 767//767 944//944 766//766
f 947//947 944//944 767//767
f 766//766 942//942 756//756
f 946//946 948//948 764//764
f 764//764 948//948 769//769
f 770//770 769//769 948//948
f 770//770 948//948 949//949
f 771//771 947//947 767//767
f 771//771 950//950 947//947
f 952//952 772//772 951//951
f 772//772 949//949 951//951
f 772//772 770//770 949//949
f 953//953 952//952 951//951
f 773//773 950//950 771//771
f 773//773 954//954 950//950
f 952//952 774//774 772//772
f 775//775 774//774 952//952
f 953//953 775//775 952//952
f 955//955 775//775 953//953
f 776//776 954//954 773//773
f 776//776 956//956 954//954
f 955//955 957//957 775//775
f 775//775 957//957 777//777
f 779//779 777//777 957//957
f 779//779 957//957 958//958
f 780//780 956//956 776//776
f 780//780 959//959 956//956
f 958//958 781//781 779//779
f 960//960 781//781 958//958
f 787//787 965//965 961//961
f 787//787 961//961 783//783
f 962//962 961//961 966//966
f 966//966 961//961 965//965
f 963//963 964//964 967//967
f 967//967 964//964 968//968
f 967//967 791//791 785//785
f 967//967 785//785 963//963
f 793//793 969//969 965//965
f 793//793 965//965 787//787
f 966//966 965//965 970//970
f 970//970 965//965 969//969
f 967//967 968//968 971//971
f 971//971 968//968 972//972
f 971//971 794//794 791//791
f 971//971 791//791 967//967
f 795//795 969//969 793//793
f 974//974 973//973 797//797
f 797//797 973//973 795//795
f 973//973 970//970 795//795
f 970//970 969//969 795//795
f 974//974 975//975 973//973
f 978//978 977//977 976//976
f 978//978 976//976 972//972
f 972//972 976//976 971//971
f 976//976 799//799 971//971
f 799//799 800//800 971//971
f 971//971 800//800 794//794
f 802//802 979//979 974//974
f 802//802 974//974 797//797
f 975//975 974//974 980//980
f 980//980 974//974 979//979
f 976//976 977//977 981//981
f 981//981 977//977 982//982
f 981//981 804//804 799//799
f 981//981 799//799 976//976
f 806//806 983//983 979//979
f 806//806 979//979 802//802
f 980//980 979//979 984//984
f 979//979 985//985 984//984
f 979//979 983//983 985//985
f 985//985 986//986 984//984
f 989//989 988//988 987//987
f 989//989 987//987 982//982
f 987//987 981//981 982//982
f 987//987 990//990 981//981
f 990//990 808//808 804//804
f 990//990 804//804 981//981
f 809//809 983//983 806//806
f 983//983 809//809 811//811
f 991//991 983//983 811//811
f 985//985 983//983 991//991
f 986//986 985//985 992//992
f 985//985 993//993 992//992
f 985//985 991//991 993//993
f 993//993 994//994 992//992
f 987//987 988//988 995//995
f 995//995 988//988 996//996
f 995//995 813//813 814//814
f 990//990 995//995 814//814
f 987//987 995//995 990//990
f 990//990 814//814 808//808
f 815//815 991//991 811//811
f 991//991 815//815 817//817
f 997//997 991//991 817//817
f 993//993 991//991 997//997
f 994//994 993//993 998//998
f 993//993 999//999 998//998
f 993//993 997//997 999//999
f 1001//1001 1000//1000 999//999
f 999//999 1000//1000 998//998
f 1003//1003 1002//1002 1001//1001
f 1001//1001 1002//1002 1000//1000
f 1005//1005 1004//1004 1003//1003
f 1003//1003 1004//1004 1002//1002
f 1007//1007 1006//1006 1005//1005
f 1005//1005 1006//1006 1004//1004
f 1006//1006 1007//1007 996//996
f 996//996 1007//1007 995//995
f 1007//1007 819//819 995//995
f 819//819 820//820 995//995
f 995//995 820//820 813//813
f 822//822 997//997 817//817
f 997//997 822//822 824//824
f 997//997 824//824 999//999
f 999//999 824//824 826//826
f 1008//1008 999//999 826//826
f 1001//1001 999//999 1008//1008
f 1001//1001 1009//1009 1003//1003
f 1001//1001 1008//1008 1009//1009
f 1003//1003 1010//1010 1005//1005
f 1003//1003 1009//1009 1010//1010
f 1010//1010 828//828 829//829
f 1007//1007 1010//1010 829//829
f 1005//1005 1010//1010 1007//1007
f 1007//1007 829//829 819//819
f 832//832 1008//1008 826//826
f 1008//1008 832//832 834//834
f 1008//1008 834//834 1009//1009
f 1009//1009 834//834 836//836
f 1009//1009 836//836 1010//1010
f 1010//1010 836//836 828//828
f 852//852 1011//1011 853//853
f 1012//1012 854//854 853//853
f 1012//1012 853//853 1011//1011
f 1013//1013 855//855 854//854
f 1013//1013 854//854 1012//1012
f 1014//1014 856//856 855//855
f 1014//1014 855//855 1013//1013
f 1015//1015 857//857 856//856
f 1015//1015 856//856 1014//1014
f 1015//1015 859//859 857//857
f 862//862 1016//1016 861//861
f 1011//1011 852//852 861//861
f 1016//1016 1011//1011 861//861
f 1017//1017 1011//1011 1016//1016
f 1011//1011 1018//1018 1012//1012
f 1011//1011 1017//1017 1018//1018
f 1012//1012 1019//1019 1013//1013
f 1012//1012 1018//1018 1019//1019
f 1013//1013 1020//1020 1014//1014
f 1013//1013 1019//1019 1020//1020
f 1014//1014 1021//1021 1015//1015
f 1014//1014 1020//1020 1021//1021
f 1022//1022 863//863 859//859
f 1015//1015 1022//1022 859//859
f 1021//1021 1022//1022 1015//1015
f 1023//1023 864//864 863//863
f 1023//1023 863//863 1022//1022
f 1023//1023 866//866 864//864
f 1025//1025 1024//1024 1016//1016
f 862//862 1025//1025 1016//1016
f 867//867 1025//1025 862//862
f 1016//1016 1024//1024 1017//1017
f 1017//1017 1024//1024 1026//1026
f 1017//1017 1026//1026 1018//1018
f 1018//1018 1026//1026 1027//1027
f 1018//1018 1027//1027 1019//1019
f 1019//1019 1027//1027 1028//1028
f 1019//1019 1028//1028 1020//1020
f 1020//1020 1028//1028 1029//1029
f 1020//1020 1029//1029 1021//1021
f 1021//1021 1029//1029 1030//1030
f 1021//1021 1030//1030 1022//1022
f 1022//1022 1030//1030 1031//1031
f 1033//1033 1032//1032 1031//1031
f 1032//1032 1022//1022 1031//1031
f 1032//1032 1023//1023 1022//1022
f 1034//1034 868//868 866//866
f 1023//1023 1034//1034 866//866
f 1032//1032 1034//1034 1023//1023
f 1034//1034 870//870 868//868
f 871//871 1025//1025 867//867
f 871//871 1035//1035 1025//1025
f 1033//1033 1036//1036 1032//1032
f 1038//1038 1037//1037 1036//1036
f 1037//1037 1032//1032 1036//1036
f 1037//1037 1034//1034 1032//1032
f 1039//1039 872//872 870//870
f 1034//1034 1039//1039 870//870
f 1037//1037 1039//1039 1034//1034
f 1039//1039 873//873 872//872
f 874//874 1035//1035 871//871
f 874//874 1040//1040 1035//1035
f 1038//1038 1041//1041 1037//1037
f 1043//1043 1042//1042 1041//1041
f 1042//1042 1037//1037 1041//1041
f 1042//1042 1039//1039 1037//1037
f 1042//1042 876//876 873//873
f 1042//1042 873//873 1039//1039
f 877//877 1040//1040 874//874
f 877//877 1044//1044 1040//1040
f 1043//1043 1045//1045 1042//1042
f 1045//1045 1047//1047 1046//1046
f 1045//1045 1046//1046 878//878
f 1042//1042 1045//1045 878//878
f 876//876 1042//1042 878//878
f 1046//1046 879//879 878//878
f 880//880 1044//1044 877//877
f 880//880 1048//1048 1044//1044
f 1047//1047 1049//1049 1046//1046
f 879//879 1046//1046 1049//1049
f 1050//1050 879//879 1049//1049
f 881//881 879//879 1050//1050
f 882//882 1048//1048 880//880
f 882//882 1051//1051 1048//1048
f 1050//1050 884//884 881//881
f 1052//1052 884//884 1050//1050
f 885//885 1051//1051 882//882
f 885//885 1053//1053 1051//1051
f 1052//1052 1054//1054 884//884
f 884//884 1054//1054 886//886
f 887//887 886//886 1054//1054
f 887//887 1054//1054 1055//1055
f 888//888 1053//1053 885//885
f 888//888 1056//1056 1053//1053
f 1055//1055 889//889 887//887
f 1057//1057 889//889 1055//1055
f 890//890 1056//1056 888//888
f 890//890 1058//1058 1056//1056
f 1057//1057 891//891 889//889
f 1059//1059 891//891 1057//1057
f 892//892 1061//1061 1060//1060
f 1058//1058 892//892 1060//1060
f 890//890 892//892 1058//1058
f 1061//1061 1062//1062 1060//1060
f 1059//1059 894//894 891//891
f 1063//1063 894//894 1059//1059
f 895//895 1061//1061 892//892
f 895//895 897//897 1061//1061
f 897//897 1062//1062 1061//1061
f 897//897 1064//1064 1062//1062
f 1065//1065 899//899 900//900
f 1066//1066 1065//1065 900//900
f 894//894 1066//1066 900//900
f 1063//1063 1066//1066 894//894
f 901//901 1064//1064 897//897
f 901//901 1067//1067 1064//1064
f 1068//1068 903//903 904//904
f 1069//1069 1068//1068 904//904
f 1069//1069 904//904 899//899
f 1070//1070 1069//1069 899//899
f 1065//1065 1070//1070 899//899
f 1070//1070 1065//1065 1066//1066
f 905//905 1067//1067 901//901
f 905//905 1071//1071 1067//1067
f 1072//1072 907//907 908//908
f 1073//1073 1072//1072 908//908
f 1073//1073 908//908 903//903
f 1074//1074 1073//1073 903//903
f 1068//1068 1074//1074 903//903
f 1074//1074 1068//1068 1069//1069
f 905//905 909//909 1075//1075
f 1076//1076 905//905 1075//1075
f 1071//1071 905//905 1076//1076
f 911//911 1075//1075 909//909
f 1077//1077 916//916 917//917
f 918//918 1078//1078 917//917
f 917//917 1078//1078 1077//1077
f 1079//1079 1078//1078 918//918
f 1079//1079 918//918 907//907
f 1080//1080 1079//1079 907//907
f 1072//1072 1080//1080 907//907
f 1080//1080 1072//1072 1073//1073
f 1081//1081 1076//1076 1075//1075
f 1083//1083 1081//1081 1082//1082
f 1082//1082 1081//1081 919//919
f 1081//1081 1075//1075 919//919
f 1075//1075 911//911 919//919
f 920//920 1084//1084 919//919
f 919//919 1084//1084 1082//1082
f 921//921 1085//1085 920//920
f 920//920 1085//1085 1084//1084
f 922//922 1086//1086 921//921
f 921//921 1086//1086 1085//1085
f 923//923 1087//1087 922//922
f 922//922 1087//1087 1086//1086
f 916//916 1077//1077 923//923
f 1077//1077 1087//1087 923//923
f 1077//1077 1088//1088 1087//1087
f 1078//1078 1090//1090 1089//1089
f 1088//1088 1078//1078 1089//1089
f 1077//1077 1078//1078 1088//1088
f 1090//1090 1078//1078 1079//1079
f 1091//1091 1083//1083 1082//1082
f 1091//1091 1082//1082 1084//1084
f 1091//1091 1084//1084 1092//1092
f 1092//1092 1084//1084 1085//1085
f 1092//1092 1085//1085 1093//1093
f 1093//1093 1085//1085 1086//1086
f 1093//1093 1086//1086 1094//1094
f 1094//1094 1086//1086 1087//1087
f 1094//1094 1087//1087 1095//1095
f 1095//1095 1087//1087 1088//1088
f 1095//1095 1088//1088 1096//1096
f 1096//1096 1088//1088 1089//1089
f 1099//1099 1098//1098 1097//1097
f 1101//1101 1100//1100 1097//1097
f 1101//1101 1097//1097 1098//1098
f 1103//1103 1102//1102 1100//1100
f 1103//1103 1100//1100 1101//1101
f 925//925 926//926 1102//1102
f 1103//1103 925//925 1102//1102
f 1104//1104 925//925 1103//1103
f 925//925 1105//1105 928//928
f 1104//1104 1105//1105 925//925
f 1107//1107 1106//1106 929//929
f 928//928 1107//1107 929//929
f 1105//1105 1107//1107 928//928
f 1109//1109 1108//1108 1106//1106
f 1109//1109 1106//1106 1107//1107
f 1110//1110 1108//1108 1109//1109
f 1113//1113 1112//1112 1111//1111
f 1111//1111 1112//1112 1099//1099
f 1111//1111 1099//1099 1097//1097
f 932//932 1111//1111 1097//1097
f 931//931 932//932 1097//1097
f 931//931 1097//1097 934//934
f 934//934 1097//1097 1100//1100
f 934//934 1100//1100 936//936
f 936//936 1100//1100 1102//1102
f 936//936 1102//1102 926//926
f 1106//1106 938//938 929//929
f 938//938 1106//1106 940//940
f 940//940 1106//1106 1108//1108
f 1115//1115 1114//1114 941//941
f 1115//1115 941//941 940//940
f 1110//1110 1115//1115 940//940
f 1108//1108 1110//1110 940//940
f 1116//1116 1114//1114 1115//1115
f 1113//1113 1111//1111 943//943
f 944//944 1113//1113 943//943
f 1117//1117 1113//1113 944//944
f 943//943 1111//1111 932//932
f 1114//1114 945//945 941//941
f 1119//1119 1118//1118 946//946
f 1119//1119 946//946 945//945
f 1116//1116 1119//1119 945//945
f 1114//1114 1116//1116 945//945
f 1120//1120 1118//1118 1119//1119
f 947//947 1117//1117 944//944
f 947//947 1121//1121 1117//1117
f 1118//1118 948//948 946//946
f 1123//1123 1122//1122 949//949
f 1123//1123 949//949 948//948
f 1120//1120 1123//1123 948//948
f 1118//1118 1120//1120 948//948
f 1124//1124 1122//1122 1123//1123
f 950//950 1121//1121 947//947
f 950//950 1125//1125 1121//1121
f 1122//1122 951//951 949//949
f 953//953 951//951 1122//1122
f 1124//1124 953//953 1122//1122
f 1126//1126 953//953 1124//1124
f 954//954 1125//1125 950//950
f 954//954 1127//1127 1125//1125
f 1126//1126 955//955 953//953
f 1128//1128 955//955 1126//1126
f 956//956 1127//1127 954//954
f 956//956 1129//1129 1127//1127
f 1128//1128 1130//1130 955//955
f 955//955 1130//1130 957//957
f 958//958 957//957 1130//1130
f 958//958 1130//1130 1131//1131
f 959//959 1129//1129 956//956
f 959//959 1132//1132 1129//1129
f 1131//1131 960//960 958//958
f 1133//1133 960//960 1131//1131
f 966//966 1138//1138 1134//1134
f 966//966 1134//1134 962//962
f 1135//1135 1134//1134 1139//1139
f 1139//1139 1134//1134 1138//1138
f 1136//1136 1137//1137 1140//1140
f 1140//1140 1137//1137 1141//1141
f 1140//1140 968//968 964//964
f 1140//1140 964//964 1136//1136
f 970//970 1142//1142 1138//1138
f 970//970 1138//1138 966//966
f 1139//1139 1138//1138 1143//1143
f 1138//1138 1144//1144 1143//1143
f 1138//1138 1142//1142 1144//1144
f 1144//1144 1145//1145 1143//1143
f 1148//1148 1147//1147 1146//1146
f 1148//1148 1146//1146 1141//1141
f 1146//1146 1140//1140 1141//1141
f 1146//1146 1149//1149 1140//1140
f 1149//1149 972//972 968//968
f 1149//1149 968//968 1140//1140
f 973//973 1142//1142 970//970
f 1142//1142 973//973 975//975
f 1150//1150 1142//1142 975//975
f 1144//1144 1142//1142 1150//1150
f 1145//1145 1144//1144 1151//1151
f 1151//1151 1144//1144 1150//1150
f 1146//1146 1147//1147 1152//1152
f 1152//1152 1147//1147 1153//1153
f 1152//1152 977//977 978//978
f 1149//1149 1152//1152 978//978
f 1146//1146 1152//1152 1149//1149
f 1149//1149 978//978 972//972
f 980//980 1154//1154 1150//1150
f 980//980 1150//1150 975//975
f 1151//1151 1150//1150 1155//1155
f 1150//1150 1156//1156 1155//1155
f 1150//1150 1154//1154 1156//1156
f 1156//1156 1157//1157 1155//1155
f 1160//1160 1159//1159 1158//1158
f 1160//1160 1158//1158 1153//1153
f 1158//1158 1152//1152 1153//1153
f 1158//1158 1161//1161 1152//1152
f 1161//1161 982//982 977//977
f 1161//1161 977//977 1152//1152
f 984//984 1154//1154 980//980
f 1154//1154 984//984 986//986
f 1162//1162 1154//1154 986//986
f 1156//1156 1154//1154 1162//1162
f 1157//1157 1156//1156 1163//1163
f 1156//1156 1164//1164 1163//1163
f 1156//1156 1162//1162 1164//1164
f 1166//1166 1165//1165 1164//1164
f 1164//1164 1165//1165 1163//1163
f 1166//1166 1167//1167 1165//1165
f 1170//1170 1169//1169 1168//1168
f 1170//1170 1168//1168 1159//1159
f 1168//1168 1158//1158 1159//1159
f 1168//1168 1171//1171 1158//1158
f 1171//1171 988//988 989//989
f 1161//1161 1171//1171 989//989
f 1158//1158 1171//1171 1161//1161
f 1161//1161 989//989 982//982
f 992//992 1162//1162 986//986
f 1162//1162 992//992 994//994
f 1172//1172 1162//1162 994//994
f 1164//1164 1162//1162 1172//1172
f 1164//1164 1173//1173 1166//1166
f 1164//1164 1172//1172 1173//1173
f 1167//1167 1166//1166 1174//1174
f 1166//1166 1175//1175 1174//1174
f 1166//1166 1173//1173 1175//1175
f 1174//1174 1175//1175 1169//1169
f 1175//1175 1168//1168 1169//1169
f 1175//1175 1176//1176 1168//1168
f 1168//1168 1177//1177 1171//1171
f 1168//1168 1176//1176 1177//1177
f 1177//1177 996//996 988//988
f 1177//1177 988//988 1171//1171
f 998//998 1172//1172 994//994
f 1172//1172 998//998 1000//1000
f 1172//1172 1000//1000 1173//1173
f 1173//1173 1000//1000 1002//1002
f 1173//1173 1002//1002 1175//1175
f 1175//1175 1002//1002 1004//1004
f 1175//1175 1004//1004 1176//1176
f 1176//1176 1004//1004 1006//1006
f 1176//1176 1006//1006 1177//1177
f 1177//1177 1006//1006 996//996
f 1025//1025 1178//1178 1024//1024
f 1179//1179 1026//1026 1024//1024
f 1179//1179 1024//1024 1178//1178
f 1180//1180 1027//1027 1026//1026
f 1180//1180 1026//1026 1179//1179
f 1181//1181 1028//1028 1027//1027
f 1181//1181 1027//1027 1180//1180
f 1182//1182 1029//1029 1028//1028
f 1182//1182 1028//1028 1181//1181
f 1183//1183 1030//1030 1029//1029
f 1183//1183 1029//1029 1182//1182
f 1184//1184 1031//1031 1030//1030
f 1184//1184 1030//1030 1183//1183
f 1184//1184 1033//1033 1031//1031
f 1035//1035 1185//1185 1178//1178
f 1035//1035 1178//1178 1025//1025
f 1187//1187 1179//1179 1186//1186
f 1179//1179 1185//1185 1186//1186
f 1179//1179 1178//1178 1185//1185
f 1179//1179 1187//1187 1180//1180
f 1180//1180 1187//1187 1188//1188
f 1180//1180 1188//1188 1181//1181
f 1181//1181 1188//1188 1189//1189
f 1181//1181 1189//1189 1182//1182
f 1182//1182 1189//1189 1190//1190
f 1182//1182 1190//1190 1183//1183
f 1183//1183 1190//1190 1191//1191
f 1193//1193 1192//1192 1191//1191
f 1192//1192 1183//1183 1191//1191
f 1192//1192 1184//1184 1183//1183
f 1194//1194 1036//1036 1033//1033
f 1184//1184 1194//1194 1033//1033
f 1192//1192 1194//1194 1184//1184
f 1194//1194 1038//1038 1036//1036
f 1196//1196 1195//1195 1185//1185
f 1035//1035 1196//1196 1185//1185
f 1040//1040 1196//1196 1035//1035
f 1185//1185 1195//1195 1186//1186
f 1193//1193 1197//1197 1192//1192
f 1192//1192 1197//1197 1194//1194
f 1194//1194 1197//1197 1198//1198
f 1198//1198 1200//1200 1199//1199
f 1198//1198 1199//1199 1041//1041
f 1194//1194 1198//1198 1041//1041
f 1038//1038 1194//1194 1041//1041
f 1199//1199 1043//1043 1041//1041
f 1044//1044 1196//1196 1040//1040
f 1044//1044 1201//1201 1196//1196
f 1200//1200 1202//1202 1199//1199
f 1202//1202 1204//1204 1203//1203
f 1202//1202 1203//1203 1045//1045
f 1199//1199 1202//1202 1045//1045
f 1043//1043 1199//1199 1045//1045
f 1203//1203 1047//1047 1045//1045
f 1048//1048 1201//1201 1044//1044
f 1048//1048 1205//1205 1201//1201
f 1204//1204 1206//1206 1203//1203
f 1206//1206 1208//1208 1207//1207
f 1206//1206 1207//1207 1049//1049
f 1203//1203 1206//1206 1049//1049
f 1047//1047 1203//1203 1049//1049
f 1207//1207 1050//1050 1049//1049
f 1051//1051 1205//1205 1048//1048
f 1051//1051 1209//1209 1205//1205
f 1208//1208 1210//1210 1207//1207
f 1050//1050 1207//1207 1210//1210
f 1211//1211 1050//1050 1210//1210
f 1052//1052 1050//1050 1211//1211
f 1053//1053 1209//1209 1051//1051
f 1053//1053 1212//1212 1209//1209
f 1054//1054 1052//1052 1213//1213
f 1052//1052 1214//1214 1213//1213
f 1052//1052 1211//1211 1214//1214
f 1213//1213 1055//1055 1054//1054
f 1056//1056 1212//1212 1053//1053
f 1056//1056 1215//1215 1212//1212
f 1214//1214 1216//1216 1213//1213
f 1055//1055 1213//1213 1216//1216
f 1217//1217 1055//1055 1216//1216
f 1057//1057 1055//1055 1217//1217
f 1058//1058 1219//1219 1218//1218
f 1215//1215 1058//1058 1218//1218
f 1056//1056 1058//1058 1215//1215
f 1219//1219 1220//1220 1218//1218
f 1217//1217 1059//1059 1057//1057
f 1221//1221 1059//1059 1217//1217
f 1060//1060 1219//1219 1058//1058
f 1060//1060 1062//1062 1219//1219
f 1062//1062 1220//1220 1219//1219
f 1062//1062 1222//1222 1220//1220
f 1221//1221 1063//1063 1059//1059
f 1223//1223 1063//1063 1221//1221
f 1064//1064 1222//1222 1062//1062
f 1064//1064 1224//1224 1222//1222
f 1223//1223 1066//1066 1063//1063
f 1225//1225 1066//1066 1223//1223
f 1067//1067 1224//1224 1064//1064
f 1067//1067 1226//1226 1224//1224
f 1228//1228 1227//1227 1070//1070
f 1070//1070 1227//1227 1069//1069
f 1070//1070 1066//1066 1225//1225
f 1070//1070 1225//1225 1228//1228
f 1071//1071 1226//1226 1067//1067
f 1071//1071 1229//1229 1226//1226
f 1230//1230 1073//1073 1074//1074
f 1231//1231 1230//1230 1074//1074
f 1069//1069 1231//1231 1074//1074
f 1227//1227 1231//1231 1069//1069
f 1076//1076 1229//1229 1071//1071
f 1076//1076 1232//1232 1229//1229
f 1233//1233 1079//1079 1080//1080
f 1234//1234 1233//1233 1080//1080
f 1234//1234 1080//1080 1073//1073
f 1235//1235 1234//1234 1073//1073
f 1230//1230 1235//1235 1073//1073
f 1235//1235 1230//1230 1231//1231
f 1076//1076 1081//1081 1236//1236
f 1237//1237 1076//1076 1236//1236
f 1232//1232 1076//1076 1237//1237
f 1083//1083 1236//1236 1081//1081
f 1238//1238 1089//1089 1090//1090
f 1079//1079 1233//1233 1090//1090
f 1233//1233 1238//1238 1090//1090
f 1233//1233 1239//1239 1238//1238
f 1233//1233 1234//1234 1240//1240
f 1233//1233 1240//1240 1239//1239
f 1237//1237 1236//1236 1241//1241
f 1237//1237 1241//1241 1242//1242
f 1091//1091 1243//1243 1083//1083
f 1243//1243 1236//1236 1083//1083
f 1243//1243 1241//1241 1236//1236
f 1092//1092 1244//1244 1091//1091
f 1091//1091 1244//1244 1243//1243
f 1093//1093 1245//1245 1092//1092
f 1092//1092 1245//1245 1244//1244
f 1094//1094 1246//1246 1093//1093
f 1093//1093 1246//1246 1245//1245
f 1095//1095 1247//1247 1094//1094
f 1094//1094 1247//1247 1246//1246
f 1096//1096 1248//1248 1095//1095
f 1095//1095 1248//1248 1247//1247
f 1089//1089 1238//1238 1096//1096
f 1238//1238 1248//1248 1096//1096
f 1238//1238 1249//1249 1248//1248
f 1239//1239 1251//1251 1250//1250
f 1249//1249 1239//1239 1250//1250
f 1238//1238 1239//1239 1249//1249
f 1251//1251 1239//1239 1240//1240
f 1252//1252 1242//1242 1241//1241
f 1254//1254 1253//1253 1252//1252
f 1241//1241 1254//1254 1252//1252
f 1243//1243 1254//1254 1241//1241
f 1255//1255 1243//1243 1244//1244
f 1254//1254 1243//1243 1255//1255
f 1256//1256 1244//1244 1245//1245
f 1255//1255 1244//1244 1256//1256
f 1257//1257 1245//1245 1246//1246
f 1256//1256 1245//1245 1257//1257
f 1258//1258 1246//1246 1247//1247
f 1257//1257 1246//1246 1258//1258
f 1259//1259 1247//1247 1248//1248
f 1258//1258 1247//1247 1259//1259
f 1249//1249 1261//1261 1260//1260
f 1259//1259 1249//1249 1260//1260
f 1248//1248 1249//1249 1259//1259
f 1261//1261 1249//1249 1250//1250
f 1262//1262 1253//1253 1254//1254
f 1262//1262 1254//1254 1255//1255
f 1262//1262 1255//1255 1263//1263
f 1263//1263 1255//1255 1256//1256
f 1263//1263 1256//1256 1264//1264
f 1264//1264 1256//1256 1257//1257
f 1264//1264 1257//1257 1265//1265
f 1265//1265 1257//1257 1258//1258
f 1265//1265 1258//1258 1266//1266
f 1266//1266 1258//1258 1259//1259
f 1266//1266 1259//1259 1267//1267
f 1267//1267 1259//1259 1260//1260
f 1270//1270 1269//1269 1268//1268
f 1272//1272 1271//1271 1268//1268
f 1272//1272 1268//1268 1269//1269
f 1274//1274 1273//1273 1271//1271
f 1274//1274 1271//1271 1272//1272
f 1276//1276 1275//1275 1273//1273
f 1276//1276 1273//1273 1274//1274
f 1278//1278 1277//1277 1275//1275
f 1278//1278 1275//1275 1276//1276
f 1280//1280 1279//1279 1277//1277
f 1280//1280 1277//1277 1278//1278
f 1282//1282 1281//1281 1279//1279
f 1282//1282 1279//1279 1280//1280
f 1283//1283 1281//1281 1282//1282
f 1286//1286 1285//1285 1284//1284
f 1284//1284 1285//1285 1270//1270
f 1284//1284 1270//1270 1268//1268
f 1099//1099 1284//1284 1268//1268
f 1098//1098 1099//1099 1268//1268
f 1098//1098 1268//1268 1101//1101
f 1101//1101 1268//1268 1271//1271
f 1101//1101 1271//1271 1103//1103
f 1103//1103 1271//1271 1273//1273
f 1103//1103 1273//1273 1104//1104
f 1104//1104 1273//1273 1275//1275
f 1104//1104 1275//1275 1105//1105
f 1105//1105 1275//1275 1277//1277
f 1105//1105 1277//1277 1107//1107
f 1107//1107 1277//1277 1279//1279
f 1107//1107 1279//1279 1109//1109
f 1109//1109 1279//1279 1281//1281
f 1288//1288 1287//1287 1110//1110
f 1288//1288 1110//1110 1109//1109
f 1283//1283 1288//1288 1109//1109
f 1281//1281 1283//1283 1109//1109
f 1289//1289 1287//1287 1288//1288
f 1286//1286 1284//1284 1112//1112
f 1113//1113 1286//1286 1112//1112
f 1290//1290 1286//1286 1113//1113
f 1112//1112 1284//1284 1099//1099
f 1287//1287 1115//1115 1110//1110
f 1292//1292 1291//1291 1116//1116
f 1292//1292 1116//1116 1115//1115
f 1289//1289 1292//1292 1115//1115
f 1287//1287 1289//1289 1115//1115
f 1293//1293 1291//1291 1292//1292
f 1117//1117 1290//1290 1113//1113
f 1117//1117 1294//1294 1290//1290
f 1291//1291 1119//1119 1116//1116
f 1120//1120 1119//1119 1291//1291
f 1293//1293 1120//1120 1291//1291
f 1295//1295 1120//1120 1293//1293
f 1121//1121 1294//1294 1117//1117
f 1121//1121 1296//1296 1294//1294
f 1295//1295 1297//1297 1120//1120
f 1120//1120 1297//1297 1123//1123
f 1124//1124 1123//1123 1297//1297
f 1124//1124 1297//1297 1298//1298
f 1125//1125 1296//1296 1121//1121
f 1125//1125 1299//1299 1296//1296
f 1298//1298 1126//1126 1124//1124
f 1300//1300 1126//1126 1298//1298
f 1127//1127 1299//1299 1125//1125
f 1127//1127 1301//1301 1299//1299
f 1303//1303 1128//1128 1302//1302
f 1128//1128 1300//1300 1302//1302
f 1128//1128 1126//1126 1300//1300
f 1304//1304 1303//1303 1302//1302
f 1129//1129 1301//1301 1127//1127
f 1129//1129 1305//1305 1301//1301
f 1303//1303 1130//1130 1128//1128
f 1131//1131 1130//1130 1303//1303
f 1304//1304 1131//1131 1303//1303
f 1306//1306 1131//1131 1304//1304
f 1132//1132 1305//1305 1129//1129
f 1132//1132 1307//1307 1305//1305
f 1306//1306 1133//1133 1131//1131
f 1308//1308 1133//1133 1306//1306
f 1139//1139 1313//1313 1309//1309
f 1139//1139 1309//1309 1135//1135
f 1310//1310 1309//1309 1314//1314
f 1309//1309 1315//1315 1314//1314
f 1309//1309 1313//1313 1315//1315
f 1315//1315 1316//1316 1314//1314
f 1319//1319 1318//1318 1317//1317
f 1319//1319 1317//1317 1312//1312
f 1317//1317 1311//1311 1312//1312
f 1317//1317 1320//1320 1311//1311
f 1320//1320 1141//1141 1137//1137
f 1320//1320 1137//1137 1311//1311
f 1143//1143 1313//1313 1139//1139
f 1313//1313 1143//1143 1145//1145
f 1321//1321 1313//1313 1145//1145
f 1315//1315 1313//1313 1321//1321
f 1316//1316 1315//1315 1322//1322
f 1315//1315 1323//1323 1322//1322
f 1315//1315 1321//1321 1323//1323
f 1325//1325 1324//1324 1323//1323
f 1323//1323 1324//1324 1322//1322
f 1327//1327 1326//1326 1325//1325
f 1325//1325 1326//1326 1324//1324
f 1329//1329 1328//1328 1327//1327
f 1327//1327 1328//1328 1326//1326
f 1328//1328 1329//1329 1318//1318
f 1329//1329 1317//1317 1318//1318
f 1329//1329 1330//1330 1317//1317
f 1330//1330 1147//1147 1148//1148
f 1320//1320 1330//1330 1148//1148
f 1317//1317 1330//1330 1320//1320
f 1320//1320 1148//1148 1141//1141
f 1151//1151 1331//1331 1321//1321
f 1151//1151 1321//1321 1145//1145
f 1321//1321 1332//1332 1323//1323
f 1321//1321 1331//1331 1332//1332
f 1323//1323 1333//1333 1325//1325
f 1323//1323 1332//1332 1333//1333
f 1325//1325 1334//1334 1327//1327
f 1325//1325 1333//1333 1334//1334
f 1327//1327 1335//1335 1329//1329
f 1327//1327 1334//1334 1335//1335
f 1329//1329 1336//1336 1330//1330
f 1329//1329 1335//1335 1336//1336
f 1336//1336 1153//1153 1147//1147
f 1336//1336 1147//1147 1330//1330
f 1155//1155 1331//1331 1151//1151
f 1331//1331 1155//1155 1157//1157
f 1337//1337 1331//1331 1157//1157
f 1332//1332 1331//1331 1337//1337
f 1332//1332 1338//1338 1333//1333
f 1332//1332 1337//1337 1338//1338
f 1333//1333 1339//1339 1334//1334
f 1333//1333 1338//1338 1339//1339
f 1334//1334 1340//1340 1335//1335
f 1334//1334 1339//1339 1340//1340
f 1340//1340 1159//1159 1160//1160
f 1336//1336 1340//1340 1160//1160
f 1335//1335 1340//1340 1336//1336
f 1336//1336 1160//1160 1153//1153
f 1163//1163 1337//1337 1157//1157
f 1337//1337 1163//1163 1165//1165
f 1337//1337 1165//1165 1338//1338
f 1338//1338 1165//1165 1167//1167
f 1341//1341 1338//1338 1167//1167
f 1339//1339 1338//1338 1341//1341
f 1341//1341 1169//1169 1170//1170
f 1340//1340 1341//1341 1170//1170
f 1339//1339 1341//1341 1340//1340
f 1340//1340 1170//1170 1159//1159
f 1174//1174 1341//1341 1167//1167
f 1341//1341 1174//1174 1169//1169
f 1186//1186 1342//1342 1187//1187
f 1343//1343 1188//1188 1187//1187
f 1343//1343 1187//1187 1342//1342
f 1344//1344 1189//1189 1188//1188
f 1344//1344 1188//1188 1343//1343
f 1345//1345 1190//1190 1189//1189
f 1345//1345 1189//1189 1344//1344
f 1346//1346 1191//1191 1190//1190
f 1346//1346 1190//1190 1345//1345
f 1346//1346 1193//1193 1191//1191
f 1196//1196 1347//1347 1195//1195
f 1347//1347 1348//1348 1195//1195
f 1195//1195 1348//1348 1186//1186
f 1348//1348 1349//1349 1186//1186
f 1349//1349 1342//1342 1186//1186
f 1342//1342 1349//1349 1343//1343
f 1343//1343 1349//1349 1350//1350
f 1343//1343 1350//1350 1344//1344
f 1344//1344 1350//1350 1351//1351
f 1344//1344 1351//1351 1345//1345
f 1345//1345 1351//1351 1352//1352
f 1345//1345 1352//1352 1346//1346
f 1346//1346 1352//1352 1353//1353
f 1353//1353 1355//1355 1354//1354
f 1353//1353 1354//1354 1197//1197
f 1346//1346 1353//1353 1197//1197
f 1193//1193 1346//1346 1197//1197
f 1356//1356 1198//1198 1197//1197
f 1356//1356 1197//1197 1354//1354
f 1356//1356 1200//1200 1198//1198
f 1358//1358 1357//1357 1347//1347
f 1196//1196 1358//1358 1347//1347
f 1201//1201 1358//1358 1196//1196
f 1347//1347 1357//1357 1348//1348
f 1355//1355 1359//1359 1354//1354
f 1354//1354 1359//1359 1356//1356
f 1356//1356 1359//1359 1360//1360
f 1360//1360 1362//1362 1361//1361
f 1360//1360 1361//1361 1202//1202
f 1356//1356 1360//1360 1202//1202
f 1200//1200 1356//1356 1202//1202
f 1361//1361 1204//1204 1202//1202
f 1205//1205 1358//1358 1201//1201
f 1205//1205 1363//1363 1358//1358
f 1362//1362 1364//1364 1361//1361
f 1361//1361 1364//1364 1204//1204
f 1364//1364 1206//1206 1204//1204
f 1364//1364 1365//1365 1206//1206
f 1208//1208 1206//1206 1365//1365
f 1208//1208 1365//1365 1366//1366
f 1209//1209 1363//1363 1205//1205
f 1209//1209 1367//1367 1363//1363
f 1210//1210 1208//1208 1368//1368
f 1208//1208 1369//1369 1368//1368
f 1208//1208 1366//1366 1369//1369
f 1368//1368 1211//1211 1210//1210
f 1212//1212 1367//1367 1209//1209
f 1212//1212 1370//1370 1367//1367
f 1369//1369 1371//1371 1368//1368
f 1211//1211 1368//1368 1371//1371
f 1372//1372 1211//1211 1371//1371
f 1214//1214 1211//1211 1372//1372
f 1215//1215 1374//1374 1373//1373
f 1370//1370 1215//1215 1373//1373
f 1212//1212 1215//1215 1370//1370
f 1374//1374 1375//1375 1373//1373
f 1372//1372 1376//1376 1214//1214
f 1214//1214 1376//1376 1216//1216
f 1217//1217 1216//1216 1376//1376
f 1217//1217 1376//1376 1377//1377
f 1218//1218 1374//1374 1215//1215
f 1218//1218 1220//1220 1374//1374
f 1220//1220 1375//1375 1374//1374
f 1220//1220 1378//1378 1375//1375
f 1377//1377 1221//1221 1217//1217
f 1379//1379 1221//1221 1377//1377
f 1222//1222 1378//1378 1220//1220
f 1222//1222 1380//1380 1378//1378
f 1379//1379 1223//1223 1221//1221
f 1381//1381 1223//1223 1379//1379
f 1224//1224 1380//1380 1222//1222
f 1224//1224 1382//1382 1380//1380
f 1381//1381 1225//1225 1223//1223
f 1383//1383 1225//1225 1381//1381
f 1226//1226 1382//1382 1224//1224
f 1226//1226 1384//1384 1382//1382
f 1385//1385 1227//1227 1228//1228
f 1386//1386 1385//1385 1228//1228
f 1225//1225 1386//1386 1228//1228
f 1383//1383 1386//1386 1225//1225
f 1229//1229 1384//1384 1226//1226
f 1229//1229 1387//1387 1384//1384
f 1388//1388 1231//1231 1385//1385
f 1385//1385 1231//1231 1227//1227
f 1385//1385 1386//1386 1389//1389
f 1385//1385 1389//1389 1388//1388
f 1232//1232 1387//1387 1229//1229
f 1232//1232 1390//1390 1387//1387
f 1391//1391 1234//1234 1235//1235
f 1392//1392 1391//1391 1235//1235
f 1392//1392 1235//1235 1231//1231
f 1393//1393 1392//1392 1231//1231
f 1388//1388 1393//1393 1231//1231
f 1393//1393 1388//1388 1389//1389
f 1237//1237 1390//1390 1232//1232
f 1237//1237 1394//1394 1390//1390
f 1395//1395 1240//1240 1391//1391
f 1391//1391 1240//1240 1234//1234
f 1391//1391 1392//1392 1396//1396
f 1391//1391 1396//1396 1395//1395
f 1242//1242 1394//1394 1237//1237
f 1242//1242 1397//1397 1394//1394
f 1398//1398 1250//1250 1251//1251
f 1240//1240 1395//1395 1251//1251
f 1395//1395 1398//1398 1251//1251
f 1395//1395 1399//1399 1398//1398
f 1395//1395 1396//1396 1400//1400
f 1395//1395 1400//1400 1399//1399
f 1242//1242 1252//1252 1401//1401
f 1402//1402 1242//1242 1401//1401
f 1397//1397 1242//1242 1402//1402
f 1253//1253 1401//1401 1252//1252
f 1403//1403 1260//1260 1261//1261
f 1250//1250 1398//1398 1261//1261
f 1398//1398 1403//1403 1261//1261
f 1398//1398 1404//1404 1403//1403
f 1399//1399 1406//1406 1405//1405
f 1404//1404 1399//1399 1405//1405
f 1398//1398 1399//1399 1404//1404
f 1406//1406 1399//1399 1400//1400
f 1402//1402 1401//1401 1407//1407
f 1402//1402 1407//1407 1408//1408
f 1262//1262 1409//1409 1253//1253
f 1409//1409 1401//1401 1253//1253
f 1409//1409 1407//1407 1401//1401
f 1263//1263 1410//1410 1262//1262
f 1262//1262 1410//1410 1409//1409
f 1264//1264 1411//1411 1263//1263
f 1263//1263 1411//1411 1410//1410
f 1265//1265 1412//1412 1264//1264
f 1264//1264 1412//1412 1411//1411
f 1266//1266 1413//1413 1265//1265
f 1265//1265 1413//1413 1412//1412
f 1267//1267 1414//1414 1266//1266
f 1266//1266 1414//1414 1413//1413
f 1260//1260 1403//1403 1267//1267
f 1403//1403 1414//1414 1267//1267
f 1403//1403 1415//1415 1414//1414
f 1404//1404 1417//1417 1416//1416
f 1415//1415 1404//1404 1416//1416
f 1403//1403 1404//1404 1415//1415
f 1417//1417 1404//1404 1405//1405
f 1418//1418 1408//1408 1407//1407
f 1420//1420 1419//1419 1418//1418
f 1407//1407 1420//1420 1418//1418
f 1409//1409 1420//1420 1407//1407
f 1421//1421 1409//1409 1410//1410
f 1420//1420 1409//1409 1421//1421
f 1422//1422 1410//1410 1411//1411
f 1421//1421 1410//1410 1422//1422
f 1423//1423 1411//1411 1412//1412
f 1422//1422 1411//1411 1423//1423
f 1424//1424 1412//1412 1413//1413
f 1423//1423 1412//1412 1424//1424
f 1425//1425 1413//1413 1414//1414
f 1424//1424 1413//1413 1425//1425
f 1426//1426 1414//1414 1415//1415
f 1425//1425 1414//1414 1426//1426
f 1415//1415 1416//1416 1427//1427
f 1415//1415 1427//1427 1426//1426
f 1428//1428 1419//1419 1420//1420
f 1428//1428 1420//1420 1421//1421
f 1428//1428 1421//1421 1429//1429
f 1429//1429 1421//1421 1422//1422
f 1429//1429 1422//1422 1430//1430
f 1430//1430 1422//1422 1423//1423
f 1430//1430 1423//1423 1431//1431
f 1431//1431 1423//1423 1424//1424
f 1431//1431 1424//1424 1432//1432
f 1432//1432 1424//1424 1425//1425
f 1432//1432 1425//1425 1433//1433
f 1433//1433 1425//1425 1426//1426
f 1433//1433 1426//1426 1434//1434
f 1434//1434 1426//1426 1427//1427
f 1437//1437 1436//1436 1435//1435
f 1439//1439 1438//1438 1435//1435
f 1439//1439 1435//1435 1436//1436
f 1441//1441 1440//1440 1438//1438
f 1441//1441 1438//1438 1439//1439
f 1443//1443 1442//1442 1440//1440
f 1443//1443 1440//1440 1441//1441
f 1445//1445 1444//1444 1442//1442
f 1445//1445 1442//1442 1443//1443
f 1447//1447 1446//1446 1444//1444
f 1447//1447 1444//1444 1445//1445
f 1448//1448 1446//1446 1447//1447
f 1451//1451 1450//1450 1449//1449
f 1449//1449 1450//1450 1437//1437
f 1449//1449 1437//1437 1435//1435
f 1270//1270 1449//1449 1435//1435
f 1269//1269 1270//1270 1435//1435
f 1269//1269 1435//1435 1272//1272
f 1272//1272 1435//1435 1438//1438
f 1272//1272 1438//1438 1274//1274
f 1274//1274 1438//1438 1440//1440
f 1274//1274 1440//1440 1276//1276
f 1276//1276 1440//1440 1442//1442
f 1276//1276 1442//1442 1278//1278
f 1278//1278 1442//1442 1444//1444
f 1278//1278 1444//1444 1280//1280
f 1280//1280 1444//1444 1446//1446
f 1448//1448 1452//1452 1446//1446
f 1452//1452 1280//1280 1446//1446
f 1452//1452 1282//1282 1280//1280
f 1454//1454 1453//1453 1283//1283
f 1282//1282 1454//1454 1283//1283
f 1452//1452 1454//1454 1282//1282
f 1455//1455 1453//1453 1454//1454
f 1451//1451 1449//1449 1285//1285
f 1286//1286 1451//1451 1285//1285
f 1456//1456 1451//1451 1286//1286
f 1285//1285 1449//1449 1270//1270
f 1453//1453 1288//1288 1283//1283
f 1458//1458 1457//1457 1289//1289
f 1458//1458 1289//1289 1288//1288
f 1455//1455 1458//1458 1288//1288
f 1453//1453 1455//1455 1288//1288
f 1459//1459 1457//1457 1458//1458
f 1290//1290 1456//1456 1286//1286
f 1290//1290 1460//1460 1456//1456
f 1457//1457 1292//1292 1289//1289
f 1293//1293 1292//1292 1457//1457
f 1459//1459 1293//1293 1457//1457
f 1461//1461 1293//1293 1459//1459
f 1294//1294 1460//1460 1290//1290
f 1294//1294 1462//1462 1460//1460
f 1464//1464 1295//1295 1463//1463
f 1295//1295 1461//1461 1463//1463
f 1295//1295 1293//1293 1461//1461
f 1465//1465 1464//1464 1463//1463
f 1296//1296 1462//1462 1294//1294
f 1296//1296 1466//1466 1462//1462
f 1464//1464 1297//1297 1295//1295
f 1298//1298 1297//1297 1464//1464
f 1465//1465 1298//1298 1464//1464
f 1467//1467 1298//1298 1465//1465
f 1299//1299 1466//1466 1296//1296
f 1299//1299 1468//1468 1466//1466
f 1470//1470 1300//1300 1469//1469
f 1300//1300 1467//1467 1469//1469
f 1300//1300 1298//1298 1467//1467
f 1471//1471 1470//1470 1469//1469
f 1301//1301 1468//1468 1299//1299
f 1301//1301 1472//1472 1468//1468
f 1470//1470 1302//1302 1300//1300
f 1304//1304 1302//1302 1470//1470
f 1471//1471 1304//1304 1470//1470
f 1473//1473 1304//1304 1471//1471
f 1305//1305 1472//1472 1301//1301
f 1305//1305 1474//1474 1472//1472
f 1473//1473 1306//1306 1304//1304
f 1475//1475 1306//1306 1473//1473
f 1307//1307 1474//1474 1305//1305
f 1307//1307 1476//1476 1474//1474
f 1475//1475 1308//1308 1306//1306
f 1477//1477 1308//1308 1475//1475
f 1314//1314 1478//1478 1310//1310
f 1478//1478 1314//1314 1316//1316
f 1484//1484 1478//1478 1316//1316
f 1479//1479 1478//1478 1484//1484
f 1479//1479 1485//1485 1480//1480
f 1479//1479 1484//1484 1485//1485
f 1480//1480 1486//1486 1481//1481
f 1480//1480 1485//1485 1486//1486
f 1481//1481 1487//1487 1482//1482
f 1481//1481 1486//1486 1487//1487
f 1487//1487 1318//1318 1319//1319
f 1483//1483 1487//1487 1319//1319
f 1482//1482 1487//1487 1483//1483
f 1483//1483 1319//1319 1312//1312
f 1322//1322 1484//1484 1316//1316
f 1484//1484 1322//1322 1324//1324
f 1484//1484 1324//1324 1485//1485
f 1485//1485 1324//1324 1326//1326
f 1485//1485 1326//1326 1486//1486
f 1486//1486 1326//1326 1328//1328
f 1486//1486 1328//1328 1487//1487
f 1487//1487 1328//1328 1318//1318
f 1348//1348 1488//1488 1349//1349
f 1489//1489 1350//1350 1349//1349
f 1489//1489 1349//1349 1488//1488
f 1490//1490 1351//1351 1350//1350
f 1490//1490 1350//1350 1489//1489
f 1491//1491 1352//1352 1351//1351
f 1491//1491 1351//1351 1490//1490
f 1492//1492 1353//1353 1352//1352
f 1492//1492 1352//1352 1491//1491
f 1492//1492 1355//1355 1353//1353
f 1358//1358 1493//1493 1357//1357
f 1493//1493 1494//1494 1357//1357
f 1357//1357 1494//1494 1348//1348
f 1494//1494 1495//1495 1348//1348
f 1495//1495 1488//1488 1348//1348
f 1488//1488 1495//1495 1489//1489
f 1489//1489 1495//1495 1496//1496
f 1489//1489 1496//1496 1490//1490
f 1490//1490 1496//1496 1497//1497
f 1490//1490 1497//1497 1491//1491
f 1491//1491 1497//1497 1498//1498
f 1491//1491 1498//1498 1492//1492
f 1492//1492 1498//1498 1499//1499
f 1499//1499 1501//1501 1500//1500
f 1499//1499 1500//1500 1359//1359
f 1492//1492 1499//1499 1359//1359
f 1355//1355 1492//1492 1359//1359
f 1502//1502 1360//1360 1359//1359
f 1502//1502 1359//1359 1500//1500
f 1502//1502 1362//1362 1360//1360
f 1504//1504 1503//1503 1493//1493
f 1358//1358 1504//1504 1493//1493
f 1363//1363 1504//1504 1358//1358
f 1493//1493 1503//1503 1494//1494
f 1501//1501 1505//1505 1500//1500
f 1500//1500 1505//1505 1502//1502
f 1502//1502 1505//1505 1506//1506
f 1502//1502 1506//1506 1362//1362
f 1506//1506 1364//1364 1362//1362
f 1506//1506 1507//1507 1364//1364
f 1507//1507 1509//1509 1508//1508
f 1365//1365 1507//1507 1508//1508
f 1364//1364 1507//1507 1365//1365
f 1508//1508 1366//1366 1365//1365
f 1367//1367 1504//1504 1363//1363
f 1367//1367 1510//1510 1504//1504
f 1509//1509 1511//1511 1508//1508
f 1366//1366 1508//1508 1511//1511
f 1512//1512 1366//1366 1511//1511
f 1369//1369 1366//1366 1512//1512
f 1370//1370 1514//1514 1513//1513
f 1510//1510 1370//1370 1513//1513
f 1367//1367 1370//1370 1510//1510
f 1514//1514 1515//1515 1513//1513
f 1512//1512 1516//1516 1369//1369
f 1369//1369 1516//1516 1371//1371
f 1372//1372 1371//1371 1516//1516
f 1372//1372 1516//1516 1517//1517
f 1373//1373 1514//1514 1370//1370
f 1373//1373 1375//1375 1514//1514
f 1375//1375 1515//1515 1514//1514
f 1375//1375 1518//1518 1515//1515
f 1376//1376 1372//1372 1519//1519
f 1372//1372 1520//1520 1519//1519
f 1372//1372 1517//1517 1520//1520
f 1519//1519 1377//1377 1376//1376
f 1378//1378 1518//1518 1375//1375
f 1378//1378 1521//1521 1518//1518
f 1520//1520 1522//1522 1519//1519
f 1377//1377 1519//1519 1522//1522
f 1523//1523 1377//1377 1522//1522
f 1379//1379 1377//1377 1523//1523
f 1380//1380 1521//1521 1378//1378
f 1380//1380 1524//1524 1521//1521
f 1523//1523 1381//1381 1379//1379
f 1525//1525 1381//1381 1523//1523
f 1382//1382 1524//1524 1380//1380
f 1382//1382 1526//1526 1524//1524
f 1525//1525 1383//1383 1381//1381
f 1527//1527 1383//1383 1525//1525
f 1384//1384 1526//1526 1382//1382
f 1384//1384 1528//1528 1526//1526
f 1527//1527 1386//1386 1383//1383
f 1529//1529 1386//1386 1527//1527
f 1387//1387 1528//1528 1384//1384
f 1387//1387 1530//1530 1528//1528
f 1529//1529 1389//1389 1386//1386
f 1531//1531 1389//1389 1529//1529
f 1390//1390 1530//1530 1387//1387
f 1390//1390 1532//1532 1530//1530
f 1533//1533 1392//1392 1393//1393
f 1534//1534 1533//1533 1393//1393
f 1389//1389 1534//1534 1393//1393
f 1531//1531 1534//1534 1389//1389
f 1394//1394 1532//1532 1390//1390
f 1394//1394 1535//1535 1532//1532
f 1536//1536 1396//1396 1533//1533
f 1533//1533 1396//1396 1392//1392
f 1533//1533 1534//1534 1537//1537
f 1533//1533 1537//1537 1536//1536
f 1397//1397 1535//1535 1394//1394
f 1397//1397 1538//1538 1535//1535
f 1540//1540 1539//1539 1536//1536
f 1539//1539 1396//1396 1536//1536
f 1539//1539 1400//1400 1396//1396
f 1540//1540 1536//1536 1537//1537
f 1402//1402 1538//1538 1397//1397
f 1402//1402 1541//1541 1538//1538
f 1542//1542 1405//1405 1406//1406
f 1543//1543 1542//1542 1406//1406
f 1400//1400 1543//1543 1406//1406
f 1539//1539 1543//1543 1400//1400
f 1408//1408 1541//1541 1402//1402
f 1408//1408 1544//1544 1541//1541
f 1545//1545 1416//1416 1417//1417
f 1405//1405 1542//1542 1417//1417
f 1542//1542 1545//1545 1417//1417
f 1542//1542 1546//1546 1545//1545
f 1542//1542 1543//1543 1547//1547
f 1542//1542 1547//1547 1546//1546
f 1408//1408 1418//1418 1548//1548
f 1549//1549 1408//1408 1548//1548
f 1544//1544 1408//1408 1549//1549
f 1419//1419 1548//1548 1418//1418
f 1550//1550 1427//1427 1545//1545
f 1545//1545 1427//1427 1416//1416
f 1546//1546 1552//1552 1551//1551
f 1550//1550 1546//1546 1551//1551
f 1545//1545 1546//1546 1550//1550
f 1552//1552 1546//1546 1547//1547
f 1549//1549 1548//1548 1553//1553
f 1549//1549 1553//1553 1554//1554
f 1428//1428 1555//1555 1419//1419
f 1555//1555 1548//1548 1419//1419
f 1555//1555 1553//1553 1548//1548
f 1429//1429 1556//1556 1428//1428
f 1428//1428 1556//1556 1555//1555
f 1430//1430 1557//1557 1429//1429
f 1429//1429 1557//1557 1556//1556
f 1431//1431 1558//1558 1430//1430
f 1430//1430 1558//1558 1557//1557
f 1432//1432 1559//1559 1431//1431
f 1431//1431 1559//1559 1558//1558
f 1433//1433 1560//1560 1432//1432
f 1432//1432 1560//1560 1559//1559
f 1434//1434 1561//1561 1433//1433
f 1433//1433 1561//1561 1560//1560
f 1427//1427 1550//1550 1434//1434
f 1550//1550 1561//1561 1434//1434
f 1550//1550 1562//1562 1561//1561
f 1550//1550 1551//1551 1563//1563
f 1550//1550 1563//1563 1562//1562
f 1564//1564 1554//1554 1553//1553
f 1566//1566 1565//1565 1564//1564
f 1553//1553 1566//1566 1564//1564
f 1555//1555 1566//1566 1553//1553
f 1567//1567 1555//1555 1556//1556
f 1566//1566 1555//1555 1567//1567
f 1568//1568 1556//1556 1557//1557
f 1567//1567 1556//1556 1568//1568
f 1569//1569 1557//1557 1558//1558
f 1568//1568 1557//1557 1569//1569
f 1570//1570 1558//1558 1559//1559
f 1569//1569 1558//1558 1570//1570
f 1571//1571 1559//1559 1560//1560
f 1570//1570 1559//1559 1571//1571
f 1572//1572 1560//1560 1561//1561
f 1571//1571 1560//1560 1572//1572
f 1562//1562 1574//1574 1573//1573
f 1572//1572 1562//1562 1573//1573
f 1561//1561 1562//1562 1572//1572
f 1574//1574 1562//1562 1563//1563
f 1575//1575 1565//1565 1566//1566
f 1575//1575 1566//1566 1567//1567
f 1575//1575 1567//1567 1576//1576
f 1576//1576 1567//1567 1568//1568
f 1576//1576 1568//1568 1577//1577
f 1577//1577 1568//1568 1569//1569
f 1577//1577 1569//1569 1578//1578
f 1580//1580 1579//1579 1578//1578
f 1569//1569 1580//1580 1578//1578
f 1570//1570 1580//1580 1569//1569
f 1571//1571 1582//1582 1581//1581
f 1580//1580 1571//1571 1581//1581
f 1570//1570 1571//1571 1580//1580
f 1582//1582 1571//1571 1572//1572
f 1582//1582 1572//1572 1583//1583
f 1583//1583 1572//1572 1573//1573
f 1584//1584 1579//1579 1580//1580
f 1584//1584 1580//1580 1581//1581
f 1587//1587 1586//1586 1585//1585
f 1589//1589 1588//1588 1585//1585
f 1589//1589 1585//1585 1586//1586
f 1591//1591 1590//1590 1588//1588
f 1591//1591 1588//1588 1589//1589
f 1593//1593 1592//1592 1590//1590
f 1593//1593 1590//1590 1591//1591
f 1595//1595 1594//1594 1592//1592
f 1595//1595 1592//1592 1593//1593
f 1597//1597 1596//1596 1594//1594
f 1597//1597 1594//1594 1595//1595
f 1599//1599 1598//1598 1596//1596
f 1599//1599 1596//1596 1597//1597
f 1600//1600 1598//1598 1599//1599
f 1587//1587 1585//1585 1601//1601
f 1587//1587 1601//1601 1602//1602
f 1437//1437 1601//1601 1436//1436
f 1601//1601 1588//1588 1436//1436
f 1601//1601 1585//1585 1588//1588
f 1436//1436 1588//1588 1439//1439
f 1439//1439 1588//1588 1590//1590
f 1439//1439 1590//1590 1441//1441
f 1441//1441 1590//1590 1592//1592
f 1441//1441 1592//1592 1443//1443
f 1443//1443 1592//1592 1594//1594
f 1443//1443 1594//1594 1445//1445
f 1445//1445 1594//1594 1596//1596
f 1445//1445 1596//1596 1447//1447
f 1447//1447 1596//1596 1598//1598
f 1604//1604 1603//1603 1448//1448
f 1604//1604 1448//1448 1447//1447
f 1600//1600 1604//1604 1447//1447
f 1598//1598 1600//1600 1447//1447
f 1606//1606 1605//1605 1603//1603
f 1606//1606 1603//1603 1604//1604
f 1607//1607 1605//1605 1606//1606
f 1602//1602 1601//1601 1450//1450
f 1451//1451 1602//1602 1450//1450
f 1608//1608 1602//1602 1451//1451
f 1450//1450 1601//1601 1437//1437
f 1603//1603 1452//1452 1448//1448
f 1452//1452 1603//1603 1454//1454
f 1454//1454 1603//1603 1605//1605
f 1455//1455 1454//1454 1605//1605
f 1607//1607 1455//1455 1605//1605
f 1609//1609 1455//1455 1607//1607
f 1456//1456 1608//1608 1451//1451
f 1456//1456 1610//1610 1608//1608
f 1609//1609 1611//1611 1455//1455
f 1455//1455 1611//1611 1458//1458
f 1459//1459 1458//1458 1611//1611
f 1459//1459 1611//1611 1612//1612
f 1460//1460 1610//1610 1456//1456
f 1460//1460 1613//1613 1610//1610
f 1615//1615 1461//1461 1614//1614
f 1461//1461 1612//1612 1614//1614
f 1461//1461 1459//1459 1612//1612
f 1616//1616 1615//1615 1614//1614
f 1462//1462 1613//1613 1460//1460
f 1462//1462 1617//1617 1613//1613
f 1615//1615 1463//1463 1461//1461
f 1465//1465 1463//1463 1615//1615
f 1616//1616 1465//1465 1615//1615
f 1618//1618 1465//1465 1616//1616
f 1466//1466 1617//1617 1462//1462
f 1466//1466 1619//1619 1617//1617
f 1618//1618 1467//1467 1465//1465
f 1620//1620 1467//1467 1618//1618
f 1468//1468 1619//1619 1466//1466
f 1468//1468 1621//1621 1619//1619
f 1620//1620 1622//1622 1467//1467
f 1467//1467 1622//1622 1469//1469
f 1471//1471 1469//1469 1622//1622
f 1471//1471 1622//1622 1623//1623
f 1472//1472 1621//1621 1468//1468
f 1472//1472 1624//1624 1621//1621
f 1623//1623 1473//1473 1471//1471
f 1625//1625 1473//1473 1623//1623
f 1474//1474 1624//1624 1472//1472
f 1474//1474 1626//1626 1624//1624
f 1625//1625 1475//1475 1473//1473
f 1627//1627 1475//1475 1625//1625
f 1476//1476 1626//1626 1474//1474
f 1476//1476 1628//1628 1626//1626
f 1627//1627 1477//1477 1475//1475
f 1629//1629 1477//1477 1627//1627
f 1494//1494 1630//1630 1495//1495
f 1631//1631 1496//1496 1495//1495
f 1631//1631 1495//1495 1630//1630
f 1632//1632 1497//1497 1496//1496
f 1632//1632 1496//1496 1631//1631
f 1633//1633 1498//1498 1497//1497
f 1633//1633 1497//1497 1632//1632
f 1634//1634 1499//1499 1498//1498
f 1634//1634 1498//1498 1633//1633
f 1634//1634 1501//1501 1499//1499
f 1636//1636 1635//1635 1503//1503
f 1636//1636 1503//1503 1504//1504
f 1494//1494 1503//1503 1630//1630
f 1503//1503 1637//1637 1630//1630
f 1503//1503 1635//1635 1637//1637
f 1630//1630 1637//1637 1631//1631
f 1631//1631 1637//1637 1638//1638
f 1631//1631 1638//1638 1632//1632
f 1632//1632 1638//1638 1639//1639
f 1632//1632 1639//1639 1633//1633
f 1633//1633 1639//1639 1640//1640
f 1633//1633 1640//1640 1634//1634
f 1634//1634 1640//1640 1641//1641
f 1634//1634 1641//1641 1501//1501
f 1641//1641 1505//1505 1501//1501
f 1641//1641 1642//1642 1505//1505
f 1642//1642 1644//1644 1643//1643
f 1506//1506 1642//1642 1643//1643
f 1505//1505 1642//1642 1506//1506
f 1645//1645 1507//1507 1506//1506
f 1645//1645 1506//1506 1643//1643
f 1645//1645 1509//1509 1507//1507
f 1510//1510 1647//1647 1646//1646
f 1636//1636 1510//1510 1646//1646
f 1504//1504 1510//1510 1636//1636
f 1647//1647 1648//1648 1646//1646
f 1644//1644 1649//1649 1643//1643
f 1643//1643 1649//1649 1645//1645
f 1645//1645 1649//1649 1650//1650
f 1650//1650 1652//1652 1651//1651
f 1650//1650 1651//1651 1511//1511
f 1645//1645 1650//1650 1511//1511
f 1509//1509 1645//1645 1511//1511
f 1651//1651 1512//1512 1511//1511
f 1513//1513 1647//1647 1510//1510
f 1513//1513 1515//1515 1647//1647
f 1515//1515 1648//1648 1647//1647
f 1515//1515 1653//1653 1648//1648
f 1652//1652 1654//1654 1651//1651
f 1654//1654 1656//1656 1655//1655
f 1654//1654 1655//1655 1516//1516
f 1651//1651 1654//1654 1516//1516
f 1512//1512 1651//1651 1516//1516
f 1655//1655 1517//1517 1516//1516
f 1518//1518 1653//1653 1515//1515
f 1518//1518 1657//1657 1653//1653
f 1656//1656 1658//1658 1655//1655
f 1517//1517 1655//1655 1658//1658
f 1659//1659 1517//1517 1658//1658
f 1520//1520 1517//1517 1659//1659
f 1521//1521 1657//1657 1518//1518
f 1521//1521 1660//1660 1657//1657
f 1659//1659 1661//1661 1520//1520
f 1520//1520 1661//1661 1522//1522
f 1523//1523 1522//1522 1661//1661
f 1523//1523 1661//1661 1662//1662
f 1524//1524 1660//1660 1521//1521
f 1524//1524 1663//1663 1660//1660
f 1662//1662 1525//1525 1523//1523
f 1664//1664 1525//1525 1662//1662
f 1526//1526 1663//1663 1524//1524
f 1526//1526 1665//1665 1663//1663
f 1664//1664 1527//1527 1525//1525
f 1666//1666 1527//1527 1664//1664
f 1528//1528 1665//1665 1526//1526
f 1528//1528 1667//1667 1665//1665
f 1666//1666 1529//1529 1527//1527
f 1668//1668 1529//1529 1666//1666
f 1530//1530 1667//1667 1528//1528
f 1530//1530 1669//1669 1667//1667
f 1668//1668 1531//1531 1529//1529
f 1670//1670 1531//1531 1668//1668
f 1532//1532 1669//1669 1530//1530
f 1532//1532 1671//1671 1669//1669
f 1670//1670 1534//1534 1531//1531
f 1672//1672 1534//1534 1670//1670
f 1535//1535 1671//1671 1532//1532
f 1535//1535 1673//1673 1671//1671
f 1672//1672 1537//1537 1534//1534
f 1674//1674 1537//1537 1672//1672
f 1538//1538 1673//1673 1535//1535
f 1538//1538 1675//1675 1673//1673
f 1676//1676 1539//1539 1540//1540
f 1677//1677 1676//1676 1540//1540
f 1537//1537 1677//1677 1540//1540
f 1674//1674 1677//1677 1537//1537
f 1541//1541 1675//1675 1538//1538
f 1541//1541 1678//1678 1675//1675
f 1679//1679 1543//1543 1676//1676
f 1676//1676 1543//1543 1539//1539
f 1676//1676 1677//1677 1680//1680
f 1676//1676 1680//1680 1679//1679
f 1544//1544 1678//1678 1541//1541
f 1544//1544 1681//1681 1678//1678
f 1683//1683 1682//1682 1679//1679
f 1682//1682 1543//1543 1679//1679
f 1682//1682 1547//1547 1543//1543
f 1683//1683 1679//1679 1680//1680
f 1549//1549 1681//1681 1544//1544
f 1549//1549 1684//1684 1681//1681
f 1685//1685 1551//1551 1552//1552
f 1686//1686 1685//1685 1552//1552
f 1547//1547 1686//1686 1552//1552
f 1682//1682 1686//1686 1547//1547
f 1554//1554 1684//1684 1549//1549
f 1554//1554 1687//1687 1684//1684
f 1688//1688 1563//1563 1685//1685
f 1685//1685 1563//1563 1551//1551
f 1685//1685 1686//1686 1689//1689
f 1685//1685 1689//1689 1688//1688
f 1554//1554 1564//1564 1690//1690
f 1691//1691 1554//1554 1690//1690
f 1687//1687 1554//1554 1691//1691
f 1565//1565 1690//1690 1564//1564
f 1692//1692 1573//1573 1574//1574
f 1563//1563 1688//1688 1574//1574
f 1688//1688 1692//1692 1574//1574
f 1688//1688 1693//1693 1692//1692
f 1688//1688 1689//1689 1694//1694
f 1688//1688 1694//1694 1693//1693
f 1691//1691 1690//1690 1695//1695
f 1691//1691 1695//1695 1696//1696
f 1575//1575 1697//1697 1565//1565
f 1697//1697 1690//1690 1565//1565
f 1697//1697 1695//1695 1690//1690
f 1576//1576 1698//1698 1575//1575
f 1575//1575 1698//1698 1697//1697
f 1577//1577 1699//1699 1576//1576
f 1576//1576 1699//1699 1698//1698
f 1578//1578 1700//1700 1577//1577
f 1577//1577 1700//1700 1699//1699
f 1579//1579 1700//1700 1578//1578
f 1701//1701 1581//1581 1582//1582
f 1583//1583 1702//1702 1582//1582
f 1582//1582 1702//1702 1701//1701
f 1573//1573 1692//1692 1583//1583
f 1692//1692 1702//1702 1583//1583
f 1692//1692 1703//1703 1702//1702
f 1693//1693 1705//1705 1704//1704
f 1703//1703 1693//1693 1704//1704
f 1692//1692 1693//1693 1703//1703
f 1705//1705 1693//1693 1694//1694
f 1706//1706 1696//1696 1695//1695
f 1708//1708 1707//1707 1706//1706
f 1695//1695 1708//1708 1706//1706
f 1697//1697 1708//1708 1695//1695
f 1709//1709 1697//1697 1698//1698
f 1708//1708 1697//1697 1709//1709
f 1710//1710 1698//1698 1699//1699
f 1709//1709 1698//1698 1710//1710
f 1711//1711 1699//1699 1700//1700
f 1710//1710 1699//1699 1711//1711
f 1584//1584 1712//1712 1579//1579
f 1712//1712 1700//1700 1579//1579
f 1712//1712 1711//1711 1700//1700
f 1581//1581 1701//1701 1584//1584
f 1701//1701 1712//1712 1584//1584
f 1701//1701 1713//1713 1712//1712
f 1714//1714 1701//1701 1702//1702
f 1713//1713 1701//1701 1714//1714
f 1703//1703 1716//1716 1715//1715
f 1714//1714 1703//1703 1715//1715
f 1702//1702 1703//1703 1714//1714
f 1716//1716 1703//1703 1704//1704
f 1717//1717 1707//1707 1708//1708
f 1719//1719 1718//1718 1717//1717
f 1708//1708 1719//1719 1717//1717
f 1709//1709 1719//1719 1708//1708
f 1720//1720 1709//1709 1710//1710
f 1719//1719 1709//1709 1720//1720
f 1721//1721 1710//1710 1711//1711
f 1720//1720 1710//1710 1721//1721
f 1722//1722 1711//1711 1712//1712
f 1721//1721 1711//1711 1722//1722
f 1723//1723 1712//1712 1713//1713
f 1722//1722 1712//1712 1723//1723
f 1714//1714 1725//1725 1724//1724
f 1723//1723 1714//1714 1724//1724
f 1713//1713 1714//1714 1723//1723
f 1725//1725 1714//1714 1715//1715
f 1726//1726 1718//1718 1719//1719
f 1726//1726 1719//1719 1720//1720
f 1726//1726 1720//1720 1727//1727
f 1729//1729 1728//1728 1727//1727
f 1720//1720 1729//1729 1727//1727
f 1721//1721 1729//1729 1720//1720
f 1730//1730 1721//1721 1722//1722
f 1729//1729 1721//1721 1730//1730
f 1731//1731 1722//1722 1723//1723
f 1730//1730 1722//1722 1731//1731
f 1723//1723 1724//1724 1732//1732
f 1723//1723 1732//1732 1731//1731
f 1733//1733 1728//1728 1729//1729
f 1733//1733 1729//1729 1730//1730
f 1733//1733 1730//1730 1734//1734
f 1734//1734 1730//1730 1731//1731
f 1734//1734 1731//1731 1735//1735
f 1735//1735 1731//1731 1732//1732
f 1738//1738 1737//1737 1736//1736
f 1740//1740 1739//1739 1736//1736
f 1740//1740 1736//1736 1737//1737
f 1742//1742 1741//1741 1739//1739
f 1742//1742 1739//1739 1740//1740
f 1744//1744 1743//1743 1741//1741
f 1744//1744 1741//1741 1742//1742
f 1746//1746 1745//1745 1743//1743
f 1746//1746 1743//1743 1744//1744
f 1748//1748 1747//1747 1745//1745
f 1748//1748 1745//1745 1746//1746
f 1750//1750 1749//1749 1747//1747
f 1750//1750 1747//1747 1748//1748
f 1751//1751 1749//1749 1750//1750
f 1738//1738 1736//1736 1586//1586
f 1587//1587 1738//1738 1586//1586
f 1752//1752 1738//1738 1587//1587
f 1586//1586 1736//1736 1589//1589
f 1589//1589 1736//1736 1739//1739
f 1589//1589 1739//1739 1591//1591
f 1591//1591 1739//1739 1741//1741
f 1591//1591 1741//1741 1593//1593
f 1593//1593 1741//1741 1743//1743
f 1593//1593 1743//1743 1595//1595
f 1595//1595 1743//1743 1745//1745
f 1595//1595 1745//1745 1597//1597
f 1597//1597 1745//1745 1747//1747
f 1597//1597 1747//1747 1599//1599
f 1599//1599 1747//1747 1749//1749
f 1754//1754 1753//1753 1600//1600
f 1754//1754 1600//1600 1599//1599
f 1751//1751 1754//1754 1599//1599
f 1749//1749 1751//1751 1599//1599
f 1756//1756 1755//1755 1753//1753
f 1756//1756 1753//1753 1754//1754
f 1757//1757 1755//1755 1756//1756
f 1602//1602 1752//1752 1587//1587
f 1602//1602 1758//1758 1752//1752
f 1753//1753 1604//1604 1600//1600
f 1604//1604 1753//1753 1606//1606
f 1606//1606 1753//1753 1755//1755
f 1607//1607 1606//1606 1755//1755
f 1757//1757 1607//1607 1755//1755
f 1759//1759 1607//1607 1757//1757
f 1608//1608 1758//1758 1602//1602
f 1608//1608 1760//1760 1758//1758
f 1762//1762 1609//1609 1761//1761
f 1609//1609 1759//1759 1761//1761
f 1609//1609 1607//1607 1759//1759
f 1763//1763 1762//1762 1761//1761
f 1610//1610 1760//1760 1608//1608
f 1610//1610 1764//1764 1760//1760
f 1762//1762 1611//1611 1609//1609
f 1612//1612 1611//1611 1762//1762
f 1763//1763 1612//1612 1762//1762
f 1765//1765 1612//1612 1763//1763
f 1613//1613 1764//1764 1610//1610
f 1613//1613 1766//1766 1764//1764
f 1765//1765 1767//1767 1612//1612
f 1612//1612 1767//1767 1614//1614
f 1616//1616 1614//1614 1767//1767
f 1616//1616 1767//1767 1768//1768
f 1617//1617 1766//1766 1613//1613
f 1617//1617 1769//1769 1766//1766
f 1768//1768 1618//1618 1616//1616
f 1770//1770 1618//1618 1768//1768
f 1619//1619 1769//1769 1617//1617
f 1619//1619 1771//1771 1769//1769
f 1770//1770 1620//1620 1618//1618
f 1772//1772 1620//1620 1770//1770
f 1621//1621 1771//1771 1619//1619
f 1621//1621 1773//1773 1771//1771
f 1772//1772 1774//1774 1620//1620
f 1620//1620 1774//1774 1622//1622
f 1623//1623 1622//1622 1774//1774
f 1623//1623 1774//1774 1775//1775
f 1624//1624 1773//1773 1621//1621
f 1624//1624 1776//1776 1773//1773
f 1775//1775 1625//1625 1623//1623
f 1777//1777 1625//1625 1775//1775
f 1626//1626 1776//1776 1624//1624
f 1626//1626 1778//1778 1776//1776
f 1777//1777 1627//1627 1625//1625
f 1779//1779 1627//1627 1777//1777
f 1628//1628 1778//1778 1626//1626
f 1628//1628 1780//1780 1778//1778
f 1779//1779 1629//1629 1627//1627
f 1781//1781 1629//1629 1779//1779
f 1636//1636 1782//1782 1635//1635
f 1783//1783 1637//1637 1635//1635
f 1783//1783 1635//1635 1782//1782
f 1784//1784 1638//1638 1637//1637
f 1784//1784 1637//1637 1783//1783
f 1785//1785 1639//1639 1638//1638
f 1785//1785 1638//1638 1784//1784
f 1786//1786 1640//1640 1639//1639
f 1786//1786 1639//1639 1785//1785
f 1787//1787 1641//1641 1640//1640
f 1787//1787 1640//1640 1786//1786
f 1788//1788 1642//1642 1641//1641
f 1788//1788 1641//1641 1787//1787
f 1788//1788 1644//1644 1642//1642
f 1646//1646 1782//1782 1636//1636
f 1783//1783 1782//1782 1789//1789
f 1782//1782 1648//1648 1789//1789
f 1648//1648 1790//1790 1789//1789
f 1648//1648 1782//1782 1646//1646
f 1783//1783 1789//1789 1784//1784
f 1784//1784 1789//1789 1791//1791
f 1784//1784 1791//1791 1785//1785
f 1785//1785 1791//1791 1792//1792
f 1785//1785 1792//1792 1786//1786
f 1786//1786 1792//1792 1793//1793
f 1786//1786 1793//1793 1787//1787
f 1787//1787 1793//1793 1794//1794
f 1787//1787 1794//1794 1788//1788
f 1788//1788 1794//1794 1795//1795
f 1788//1788 1795//1795 1644//1644
f 1795//1795 1649//1649 1644//1644
f 1795//1795 1796//1796 1649//1649
f 1796//1796 1798//1798 1797//1797
f 1650//1650 1796//1796 1797//1797
f 1649//1649 1796//1796 1650//1650
f 1797//1797 1652//1652 1650//1650
f 1653//1653 1790//1790 1648//1648
f 1653//1653 1799//1799 1790//1790
f 1798//1798 1800//1800 1797//1797
f 1797//1797 1800//1800 1652//1652
f 1800//1800 1654//1654 1652//1652
f 1800//1800 1801//1801 1654//1654
f 1656//1656 1654//1654 1801//1801
f 1656//1656 1801//1801 1802//1802
f 1657//1657 1799//1799 1653//1653
f 1657//1657 1803//1803 1799//1799
f 1802//1802 1804//1804 1656//1656
f 1656//1656 1804//1804 1658//1658
f 1659//1659 1658//1658 1804//1804
f 1659//1659 1804//1804 1805//1805
f 1660//1660 1803//1803 1657//1657
f 1660//1660 1806//1806 1803//1803
f 1661//1661 1659//1659 1807//1807
f 1659//1659 1808//1808 1807//1807
f 1659//1659 1805//1805 1808//1808
f 1807//1807 1662//1662 1661//1661
f 1663//1663 1806//1806 1660//1660
f 1663//1663 1809//1809 1806//1806
f 1808//1808 1810//1810 1807//1807
f 1662//1662 1807//1807 1810//1810
f 1811//1811 1662//1662 1810//1810
f 1664//1664 1662//1662 1811//1811
f 1665//1665 1809//1809 1663//1663
f 1665//1665 1812//1812 1809//1809
f 1811//1811 1666//1666 1664//1664
f 1813//1813 1666//1666 1811//1811
f 1667//1667 1812//1812 1665//1665
f 1667//1667 1814//1814 1812//1812
f 1813//1813 1668//1668 1666//1666
f 1815//1815 1668//1668 1813//1813
f 1669//1669 1814//1814 1667//1667
f 1669//1669 1816//1816 1814//1814
f 1815//1815 1670//1670 1668//1668
f 1817//1817 1670//1670 1815//1815
f 1671//1671 1816//1816 1669//1669
f 1671//1671 1818//1818 1816//1816
f 1817//1817 1672//1672 1670//1670
f 1819//1819 1672//1672 1817//1817
f 1673//1673 1818//1818 1671//1671
f 1673//1673 1820//1820 1818//1818
f 1819//1819 1674//1674 1672//1672
f 1821//1821 1674//1674 1819//1819
f 1675//1675 1820//1820 1673//1673
f 1675//1675 1822//1822 1820//1820
f 1821//1821 1677//1677 1674//1674
f 1823//1823 1677//1677 1821//1821
f 1678//1678 1822//1822 1675//1675
f 1678//1678 1824//1824 1822//1822
f 1823//1823 1680//1680 1677//1677
f 1825//1825 1680//1680 1823//1823
f 1681//1681 1824//1824 1678//1678
f 1681//1681 1826//1826 1824//1824
f 1827//1827 1682//1682 1683//1683
f 1828//1828 1827//1827 1683//1683
f 1680//1680 1828//1828 1683//1683
f 1825//1825 1828//1828 1680//1680
f 1684//1684 1826//1826 1681//1681
f 1684//1684 1829//1829 1826//1826
f 1830//1830 1686//1686 1827//1827
f 1827//1827 1686//1686 1682//1682
f 1827//1827 1828//1828 1831//1831
f 1827//1827 1831//1831 1830//1830
f 1687//1687 1829//1829 1684//1684
f 1687//1687 1832//1832 1829//1829
f 1833//1833 1689//1689 1830//1830
f 1830//1830 1689//1689 1686//1686
f 1830//1830 1831//1831 1834//1834
f 1830//1830 1834//1834 1833//1833
f 1691//1691 1832//1832 1687//1687
f 1691//1691 1835//1835 1832//1832
f 1836//1836 1694//1694 1833//1833
f 1833//1833 1694//1694 1689//1689
f 1833//1833 1834//1834 1837//1837
f 1833//1833 1837//1837 1836//1836
f 1696//1696 1835//1835 1691//1691
f 1696//1696 1838//1838 1835//1835
f 1839//1839 1704//1704 1705//1705
f 1840//1840 1839//1839 1705//1705
f 1840//1840 1705//1705 1694//1694
f 1841//1841 1840//1840 1694//1694
f 1836//1836 1841//1841 1694//1694
f 1841//1841 1836//1836 1837//1837
f 1842//1842 1838//1838 1696//1696
f 1842//1842 1696//1696 1706//1706
f 1706//1706 1707//1707 1842//1842
f 1842//1842 1707//1707 1843//1843
f 1844//1844 1715//1715 1716//1716
f 1704//1704 1839//1839 1716//1716
f 1839//1839 1844//1844 1716//1716
f 1839//1839 1845//1845 1844//1844
f 1839//1839 1840//1840 1846//1846
f 1839//1839 1846//1846 1845//1845
f 1707//1707 1717//1717 1847//1847
f 1848//1848 1707//1707 1847//1847
f 1843//1843 1707//1707 1848//1848
f 1718//1718 1847//1847 1717//1717
f 1849//1849 1724//1724 1725//1725
f 1715//1715 1844//1844 1725//1725
f 1844//1844 1849//1849 1725//1725
f 1844//1844 1850//1850 1849//1849
f 1845//1845 1852//1852 1851//1851
f 1850//1850 1845//1845 1851//1851
f 1844//1844 1845//1845 1850//1850
f 1852//1852 1845//1845 1846//1846
f 1848//1848 1847//1847 1853//1853
f 1848//1848 1853//1853 1854//1854
f 1726//1726 1855//1855 1718//1718
f 1855//1855 1847//1847 1718//1718
f 1855//1855 1853//1853 1847//1847
f 1727//1727 1856//1856 1726//1726
f 1726//1726 1856//1856 1855//1855
f 1728//1728 1856//1856 1727//1727
f 1857//1857 1732//1732 1849//1849
f 1849//1849 1732//1732 1724//1724
f 1858//1858 1849//1849 1850//1850
f 1857//1857 1849//1849 1858//1858
f 1850//1850 1851//1851 1859//1859
f 1850//1850 1859//1859 1858//1858
f 1854//1854 1853//1853 1860//1860
f 1854//1854 1860//1860 1861//1861
f 1862//1862 1853//1853 1855//1855
f 1860//1860 1853//1853 1862//1862
f 1863//1863 1855//1855 1856//1856
f 1862//1862 1855//1855 1863//1863
f 1733//1733 1864//1864 1728//1728
f 1864//1864 1856//1856 1728//1728
f 1864//1864 1863//1863 1856//1856
f 1734//1734 1865//1865 1733//1733
f 1733//1733 1865//1865 1864//1864
f 1735//1735 1866//1866 1734//1734
f 1734//1734 1866//1866 1865//1865
f 1732//1732 1857//1857 1735//1735
f 1857//1857 1866//1866 1735//1735
f 1857//1857 1867//1867 1866//1866
f 1868//1868 1857//1857 1858//1858
f 1867//1867 1857//1857 1868//1868
f 1858//1858 1859//1859 1869//1869
f 1858//1858 1869//1869 1868//1868
f 1861//1861 1860//1860 1870//1870
f 1861//1861 1870//1870 1871//1871
f 1872//1872 1860//1860 1862//1862
f 1870//1870 1860//1860 1872//1872
f 1873//1873 1862//1862 1863//1863
f 1872//1872 1862//1862 1873//1873
f 1874//1874 1863//1863 1864//1864
f 1873//1873 1863//1863 1874//1874
f 1875//1875 1864//1864 1865//1865
f 1874//1874 1864//1864 1875//1875
f 1876//1876 1865//1865 1866//1866
f 1875//1875 1865//1865 1876//1876
f 1877//1877 1866//1866 1867//1867
f 1876//1876 1866//1866 1877//1877
f 1868//1868 1879//1879 1878//1878
f 1877//1877 1868//1868 1878//1878
f 1867//1867 1868//1868 1877//1877
f 1879//1879 1868//1868 1869//1869
f 1871//1871 1870//1870 1880//1880
f 1871//1871 1880//1880 1881//1881
f 1882//1882 1870//1870 1872//1872
f 1880//1880 1870//1870 1882//1882
f 1883//1883 1872//1872 1873//1873
f 1882//1882 1872//1872 1883//1883
f 1884//1884 1873//1873 1874//1874
f 1883//1883 1873//1873 1884//1884
f 1885//1885 1874//1874 1875//1875
f 1884//1884 1874//1874 1885//1885
f 1886//1886 1875//1875 1876//1876
f 1885//1885 1875//1875 1886//1886
f 1887//1887 1876//1876 1877//1877
f 1886//1886 1876//1876 1887//1887
f 1877//1877 1878//1878 1888//1888
f 1877//1877 1888//1888 1887//1887
f 1889//1889 1881//1881 1880//1880
f 1891//1891 1890//1890 1889//1889
f 1880//1880 1891//1891 1889//1889
f 1882//1882 1891//1891 1880//1880
f 1892//1892 1882//1882 1883//1883
f 1891//1891 1882//1882 1892//1892
f 1893//1893 1883//1883 1884//1884
f 1892//1892 1883//1883 1893//1893
f 1894//1894 1884//1884 1885//1885
f 1893//1893 1884//1884 1894//1894
f 1895//1895 1885//1885 1886//1886
f 1894//1894 1885//1885 1895//1895
f 1887//1887 1897//1897 1896//1896
f 1895//1895 1887//1887 1896//1896
f 1886//1886 1887//1887 1895//1895
f 1897//1897 1887//1887 1888//1888
f 1898//1898 1890//1890 1891//1891
f 1898//1898 1891//1891 1892//1892
f 1898//1898 1892//1892 1899//1899
f 1899//1899 1892//1892 1893//1893
f 1899//1899 1893//1893 1900//1900
f 1900//1900 1893//1893 1894//1894
f 1900//1900 1894//1894 1901//1901
f 1901//1901 1894//1894 1895//1895
f 1901//1901 1895//1895 1902//1902
f 1902//1902 1895//1895 1896//1896
f 1905//1905 1904//1904 1903//1903
f 1907//1907 1906//1906 1903//1903
f 1907//1907 1903//1903 1904//1904
f 1909//1909 1908//1908 1906//1906
f 1909//1909 1906//1906 1907//1907
f 1911//1911 1910//1910 1908//1908
f 1911//1911 1908//1908 1909//1909
f 1913//1913 1912//1912 1910//1910
f 1913//1913 1910//1910 1911//1911
f 1915//1915 1914//1914 1912//1912
f 1915//1915 1912//1912 1913//1913
f 1917//1917 1916//1916 1914//1914
f 1917//1917 1914//1914 1915//1915
f 1918//1918 1916//1916 1917//1917
f 1905//1905 1903//1903 1737//1737
f 1738//1738 1905//1905 1737//1737
f 1919//1919 1905//1905 1738//1738
f 1737//1737 1903//1903 1740//1740
f 1740//1740 1903//1903 1906//1906
f 1740//1740 1906//1906 1742//1742
f 1742//1742 1906//1906 1908//1908
f 1742//1742 1908//1908 1744//1744
f 1744//1744 1908//1908 1910//1910
f 1744//1744 1910//1910 1746//1746
f 1746//1746 1910//1910 1912//1912
f 1746//1746 1912//1912 1748//1748
f 1748//1748 1912//1912 1914//1914
f 1748//1748 1914//1914 1750//1750
f 1750//1750 1914//1914 1916//1916
f 1921//1921 1920//1920 1751//1751
f 1921//1921 1751//1751 1750//1750
f 1918//1918 1921//1921 1750//1750
f 1916//1916 1918//1918 1750//1750
f 1922//1922 1920//1920 1921//1921
f 1752//1752 1919//1919 1738//1738
f 1752//1752 1923//1923 1919//1919
f 1920//1920 1754//1754 1751//1751
f 1922//1922 1924//1924 1920//1920
f 1924//1924 1754//1754 1920//1920
f 1924//1924 1756//1756 1754//1754
f 1757//1757 1756//1756 1924//1924
f 1757//1757 1924//1924 1925//1925
f 1758//1758 1923//1923 1752//1752
f 1758//1758 1926//1926 1923//1923
f 1928//1928 1759//1759 1927//1927
f 1759//1759 1925//1925 1927//1927
f 1759//1759 1757//1757 1925//1925
f 1929//1929 1928//1928 1927//1927
f 1760//1760 1926//1926 1758//1758
f 1760//1760 1930//1930 1926//1926
f 1928//1928 1761//1761 1759//1759
f 1763//1763 1761//1761 1928//1928
f 1929//1929 1763//1763 1928//1928
f 1931//1931 1763//1763 1929//1929
f 1764//1764 1930//1930 1760//1760
f 1764//1764 1932//1932 1930//1930
f 1934//1934 1765//1765 1933//1933
f 1765//1765 1931//1931 1933//1933
f 1765//1765 1763//1763 1931//1931
f 1935//1935 1934//1934 1933//1933
f 1766//1766 1932//1932 1764//1764
f 1766//1766 1936//1936 1932//1932
f 1934//1934 1767//1767 1765//1765
f 1768//1768 1767//1767 1934//1934
f 1935//1935 1768//1768 1934//1934
f 1937//1937 1768//1768 1935//1935
f 1769//1769 1936//1936 1766//1766
f 1769//1769 1938//1938 1936//1936
f 1937//1937 1770//1770 1768//1768
f 1939//1939 1770//1770 1937//1937
f 1771//1771 1938//1938 1769//1769
f 1771//1771 1940//1940 1938//1938
f 1942//1942 1772//1772 1941//1941
f 1772//1772 1939//1939 1941//1941
f 1772//1772 1770//1770 1939//1939
f 1943//1943 1942//1942 1941//1941
f 1773//1773 1940//1940 1771//1771
f 1773//1773 1944//1944 1940//1940
f 1942//1942 1774//1774 1772//1772
f 1775//1775 1774//1774 1942//1942
f 1943//1943 1775//1775 1942//1942
f 1945//1945 1775//1775 1943//1943
f 1776//1776 1944//1944 1773//1773
f 1776//1776 1946//1946 1944//1944
f 1945//1945 1777//1777 1775//1775
f 1947//1947 1777//1777 1945//1945
f 1778//1778 1946//1946 1776//1776
f 1778//1778 1948//1948 1946//1946
f 1947//1947 1779//1779 1777//1777
f 1949//1949 1779//1779 1947//1947
f 1780//1780 1948//1948 1778//1778
f 1780//1780 1950//1950 1948//1948
f 1949//1949 1781//1781 1779//1779
f 1951//1951 1781//1781 1949//1949
f 1953//1953 1952//1952 1789//1789
f 1953//1953 1789//1789 1790//1790
f 1789//1789 1954//1954 1791//1791
f 1952//1952 1954//1954 1789//1789
f 1791//1791 1955//1955 1792//1792
f 1954//1954 1955//1955 1791//1791
f 1792//1792 1956//1956 1793//1793
f 1955//1955 1956//1956 1792//1792
f 1793//1793 1957//1957 1794//1794
f 1956//1956 1957//1957 1793//1793
f 1794//1794 1958//1958 1795//1795
f 1957//1957 1958//1958 1794//1794
f 1958//1958 1960//1960 1959//1959
f 1796//1796 1958//1958 1959//1959
f 1795//1795 1958//1958 1796//1796
f 1959//1959 1798//1798 1796//1796
f 1799//1799 1953//1953 1790//1790
f 1799//1799 1961//1961 1953//1953
f 1960//1960 1962//1962 1959//1959
f 1959//1959 1962//1962 1798//1798
f 1962//1962 1800//1800 1798//1798
f 1962//1962 1963//1963 1800//1800
f 1963//1963 1965//1965 1964//1964
f 1801//1801 1963//1963 1964//1964
f 1800//1800 1963//1963 1801//1801
f 1964//1964 1802//1802 1801//1801
f 1803//1803 1961//1961 1799//1799
f 1803//1803 1966//1966 1961//1961
f 1965//1965 1967//1967 1964//1964
f 1967//1967 1969//1969 1968//1968
f 1967//1967 1968//1968 1804//1804
f 1964//1964 1967//1967 1804//1804
f 1802//1802 1964//1964 1804//1804
f 1968//1968 1805//1805 1804//1804
f 1806//1806 1966//1966 1803//1803
f 1806//1806 1970//1970 1966//1966
f 1969//1969 1971//1971 1968//1968
f 1805//1805 1968//1968 1971//1971
f 1972//1972 1805//1805 1971//1971
f 1808//1808 1805//1805 1972//1972
f 1809//1809 1970//1970 1806//1806
f 1809//1809 1973//1973 1970//1970
f 1810//1810 1808//1808 1974//1974
f 1808//1808 1975//1975 1974//1974
f 1808//1808 1972//1972 1975//1975
f 1974//1974 1811//1811 1810//1810
f 1812//1812 1973//1973 1809//1809
f 1812//1812 1976//1976 1973//1973
f 1975//1975 1977//1977 1974//1974
f 1811//1811 1974//1974 1977//1977
f 1978//1978 1811//1811 1977//1977
f 1813//1813 1811//1811 1978//1978
f 1814//1814 1976//1976 1812//1812
f 1814//1814 1979//1979 1976//1976
f 1978//1978 1815//1815 1813//1813
f 1980//1980 1815//1815 1978//1978
f 1816//1816 1979//1979 1814//1814
f 1816//1816 1981//1981 1979//1979
f 1980//1980 1817//1817 1815//1815
f 1982//1982 1817//1817 1980//1980
f 1818//1818 1981//1981 1816//1816
f 1818//1818 1983//1983 1981//1981
f 1982//1982 1819//1819 1817//1817
f 1984//1984 1819//1819 1982//1982
f 1820//1820 1983//1983 1818//1818
f 1820//1820 1985//1985 1983//1983
f 1984//1984 1821//1821 1819//1819
f 1986//1986 1821//1821 1984//1984
f 1822//1822 1985//1985 1820//1820
f 1822//1822 1987//1987 1985//1985
f 1989//1989 1823//1823 1988//1988
f 1823//1823 1986//1986 1988//1988
f 1823//1823 1821//1821 1986//1986
f 1990//1990 1989//1989 1988//1988
f 1824//1824 1987//1987 1822//1822
f 1824//1824 1991//1991 1987//1987
f 1992//1992 1825//1825 1989//1989
f 1989//1989 1825//1825 1823//1823
f 1989//1989 1990//1990 1993//1993
f 1989//1989 1993//1993 1992//1992
f 1826//1826 1991//1991 1824//1824
f 1826//1826 1994//1994 1991//1991
f 1995//1995 1828//1828 1992//1992
f 1992//1992 1828//1828 1825//1825
f 1992//1992 1993//1993 1996//1996
f 1992//1992 1996//1996 1995//1995
f 1829//1829 1994//1994 1826//1826
f 1829//1829 1997//1997 1994//1994
f 1998//1998 1831//1831 1995//1995
f 1995//1995 1831//1831 1828//1828
f 1995//1995 1996//1996 1999//1999
f 1995//1995 1999//1999 1998//1998
f 1832//1832 1997//1997 1829//1829
f 1832//1832 2000//2000 1997//1997
f 2001//2001 1834//1834 1998//1998
f 1998//1998 1834//1834 1831//1831
f 1998//1998 1999//1999 2002//2002
f 1998//1998 2002//2002 2001//2001
f 1835//1835 2000//2000 1832//1832
f 1835//1835 2003//2003 2000//2000
f 2005//2005 2004//2004 2001//2001
f 2004//2004 1834//1834 2001//2001
f 2004//2004 1837//1837 1834//1834
f 2005//2005 2001//2001 2002//2002
f 1838//1838 2003//2003 1835//1835
f 1838//1838 2006//2006 2003//2003
f 2007//2007 1840//1840 1841//1841
f 2008//2008 2007//2007 1841//1841
f 1837//1837 2008//2008 1841//1841
f 2004//2004 2008//2008 1837//1837
f 2009//2009 2006//2006 1838//1838
f 2009//2009 1838//1838 1842//1842
f 1842//1842 1843//1843 2009//2009
f 2009//2009 1843//1843 2010//2010
f 2011//2011 1846//1846 2007//2007
f 2007//2007 1846//1846 1840//1840
f 2007//2007 2008//2008 2012//2012
f 2007//2007 2012//2012 2011//2011
f 1848//1848 2010//2010 1843//1843
f 1848//1848 2013//2013 2010//2010
f 2014//2014 1851//1851 1852//1852
f 2015//2015 2014//2014 1852//1852
f 2015//2015 1852//1852 1846//1846
f 2016//2016 2015//2015 1846//1846
f 2011//2011 2016//2016 1846//1846
f 2016//2016 2011//2011 2012//2012
f 1854//1854 2013//2013 1848//1848
f 1854//1854 2017//2017 2013//2013
f 2018//2018 1859//1859 2014//2014
f 2014//2014 1859//1859 1851//1851
f 2014//2014 2015//2015 2019//2019
f 2014//2014 2019//2019 2018//2018
f 1861//1861 2017//2017 1854//1854
f 1861//1861 2020//2020 2017//2017
f 2021//2021 1869//1869 2018//2018
f 2018//2018 1869//1869 1859//1859
f 2018//2018 2019//2019 2022//2022
f 2018//2018 2022//2022 2021//2021
f 1871//1871 2020//2020 1861//1861
f 1871//1871 2023//2023 2020//2020
f 2024//2024 1878//1878 1879//1879
f 1869//1869 2021//2021 1879//1879
f 2021//2021 2024//2024 1879//1879
f 2021//2021 2025//2025 2024//2024
f 2021//2021 2022//2022 2026//2026
f 2021//2021 2026//2026 2025//2025
f 1881//1881 2023//2023 1871//1871
f 1881//1881 2027//2027 2023//2023
f 2028//2028 1888//1888 2024//2024
f 2024//2024 1888//1888 1878//1878
f 2025//2025 2030//2030 2029//2029
f 2028//2028 2025//2025 2029//2029
f 2024//2024 2025//2025 2028//2028
f 2030//2030 2025//2025 2026//2026
f 1881//1881 1889//1889 2031//2031
f 2032//2032 1881//1881 2031//2031
f 2027//2027 1881//1881 2032//2032
f 1890//1890 2031//2031 1889//1889
f 2033//2033 1896//1896 1897//1897
f 1888//1888 2028//2028 1897//1897
f 2028//2028 2033//2033 1897//1897
f 2028//2028 2034//2034 2033//2033
f 2028//2028 2029//2029 2035//2035
f 2028//2028 2035//2035 2034//2034
f 2032//2032 2031//2031 2036//2036
f 2032//2032 2036//2036 2037//2037
f 1898//1898 2038//2038 1890//1890
f 2038//2038 2031//2031 1890//1890
f 2038//2038 2036//2036 2031//2031
f 1899//1899 2039//2039 1898//1898
f 1898//1898 2039//2039 2038//2038
f 1900//1900 2040//2040 1899//1899
f 1899//1899 2040//2040 2039//2039
f 1901//1901 2041//2041 1900//1900
f 1900//1900 2041//2041 2040//2040
f 1902//1902 2042//2042 1901//1901
f 1901//1901 2042//2042 2041//2041
f 1896//1896 2033//2033 1902//1902
f 2033//2033 2042//2042 1902//1902
f 2033//2033 2043//2043 2042//2042
f 2034//2034 2045//2045 2044//2044
f 2043//2043 2034//2034 2044//2044
f 2033//2033 2034//2034 2043//2043
f 2045//2045 2034//2034 2035//2035
f 2046//2046 2037//2037 2036//2036
f 2048//2048 2047//2047 2046//2046
f 2036//2036 2048//2048 2046//2046
f 2038//2038 2048//2048 2036//2036
f 2049//2049 2038//2038 2039//2039
f 2048//2048 2038//2038 2049//2049
f 2050//2050 2039//2039 2040//2040
f 2049//2049 2039//2039 2050//2050
f 2051//2051 2040//2040 2041//2041
f 2050//2050 2040//2040 2051//2051
f 2052//2052 2041//2041 2042//2042
f 2051//2051 2041//2041 2052//2052
f 2053//2053 2042//2042 2043//2043
f 2052//2052 2042//2042 2053//2053
f 2043//2043 2044//2044 2054//2054
f 2043//2043 2054//2054 2053//2053
f 2047//2047 2048//2048 2055//2055
f 2047//2047 2055//2055 2056//2056
f 2057//2057 2048//2048 2049//2049
f 2055//2055 2048//2048 2057//2057
f 2058//2058 2049//2049 2050//2050
f 2057//2057 2049//2049 2058//2058
f 2059//2059 2050//2050 2051//2051
f 2058//2058 2050//2050 2059//2059
f 2060//2060 2051//2051 2052//2052
f 2059//2059 2051//2051 2060//2060
f 2061//2061 2052//2052 2053//2053
f 2060//2060 2052//2052 2061//2061
f 2053//2053 2054//2054 2062//2062
f 2053//2053 2062//2062 2061//2061
f 2056//2056 2055//2055 2063//2063
f 2056//2056 2063//2063 2064//2064
f 2065//2065 2055//2055 2057//2057
f 2063//2063 2055//2055 2065//2065
f 2066//2066 2057//2057 2058//2058
f 2065//2065 2057//2057 2066//2066
f 2067//2067 2058//2058 2059//2059
f 2066//2066 2058//2058 2067//2067
f 2068//2068 2059//2059 2060//2060
f 2067//2067 2059//2059 2068//2068
f 2069//2069 2060//2060 2061//2061
f 2068//2068 2060//2060 2069//2069
f 2061//2061 2062//2062 2070//2070
f 2071//2071 2061//2061 2070//2070
f 2069//2069 2061//2061 2071//2071
f 2072//2072 2071//2071 2070//2070
f 2064//2064 2063//2063 1904//1904
f 1905//1905 2064//2064 1904//1904
f 2073//2073 2064//2064 1905//1905
f 1904//1904 2063//2063 1907//1907
f 1907//1907 2063//2063 2065//2065
f 1907//1907 2065//2065 1909//1909
f 1909//1909 2065//2065 2066//2066
f 1909//1909 2066//2066 1911//1911
f 1911//1911 2066//2066 2067//2067
f 1911//1911 2067//2067 1913//1913
f 1913//1913 2067//2067 2068//2068
f 1913//1913 2068//2068 1915//1915
f 1915//1915 2068//2068 2069//2069
f 1915//1915 2069//2069 1917//1917
f 1917//1917 2069//2069 2071//2071
f 2075//2075 2074//2074 1918//1918
f 2075//2075 1918//1918 1917//1917
f 2072//2072 2075//2075 1917//1917
f 2071//2071 2072//2072 1917//1917
f 2076//2076 2074//2074 2075//2075
f 1919//1919 2073//2073 1905//1905
f 1919//1919 2077//2077 2073//2073
f 2074//2074 1921//1921 1918//1918
f 2079//2079 2078//2078 1922//1922
f 2079//2079 1922//1922 1921//1921
f 2076//2076 2079//2079 1921//1921
f 2074//2074 2076//2076 1921//1921
f 2080//2080 2078//2078 2079//2079
f 1923//1923 2077//2077 1919//1919
f 1923//1923 2081//2081 2077//2077
f 2078//2078 1924//1924 1922//1922
f 2083//2083 2082//2082 1925//1925
f 2083//2083 1925//1925 1924//1924
f 2080//2080 2083//2083 1924//1924
f 2078//2078 2080//2080 1924//1924
f 2084//2084 2082//2082 2083//2083
f 1926//1926 2081//2081 1923//1923
f 1926//1926 2085//2085 2081//2081
f 2082//2082 1927//1927 1925//1925
f 1929//1929 1927//1927 2082//2082
f 2084//2084 1929//1929 2082//2082
f 2086//2086 1929//1929 2084//2084
f 1930//1930 2085//2085 1926//1926
f 1930//1930 2087//2087 2085//2085
f 2089//2089 1931//1931 2088//2088
f 1931//1931 2086//2086 2088//2088
f 1931//1931 1929//1929 2086//2086
f 2090//2090 2089//2089 2088//2088
f 1932//1932 2087//2087 1930//1930
f 1932//1932 2091//2091 2087//2087
f 2089//2089 1933//1933 1931//1931
f 1935//1935 1933//1933 2089//2089
f 2090//2090 1935//1935 2089//2089
f 2092//2092 1935//1935 2090//2090
f 1936//1936 2091//2091 1932//1932
f 1936//1936 2093//2093 2091//2091
f 2092//2092 1937//1937 1935//1935
f 2094//2094 1937//1937 2092//2092
f 1938//1938 2093//2093 1936//1936
f 1938//1938 2095//2095 2093//2093
f 2094//2094 1939//1939 1937//1937
f 2096//2096 1939//1939 2094//2094
f 1940//1940 2095//2095 1938//1938
f 1940//1940 2097//2097 2095//2095
f 2096//2096 2098//2098 1939//1939
f 1939//1939 2098//2098 1941//1941
f 1943//1943 1941//1941 2098//2098
f 1943//1943 2098//2098 2099//2099
f 1944//1944 2097//2097 1940//1940
f 1944//1944 2100//2100 2097//2097
f 2099//2099 1945//1945 1943//1943
f 2101//2101 1945//1945 2099//2099
f 1946//1946 2100//2100 1944//1944
f 1946//1946 2102//2102 2100//2100
f 2105//2105 2104//2104 2103//2103
f 2101//2101 2105//2105 2103//2103
f 1947//1947 2101//2101 2103//2103
f 1945//1945 2101//2101 1947//1947
f 1948//1948 2102//2102 1946//1946
f 1948//1948 2106//2106 2102//2102
f 2103//2103 2104//2104 2107//2107
f 2107//2107 2104//2104 2108//2108
f 2107//2107 1949//1949 1947//1947
f 2107//2107 1947//1947 2103//2103
f 1950//1950 2106//2106 1948//1948
f 1950//1950 2109//2109 2106//2106
f 2107//2107 2108//2108 2110//2110
f 2110//2110 2108//2108 2111//2111
f 2110//2110 1951//1951 1949//1949
f 2110//2110 1949//1949 2107//2107
f 1953//1953 2112//2112 1952//1952
f 2113//2113 1954//1954 1952//1952
f 2113//2113 1952//1952 2112//2112
f 2114//2114 1955//1955 1954//1954
f 2114//2114 1954//1954 2113//2113
f 2115//2115 1956//1956 1955//1955
f 2115//2115 1955//1955 2114//2114
f 2116//2116 1957//1957 1956//1956
f 2116//2116 1956//1956 2115//2115
f 2117//2117 1958//1958 1957//1957
f 2117//2117 1957//1957 2116//2116
f 2117//2117 1960//1960 1958//1958
f 2119//2119 2118//2118 2112//2112
f 1953//1953 2119//2119 2112//2112
f 1961//1961 2119//2119 1953//1953
f 2112//2112 2118//2118 2113//2113
f 2113//2113 2118//2118 2120//2120
f 2113//2113 2120//2120 2114//2114
f 2114//2114 2120//2120 2121//2121
f 2114//2114 2121//2121 2115//2115
f 2115//2115 2121//2121 2122//2122
f 2115//2115 2122//2122 2116//2116
f 2116//2116 2122//2122 2123//2123
f 2116//2116 2123//2123 2117//2117
f 2117//2117 2123//2123 2124//2124
f 2117//2117 2124//2124 1960//1960
f 2124//2124 1962//1962 1960//1960
f 2124//2124 2125//2125 1962//1962
f 2125//2125 2127//2127 2126//2126
f 1963//1963 2125//2125 2126//2126
f 1962//1962 2125//2125 1963//1963
f 2126//2126 1965//1965 1963//1963
f 1966//1966 2119//2119 1961//1961
f 1966//1966 2128//2128 2119//2119
f 2127//2127 2129//2129 2126//2126
f 2126//2126 2129//2129 1965//1965
f 2129//2129 1967//1967 1965//1965
f 2129//2129 2130//2130 1967//1967
f 1969//1969 1967//1967 2130//2130
f 1969//1969 2130//2130 2131//2131
f 1970//1970 2128//2128 1966//1966
f 1970//1970 2132//2132 2128//2128
f 2131//2131 2133//2133 1969//1969
f 1969//1969 2133//2133 1971//1971
f 1972//1972 1971//1971 2133//2133
f 1972//1972 2133//2133 2134//2134
f 1973//1973 2132//2132 1970//1970
f 1973//1973 2135//2135 2132//2132
f 2134//2134 1975//1975 1972//1972
f 2136//2136 1975//1975 2134//2134
f 1976//1976 2135//2135 1973//1973
f 1976//1976 2137//2137 2135//2135
f 1977//1977 1975//1975 2138//2138
f 1975//1975 2139//2139 2138//2138
f 1975//1975 2136//2136 2139//2139
f 2138//2138 1978//1978 1977//1977
f 1979//1979 2137//2137 1976//1976
f 1979//1979 2140//2140 2137//2137
f 2139//2139 2141//2141 2138//2138
f 1978//1978 2138//2138 2141//2141
f 2142//2142 1978//1978 2141//2141
f 1980//1980 1978//1978 2142//2142
f 1981//1981 2140//2140 1979//1979
f 1981//1981 2143//2143 2140//2140
f 2142//2142 1982//1982 1980//1980
f 2144//2144 1982//1982 2142//2142
f 1983//1983 2143//2143 1981//1981
f 1983//1983 2145//2145 2143//2143
f 2144//2144 1984//1984 1982//1982
f 2146//2146 1984//1984 2144//2144
f 1985//1985 2145//2145 1983//1983
f 1985//1985 2147//2147 2145//2145
f 2146//2146 1986//1986 1984//1984
f 2148//2148 1986//1986 2146//2146
f 1987//1987 2147//2147 1985//1985
f 1987//1987 2149//2149 2147//2147
f 2148//2148 2150//2150 1986//1986
f 1986//1986 2150//2150 1988//1988
f 1990//1990 1988//1988 2150//2150
f 1990//1990 2150//2150 2151//2151
f 1991//1991 2149//2149 1987//1987
f 1991//1991 2152//2152 2149//2149
f 2151//2151 1993//1993 1990//1990
f 2153//2153 1993//1993 2151//2151
f 1994//1994 2152//2152 1991//1991
f 1994//1994 2154//2154 2152//2152
f 2153//2153 1996//1996 1993//1993
f 2155//2155 1996//1996 2153//2153
f 1997//1997 2154//2154 1994//1994
f 1997//1997 2156//2156 2154//2154
f 2155//2155 1999//1999 1996//1996
f 2157//2157 1999//1999 2155//2155
f 2000//2000 2156//2156 1997//1997
f 2000//2000 2158//2158 2156//2156
f 2157//2157 2002//2002 1999//1999
f 2159//2159 2002//2002 2157//2157
f 2003//2003 2158//2158 2000//2000
f 2003//2003 2160//2160 2158//2158
f 2161//2161 2004//2004 2005//2005
f 2162//2162 2161//2161 2005//2005
f 2002//2002 2162//2162 2005//2005
f 2159//2159 2162//2162 2002//2002
f 2006//2006 2160//2160 2003//2003
f 2006//2006 2163//2163 2160//2160
f 2164//2164 2008//2008 2161//2161
f 2161//2161 2008//2008 2004//2004
f 2161//2161 2162//2162 2165//2165
f 2161//2161 2165//2165 2164//2164
f 2166//2166 2163//2163 2006//2006
f 2166//2166 2006//2006 2009//2009
f 2009//2009 2010//2010 2166//2166
f 2166//2166 2010//2010 2167//2167
f 2169//2169 2168//2168 2164//2164
f 2168//2168 2008//2008 2164//2164
f 2168//2168 2012//2012 2008//2008
f 2169//2169 2164//2164 2165//2165
f 2013//2013 2167//2167 2010//2010
f 2013//2013 2170//2170 2167//2167
f 2171//2171 2015//2015 2016//2016
f 2172//2172 2171//2171 2016//2016
f 2012//2012 2172//2172 2016//2016
f 2168//2168 2172//2172 2012//2012
f 2017//2017 2170//2170 2013//2013
f 2017//2017 2173//2173 2170//2170
f 2174//2174 2019//2019 2171//2171
f 2171//2171 2019//2019 2015//2015
f 2171//2171 2172//2172 2175//2175
f 2171//2171 2175//2175 2174//2174
f 2020//2020 2173//2173 2017//2017
f 2020//2020 2176//2176 2173//2173
f 2177//2177 2022//2022 2174//2174
f 2174//2174 2022//2022 2019//2019
f 2174//2174 2175//2175 2178//2178
f 2174//2174 2178//2178 2177//2177
f 2023//2023 2176//2176 2020//2020
f 2023//2023 2179//2179 2176//2176
f 2180//2180 2026//2026 2177//2177
f 2177//2177 2026//2026 2022//2022
f 2177//2177 2178//2178 2181//2181
f 2177//2177 2181//2181 2180//2180
f 2027//2027 2179//2179 2023//2023
f 2027//2027 2182//2182 2179//2179
f 2183//2183 2029//2029 2030//2030
f 2184//2184 2183//2183 2030//2030
f 2184//2184 2030//2030 2026//2026
f 2185//2185 2184//2184 2026//2026
f 2180//2180 2185//2185 2026//2026
f 2185//2185 2180//2180 2181//2181
f 2032//2032 2182//2182 2027//2027
f 2032//2032 2186//2186 2182//2182
f 2187//2187 2035//2035 2183//2183
f 2183//2183 2035//2035 2029//2029
f 2183//2183 2184//2184 2188//2188
f 2183//2183 2188//2188 2187//2187
f 2037//2037 2186//2186 2032//2032
f 2037//2037 2189//2189 2186//2186
f 2190//2190 2044//2044 2045//2045
f 2035//2035 2187//2187 2045//2045
f 2187//2187 2190//2190 2045//2045
f 2187//2187 2191//2191 2190//2190
f 2187//2187 2188//2188 2192//2192
f 2187//2187 2192//2192 2191//2191
f 2037//2037 2046//2046 2193//2193
f 2194//2194 2037//2037 2193//2193
f 2189//2189 2037//2037 2194//2194
f 2047//2047 2193//2193 2046//2046
f 2195//2195 2054//2054 2190//2190
f 2190//2190 2054//2054 2044//2044
f 2196//2196 2190//2190 2191//2191
f 2195//2195 2190//2190 2196//2196
f 2191//2191 2192//2192 2197//2197
f 2191//2191 2197//2197 2196//2196
f 2194//2194 2193//2193 2198//2198
f 2194//2194 2198//2198 2199//2199
f 2056//2056 2198//2198 2047//2047
f 2047//2047 2198//2198 2193//2193
f 2200//2200 2062//2062 2195//2195
f 2195//2195 2062//2062 2054//2054
f 2201//2201 2195//2195 2196//2196
f 2200//2200 2195//2195 2201//2201
f 2196//2196 2197//2197 2202//2202
f 2196//2196 2202//2202 2201//2201
f 2199//2199 2198//2198 2203//2203
f 2199//2199 2203//2203 2204//2204
f 2064//2064 2203//2203 2056//2056
f 2056//2056 2203//2203 2198//2198
f 2200//2200 2070//2070 2062//2062
f 2070//2070 2200//2200 2072//2072
f 2200//2200 2205//2205 2072//2072
f 2200//2200 2201//2201 2205//2205
f 2201//2201 2202//2202 2206//2206
f 2201//2201 2206//2206 2205//2205
f 2207//2207 2204//2204 2203//2203
f 2203//2203 2064//2064 2207//2207
f 2064//2064 2208//2208 2207//2207
f 2064//2064 2073//2073 2208//2208
f 2205//2205 2075//2075 2072//2072
f 2210//2210 2209//2209 2076//2076
f 2210//2210 2076//2076 2075//2075
f 2206//2206 2210//2210 2075//2075
f 2205//2205 2206//2206 2075//2075
f 2211//2211 2209//2209 2210//2210
f 2077//2077 2208//2208 2073//2073
f 2077//2077 2212//2212 2208//2208
f 2209//2209 2079//2079 2076//2076
f 2214//2214 2213//2213 2080//2080
f 2214//2214 2080//2080 2079//2079
f 2211//2211 2214//2214 2079//2079
f 2209//2209 2211//2211 2079//2079
f 2215//2215 2213//2213 2214//2214
f 2081//2081 2212//2212 2077//2077
f 2081//2081 2216//2216 2212//2212
f 2213//2213 2083//2083 2080//2080
f 2084//2084 2083//2083 2213//2213
f 2215//2215 2084//2084 2213//2213
f 2217//2217 2084//2084 2215//2215
f 2085//2085 2216//2216 2081//2081
f 2085//2085 2218//2218 2216//2216
f 2217//2217 2086//2086 2084//2084
f 2219//2219 2086//2086 2217//2217
f 2087//2087 2218//2218 2085//2085
f 2087//2087 2220//2220 2218//2218
f 2219//2219 2221//2221 2086//2086
f 2086//2086 2221//2221 2088//2088
f 2090//2090 2088//2088 2221//2221
f 2090//2090 2221//2221 2222//2222
f 2091//2091 2220//2220 2087//2087
f 2091//2091 2223//2223 2220//2220
f 2222//2222 2092//2092 2090//2090
f 2224//2224 2092//2092 2222//2222
f 2093//2093 2223//2223 2091//2091
f 2093//2093 2225//2225 2223//2223
f 2224//2224 2094//2094 2092//2092
f 2226//2226 2094//2094 2224//2224
f 2095//2095 2225//2225 2093//2093
f 2095//2095 2227//2227 2225//2225
f 2229//2229 2096//2096 2228//2228
f 2096//2096 2226//2226 2228//2228
f 2096//2096 2094//2094 2226//2226
f 2230//2230 2229//2229 2228//2228
f 2097//2097 2227//2227 2095//2095
f 2097//2097 2231//2231 2227//2227
f 2233//2233 2098//2098 2232//2232
f 2098//2098 2096//2096 2232//2232
f 2232//2232 2096//2096 2229//2229
f 2234//2234 2232//2232 2229//2229
f 2229//2229 2230//2230 2234//2234
f 2098//2098 2233//2233 2099//2099
f 2100//2100 2231//2231 2097//2097
f 2100//2100 2235//2235 2231//2231
f 2233//2233 2232//2232 2236//2236
f 2236//2236 2232//2232 2237//2237
f 2236//2236 2101//2101 2099//2099
f 2236//2236 2099//2099 2233//2233
f 2102//2102 2235//2235 2100//2100
f 2102//2102 2238//2238 2235//2235
f 2236//2236 2237//2237 2105//2105
f 2237//2237 2104//2104 2105//2105
f 2237//2237 2239//2239 2104//2104
f 2236//2236 2105//2105 2101//2101
f 2106//2106 2238//2238 2102//2102
f 2106//2106 2240//2240 2238//2238
f 2239//2239 2108//2108 2104//2104
f 2241//2241 2108//2108 2239//2239
f 2109//2109 2240//2240 2106//2106
f 2109//2109 2242//2242 2240//2240
f 2241//2241 2111//2111 2108//2108
f 2243//2243 2111//2111 2241//2241
f 2119//2119 2244//2244 2118//2118
f 2118//2118 2244//2244 2245//2245
f 2246//2246 2118//2118 2245//2245
f 2120//2120 2118//2118 2246//2246
f 2120//2120 2247//2247 2121//2121
f 2246//2246 2247//2247 2120//2120
f 2121//2121 2248//2248 2122//2122
f 2247//2247 2248//2248 2121//2121
f 2122//2122 2249//2249 2123//2123
f 2248//2248 2249//2249 2122//2122
f 2123//2123 2250//2250 2124//2124
f 2249//2249 2250//2250 2123//2123
f 2250//2250 2252//2252 2251//2251
f 2125//2125 2250//2250 2251//2251
f 2124//2124 2250//2250 2125//2125
f 2251//2251 2127//2127 2125//2125
f 2254//2254 2253//2253 2244//2244
f 2119//2119 2254//2254 2244//2244
f 2128//2128 2254//2254 2119//2119
f 2244//2244 2253//2253 2245//2245
f 2252//2252 2255//2255 2251//2251
f 2251//2251 2255//2255 2127//2127
f 2255//2255 2129//2129 2127//2127
f 2255//2255 2256//2256 2129//2129
f 2256//2256 2258//2258 2257//2257
f 2130//2130 2256//2256 2257//2257
f 2129//2129 2256//2256 2130//2130
f 2257//2257 2131//2131 2130//2130
f 2132//2132 2254//2254 2128//2128
f 2132//2132 2259//2259 2254//2254
f 2258//2258 2260//2260 2257//2257
f 2260//2260 2262//2262 2261//2261
f 2260//2260 2261//2261 2133//2133
f 2257//2257 2260//2260 2133//2133
f 2131//2131 2257//2257 2133//2133
f 2261//2261 2134//2134 2133//2133
f 2135//2135 2259//2259 2132//2132
f 2135//2135 2263//2263 2259//2259
f 2262//2262 2264//2264 2261//2261
f 2134//2134 2261//2261 2264//2264
f 2265//2265 2134//2134 2264//2264
f 2136//2136 2134//2134 2265//2265
f 2137//2137 2263//2263 2135//2135
f 2137//2137 2266//2266 2263//2263
f 2265//2265 2139//2139 2136//2136
f 2267//2267 2139//2139 2265//2265
f 2140//2140 2266//2266 2137//2137
f 2140//2140 2268//2268 2266//2266
f 2141//2141 2139//2139 2269//2269
f 2139//2139 2270//2270 2269//2269
f 2139//2139 2267//2267 2270//2270
f 2269//2269 2142//2142 2141//2141
f 2143//2143 2268//2268 2140//2140
f 2143//2143 2271//2271 2268//2268
f 2270//2270 2272//2272 2269//2269
f 2142//2142 2269//2269 2272//2272
f 2273//2273 2142//2142 2272//2272
f 2144//2144 2142//2142 2273//2273
f 2145//2145 2271//2271 2143//2143
f 2145//2145 2274//2274 2271//2271
f 2273//2273 2146//2146 2144//2144
f 2275//2275 2146//2146 2273//2273
f 2147//2147 2274//2274 2145//2145
f 2147//2147 2276//2276 2274//2274
f 2275//2275 2148//2148 2146//2146
f 2277//2277 2148//2148 2275//2275
f 2149//2149 2276//2276 2147//2147
f 2149//2149 2278//2278 2276//2276
f 2150//2150 2148//2148 2279//2279
f 2148//2148 2280//2280 2279//2279
f 2148//2148 2277//2277 2280//2280
f 2279//2279 2151//2151 2150//2150
f 2152//2152 2278//2278 2149//2149
f 2152//2152 2281//2281 2278//2278
f 2280//2280 2282//2282 2279//2279
f 2151//2151 2279//2279 2282//2282
f 2283//2283 2151//2151 2282//2282
f 2153//2153 2151//2151 2283//2283
f 2154//2154 2281//2281 2152//2152
f 2154//2154 2284//2284 2281//2281
f 2283//2283 2155//2155 2153//2153
f 2285//2285 2155//2155 2283//2283
f 2156//2156 2284//2284 2154//2154
f 2156//2156 2286//2286 2284//2284
f 2285//2285 2157//2157 2155//2155
f 2287//2287 2157//2157 2285//2285
f 2158//2158 2286//2286 2156//2156
f 2158//2158 2288//2288 2286//2286
f 2287//2287 2159//2159 2157//2157
f 2289//2289 2159//2159 2287//2287
f 2160//2160 2288//2288 2158//2158
f 2160//2160 2290//2290 2288//2288
f 2289//2289 2162//2162 2159//2159
f 2291//2291 2162//2162 2289//2289
f 2163//2163 2293//2293 2292//2292
f 2290//2290 2163//2163 2292//2292
f 2160//2160 2163//2163 2290//2290
f 2293//2293 2294//2294 2292//2292
f 2291//2291 2165//2165 2162//2162
f 2295//2295 2165//2165 2291//2291
f 2166//2166 2293//2293 2163//2163
f 2166//2166 2167//2167 2293//2293
f 2167//2167 2294//2294 2293//2293
f 2167//2167 2296//2296 2294//2294
f 2297//2297 2168//2168 2169//2169
f 2298//2298 2297//2297 2169//2169
f 2165//2165 2298//2298 2169//2169
f 2295//2295 2298//2298 2165//2165
f 2170//2170 2296//2296 2167//2167
f 2170//2170 2299//2299 2296//2296
f 2300//2300 2172//2172 2297//2297
f 2297//2297 2172//2172 2168//2168
f 2297//2297 2298//2298 2301//2301
f 2297//2297 2301//2301 2300//2300
f 2173//2173 2299//2299 2170//2170
f 2173//2173 2302//2302 2299//2299
f 2304//2304 2303//2303 2300//2300
f 2303//2303 2172//2172 2300//2300
f 2303//2303 2175//2175 2172//2172
f 2304//2304 2300//2300 2301//2301
f 2176//2176 2302//2302 2173//2173
f 2176//2176 2305//2305 2302//2302
f 2303//2303 2178//2178 2175//2175
f 2306//2306 2178//2178 2303//2303
f 2179//2179 2305//2305 2176//2176
f 2179//2179 2307//2307 2305//2305
f 2306//2306 2181//2181 2178//2178
f 2308//2308 2181//2181 2306//2306
f 2182//2182 2307//2307 2179//2179
f 2182//2182 2309//2309 2307//2307
f 2310//2310 2184//2184 2185//2185
f 2311//2311 2310//2310 2185//2185
f 2181//2181 2311//2311 2185//2185
f 2308//2308 2311//2311 2181//2181
f 2186//2186 2309//2309 2182//2182
f 2186//2186 2312//2312 2309//2309
f 2313//2313 2188//2188 2310//2310
f 2310//2310 2188//2188 2184//2184
f 2310//2310 2311//2311 2314//2314
f 2310//2310 2314//2314 2313//2313
f 2189//2189 2312//2312 2186//2186
f 2189//2189 2315//2315 2312//2312
f 2316//2316 2192//2192 2313//2313
f 2313//2313 2192//2192 2188//2188
f 2313//2313 2314//2314 2317//2317
f 2313//2313 2317//2317 2316//2316
f 2194//2194 2315//2315 2189//2189
f 2194//2194 2318//2318 2315//2315
f 2319//2319 2197//2197 2316//2316
f 2316//2316 2197//2197 2192//2192
f 2316//2316 2317//2317 2320//2320
f 2316//2316 2320//2320 2319//2319
f 2199//2199 2318//2318 2194//2194
f 2199//2199 2321//2321 2318//2318
f 2322//2322 2202//2202 2319//2319
f 2319//2319 2202//2202 2197//2197
f 2319//2319 2320//2320 2323//2323
f 2319//2319 2323//2323 2322//2322
f 2204//2204 2321//2321 2199//2199
f 2204//2204 2324//2324 2321//2321
f 2325//2325 2206//2206 2322//2322
f 2322//2322 2206//2206 2202//2202
f 2322//2322 2323//2323 2326//2326
f 2322//2322 2326//2326 2325//2325
f 2327//2327 2324//2324 2204//2204
f 2327//2327 2204//2204 2207//2207
f 2207//2207 2208//2208 2327//2327
f 2327//2327 2208//2208 2328//2328
f 2325//2325 2210//2210 2206//2206
f 2330//2330 2329//2329 2211//2211
f 2330//2330 2211//2211 2210//2210
f 2326//2326 2330//2330 2210//2210
f 2325//2325 2326//2326 2210//2210
f 2331//2331 2329//2329 2330//2330
f 2212//2212 2328//2328 2208//2208
f 2212//2212 2332//2332 2328//2328
f 2329//2329 2214//2214 2211//2211
f 2215//2215 2214//2214 2329//2329
f 2331//2331 2215//2215 2329//2329
f 2333//2333 2215//2215 2331//2331
f 2216//2216 2332//2332 2212//2212
f 2216//2216 2334//2334 2332//2332
f 2333//2333 2217//2217 2215//2215
f 2335//2335 2217//2217 2333//2333
f 2218//2218 2334//2334 2216//2216
f 2218//2218 2336//2336 2334//2334
f 2338//2338 2219//2219 2337//2337
f 2219//2219 2335//2335 2337//2337
f 2219//2219 2217//2217 2335//2335
f 2339//2339 2338//2338 2337//2337
f 2220//2220 2336//2336 2218//2218
f 2220//2220 2340//2340 2336//2336
f 2338//2338 2221//2221 2219//2219
f 2222//2222 2221//2221 2338//2338
f 2339//2339 2222//2222 2338//2338
f 2341//2341 2222//2222 2339//2339
f 2223//2223 2340//2340 2220//2220
f 2223//2223 2342//2342 2340//2340
f 2341//2341 2224//2224 2222//2222
f 2343//2343 2224//2224 2341//2341
f 2225//2225 2342//2342 2223//2223
f 2225//2225 2344//2344 2342//2342
f 2343//2343 2226//2226 2224//2224
f 2345//2345 2226//2226 2343//2343
f 2227//2227 2344//2344 2225//2225
f 2227//2227 2346//2346 2344//2344
f 2228//2228 2226//2226 2347//2347
f 2226//2226 2348//2348 2347//2347
f 2226//2226 2345//2345 2348//2348
f 2347//2347 2230//2230 2228//2228
f 2231//2231 2346//2346 2227//2227
f 2231//2231 2349//2349 2346//2346
f 2347//2347 2348//2348 2234//2234
f 2348//2348 2232//2232 2234//2234
f 2348//2348 2350//2350 2232//2232
f 2347//2347 2234//2234 2230//2230
f 2235//2235 2349//2349 2231//2231
f 2235//2235 2351//2351 2349//2349
f 2350//2350 2237//2237 2232//2232
f 2352//2352 2237//2237 2350//2350
f 2238//2238 2351//2351 2235//2235
f 2238//2238 2353//2353 2351//2351
f 2352//2352 2239//2239 2237//2237
f 2354//2354 2239//2239 2352//2352
f 2240//2240 2353//2353 2238//2238
f 2240//2240 2355//2355 2353//2353
f 2354//2354 2241//2241 2239//2239
f 2356//2356 2241//2241 2354//2354
f 2242//2242 2355//2355 2240//2240
f 2242//2242 2357//2357 2355//2355
f 2356//2356 2243//2243 2241//2241
f 2358//2358 2243//2243 2356//2356
f 2245//2245 2359//2359 2246//2246
f 2360//2360 2247//2247 2246//2246
f 2360//2360 2246//2246 2359//2359
f 2361//2361 2248//2248 2247//2247
f 2361//2361 2247//2247 2360//2360
f 2362//2362 2249//2249 2248//2248
f 2362//2362 2248//2248 2361//2361
f 2363//2363 2250//2250 2249//2249
f 2363//2363 2249//2249 2362//2362
f 2363//2363 2252//2252 2250//2250
f 2254//2254 2364//2364 2253//2253
f 2364//2364 2365//2365 2253//2253
f 2253//2253 2365//2365 2245//2245
f 2365//2365 2366//2366 2245//2245
f 2366//2366 2359//2359 2245//2245
f 2359//2359 2366//2366 2360//2360
f 2360//2360 2366//2366 2367//2367
f 2360//2360 2367//2367 2361//2361
f 2361//2361 2367//2367 2368//2368
f 2361//2361 2368//2368 2362//2362
f 2362//2362 2368//2368 2369//2369
f 2362//2362 2369//2369 2363//2363
f 2363//2363 2369//2369 2370//2370
f 2363//2363 2370//2370 2252//2252
f 2370//2370 2255//2255 2252//2252
f 2370//2370 2371//2371 2255//2255
f 2371//2371 2373//2373 2372//2372
f 2256//2256 2371//2371 2372//2372
f 2255//2255 2371//2371 2256//2256
f 2372//2372 2258//2258 2256//2256
f 2375//2375 2374//2374 2364//2364
f 2254//2254 2375//2375 2364//2364
f 2259//2259 2375//2375 2254//2254
f 2364//2364 2374//2374 2365//2365
f 2373//2373 2376//2376 2372//2372
f 2376//2376 2378//2378 2377//2377
f 2376//2376 2377//2377 2260//2260
f 2372//2372 2376//2376 2260//2260
f 2258//2258 2372//2372 2260//2260
f 2377//2377 2262//2262 2260//2260
f 2263//2263 2375//2375 2259//2259
f 2263//2263 2379//2379 2375//2375
f 2378//2378 2380//2380 2377//2377
f 2380//2380 2382//2382 2381//2381
f 2380//2380 2381//2381 2264//2264
f 2377//2377 2380//2380 2264//2264
f 2262//2262 2377//2377 2264//2264
f 2381//2381 2265//2265 2264//2264
f 2266//2266 2379//2379 2263//2263
f 2266//2266 2383//2383 2379//2379
f 2381//2381 2382//2382 2384//2384
f 2384//2384 2382//2382 2385//2385
f 2384//2384 2267//2267 2265//2265
f 2384//2384 2265//2265 2381//2381
f 2268//2268 2383//2383 2266//2266
f 2268//2268 2386//2386 2383//2383
f 2385//2385 2387//2387 2384//2384
f 2267//2267 2384//2384 2387//2387
f 2388//2388 2267//2267 2387//2387
f 2270//2270 2267//2267 2388//2388
f 2271//2271 2386//2386 2268//2268
f 2271//2271 2389//2389 2386//2386
f 2272//2272 2270//2270 2390//2390
f 2270//2270 2391//2391 2390//2390
f 2270//2270 2388//2388 2391//2391
f 2390//2390 2273//2273 2272//2272
f 2274//2274 2389//2389 2271//2271
f 2274//2274 2392//2392 2389//2389
f 2391//2391 2393//2393 2390//2390
f 2273//2273 2390//2390 2393//2393
f 2394//2394 2273//2273 2393//2393
f 2275//2275 2273//2273 2394//2394
f 2276//2276 2392//2392 2274//2274
f 2276//2276 2395//2395 2392//2392
f 2394//2394 2277//2277 2275//2275
f 2396//2396 2277//2277 2394//2394
f 2278//2278 2395//2395 2276//2276
f 2278//2278 2397//2397 2395//2395
f 2396//2396 2280//2280 2277//2277
f 2398//2398 2280//2280 2396//2396
f 2281//2281 2397//2397 2278//2278
f 2281//2281 2399//2399 2397//2397
f 2282//2282 2280//2280 2400//2400
f 2280//2280 2401//2401 2400//2400
f 2280//2280 2398//2398 2401//2401
f 2400//2400 2283//2283 2282//2282
f 2284//2284 2399//2399 2281//2281
f 2284//2284 2402//2402 2399//2399
f 2401//2401 2403//2403 2400//2400
f 2283//2283 2400//2400 2403//2403
f 2404//2404 2283//2283 2403//2403
f 2285//2285 2283//2283 2404//2404
f 2286//2286 2402//2402 2284//2284
f 2286//2286 2405//2405 2402//2402
f 2404//2404 2287//2287 2285//2285
f 2406//2406 2287//2287 2404//2404
f 2288//2288 2405//2405 2286//2286
f 2288//2288 2407//2407 2405//2405
f 2406//2406 2289//2289 2287//2287
f 2408//2408 2289//2289 2406//2406
f 2290//2290 2407//2407 2288//2288
f 2290//2290 2409//2409 2407//2407
f 2408//2408 2291//2291 2289//2289
f 2410//2410 2291//2291 2408//2408
f 2411//2411 2409//2409 2290//2290
f 2411//2411 2290//2290 2292//2292
f 2292//2292 2294//2294 2411//2411
f 2411//2411 2294//2294 2412//2412
f 2410//2410 2295//2295 2291//2291
f 2413//2413 2295//2295 2410//2410
f 2296//2296 2412//2412 2294//2294
f 2296//2296 2414//2414 2412//2412
f 2413//2413 2298//2298 2295//2295
f 2415//2415 2298//2298 2413//2413
f 2299//2299 2414//2414 2296//2296
f 2299//2299 2416//2416 2414//2414
f 2415//2415 2301//2301 2298//2298
f 2417//2417 2301//2301 2415//2415
f 2302//2302 2416//2416 2299//2299
f 2302//2302 2418//2418 2416//2416
f 2419//2419 2303//2303 2304//2304
f 2420//2420 2419//2419 2304//2304
f 2301//2301 2420//2420 2304//2304
f 2417//2417 2420//2420 2301//2301
f 2305//2305 2418//2418 2302//2302
f 2305//2305 2421//2421 2418//2418
f 2422//2422 2306//2306 2419//2419
f 2419//2419 2306//2306 2303//2303
f 2419//2419 2420//2420 2423//2423
f 2419//2419 2423//2423 2422//2422
f 2307//2307 2421//2421 2305//2305
f 2307//2307 2424//2424 2421//2421
f 2426//2426 2425//2425 2422//2422
f 2425//2425 2306//2306 2422//2422
f 2425//2425 2308//2308 2306//2306
f 2426//2426 2422//2422 2423//2423
f 2309//2309 2424//2424 2307//2307
f 2309//2309 2427//2427 2424//2424
f 2425//2425 2311//2311 2308//2308
f 2428//2428 2311//2311 2425//2425
f 2312//2312 2427//2427 2309//2309
f 2312//2312 2429//2429 2427//2427
f 2428//2428 2314//2314 2311//2311
f 2430//2430 2314//2314 2428//2428
f 2315//2315 2429//2429 2312//2312
f 2315//2315 2431//2431 2429//2429
f 2430//2430 2317//2317 2314//2314
f 2432//2432 2317//2317 2430//2430
f 2318//2318 2431//2431 2315//2315
f 2318//2318 2433//2433 2431//2431
f 2432//2432 2320//2320 2317//2317
f 2434//2434 2320//2320 2432//2432
f 2321//2321 2433//2433 2318//2318
f 2321//2321 2435//2435 2433//2433
f 2437//2437 2323//2323 2436//2436
f 2323//2323 2434//2434 2436//2436
f 2323//2323 2320//2320 2434//2434
f 2438//2438 2437//2437 2436//2436
f 2324//2324 2435//2435 2321//2321
f 2324//2324 2439//2439 2435//2435
f 2440//2440 2326//2326 2437//2437
f 2437//2437 2326//2326 2323//2323
f 2437//2437 2438//2438 2441//2441
f 2437//2437 2441//2441 2440//2440
f 2442//2442 2439//2439 2324//2324
f 2442//2442 2324//2324 2327//2327
f 2327//2327 2328//2328 2442//2442
f 2442//2442 2328//2328 2443//2443
f 2440//2440 2330//2330 2326//2326
f 2331//2331 2330//2330 2440//2440
f 2441//2441 2331//2331 2440//2440
f 2444//2444 2331//2331 2441//2441
f 2332//2332 2443//2443 2328//2328
f 2332//2332 2445//2445 2443//2443
f 2444//2444 2333//2333 2331//2331
f 2446//2446 2333//2333 2444//2444
f 2334//2334 2445//2445 2332//2332
f 2334//2334 2447//2447 2445//2445
f 2449//2449 2335//2335 2448//2448
f 2335//2335 2446//2446 2448//2448
f 2335//2335 2333//2333 2446//2446
f 2450//2450 2449//2449 2448//2448
f 2336//2336 2447//2447 2334//2334
f 2336//2336 2451//2451 2447//2447
f 2449//2449 2337//2337 2335//2335
f 2339//2339 2337//2337 2449//2449
f 2450//2450 2339//2339 2449//2449
f 2452//2452 2339//2339 2450//2450
f 2340//2340 2451//2451 2336//2336
f 2340//2340 2453//2453 2451//2451
f 2452//2452 2341//2341 2339//2339
f 2454//2454 2341//2341 2452//2452
f 2342//2342 2453//2453 2340//2340
f 2342//2342 2455//2455 2453//2453
f 2454//2454 2343//2343 2341//2341
f 2456//2456 2343//2343 2454//2454
f 2344//2344 2455//2455 2342//2342
f 2344//2344 2457//2457 2455//2455
f 2456//2456 2345//2345 2343//2343
f 2458//2458 2345//2345 2456//2456
f 2346//2346 2457//2457 2344//2344
f 2346//2346 2459//2459 2457//2457
f 2458//2458 2348//2348 2345//2345
f 2460//2460 2348//2348 2458//2458
f 2349//2349 2459//2459 2346//2346
f 2349//2349 2461//2461 2459//2459
f 2460//2460 2350//2350 2348//2348
f 2462//2462 2350//2350 2460//2460
f 2351//2351 2461//2461 2349//2349
f 2351//2351 2463//2463 2461//2461
f 2462//2462 2352//2352 2350//2350
f 2464//2464 2352//2352 2462//2462
f 2353//2353 2463//2463 2351//2351
f 2353//2353 2465//2465 2463//2463
f 2464//2464 2354//2354 2352//2352
f 2466//2466 2354//2354 2464//2464
f 2355//2355 2465//2465 2353//2353
f 2355//2355 2467//2467 2465//2465
f 2466//2466 2356//2356 2354//2354
f 2468//2468 2356//2356 2466//2466
f 2357//2357 2467//2467 2355//2355
f 2357//2357 2469//2469 2467//2467
f 2472//2472 2471//2471 2470//2470
f 2468//2468 2472//2472 2470//2470
f 2358//2358 2468//2468 2470//2470
f 2356//2356 2468//2468 2358//2358
f 2365//2365 2473//2473 2366//2366
f 2474//2474 2367//2367 2366//2366
f 2474//2474 2366//2366 2473//2473
f 2475//2475 2368//2368 2367//2367
f 2475//2475 2367//2367 2474//2474
f 2476//2476 2369//2369 2368//2368
f 2476//2476 2368//2368 2475//2475
f 2477//2477 2370//2370 2369//2369
f 2477//2477 2369//2369 2476//2476
f 2478//2478 2371//2371 2370//2370
f 2478//2478 2370//2370 2477//2477
f 2478//2478 2373//2373 2371//2371
f 2375//2375 2479//2479 2374//2374
f 2473//2473 2365//2365 2374//2374
f 2479//2479 2473//2473 2374//2374
f 2480//2480 2473//2473 2479//2479
f 2482//2482 2474//2474 2481//2481
f 2474//2474 2480//2480 2481//2481
f 2474//2474 2473//2473 2480//2480
f 2474//2474 2482//2482 2475//2475
f 2475//2475 2482//2482 2483//2483
f 2475//2475 2483//2483 2476//2476
f 2476//2476 2483//2483 2484//2484
f 2476//2476 2484//2484 2477//2477
f 2477//2477 2484//2484 2485//2485
f 2477//2477 2485//2485 2478//2478
f 2478//2478 2485//2485 2486//2486
f 2486//2486 2488//2488 2487//2487
f 2486//2486 2487//2487 2376//2376
f 2478//2478 2486//2486 2376//2376
f 2373//2373 2478//2478 2376//2376
f 2487//2487 2378//2378 2376//2376
f 2379//2379 2489//2489 2479//2479
f 2379//2379 2479//2479 2375//2375
f 2491//2491 2480//2480 2490//2490
f 2480//2480 2489//2489 2490//2490
f 2480//2480 2479//2479 2489//2489
f 2480//2480 2491//2491 2481//2481
f 2488//2488 2492//2492 2487//2487
f 2492//2492 2494//2494 2493//2493
f 2492//2492 2493//2493 2380//2380
f 2487//2487 2492//2492 2380//2380
f 2378//2378 2487//2487 2380//2380
f 2493//2493 2382//2382 2380//2380
f 2496//2496 2495//2495 2489//2489
f 2379//2379 2496//2496 2489//2489
f 2383//2383 2496//2496 2379//2379
f 2489//2489 2495//2495 2490//2490
f 2494//2494 2497//2497 2493//2493
f 2382//2382 2493//2493 2497//2497
f 2498//2498 2382//2382 2497//2497
f 2385//2385 2382//2382 2498//2498
f 2386//2386 2496//2496 2383//2383
f 2386//2386 2499//2499 2496//2496
f 2387//2387 2385//2385 2500//2500
f 2385//2385 2501//2501 2500//2500
f 2385//2385 2498//2498 2501//2501
f 2500//2500 2388//2388 2387//2387
f 2389//2389 2499//2499 2386//2386
f 2389//2389 2502//2502 2499//2499
f 2501//2501 2503//2503 2500//2500
f 2388//2388 2500//2500 2503//2503
f 2504//2504 2388//2388 2503//2503
f 2391//2391 2388//2388 2504//2504
f 2392//2392 2502//2502 2389//2389
f 2392//2392 2505//2505 2502//2502
f 2393//2393 2391//2391 2506//2506
f 2391//2391 2507//2507 2506//2506
f 2391//2391 2504//2504 2507//2507
f 2506//2506 2394//2394 2393//2393
f 2395//2395 2505//2505 2392//2392
f 2395//2395 2508//2508 2505//2505
f 2506//2506 2507//2507 2509//2509
f 2509//2509 2507//2507 2510//2510
f 2509//2509 2396//2396 2394//2394
f 2509//2509 2394//2394 2506//2506
f 2397//2397 2508//2508 2395//2395
f 2397//2397 2511//2511 2508//2508
f 2510//2510 2512//2512 2509//2509
f 2396//2396 2509//2509 2512//2512
f 2513//2513 2396//2396 2512//2512
f 2398//2398 2396//2396 2513//2513
f 2399//2399 2511//2511 2397//2397
f 2399//2399 2514//2514 2511//2511
f 2513//2513 2401//2401 2398//2398
f 2515//2515 2401//2401 2513//2513
f 2402//2402 2514//2514 2399//2399
f 2402//2402 2516//2516 2514//2514
f 2403//2403 2401//2401 2517//2517
f 2401//2401 2518//2518 2517//2517
f 2401//2401 2515//2515 2518//2518
f 2517//2517 2404//2404 2403//2403
f 2405//2405 2516//2516 2402//2402
f 2405//2405 2519//2519 2516//2516
f 2518//2518 2520//2520 2517//2517
f 2404//2404 2517//2517 2520//2520
f 2521//2521 2404//2404 2520//2520
f 2406//2406 2404//2404 2521//2521
f 2407//2407 2519//2519 2405//2405
f 2407//2407 2522//2522 2519//2519
f 2521//2521 2408//2408 2406//2406
f 2523//2523 2408//2408 2521//2521
f 2409//2409 2522//2522 2407//2407
f 2409//2409 2524//2524 2522//2522
f 2523//2523 2410//2410 2408//2408
f 2525//2525 2410//2410 2523//2523
f 2526//2526 2524//2524 2409//2409
f 2526//2526 2409//2409 2411//2411
f 2411//2411 2412//2412 2526//2526
f 2526//2526 2412//2412 2527//2527
f 2525//2525 2413//2413 2410//2410
f 2528//2528 2413//2413 2525//2525
f 2414//2414 2527//2527 2412//2412
f 2414//2414 2529//2529 2527//2527
f 2528//2528 2415//2415 2413//2413
f 2530//2530 2415//2415 2528//2528
f 2416//2416 2529//2529 2414//2414
f 2416//2416 2531//2531 2529//2529
f 2530//2530 2417//2417 2415//2415
f 2532//2532 2417//2417 2530//2530
f 2418//2418 2531//2531 2416//2416
f 2418//2418 2533//2533 2531//2531
f 2532//2532 2420//2420 2417//2417
f 2534//2534 2420//2420 2532//2532
f 2421//2421 2533//2533 2418//2418
f 2421//2421 2535//2535 2533//2533
f 2534//2534 2423//2423 2420//2420
f 2536//2536 2423//2423 2534//2534
f 2424//2424 2535//2535 2421//2421
f 2424//2424 2537//2537 2535//2535
f 2538//2538 2425//2425 2426//2426
f 2539//2539 2538//2538 2426//2426
f 2423//2423 2539//2539 2426//2426
f 2536//2536 2539//2539 2423//2423
f 2427//2427 2537//2537 2424//2424
f 2427//2427 2540//2540 2537//2537
f 2541//2541 2428//2428 2538//2538
f 2538//2538 2428//2428 2425//2425
f 2538//2538 2539//2539 2542//2542
f 2538//2538 2542//2542 2541//2541
f 2429//2429 2540//2540 2427//2427
f 2429//2429 2543//2543 2540//2540
f 2544//2544 2430//2430 2541//2541
f 2541//2541 2430//2430 2428//2428
f 2541//2541 2542//2542 2545//2545
f 2541//2541 2545//2545 2544//2544
f 2431//2431 2543//2543 2429//2429
f 2431//2431 2546//2546 2543//2543
f 2547//2547 2432//2432 2544//2544
f 2544//2544 2432//2432 2430//2430
f 2544//2544 2545//2545 2548//2548
f 2544//2544 2548//2548 2547//2547
f 2433//2433 2546//2546 2431//2431
f 2433//2433 2549//2549 2546//2546
f 2550//2550 2434//2434 2547//2547
f 2547//2547 2434//2434 2432//2432
f 2547//2547 2548//2548 2551//2551
f 2547//2547 2551//2551 2550//2550
f 2435//2435 2549//2549 2433//2433
f 2435//2435 2552//2552 2549//2549
f 2550//2550 2436//2436 2434//2434
f 2438//2438 2436//2436 2550//2550
f 2551//2551 2438//2438 2550//2550
f 2553//2553 2438//2438 2551//2551
f 2439//2439 2552//2552 2435//2435
f 2439//2439 2554//2554 2552//2552
f 2553//2553 2441//2441 2438//2438
f 2555//2555 2441//2441 2553//2553
f 2556//2556 2554//2554 2439//2439
f 2556//2556 2439//2439 2442//2442
f 2442//2442 2443//2443 2556//2556
f 2556//2556 2443//2443 2557//2557
f 2559//2559 2444//2444 2558//2558
f 2444//2444 2555//2555 2558//2558
f 2444//2444 2441//2441 2555//2555
f 2560//2560 2559//2559 2558//2558
f 2445//2445 2557//2557 2443//2443
f 2445//2445 2561//2561 2557//2557
f 2562//2562 2446//2446 2559//2559
f 2559//2559 2446//2446 2444//2444
f 2559//2559 2560//2560 2563//2563
f 2559//2559 2563//2563 2562//2562
f 2447//2447 2561//2561 2445//2445
f 2447//2447 2564//2564 2561//2561
f 2562//2562 2448//2448 2446//2446
f 2450//2450 2448//2448 2562//2562
f 2563//2563 2450//2450 2562//2562
f 2565//2565 2450//2450 2563//2563
f 2451//2451 2564//2564 2447//2447
f 2451//2451 2566//2566 2564//2564
f 2565//2565 2452//2452 2450//2450
f 2567//2567 2452//2452 2565//2565
f 2453//2453 2566//2566 2451//2451
f 2453//2453 2568//2568 2566//2566
f 2567//2567 2454//2454 2452//2452
f 2569//2569 2454//2454 2567//2567
f 2455//2455 2568//2568 2453//2453
f 2455//2455 2570//2570 2568//2568
f 2569//2569 2456//2456 2454//2454
f 2571//2571 2456//2456 2569//2569
f 2457//2457 2570//2570 2455//2455
f 2457//2457 2572//2572 2570//2570
f 2571//2571 2458//2458 2456//2456
f 2573//2573 2458//2458 2571//2571
f 2459//2459 2572//2572 2457//2457
f 2459//2459 2574//2574 2572//2572
f 2573//2573 2460//2460 2458//2458
f 2575//2575 2460//2460 2573//2573
f 2461//2461 2574//2574 2459//2459
f 2461//2461 2576//2576 2574//2574
f 2575//2575 2462//2462 2460//2460
f 2577//2577 2462//2462 2575//2575
f 2463//2463 2576//2576 2461//2461
f 2463//2463 2578//2578 2576//2576
f 2581//2581 2580//2580 2579//2579
f 2577//2577 2581//2581 2579//2579
f 2464//2464 2577//2577 2579//2579
f 2462//2462 2577//2577 2464//2464
f 2465//2465 2578//2578 2463//2463
f 2465//2465 2582//2582 2578//2578
f 2579//2579 2580//2580 2583//2583
f 2583//2583 2580//2580 2584//2584
f 2583//2583 2466//2466 2464//2464
f 2583//2583 2464//2464 2579//2579
f 2467//2467 2582//2582 2465//2465
f 2467//2467 2585//2585 2582//2582
f 2583//2583 2584//2584 2586//2586
f 2586//2586 2584//2584 2587//2587
f 2586//2586 2468//2468 2466//2466
f 2586//2586 2466//2466 2583//2583
f 2469//2469 2585//2585 2467//2467
f 2469//2469 2588//2588 2585//2585
f 2591//2591 2590//2590 2589//2589
f 2591//2591 2589//2589 2587//2587
f 2587//2587 2589//2589 2586//2586
f 2589//2589 2471//2471 2586//2586
f 2471//2471 2472//2472 2586//2586
f 2586//2586 2472//2472 2468//2468
f 2481//2481 2592//2592 2482//2482
f 2593//2593 2483//2483 2482//2482
f 2593//2593 2482//2482 2592//2592
f 2594//2594 2484//2484 2483//2483
f 2594//2594 2483//2483 2593//2593
f 2595//2595 2485//2485 2484//2484
f 2595//2595 2484//2484 2594//2594
f 2596//2596 2486//2486 2485//2485
f 2596//2596 2485//2485 2595//2595
f 2596//2596 2488//2488 2486//2486
f 2490//2490 2597//2597 2491//2491
f 2592//2592 2481//2481 2491//2491
f 2597//2597 2592//2592 2491//2491
f 2598//2598 2592//2592 2597//2597
f 2592//2592 2599//2599 2593//2593
f 2592//2592 2598//2598 2599//2599
f 2593//2593 2600//2600 2594//2594
f 2593//2593 2599//2599 2600//2600
f 2594//2594 2601//2601 2595//2595
f 2594//2594 2600//2600 2601//2601
f 2595//2595 2602//2602 2596//2596
f 2595//2595 2601//2601 2602//2602
f 2603//2603 2492//2492 2488//2488
f 2596//2596 2603//2603 2488//2488
f 2602//2602 2603//2603 2596//2596
f 2603//2603 2494//2494 2492//2492
f 2496//2496 2604//2604 2495//2495
f 2597//2597 2490//2490 2495//2495
f 2604//2604 2597//2597 2495//2495
f 2605//2605 2597//2597 2604//2604
f 2607//2607 2598//2598 2606//2606
f 2598//2598 2605//2605 2606//2606
f 2598//2598 2597//2597 2605//2605
f 2598//2598 2607//2607 2599//2599
f 2599//2599 2607//2607 2608//2608
f 2599//2599 2608//2608 2600//2600
f 2600//2600 2608//2608 2609//2609
f 2600//2600 2609//2609 2601//2601
f 2601//2601 2609//2609 2610//2610
f 2601//2601 2610//2610 2602//2602
f 2602//2602 2610//2610 2611//2611
f 2613//2613 2612//2612 2611//2611
f 2612//2612 2602//2602 2611//2611
f 2612//2612 2603//2603 2602//2602
f 2614//2614 2497//2497 2494//2494
f 2603//2603 2614//2614 2494//2494
f 2612//2612 2614//2614 2603//2603
f 2614//2614 2498//2498 2497//2497
f 2499//2499 2615//2615 2604//2604
f 2499//2499 2604//2604 2496//2496
f 2604//2604 2616//2616 2605//2605
f 2604//2604 2615//2615 2616//2616
f 2606//2606 2605//2605 2617//2617
f 2617//2617 2605//2605 2616//2616
f 2612//2612 2613//2613 2618//2618
f 2618//2618 2613//2613 2619//2619
f 2612//2612 2620//2620 2614//2614
f 2612//2612 2618//2618 2620//2620
f 2620//2620 2501//2501 2498//2498
f 2620//2620 2498//2498 2614//2614
f 2502//2502 2621//2621 2615//2615
f 2502//2502 2615//2615 2499//2499
f 2623//2623 2616//2616 2622//2622
f 2616//2616 2621//2621 2622//2622
f 2616//2616 2615//2615 2621//2621
f 2616//2616 2623//2623 2617//2617
f 2619//2619 2624//2624 2618//2618
f 2626//2626 2625//2625 2624//2624
f 2625//2625 2618//2618 2624//2624
f 2625//2625 2620//2620 2618//2618
f 2627//2627 2503//2503 2501//2501
f 2620//2620 2627//2627 2501//2501
f 2625//2625 2627//2627 2620//2620
f 2627//2627 2504//2504 2503//2503
f 2505//2505 2628//2628 2621//2621
f 2505//2505 2621//2621 2502//2502
f 2622//2622 2621//2621 2629//2629
f 2629//2629 2621//2621 2628//2628
f 2626//2626 2630//2630 2625//2625
f 2632//2632 2631//2631 2630//2630
f 2631//2631 2625//2625 2630//2630
f 2631//2631 2627//2627 2625//2625
f 2631//2631 2507//2507 2504//2504
f 2631//2631 2504//2504 2627//2627
f 2634//2634 2633//2633 2628//2628
f 2505//2505 2634//2634 2628//2628
f 2508//2508 2634//2634 2505//2505
f 2628//2628 2633//2633 2629//2629
f 2631//2631 2632//2632 2635//2635
f 2635//2635 2632//2632 2636//2636
f 2635//2635 2510//2510 2507//2507
f 2635//2635 2507//2507 2631//2631
f 2511//2511 2634//2634 2508//2508
f 2511//2511 2637//2637 2634//2634
f 2636//2636 2638//2638 2635//2635
f 2638//2638 2640//2640 2639//2639
f 2638//2638 2639//2639 2512//2512
f 2635//2635 2638//2638 2512//2512
f 2510//2510 2635//2635 2512//2512
f 2639//2639 2513//2513 2512//2512
f 2514//2514 2637//2637 2511//2511
f 2514//2514 2641//2641 2637//2637
f 2640//2640 2642//2642 2639//2639
f 2513//2513 2639//2639 2642//2642
f 2643//2643 2513//2513 2642//2642
f 2515//2515 2513//2513 2643//2643
f 2516//2516 2641//2641 2514//2514
f 2516//2516 2644//2644 2641//2641
f 2643//2643 2518//2518 2515//2515
f 2645//2645 2518//2518 2643//2643
f 2519//2519 2644//2644 2516//2516
f 2519//2519 2646//2646 2644//2644
f 2520//2520 2518//2518 2647//2647
f 2518//2518 2648//2648 2647//2647
f 2518//2518 2645//2645 2648//2648
f 2647//2647 2521//2521 2520//2520
f 2522//2522 2646//2646 2519//2519
f 2522//2522 2649//2649 2646//2646
f 2648//2648 2650//2650 2647//2647
f 2521//2521 2647//2647 2650//2650
f 2651//2651 2521//2521 2650//2650
f 2523//2523 2521//2521 2651//2651
f 2524//2524 2653//2653 2652//2652
f 2649//2649 2524//2524 2652//2652
f 2522//2522 2524//2524 2649//2649
f 2653//2653 2654//2654 2652//2652
f 2651//2651 2525//2525 2523//2523
f 2655//2655 2525//2525 2651//2651
f 2526//2526 2653//2653 2524//2524
f 2526//2526 2527//2527 2653//2653
f 2527//2527 2654//2654 2653//2653
f 2527//2527 2656//2656 2654//2654
f 2655//2655 2528//2528 2525//2525
f 2657//2657 2528//2528 2655//2655
f 2529//2529 2656//2656 2527//2527
f 2529//2529 2658//2658 2656//2656
f 2657//2657 2530//2530 2528//2528
f 2659//2659 2530//2530 2657//2657
f 2531//2531 2658//2658 2529//2529
f 2531//2531 2660//2660 2658//2658
f 2659//2659 2532//2532 2530//2530
f 2661//2661 2532//2532 2659//2659
f 2533//2533 2660//2660 2531//2531
f 2533//2533 2662//2662 2660//2660
f 2661//2661 2534//2534 2532//2532
f 2663//2663 2534//2534 2661//2661
f 2535//2535 2662//2662 2533//2533
f 2535//2535 2664//2664 2662//2662
f 2663//2663 2536//2536 2534//2534
f 2665//2665 2536//2536 2663//2663
f 2537//2537 2664//2664 2535//2535
f 2537//2537 2666//2666 2664//2664
f 2665//2665 2539//2539 2536//2536
f 2667//2667 2539//2539 2665//2665
f 2540//2540 2666//2666 2537//2537
f 2540//2540 2668//2668 2666//2666
f 2667//2667 2542//2542 2539//2539
f 2669//2669 2542//2542 2667//2667
f 2543//2543 2668//2668 2540//2540
f 2543//2543 2670//2670 2668//2668
f 2669//2669 2545//2545 2542//2542
f 2671//2671 2545//2545 2669//2669
f 2546//2546 2670//2670 2543//2543
f 2546//2546 2672//2672 2670//2670
f 2671//2671 2548//2548 2545//2545
f 2673//2673 2548//2548 2671//2671
f 2549//2549 2672//2672 2546//2546
f 2549//2549 2674//2674 2672//2672
f 2673//2673 2551//2551 2548//2548
f 2675//2675 2551//2551 2673//2673
f 2552//2552 2674//2674 2549//2549
f 2552//2552 2676//2676 2674//2674
f 2675//2675 2553//2553 2551//2551
f 2677//2677 2553//2553 2675//2675
f 2554//2554 2676//2676 2552//2552
f 2554//2554 2678//2678 2676//2676
f 2677//2677 2555//2555 2553//2553
f 2679//2679 2555//2555 2677//2677
f 2554//2554 2556//2556 2680//2680
f 2681//2681 2554//2554 2680//2680
f 2678//2678 2554//2554 2681//2681
f 2557//2557 2680//2680 2556//2556
f 2679//2679 2682//2682 2555//2555
f 2555//2555 2682//2682 2558//2558
f 2560//2560 2558//2558 2682//2682
f 2560//2560 2682//2682 2683//2683
f 2684//2684 2681//2681 2680//2680
f 2680//2680 2557//2557 2684//2684
f 2557//2557 2685//2685 2684//2684
f 2557//2557 2561//2561 2685//2685
f 2683//2683 2563//2563 2560//2560
f 2686//2686 2563//2563 2683//2683
f 2564//2564 2685//2685 2561//2561
f 2564//2564 2687//2687 2685//2685
f 2686//2686 2565//2565 2563//2563
f 2688//2688 2565//2565 2686//2686
f 2566//2566 2687//2687 2564//2564
f 2566//2566 2689//2689 2687//2687
f 2688//2688 2567//2567 2565//2565
f 2690//2690 2567//2567 2688//2688
f 2568//2568 2689//2689 2566//2566
f 2568//2568 2691//2691 2689//2689
f 2690//2690 2569//2569 2567//2567
f 2692//2692 2569//2569 2690//2690
f 2570//2570 2691//2691 2568//2568
f 2570//2570 2693//2693 2691//2691
f 2692//2692 2571//2571 2569//2569
f 2694//2694 2571//2571 2692//2692
f 2572//2572 2693//2693 2570//2570
f 2572//2572 2695//2695 2693//2693
f 2698//2698 2697//2697 2696//2696
f 2694//2694 2698//2698 2696//2696
f 2573//2573 2694//2694 2696//2696
f 2571//2571 2694//2694 2573//2573
f 2574//2574 2695//2695 2572//2572
f 2574//2574 2699//2699 2695//2695
f 2696//2696 2697//2697 2700//2700
f 2700//2700 2697//2697 2701//2701
f 2700//2700 2575//2575 2573//2573
f 2700//2700 2573//2573 2696//2696
f 2576//2576 2699//2699 2574//2574
f 2576//2576 2702//2702 2699//2699
f 2700//2700 2701//2701 2703//2703
f 2703//2703 2701//2701 2704//2704
f 2703//2703 2577//2577 2575//2575
f 2703//2703 2575//2575 2700//2700
f 2578//2578 2702//2702 2576//2576
f 2578//2578 2705//2705 2702//2702
f 2703//2703 2704//2704 2581//2581
f 2704//2704 2580//2580 2581//2581
f 2704//2704 2706//2706 2580//2580
f 2703//2703 2581//2581 2577//2577
f 2582//2582 2705//2705 2578//2578
f 2582//2582 2707//2707 2705//2705
f 2706//2706 2584//2584 2580//2580
f 2708//2708 2584//2584 2706//2706
f 2585//2585 2707//2707 2582//2582
f 2585//2585 2709//2709 2707//2707
f 2712//2712 2711//2711 2710//2710
f 2708//2708 2712//2712 2710//2710
f 2587//2587 2708//2708 2710//2710
f 2584//2584 2708//2708 2587//2587
f 2588//2588 2714//2714 2713//2713
f 2709//2709 2588//2588 2713//2713
f 2585//2585 2588//2588 2709//2709
f 2714//2714 2715//2715 2713//2713
f 2718//2718 2717//2717 2716//2716
f 2718//2718 2716//2716 2711//2711
f 2711//2711 2716//2716 2710//2710
f 2716//2716 2590//2590 2710//2710
f 2590//2590 2591//2591 2710//2710
f 2710//2710 2591//2591 2587//2587
f 2606//2606 2719//2719 2607//2607
f 2720//2720 2608//2608 2607//2607
f 2720//2720 2607//2607 2719//2719
f 2721//2721 2609//2609 2608//2608
f 2721//2721 2608//2608 2720//2720
f 2722//2722 2610//2610 2609//2609
f 2722//2722 2609//2609 2721//2721
f 2723//2723 2611//2611 2610//2610
f 2723//2723 2610//2610 2722//2722
f 2723//2723 2613//2613 2611//2611
f 2617//2617 2724//2724 2719//2719
f 2617//2617 2719//2719 2606//2606
f 2719//2719 2725//2725 2720//2720
f 2719//2719 2724//2724 2725//2725
f 2720//2720 2726//2726 2721//2721
f 2720//2720 2725//2725 2726//2726
f 2721//2721 2727//2727 2722//2722
f 2721//2721 2726//2726 2727//2727
f 2722//2722 2728//2728 2723//2723
f 2722//2722 2727//2727 2728//2728
f 2728//2728 2619//2619 2613//2613
f 2728//2728 2613//2613 2723//2723
f 2622//2622 2729//2729 2623//2623
f 2724//2724 2617//2617 2623//2623
f 2729//2729 2724//2724 2623//2623
f 2730//2730 2724//2724 2729//2729
f 2724//2724 2731//2731 2725//2725
f 2724//2724 2730//2730 2731//2731
f 2733//2733 2726//2726 2732//2732
f 2726//2726 2731//2731 2732//2732
f 2726//2726 2725//2725 2731//2731
f 2735//2735 2734//2734 2733//2733
f 2734//2734 2726//2726 2733//2733
f 2734//2734 2727//2727 2726//2726
f 2727//2727 2736//2736 2728//2728
f 2727//2727 2734//2734 2736//2736
f 2737//2737 2624//2624 2619//2619
f 2728//2728 2737//2737 2619//2619
f 2736//2736 2737//2737 2728//2728
f 2737//2737 2626//2626 2624//2624
f 2629//2629 2738//2738 2729//2729
f 2629//2629 2729//2729 2622//2622
f 2740//2740 2730//2730 2739//2739
f 2730//2730 2738//2738 2739//2739
f 2730//2730 2729//2729 2738//2738
f 2730//2730 2740//2740 2731//2731
f 2731//2731 2740//2740 2741//2741
f 2731//2731 2741//2741 2732//2732
f 2735//2735 2742//2742 2734//2734
f 2734//2734 2742//2742 2736//2736
f 2736//2736 2742//2742 2743//2743
f 2745//2745 2744//2744 2743//2743
f 2744//2744 2736//2736 2743//2743
f 2744//2744 2737//2737 2736//2736
f 2746//2746 2630//2630 2626//2626
f 2737//2737 2746//2746 2626//2626
f 2744//2744 2746//2746 2737//2737
f 2746//2746 2632//2632 2630//2630
f 2634//2634 2747//2747 2633//2633
f 2747//2747 2748//2748 2633//2633
f 2633//2633 2748//2748 2629//2629
f 2748//2748 2749//2749 2629//2629
f 2749//2749 2738//2738 2629//2629
f 2738//2738 2749//2749 2739//2739
f 2745//2745 2750//2750 2744//2744
f 2752//2752 2751//2751 2750//2750
f 2751//2751 2744//2744 2750//2750
f 2751//2751 2746//2746 2744//2744
f 2751//2751 2636//2636 2632//2632
f 2751//2751 2632//2632 2746//2746
f 2637//2637 2753//2753 2747//2747
f 2637//2637 2747//2747 2634//2634
f 2748//2748 2747//2747 2754//2754
f 2754//2754 2747//2747 2753//2753
f 2752//2752 2755//2755 2751//2751
f 2755//2755 2757//2757 2756//2756
f 2755//2755 2756//2756 2638//2638
f 2751//2751 2755//2755 2638//2638
f 2636//2636 2751//2751 2638//2638
f 2756//2756 2640//2640 2638//2638
f 2759//2759 2758//2758 2753//2753
f 2637//2637 2759//2759 2753//2753
f 2641//2641 2759//2759 2637//2637
f 2753//2753 2758//2758 2754//2754
f 2757//2757 2760//2760 2756//2756
f 2760//2760 2762//2762 2761//2761
f 2760//2760 2761//2761 2642//2642
f 2756//2756 2760//2760 2642//2642
f 2640//2640 2756//2756 2642//2642
f 2761//2761 2643//2643 2642//2642
f 2644//2644 2759//2759 2641//2641
f 2644//2644 2763//2763 2759//2759
f 2761//2761 2762//2762 2764//2764
f 2764//2764 2762//2762 2765//2765
f 2764//2764 2645//2645 2643//2643
f 2764//2764 2643//2643 2761//2761
f 2646//2646 2763//2763 2644//2644
f 2646//2646 2766//2766 2763//2763
f 2765//2765 2767//2767 2764//2764
f 2645//2645 2764//2764 2767//2767
f 2768//2768 2645//2645 2767//2767
f 2648//2648 2645//2645 2768//2768
f 2649//2649 2766//2766 2646//2646
f 2649//2649 2769//2769 2766//2766
f 2650//2650 2648//2648 2770//2770
f 2648//2648 2771//2771 2770//2770
f 2648//2648 2768//2768 2771//2771
f 2770//2770 2651//2651 2650//2650
f 2772//2772 2769//2769 2649//2649
f 2772//2772 2649//2649 2652//2652
f 2652//2652 2654//2654 2772//2772
f 2772//2772 2654//2654 2773//2773
f 2771//2771 2774//2774 2770//2770
f 2651//2651 2770//2770 2774//2774
f 2775//2775 2651//2651 2774//2774
f 2655//2655 2651//2651 2775//2775
f 2656//2656 2773//2773 2654//2654
f 2656//2656 2776//2776 2773//2773
f 2775//2775 2657//2657 2655//2655
f 2777//2777 2657//2657 2775//2775
f 2658//2658 2776//2776 2656//2656
f 2658//2658 2778//2778 2776//2776
f 2777//2777 2659//2659 2657//2657
f 2779//2779 2659//2659 2777//2777
f 2660//2660 2778//2778 2658//2658
f 2660//2660 2780//2780 2778//2778
f 2779//2779 2661//2661 2659//2659
f 2781//2781 2661//2661 2779//2779
f 2662//2662 2780//2780 2660//2660
f 2662//2662 2782//2782 2780//2780
f 2781//2781 2663//2663 2661//2661
f 2783//2783 2663//2663 2781//2781
f 2664//2664 2782//2782 2662//2662
f 2664//2664 2784//2784 2782//2782
f 2783//2783 2665//2665 2663//2663
f 2785//2785 2665//2665 2783//2783
f 2666//2666 2784//2784 2664//2664
f 2666//2666 2786//2786 2784//2784
f 2785//2785 2667//2667 2665//2665
f 2787//2787 2667//2667 2785//2785
f 2668//2668 2786//2786 2666//2666
f 2668//2668 2788//2788 2786//2786
f 2787//2787 2669//2669 2667//2667
f 2789//2789 2669//2669 2787//2787
f 2670//2670 2788//2788 2668//2668
f 2670//2670 2790//2790 2788//2788
f 2789//2789 2671//2671 2669//2669
f 2791//2791 2671//2671 2789//2789
f 2672//2672 2790//2790 2670//2670
f 2672//2672 2792//2792 2790//2790
f 2791//2791 2673//2673 2671//2671
f 2793//2793 2673//2673 2791//2791
f 2674//2674 2792//2792 2672//2672
f 2674//2674 2794//2794 2792//2792
f 2793//2793 2675//2675 2673//2673
f 2795//2795 2675//2675 2793//2793
f 2676//2676 2794//2794 2674//2674
f 2676//2676 2796//2796 2794//2794
f 2795//2795 2677//2677 2675//2675
f 2797//2797 2677//2677 2795//2795
f 2678//2678 2796//2796 2676//2676
f 2678//2678 2798//2798 2796//2796
f 2800//2800 2679//2679 2799//2799
f 2679//2679 2797//2797 2799//2799
f 2679//2679 2677//2677 2797//2797
f 2801//2801 2800//2800 2799//2799
f 2681//2681 2798//2798 2678//2678
f 2681//2681 2802//2802 2798//2798
f 2800//2800 2682//2682 2679//2679
f 2683//2683 2682//2682 2800//2800
f 2801//2801 2683//2683 2800//2800
f 2803//2803 2683//2683 2801//2801
f 2804//2804 2802//2802 2681//2681
f 2804//2804 2681//2681 2684//2684
f 2684//2684 2685//2685 2804//2804
f 2804//2804 2685//2685 2805//2805
f 2803//2803 2686//2686 2683//2683
f 2806//2806 2686//2686 2803//2803
f 2687//2687 2805//2805 2685//2685
f 2687//2687 2807//2807 2805//2805
f 2806//2806 2688//2688 2686//2686
f 2808//2808 2688//2688 2806//2806
f 2689//2689 2807//2807 2687//2687
f 2689//2689 2809//2809 2807//2807
f 2808//2808 2690//2690 2688//2688
f 2810//2810 2690//2690 2808//2808
f 2691//2691 2809//2809 2689//2689
f 2691//2691 2811//2811 2809//2809
f 2814//2814 2813//2813 2812//2812
f 2810//2810 2814//2814 2812//2812
f 2692//2692 2810//2810 2812//2812
f 2690//2690 2810//2810 2692//2692
f 2693//2693 2811//2811 2691//2691
f 2693//2693 2815//2815 2811//2811
f 2812//2812 2813//2813 2816//2816
f 2816//2816 2813//2813 2817//2817
f 2816//2816 2694//2694 2692//2692
f 2816//2816 2692//2692 2812//2812
f 2695//2695 2815//2815 2693//2693
f 2695//2695 2818//2818 2815//2815
f 2816//2816 2817//2817 2698//2698
f 2817//2817 2697//2697 2698//2698
f 2817//2817 2819//2819 2697//2697
f 2816//2816 2698//2698 2694//2694
f 2699//2699 2818//2818 2695//2695
f 2699//2699 2820//2820 2818//2818
f 2819//2819 2701//2701 2697//2697
f 2821//2821 2701//2701 2819//2819
f 2702//2702 2820//2820 2699//2699
f 2702//2702 2822//2822 2820//2820
f 2825//2825 2824//2824 2823//2823
f 2821//2821 2825//2825 2823//2823
f 2704//2704 2821//2821 2823//2823
f 2701//2701 2821//2821 2704//2704
f 2705//2705 2822//2822 2702//2702
f 2705//2705 2826//2826 2822//2822
f 2823//2823 2824//2824 2827//2827
f 2827//2827 2824//2824 2828//2828
f 2827//2827 2706//2706 2704//2704
f 2827//2827 2704//2704 2823//2823
f 2707//2707 2830//2830 2829//2829
f 2826//2826 2707//2707 2829//2829
f 2705//2705 2707//2707 2826//2826
f 2830//2830 2831//2831 2829//2829
f 2827//2827 2828//2828 2832//2832
f 2832//2832 2828//2828 2833//2833
f 2832//2832 2708//2708 2706//2706
f 2832//2832 2706//2706 2827//2827
f 2709//2709 2834//2834 2830//2830
f 2709//2709 2830//2830 2707//2707
f 2831//2831 2830//2830 2835//2835
f 2830//2830 2836//2836 2835//2835
f 2830//2830 2834//2834 2836//2836
f 2836//2836 2837//2837 2835//2835
f 2840//2840 2839//2839 2838//2838
f 2840//2840 2838//2838 2833//2833
f 2833//2833 2838//2838 2832//2832
f 2838//2838 2711//2711 2832//2832
f 2711//2711 2712//2712 2832//2832
f 2832//2832 2712//2712 2708//2708
f 2713//2713 2834//2834 2709//2709
f 2834//2834 2713//2713 2715//2715
f 2841//2841 2834//2834 2715//2715
f 2836//2836 2834//2834 2841//2841
f 2837//2837 2836//2836 2842//2842
f 2836//2836 2843//2843 2842//2842
f 2836//2836 2841//2841 2843//2843
f 2845//2845 2844//2844 2843//2843
f 2843//2843 2844//2844 2842//2842
f 2845//2845 2846//2846 2844//2844
f 2849//2849 2848//2848 2847//2847
f 2851//2851 2850//2850 2847//2847
f 2847//2847 2850//2850 2849//2849
f 2850//2850 2851//2851 2839//2839
f 2839//2839 2851//2851 2838//2838
f 2851//2851 2717//2717 2838//2838
f 2717//2717 2718//2718 2838//2838
f 2838//2838 2718//2718 2711//2711
f 2732//2732 2852//2852 2733//2733
f 2852//2852 2735//2735 2733//2733
f 2739//2739 2853//2853 2740//2740
f 2854//2854 2741//2741 2740//2740
f 2854//2854 2740//2740 2853//2853
f 2852//2852 2732//2732 2741//2741
f 2854//2854 2852//2852 2741//2741
f 2855//2855 2852//2852 2854//2854
f 2856//2856 2742//2742 2735//2735
f 2852//2852 2856//2856 2735//2735
f 2855//2855 2856//2856 2852//2852
f 2857//2857 2743//2743 2742//2742
f 2857//2857 2742//2742 2856//2856
f 2857//2857 2745//2745 2743//2743
f 2748//2748 2858//2858 2749//2749
f 2853//2853 2739//2739 2749//2749
f 2858//2858 2853//2853 2749//2749
f 2859//2859 2853//2853 2858//2858
f 2861//2861 2854//2854 2860//2860
f 2854//2854 2859//2859 2860//2860
f 2854//2854 2853//2853 2859//2859
f 2854//2854 2861//2861 2855//2855
f 2855//2855 2861//2861 2862//2862
f 2855//2855 2862//2862 2856//2856
f 2856//2856 2862//2862 2863//2863
f 2865//2865 2864//2864 2863//2863
f 2864//2864 2856//2856 2863//2863
f 2864//2864 2857//2857 2856//2856
f 2866//2866 2750//2750 2745//2745
f 2857//2857 2866//2866 2745//2745
f 2864//2864 2866//2866 2857//2857
f 2866//2866 2752//2752 2750//2750
f 2754//2754 2867//2867 2858//2858
f 2754//2754 2858//2858 2748//2748
f 2869//2869 2859//2859 2868//2868
f 2859//2859 2867//2867 2868//2868
f 2859//2859 2858//2858 2867//2867
f 2859//2859 2869//2869 2860//2860
f 2865//2865 2870//2870 2864//2864
f 2872//2872 2871//2871 2870//2870
f 2871//2871 2864//2864 2870//2870
f 2871//2871 2866//2866 2864//2864
f 2873//2873 2755//2755 2752//2752
f 2866//2866 2873//2873 2752//2752
f 2871//2871 2873//2873 2866//2866
f 2873//2873 2757//2757 2755//2755
f 2759//2759 2874//2874 2758//2758
f 2874//2874 2875//2875 2758//2758
f 2758//2758 2875//2875 2754//2754
f 2875//2875 2876//2876 2754//2754
f 2876//2876 2867//2867 2754//2754
f 2867//2867 2876//2876 2868//2868
f 2872//2872 2877//2877 2871//2871
f 2871//2871 2877//2877 2873//2873
f 2873//2873 2877//2877 2878//2878
f 2878//2878 2880//2880 2879//2879
f 2878//2878 2879//2879 2760//2760
f 2873//2873 2878//2878 2760//2760
f 2757//2757 2873//2873 2760//2760
f 2879//2879 2762//2762 2760//2760
f 2763//2763 2881//2881 2874//2874
f 2763//2763 2874//2874 2759//2759
f 2875//2875 2874//2874 2882//2882
f 2882//2882 2874//2874 2881//2881
f 2879//2879 2880//2880 2883//2883
f 2883//2883 2880//2880 2884//2884
f 2883//2883 2765//2765 2762//2762
f 2883//2883 2762//2762 2879//2879
f 2886//2886 2885//2885 2881//2881
f 2763//2763 2886//2886 2881//2881
f 2766//2766 2886//2886 2763//2763
f 2881//2881 2885//2885 2882//2882
f 2884//2884 2887//2887 2883//2883
f 2887//2887 2889//2889 2888//2888
f 2887//2887 2888//2888 2767//2767
f 2883//2883 2887//2887 2767//2767
f 2765//2765 2883//2883 2767//2767
f 2888//2888 2768//2768 2767//2767
f 2769//2769 2891//2891 2890//2890
f 2886//2886 2769//2769 2890//2890
f 2766//2766 2769//2769 2886//2886
f 2891//2891 2892//2892 2890//2890
f 2889//2889 2893//2893 2888//2888
f 2768//2768 2888//2888 2893//2893
f 2894//2894 2768//2768 2893//2893
f 2771//2771 2768//2768 2894//2894
f 2772//2772 2891//2891 2769//2769
f 2772//2772 2773//2773 2891//2891
f 2773//2773 2892//2892 2891//2891
f 2773//2773 2895//2895 2892//2892
f 2774//2774 2771//2771 2896//2896
f 2771//2771 2897//2897 2896//2896
f 2771//2771 2894//2894 2897//2897
f 2896//2896 2775//2775 2774//2774
f 2776//2776 2895//2895 2773//2773
f 2776//2776 2898//2898 2895//2895
f 2896//2896 2897//2897 2899//2899
f 2899//2899 2897//2897 2900//2900
f 2899//2899 2777//2777 2775//2775
f 2899//2899 2775//2775 2896//2896
f 2778//2778 2898//2898 2776//2776
f 2778//2778 2901//2901 2898//2898
f 2899//2899 2900//2900 2902//2902
f 2902//2902 2900//2900 2903//2903
f 2902//2902 2779//2779 2777//2777
f 2902//2902 2777//2777 2899//2899
f 2780//2780 2901//2901 2778//2778
f 2780//2780 2904//2904 2901//2901
f 2903//2903 2905//2905 2902//2902
f 2779//2779 2902//2902 2905//2905
f 2906//2906 2779//2779 2905//2905
f 2781//2781 2779//2779 2906//2906
f 2782//2782 2904//2904 2780//2780
f 2782//2782 2907//2907 2904//2904
f 2906//2906 2783//2783 2781//2781
f 2908//2908 2783//2783 2906//2906
f 2784//2784 2907//2907 2782//2782
f 2784//2784 2909//2909 2907//2907
f 2908//2908 2785//2785 2783//2783
f 2910//2910 2785//2785 2908//2908
f 2786//2786 2909//2909 2784//2784
f 2786//2786 2911//2911 2909//2909
f 2910//2910 2787//2787 2785//2785
f 2912//2912 2787//2787 2910//2910
f 2788//2788 2911//2911 2786//2786
f 2788//2788 2913//2913 2911//2911
f 2912//2912 2789//2789 2787//2787
f 2914//2914 2789//2789 2912//2912
f 2790//2790 2913//2913 2788//2788
f 2790//2790 2915//2915 2913//2913
f 2914//2914 2791//2791 2789//2789
f 2916//2916 2791//2791 2914//2914
f 2792//2792 2915//2915 2790//2790
f 2792//2792 2917//2917 2915//2915
f 2916//2916 2793//2793 2791//2791
f 2918//2918 2793//2793 2916//2916
f 2794//2794 2917//2917 2792//2792
f 2794//2794 2919//2919 2917//2917
f 2918//2918 2795//2795 2793//2793
f 2920//2920 2795//2795 2918//2918
f 2796//2796 2919//2919 2794//2794
f 2796//2796 2921//2921 2919//2919
f 2920//2920 2797//2797 2795//2795
f 2922//2922 2797//2797 2920//2920
f 2798//2798 2921//2921 2796//2796
f 2798//2798 2923//2923 2921//2921
f 2799//2799 2797//2797 2924//2924
f 2797//2797 2925//2925 2924//2924
f 2797//2797 2922//2922 2925//2925
f 2924//2924 2801//2801 2799//2799
f 2802//2802 2923//2923 2798//2798
f 2802//2802 2926//2926 2923//2923
f 2925//2925 2927//2927 2924//2924
f 2801//2801 2924//2924 2927//2927
f 2928//2928 2801//2801 2927//2927
f 2803//2803 2801//2801 2928//2928
f 2929//2929 2926//2926 2802//2802
f 2929//2929 2802//2802 2804//2804
f 2804//2804 2805//2805 2929//2929
f 2929//2929 2805//2805 2930//2930
f 2928//2928 2806//2806 2803//2803
f 2931//2931 2806//2806 2928//2928
f 2807//2807 2930//2930 2805//2805
f 2807//2807 2932//2932 2930//2930
f 2935//2935 2934//2934 2933//2933
f 2931//2931 2935//2935 2933//2933
f 2808//2808 2931//2931 2933//2933
f 2806//2806 2931//2931 2808//2808
f 2809//2809 2932//2932 2807//2807
f 2809//2809 2936//2936 2932//2932
f 2933//2933 2934//2934 2937//2937
f 2937//2937 2934//2934 2938//2938
f 2937//2937 2810//2810 2808//2808
f 2937//2937 2808//2808 2933//2933
f 2811//2811 2936//2936 2809//2809
f 2811//2811 2939//2939 2936//2936
f 2937//2937 2938//2938 2814//2814
f 2938//2938 2813//2813 2814//2814
f 2938//2938 2940//2940 2813//2813
f 2937//2937 2814//2814 2810//2810
f 2815//2815 2939//2939 2811//2811
f 2815//2815 2941//2941 2939//2939
f 2944//2944 2943//2943 2942//2942
f 2940//2940 2944//2944 2942//2942
f 2817//2817 2940//2940 2942//2942
f 2813//2813 2940//2940 2817//2817
f 2818//2818 2941//2941 2815//2815
f 2818//2818 2945//2945 2941//2941
f 2942//2942 2943//2943 2946//2946
f 2946//2946 2943//2943 2947//2947
f 2946//2946 2819//2819 2817//2817
f 2946//2946 2817//2817 2942//2942
f 2820//2820 2945//2945 2818//2818
f 2820//2820 2948//2948 2945//2945
f 2946//2946 2947//2947 2949//2949
f 2949//2949 2947//2947 2950//2950
f 2949//2949 2821//2821 2819//2819
f 2949//2949 2819//2819 2946//2946
f 2822//2822 2948//2948 2820//2820
f 2822//2822 2951//2951 2948//2948
f 2954//2954 2953//2953 2952//2952
f 2954//2954 2952//2952 2950//2950
f 2950//2950 2952//2952 2949//2949
f 2952//2952 2824//2824 2949//2949
f 2824//2824 2825//2825 2949//2949
f 2949//2949 2825//2825 2821//2821
f 2826//2826 2956//2956 2955//2955
f 2951//2951 2826//2826 2955//2955
f 2822//2822 2826//2826 2951//2951
f 2956//2956 2957//2957 2955//2955
f 2952//2952 2953//2953 2958//2958
f 2958//2958 2953//2953 2959//2959
f 2958//2958 2828//2828 2824//2824
f 2958//2958 2824//2824 2952//2952
f 2829//2829 2956//2956 2826//2826
f 2961//2961 2960//2960 2831//2831
f 2831//2831 2960//2960 2829//2829
f 2960//2960 2957//2957 2829//2829
f 2957//2957 2956//2956 2829//2829
f 2963//2963 2962//2962 2961//2961
f 2961//2961 2962//2962 2960//2960
f 2963//2963 2964//2964 2962//2962
f 2967//2967 2966//2966 2965//2965
f 2967//2967 2965//2965 2959//2959
f 2965//2965 2958//2958 2959//2959
f 2965//2965 2968//2968 2958//2958
f 2968//2968 2833//2833 2828//2828
f 2968//2968 2828//2828 2958//2958
f 2835//2835 2961//2961 2831//2831
f 2961//2961 2835//2835 2837//2837
f 2969//2969 2961//2961 2837//2837
f 2963//2963 2961//2961 2969//2969
f 2964//2964 2963//2963 2970//2970
f 2963//2963 2971//2971 2970//2970
f 2963//2963 2969//2969 2971//2971
f 2973//2973 2972//2972 2971//2971
f 2971//2971 2972//2972 2970//2970
f 2975//2975 2974//2974 2973//2973
f 2973//2973 2974//2974 2972//2972
f 2977//2977 2976//2976 2975//2975
f 2975//2975 2976//2976 2974//2974
f 2976//2976 2977//2977 2966//2966
f 2977//2977 2965//2965 2966//2966
f 2977//2977 2978//2978 2965//2965
f 2978//2978 2839//2839 2840//2840
f 2968//2968 2978//2978 2840//2840
f 2965//2965 2978//2978 2968//2968
f 2968//2968 2840//2840 2833//2833
f 2842//2842 2969//2969 2837//2837
f 2969//2969 2842//2842 2844//2844
f 2969//2969 2844//2844 2971//2971
f 2971//2971 2844//2844 2846//2846
f 2979//2979 2971//2971 2846//2846
f 2973//2973 2971//2971 2979//2979
f 2973//2973 2980//2980 2975//2975
f 2973//2973 2979//2979 2980//2980
f 2980//2980 2848//2848 2849//2849
f 2977//2977 2980//2980 2849//2849
f 2975//2975 2980//2980 2977//2977
f 2977//2977 2849//2849 2850//2850
f 2977//2977 2850//2850 2978//2978
f 2978//2978 2850//2850 2839//2839
f 2860//2860 2981//2981 2861//2861
f 2982//2982 2862//2862 2861//2861
f 2982//2982 2861//2861 2981//2981
f 2983//2983 2863//2863 2862//2862
f 2983//2983 2862//2862 2982//2982
f 2983//2983 2865//2865 2863//2863
f 2868//2868 2984//2984 2869//2869
f 2981//2981 2860//2860 2869//2869
f 2984//2984 2981//2981 2869//2869
f 2985//2985 2981//2981 2984//2984
f 2981//2981 2986//2986 2982//2982
f 2981//2981 2985//2985 2986//2986
f 2982//2982 2987//2987 2983//2983
f 2982//2982 2986//2986 2987//2987
f 2988//2988 2870//2870 2865//2865
f 2983//2983 2988//2988 2865//2865
f 2987//2987 2988//2988 2983//2983
f 2988//2988 2872//2872 2870//2870
f 2875//2875 2989//2989 2876//2876
f 2984//2984 2868//2868 2876//2876
f 2989//2989 2984//2984 2876//2876
f 2990//2990 2984//2984 2989//2989
f 2984//2984 2991//2991 2985//2985
f 2984//2984 2990//2990 2991//2991
f 2993//2993 2986//2986 2992//2992
f 2986//2986 2991//2991 2992//2992
f 2986//2986 2985//2985 2991//2991
f 2995//2995 2994//2994 2993//2993
f 2994//2994 2986//2986 2993//2993
f 2994//2994 2987//2987 2986//2986
f 2987//2987 2996//2996 2988//2988
f 2987//2987 2994//2994 2996//2996
f 2997//2997 2877//2877 2872//2872
f 2988//2988 2997//2997 2872//2872
f 2996//2996 2997//2997 2988//2988
f 2998//2998 2878//2878 2877//2877
f 2998//2998 2877//2877 2997//2997
f 2998//2998 2880//2880 2878//2878
f 2882//2882 2999//2999 2989//2989
f 2882//2882 2989//2989 2875//2875
f 3001//3001 2990//2990 3000//3000
f 2990//2990 2999//2999 3000//3000
f 2990//2990 2989//2989 2999//2999
f 2990//2990 3001//3001 2991//2991
f 2991//2991 3001//3001 3002//3002
f 2991//2991 3002//3002 2992//2992
f 2995//2995 3003//3003 2994//2994
f 2994//2994 3003//3003 2996//2996
f 2996//2996 3003//3003 3004//3004
f 2996//2996 3004//3004 2997//2997
f 2997//2997 3004//3004 3005//3005
f 3007//3007 3006//3006 3005//3005
f 3006//3006 2997//2997 3005//3005
f 3006//3006 2998//2998 2997//2997
f 3006//3006 2884//2884 2880//2880
f 3006//3006 2880//2880 2998//2998
f 2886//2886 3008//3008 2885//2885
f 3008//3008 3009//3009 2885//2885
f 2885//2885 3009//3009 2882//2882
f 3009//3009 3010//3010 2882//2882
f 3010//3010 2999//2999 2882//2882
f 2999//2999 3010//3010 3000//3000
f 3007//3007 3011//3011 3006//3006
f 3011//3011 3013//3013 3012//3012
f 3011//3011 3012//3012 2887//2887
f 3006//3006 3011//3011 2887//2887
f 2884//2884 3006//3006 2887//2887
f 3012//3012 2889//2889 2887//2887
f 2890//2890 3008//3008 2886//2886
f 2890//2890 2892//2892 3008//3008
f 2892//2892 3009//3009 3008//3008
f 2892//2892 3014//3014 3009//3009
f 3013//3013 3015//3015 3012//3012
f 3015//3015 3017//3017 3016//3016
f 3015//3015 3016//3016 2893//2893
f 3012//3012 3015//3015 2893//2893
f 2889//2889 3012//3012 2893//2893
f 3016//3016 2894//2894 2893//2893
f 2895//2895 3014//3014 2892//2892
f 2895//2895 3018//3018 3014//3014
f 3016//3016 3017//3017 3019//3019
f 3019//3019 3017//3017 3020//3020
f 3019//3019 2897//2897 2894//2894
f 3019//3019 2894//2894 3016//3016
f 2898//2898 3018//3018 2895//2895
f 2898//2898 3021//3021 3018//3018
f 3020//3020 3022//3022 3019//3019
f 2897//2897 3019//3019 3022//3022
f 3023//3023 2897//2897 3022//3022
f 2900//2900 2897//2897 3023//3023
f 2901//2901 3021//3021 2898//2898
f 2901//2901 3024//3024 3021//3021
f 3023//3023 2903//2903 2900//2900
f 3025//3025 2903//2903 3023//3023
f 2904//2904 3024//3024 2901//2901
f 2904//2904 3026//3026 3024//3024
f 2905//2905 2903//2903 3027//3027
f 2903//2903 3028//3028 3027//3027
f 2903//2903 3025//3025 3028//3028
f 3027//3027 2906//2906 2905//2905
f 2907//2907 3026//3026 2904//2904
f 2907//2907 3029//3029 3026//3026
f 3027//3027 3028//3028 3030//3030
f 3030//3030 3028//3028 3031//3031
f 3030//3030 2908//2908 2906//2906
f 3030//3030 2906//2906 3027//3027
f 2909//2909 3029//3029 2907//2907
f 2909//2909 3032//3032 3029//3029
f 3031//3031 3033//3033 3030//3030
f 2908//2908 3030//3030 3033//3033
f 3034//3034 2908//2908 3033//3033
f 2910//2910 2908//2908 3034//3034
f 2911//2911 3032//3032 2909//2909
f 2911//2911 3035//3035 3032//3032
f 3034//3034 2912//2912 2910//2910
f 3036//3036 2912//2912 3034//3034
f 2913//2913 3035//3035 2911//2911
f 2913//2913 3037//3037 3035//3035
f 3036//3036 2914//2914 2912//2912
f 3038//3038 2914//2914 3036//3036
f 2915//2915 3037//3037 2913//2913
f 2915//2915 3039//3039 3037//3037
f 3038//3038 2916//2916 2914//2914
f 3040//3040 2916//2916 3038//3038
f 2917//2917 3039//3039 2915//2915
f 2917//2917 3041//3041 3039//3039
f 3040//3040 2918//2918 2916//2916
f 3042//3042 2918//2918 3040//3040
f 2919//2919 3041//3041 2917//2917
f 2919//2919 3043//3043 3041//3041
f 3042//3042 2920//2920 2918//2918
f 3044//3044 2920//2920 3042//3042
f 2921//2921 3043//3043 2919//2919
f 2921//2921 3045//3045 3043//3043
f 3044//3044 2922//2922 2920//2920
f 3046//3046 2922//2922 3044//3044
f 2923//2923 3045//3045 2921//2921
f 2923//2923 3047//3047 3045//3045
f 3046//3046 2925//2925 2922//2922
f 3048//3048 2925//2925 3046//3046
f 2926//2926 3047//3047 2923//2923
f 2926//2926 3049//3049 3047//3047
f 2927//2927 2925//2925 3050//3050
f 2925//2925 3051//3051 3050//3050
f 2925//2925 3048//3048 3051//3051
f 3050//3050 2928//2928 2927//2927
f 2926//2926 2929//2929 3052//3052
f 3053//3053 2926//2926 3052//3052
f 3049//3049 2926//2926 3053//3053
f 2930//2930 3052//3052 2929//2929
f 3050//3050 3051//3051 3054//3054
f 3054//3054 3051//3051 3055//3055
f 3054//3054 2931//2931 2928//2928
f 3054//3054 2928//2928 3050//3050
f 3056//3056 3053//3053 3052//3052
f 3052//3052 2930//2930 3056//3056
f 2930//2930 3057//3057 3056//3056
f 2930//2930 2932//2932 3057//3057
f 3054//3054 3055//3055 2935//2935
f 3055//3055 2934//2934 2935//2935
f 3055//3055 3058//3058 2934//2934
f 3054//3054 2935//2935 2931//2931
f 2936//2936 3057//3057 2932//2932
f 2936//2936 3059//3059 3057//3057
f 3058//3058 2938//2938 2934//2934
f 3060//3060 2938//2938 3058//3058
f 2939//2939 3059//3059 2936//2936
f 2939//2939 3061//3061 3059//3059
f 3064//3064 3063//3063 3062//3062
f 3060//3060 3064//3064 3062//3062
f 2940//2940 3060//3060 3062//3062
f 2938//2938 3060//3060 2940//2940
f 2941//2941 3066//3066 3065//3065
f 3061//3061 2941//2941 3065//3065
f 2939//2939 2941//2941 3061//3061
f 3066//3066 3067//3067 3065//3065
f 3062//3062 3063//3063 2944//2944
f 3063//3063 2943//2943 2944//2944
f 3063//3063 3068//3068 2943//2943
f 3062//3062 2944//2944 2940//2940
f 2945//2945 3069//3069 3066//3066
f 2945//2945 3066//3066 2941//2941
f 3067//3067 3066//3066 3070//3070
f 3070//3070 3066//3066 3069//3069
f 3073//3073 3072//3072 3071//3071
f 3068//3068 3073//3073 3071//3071
f 2947//2947 3068//3068 3071//3071
f 2943//2943 3068//3068 2947//2947
f 2948//2948 3074//3074 3069//3069
f 2948//2948 3069//3069 2945//2945
f 3070//3070 3069//3069 3075//3075
f 3075//3075 3069//3069 3074//3074
f 3071//3071 3072//3072 3076//3076
f 3076//3076 3072//3072 3077//3077
f 3076//3076 2950//2950 2947//2947
f 3076//3076 2947//2947 3071//3071
f 2951//2951 3078//3078 3074//3074
f 2951//2951 3074//3074 2948//2948
f 3075//3075 3074//3074 3079//3079
f 3074//3074 3080//3080 3079//3079
f 3074//3074 3078//3078 3080//3080
f 3080//3080 3081//3081 3079//3079
f 3084//3084 3083//3083 3082//3082
f 3084//3084 3082//3082 3077//3077
f 3077//3077 3082//3082 3076//3076
f 3082//3082 2953//2953 3076//3076
f 2953//2953 2954//2954 3076//3076
f 3076//3076 2954//2954 2950//2950
f 2955//2955 3078//3078 2951//2951
f 3078//3078 2955//2955 2957//2957
f 3085//3085 3078//3078 2957//2957
f 3080//3080 3078//3078 3085//3085
f 3081//3081 3080//3080 3086//3086
f 3080//3080 3087//3087 3086//3086
f 3080//3080 3085//3085 3087//3087
f 3089//3089 3088//3088 3087//3087
f 3087//3087 3088//3088 3086//3086
f 3091//3091 3090//3090 3089//3089
f 3089//3089 3090//3090 3088//3088
f 3093//3093 3092//3092 3091//3091
f 3091//3091 3092//3092 3090//3090
f 3095//3095 3094//3094 3093//3093
f 3093//3093 3094//3094 3092//3092
f 3094//3094 3095//3095 3083//3083
f 3095//3095 3082//3082 3083//3083
f 3095//3095 3096//3096 3082//3082
f 3096//3096 2959//2959 2953//2953
f 3096//3096 2953//2953 3082//3082
f 2960//2960 3085//3085 2957//2957
f 3085//3085 2960//2960 2962//2962
f 3085//3085 2962//2962 3087//3087
f 3087//3087 2962//2962 2964//2964
f 3097//3097 3087//3087 2964//2964
f 3089//3089 3087//3087 3097//3097
f 3089//3089 3098//3098 3091//3091
f 3089//3089 3097//3097 3098//3098
f 3091//3091 3099//3099 3093//3093
f 3091//3091 3098//3098 3099//3099
f 3093//3093 3100//3100 3095//3095
f 3093//3093 3099//3099 3100//3100
f 3100//3100 2966//2966 2967//2967
f 3096//3096 3100//3100 2967//2967
f 3095//3095 3100//3100 3096//3096
f 3096//3096 2967//2967 2959//2959
f 2970//2970 3097//3097 2964//2964
f 3097//3097 2970//2970 2972//2972
f 3097//3097 2972//2972 3098//3098
f 3098//3098 2972//2972 2974//2974
f 3098//3098 2974//2974 3099//3099
f 3099//3099 2974//2974 2976//2976
f 3099//3099 2976//2976 3100//3100
f 3100//3100 2976//2976 2966//2966
f 2992//2992 3101//3101 2993//2993
f 3101//3101 2995//2995 2993//2993
f 3000//3000 3102//3102 3001//3001
f 3103//3103 3002//3002 3001//3001
f 3103//3103 3001//3001 3102//3102
f 3101//3101 2992//2992 3002//3002
f 3103//3103 3101//3101 3002//3002
f 3104//3104 3101//3101 3103//3103
f 3105//3105 3003//3003 2995//2995
f 3101//3101 3105//3105 2995//2995
f 3104//3104 3105//3105 3101//3101
f 3106//3106 3004//3004 3003//3003
f 3106//3106 3003//3003 3105//3105
f 3107//3107 3005//3005 3004//3004
f 3107//3107 3004//3004 3106//3106
f 3107//3107 3007//3007 3005//3005
f 3009//3009 3108//3108 3010//3010
f 3102//3102 3000//3000 3010//3010
f 3108//3108 3102//3102 3010//3010
f 3109//3109 3102//3102 3108//3108
f 3111//3111 3103//3103 3110//3110
f 3103//3103 3109//3109 3110//3110
f 3103//3103 3102//3102 3109//3109
f 3103//3103 3111//3111 3104//3104
f 3104//3104 3111//3111 3112//3112
f 3104//3104 3112//3112 3105//3105
f 3105//3105 3112//3112 3113//3113
f 3105//3105 3113//3113 3106//3106
f 3106//3106 3113//3113 3114//3114
f 3116//3116 3115//3115 3114//3114
f 3115//3115 3106//3106 3114//3114
f 3115//3115 3107//3107 3106//3106
f 3117//3117 3011//3011 3007//3007
f 3107//3107 3117//3117 3007//3007
f 3115//3115 3117//3117 3107//3107
f 3117//3117 3013//3013 3011//3011
f 3014//3014 3118//3118 3108//3108
f 3014//3014 3108//3108 3009//3009
f 3120//3120 3109//3109 3119//3119
f 3109//3109 3118//3118 3119//3119
f 3109//3109 3108//3108 3118//3118
f 3109//3109 3120//3120 3110//3110
f 3116//3116 3121//3121 3115//3115
f 3115//3115 3121//3121 3117//3117
f 3117//3117 3121//3121 3122//3122
f 3122//3122 3124//3124 3123//3123
f 3122//3122 3123//3123 3015//3015
f 3117//3117 3122//3122 3015//3015
f 3013//3013 3117//3117 3015//3015
f 3123//3123 3017//3017 3015//3015
f 3126//3126 3125//3125 3118//3118
f 3014//3014 3126//3126 3118//3118
f 3018//3018 3126//3126 3014//3014
f 3118//3118 3125//3125 3119//3119
f 3123//3123 3124//3124 3127//3127
f 3127//3127 3124//3124 3128//3128
f 3127//3127 3020//3020 3017//3017
f 3127//3127 3017//3017 3123//3123
f 3021//3021 3126//3126 3018//3018
f 3021//3021 3129//3129 3126//3126
f 3128//3128 3130//3130 3127//3127
f 3130//3130 3132//3132 3131//3131
f 3130//3130 3131//3131 3022//3022
f 3127//3127 3130//3130 3022//3022
f 3020//3020 3127//3127 3022//3022
f 3131//3131 3023//3023 3022//3022
f 3024//3024 3129//3129 3021//3021
f 3024//3024 3133//3133 3129//3129
f 3131//3131 3132//3132 3134//3134
f 3134//3134 3132//3132 3135//3135
f 3134//3134 3025//3025 3023//3023
f 3134//3134 3023//3023 3131//3131
f 3026//3026 3133//3133 3024//3024
f 3026//3026 3136//3136 3133//3133
f 3135//3135 3137//3137 3134//3134
f 3025//3025 3134//3134 3137//3137
f 3138//3138 3025//3025 3137//3137
f 3028//3028 3025//3025 3138//3138
f 3029//3029 3136//3136 3026//3026
f 3029//3029 3139//3139 3136//3136
f 3138//3138 3031//3031 3028//3028
f 3140//3140 3031//3031 3138//3138
f 3032//3032 3139//3139 3029//3029
f 3032//3032 3141//3141 3139//3139
f 3033//3033 3031//3031 3142//3142
f 3031//3031 3143//3143 3142//3142
f 3031//3031 3140//3140 3143//3143
f 3142//3142 3034//3034 3033//3033
f 3035//3035 3141//3141 3032//3032
f 3035//3035 3144//3144 3141//3141
f 3142//3142 3143//3143 3145//3145
f 3145//3145 3143//3143 3146//3146
f 3145//3145 3036//3036 3034//3034
f 3145//3145 3034//3034 3142//3142
f 3037//3037 3144//3144 3035//3035
f 3037//3037 3147//3147 3144//3144
f 3146//3146 3148//3148 3145//3145
f 3036//3036 3145//3145 3148//3148
f 3149//3149 3036//3036 3148//3148
f 3038//3038 3036//3036 3149//3149
f 3039//3039 3147//3147 3037//3037
f 3039//3039 3150//3150 3147//3147
f 3149//3149 3040//3040 3038//3038
f 3151//3151 3040//3040 3149//3149
f 3041//3041 3150//3150 3039//3039
f 3041//3041 3152//3152 3150//3150
f 3151//3151 3042//3042 3040//3040
f 3153//3153 3042//3042 3151//3151
f 3043//3043 3152//3152 3041//3041
f 3043//3043 3154//3154 3152//3152
f 3153//3153 3044//3044 3042//3042
f 3155//3155 3044//3044 3153//3153
f 3045//3045 3154//3154 3043//3043
f 3045//3045 3156//3156 3154//3154
f 3155//3155 3046//3046 3044//3044
f 3157//3157 3046//3046 3155//3155
f 3047//3047 3156//3156 3045//3045
f 3047//3047 3158//3158 3156//3156
f 3157//3157 3048//3048 3046//3046
f 3159//3159 3048//3048 3157//3157
f 3049//3049 3158//3158 3047//3047
f 3049//3049 3160//3160 3158//3158
f 3159//3159 3051//3051 3048//3048
f 3161//3161 3051//3051 3159//3159
f 3053//3053 3160//3160 3049//3049
f 3053//3053 3162//3162 3160//3160
f 3161//3161 3055//3055 3051//3051
f 3163//3163 3055//3055 3161//3161
f 3164//3164 3162//3162 3053//3053
f 3164//3164 3053//3053 3056//3056
f 3056//3056 3057//3057 3164//3164
f 3164//3164 3057//3057 3165//3165
f 3168//3168 3167//3167 3166//3166
f 3163//3163 3168//3168 3166//3166
f 3058//3058 3163//3163 3166//3166
f 3055//3055 3163//3163 3058//3058
f 3059//3059 3165//3165 3057//3057
f 3059//3059 3169//3169 3165//3165
f 3166//3166 3167//3167 3170//3170
f 3170//3170 3167//3167 3171//3171
f 3170//3170 3060//3060 3058//3058
f 3170//3170 3058//3058 3166//3166
f 3061//3061 3173//3173 3172//3172
f 3169//3169 3061//3061 3172//3172
f 3059//3059 3061//3061 3169//3169
f 3173//3173 3174//3174 3172//3172
f 3177//3177 3176//3176 3175//3175
f 3177//3177 3175//3175 3171//3171
f 3171//3171 3175//3175 3170//3170
f 3175//3175 3063//3063 3170//3170
f 3063//3063 3064//3064 3170//3170
f 3170//3170 3064//3064 3060//3060
f 3065//3065 3173//3173 3061//3061
f 3065//3065 3067//3067 3173//3173
f 3067//3067 3174//3174 3173//3173
f 3067//3067 3178//3178 3174//3174
f 3175//3175 3176//3176 3179//3179
f 3179//3179 3176//3176 3180//3180
f 3179//3179 3068//3068 3063//3063
f 3179//3179 3063//3063 3175//3175
f 3070//3070 3178//3178 3067//3067
f 3070//3070 3181//3181 3178//3178
f 3184//3184 3183//3183 3182//3182
f 3184//3184 3182//3182 3180//3180
f 3180//3180 3182//3182 3179//3179
f 3182//3182 3072//3072 3179//3179
f 3072//3072 3073//3073 3179//3179
f 3179//3179 3073//3073 3068//3068
f 3075//3075 3186//3186 3185//3185
f 3181//3181 3075//3075 3185//3185
f 3070//3070 3075//3075 3181//3181
f 3188//3188 3187//3187 3186//3186
f 3186//3186 3187//3187 3185//3185
f 3190//3190 3189//3189 3188//3188
f 3188//3188 3189//3189 3187//3187
f 3192//3192 3191//3191 3190//3190
f 3190//3190 3191//3191 3189//3189
f 3194//3194 3193//3193 3192//3192
f 3192//3192 3193//3193 3191//3191
f 3196//3196 3195//3195 3194//3194
f 3194//3194 3195//3195 3193//3193
f 3195//3195 3196//3196 3183//3183
f 3196//3196 3182//3182 3183//3183
f 3196//3196 3197//3197 3182//3182
f 3197//3197 3077//3077 3072//3072
f 3197//3197 3072//3072 3182//3182
f 3079//3079 3186//3186 3075//3075
f 3186//3186 3079//3079 3081//3081
f 3198//3198 3186//3186 3081//3081
f 3188//3188 3186//3186 3198//3198
f 3188//3188 3199//3199 3190//3190
f 3188//3188 3198//3198 3199//3199
f 3190//3190 3200//3200 3192//3192
f 3190//3190 3199//3199 3200//3200
f 3192//3192 3201//3201 3194//3194
f 3192//3192 3200//3200 3201//3201
f 3194//3194 3202//3202 3196//3196
f 3194//3194 3201//3201 3202//3202
f 3202//3202 3083//3083 3084//3084
f 3197//3197 3202//3202 3084//3084
f 3196//3196 3202//3202 3197//3197
f 3197//3197 3084//3084 3077//3077
f 3086//3086 3198//3198 3081//3081
f 3198//3198 3086//3086 3088//3088
f 3198//3198 3088//3088 3199//3199
f 3199//3199 3088//3088 3090//3090
f 3199//3199 3090//3090 3200//3200
f 3200//3200 3090//3090 3092//3092
f 3200//3200 3092//3092 3201//3201
f 3201//3201 3092//3092 3094//3094
f 3201//3201 3094//3094 3202//3202
f 3202//3202 3094//3094 3083//3083
f 3211//3211 3204//3204 3203//3203
f 3211//3211 3203//3203 3205//3205
f 3211//3211 3205//3205 3212//3212
f 3212//3212 3205//3205 3206//3206
f 3212//3212 3206//3206 3213//3213
f 3213//3213 3206//3206 3207//3207
f 3213//3213 3207//3207 3214//3214
f 3214//3214 3207//3207 3208//3208
f 3214//3214 3208//3208 3215//3215
f 3215//3215 3208//3208 3209//3209
f 3215//3215 3209//3209 3216//3216
f 3216//3216 3209//3209 3210//3210
f 3110//3110 3217//3217 3111//3111
f 3218//3218 3112//3112 3111//3111
f 3218//3218 3111//3111 3217//3217
f 3219//3219 3113//3113 3112//3112
f 3219//3219 3112//3112 3218//3218
f 3220//3220 3114//3114 3113//3113
f 3220//3220 3113//3113 3219//3219
f 3220//3220 3116//3116 3114//3114
f 3119//3119 3221//3221 3120//3120
f 3221//3221 3222//3222 3120//3120
f 3120//3120 3222//3222 3110//3110
f 3222//3222 3223//3223 3110//3110
f 3223//3223 3217//3217 3110//3110
f 3217//3217 3223//3223 3218//3218
f 3218//3218 3223//3223 3224//3224
f 3218//3218 3224//3224 3219//3219
f 3219//3219 3224//3224 3225//3225
f 3219//3219 3225//3225 3220//3220
f 3220//3220 3225//3225 3226//3226
f 3226//3226 3228//3228 3227//3227
f 3226//3226 3227//3227 3121//3121
f 3220//3220 3226//3226 3121//3121
f 3116//3116 3220//3220 3121//3121
f 3229//3229 3122//3122 3121//3121
f 3229//3229 3121//3121 3227//3227
f 3229//3229 3124//3124 3122//3122
f 3126//3126 3230//3230 3125//3125
f 3230//3230 3231//3231 3125//3125
f 3125//3125 3231//3231 3119//3119
f 3231//3231 3232//3232 3119//3119
f 3232//3232 3221//3221 3119//3119
f 3221//3221 3232//3232 3222//3222
f 3228//3228 3233//3233 3227//3227
f 3235//3235 3234//3234 3233//3233
f 3234//3234 3227//3227 3233//3233
f 3234//3234 3229//3229 3227//3227
f 3234//3234 3128//3128 3124//3124
f 3234//3234 3124//3124 3229//3229
f 3129//3129 3236//3236 3230//3230
f 3129//3129 3230//3230 3126//3126
f 3231//3231 3230//3230 3237//3237
f 3237//3237 3230//3230 3236//3236
f 3235//3235 3238//3238 3234//3234
f 3238//3238 3240//3240 3239//3239
f 3238//3238 3239//3239 3130//3130
f 3234//3234 3238//3238 3130//3130
f 3128//3128 3234//3234 3130//3130
f 3239//3239 3132//3132 3130//3130
f 3242//3242 3241//3241 3236//3236
f 3129//3129 3242//3242 3236//3236
f 3133//3133 3242//3242 3129//3129
f 3236//3236 3241//3241 3237//3237
f 3240//3240 3243//3243 3239//3239
f 3132//3132 3239//3239 3243//3243
f 3244//3244 3132//3132 3243//3243
f 3135//3135 3132//3132 3244//3244
f 3136//3136 3242//3242 3133//3133
f 3136//3136 3245//3245 3242//3242
f 3137//3137 3135//3135 3246//3246
f 3135//3135 3247//3247 3246//3246
f 3135//3135 3244//3244 3247//3247
f 3246//3246 3138//3138 3137//3137
f 3139//3139 3245//3245 3136//3136
f 3139//3139 3248//3248 3245//3245
f 3247//3247 3249//3249 3246//3246
f 3138//3138 3246//3246 3249//3249
f 3250//3250 3138//3138 3249//3249
f 3140//3140 3138//3138 3250//3250
f 3141//3141 3248//3248 3139//3139
f 3141//3141 3251//3251 3248//3248
f 3250//3250 3143//3143 3140//3140
f 3252//3252 3143//3143 3250//3250
f 3144//3144 3251//3251 3141//3141
f 3144//3144 3253//3253 3251//3251
f 3252//3252 3146//3146 3143//3143
f 3254//3254 3146//3146 3252//3252
f 3147//3147 3253//3253 3144//3144
f 3147//3147 3255//3255 3253//3253
f 3148//3148 3146//3146 3256//3256
f 3146//3146 3257//3257 3256//3256
f 3146//3146 3254//3254 3257//3257
f 3256//3256 3149//3149 3148//3148
f 3150//3150 3255//3255 3147//3147
f 3150//3150 3258//3258 3255//3255
f 3256//3256 3257//3257 3259//3259
f 3259//3259 3257//3257 3260//3260
f 3259//3259 3151//3151 3149//3149
f 3259//3259 3149//3149 3256//3256
f 3152//3152 3258//3258 3150//3150
f 3152//3152 3261//3261 3258//3258
f 3259//3259 3260//3260 3262//3262
f 3262//3262 3260//3260 3263//3263
f 3262//3262 3153//3153 3151//3151
f 3262//3262 3151//3151 3259//3259
f 3154//3154 3261//3261 3152//3152
f 3154//3154 3264//3264 3261//3261
f 3262//3262 3263//3263 3265//3265
f 3265//3265 3263//3263 3266//3266
f 3265//3265 3155//3155 3153//3153
f 3265//3265 3153//3153 3262//3262
f 3156//3156 3264//3264 3154//3154
f 3156//3156 3267//3267 3264//3264
f 3265//3265 3266//3266 3268//3268
f 3268//3268 3266//3266 3269//3269
f 3268//3268 3157//3157 3155//3155
f 3268//3268 3155//3155 3265//3265
f 3158//3158 3267//3267 3156//3156
f 3158//3158 3270//3270 3267//3267
f 3268//3268 3269//3269 3271//3271
f 3271//3271 3269//3269 3272//3272
f 3271//3271 3159//3159 3157//3157
f 3271//3271 3157//3157 3268//3268
f 3160//3160 3270//3270 3158//3158
f 3160//3160 3273//3273 3270//3270
f 3271//3271 3272//3272 3274//3274
f 3274//3274 3272//3272 3275//3275
f 3274//3274 3161//3161 3159//3159
f 3274//3274 3159//3159 3271//3271
f 3162//3162 3273//3273 3160//3160
f 3162//3162 3276//3276 3273//3273
f 3274//3274 3275//3275 3277//3277
f 3277//3277 3275//3275 3278//3278
f 3277//3277 3163//3163 3161//3161
f 3277//3277 3161//3161 3274//3274
f 3279//3279 3276//3276 3162//3162
f 3279//3279 3162//3162 3164//3164
f 3164//3164 3165//3165 3279//3279
f 3279//3279 3165//3165 3280//3280
f 3283//3283 3282//3282 3281//3281
f 3283//3283 3281//3281 3278//3278
f 3278//3278 3281//3281 3277//3277
f 3281//3281 3167//3167 3277//3277
f 3167//3167 3168//3168 3277//3277
f 3277//3277 3168//3168 3163//3163
f 3169//3169 3280//3280 3165//3165
f 3169//3169 3284//3284 3280//3280
f 3281//3281 3282//3282 3285//3285
f 3285//3285 3282//3282 3286//3286
f 3285//3285 3171//3171 3167//3167
f 3285//3285 3167//3167 3281//3281
f 3287//3287 3284//3284 3169//3169
f 3287//3287 3169//3169 3172//3172
f 3172//3172 3174//3174 3287//3287
f 3287//3287 3174//3174 3288//3288
f 3291//3291 3290//3290 3289//3289
f 3291//3291 3289//3289 3286//3286
f 3286//3286 3289//3289 3285//3285
f 3289//3289 3176//3176 3285//3285
f 3176//3176 3177//3177 3285//3285
f 3285//3285 3177//3177 3171//3171
f 3178//3178 3293//3293 3292//3292
f 3288//3288 3178//3178 3292//3292
f 3174//3174 3178//3178 3288//3288
f 3293//3293 3294//3294 3292//3292
f 3297//3297 3296//3296 3295//3295
f 3297//3297 3295//3295 3290//3290
f 3295//3295 3289//3289 3290//3290
f 3295//3295 3298//3298 3289//3289
f 3298//3298 3180//3180 3176//3176
f 3298//3298 3176//3176 3289//3289
f 3181//3181 3299//3299 3293//3293
f 3181//3181 3293//3293 3178//3178
f 3294//3294 3293//3293 3300//3300
f 3293//3293 3301//3301 3300//3300
f 3293//3293 3299//3299 3301//3301
f 3303//3303 3302//3302 3301//3301
f 3301//3301 3302//3302 3300//3300
f 3305//3305 3304//3304 3303//3303
f 3303//3303 3304//3304 3302//3302
f 3307//3307 3306//3306 3305//3305
f 3305//3305 3306//3306 3304//3304
f 3306//3306 3307//3307 3296//3296
f 3307//3307 3295//3295 3296//3296
f 3307//3307 3308//3308 3295//3295
f 3308//3308 3183//3183 3184//3184
f 3298//3298 3308//3308 3184//3184
f 3295//3295 3308//3308 3298//3298
f 3298//3298 3184//3184 3180//3180
f 3185//3185 3299//3299 3181//3181
f 3299//3299 3185//3185 3187//3187
f 3299//3299 3187//3187 3301//3301
f 3301//3301 3187//3187 3189//3189
f 3301//3301 3189//3189 3303//3303
f 3303//3303 3189//3189 3191//3191
f 3303//3303 3191//3191 3305//3305
f 3305//3305 3191//3191 3193//3193
f 3305//3305 3193//3193 3307//3307
f 3307//3307 3193//3193 3195//3195
f 3307//3307 3195//3195 3308//3308
f 3308//3308 3195//3195 3183//3183
f 3313//3313 3310//3310 3309//3309
f 3313//3313 3309//3309 3204//3204
f 3211//3211 3313//3313 3204//3204
f 3314//3314 3313//3313 3211//3211
f 3315//3315 3211//3211 3212//3212
f 3315//3315 3314//3314 3211//3211
f 3316//3316 3212//3212 3213//3213
f 3316//3316 3315//3315 3212//3212
f 3318//3318 3316//3316 3317//3317
f 3316//3316 3214//3214 3317//3317
f 3316//3316 3213//3213 3214//3214
f 3215//3215 3319//3319 3214//3214
f 3214//3214 3319//3319 3317//3317
f 3216//3216 3320//3320 3215//3215
f 3215//3215 3320//3320 3319//3319
f 3321//3321 3320//3320 3216//3216
f 3321//3321 3216//3216 3210//3210
f 3322//3322 3321//3321 3210//3210
f 3311//3311 3322//3322 3210//3210
f 3322//3322 3311//3311 3312//3312
f 3323//3323 3318//3318 3317//3317
f 3323//3323 3317//3317 3319//3319
f 3323//3323 3319//3319 3324//3324
f 3324//3324 3319//3319 3320//3320
f 3324//3324 3320//3320 3325//3325
f 3325//3325 3320//3320 3321//3321
f 3222//3222 3326//3326 3223//3223
f 3327//3327 3224//3224 3223//3223
f 3327//3327 3223//3223 3326//3326
f 3328//3328 3225//3225 3224//3224
f 3328//3328 3224//3224 3327//3327
f 3329//3329 3226//3226 3225//3225
f 3329//3329 3225//3225 3328//3328
f 3329//3329 3228//3228 3226//3226
f 3231//3231 3330//3330 3232//3232
f 3330//3330 3331//3331 3232//3232
f 3232//3232 3331//3331 3222//3222
f 3331//3331 3332//3332 3222//3222
f 3332//3332 3326//3326 3222//3222
f 3326//3326 3332//3332 3327//3327
f 3327//3327 3332//3332 3333//3333
f 3327//3327 3333//3333 3328//3328
f 3328//3328 3333//3333 3334//3334
f 3328//3328 3334//3334 3329//3329
f 3329//3329 3334//3334 3335//3335
f 3335//3335 3337//3337 3336//3336
f 3335//3335 3336//3336 3233//3233
f 3329//3329 3335//3335 3233//3233
f 3228//3228 3329//3329 3233//3233
f 3336//3336 3235//3235 3233//3233
f 3237//3237 3338//3338 3330//3330
f 3237//3237 3330//3330 3231//3231
f 3331//3331 3330//3330 3339//3339
f 3339//3339 3330//3330 3338//3338
f 3337//3337 3340//3340 3336//3336
f 3340//3340 3342//3342 3341//3341
f 3340//3340 3341//3341 3238//3238
f 3336//3336 3340//3340 3238//3238
f 3235//3235 3336//3336 3238//3238
f 3341//3341 3240//3240 3238//3238
f 3242//3242 3343//3343 3241//3241
f 3343//3343 3344//3344 3241//3241
f 3241//3241 3344//3344 3237//3237
f 3344//3344 3345//3345 3237//3237
f 3345//3345 3338//3338 3237//3237
f 3338//3338 3345//3345 3339//3339
f 3342//3342 3346//3346 3341//3341
f 3346//3346 3348//3348 3347//3347
f 3346//3346 3347//3347 3243//3243
f 3341//3341 3346//3346 3243//3243
f 3240//3240 3341//3341 3243//3243
f 3347//3347 3244//3244 3243//3243
f 3245//3245 3349//3349 3343//3343
f 3245//3245 3343//3343 3242//3242
f 3344//3344 3343//3343 3350//3350
f 3350//3350 3343//3343 3349//3349
f 3347//3347 3348//3348 3351//3351
f 3351//3351 3348//3348 3352//3352
f 3351//3351 3247//3247 3244//3244
f 3351//3351 3244//3244 3347//3347
f 3248//3248 3353//3353 3349//3349
f 3248//3248 3349//3349 3245//3245
f 3350//3350 3349//3349 3354//3354
f 3354//3354 3349//3349 3353//3353
f 3352//3352 3355//3355 3351//3351
f 3355//3355 3357//3357 3356//3356
f 3355//3355 3356//3356 3249//3249
f 3351//3351 3355//3355 3249//3249
f 3247//3247 3351//3351 3249//3249
f 3356//3356 3250//3250 3249//3249
f 3359//3359 3358//3358 3353//3353
f 3248//3248 3359//3359 3353//3353
f 3251//3251 3359//3359 3248//3248
f 3353//3353 3358//3358 3354//3354
f 3356//3356 3357//3357 3360//3360
f 3360//3360 3357//3357 3361//3361
f 3360//3360 3252//3252 3250//3250
f 3360//3360 3250//3250 3356//3356
f 3253//3253 3359//3359 3251//3251
f 3253//3253 3362//3362 3359//3359
f 3360//3360 3361//3361 3363//3363
f 3363//3363 3361//3361 3364//3364
f 3363//3363 3254//3254 3252//3252
f 3363//3363 3252//3252 3360//3360
f 3255//3255 3362//3362 3253//3253
f 3255//3255 3365//3365 3362//3362
f 3364//3364 3366//3366 3363//3363
f 3254//3254 3363//3363 3366//3366
f 3367//3367 3254//3254 3366//3366
f 3257//3257 3254//3254 3367//3367
f 3258//3258 3365//3365 3255//3255
f 3258//3258 3368//3368 3365//3365
f 3367//3367 3260//3260 3257//3257
f 3369//3369 3260//3260 3367//3367
f 3261//3261 3368//3368 3258//3258
f 3261//3261 3370//3370 3368//3368
f 3369//3369 3263//3263 3260//3260
f 3371//3371 3263//3263 3369//3369
f 3264//3264 3370//3370 3261//3261
f 3264//3264 3372//3372 3370//3370
f 3371//3371 3266//3266 3263//3263
f 3373//3373 3266//3266 3371//3371
f 3267//3267 3372//3372 3264//3264
f 3267//3267 3374//3374 3372//3372
f 3377//3377 3376//3376 3375//3375
f 3373//3373 3377//3377 3375//3375
f 3269//3269 3373//3373 3375//3375
f 3266//3266 3373//3373 3269//3269
f 3270//3270 3379//3379 3378//3378
f 3374//3374 3270//3270 3378//3378
f 3267//3267 3270//3270 3374//3374
f 3379//3379 3380//3380 3378//3378
f 3375//3375 3376//3376 3381//3381
f 3381//3381 3376//3376 3382//3382
f 3381//3381 3272//3272 3269//3269
f 3381//3381 3269//3269 3375//3375
f 3273//3273 3383//3383 3379//3379
f 3273//3273 3379//3379 3270//3270
f 3380//3380 3379//3379 3384//3384
f 3384//3384 3379//3379 3383//3383
f 3381//3381 3382//3382 3385//3385
f 3385//3385 3382//3382 3386//3386
f 3385//3385 3275//3275 3272//3272
f 3385//3385 3272//3272 3381//3381
f 3276//3276 3387//3387 3383//3383
f 3276//3276 3383//3383 3273//3273
f 3384//3384 3383//3383 3388//3388
f 3383//3383 3389//3389 3388//3388
f 3383//3383 3387//3387 3389//3389
f 3389//3389 3390//3390 3388//3388
f 3393//3393 3392//3392 3391//3391
f 3393//3393 3391//3391 3386//3386
f 3391//3391 3385//3385 3386//3386
f 3391//3391 3394//3394 3385//3385
f 3394//3394 3278//3278 3275//3275
f 3394//3394 3275//3275 3385//3385
f 3279//3279 3387//3387 3276//3276
f 3387//3387 3279//3279 3280//3280
f 3395//3395 3387//3387 3280//3280
f 3389//3389 3387//3387 3395//3395
f 3390//3390 3389//3389 3396//3396
f 3396//3396 3389//3389 3395//3395
f 3391//3391 3392//3392 3397//3397
f 3397//3397 3392//3392 3398//3398
f 3397//3397 3282//3282 3283//3283
f 3394//3394 3397//3397 3283//3283
f 3391//3391 3397//3397 3394//3394
f 3394//3394 3283//3283 3278//3278
f 3284//3284 3399//3399 3395//3395
f 3284//3284 3395//3395 3280//3280
f 3396//3396 3395//3395 3400//3400
f 3395//3395 3401//3401 3400//3400
f 3395//3395 3399//3399 3401//3401
f 3401//3401 3402//3402 3400//3400
f 3405//3405 3404//3404 3403//3403
f 3405//3405 3403//3403 3398//3398
f 3403//3403 3397//3397 3398//3398
f 3403//3403 3406//3406 3397//3397
f 3406//3406 3286//3286 3282//3282
f 3406//3406 3282//3282 3397//3397
f 3287//3287 3399//3399 3284//3284
f 3399//3399 3287//3287 3288//3288
f 3407//3407 3399//3399 3288//3288
f 3401//3401 3399//3399 3407//3407
f 3402//3402 3401//3401 3408//3408
f 3401//3401 3409//3409 3408//3408
f 3401//3401 3407//3407 3409//3409
f 3409//3409 3410//3410 3408//3408
f 3413//3413 3412//3412 3411//3411
f 3413//3413 3411//3411 3404//3404
f 3411//3411 3403//3403 3404//3404
f 3411//3411 3414//3414 3403//3403
f 3414//3414 3290//3290 3291//3291
f 3406//3406 3414//3414 3291//3291
f 3403//3403 3414//3414 3406//3406
f 3406//3406 3291//3291 3286//3286
f 3292//3292 3407//3407 3288//3288
f 3407//3407 3292//3292 3294//3294
f 3415//3415 3407//3407 3294//3294
f 3409//3409 3407//3407 3415//3415
f 3410//3410 3409//3409 3416//3416
f 3409//3409 3417//3417 3416//3416
f 3409//3409 3415//3415 3417//3417
f 3419//3419 3418//3418 3417//3417
f 3417//3417 3418//3418 3416//3416
f 3418//3418 3419//3419 3412//3412
f 3419//3419 3411//3411 3412//3412
f 3419//3419 3420//3420 3411//3411
f 3420//3420 3296//3296 3297//3297
f 3414//3414 3420//3420 3297//3297
f 3411//3411 3420//3420 3414//3414
f 3414//3414 3297//3297 3290//3290
f 3300//3300 3415//3415 3294//3294
f 3415//3415 3300//3300 3302//3302
f 3415//3415 3302//3302 3417//3417
f 3417//3417 3302//3302 3304//3304
f 3417//3417 3304//3304 3419//3419
f 3419//3419 3304//3304 3306//3306
f 3419//3419 3306//3306 3420//3420
f 3420//3420 3306//3306 3296//3296
f 3310//3310 3313//3313 3424//3424
f 3425//3425 3310//3310 3424//3424
f 3421//3421 3310//3310 3425//3425
f 3314//3314 3426//3426 3313//3313
f 3313//3313 3426//3426 3424//3424
f 3315//3315 3427//3427 3314//3314
f 3314//3314 3427//3427 3426//3426
f 3316//3316 3428//3428 3315//3315
f 3315//3315 3428//3428 3427//3427
f 3318//3318 3428//3428 3316//3316
f 3429//3429 3321//3321 3322//3322
f 3430//3430 3429//3429 3322//3322
f 3430//3430 3322//3322 3312//3312
f 3431//3431 3430//3430 3312//3312
f 3422//3422 3431//3431 3312//3312
f 3431//3431 3422//3422 3423//3423
f 3432//3432 3425//3425 3424//3424
f 3432//3432 3424//3424 3426//3426
f 3432//3432 3426//3426 3433//3433
f 3433//3433 3426//3426 3427//3427
f 3433//3433 3427//3427 3434//3434
f 3434//3434 3427//3427 3428//3428
f 3434//3434 3428//3428 3435//3435
f 3435//3435 3428//3428 3318//3318
f 3323//3323 3435//3435 3318//3318
f 3436//3436 3435//3435 3323//3323
f 3437//3437 3323//3323 3324//3324
f 3437//3437 3436//3436 3323//3323
f 3438//3438 3324//3324 3325//3325
f 3438//3438 3437//3437 3324//3324
f 3325//3325 3321//3321 3429//3429
f 3439//3439 3325//3325 3429//3429
f 3438//3438 3325//3325 3439//3439
f 3439//3439 3429//3429 3430//3430
f 3331//3331 3440//3440 3332//3332
f 3441//3441 3333//3333 3332//3332
f 3441//3441 3332//3332 3440//3440
f 3442//3442 3334//3334 3333//3333
f 3442//3442 3333//3333 3441//3441
f 3443//3443 3335//3335 3334//3334
f 3443//3443 3334//3334 3442//3442
f 3443//3443 3337//3337 3335//3335
f 3339//3339 3444//3444 3440//3440
f 3339//3339 3440//3440 3331//3331
f 3446//3446 3441//3441 3445//3445
f 3441//3441 3444//3444 3445//3445
f 3441//3441 3440//3440 3444//3444
f 3441//3441 3446//3446 3442//3442
f 3442//3442 3446//3446 3447//3447
f 3449//3449 3448//3448 3447//3447
f 3448//3448 3442//3442 3447//3447
f 3448//3448 3443//3443 3442//3442
f 3450//3450 3340//3340 3337//3337
f 3443//3443 3450//3450 3337//3337
f 3448//3448 3450//3450 3443//3443
f 3450//3450 3342//3342 3340//3340
f 3344//3344 3451//3451 3345//3345
f 3444//3444 3339//3339 3345//3345
f 3451//3451 3444//3444 3345//3345
f 3452//3452 3444//3444 3451//3451
f 3445//3445 3444//3444 3453//3453
f 3453//3453 3444//3444 3452//3452
f 3449//3449 3454//3454 3448//3448
f 3456//3456 3455//3455 3454//3454
f 3455//3455 3448//3448 3454//3454
f 3455//3455 3450//3450 3448//3448
f 3457//3457 3346//3346 3342//3342
f 3450//3450 3457//3457 3342//3342
f 3455//3455 3457//3457 3450//3450
f 3457//3457 3348//3348 3346//3346
f 3350//3350 3458//3458 3451//3451
f 3350//3350 3451//3451 3344//3344
f 3460//3460 3452//3452 3459//3459
f 3452//3452 3458//3458 3459//3459
f 3452//3452 3451//3451 3458//3458
f 3452//3452 3460//3460 3453//3453
f 3456//3456 3461//3461 3455//3455
f 3463//3463 3462//3462 3461//3461
f 3462//3462 3455//3455 3461//3461
f 3462//3462 3457//3457 3455//3455
f 3462//3462 3352//3352 3348//3348
f 3462//3462 3348//3348 3457//3457
f 3354//3354 3464//3464 3458//3458
f 3354//3354 3458//3458 3350//3350
f 3459//3459 3458//3458 3465//3465
f 3465//3465 3458//3458 3464//3464
f 3462//3462 3463//3463 3466//3466
f 3466//3466 3463//3463 3467//3467
f 3468//3468 3355//3355 3352//3352
f 3462//3462 3468//3468 3352//3352
f 3466//3466 3468//3468 3462//3462
f 3468//3468 3357//3357 3355//3355
f 3359//3359 3469//3469 3358//3358
f 3469//3469 3470//3470 3358//3358
f 3358//3358 3470//3470 3354//3354
f 3470//3470 3471//3471 3354//3354
f 3471//3471 3464//3464 3354//3354
f 3464//3464 3471//3471 3465//3465
f 3467//3467 3472//3472 3466//3466
f 3474//3474 3473//3473 3472//3472
f 3473//3473 3466//3466 3472//3472
f 3473//3473 3468//3468 3466//3466
f 3473//3473 3361//3361 3357//3357
f 3473//3473 3357//3357 3468//3468
f 3362//3362 3475//3475 3469//3469
f 3362//3362 3469//3469 3359//3359
f 3470//3470 3469//3469 3476//3476
f 3476//3476 3469//3469 3475//3475
f 3473//3473 3474//3474 3477//3477
f 3477//3477 3474//3474 3478//3478
f 3477//3477 3364//3364 3361//3361
f 3477//3477 3361//3361 3473//3473
f 3365//3365 3479//3479 3475//3475
f 3365//3365 3475//3475 3362//3362
f 3476//3476 3475//3475 3480//3480
f 3480//3480 3475//3475 3479//3479
f 3478//3478 3481//3481 3477//3477
f 3481//3481 3483//3483 3482//3482
f 3481//3481 3482//3482 3366//3366
f 3477//3477 3481//3481 3366//3366
f 3364//3364 3477//3477 3366//3366
f 3482//3482 3367//3367 3366//3366
f 3368//3368 3484//3484 3479//3479
f 3368//3368 3479//3479 3365//3365
f 3480//3480 3479//3479 3485//3485
f 3485//3485 3479//3479 3484//3484
f 3482//3482 3483//3483 3486//3486
f 3486//3486 3483//3483 3487//3487
f 3486//3486 3369//3369 3367//3367
f 3486//3486 3367//3367 3482//3482
f 3370//3370 3488//3488 3484//3484
f 3370//3370 3484//3484 3368//3368
f 3485//3485 3484//3484 3489//3489
f 3489//3489 3484//3484 3488//3488
f 3486//3486 3487//3487 3490//3490
f 3490//3490 3487//3487 3491//3491
f 3490//3490 3371//3371 3369//3369
f 3490//3490 3369//3369 3486//3486
f 3372//3372 3492//3492 3488//3488
f 3372//3372 3488//3488 3370//3370
f 3489//3489 3488//3488 3493//3493
f 3493//3493 3488//3488 3492//3492
f 3490//3490 3491//3491 3494//3494
f 3494//3494 3491//3491 3495//3495
f 3494//3494 3373//3373 3371//3371
f 3494//3494 3371//3371 3490//3490
f 3374//3374 3496//3496 3492//3492
f 3374//3374 3492//3492 3372//3372
f 3493//3493 3492//3492 3497//3497
f 3492//3492 3498//3498 3497//3497
f 3492//3492 3496//3496 3498//3498
f 3498//3498 3499//3499 3497//3497
f 3502//3502 3501//3501 3500//3500
f 3502//3502 3500//3500 3495//3495
f 3495//3495 3500//3500 3494//3494
f 3500//3500 3376//3376 3494//3494
f 3376//3376 3377//3377 3494//3494
f 3494//3494 3377//3377 3373//3373
f 3378//3378 3496//3496 3374//3374
f 3496//3496 3378//3378 3380//3380
f 3503//3503 3496//3496 3380//3380
f 3498//3498 3496//3496 3503//3503
f 3499//3499 3498//3498 3504//3504
f 3504//3504 3498//3498 3503//3503
f 3500//3500 3501//3501 3505//3505
f 3505//3505 3501//3501 3506//3506
f 3505//3505 3382//3382 3376//3376
f 3505//3505 3376//3376 3500//3500
f 3384//3384 3507//3507 3503//3503
f 3384//3384 3503//3503 3380//3380
f 3504//3504 3503//3503 3508//3508
f 3503//3503 3509//3509 3508//3508
f 3503//3503 3507//3507 3509//3509
f 3509//3509 3510//3510 3508//3508
f 3513//3513 3512//3512 3511//3511
f 3513//3513 3511//3511 3506//3506
f 3511//3511 3505//3505 3506//3506
f 3511//3511 3514//3514 3505//3505
f 3514//3514 3386//3386 3382//3382
f 3514//3514 3382//3382 3505//3505
f 3388//3388 3507//3507 3384//3384
f 3507//3507 3388//3388 3390//3390
f 3515//3515 3507//3507 3390//3390
f 3509//3509 3507//3507 3515//3515
f 3510//3510 3509//3509 3516//3516
f 3516//3516 3509//3509 3515//3515
f 3519//3519 3518//3518 3517//3517
f 3519//3519 3517//3517 3512//3512
f 3517//3517 3511//3511 3512//3512
f 3517//3517 3520//3520 3511//3511
f 3520//3520 3392//3392 3393//3393
f 3514//3514 3520//3520 3393//3393
f 3511//3511 3520//3520 3514//3514
f 3514//3514 3393//3393 3386//3386
f 3396//3396 3521//3521 3515//3515
f 3396//3396 3515//3515 3390//3390
f 3516//3516 3515//3515 3522//3522
f 3515//3515 3523//3523 3522//3522
f 3515//3515 3521//3521 3523//3523
f 3525//3525 3524//3524 3523//3523
f 3523//3523 3524//3524 3522//3522
f 3527//3527 3526//3526 3525//3525
f 3525//3525 3526//3526 3524//3524
f 3526//3526 3527//3527 3518//3518
f 3527//3527 3517//3517 3518//3518
f 3527//3527 3528//3528 3517//3517
f 3517//3517 3529//3529 3520//3520
f 3517//3517 3528//3528 3529//3529
f 3529//3529 3398//3398 3392//3392
f 3529//3529 3392//3392 3520//3520
f 3400//3400 3521//3521 3396//3396
f 3521//3521 3400//3400 3402//3402
f 3530//3530 3521//3521 3402//3402
f 3523//3523 3521//3521 3530//3530
f 3523//3523 3531//3531 3525//3525
f 3523//3523 3530//3530 3531//3531
f 3525//3525 3532//3532 3527//3527
f 3525//3525 3531//3531 3532//3532
f 3527//3527 3533//3533 3528//3528
f 3527//3527 3532//3532 3533//3533
f 3533//3533 3404//3404 3405//3405
f 3529//3529 3533//3533 3405//3405
f 3528//3528 3533//3533 3529//3529
f 3529//3529 3405//3405 3398//3398
f 3408//3408 3530//3530 3402//3402
f 3530//3530 3408//3408 3410//3410
f 3534//3534 3530//3530 3410//3410
f 3531//3531 3530//3530 3534//3534
f 3531//3531 3535//3535 3532//3532
f 3531//3531 3534//3534 3535//3535
f 3535//3535 3412//3412 3413//3413
f 3533//3533 3535//3535 3413//3413
f 3532//3532 3535//3535 3533//3533
f 3533//3533 3413//3413 3404//3404
f 3416//3416 3534//3534 3410//3410
f 3534//3534 3416//3416 3418//3418
f 3534//3534 3418//3418 3535//3535
f 3535//3535 3418//3418 3412//3412
f 3425//3425 3536//3536 3421//3421
f 3425//3425 3539//3539 3536//3536
f 3540//3540 3430//3430 3431//3431
f 3541//3541 3540//3540 3431//3431
f 3541//3541 3431//3431 3423//3423
f 3542//3542 3541//3541 3423//3423
f 3537//3537 3542//3542 3423//3423
f 3542//3542 3537//3537 3538//3538
f 3425//3425 3432//3432 3543//3543
f 3544//3544 3425//3425 3543//3543
f 3539//3539 3425//3425 3544//3544
f 3433//3433 3545//3545 3432//3432
f 3432//3432 3545//3545 3543//3543
f 3434//3434 3546//3546 3433//3433
f 3433//3433 3546//3546 3545//3545
f 3435//3435 3547//3547 3434//3434
f 3434//3434 3547//3547 3546//3546
f 3436//3436 3548//3548 3435//3435
f 3435//3435 3548//3548 3547//3547
f 3437//3437 3549//3549 3436//3436
f 3436//3436 3549//3549 3548//3548
f 3438//3438 3550//3550 3437//3437
f 3437//3437 3550//3550 3549//3549
f 3439//3439 3551//3551 3438//3438
f 3438//3438 3551//3551 3550//3550
f 3552//3552 3551//3551 3439//3439
f 3552//3552 3439//3439 3430//3430
f 3553//3553 3552//3552 3430//3430
f 3540//3540 3553//3553 3430//3430
f 3553//3553 3540//3540 3541//3541
f 3554//3554 3544//3544 3543//3543
f 3554//3554 3543//3543 3545//3545
f 3554//3554 3545//3545 3555//3555
f 3555//3555 3545//3545 3546//3546
f 3555//3555 3546//3546 3556//3556
f 3556//3556 3546//3546 3547//3547
f 3556//3556 3547//3547 3557//3557
f 3557//3557 3547//3547 3548//3548
f 3557//3557 3548//3548 3558//3558
f 3558//3558 3548//3548 3549//3549
f 3558//3558 3549//3549 3559//3559
f 3559//3559 3549//3549 3550//3550
f 3559//3559 3550//3550 3560//3560
f 3560//3560 3550//3550 3551//3551
f 3560//3560 3551//3551 3561//3561
f 3561//3561 3551//3551 3552//3552
f 3445//3445 3562//3562 3446//3446
f 3563//3563 3447//3447 3446//3446
f 3563//3563 3446//3446 3562//3562
f 3563//3563 3449//3449 3447//3447
f 3453//3453 3564//3564 3562//3562
f 3453//3453 3562//3562 3445//3445
f 3562//3562 3565//3565 3563//3563
f 3562//3562 3564//3564 3565//3565
f 3566//3566 3454//3454 3449//3449
f 3563//3563 3566//3566 3449//3449
f 3565//3565 3566//3566 3563//3563
f 3566//3566 3456//3456 3454//3454
f 3459//3459 3567//3567 3460//3460
f 3564//3564 3453//3453 3460//3460
f 3567//3567 3564//3564 3460//3460
f 3568//3568 3564//3564 3567//3567
f 3564//3564 3569//3569 3565//3565
f 3564//3564 3568//3568 3569//3569
f 3565//3565 3570//3570 3566//3566
f 3565//3565 3569//3569 3570//3570
f 3571//3571 3461//3461 3456//3456
f 3566//3566 3571//3571 3456//3456
f 3570//3570 3571//3571 3566//3566
f 3571//3571 3463//3463 3461//3461
f 3465//3465 3572//3572 3567//3567
f 3465//3465 3567//3567 3459//3459
f 3574//3574 3568//3568 3573//3573
f 3568//3568 3572//3572 3573//3573
f 3568//3568 3567//3567 3572//3572
f 3568//3568 3574//3574 3569//3569
f 3569//3569 3574//3574 3575//3575
f 3577//3577 3576//3576 3575//3575
f 3576//3576 3569//3569 3575//3575
f 3576//3576 3570//3570 3569//3569
f 3570//3570 3578//3578 3571//3571
f 3570//3570 3576//3576 3578//3578
f 3578//3578 3467//3467 3463//3463
f 3578//3578 3463//3463 3571//3571
f 3470//3470 3579//3579 3471//3471
f 3572//3572 3465//3465 3471//3471
f 3579//3579 3572//3572 3471//3471
f 3580//3580 3572//3572 3579//3579
f 3573//3573 3572//3572 3581//3581
f 3581//3581 3572//3572 3580//3580
f 3576//3576 3577//3577 3582//3582
f 3582//3582 3577//3577 3583//3583
f 3576//3576 3584//3584 3578//3578
f 3576//3576 3582//3582 3584//3584
f 3585//3585 3472//3472 3467//3467
f 3578//3578 3585//3585 3467//3467
f 3584//3584 3585//3585 3578//3578
f 3585//3585 3474//3474 3472//3472
f 3476//3476 3586//3586 3579//3579
f 3476//3476 3579//3579 3470//3470
f 3579//3579 3587//3587 3580//3580
f 3579//3579 3586//3586 3587//3587
f 3581//3581 3580//3580 3588//3588
f 3588//3588 3580//3580 3587//3587
f 3583//3583 3589//3589 3582//3582
f 3591//3591 3590//3590 3589//3589
f 3590//3590 3582//3582 3589//3589
f 3590//3590 3584//3584 3582//3582
f 3584//3584 3592//3592 3585//3585
f 3584//3584 3590//3590 3592//3592
f 3592//3592 3478//3478 3474//3474
f 3592//3592 3474//3474 3585//3585
f 3480//3480 3593//3593 3586//3586
f 3480//3480 3586//3586 3476//3476
f 3586//3586 3594//3594 3587//3587
f 3586//3586 3593//3593 3594//3594
f 3588//3588 3587//3587 3595//3595
f 3595//3595 3587//3587 3594//3594
f 3591//3591 3596//3596 3590//3590
f 3598//3598 3597//3597 3596//3596
f 3597//3597 3590//3590 3596//3596
f 3597//3597 3592//3592 3590//3590
f 3599//3599 3481//3481 3478//3478
f 3592//3592 3599//3599 3478//3478
f 3597//3597 3599//3599 3592//3592
f 3599//3599 3483//3483 3481//3481
f 3485//3485 3600//3600 3593//3593
f 3485//3485 3593//3593 3480//3480
f 3602//3602 3594//3594 3601//3601
f 3594//3594 3600//3600 3601//3601
f 3594//3594 3593//3593 3600//3600
f 3594//3594 3602//3602 3595//3595
f 3597//3597 3598//3598 3603//3603
f 3603//3603 3598//3598 3604//3604
f 3597//3597 3605//3605 3599//3599
f 3597//3597 3603//3603 3605//3605
f 3605//3605 3487//3487 3483//3483
f 3605//3605 3483//3483 3599//3599
f 3489//3489 3606//3606 3600//3600
f 3489//3489 3600//3600 3485//3485
f 3601//3601 3600//3600 3607//3607
f 3607//3607 3600//3600 3606//3606
f 3603//3603 3604//3604 3608//3608
f 3608//3608 3604//3604 3609//3609
f 3603//3603 3610//3610 3605//3605
f 3603//3603 3608//3608 3610//3610
f 3610//3610 3491//3491 3487//3487
f 3610//3610 3487//3487 3605//3605
f 3493//3493 3611//3611 3606//3606
f 3493//3493 3606//3606 3489//3489
f 3607//3607 3606//3606 3612//3612
f 3606//3606 3613//3613 3612//3612
f 3606//3606 3611//3611 3613//3613
f 3613//3613 3614//3614 3612//3612
f 3608//3608 3609//3609 3615//3615
f 3615//3615 3609//3609 3616//3616
f 3608//3608 3617//3617 3610//3610
f 3608//3608 3615//3615 3617//3617
f 3617//3617 3495//3495 3491//3491
f 3617//3617 3491//3491 3610//3610
f 3497//3497 3611//3611 3493//3493
f 3611//3611 3497//3497 3499//3499
f 3618//3618 3611//3611 3499//3499
f 3613//3613 3611//3611 3618//3618
f 3614//3614 3613//3613 3619//3619
f 3619//3619 3613//3613 3618//3618
f 3622//3622 3621//3621 3620//3620
f 3622//3622 3620//3620 3616//3616
f 3620//3620 3615//3615 3616//3616
f 3620//3620 3623//3623 3615//3615
f 3623//3623 3501//3501 3502//3502
f 3617//3617 3623//3623 3502//3502
f 3615//3615 3623//3623 3617//3617
f 3617//3617 3502//3502 3495//3495
f 3504//3504 3624//3624 3618//3618
f 3504//3504 3618//3618 3499//3499
f 3619//3619 3618//3618 3625//3625
f 3618//3618 3626//3626 3625//3625
f 3618//3618 3624//3624 3626//3626
f 3628//3628 3627//3627 3626//3626
f 3626//3626 3627//3627 3625//3625
f 3630//3630 3629//3629 3628//3628
f 3628//3628 3629//3629 3627//3627
f 3629//3629 3630//3630 3621//3621
f 3630//3630 3620//3620 3621//3621
f 3630//3630 3631//3631 3620//3620
f 3620//3620 3632//3632 3623//3623
f 3620//3620 3631//3631 3632//3632
f 3632//3632 3506//3506 3501//3501
f 3632//3632 3501//3501 3623//3623
f 3508//3508 3624//3624 3504//3504
f 3624//3624 3508//3508 3510//3510
f 3633//3633 3624//3624 3510//3510
f 3626//3626 3624//3624 3633//3633
f 3626//3626 3634//3634 3628//3628
f 3626//3626 3633//3633 3634//3634
f 3628//3628 3635//3635 3630//3630
f 3628//3628 3634//3634 3635//3635
f 3630//3630 3636//3636 3631//3631
f 3630//3630 3635//3635 3636//3636
f 3636//3636 3512//3512 3513//3513
f 3632//3632 3636//3636 3513//3513
f 3631//3631 3636//3636 3632//3632
f 3632//3632 3513//3513 3506//3506
f 3516//3516 3637//3637 3633//3633
f 3516//3516 3633//3633 3510//3510
f 3633//3633 3638//3638 3634//3634
f 3633//3633 3637//3637 3638//3638
f 3634//3634 3639//3639 3635//3635
f 3634//3634 3638//3638 3639//3639
f 3639//3639 3518//3518 3519//3519
f 3636//3636 3639//3639 3519//3519
f 3635//3635 3639//3639 3636//3636
f 3636//3636 3519//3519 3512//3512
f 3522//3522 3637//3637 3516//3516
f 3637//3637 3522//3522 3524//3524
f 3637//3637 3524//3524 3638//3638
f 3638//3638 3524//3524 3526//3526
f 3638//3638 3526//3526 3639//3639
f 3639//3639 3526//3526 3518//3518
f 3539//3539 3640//3640 3536//3536
f 3539//3539 3642//3642 3640//3640
f 3643//3643 3541//3541 3542//3542
f 3644//3644 3643//3643 3542//3542
f 3538//3538 3644//3644 3542//3542
f 3641//3641 3644//3644 3538//3538
f 3544//3544 3642//3642 3539//3539
f 3544//3544 3645//3645 3642//3642
f 3646//3646 3552//3552 3553//3553
f 3647//3647 3646//3646 3553//3553
f 3647//3647 3553//3553 3541//3541
f 3648//3648 3647//3647 3541//3541
f 3643//3643 3648//3648 3541//3541
f 3648//3648 3643//3643 3644//3644
f 3649//3649 3645//3645 3544//3544
f 3649//3649 3544//3544 3554//3554
f 3650//3650 3554//3554 3555//3555
f 3650//3650 3649//3649 3554//3554
f 3651//3651 3555//3555 3556//3556
f 3651//3651 3650//3650 3555//3555
f 3652//3652 3556//3556 3557//3557
f 3652//3652 3651//3651 3556//3556
f 3653//3653 3557//3557 3558//3558
f 3653//3653 3652//3652 3557//3557
f 3654//3654 3558//3558 3559//3559
f 3654//3654 3653//3653 3558//3558
f 3655//3655 3559//3559 3560//3560
f 3655//3655 3654//3654 3559//3559
f 3656//3656 3560//3560 3561//3561
f 3656//3656 3655//3655 3560//3560
f 3561//3561 3552//3552 3646//3646
f 3657//3657 3561//3561 3646//3646
f 3656//3656 3561//3561 3657//3657
f 3657//3657 3646//3646 3647//3647
f 3573//3573 3658//3658 3574//3574
f 3659//3659 3575//3575 3574//3574
f 3659//3659 3574//3574 3658//3658
f 3659//3659 3577//3577 3575//3575
f 3581//3581 3660//3660 3658//3658
f 3581//3581 3658//3658 3573//3573
f 3658//3658 3661//3661 3659//3659
f 3658//3658 3660//3660 3661//3661
f 3661//3661 3583//3583 3577//3577
f 3661//3661 3577//3577 3659//3659
f 3588//3588 3662//3662 3660//3660
f 3588//3588 3660//3660 3581//3581
f 3660//3660 3663//3663 3661//3661
f 3660//3660 3662//3662 3663//3663
f 3664//3664 3589//3589 3583//3583
f 3661//3661 3664//3664 3583//3583
f 3663//3663 3664//3664 3661//3661
f 3664//3664 3591//3591 3589//3589
f 3595//3595 3665//3665 3662//3662
f 3595//3595 3662//3662 3588//3588
f 3662//3662 3666//3666 3663//3663
f 3662//3662 3665//3665 3666//3666
f 3663//3663 3667//3667 3664//3664
f 3663//3663 3666//3666 3667//3667
f 3668//3668 3596//3596 3591//3591
f 3664//3664 3668//3668 3591//3591
f 3667//3667 3668//3668 3664//3664
f 3668//3668 3598//3598 3596//3596
f 3601//3601 3669//3669 3602//3602
f 3665//3665 3595//3595 3602//3602
f 3669//3669 3665//3665 3602//3602
f 3670//3670 3665//3665 3669//3669
f 3665//3665 3671//3671 3666//3666
f 3665//3665 3670//3670 3671//3671
f 3666//3666 3672//3672 3667//3667
f 3666//3666 3671//3671 3672//3672
f 3667//3667 3673//3673 3668//3668
f 3667//3667 3672//3672 3673//3673
f 3673//3673 3604//3604 3598//3598
f 3673//3673 3598//3598 3668//3668
f 3607//3607 3674//3674 3669//3669
f 3607//3607 3669//3669 3601//3601
f 3669//3669 3675//3675 3670//3670
f 3669//3669 3674//3674 3675//3675
f 3670//3670 3676//3676 3671//3671
f 3670//3670 3675//3675 3676//3676
f 3671//3671 3677//3677 3672//3672
f 3671//3671 3676//3676 3677//3677
f 3672//3672 3678//3678 3673//3673
f 3672//3672 3677//3677 3678//3678
f 3678//3678 3609//3609 3604//3604
f 3678//3678 3604//3604 3673//3673
f 3612//3612 3674//3674 3607//3607
f 3674//3674 3612//3612 3614//3614
f 3679//3679 3674//3674 3614//3614
f 3675//3675 3674//3674 3679//3679
f 3675//3675 3680//3680 3676//3676
f 3675//3675 3679//3679 3680//3680
f 3676//3676 3681//3681 3677//3677
f 3676//3676 3680//3680 3681//3681
f 3677//3677 3682//3682 3678//3678
f 3677//3677 3681//3681 3682//3682
f 3682//3682 3616//3616 3609//3609
f 3682//3682 3609//3609 3678//3678
f 3619//3619 3683//3683 3679//3679
f 3619//3619 3679//3679 3614//3614
f 3679//3679 3684//3684 3680//3680
f 3679//3679 3683//3683 3684//3684
f 3680//3680 3685//3685 3681//3681
f 3680//3680 3684//3684 3685//3685
f 3685//3685 3621//3621 3622//3622
f 3682//3682 3685//3685 3622//3622
f 3681//3681 3685//3685 3682//3682
f 3682//3682 3622//3622 3616//3616
f 3625//3625 3683//3683 3619//3619
f 3683//3683 3625//3625 3627//3627
f 3683//3683 3627//3627 3684//3684
f 3684//3684 3627//3627 3629//3629
f 3684//3684 3629//3629 3685//3685
f 3685//3685 3629//3629 3621//3621
f 3642//3642 3686//3686 3640//3640
f 3642//3642 3689//3689 3686//3686
f 3691//3691 3690//3690 3687//3687
f 3690//3690 3641//3641 3687//3687
f 3690//3690 3644//3644 3641//3641
f 3691//3691 3687//3687 3688//3688
f 3645//3645 3689//3689 3642//3642
f 3645//3645 3692//3692 3689//3689
f 3694//3694 3693//3693 3648//3648
f 3648//3648 3693//3693 3647//3647
f 3648//3648 3644//3644 3690//3690
f 3648//3648 3690//3690 3694//3694
f 3695//3695 3692//3692 3645//3645
f 3695//3695 3645//3645 3649//3649
f 3696//3696 3649//3649 3650//3650
f 3696//3696 3695//3695 3649//3649
f 3698//3698 3696//3696 3697//3697
f 3696//3696 3651//3651 3697//3697
f 3696//3696 3650//3650 3651//3651
f 3652//3652 3699//3699 3651//3651
f 3651//3651 3699//3699 3697//3697
f 3653//3653 3700//3700 3652//3652
f 3652//3652 3700//3700 3699//3699
f 3654//3654 3701//3701 3653//3653
f 3653//3653 3701//3701 3700//3700
f 3655//3655 3702//3702 3654//3654
f 3654//3654 3702//3702 3701//3701
f 3702//3702 3655//3655 3703//3703
f 3655//3655 3704//3704 3703//3703
f 3655//3655 3656//3656 3704//3704
f 3705//3705 3656//3656 3657//3657
f 3705//3705 3704//3704 3656//3656
f 3657//3657 3647//3647 3693//3693
f 3657//3657 3693//3693 3705//3705
f 3706//3706 3698//3698 3697//3697
f 3706//3706 3697//3697 3699//3699
f 3706//3706 3699//3699 3707//3707
f 3707//3707 3699//3699 3700//3700
f 3707//3707 3700//3700 3708//3708
f 3708//3708 3700//3700 3701//3701
f 3708//3708 3701//3701 3709//3709
f 3709//3709 3701//3701 3702//3702
f 3709//3709 3702//3702 3710//3710
f 3710//3710 3702//3702 3703//3703
f 3689//3689 3711//3711 3686//3686
f 3689//3689 3713//3713 3711//3711
f 3715//3715 3714//3714 3691//3691
f 3691//3691 3714//3714 3690//3690
f 3691//3691 3688//3688 3712//3712
f 3691//3691 3712//3712 3715//3715
f 3692//3692 3713//3713 3689//3689
f 3692//3692 3716//3716 3713//3713
f 3717//3717 3693//3693 3694//3694
f 3718//3718 3717//3717 3694//3694
f 3690//3690 3718//3718 3694//3694
f 3714//3714 3718//3718 3690//3690
f 3692//3692 3695//3695 3719//3719
f 3720//3720 3692//3692 3719//3719
f 3716//3716 3692//3692 3720//3720
f 3696//3696 3721//3721 3695//3695
f 3695//3695 3721//3721 3719//3719
f 3698//3698 3721//3721 3696//3696
f 3722//3722 3703//3703 3704//3704
f 3722//3722 3704//3704 3723//3723
f 3704//3704 3724//3724 3723//3723
f 3704//3704 3705//3705 3724//3724
f 3705//3705 3693//3693 3717//3717
f 3725//3725 3705//3705 3717//3717
f 3724//3724 3705//3705 3725//3725
f 3725//3725 3717//3717 3718//3718
f 3726//3726 3720//3720 3719//3719
f 3726//3726 3719//3719 3721//3721
f 3726//3726 3721//3721 3727//3727
f 3727//3727 3721//3721 3698//3698
f 3706//3706 3727//3727 3698//3698
f 3728//3728 3727//3727 3706//3706
f 3729//3729 3706//3706 3707//3707
f 3729//3729 3728//3728 3706//3706
f 3730//3730 3707//3707 3708//3708
f 3730//3730 3729//3729 3707//3707
f 3731//3731 3708//3708 3709//3709
f 3731//3731 3730//3730 3708//3708
f 3732//3732 3709//3709 3710//3710
f 3732//3732 3731//3731 3709//3709
f 3710//3710 3703//3703 3722//3722
f 3733//3733 3710//3710 3722//3722
f 3732//3732 3710//3710 3733//3733
f 3733//3733 3722//3722 3723//3723
f 3713//3713 3734//3734 3711//3711
f 3713//3713 3736//3736 3734//3734
f 3737//3737 3714//3714 3715//3715
f 3738//3738 3737//3737 3715//3715
f 3712//3712 3738//3738 3715//3715
f 3735//3735 3738//3738 3712//3712
f 3716//3716 3736//3736 3713//3713
f 3716//3716 3739//3739 3736//3736
f 3741//3741 3740//3740 3737//3737
f 3740//3740 3714//3714 3737//3737
f 3740//3740 3718//3718 3714//3714
f 3741//3741 3737//3737 3738//3738
f 3720//3720 3739//3739 3716//3716
f 3720//3720 3742//3742 3739//3739
f 3744//3744 3743//3743 3724//3724
f 3724//3724 3743//3743 3723//3723
f 3745//3745 3724//3724 3725//3725
f 3745//3745 3744//3744 3724//3724
f 3725//3725 3718//3718 3740//3740
f 3725//3725 3740//3740 3745//3745
f 3746//3746 3742//3742 3720//3720
f 3746//3746 3720//3720 3726//3726
f 3747//3747 3726//3726 3727//3727
f 3747//3747 3746//3746 3726//3726
f 3748//3748 3727//3727 3728//3728
f 3748//3748 3747//3747 3727//3727
f 3749//3749 3728//3728 3729//3729
f 3749//3749 3748//3748 3728//3728
f 3750//3750 3729//3729 3730//3730
f 3750//3750 3749//3749 3729//3729
f 3751//3751 3730//3730 3731//3731
f 3751//3751 3750//3750 3730//3730
f 3752//3752 3731//3731 3732//3732
f 3752//3752 3751//3751 3731//3731
f 3753//3753 3732//3732 3733//3733
f 3753//3753 3752//3752 3732//3732
f 3733//3733 3723//3723 3743//3743
f 3733//3733 3743//3743 3753//3753
f 3736//3736 3754//3754 3734//3734
f 3736//3736 3756//3756 3754//3754
f 3755//3755 3738//3738 3735//3735
f 3757//3757 3738//3738 3755//3755
f 3739//3739 3756//3756 3736//3736
f 3739//3739 3758//3758 3756//3756
f 3760//3760 3759//3759 3741//3741
f 3741//3741 3759//3759 3740//3740
f 3741//3741 3738//3738 3757//3757
f 3741//3741 3757//3757 3760//3760
f 3742//3742 3758//3758 3739//3739
f 3742//3742 3761//3761 3758//3758
f 3762//3762 3743//3743 3744//3744
f 3762//3762 3744//3744 3763//3763
f 3744//3744 3764//3764 3763//3763
f 3744//3744 3745//3745 3764//3764
f 3745//3745 3740//3740 3759//3759
f 3745//3745 3759//3759 3764//3764
f 3765//3765 3761//3761 3742//3742
f 3765//3765 3742//3742 3746//3746
f 3766//3766 3746//3746 3747//3747
f 3766//3766 3765//3765 3746//3746
f 3768//3768 3766//3766 3767//3767
f 3766//3766 3748//3748 3767//3767
f 3766//3766 3747//3747 3748//3748
f 3749//3749 3769//3769 3748//3748
f 3748//3748 3769//3769 3767//3767
f 3750//3750 3770//3770 3749//3749
f 3749//3749 3770//3770 3769//3769
f 3751//3751 3771//3771 3750//3750
f 3750//3750 3771//3771 3770//3770
f 3771//3771 3751//3751 3772//3772
f 3751//3751 3773//3773 3772//3772
f 3751//3751 3752//3752 3773//3773
f 3774//3774 3752//3752 3753//3753
f 3774//3774 3773//3773 3752//3752
f 3753//3753 3743//3743 3762//3762
f 3775//3775 3753//3753 3762//3762
f 3774//3774 3753//3753 3775//3775
f 3775//3775 3762//3762 3763//3763
f 3776//3776 3768//3768 3767//3767
f 3776//3776 3767//3767 3769//3769
f 3776//3776 3769//3769 3777//3777
f 3777//3777 3769//3769 3770//3770
f 3777//3777 3770//3770 3778//3778
f 3778//3778 3770//3770 3771//3771
f 3778//3778 3771//3771 3779//3779
f 3779//3779 3771//3771 3772//3772
f 3756//3756 3780//3780 3754//3754
f 3756//3756 3782//3782 3780//3780
f 3781//3781 3757//3757 3755//3755
f 3783//3783 3757//3757 3781//3781
f 3758//3758 3782//3782 3756//3756
f 3758//3758 3784//3784 3782//3782
f 3786//3786 3785//3785 3760//3760
f 3760//3760 3785//3785 3759//3759
f 3760//3760 3757//3757 3783//3783
f 3760//3760 3783//3783 3786//3786
f 3761//3761 3784//3784 3758//3758
f 3761//3761 3787//3787 3784//3784
f 3789//3789 3788//3788 3764//3764
f 3764//3764 3788//3788 3763//3763
f 3764//3764 3759//3759 3785//3785
f 3764//3764 3785//3785 3789//3789
f 3761//3761 3765//3765 3790//3790
f 3791//3791 3761//3761 3790//3790
f 3787//3787 3761//3761 3791//3791
f 3766//3766 3792//3792 3765//3765
f 3765//3765 3792//3792 3790//3790
f 3768//3768 3792//3792 3766//3766
f 3793//3793 3772//3772 3773//3773
f 3793//3793 3773//3773 3794//3794
f 3773//3773 3795//3795 3794//3794
f 3773//3773 3774//3774 3795//3795
f 3796//3796 3774//3774 3775//3775
f 3796//3796 3795//3795 3774//3774
f 3775//3775 3763//3763 3788//3788
f 3775//3775 3788//3788 3796//3796
f 3797//3797 3791//3791 3790//3790
f 3797//3797 3790//3790 3792//3792
f 3797//3797 3792//3792 3798//3798
f 3798//3798 3792//3792 3768//3768
f 3776//3776 3798//3798 3768//3768
f 3799//3799 3798//3798 3776//3776
f 3800//3800 3776//3776 3777//3777
f 3800//3800 3799//3799 3776//3776
f 3801//3801 3777//3777 3778//3778
f 3801//3801 3800//3800 3777//3777
f 3802//3802 3778//3778 3779//3779
f 3802//3802 3801//3801 3778//3778
f 3779//3779 3772//3772 3793//3793
f 3803//3803 3779//3779 3793//3793
f 3802//3802 3779//3779 3803//3803
f 3803//3803 3793//3793 3794//3794
f 3782//3782 3804//3804 3780//3780
f 3782//3782 3806//3806 3804//3804
f 3805//3805 3783//3783 3781//3781
f 3807//3807 3783//3783 3805//3805
f 3784//3784 3806//3806 3782//3782
f 3784//3784 3808//3808 3806//3806
f 3810//3810 3809//3809 3786//3786
f 3786//3786 3809//3809 3785//3785
f 3786//3786 3783//3783 3807//3807
f 3786//3786 3807//3807 3810//3810
f 3787//3787 3808//3808 3784//3784
f 3787//3787 3811//3811 3808//3808
f 3813//3813 3812//3812 3789//3789
f 3789//3789 3812//3812 3788//3788
f 3789//3789 3785//3785 3809//3809
f 3789//3789 3809//3809 3813//3813
f 3791//3791 3811//3811 3787//3787
f 3791//3791 3814//3814 3811//3811
f 3815//3815 3794//3794 3795//3795
f 3815//3815 3795//3795 3816//3816
f 3795//3795 3817//3817 3816//3816
f 3795//3795 3796//3796 3817//3817
f 3796//3796 3788//3788 3812//3812
f 3796//3796 3812//3812 3817//3817
f 3818//3818 3814//3814 3791//3791
f 3818//3818 3791//3791 3797//3797
f 3819//3819 3797//3797 3798//3798
f 3819//3819 3818//3818 3797//3797
f 3820//3820 3798//3798 3799//3799
f 3820//3820 3819//3819 3798//3798
f 3821//3821 3799//3799 3800//3800
f 3821//3821 3820//3820 3799//3799
f 3822//3822 3800//3800 3801//3801
f 3822//3822 3821//3821 3800//3800
f 3823//3823 3801//3801 3802//3802
f 3823//3823 3822//3822 3801//3801
f 3824//3824 3802//3802 3803//3803
f 3824//3824 3823//3823 3802//3802
f 3803//3803 3794//3794 3815//3815
f 3825//3825 3803//3803 3815//3815
f 3824//3824 3803//3803 3825//3825
f 3825//3825 3815//3815 3816//3816
f 3806//3806 3826//3826 3804//3804
f 3806//3806 3828//3828 3826//3826
f 3827//3827 3807//3807 3805//3805
f 3829//3829 3807//3807 3827//3827
f 3808//3808 3828//3828 3806//3806
f 3808//3808 3830//3830 3828//3828
f 3832//3832 3831//3831 3810//3810
f 3810//3810 3831//3831 3809//3809
f 3810//3810 3807//3807 3829//3829
f 3810//3810 3829//3829 3832//3832
f 3811//3811 3830//3830 3808//3808
f 3811//3811 3833//3833 3830//3830
f 3834//3834 3812//3812 3813//3813
f 3835//3835 3834//3834 3813//3813
f 3809//3809 3835//3835 3813//3813
f 3831//3831 3835//3835 3809//3809
f 3814//3814 3833//3833 3811//3811
f 3814//3814 3836//3836 3833//3833
f 3838//3838 3837//3837 3817//3817
f 3817//3817 3837//3837 3816//3816
f 3817//3817 3812//3812 3834//3834
f 3839//3839 3817//3817 3834//3834
f 3838//3838 3817//3817 3839//3839
f 3839//3839 3834//3834 3835//3835
f 3840//3840 3836//3836 3814//3814
f 3840//3840 3814//3814 3818//3818
f 3842//3842 3840//3840 3841//3841
f 3840//3840 3819//3819 3841//3841
f 3840//3840 3818//3818 3819//3819
f 3820//3820 3843//3843 3819//3819
f 3819//3819 3843//3843 3841//3841
f 3821//3821 3844//3844 3820//3820
f 3820//3820 3844//3844 3843//3843
f 3822//3822 3845//3845 3821//3821
f 3821//3821 3845//3845 3844//3844
f 3823//3823 3846//3846 3822//3822
f 3822//3822 3846//3846 3845//3845
f 3846//3846 3823//3823 3847//3847
f 3823//3823 3848//3848 3847//3847
f 3823//3823 3824//3824 3848//3848
f 3849//3849 3824//3824 3825//3825
f 3849//3849 3848//3848 3824//3824
f 3825//3825 3816//3816 3837//3837
f 3825//3825 3837//3837 3849//3849
f 3850//3850 3842//3842 3841//3841
f 3850//3850 3841//3841 3843//3843
f 3850//3850 3843//3843 3851//3851
f 3851//3851 3843//3843 3844//3844
f 3851//3851 3844//3844 3852//3852
f 3852//3852 3844//3844 3845//3845
f 3852//3852 3845//3845 3853//3853
f 3853//3853 3845//3845 3846//3846
f 3853//3853 3846//3846 3854//3854
f 3854//3854 3846//3846 3847//3847
f 3828//3828 3855//3855 3826//3826
f 3828//3828 3857//3857 3855//3855
f 3856//3856 3829//3829 3827//3827
f 3858//3858 3829//3829 3856//3856
f 3830//3830 3857//3857 3828//3828
f 3830//3830 3859//3859 3857//3857
f 3860//3860 3831//3831 3832//3832
f 3861//3861 3860//3860 3832//3832
f 3829//3829 3861//3861 3832//3832
f 3858//3858 3861//3861 3829//3829
f 3833//3833 3859//3859 3830//3830
f 3833//3833 3862//3862 3859//3859
f 3864//3864 3863//3863 3860//3860
f 3863//3863 3831//3831 3860//3860
f 3863//3863 3835//3835 3831//3831
f 3864//3864 3860//3860 3861//3861
f 3836//3836 3862//3862 3833//3833
f 3836//3836 3865//3865 3862//3862
f 3866//3866 3837//3837 3838//3838
f 3866//3866 3838//3838 3867//3867
f 3838//3838 3868//3868 3867//3867
f 3838//3838 3839//3839 3868//3868
f 3839//3839 3835//3835 3863//3863
f 3839//3839 3863//3863 3868//3868
f 3836//3836 3840//3840 3869//3869
f 3870//3870 3836//3836 3869//3869
f 3865//3865 3836//3836 3870//3870
f 3842//3842 3869//3869 3840//3840
f 3871//3871 3847//3847 3848//3848
f 3849//3849 3872//3872 3848//3848
f 3848//3848 3872//3872 3871//3871
f 3873//3873 3872//3872 3849//3849
f 3873//3873 3849//3849 3837//3837
f 3874//3874 3873//3873 3837//3837
f 3866//3866 3874//3874 3837//3837
f 3874//3874 3866//3866 3867//3867
f 3875//3875 3870//3870 3869//3869
f 3875//3875 3869//3869 3842//3842
f 3850//3850 3875//3875 3842//3842
f 3876//3876 3875//3875 3850//3850
f 3877//3877 3850//3850 3851//3851
f 3877//3877 3876//3876 3850//3850
f 3878//3878 3851//3851 3852//3852
f 3878//3878 3877//3877 3851//3851
f 3879//3879 3852//3852 3853//3853
f 3879//3879 3878//3878 3852//3852
f 3880//3880 3853//3853 3854//3854
f 3880//3880 3879//3879 3853//3853
f 3854//3854 3847//3847 3871//3871
f 3881//3881 3854//3854 3871//3871
f 3880//3880 3854//3854 3881//3881
f 3881//3881 3871//3871 3872//3872
f 3881//3881 3872//3872 3882//3882
f 3882//3882 3872//3872 3873//3873
f 3857//3857 3883//3883 3855//3855
f 3857//3857 3885//3885 3883//3883
f 3884//3884 3858//3858 3856//3856
f 3886//3886 3858//3858 3884//3884
f 3859//3859 3885//3885 3857//3857
f 3859//3859 3887//3887 3885//3885
f 3886//3886 3861//3861 3858//3858
f 3888//3888 3861//3861 3886//3886
f 3862//3862 3887//3887 3859//3859
f 3862//3862 3889//3889 3887//3887
f 3891//3891 3890//3890 3864//3864
f 3864//3864 3890//3890 3863//3863
f 3864//3864 3861//3861 3888//3888
f 3864//3864 3888//3888 3891//3891
f 3865//3865 3889//3889 3862//3862
f 3865//3865 3892//3892 3889//3889
f 3893//3893 3867//3867 3868//3868
f 3894//3894 3893//3893 3868//3868
f 3863//3863 3894//3894 3868//3868
f 3890//3890 3894//3894 3863//3863
f 3870//3870 3892//3892 3865//3865
f 3870//3870 3895//3895 3892//3892
f 3896//3896 3873//3873 3874//3874
f 3897//3897 3896//3896 3874//3874
f 3897//3897 3874//3874 3867//3867
f 3898//3898 3897//3897 3867//3867
f 3893//3893 3898//3898 3867//3867
f 3898//3898 3893//3893 3894//3894
f 3899//3899 3895//3895 3870//3870
f 3899//3899 3870//3870 3875//3875
f 3901//3901 3899//3899 3900//3900
f 3899//3899 3876//3876 3900//3900
f 3899//3899 3875//3875 3876//3876
f 3877//3877 3902//3902 3876//3876
f 3876//3876 3902//3902 3900//3900
f 3878//3878 3903//3903 3877//3877
f 3877//3877 3903//3903 3902//3902
f 3879//3879 3904//3904 3878//3878
f 3878//3878 3904//3904 3903//3903
f 3880//3880 3905//3905 3879//3879
f 3879//3879 3905//3905 3904//3904
f 3881//3881 3906//3906 3880//3880
f 3880//3880 3906//3906 3905//3905
f 3906//3906 3881//3881 3907//3907
f 3881//3881 3908//3908 3907//3907
f 3881//3881 3882//3882 3908//3908
f 3882//3882 3873//3873 3896//3896
f 3909//3909 3882//3882 3896//3896
f 3908//3908 3882//3882 3909//3909
f 3909//3909 3896//3896 3897//3897
f 3910//3910 3901//3901 3900//3900
f 3910//3910 3900//3900 3902//3902
f 3910//3910 3902//3902 3911//3911
f 3911//3911 3902//3902 3903//3903
f 3911//3911 3903//3903 3912//3912
f 3912//3912 3903//3903 3904//3904
f 3912//3912 3904//3904 3913//3913
f 3913//3913 3904//3904 3905//3905
f 3913//3913 3905//3905 3914//3914
f 3914//3914 3905//3905 3906//3906
f 3914//3914 3906//3906 3915//3915
f 3915//3915 3906//3906 3907//3907
f 3885//3885 3916//3916 3883//3883
f 3885//3885 3918//3918 3916//3916
f 3917//3917 3886//3886 3884//3884
f 3919//3919 3886//3886 3917//3917
f 3887//3887 3918//3918 3885//3885
f 3887//3887 3920//3920 3918//3918
f 3919//3919 3888//3888 3886//3886
f 3921//3921 3888//3888 3919//3919
f 3889//3889 3920//3920 3887//3887
f 3889//3889 3922//3922 3920//3920
f 3924//3924 3923//3923 3891//3891
f 3891//3891 3923//3923 3890//3890
f 3891//3891 3888//3888 3921//3921
f 3891//3891 3921//3921 3924//3924
f 3892//3892 3922//3922 3889//3889
f 3892//3892 3925//3925 3922//3922
f 3923//3923 3894//3894 3890//3890
f 3926//3926 3894//3894 3923//3923
f 3929//3929 3928//3928 3927//3927
f 3928//3928 3925//3925 3927//3927
f 3925//3925 3895//3895 3927//3927
f 3925//3925 3892//3892 3895//3895
f 3931//3931 3930//3930 3898//3898
f 3898//3898 3930//3930 3897//3897
f 3898//3898 3894//3894 3926//3926
f 3898//3898 3926//3926 3931//3931
f 3932//3932 3929//3929 3927//3927
f 3934//3934 3932//3932 3933//3933
f 3933//3933 3932//3932 3899//3899
f 3932//3932 3927//3927 3899//3899
f 3927//3927 3895//3895 3899//3899
f 3901//3901 3933//3933 3899//3899
f 3935//3935 3907//3907 3908//3908
f 3935//3935 3908//3908 3936//3936
f 3908//3908 3937//3937 3936//3936
f 3908//3908 3909//3909 3937//3937
f 3909//3909 3897//3897 3930//3930
f 3909//3909 3930//3930 3937//3937
f 3938//3938 3934//3934 3933//3933
f 3938//3938 3933//3933 3901//3901
f 3910//3910 3938//3938 3901//3901
f 3939//3939 3938//3938 3910//3910
f 3940//3940 3910//3910 3911//3911
f 3940//3940 3939//3939 3910//3910
f 3941//3941 3911//3911 3912//3912
f 3941//3941 3940//3940 3911//3911
f 3942//3942 3912//3912 3913//3913
f 3942//3942 3941//3941 3912//3912
f 3943//3943 3913//3913 3914//3914
f 3943//3943 3942//3942 3913//3913
f 3944//3944 3914//3914 3915//3915
f 3944//3944 3943//3943 3914//3914
f 3915//3915 3907//3907 3935//3935
f 3945//3945 3915//3915 3935//3935
f 3944//3944 3915//3915 3945//3945
f 3945//3945 3935//3935 3936//3936
f 3918//3918 3946//3946 3916//3916
f 3918//3918 3948//3948 3946//3946
f 3947//3947 3919//3919 3917//3917
f 3949//3949 3919//3919 3947//3947
f 3920//3920 3948//3948 3918//3918
f 3920//3920 3950//3950 3948//3948
f 3949//3949 3921//3921 3919//3919
f 3951//3951 3921//3921 3949//3949
f 3954//3954 3953//3953 3952//3952
f 3953//3953 3950//3950 3952//3952
f 3950//3950 3922//3922 3952//3952
f 3950//3950 3920//3920 3922//3922
f 3955//3955 3923//3923 3924//3924
f 3956//3956 3955//3955 3924//3924
f 3921//3921 3956//3956 3924//3924
f 3951//3951 3956//3956 3921//3921
f 3954//3954 3952//3952 3957//3957
f 3954//3954 3957//3957 3958//3958
f 3925//3925 3957//3957 3922//3922
f 3922//3922 3957//3957 3952//3952
f 3960//3960 3959//3959 3955//3955
f 3959//3959 3923//3923 3955//3955
f 3959//3959 3926//3926 3923//3923
f 3960//3960 3955//3955 3956//3956
f 3958//3958 3957//3957 3928//3928
f 3929//3929 3958//3958 3928//3928
f 3961//3961 3958//3958 3929//3929
f 3928//3928 3957//3957 3925//3925
f 3962//3962 3930//3930 3931//3931
f 3963//3963 3962//3962 3931//3931
f 3926//3926 3963//3963 3931//3931
f 3959//3959 3963//3963 3926//3926
f 3929//3929 3932//3932 3964//3964
f 3965//3965 3929//3929 3964//3964
f 3961//3961 3929//3929 3965//3965
f 3934//3934 3964//3964 3932//3932
f 3966//3966 3936//3936 3937//3937
f 3967//3967 3966//3966 3937//3937
f 3967//3967 3937//3937 3930//3930
f 3968//3968 3967//3967 3930//3930
f 3962//3962 3968//3968 3930//3930
f 3968//3968 3962//3962 3963//3963
f 3969//3969 3965//3965 3964//3964
f 3969//3969 3964//3964 3934//3934
f 3938//3938 3969//3969 3934//3934
f 3970//3970 3969//3969 3938//3938
f 3972//3972 3970//3970 3971//3971
f 3970//3970 3939//3939 3971//3971
f 3970//3970 3938//3938 3939//3939
f 3940//3940 3973//3973 3939//3939
f 3939//3939 3973//3973 3971//3971
f 3941//3941 3974//3974 3940//3940
f 3940//3940 3974//3974 3973//3973
f 3942//3942 3975//3975 3941//3941
f 3941//3941 3975//3975 3974//3974
f 3943//3943 3976//3976 3942//3942
f 3942//3942 3976//3976 3975//3975
f 3976//3976 3943//3943 3977//3977
f 3943//3943 3978//3978 3977//3977
f 3943//3943 3944//3944 3978//3978
f 3979//3979 3944//3944 3945//3945
f 3979//3979 3978//3978 3944//3944
f 3945//3945 3936//3936 3966//3966
f 3980//3980 3945//3945 3966//3966
f 3979//3979 3945//3945 3980//3980
f 3980//3980 3966//3966 3967//3967
f 3981//3981 3972//3972 3971//3971
f 3981//3981 3971//3971 3973//3973
f 3981//3981 3973//3973 3982//3982
f 3982//3982 3973//3973 3974//3974
f 3982//3982 3974//3974 3983//3983
f 3983//3983 3974//3974 3975//3975
f 3983//3983 3975//3975 3984//3984
f 3984//3984 3975//3975 3976//3976
f 3984//3984 3976//3976 3985//3985
f 3985//3985 3976//3976 3977//3977
f 3990//3990 3989//3989 3988//3988
f 3989//3989 3986//3986 3988//3988
f 3986//3986 3948//3948 3988//3988
f 3986//3986 3946//3946 3948//3948
f 3987//3987 3949//3949 3947//3947
f 3991//3991 3949//3949 3987//3987
f 3990//3990 3988//3988 3992//3992
f 3990//3990 3992//3992 3993//3993
f 3950//3950 3992//3992 3948//3948
f 3948//3948 3992//3992 3988//3988
f 3991//3991 3951//3951 3949//3949
f 3994//3994 3951//3951 3991//3991
f 3993//3993 3992//3992 3953//3953
f 3954//3954 3993//3993 3953//3953
f 3995//3995 3993//3993 3954//3954
f 3953//3953 3992//3992 3950//3950
f 3994//3994 3956//3956 3951//3951
f 3996//3996 3956//3956 3994//3994
f 3958//3958 3995//3995 3954//3954
f 3958//3958 3997//3997 3995//3995
f 3999//3999 3998//3998 3960//3960
f 3960//3960 3998//3998 3959//3959
f 3960//3960 3956//3956 3996//3996
f 3960//3960 3996//3996 3999//3999
f 3961//3961 3997//3997 3958//3958
f 3961//3961 4000//4000 3997//3997
f 3998//3998 3963//3963 3959//3959
f 4001//4001 3963//3963 3998//3998
f 3965//3965 4000//4000 3961//3961
f 3965//3965 4002//4002 4000//4000
f 4004//4004 4003//4003 3968//3968
f 3968//3968 4003//4003 3967//3967
f 3968//3968 3963//3963 4001//4001
f 3968//3968 4001//4001 4004//4004
f 4005//4005 4002//4002 3965//3965
f 4005//4005 3965//3965 3969//3969
f 4007//4007 4005//4005 4006//4006
f 4005//4005 3970//3970 4006//4006
f 4005//4005 3969//3969 3970//3970
f 3972//3972 4006//4006 3970//3970
f 4008//4008 3977//3977 3978//3978
f 4008//4008 3978//3978 4009//4009
f 3978//3978 4010//4010 4009//4009
f 3978//3978 3979//3979 4010//4010
f 4011//4011 3979//3979 3980//3980
f 4011//4011 4010//4010 3979//3979
f 3980//3980 3967//3967 4003//4003
f 3980//3980 4003//4003 4011//4011
f 4012//4012 4007//4007 4006//4006
f 4012//4012 4006//4006 3972//3972
f 3981//3981 4012//4012 3972//3972
f 4013//4013 4012//4012 3981//3981
f 4014//4014 3981//3981 3982//3982
f 4014//4014 4013//4013 3981//3981
f 4015//4015 3982//3982 3983//3983
f 4015//4015 4014//4014 3982//3982
f 4016//4016 3983//3983 3984//3984
f 4016//4016 4015//4015 3983//3983
f 4017//4017 3984//3984 3985//3985
f 4017//4017 4016//4016 3984//3984
f 3985//3985 3977//3977 4008//4008
f 4018//4018 3985//3985 4008//4008
f 4017//4017 3985//3985 4018//4018
f 4018//4018 4008//4008 4009//4009
f 4020//4020 4019//4019 3989//3989
f 3990//3990 4020//4020 3989//3989
f 4022//4022 4020//4020 3990//3990
f 3989//3989 4019//4019 3986//3986
f 4021//4021 3991//3991 3987//3987
f 4023//4023 3991//3991 4021//4021
f 3993//3993 4022//4022 3990//3990
f 3993//3993 4024//4024 4022//4022
f 4023//4023 3994//3994 3991//3991
f 4025//4025 3994//3994 4023//4023
f 3995//3995 4024//4024 3993//3993
f 3995//3995 4026//4026 4024//4024
f 4025//4025 3996//3996 3994//3994
f 4027//4027 3996//3996 4025//4025
f 3997//3997 4026//4026 3995//3995
f 3997//3997 4028//4028 4026//4026
f 4029//4029 3998//3998 3999//3999
f 4030//4030 4029//4029 3999//3999
f 3996//3996 4030//4030 3999//3999
f 4027//4027 4030//4030 3996//3996
f 4000//4000 4028//4028 3997//3997
f 4000//4000 4031//4031 4028//4028
f 4033//4033 4032//4032 4029//4029
f 4032//4032 3998//3998 4029//4029
f 4032//4032 4001//4001 3998//3998
f 4033//4033 4029//4029 4030//4030
f 4002//4002 4031//4031 4000//4000
f 4002//4002 4034//4034 4031//4031
f 4036//4036 4035//4035 4004//4004
f 4004//4004 4035//4035 4003//4003
f 4004//4004 4001//4001 4032//4032
f 4004//4004 4032//4032 4036//4036
f 4037//4037 4034//4034 4002//4002
f 4037//4037 4002//4002 4005//4005
f 4005//4005 4007//4007 4037//4037
f 4037//4037 4007//4007 4038//4038
f 4039//4039 4009//4009 4010//4010
f 4039//4039 4010//4010 4040//4040
f 4010//4010 4041//4041 4040//4040
f 4010//4010 4011//4011 4041//4041
f 4011//4011 4003//4003 4035//4035
f 4011//4011 4035//4035 4041//4041
f 4042//4042 4038//4038 4007//4007
f 4042//4042 4007//4007 4012//4012
f 4043//4043 4012//4012 4013//4013
f 4043//4043 4042//4042 4012//4012
f 4044//4044 4013//4013 4014//4014
f 4044//4044 4043//4043 4013//4013
f 4045//4045 4014//4014 4015//4015
f 4045//4045 4044//4044 4014//4014
f 4046//4046 4015//4015 4016//4016
f 4046//4046 4045//4045 4015//4015
f 4047//4047 4016//4016 4017//4017
f 4047//4047 4046//4046 4016//4016
f 4048//4048 4017//4017 4018//4018
f 4048//4048 4047//4047 4017//4017
f 4018//4018 4009//4009 4039//4039
f 4049//4049 4018//4018 4039//4039
f 4048//4048 4018//4018 4049//4049
f 4049//4049 4039//4039 4040//4040
f 4022//4022 4050//4050 4020//4020
f 4022//4022 4052//4052 4050//4050
f 4051//4051 4023//4023 4021//4021
f 4053//4053 4023//4023 4051//4051
f 4024//4024 4052//4052 4022//4022
f 4024//4024 4054//4054 4052//4052
f 4053//4053 4025//4025 4023//4023
f 4055//4055 4025//4025 4053//4053
f 4026//4026 4054//4054 4024//4024
f 4026//4026 4056//4056 4054//4054
f 4055//4055 4027//4027 4025//4025
f 4057//4057 4027//4027 4055//4055
f 4028//4028 4056//4056 4026//4026
f 4028//4028 4058//4058 4056//4056
f 4057//4057 4030//4030 4027//4027
f 4059//4059 4030//4030 4057//4057
f 4031//4031 4058//4058 4028//4028
f 4031//4031 4060//4060 4058//4058
f 4062//4062 4061//4061 4033//4033
f 4033//4033 4061//4061 4032//4032
f 4033//4033 4030//4030 4059//4059
f 4033//4033 4059//4059 4062//4062
f 4034//4034 4060//4060 4031//4031
f 4034//4034 4063//4063 4060//4060
f 4064//4064 4035//4035 4036//4036
f 4065//4065 4064//4064 4036//4036
f 4032//4032 4065//4065 4036//4036
f 4061//4061 4065//4065 4032//4032
f 4034//4034 4037//4037 4066//4066
f 4067//4067 4034//4034 4066//4066
f 4063//4063 4034//4034 4067//4067
f 4038//4038 4066//4066 4037//4037
f 4068//4068 4040//4040 4041//4041
f 4069//4069 4068//4068 4041//4041
f 4069//4069 4041//4041 4035//4035
f 4070//4070 4069//4069 4035//4035
f 4064//4064 4070//4070 4035//4035
f 4070//4070 4064//4064 4065//4065
f 4071//4071 4067//4067 4066//4066
f 4071//4071 4066//4066 4038//4038
f 4042//4042 4071//4071 4038//4038
f 4072//4072 4071//4071 4042//4042
f 4073//4073 4042//4042 4043//4043
f 4073//4073 4072//4072 4042//4042
f 4075//4075 4073//4073 4074//4074
f 4073//4073 4044//4044 4074//4074
f 4073//4073 4043//4043 4044//4044
f 4045//4045 4076//4076 4044//4044
f 4044//4044 4076//4076 4074//4074
f 4046//4046 4077//4077 4045//4045
f 4045//4045 4077//4077 4076//4076
f 4047//4047 4078//4078 4046//4046
f 4046//4046 4078//4078 4077//4077
f 4078//4078 4047//4047 4079//4079
f 4047//4047 4080//4080 4079//4079
f 4047//4047 4048//4048 4080//4080
f 4081//4081 4048//4048 4049//4049
f 4081//4081 4080//4080 4048//4048
f 4049//4049 4040//4040 4068//4068
f 4082//4082 4049//4049 4068//4068
f 4081//4081 4049//4049 4082//4082
f 4082//4082 4068//4068 4069//4069
f 4083//4083 4075//4075 4074//4074
f 4083//4083 4074//4074 4076//4076
f 4083//4083 4076//4076 4084//4084
f 4084//4084 4076//4076 4077//4077
f 4084//4084 4077//4077 4085//4085
f 4085//4085 4077//4077 4078//4078
f 4085//4085 4078//4078 4086//4086
f 4086//4086 4078//4078 4079//4079
f 4052//4052 4087//4087 4050//4050
f 4052//4052 4089//4089 4087//4087
f 4088//4088 4053//4053 4051//4051
f 4090//4090 4053//4053 4088//4088
f 4054//4054 4089//4089 4052//4052
f 4054//4054 4091//4091 4089//4089
f 4090//4090 4055//4055 4053//4053
f 4092//4092 4055//4055 4090//4090
f 4056//4056 4091//4091 4054//4054
f 4056//4056 4093//4093 4091//4091
f 4092//4092 4057//4057 4055//4055
f 4094//4094 4057//4057 4092//4092
f 4058//4058 4093//4093 4056//4056
f 4058//4058 4095//4095 4093//4093
f 4094//4094 4059//4059 4057//4057
f 4096//4096 4059//4059 4094//4094
f 4060//4060 4095//4095 4058//4058
f 4060//4060 4097//4097 4095//4095
f 4098//4098 4061//4061 4062//4062
f 4099//4099 4098//4098 4062//4062
f 4059//4059 4099//4099 4062//4062
f 4096//4096 4099//4099 4059//4059
f 4063//4063 4097//4097 4060//4060
f 4063//4063 4100//4100 4097//4097
f 4102//4102 4101//4101 4098//4098
f 4101//4101 4061//4061 4098//4098
f 4101//4101 4065//4065 4061//4061
f 4102//4102 4098//4098 4099//4099
f 4067//4067 4100//4100 4063//4063
f 4067//4067 4103//4103 4100//4100
f 4105//4105 4104//4104 4070//4070
f 4070//4070 4104//4104 4069//4069
f 4070//4070 4065//4065 4101//4101
f 4070//4070 4101//4101 4105//4105
f 4106//4106 4103//4103 4067//4067
f 4106//4106 4067//4067 4071//4071
f 4107//4107 4071//4071 4072//4072
f 4107//4107 4106//4106 4071//4071
f 4109//4109 4107//4107 4108//4108
f 4107//4107 4073//4073 4108//4108
f 4107//4107 4072//4072 4073//4073
f 4075//4075 4108//4108 4073//4073
f 4110//4110 4079//4079 4080//4080
f 4110//4110 4080//4080 4111//4111
f 4080//4080 4112//4112 4111//4111
f 4080//4080 4081//4081 4112//4112
f 4113//4113 4081//4081 4082//4082
f 4113//4113 4112//4112 4081//4081
f 4082//4082 4069//4069 4104//4104
f 4082//4082 4104//4104 4113//4113
f 4114//4114 4109//4109 4108//4108
f 4114//4114 4108//4108 4075//4075
f 4083//4083 4114//4114 4075//4075
f 4115//4115 4114//4114 4083//4083
f 4116//4116 4083//4083 4084//4084
f 4116//4116 4115//4115 4083//4083
f 4117//4117 4084//4084 4085//4085
f 4117//4117 4116//4116 4084//4084
f 4118//4118 4085//4085 4086//4086
f 4118//4118 4117//4117 4085//4085
f 4086//4086 4079//4079 4110//4110
f 4119//4119 4086//4086 4110//4110
f 4118//4118 4086//4086 4119//4119
f 4119//4119 4110//4110 4111//4111
f 4089//4089 4120//4120 4087//4087
f 4089//4089 4122//4122 4120//4120
f 4121//4121 4090//4090 4088//4088
f 4123//4123 4090//4090 4121//4121
f 4091//4091 4122//4122 4089//4089
f 4091//4091 4124//4124 4122//4122
f 4123//4123 4092//4092 4090//4090
f 4125//4125 4092//4092 4123//4123
f 4093//4093 4124//4124 4091//4091
f 4093//4093 4126//4126 4124//4124
f 4125//4125 4094//4094 4092//4092
f 4127//4127 4094//4094 4125//4125
f 4095//4095 4126//4126 4093//4093
f 4095//4095 4128//4128 4126//4126
f 4127//4127 4096//4096 4094//4094
f 4129//4129 4096//4096 4127//4127
f 4097//4097 4128//4128 4095//4095
f 4097//4097 4130//4130 4128//4128
f 4129//4129 4099//4099 4096//4096
f 4131//4131 4099//4099 4129//4129
f 4100//4100 4130//4130 4097//4097
f 4100//4100 4132//4132 4130//4130
f 4134//4134 4133//4133 4102//4102
f 4102//4102 4133//4133 4101//4101
f 4102//4102 4099//4099 4131//4131
f 4102//4102 4131//4131 4134//4134
f 4103//4103 4132//4132 4100//4100
f 4103//4103 4135//4135 4132//4132
f 4137//4137 4136//4136 4105//4105
f 4105//4105 4136//4136 4104//4104
f 4105//4105 4101//4101 4133//4133
f 4105//4105 4133//4133 4137//4137
f 4138//4138 4135//4135 4103//4103
f 4138//4138 4103//4103 4106//4106
f 4140//4140 4138//4138 4139//4139
f 4138//4138 4107//4107 4139//4139
f 4138//4138 4106//4106 4107//4107
f 4109//4109 4139//4139 4107//4107
f 4141//4141 4111//4111 4112//4112
f 4141//4141 4112//4112 4142//4142
f 4112//4112 4143//4143 4142//4142
f 4112//4112 4113//4113 4143//4143
f 4113//4113 4104//4104 4136//4136
f 4113//4113 4136//4136 4143//4143
f 4144//4144 4140//4140 4139//4139
f 4144//4144 4139//4139 4109//4109
f 4114//4114 4144//4144 4109//4109
f 4145//4145 4144//4144 4114//4114
f 4146//4146 4114//4114 4115//4115
f 4146//4146 4145//4145 4114//4114
f 4147//4147 4115//4115 4116//4116
f 4147//4147 4146//4146 4115//4115
f 4148//4148 4116//4116 4117//4117
f 4148//4148 4147//4147 4116//4116
f 4149//4149 4117//4117 4118//4118
f 4149//4149 4148//4148 4117//4117
f 4150//4150 4118//4118 4119//4119
f 4150//4150 4149//4149 4118//4118
f 4119//4119 4111//4111 4141//4141
f 4151//4151 4119//4119 4141//4141
f 4150//4150 4119//4119 4151//4151
f 4151//4151 4141//4141 4142//4142
f 4122//4122 4152//4152 4120//4120
f 4122//4122 4154//4154 4152//4152
f 4153//4153 4123//4123 4121//4121
f 4155//4155 4123//4123 4153//4153
f 4124//4124 4154//4154 4122//4122
f 4124//4124 4156//4156 4154//4154
f 4155//4155 4125//4125 4123//4123
f 4157//4157 4125//4125 4155//4155
f 4126//4126 4156//4156 4124//4124
f 4126//4126 4158//4158 4156//4156
f 4157//4157 4127//4127 4125//4125
f 4159//4159 4127//4127 4157//4157
f 4128//4128 4158//4158 4126//4126
f 4128//4128 4160//4160 4158//4158
f 4159//4159 4129//4129 4127//4127
f 4161//4161 4129//4129 4159//4159
f 4130//4130 4160//4160 4128//4128
f 4130//4130 4162//4162 4160//4160
f 4161//4161 4131//4131 4129//4129
f 4163//4163 4131//4131 4161//4161
f 4132//4132 4162//4162 4130//4130
f 4132//4132 4164//4164 4162//4162
f 4166//4166 4165//4165 4134//4134
f 4134//4134 4165//4165 4133//4133
f 4134//4134 4131//4131 4163//4163
f 4134//4134 4163//4163 4166//4166
f 4135//4135 4164//4164 4132//4132
f 4135//4135 4167//4167 4164//4164
f 4168//4168 4136//4136 4137//4137
f 4169//4169 4168//4168 4137//4137
f 4133//4133 4169//4169 4137//4137
f 4165//4165 4169//4169 4133//4133
f 4135//4135 4138//4138 4170//4170
f 4171//4171 4135//4135 4170//4170
f 4167//4167 4135//4135 4171//4171
f 4140//4140 4170//4170 4138//4138
f 4173//4173 4172//4172 4143//4143
f 4143//4143 4172//4172 4142//4142
f 4143//4143 4136//4136 4168//4168
f 4174//4174 4143//4143 4168//4168
f 4173//4173 4143//4143 4174//4174
f 4174//4174 4168//4168 4169//4169
f 4175//4175 4171//4171 4170//4170
f 4175//4175 4170//4170 4140//4140
f 4144//4144 4175//4175 4140//4140
f 4176//4176 4175//4175 4144//4144
f 4178//4178 4176//4176 4177//4177
f 4176//4176 4145//4145 4177//4177
f 4176//4176 4144//4144 4145//4145
f 4146//4146 4179//4179 4145//4145
f 4145//4145 4179//4179 4177//4177
f 4147//4147 4180//4180 4146//4146
f 4146//4146 4180//4180 4179//4179
f 4148//4148 4181//4181 4147//4147
f 4147//4147 4181//4181 4180//4180
f 4149//4149 4182//4182 4148//4148
f 4148//4148 4182//4182 4181//4181
f 4150//4150 4183//4183 4149//4149
f 4149//4149 4183//4183 4182//4182
f 4183//4183 4150//4150 4184//4184
f 4150//4150 4185//4185 4184//4184
f 4150//4150 4151//4151 4185//4185
f 4151//4151 4142//4142 4172//4172
f 4151//4151 4172//4172 4185//4185
f 4186//4186 4178//4178 4177//4177
f 4186//4186 4177//4177 4179//4179
f 4186//4186 4179//4179 4187//4187
f 4187//4187 4179//4179 4180//4180
f 4187//4187 4180//4180 4188//4188
f 4188//4188 4180//4180 4181//4181
f 4188//4188 4181//4181 4189//4189
f 4189//4189 4181//4181 4182//4182
f 4189//4189 4182//4182 4190//4190
f 4190//4190 4182//4182 4183//4183
f 4190//4190 4183//4183 4191//4191
f 4191//4191 4183//4183 4184//4184
f 4154//4154 4192//4192 4152//4152
f 4154//4154 4194//4194 4192//4192
f 4193//4193 4155//4155 4153//4153
f 4195//4195 4155//4155 4193//4193
f 4156//4156 4194//4194 4154//4154
f 4156//4156 4196//4196 4194//4194
f 4195//4195 4157//4157 4155//4155
f 4197//4197 4157//4157 4195//4195
f 4158//4158 4196//4196 4156//4156
f 4158//4158 4198//4198 4196//4196
f 4197//4197 4159//4159 4157//4157
f 4199//4199 4159//4159 4197//4197
f 4160//4160 4198//4198 4158//4158
f 4160//4160 4200//4200 4198//4198
f 4199//4199 4161//4161 4159//4159
f 4201//4201 4161//4161 4199//4199
f 4162//4162 4200//4200 4160//4160
f 4162//4162 4202//4202 4200//4200
f 4201//4201 4163//4163 4161//4161
f 4203//4203 4163//4163 4201//4201
f 4164//4164 4202//4202 4162//4162
f 4164//4164 4204//4204 4202//4202
f 4205//4205 4165//4165 4166//4166
f 4206//4206 4205//4205 4166//4166
f 4163//4163 4206//4206 4166//4166
f 4203//4203 4206//4206 4163//4163
f 4167//4167 4204//4204 4164//4164
f 4167//4167 4207//4207 4204//4204
f 4209//4209 4208//4208 4205//4205
f 4208//4208 4165//4165 4205//4205
f 4208//4208 4169//4169 4165//4165
f 4209//4209 4205//4205 4206//4206
f 4171//4171 4207//4207 4167//4167
f 4171//4171 4210//4210 4207//4207
f 4211//4211 4172//4172 4173//4173
f 4211//4211 4173//4173 4212//4212
f 4173//4173 4213//4213 4212//4212
f 4173//4173 4174//4174 4213//4213
f 4174//4174 4169//4169 4208//4208
f 4174//4174 4208//4208 4213//4213
f 4214//4214 4210//4210 4171//4171
f 4214//4214 4171//4171 4175//4175
f 4216//4216 4214//4214 4215//4215
f 4214//4214 4176//4176 4215//4215
f 4214//4214 4175//4175 4176//4176
f 4178//4178 4215//4215 4176//4176
f 4217//4217 4184//4184 4185//4185
f 4218//4218 4217//4217 4185//4185
f 4218//4218 4185//4185 4172//4172
f 4219//4219 4218//4218 4172//4172
f 4211//4211 4219//4219 4172//4172
f 4219//4219 4211//4211 4212//4212
f 4220//4220 4216//4216 4215//4215
f 4220//4220 4215//4215 4178//4178
f 4186//4186 4220//4220 4178//4178
f 4221//4221 4220//4220 4186//4186
f 4222//4222 4186//4186 4187//4187
f 4222//4222 4221//4221 4186//4186
f 4223//4223 4187//4187 4188//4188
f 4223//4223 4222//4222 4187//4187
f 4224//4224 4188//4188 4189//4189
f 4224//4224 4223//4223 4188//4188
f 4225//4225 4189//4189 4190//4190
f 4225//4225 4224//4224 4189//4189
f 4226//4226 4190//4190 4191//4191
f 4226//4226 4225//4225 4190//4190
f 4191//4191 4184//4184 4217//4217
f 4227//4227 4191//4191 4217//4217
f 4226//4226 4191//4191 4227//4227
f 4227//4227 4217//4217 4218//4218
f 4194//4194 4228//4228 4192//4192
f 4194//4194 4230//4230 4228//4228
f 4229//4229 4195//4195 4193//4193
f 4231//4231 4195//4195 4229//4229
f 4234//4234 4233//4233 4232//4232
f 4233//4233 4230//4230 4232//4232
f 4230//4230 4196//4196 4232//4232
f 4230//4230 4194//4194 4196//4196
f 4231//4231 4197//4197 4195//4195
f 4235//4235 4197//4197 4231//4231
f 4234//4234 4232//4232 4236//4236
f 4234//4234 4236//4236 4237//4237
f 4198//4198 4236//4236 4196//4196
f 4196//4196 4236//4236 4232//4232
f 4235//4235 4199//4199 4197//4197
f 4238//4238 4199//4199 4235//4235
f 4237//4237 4236//4236 4239//4239
f 4237//4237 4239//4239 4240//4240
f 4200//4200 4239//4239 4198//4198
f 4198//4198 4239//4239 4236//4236
f 4238//4238 4201//4201 4199//4199
f 4241//4241 4201//4201 4238//4238
f 4240//4240 4239//4239 4242//4242
f 4240//4240 4242//4242 4243//4243
f 4202//4202 4242//4242 4200//4200
f 4200//4200 4242//4242 4239//4239
f 4241//4241 4203//4203 4201//4201
f 4244//4244 4203//4203 4241//4241
f 4243//4243 4242//4242 4245//4245
f 4243//4243 4245//4245 4246//4246
f 4204//4204 4245//4245 4202//4202
f 4202//4202 4245//4245 4242//4242
f 4244//4244 4206//4206 4203//4203
f 4247//4247 4206//4206 4244//4244
f 4246//4246 4245//4245 4248//4248
f 4246//4246 4248//4248 4249//4249
f 4207//4207 4248//4248 4204//4204
f 4204//4204 4248//4248 4245//4245
f 4251//4251 4250//4250 4209//4209
f 4209//4209 4250//4250 4208//4208
f 4209//4209 4206//4206 4247//4247
f 4209//4209 4247//4247 4251//4251
f 4252//4252 4249//4249 4248//4248
f 4248//4248 4207//4207 4252//4252
f 4207//4207 4253//4253 4252//4252
f 4207//4207 4210//4210 4253//4253
f 4254//4254 4212//4212 4213//4213
f 4255//4255 4254//4254 4213//4213
f 4208//4208 4255//4255 4213//4213
f 4250//4250 4255//4255 4208//4208
f 4210//4210 4214//4214 4256//4256
f 4257//4257 4210//4210 4256//4256
f 4253//4253 4210//4210 4257//4257
f 4216//4216 4256//4256 4214//4214
f 4258//4258 4218//4218 4219//4219
f 4259//4259 4258//4258 4219//4219
f 4259//4259 4219//4219 4212//4212
f 4260//4260 4259//4259 4212//4212
f 4254//4254 4260//4260 4212//4212
f 4260//4260 4254//4254 4255//4255
f 4261//4261 4257//4257 4256//4256
f 4261//4261 4256//4256 4216//4216
f 4220//4220 4261//4261 4216//4216
f 4262//4262 4261//4261 4220//4220
f 4264//4264 4262//4262 4263//4263
f 4262//4262 4221//4221 4263//4263
f 4262//4262 4220//4220 4221//4221
f 4222//4222 4265//4265 4221//4221
f 4221//4221 4265//4265 4263//4263
f 4223//4223 4266//4266 4222//4222
f 4222//4222 4266//4266 4265//4265
f 4224//4224 4267//4267 4223//4223
f 4223//4223 4267//4267 4266//4266
f 4225//4225 4268//4268 4224//4224
f 4224//4224 4268//4268 4267//4267
f 4226//4226 4269//4269 4225//4225
f 4225//4225 4269//4269 4268//4268
f 4269//4269 4226//4226 4270//4270
f 4226//4226 4271//4271 4270//4270
f 4226//4226 4227//4227 4271//4271
f 4227//4227 4218//4218 4258//4258
f 4272//4272 4227//4227 4258//4258
f 4271//4271 4227//4227 4272//4272
f 4272//4272 4258//4258 4259//4259
f 4273//4273 4264//4264 4263//4263
f 4273//4273 4263//4263 4265//4265
f 4273//4273 4265//4265 4274//4274
f 4274//4274 4265//4265 4266//4266
f 4274//4274 4266//4266 4275//4275
f 4275//4275 4266//4266 4267//4267
f 4275//4275 4267//4267 4276//4276
f 4276//4276 4267//4267 4268//4268
f 4276//4276 4268//4268 4277//4277
f 4277//4277 4268//4268 4269//4269
f 4277//4277 4269//4269 4278//4278
f 4278//4278 4269//4269 4270//4270
f 4280//4280 4279//4279 4282//4282
f 4280//4280 4282//4282 4283//4283
f 4230//4230 4282//4282 4228//4228
f 4228//4228 4282//4282 4279//4279
f 4281//4281 4231//4231 4229//4229
f 4284//4284 4231//4231 4281//4281
f 4283//4283 4282//4282 4233//4233
f 4234//4234 4283//4283 4233//4233
f 4285//4285 4283//4283 4234//4234
f 4233//4233 4282//4282 4230//4230
f 4284//4284 4235//4235 4231//4231
f 4286//4286 4235//4235 4284//4284
f 4237//4237 4285//4285 4234//4234
f 4237//4237 4287//4287 4285//4285
f 4286//4286 4238//4238 4235//4235
f 4288//4288 4238//4238 4286//4286
f 4240//4240 4287//4287 4237//4237
f 4240//4240 4289//4289 4287//4287
f 4288//4288 4241//4241 4238//4238
f 4290//4290 4241//4241 4288//4288
f 4243//4243 4289//4289 4240//4240
f 4243//4243 4291//4291 4289//4289
f 4290//4290 4244//4244 4241//4241
f 4292//4292 4244//4244 4290//4290
f 4246//4246 4291//4291 4243//4243
f 4246//4246 4293//4293 4291//4291
f 4292//4292 4247//4247 4244//4244
f 4294//4294 4247//4247 4292//4292
f 4249//4249 4293//4293 4246//4246
f 4249//4249 4295//4295 4293//4293
f 4296//4296 4250//4250 4251//4251
f 4297//4297 4296//4296 4251//4251
f 4247//4247 4297//4297 4251//4251
f 4294//4294 4297//4297 4247//4247
f 4249//4249 4252//4252 4298//4298
f 4299//4299 4249//4249 4298//4298
f 4295//4295 4249//4249 4299//4299
f 4253//4253 4298//4298 4252//4252
f 4301//4301 4300//4300 4296//4296
f 4300//4300 4250//4250 4296//4296
f 4300//4300 4255//4255 4250//4250
f 4301//4301 4296//4296 4297//4297
f 4302//4302 4299//4299 4298//4298
f 4298//4298 4253//4253 4302//4302
f 4253//4253 4303//4303 4302//4302
f 4253//4253 4257//4257 4303//4303
f 4305//4305 4304//4304 4260//4260
f 4260//4260 4304//4304 4259//4259
f 4260//4260 4255//4255 4300//4300
f 4260//4260 4300//4300 4305//4305
f 4306//4306 4303//4303 4257//4257
f 4306//4306 4257//4257 4261//4261
f 4308//4308 4306//4306 4307//4307
f 4306//4306 4262//4262 4307//4307
f 4306//4306 4261//4261 4262//4262
f 4264//4264 4307//4307 4262//4262
f 4309//4309 4270//4270 4271//4271
f 4309//4309 4271//4271 4310//4310
f 4271//4271 4311//4311 4310//4310
f 4271//4271 4272//4272 4311//4311
f 4272//4272 4259//4259 4304//4304
f 4272//4272 4304//4304 4311//4311
f 4312//4312 4308//4308 4307//4307
f 4312//4312 4307//4307 4264//4264
f 4273//4273 4312//4312 4264//4264
f 4313//4313 4312//4312 4273//4273
f 4314//4314 4273//4273 4274//4274
f 4314//4314 4313//4313 4273//4273
f 4315//4315 4274//4274 4275//4275
f 4315//4315 4314//4314 4274//4274
f 4317//4317 4315//4315 4316//4316
f 4315//4315 4276//4276 4316//4316
f 4315//4315 4275//4275 4276//4276
f 4316//4316 4276//4276 4318//4318
f 4276//4276 4319//4319 4318//4318
f 4276//4276 4277//4277 4319//4319
f 4320//4320 4277//4277 4278//4278
f 4320//4320 4319//4319 4277//4277
f 4278//4278 4270//4270 4309//4309
f 4321//4321 4278//4278 4309//4309
f 4320//4320 4278//4278 4321//4321
f 4321//4321 4309//4309 4310//4310
f 4322//4322 4317//4317 4316//4316
f 4322//4322 4316//4316 4318//4318
f 4283//4283 4323//4323 4280//4280
f 4283//4283 4325//4325 4323//4323
f 4324//4324 4284//4284 4281//4281
f 4326//4326 4284//4284 4324//4324
f 4285//4285 4325//4325 4283//4283
f 4285//4285 4327//4327 4325//4325
f 4326//4326 4286//4286 4284//4284
f 4328//4328 4286//4286 4326//4326
f 4287//4287 4327//4327 4285//4285
f 4287//4287 4329//4329 4327//4327
f 4328//4328 4288//4288 4286//4286
f 4330//4330 4288//4288 4328//4328
f 4289//4289 4329//4329 4287//4287
f 4289//4289 4331//4331 4329//4329
f 4333//4333 4290//4290 4332//4332
f 4290//4290 4330//4330 4332//4332
f 4290//4290 4288//4288 4330//4330
f 4334//4334 4333//4333 4332//4332
f 4291//4291 4331//4331 4289//4289
f 4291//4291 4335//4335 4331//4331
f 4337//4337 4336//4336 4333//4333
f 4336//4336 4290//4290 4333//4333
f 4336//4336 4292//4292 4290//4290
f 4337//4337 4333//4333 4334//4334
f 4293//4293 4335//4335 4291//4291
f 4293//4293 4338//4338 4335//4335
f 4336//4336 4294//4294 4292//4292
f 4339//4339 4294//4294 4336//4336
f 4295//4295 4338//4338 4293//4293
f 4295//4295 4340//4340 4338//4338
f 4339//4339 4297//4297 4294//4294
f 4341//4341 4297//4297 4339//4339
f 4299//4299 4340//4340 4295//4295
f 4299//4299 4342//4342 4340//4340
f 4344//4344 4343//4343 4301//4301
f 4301//4301 4343//4343 4300//4300
f 4301//4301 4297//4297 4341//4341
f 4301//4301 4341//4341 4344//4344
f 4299//4299 4302//4302 4345//4345
f 4346//4346 4299//4299 4345//4345
f 4342//4342 4299//4299 4346//4346
f 4303//4303 4345//4345 4302//4302
f 4347//4347 4304//4304 4305//4305
f 4348//4348 4347//4347 4305//4305
f 4300//4300 4348//4348 4305//4305
f 4343//4343 4348//4348 4300//4300
f 4349//4349 4346//4346 4345//4345
f 4351//4351 4349//4349 4350//4350
f 4350//4350 4349//4349 4306//4306
f 4349//4349 4345//4345 4306//4306
f 4345//4345 4303//4303 4306//4306
f 4308//4308 4350//4350 4306//4306
f 4352//4352 4310//4310 4311//4311
f 4353//4353 4352//4352 4311//4311
f 4353//4353 4311//4311 4304//4304
f 4354//4354 4353//4353 4304//4304
f 4347//4347 4354//4354 4304//4304
f 4354//4354 4347//4347 4348//4348
f 4355//4355 4351//4351 4350//4350
f 4355//4355 4350//4350 4308//4308
f 4312//4312 4355//4355 4308//4308
f 4356//4356 4355//4355 4312//4312
f 4358//4358 4356//4356 4357//4357
f 4356//4356 4313//4313 4357//4357
f 4356//4356 4312//4312 4313//4313
f 4314//4314 4359//4359 4313//4313
f 4313//4313 4359//4359 4357//4357
f 4315//4315 4360//4360 4314//4314
f 4314//4314 4360//4360 4359//4359
f 4317//4317 4360//4360 4315//4315
f 4361//4361 4318//4318 4319//4319
f 4320//4320 4362//4362 4319//4319
f 4319//4319 4362//4362 4361//4361
f 4362//4362 4320//4320 4363//4363
f 4320//4320 4364//4364 4363//4363
f 4320//4320 4321//4321 4364//4364
f 4321//4321 4310//4310 4352//4352
f 4365//4365 4321//4321 4352//4352
f 4364//4364 4321//4321 4365//4365
f 4365//4365 4352//4352 4353//4353
f 4366//4366 4358//4358 4357//4357
f 4366//4366 4357//4357 4359//4359
f 4366//4366 4359//4359 4367//4367
f 4367//4367 4359//4359 4360//4360
f 4367//4367 4360//4360 4368//4368
f 4368//4368 4360//4360 4317//4317
f 4322//4322 4368//4368 4317//4317
f 4369//4369 4368//4368 4322//4322
f 4322//4322 4318//4318 4361//4361
f 4370//4370 4322//4322 4361//4361
f 4369//4369 4322//4322 4370//4370
f 4370//4370 4361//4361 4362//4362
f 4370//4370 4362//4362 4371//4371
f 4371//4371 4362//4362 4363//4363
f 4325//4325 4372//4372 4323//4323
f 4325//4325 4375//4375 4372//4372
f 4374//4374 4376//4376 4373//4373
f 4324//4324 4373//4373 4376//4376
f 4377//4377 4324//4324 4376//4376
f 4326//4326 4324//4324 4377//4377
f 4327//4327 4375//4375 4325//4325
f 4327//4327 4378//4378 4375//4375
f 4377//4377 4328//4328 4326//4326
f 4379//4379 4328//4328 4377//4377
f 4329//4329 4378//4378 4327//4327
f 4329//4329 4380//4380 4378//4378
f 4382//4382 4330//4330 4381//4381
f 4330//4330 4379//4379 4381//4381
f 4330//4330 4328//4328 4379//4379
f 4383//4383 4382//4382 4381//4381
f 4331//4331 4380//4380 4329//4329
f 4331//4331 4384//4384 4380//4380
f 4382//4382 4332//4332 4330//4330
f 4334//4334 4332//4332 4382//4382
f 4383//4383 4334//4334 4382//4382
f 4385//4385 4334//4334 4383//4383
f 4335//4335 4384//4384 4331//4331
f 4335//4335 4386//4386 4384//4384
f 4387//4387 4336//4336 4337//4337
f 4388//4388 4387//4387 4337//4337
f 4334//4334 4388//4388 4337//4337
f 4385//4385 4388//4388 4334//4334
f 4338//4338 4386//4386 4335//4335
f 4338//4338 4389//4389 4386//4386
f 4390//4390 4339//4339 4387//4387
f 4387//4387 4339//4339 4336//4336
f 4387//4387 4388//4388 4391//4391
f 4387//4387 4391//4391 4390//4390
f 4340//4340 4389//4389 4338//4338
f 4340//4340 4392//4392 4389//4389
f 4394//4394 4393//4393 4390//4390
f 4393//4393 4339//4339 4390//4390
f 4393//4393 4341//4341 4339//4339
f 4394//4394 4390//4390 4391//4391
f 4342//4342 4392//4392 4340//4340
f 4342//4342 4395//4395 4392//4392
f 4396//4396 4343//4343 4344//4344
f 4397//4397 4396//4396 4344//4344
f 4341//4341 4397//4397 4344//4344
f 4393//4393 4397//4397 4341//4341
f 4346//4346 4395//4395 4342//4342
f 4346//4346 4398//4398 4395//4395
f 4400//4400 4399//4399 4396//4396
f 4399//4399 4343//4343 4396//4396
f 4399//4399 4348//4348 4343//4343
f 4400//4400 4396//4396 4397//4397
f 4346//4346 4349//4349 4401//4401
f 4402//4402 4346//4346 4401//4401
f 4398//4398 4346//4346 4402//4402
f 4351//4351 4401//4401 4349//4349
f 4403//4403 4353//4353 4354//4354
f 4404//4404 4403//4403 4354//4354
f 4348//4348 4404//4404 4354//4354
f 4399//4399 4404//4404 4348//4348
f 4405//4405 4402//4402 4401//4401
f 4405//4405 4401//4401 4351//4351
f 4355//4355 4405//4405 4351//4351
f 4406//4406 4405//4405 4355//4355
f 4408//4408 4406//4406 4407//4407
f 4406//4406 4356//4356 4407//4407
f 4406//4406 4355//4355 4356//4356
f 4358//4358 4407//4407 4356//4356
f 4409//4409 4363//4363 4364//4364
f 4409//4409 4364//4364 4410//4410
f 4364//4364 4411//4411 4410//4410
f 4364//4364 4365//4365 4411//4411
f 4365//4365 4353//4353 4403//4403
f 4412//4412 4365//4365 4403//4403
f 4411//4411 4365//4365 4412//4412
f 4412//4412 4403//4403 4404//4404
f 4413//4413 4408//4408 4407//4407
f 4413//4413 4407//4407 4358//4358
f 4366//4366 4413//4413 4358//4358
f 4414//4414 4413//4413 4366//4366
f 4415//4415 4366//4366 4367//4367
f 4415//4415 4414//4414 4366//4366
f 4417//4417 4415//4415 4416//4416
f 4415//4415 4368//4368 4416//4416
f 4415//4415 4367//4367 4368//4368
f 4369//4369 4418//4418 4368//4368
f 4368//4368 4418//4418 4416//4416
f 4418//4418 4369//4369 4419//4419
f 4369//4369 4420//4420 4419//4419
f 4369//4369 4370//4370 4420//4420
f 4421//4421 4370//4370 4371//4371
f 4421//4421 4420//4420 4370//4370
f 4371//4371 4363//4363 4409//4409
f 4422//4422 4371//4371 4409//4409
f 4421//4421 4371//4371 4422//4422
f 4422//4422 4409//4409 4410//4410
f 4423//4423 4417//4417 4416//4416
f 4423//4423 4416//4416 4418//4418
f 4423//4423 4418//4418 4424//4424
f 4424//4424 4418//4418 4419//4419
f 4375//4375 4425//4425 4372//4372
f 4375//4375 4427//4427 4425//4425
f 4426//4426 4428//4428 4374//4374
f 4374//4374 4428//4428 4376//4376
f 4377//4377 4376//4376 4428//4428
f 4377//4377 4428//4428 4429//4429
f 4378//4378 4427//4427 4375//4375
f 4378//4378 4430//4430 4427//4427
f 4432//4432 4379//4379 4431//4431
f 4379//4379 4429//4429 4431//4431
f 4379//4379 4377//4377 4429//4429
f 4433//4433 4432//4432 4431//4431
f 4380//4380 4430//4430 4378//4378
f 4380//4380 4434//4434 4430//4430
f 4432//4432 4381//4381 4379//4379
f 4383//4383 4381//4381 4432//4432
f 4433//4433 4383//4383 4432//4432
f 4435//4435 4383//4383 4433//4433
f 4384//4384 4434//4434 4380//4380
f 4384//4384 4436//4436 4434//4434
f 4435//4435 4385//4385 4383//4383
f 4437//4437 4385//4385 4435//4435
f 4386//4386 4436//4436 4384//4384
f 4386//4386 4438//4438 4436//4436
f 4437//4437 4388//4388 4385//4385
f 4439//4439 4388//4388 4437//4437
f 4389//4389 4438//4438 4386//4386
f 4389//4389 4440//4440 4438//4438
f 4439//4439 4391//4391 4388//4388
f 4441//4441 4391//4391 4439//4439
f 4392//4392 4440//4440 4389//4389
f 4392//4392 4442//4442 4440//4440
f 4443//4443 4393//4393 4394//4394
f 4444//4444 4443//4443 4394//4394
f 4391//4391 4444//4444 4394//4394
f 4441//4441 4444//4444 4391//4391
f 4395//4395 4442//4442 4392//4392
f 4395//4395 4445//4445 4442//4442
f 4447//4447 4446//4446 4443//4443
f 4446//4446 4393//4393 4443//4443
f 4446//4446 4397//4397 4393//4393
f 4447//4447 4443//4443 4444//4444
f 4398//4398 4445//4445 4395//4395
f 4398//4398 4448//4448 4445//4445
f 4449//4449 4399//4399 4400//4400
f 4450//4450 4449//4449 4400//4400
f 4397//4397 4450//4450 4400//4400
f 4446//4446 4450//4450 4397//4397
f 4402//4402 4448//4448 4398//4398
f 4402//4402 4451//4451 4448//4448
f 4453//4453 4452//4452 4449//4449
f 4452//4452 4399//4399 4449//4449
f 4452//4452 4404//4404 4399//4399
f 4453//4453 4449//4449 4450//4450
f 4454//4454 4451//4451 4402//4402
f 4454//4454 4402//4402 4405//4405
f 4456//4456 4454//4454 4455//4455
f 4454//4454 4406//4406 4455//4455
f 4454//4454 4405//4405 4406//4406
f 4408//4408 4455//4455 4406//4406
f 4457//4457 4410//4410 4411//4411
f 4457//4457 4411//4411 4458//4458
f 4411//4411 4459//4459 4458//4458
f 4411//4411 4412//4412 4459//4459
f 4412//4412 4404//4404 4452//4452
f 4412//4412 4452//4452 4459//4459
f 4460//4460 4456//4456 4455//4455
f 4460//4460 4455//4455 4408//4408
f 4413//4413 4460//4460 4408//4408
f 4461//4461 4460//4460 4413//4413
f 4462//4462 4413//4413 4414//4414
f 4462//4462 4461//4461 4413//4413
f 4464//4464 4462//4462 4463//4463
f 4462//4462 4415//4415 4463//4463
f 4462//4462 4414//4414 4415//4415
f 4417//4417 4463//4463 4415//4415
f 4465//4465 4419//4419 4420//4420
f 4421//4421 4466//4466 4420//4420
f 4420//4420 4466//4466 4465//4465
f 4466//4466 4421//4421 4467//4467
f 4421//4421 4468//4468 4467//4467
f 4421//4421 4422//4422 4468//4468
f 4422//4422 4410//4410 4457//4457
f 4469//4469 4422//4422 4457//4457
f 4468//4468 4422//4422 4469//4469
f 4469//4469 4457//4457 4458//4458
f 4470//4470 4464//4464 4463//4463
f 4470//4470 4463//4463 4417//4417
f 4423//4423 4470//4470 4417//4417
f 4471//4471 4470//4470 4423//4423
f 4472//4472 4423//4423 4424//4424
f 4472//4472 4471//4471 4423//4423
f 4424//4424 4419//4419 4465//4465
f 4473//4473 4424//4424 4465//4465
f 4472//4472 4424//4424 4473//4473
f 4473//4473 4465//4465 4466//4466
f 4473//4473 4466//4466 4474//4474
f 4474//4474 4466//4466 4467//4467
f 4427//4427 4475//4475 4425//4425
f 4427//4427 4477//4477 4475//4475
f 4476//4476 4478//4478 4426//4426
f 4426//4426 4478//4478 4428//4428
f 4429//4429 4428//4428 4478//4478
f 4429//4429 4478//4478 4479//4479
f 4430//4430 4477//4477 4427//4427
f 4430//4430 4480//4480 4477//4477
f 4479//4479 4481//4481 4429//4429
f 4429//4429 4481//4481 4431//4431
f 4433//4433 4431//4431 4481//4481
f 4433//4433 4481//4481 4482//4482
f 4434//4434 4480//4480 4430//4430
f 4434//4434 4483//4483 4480//4480
f 4482//4482 4435//4435 4433//4433
f 4484//4484 4435//4435 4482//4482
f 4436//4436 4483//4483 4434//4434
f 4436//4436 4485//4485 4483//4483
f 4484//4484 4437//4437 4435//4435
f 4486//4486 4437//4437 4484//4484
f 4438//4438 4485//4485 4436//4436
f 4438//4438 4487//4487 4485//4485
f 4486//4486 4439//4439 4437//4437
f 4488//4488 4439//4439 4486//4486
f 4440//4440 4487//4487 4438//4438
f 4440//4440 4489//4489 4487//4487
f 4488//4488 4441//4441 4439//4439
f 4490//4490 4441//4441 4488//4488
f 4442//4442 4489//4489 4440//4440
f 4442//4442 4491//4491 4489//4489
f 4490//4490 4444//4444 4441//4441
f 4492//4492 4444//4444 4490//4490
f 4445//4445 4491//4491 4442//4442
f 4445//4445 4493//4493 4491//4491
f 4494//4494 4446//4446 4447//4447
f 4495//4495 4494//4494 4447//4447
f 4444//4444 4495//4495 4447//4447
f 4492//4492 4495//4495 4444//4444
f 4448//4448 4493//4493 4445//4445
f 4448//4448 4496//4496 4493//4493
f 4498//4498 4497//4497 4494//4494
f 4497//4497 4446//4446 4494//4494
f 4497//4497 4450//4450 4446//4446
f 4498//4498 4494//4494 4495//4495
f 4451//4451 4496//4496 4448//4448
f 4451//4451 4499//4499 4496//4496
f 4501//4501 4500//4500 4453//4453
f 4453//4453 4500//4500 4452//4452
f 4453//4453 4450//4450 4497//4497
f 4453//4453 4497//4497 4501//4501
f 4502//4502 4499//4499 4451//4451
f 4502//4502 4451//4451 4454//4454
f 4454//4454 4456//4456 4502//4502
f 4502//4502 4456//4456 4503//4503
f 4505//4505 4504//4504 4459//4459
f 4459//4459 4504//4504 4458//4458
f 4459//4459 4452//4452 4500//4500
f 4459//4459 4500//4500 4505//4505
f 4506//4506 4503//4503 4456//4456
f 4506//4506 4456//4456 4460//4460
f 4507//4507 4460//4460 4461//4461
f 4507//4507 4506//4506 4460//4460
f 4509//4509 4507//4507 4508//4508
f 4507//4507 4462//4462 4508//4508
f 4507//4507 4461//4461 4462//4462
f 4464//4464 4508//4508 4462//4462
f 4510//4510 4467//4467 4468//4468
f 4510//4510 4468//4468 4511//4511
f 4468//4468 4512//4512 4511//4511
f 4468//4468 4469//4469 4512//4512
f 4469//4469 4458//4458 4504//4504
f 4469//4469 4504//4504 4512//4512
f 4513//4513 4509//4509 4508//4508
f 4513//4513 4508//4508 4464//4464
f 4470//4470 4513//4513 4464//4464
f 4514//4514 4513//4513 4470//4470
f 4515//4515 4470//4470 4471//4471
f 4515//4515 4514//4514 4470//4470
f 4516//4516 4471//4471 4472//4472
f 4516//4516 4515//4515 4471//4471
f 4517//4517 4472//4472 4473//4473
f 4517//4517 4516//4516 4472//4472
f 4518//4518 4473//4473 4474//4474
f 4518//4518 4517//4517 4473//4473
f 4474//4474 4467//4467 4510//4510
f 4519//4519 4474//4474 4510//4510
f 4518//4518 4474//4474 4519//4519
f 4519//4519 4510//4510 4511//4511
f 4521//4521 4520//4520 4523//4523
f 4521//4521 4523//4523 4524//4524
f 4477//4477 4523//4523 4475//4475
f 4475//4475 4523//4523 4520//4520
f 4522//4522 4525//4525 4476//4476
f 4476//4476 4525//4525 4478//4478
f 4479//4479 4478//4478 4525//4525
f 4479//4479 4525//4525 4526//4526
f 4524//4524 4523//4523 4527//4527
f 4524//4524 4527//4527 4528//4528
f 4480//4480 4527//4527 4477//4477
f 4477//4477 4527//4527 4523//4523
f 4526//4526 4529//4529 4479//4479
f 4479//4479 4529//4529 4481//4481
f 4482//4482 4481//4481 4529//4529
f 4482//4482 4529//4529 4530//4530
f 4531//4531 4528//4528 4527//4527
f 4527//4527 4480//4480 4531//4531
f 4480//4480 4532//4532 4531//4531
f 4480//4480 4483//4483 4532//4532
f 4530//4530 4484//4484 4482//4482
f 4533//4533 4484//4484 4530//4530
f 4485//4485 4532//4532 4483//4483
f 4485//4485 4534//4534 4532//4532
f 4533//4533 4486//4486 4484//4484
f 4535//4535 4486//4486 4533//4533
f 4487//4487 4534//4534 4485//4485
f 4487//4487 4536//4536 4534//4534
f 4535//4535 4488//4488 4486//4486
f 4537//4537 4488//4488 4535//4535
f 4489//4489 4536//4536 4487//4487
f 4489//4489 4538//4538 4536//4536
f 4537//4537 4490//4490 4488//4488
f 4539//4539 4490//4490 4537//4537
f 4491//4491 4538//4538 4489//4489
f 4491//4491 4540//4540 4538//4538
f 4539//4539 4492//4492 4490//4490
f 4541//4541 4492//4492 4539//4539
f 4493//4493 4540//4540 4491//4491
f 4493//4493 4542//4542 4540//4540
f 4541//4541 4495//4495 4492//4492
f 4543//4543 4495//4495 4541//4541
f 4496//4496 4542//4542 4493//4493
f 4496//4496 4544//4544 4542//4542
f 4546//4546 4545//4545 4498//4498
f 4498//4498 4545//4545 4497//4497
f 4498//4498 4495//4495 4543//4543
f 4498//4498 4543//4543 4546//4546
f 4499//4499 4544//4544 4496//4496
f 4499//4499 4547//4547 4544//4544
f 4549//4549 4548//4548 4501//4501
f 4501//4501 4548//4548 4500//4500
f 4501//4501 4497//4497 4545//4545
f 4501//4501 4545//4545 4549//4549
f 4499//4499 4502//4502 4550//4550
f 4551//4551 4499//4499 4550//4550
f 4547//4547 4499//4499 4551//4551
f 4503//4503 4550//4550 4502//4502
f 4552//4552 4504//4504 4505//4505
f 4553//4553 4552//4552 4505//4505
f 4500//4500 4553//4553 4505//4505
f 4548//4548 4553//4553 4500//4500
f 4554//4554 4551//4551 4550//4550
f 4554//4554 4550//4550 4503//4503
f 4506//4506 4554//4554 4503//4503
f 4555//4555 4554//4554 4506//4506
f 4557//4557 4555//4555 4556//4556
f 4555//4555 4507//4507 4556//4556
f 4555//4555 4506//4506 4507//4507
f 4509//4509 4556//4556 4507//4507
f 4558//4558 4511//4511 4512//4512
f 4559//4559 4558//4558 4512//4512
f 4559//4559 4512//4512 4504//4504
f 4560//4560 4559//4559 4504//4504
f 4552//4552 4560//4560 4504//4504
f 4560//4560 4552//4552 4553//4553
f 4561//4561 4557//4557 4556//4556
f 4561//4561 4556//4556 4509//4509
f 4513//4513 4561//4561 4509//4509
f 4562//4562 4561//4561 4513//4513
f 4564//4564 4562//4562 4563//4563
f 4562//4562 4514//4514 4563//4563
f 4562//4562 4513//4513 4514//4514
f 4515//4515 4565//4565 4514//4514
f 4514//4514 4565//4565 4563//4563
f 4516//4516 4566//4566 4515//4515
f 4515//4515 4566//4566 4565//4565
f 4517//4517 4567//4567 4516//4516
f 4516//4516 4567//4567 4566//4566
f 4518//4518 4568//4568 4517//4517
f 4517//4517 4568//4568 4567//4567
f 4568//4568 4518//4518 4569//4569
f 4518//4518 4570//4570 4569//4569
f 4518//4518 4519//4519 4570//4570
f 4519//4519 4511//4511 4558//4558
f 4571//4571 4519//4519 4558//4558
f 4570//4570 4519//4519 4571//4571
f 4571//4571 4558//4558 4559//4559
f 4572//4572 4564//4564 4563//4563
f 4572//4572 4563//4563 4565//4565
f 4572//4572 4565//4565 4573//4573
f 4573//4573 4565//4565 4566//4566
f 4573//4573 4566//4566 4574//4574
f 4574//4574 4566//4566 4567//4567
f 4574//4574 4567//4567 4575//4575
f 4575//4575 4567//4567 4568//4568
f 4575//4575 4568//4568 4576//4576
f 4576//4576 4568//4568 4569//4569
f 4524//4524 4577//4577 4521//4521
f 4524//4524 4579//4579 4577//4577
f 4578//4578 4580//4580 4522//4522
f 4522//4522 4580//4580 4525//4525
f 4526//4526 4525//4525 4580//4580
f 4526//4526 4580//4580 4581//4581
f 4528//4528 4579//4579 4524//4524
f 4528//4528 4582//4582 4579//4579
f 4581//4581 4583//4583 4526//4526
f 4526//4526 4583//4583 4529//4529
f 4530//4530 4529//4529 4583//4583
f 4530//4530 4583//4583 4584//4584
f 4528//4528 4531//4531 4585//4585
f 4586//4586 4528//4528 4585//4585
f 4582//4582 4528//4528 4586//4586
f 4532//4532 4585//4585 4531//4531
f 4584//4584 4533//4533 4530//4530
f 4587//4587 4533//4533 4584//4584
f 4586//4586 4585//4585 4588//4588
f 4586//4586 4588//4588 4589//4589
f 4534//4534 4588//4588 4532//4532
f 4532//4532 4588//4588 4585//4585
f 4587//4587 4535//4535 4533//4533
f 4590//4590 4535//4535 4587//4587
f 4589//4589 4588//4588 4591//4591
f 4589//4589 4591//4591 4592//4592
f 4536//4536 4591//4591 4534//4534
f 4534//4534 4591//4591 4588//4588
f 4590//4590 4537//4537 4535//4535
f 4593//4593 4537//4537 4590//4590
f 4592//4592 4591//4591 4594//4594
f 4592//4592 4594//4594 4595//4595
f 4538//4538 4594//4594 4536//4536
f 4536//4536 4594//4594 4591//4591
f 4593//4593 4539//4539 4537//4537
f 4596//4596 4539//4539 4593//4593
f 4595//4595 4594//4594 4597//4597
f 4595//4595 4597//4597 4598//4598
f 4540//4540 4597//4597 4538//4538
f 4538//4538 4597//4597 4594//4594
f 4596//4596 4541//4541 4539//4539
f 4599//4599 4541//4541 4596//4596
f 4598//4598 4597//4597 4600//4600
f 4598//4598 4600//4600 4601//4601
f 4542//4542 4600//4600 4540//4540
f 4540//4540 4600//4600 4597//4597
f 4599//4599 4543//4543 4541//4541
f 4602//4602 4543//4543 4599//4599
f 4601//4601 4600//4600 4603//4603
f 4601//4601 4603//4603 4604//4604
f 4544//4544 4603//4603 4542//4542
f 4542//4542 4603//4603 4600//4600
f 4606//4606 4605//4605 4546//4546
f 4546//4546 4605//4605 4545//4545
f 4546//4546 4543//4543 4602//4602
f 4546//4546 4602//4602 4606//4606
f 4607//4607 4604//4604 4603//4603
f 4603//4603 4544//4544 4607//4607
f 4544//4544 4608//4608 4607//4607
f 4544//4544 4547//4547 4608//4608
f 4609//4609 4548//4548 4549//4549
f 4610//4610 4609//4609 4549//4549
f 4545//4545 4610//4610 4549//4549
f 4605//4605 4610//4610 4545//4545
f 4551//4551 4608//4608 4547//4547
f 4551//4551 4611//4611 4608//4608
f 4613//4613 4612//4612 4609//4609
f 4612//4612 4548//4548 4609//4609
f 4612//4612 4553//4553 4548//4548
f 4613//4613 4609//4609 4610//4610
f 4614//4614 4611//4611 4551//4551
f 4614//4614 4551//4551 4554//4554
f 4616//4616 4614//4614 4615//4615
f 4614//4614 4555//4555 4615//4615
f 4614//4614 4554//4554 4555//4555
f 4557//4557 4615//4615 4555//4555
f 4618//4618 4617//4617 4560//4560
f 4560//4560 4617//4617 4559//4559
f 4560//4560 4553//4553 4612//4612
f 4560//4560 4612//4612 4618//4618
f 4619//4619 4616//4616 4615//4615
f 4619//4619 4615//4615 4557//4557
f 4561//4561 4619//4619 4557//4557
f 4620//4620 4619//4619 4561//4561
f 4622//4622 4620//4620 4621//4621
f 4620//4620 4562//4562 4621//4621
f 4620//4620 4561//4561 4562//4562
f 4564//4564 4621//4621 4562//4562
f 4623//4623 4569//4569 4570//4570
f 4623//4623 4570//4570 4624//4624
f 4570//4570 4625//4625 4624//4624
f 4570//4570 4571//4571 4625//4625
f 4571//4571 4559//4559 4617//4617
f 4571//4571 4617//4617 4625//4625
f 4626//4626 4622//4622 4621//4621
f 4626//4626 4621//4621 4564//4564
f 4572//4572 4626//4626 4564//4564
f 4627//4627 4626//4626 4572//4572
f 4628//4628 4572//4572 4573//4573
f 4628//4628 4627//4627 4572//4572
f 4630//4630 4628//4628 4629//4629
f 4628//4628 4574//4574 4629//4629
f 4628//4628 4573//4573 4574//4574
f 4629//4629 4574//4574 4631//4631
f 4574//4574 4632//4632 4631//4631
f 4574//4574 4575//4575 4632//4632
f 4633//4633 4575//4575 4576//4576
f 4633//4633 4632//4632 4575//4575
f 4576//4576 4569//4569 4623//4623
f 4634//4634 4576//4576 4623//4623
f 4633//4633 4576//4576 4634//4634
f 4634//4634 4623//4623 4624//4624
f 4635//4635 4630//4630 4629//4629
f 4635//4635 4629//4629 4631//4631
f 4579//4579 4636//4636 4577//4577
f 4579//4579 4639//4639 4636//4636
f 4637//4637 4580//4580 4578//4578
f 4581//4581 4580//4580 4637//4637
f 4638//4638 4581//4581 4637//4637
f 4640//4640 4581//4581 4638//4638
f 4582//4582 4639//4639 4579//4579
f 4582//4582 4641//4641 4639//4639
f 4640//4640 4642//4642 4581//4581
f 4581//4581 4642//4642 4583//4583
f 4584//4584 4583//4583 4642//4642
f 4584//4584 4642//4642 4643//4643
f 4586//4586 4641//4641 4582//4582
f 4586//4586 4644//4644 4641//4641
f 4643//4643 4587//4587 4584//4584
f 4645//4645 4587//4587 4643//4643
f 4589//4589 4644//4644 4586//4586
f 4589//4589 4646//4646 4644//4644
f 4645//4645 4590//4590 4587//4587
f 4647//4647 4590//4590 4645//4645
f 4592//4592 4646//4646 4589//4589
f 4592//4592 4648//4648 4646//4646
f 4647//4647 4593//4593 4590//4590
f 4649//4649 4593//4593 4647//4647
f 4595//4595 4648//4648 4592//4592
f 4595//4595 4650//4650 4648//4648
f 4649//4649 4596//4596 4593//4593
f 4651//4651 4596//4596 4649//4649
f 4598//4598 4650//4650 4595//4595
f 4598//4598 4652//4652 4650//4650
f 4651//4651 4599//4599 4596//4596
f 4653//4653 4599//4599 4651//4651
f 4601//4601 4652//4652 4598//4598
f 4601//4601 4654//4654 4652//4652
f 4653//4653 4602//4602 4599//4599
f 4655//4655 4602//4602 4653//4653
f 4604//4604 4654//4654 4601//4601
f 4604//4604 4656//4656 4654//4654
f 4658//4658 4657//4657 4606//4606
f 4606//4606 4657//4657 4605//4605
f 4606//4606 4602//4602 4655//4655
f 4606//4606 4655//4655 4658//4658
f 4659//4659 4656//4656 4604//4604
f 4659//4659 4604//4604 4607//4607
f 4607//4607 4608//4608 4659//4659
f 4659//4659 4608//4608 4660//4660
f 4657//4657 4610//4610 4605//4605
f 4661//4661 4610//4610 4657//4657
f 4611//4611 4660//4660 4608//4608
f 4611//4611 4662//4662 4660//4660
f 4664//4664 4663//4663 4613//4613
f 4613//4613 4663//4663 4612//4612
f 4613//4613 4610//4610 4661//4661
f 4613//4613 4661//4661 4664//4664
f 4611//4611 4614//4614 4665//4665
f 4666//4666 4611//4611 4665//4665
f 4662//4662 4611//4611 4666//4666
f 4616//4616 4665//4665 4614//4614
f 4668//4668 4667//4667 4618//4618
f 4618//4618 4667//4667 4617//4617
f 4618//4618 4612//4612 4663//4663
f 4618//4618 4663//4663 4668//4668
f 4669//4669 4666//4666 4665//4665
f 4671//4671 4669//4669 4670//4670
f 4670//4670 4669//4669 4619//4619
f 4669//4669 4665//4665 4619//4619
f 4665//4665 4616//4616 4619//4619
f 4620//4620 4672//4672 4619//4619
f 4619//4619 4672//4672 4670//4670
f 4622//4622 4672//4672 4620//4620
f 4674//4674 4673//4673 4625//4625
f 4625//4625 4673//4673 4624//4624
f 4625//4625 4617//4617 4667//4667
f 4625//4625 4667//4667 4674//4674
f 4675//4675 4671//4671 4670//4670
f 4675//4675 4670//4670 4672//4672
f 4675//4675 4672//4672 4676//4676
f 4678//4678 4676//4676 4677//4677
f 4677//4677 4676//4676 4626//4626
f 4676//4676 4672//4672 4626//4626
f 4672//4672 4622//4622 4626//4626
f 4627//4627 4679//4679 4626//4626
f 4626//4626 4679//4679 4677//4677
f 4628//4628 4680//4680 4627//4627
f 4627//4627 4680//4680 4679//4679
f 4630//4630 4680//4680 4628//4628
f 4681//4681 4631//4631 4632//4632
f 4633//4633 4682//4682 4632//4632
f 4632//4632 4682//4682 4681//4681
f 4682//4682 4633//4633 4683//4683
f 4633//4633 4684//4684 4683//4683
f 4633//4633 4634//4634 4684//4684
f 4634//4634 4624//4624 4673//4673
f 4634//4634 4673//4673 4684//4684
f 4685//4685 4678//4678 4677//4677
f 4685//4685 4677//4677 4679//4679
f 4685//4685 4679//4679 4686//4686
f 4686//4686 4679//4679 4680//4680
f 4686//4686 4680//4680 4687//4687
f 4687//4687 4680//4680 4630//4630
f 4635//4635 4687//4687 4630//4630
f 4688//4688 4687//4687 4635//4635
f 4635//4635 4631//4631 4681//4681
f 4689//4689 4635//4635 4681//4681
f 4688//4688 4635//4635 4689//4689
f 4689//4689 4681//4681 4682//4682
f 4689//4689 4682//4682 4690//4690
f 4690//4690 4682//4682 4683//4683
f 4639//4639 4691//4691 4636//4636
f 4639//4639 4693//4693 4691//4691
f 4692//4692 4640//4640 4638//4638
f 4694//4694 4640//4640 4692//4692
f 4641//4641 4693//4693 4639//4639
f 4641//4641 4695//4695 4693//4693
f 4694//4694 4696//4696 4640//4640
f 4640//4640 4696//4696 4642//4642
f 4643//4643 4642//4642 4696//4696
f 4643//4643 4696//4696 4697//4697
f 4644//4644 4695//4695 4641//4641
f 4644//4644 4698//4698 4695//4695
f 4697//4697 4645//4645 4643//4643
f 4699//4699 4645//4645 4697//4697
f 4646//4646 4698//4698 4644//4644
f 4646//4646 4700//4700 4698//4698
f 4699//4699 4647//4647 4645//4645
f 4701//4701 4647//4647 4699//4699
f 4648//4648 4700//4700 4646//4646
f 4648//4648 4702//4702 4700//4700
f 4701//4701 4649//4649 4647//4647
f 4703//4703 4649//4649 4701//4701
f 4650//4650 4702//4702 4648//4648
f 4650//4650 4704//4704 4702//4702
f 4703//4703 4651//4651 4649//4649
f 4705//4705 4651//4651 4703//4703
f 4652//4652 4704//4704 4650//4650
f 4652//4652 4706//4706 4704//4704
f 4705//4705 4653//4653 4651//4651
f 4707//4707 4653//4653 4705//4705
f 4654//4654 4706//4706 4652//4652
f 4654//4654 4708//4708 4706//4706
f 4711//4711 4710//4710 4709//4709
f 4707//4707 4711//4711 4709//4709
f 4655//4655 4707//4707 4709//4709
f 4653//4653 4707//4707 4655//4655
f 4656//4656 4708//4708 4654//4654
f 4656//4656 4712//4712 4708//4708
f 4709//4709 4710//4710 4658//4658
f 4710//4710 4657//4657 4658//4658
f 4710//4710 4713//4713 4657//4657
f 4709//4709 4658//4658 4655//4655
f 4714//4714 4712//4712 4656//4656
f 4714//4714 4656//4656 4659//4659
f 4659//4659 4660//4660 4714//4714
f 4714//4714 4660//4660 4715//4715
f 4713//4713 4661//4661 4657//4657
f 4716//4716 4661//4661 4713//4713
f 4662//4662 4715//4715 4660//4660
f 4662//4662 4717//4717 4715//4715
f 4719//4719 4718//4718 4664//4664
f 4664//4664 4718//4718 4663//4663
f 4664//4664 4661//4661 4716//4716
f 4664//4664 4716//4716 4719//4719
f 4666//4666 4717//4717 4662//4662
f 4666//4666 4720//4720 4717//4717
f 4722//4722 4721//4721 4668//4668
f 4668//4668 4721//4721 4667//4667
f 4668//4668 4663//4663 4718//4718
f 4668//4668 4718//4718 4722//4722
f 4723//4723 4720//4720 4666//4666
f 4723//4723 4666//4666 4669//4669
f 4669//4669 4671//4671 4723//4723
f 4723//4723 4671//4671 4724//4724
f 4725//4725 4673//4673 4674//4674
f 4726//4726 4725//4725 4674//4674
f 4667//4667 4726//4726 4674//4674
f 4721//4721 4726//4726 4667//4667
f 4727//4727 4724//4724 4671//4671
f 4727//4727 4671//4671 4675//4675
f 4729//4729 4727//4727 4728//4728
f 4727//4727 4676//4676 4728//4728
f 4727//4727 4675//4675 4676//4676
f 4678//4678 4728//4728 4676//4676
f 4730//4730 4683//4683 4684//4684
f 4731//4731 4730//4730 4684//4684
f 4731//4731 4684//4684 4673//4673
f 4732//4732 4731//4731 4673//4673
f 4725//4725 4732//4732 4673//4673
f 4732//4732 4725//4725 4726//4726
f 4733//4733 4729//4729 4728//4728
f 4733//4733 4728//4728 4678//4678
f 4685//4685 4733//4733 4678//4678
f 4734//4734 4733//4733 4685//4685
f 4736//4736 4734//4734 4735//4735
f 4734//4734 4686//4686 4735//4735
f 4734//4734 4685//4685 4686//4686
f 4687//4687 4737//4737 4686//4686
f 4686//4686 4737//4737 4735//4735
f 4688//4688 4738//4738 4687//4687
f 4687//4687 4738//4738 4737//4737
f 4689//4689 4739//4739 4688//4688
f 4688//4688 4739//4739 4738//4738
f 4739//4739 4689//4689 4740//4740
f 4689//4689 4741//4741 4740//4740
f 4689//4689 4690//4690 4741//4741
f 4690//4690 4683//4683 4730//4730
f 4742//4742 4690//4690 4730//4730
f 4741//4741 4690//4690 4742//4742
f 4742//4742 4730//4730 4731//4731
f 4743//4743 4736//4736 4735//4735
f 4743//4743 4735//4735 4737//4737
f 4743//4743 4737//4737 4744//4744
f 4744//4744 4737//4737 4738//4738
f 4744//4744 4738//4738 4745//4745
f 4745//4745 4738//4738 4739//4739
f 4745//4745 4739//4739 4746//4746
f 4746//4746 4739//4739 4740//4740
f 4693//4693 4747//4747 4691//4691
f 4693//4693 4749//4749 4747//4747
f 4748//4748 4694//4694 4692//4692
f 4750//4750 4694//4694 4748//4748
f 4695//4695 4749//4749 4693//4693
f 4695//4695 4751//4751 4749//4749
f 4750//4750 4752//4752 4694//4694
f 4694//4694 4752//4752 4696//4696
f 4697//4697 4696//4696 4752//4752
f 4697//4697 4752//4752 4753//4753
f 4698//4698 4751//4751 4695//4695
f 4698//4698 4754//4754 4751//4751
f 4753//4753 4699//4699 4697//4697
f 4755//4755 4699//4699 4753//4753
f 4700//4700 4754//4754 4698//4698
f 4700//4700 4756//4756 4754//4754
f 4755//4755 4701//4701 4699//4699
f 4757//4757 4701//4701 4755//4755
f 4702//4702 4756//4756 4700//4700
f 4702//4702 4758//4758 4756//4756
f 4757//4757 4703//4703 4701//4701
f 4759//4759 4703//4703 4757//4757
f 4704//4704 4758//4758 4702//4702
f 4704//4704 4760//4760 4758//4758
f 4759//4759 4705//4705 4703//4703
f 4761//4761 4705//4705 4759//4759
f 4706//4706 4760//4760 4704//4704
f 4706//4706 4762//4762 4760//4760
f 4765//4765 4764//4764 4763//4763
f 4761//4761 4765//4765 4763//4763
f 4707//4707 4761//4761 4763//4763
f 4705//4705 4761//4761 4707//4707
f 4708//4708 4762//4762 4706//4706
f 4708//4708 4766//4766 4762//4762
f 4763//4763 4764//4764 4711//4711
f 4764//4764 4710//4710 4711//4711
f 4764//4764 4767//4767 4710//4710
f 4763//4763 4711//4711 4707//4707
f 4712//4712 4766//4766 4708//4708
f 4712//4712 4768//4768 4766//4766
f 4767//4767 4713//4713 4710//4710
f 4769//4769 4713//4713 4767//4767
f 4770//4770 4768//4768 4712//4712
f 4770//4770 4712//4712 4714//4714
f 4714//4714 4715//4715 4770//4770
f 4770//4770 4715//4715 4771//4771
f 4769//4769 4716//4716 4713//4713
f 4772//4772 4716//4716 4769//4769
f 4717//4717 4771//4771 4715//4715
f 4717//4717 4773//4773 4771//4771
f 4775//4775 4774//4774 4719//4719
f 4719//4719 4774//4774 4718//4718
f 4719//4719 4716//4716 4772//4772
f 4719//4719 4772//4772 4775//4775
f 4720//4720 4773//4773 4717//4717
f 4720//4720 4776//4776 4773//4773
f 4777//4777 4721//4721 4722//4722
f 4778//4778 4777//4777 4722//4722
f 4718//4718 4778//4778 4722//4722
f 4774//4774 4778//4778 4718//4718
f 4779//4779 4776//4776 4720//4720
f 4779//4779 4720//4720 4723//4723
f 4723//4723 4724//4724 4779//4779
f 4779//4779 4724//4724 4780//4780
f 4782//4782 4781//4781 4777//4777
f 4781//4781 4721//4721 4777//4777
f 4781//4781 4726//4726 4721//4721
f 4782//4782 4777//4777 4778//4778
f 4724//4724 4727//4727 4783//4783
f 4784//4784 4724//4724 4783//4783
f 4780//4780 4724//4724 4784//4784
f 4729//4729 4783//4783 4727//4727
f 4785//4785 4731//4731 4732//4732
f 4786//4786 4785//4785 4732//4732
f 4726//4726 4786//4786 4732//4732
f 4781//4781 4786//4786 4726//4726
f 4787//4787 4784//4784 4783//4783
f 4789//4789 4787//4787 4788//4788
f 4788//4788 4787//4787 4733//4733
f 4787//4787 4783//4783 4733//4733
f 4783//4783 4729//4729 4733//4733
f 4734//4734 4790//4790 4733//4733
f 4733//4733 4790//4790 4788//4788
f 4736//4736 4790//4790 4734//4734
f 4791//4791 4740//4740 4741//4741
f 4742//4742 4792//4792 4741//4741
f 4741//4741 4792//4792 4791//4791
f 4793//4793 4792//4792 4742//4742
f 4793//4793 4742//4742 4731//4731
f 4794//4794 4793//4793 4731//4731
f 4785//4785 4794//4794 4731//4731
f 4794//4794 4785//4785 4786//4786
f 4795//4795 4789//4789 4788//4788
f 4795//4795 4788//4788 4790//4790
f 4795//4795 4790//4790 4796//4796
f 4796//4796 4790//4790 4736//4736
f 4743//4743 4796//4796 4736//4736
f 4797//4797 4796//4796 4743//4743
f 4799//4799 4797//4797 4798//4798
f 4797//4797 4744//4744 4798//4798
f 4797//4797 4743//4743 4744//4744
f 4745//4745 4800//4800 4744//4744
f 4744//4744 4800//4800 4798//4798
f 4746//4746 4801//4801 4745//4745
f 4745//4745 4801//4801 4800//4800
f 4802//4802 4801//4801 4746//4746
f 4802//4802 4746//4746 4740//4740
f 4803//4803 4802//4802 4740//4740
f 4791//4791 4803//4803 4740//4740
f 4803//4803 4791//4791 4792//4792
f 4803//4803 4792//4792 4804//4804
f 4804//4804 4792//4792 4793//4793
f 4805//4805 4799//4799 4798//4798
f 4805//4805 4798//4798 4800//4800
f 4805//4805 4800//4800 4806//4806
f 4806//4806 4800//4800 4801//4801
f 4806//4806 4801//4801 4807//4807
f 4807//4807 4801//4801 4802//4802
f 4813//4813 4812//4812 4808//4808
f 4747//4747 4813//4813 4808//4808
f 4749//4749 4813//4813 4747//4747
f 4808//4808 4812//4812 4809//4809
f 4811//4811 4814//4814 4810//4810
f 4748//4748 4810//4810 4814//4814
f 4815//4815 4748//4748 4814//4814
f 4750//4750 4748//4748 4815//4815
f 4751//4751 4813//4813 4749//4749
f 4751//4751 4816//4816 4813//4813
f 4752//4752 4750//4750 4817//4817
f 4750//4750 4818//4818 4817//4817
f 4750//4750 4815//4815 4818//4818
f 4817//4817 4753//4753 4752//4752
f 4754//4754 4816//4816 4751//4751
f 4754//4754 4819//4819 4816//4816
f 4818//4818 4820//4820 4817//4817
f 4753//4753 4817//4817 4820//4820
f 4821//4821 4753//4753 4820//4820
f 4755//4755 4753//4753 4821//4821
f 4756//4756 4819//4819 4754//4754
f 4756//4756 4822//4822 4819//4819
f 4821//4821 4757//4757 4755//4755
f 4823//4823 4757//4757 4821//4821
f 4758//4758 4822//4822 4756//4756
f 4758//4758 4824//4824 4822//4822
f 4823//4823 4759//4759 4757//4757
f 4825//4825 4759//4759 4823//4823
f 4760//4760 4824//4824 4758//4758
f 4760//4760 4826//4826 4824//4824
f 4829//4829 4828//4828 4827//4827
f 4825//4825 4829//4829 4827//4827
f 4761//4761 4825//4825 4827//4827
f 4759//4759 4825//4825 4761//4761
f 4762//4762 4826//4826 4760//4760
f 4762//4762 4830//4830 4826//4826
f 4827//4827 4828//4828 4765//4765
f 4828//4828 4764//4764 4765//4765
f 4828//4828 4831//4831 4764//4764
f 4827//4827 4765//4765 4761//4761
f 4766//4766 4830//4830 4762//4762
f 4766//4766 4832//4832 4830//4830
f 4831//4831 4767//4767 4764//4764
f 4833//4833 4767//4767 4831//4831
f 4768//4768 4832//4832 4766//4766
f 4768//4768 4834//4834 4832//4832
f 4833//4833 4769//4769 4767//4767
f 4835//4835 4769//4769 4833//4833
f 4836//4836 4834//4834 4768//4768
f 4836//4836 4768//4768 4770//4770
f 4770//4770 4771//4771 4836//4836
f 4836//4836 4771//4771 4837//4837
f 4835//4835 4772//4772 4769//4769
f 4838//4838 4772//4772 4835//4835
f 4773//4773 4837//4837 4771//4771
f 4773//4773 4839//4839 4837//4837
f 4841//4841 4840//4840 4775//4775
f 4775//4775 4840//4840 4774//4774
f 4775//4775 4772//4772 4838//4838
f 4775//4775 4838//4838 4841//4841
f 4776//4776 4839//4839 4773//4773
f 4776//4776 4842//4842 4839//4839
f 4840//4840 4778//4778 4774//4774
f 4843//4843 4778//4778 4840//4840
f 4844//4844 4842//4842 4776//4776
f 4844//4844 4776//4776 4779//4779
f 4779//4779 4780//4780 4844//4844
f 4844//4844 4780//4780 4845//4845
f 4846//4846 4781//4781 4782//4782
f 4847//4847 4846//4846 4782//4782
f 4778//4778 4847//4847 4782//4782
f 4843//4843 4847//4847 4778//4778
f 4784//4784 4845//4845 4780//4780
f 4784//4784 4848//4848 4845//4845
f 4850//4850 4849//4849 4846//4846
f 4849//4849 4781//4781 4846//4846
f 4849//4849 4786//4786 4781//4781
f 4850//4850 4846//4846 4847//4847
f 4784//4784 4787//4787 4851//4851
f 4852//4852 4784//4784 4851//4851
f 4848//4848 4784//4784 4852//4852
f 4789//4789 4851//4851 4787//4787
f 4853//4853 4793//4793 4794//4794
f 4854//4854 4853//4853 4794//4794
f 4786//4786 4854//4854 4794//4794
f 4849//4849 4854//4854 4786//4786
f 4855//4855 4852//4852 4851//4851
f 4857//4857 4855//4855 4856//4856
f 4856//4856 4855//4855 4795//4795
f 4855//4855 4851//4851 4795//4795
f 4851//4851 4789//4789 4795//4795
f 4796//4796 4858//4858 4795//4795
f 4795//4795 4858//4858 4856//4856
f 4797//4797 4859//4859 4796//4796
f 4796//4796 4859//4859 4858//4858
f 4799//4799 4859//4859 4797//4797
f 4860//4860 4802//4802 4803//4803
f 4804//4804 4861//4861 4803//4803
f 4803//4803 4861//4861 4860//4860
f 4862//4862 4861//4861 4804//4804
f 4862//4862 4804//4804 4793//4793
f 4863//4863 4862//4862 4793//4793
f 4853//4853 4863//4863 4793//4793
f 4863//4863 4853//4853 4854//4854
f 4864//4864 4857//4857 4856//4856
f 4864//4864 4856//4856 4858//4858
f 4864//4864 4858//4858 4865//4865
f 4865//4865 4858//4858 4859//4859
f 4865//4865 4859//4859 4866//4866
f 4866//4866 4859//4859 4799//4799
f 4805//4805 4866//4866 4799//4799
f 4867//4867 4866//4866 4805//4805
f 4868//4868 4805//4805 4806//4806
f 4868//4868 4867//4867 4805//4805
f 4869//4869 4806//4806 4807//4807
f 4869//4869 4868//4868 4806//4806
f 4807//4807 4802//4802 4860//4860
f 4870//4870 4807//4807 4860//4860
f 4869//4869 4807//4807 4870//4870
f 4870//4870 4860//4860 4861//4861
f 4870//4870 4861//4861 4871//4871
f 4871//4871 4861//4861 4862//4862
f 4875//4875 4874//4874 4812//4812
f 4875//4875 4812//4812 4813//4813
f 4809//4809 4812//4812 4872//4872
f 4872//4872 4812//4812 4874//4874
f 4873//4873 4876//4876 4811//4811
f 4811//4811 4876//4876 4814//4814
f 4815//4815 4814//4814 4876//4876
f 4815//4815 4876//4876 4877//4877
f 4816//4816 4875//4875 4813//4813
f 4816//4816 4878//4878 4875//4875
f 4877//4877 4818//4818 4815//4815
f 4879//4879 4818//4818 4877//4877
f 4819//4819 4878//4878 4816//4816
f 4819//4819 4880//4880 4878//4878
f 4820//4820 4818//4818 4881//4881
f 4818//4818 4882//4882 4881//4881
f 4818//4818 4879//4879 4882//4882
f 4881//4881 4821//4821 4820//4820
f 4822//4822 4880//4880 4819//4819
f 4822//4822 4883//4883 4880//4880
f 4881//4881 4882//4882 4884//4884
f 4884//4884 4882//4882 4885//4885
f 4884//4884 4823//4823 4821//4821
f 4884//4884 4821//4821 4881//4881
f 4824//4824 4883//4883 4822//4822
f 4824//4824 4886//4886 4883//4883
f 4884//4884 4885//4885 4887//4887
f 4887//4887 4885//4885 4888//4888
f 4887//4887 4825//4825 4823//4823
f 4887//4887 4823//4823 4884//4884
f 4826//4826 4886//4886 4824//4824
f 4826//4826 4889//4889 4886//4886
f 4887//4887 4888//4888 4829//4829
f 4888//4888 4828//4828 4829//4829
f 4888//4888 4890//4890 4828//4828
f 4887//4887 4829//4829 4825//4825
f 4830//4830 4889//4889 4826//4826
f 4830//4830 4891//4891 4889//4889
f 4890//4890 4831//4831 4828//4828
f 4892//4892 4831//4831 4890//4890
f 4832//4832 4891//4891 4830//4830
f 4832//4832 4893//4893 4891//4891
f 4892//4892 4833//4833 4831//4831
f 4894//4894 4833//4833 4892//4892
f 4834//4834 4896//4896 4895//4895
f 4893//4893 4834//4834 4895//4895
f 4832//4832 4834//4834 4893//4893
f 4896//4896 4897//4897 4895//4895
f 4894//4894 4835//4835 4833//4833
f 4898//4898 4835//4835 4894//4894
f 4836//4836 4896//4896 4834//4834
f 4836//4836 4837//4837 4896//4896
f 4837//4837 4897//4897 4896//4896
f 4837//4837 4899//4899 4897//4897
f 4898//4898 4838//4838 4835//4835
f 4900//4900 4838//4838 4898//4898
f 4839//4839 4899//4899 4837//4837
f 4839//4839 4901//4901 4899//4899
f 4902//4902 4840//4840 4841//4841
f 4903//4903 4902//4902 4841//4841
f 4838//4838 4903//4903 4841//4841
f 4900//4900 4903//4903 4838//4838
f 4842//4842 4901//4901 4839//4839
f 4842//4842 4904//4904 4901//4901
f 4906//4906 4905//4905 4902//4902
f 4905//4905 4840//4840 4902//4902
f 4905//4905 4843//4843 4840//4840
f 4906//4906 4902//4902 4903//4903
f 4907//4907 4904//4904 4842//4842
f 4907//4907 4842//4842 4844//4844
f 4844//4844 4845//4845 4907//4907
f 4907//4907 4845//4845 4908//4908
f 4905//4905 4847//4847 4843//4843
f 4909//4909 4847//4847 4905//4905
f 4848//4848 4908//4908 4845//4845
f 4848//4848 4910//4910 4908//4908
f 4911//4911 4849//4849 4850//4850
f 4912//4912 4911//4911 4850//4850
f 4847//4847 4912//4912 4850//4850
f 4909//4909 4912//4912 4847//4847
f 4852//4852 4910//4910 4848//4848
f 4852//4852 4913//4913 4910//4910
f 4915//4915 4914//4914 4911//4911
f 4914//4914 4849//4849 4911//4911
f 4914//4914 4854//4854 4849//4849
f 4915//4915 4911//4911 4912//4912
f 4852//4852 4855//4855 4916//4916
f 4917//4917 4852//4852 4916//4916
f 4913//4913 4852//4852 4917//4917
f 4857//4857 4916//4916 4855//4855
f 4918//4918 4862//4862 4863//4863
f 4919//4919 4918//4918 4863//4863
f 4854//4854 4919//4919 4863//4863
f 4914//4914 4919//4919 4854//4854
f 4920//4920 4917//4917 4916//4916
f 4920//4920 4916//4916 4857//4857
f 4864//4864 4920//4920 4857//4857
f 4921//4921 4920//4920 4864//4864
f 4923//4923 4921//4921 4922//4922
f 4921//4921 4865//4865 4922//4922
f 4921//4921 4864//4864 4865//4865
f 4866//4866 4924//4924 4865//4865
f 4865//4865 4924//4924 4922//4922
f 4867//4867 4925//4925 4866//4866
f 4866//4866 4925//4925 4924//4924
f 4868//4868 4926//4926 4867//4867
f 4867//4867 4926//4926 4925//4925
f 4869//4869 4927//4927 4868//4868
f 4868//4868 4927//4927 4926//4926
f 4870//4870 4928//4928 4869//4869
f 4869//4869 4928//4928 4927//4927
f 4928//4928 4870//4870 4929//4929
f 4870//4870 4930//4930 4929//4929
f 4870//4870 4871//4871 4930//4930
f 4871//4871 4862//4862 4918//4918
f 4931//4931 4871//4871 4918//4918
f 4930//4930 4871//4871 4931//4931
f 4931//4931 4918//4918 4919//4919
f 4932//4932 4923//4923 4922//4922
f 4932//4932 4922//4922 4924//4924
f 4932//4932 4924//4924 4933//4933
f 4933//4933 4924//4924 4925//4925
f 4933//4933 4925//4925 4934//4934
f 4934//4934 4925//4925 4926//4926
f 4934//4934 4926//4926 4935//4935
f 4935//4935 4926//4926 4927//4927
f 4935//4935 4927//4927 4936//4936
f 4936//4936 4927//4927 4928//4928
f 4936//4936 4928//4928 4937//4937
f 4937//4937 4928//4928 4929//4929
f 4875//4875 4940//4940 4874//4874
f 4940//4940 4941//4941 4874//4874
f 4941//4941 4872//4872 4874//4874
f 4941//4941 4938//4938 4872//4872
f 4939//4939 4942//4942 4873//4873
f 4873//4873 4942//4942 4876//4876
f 4877//4877 4876//4876 4942//4942
f 4877//4877 4942//4942 4943//4943
f 4945//4945 4944//4944 4940//4940
f 4875//4875 4945//4945 4940//4940
f 4878//4878 4945//4945 4875//4875
f 4940//4940 4944//4944 4941//4941
f 4943//4943 4879//4879 4877//4877
f 4946//4946 4879//4879 4943//4943
f 4880//4880 4945//4945 4878//4878
f 4880//4880 4947//4947 4945//4945
f 4946//4946 4882//4882 4879//4879
f 4948//4948 4882//4882 4946//4946
f 4883//4883 4947//4947 4880//4880
f 4883//4883 4949//4949 4947//4947
f 4948//4948 4885//4885 4882//4882
f 4950//4950 4885//4885 4948//4948
f 4886//4886 4949//4949 4883//4883
f 4886//4886 4951//4951 4949//4949
f 4950//4950 4888//4888 4885//4885
f 4952//4952 4888//4888 4950//4950
f 4889//4889 4951//4951 4886//4886
f 4889//4889 4953//4953 4951//4951
f 4952//4952 4890//4890 4888//4888
f 4954//4954 4890//4890 4952//4952
f 4891//4891 4953//4953 4889//4889
f 4891//4891 4955//4955 4953//4953
f 4954//4954 4892//4892 4890//4890
f 4956//4956 4892//4892 4954//4954
f 4893//4893 4955//4955 4891//4891
f 4893//4893 4957//4957 4955//4955
f 4956//4956 4894//4894 4892//4892
f 4958//4958 4894//4894 4956//4956
f 4959//4959 4957//4957 4893//4893
f 4959//4959 4893//4893 4895//4895
f 4895//4895 4897//4897 4959//4959
f 4959//4959 4897//4897 4960//4960
f 4958//4958 4898//4898 4894//4894
f 4961//4961 4898//4898 4958//4958
f 4899//4899 4960//4960 4897//4897
f 4899//4899 4962//4962 4960//4960
f 4961//4961 4900//4900 4898//4898
f 4963//4963 4900//4900 4961//4961
f 4901//4901 4962//4962 4899//4899
f 4901//4901 4964//4964 4962//4962
f 4963//4963 4903//4903 4900//4900
f 4965//4965 4903//4903 4963//4963
f 4904//4904 4967//4967 4966//4966
f 4964//4964 4904//4904 4966//4966
f 4901//4901 4904//4904 4964//4964
f 4967//4967 4968//4968 4966//4966
f 4969//4969 4905//4905 4906//4906
f 4970//4970 4969//4969 4906//4906
f 4903//4903 4970//4970 4906//4906
f 4965//4965 4970//4970 4903//4903
f 4907//4907 4967//4967 4904//4904
f 4907//4907 4908//4908 4967//4967
f 4908//4908 4968//4968 4967//4967
f 4908//4908 4971//4971 4968//4968
f 4973//4973 4972//4972 4969//4969
f 4972//4972 4905//4905 4969//4969
f 4972//4972 4909//4909 4905//4905
f 4973//4973 4969//4969 4970//4970
f 4910//4910 4971//4971 4908//4908
f 4910//4910 4974//4974 4971//4971
f 4972//4972 4912//4912 4909//4909
f 4975//4975 4912//4912 4972//4972
f 4913//4913 4974//4974 4910//4910
f 4913//4913 4976//4976 4974//4974
f 4977//4977 4914//4914 4915//4915
f 4978//4978 4977//4977 4915//4915
f 4912//4912 4978//4978 4915//4915
f 4975//4975 4978//4978 4912//4912
f 4917//4917 4976//4976 4913//4913
f 4917//4917 4979//4979 4976//4976
f 4981//4981 4980//4980 4977//4977
f 4980//4980 4914//4914 4977//4977
f 4980//4980 4919//4919 4914//4914
f 4981//4981 4977//4977 4978//4978
f 4917//4917 4920//4920 4982//4982
f 4983//4983 4917//4917 4982//4982
f 4979//4979 4917//4917 4983//4983
f 4921//4921 4984//4984 4920//4920
f 4920//4920 4984//4984 4982//4982
f 4923//4923 4984//4984 4921//4921
f 4985//4985 4929//4929 4930//4930
f 4985//4985 4930//4930 4986//4986
f 4930//4930 4987//4987 4986//4986
f 4930//4930 4931//4931 4987//4987
f 4931//4931 4919//4919 4980//4980
f 4931//4931 4980//4980 4987//4987
f 4988//4988 4983//4983 4982//4982
f 4988//4988 4982//4982 4984//4984
f 4988//4988 4984//4984 4989//4989
f 4991//4991 4989//4989 4990//4990
f 4990//4990 4989//4989 4932//4932
f 4989//4989 4984//4984 4932//4932
f 4984//4984 4923//4923 4932//4932
f 4933//4933 4992//4992 4932//4932
f 4932//4932 4992//4992 4990//4990
f 4934//4934 4993//4993 4933//4933
f 4933//4933 4993//4993 4992//4992
f 4935//4935 4994//4994 4934//4934
f 4934//4934 4994//4994 4993//4993
f 4936//4936 4995//4995 4935//4935
f 4935//4935 4995//4995 4994//4994
f 4937//4937 4996//4996 4936//4936
f 4936//4936 4996//4996 4995//4995
f 4997//4997 4996//4996 4937//4937
f 4997//4997 4937//4937 4929//4929
f 4998//4998 4997//4997 4929//4929
f 4985//4985 4998//4998 4929//4929
f 4998//4998 4985//4985 4986//4986
f 4999//4999 4991//4991 4990//4990
f 4999//4999 4990//4990 4992//4992
f 4999//4999 4992//4992 5000//5000
f 5000//5000 4992//4992 4993//4993
f 5000//5000 4993//4993 5001//5001
f 5001//5001 4993//4993 4994//4994
f 5001//5001 4994//4994 5002//5002
f 5002//5002 4994//4994 4995//4995
f 5002//5002 4995//4995 5003//5003
f 5003//5003 4995//4995 4996//4996
f 5003//5003 4996//4996 5004//5004
f 5004//5004 4996//4996 4997//4997
f 4941//4941 5005//5005 4938//4938
f 4941//4941 5007//5007 5005//5005
f 4942//4942 4939//4939 5008//5008
f 4939//4939 5009//5009 5008//5008
f 4939//4939 5006//5006 5009//5009
f 5008//5008 4943//4943 4942//4942
f 4945//4945 5010//5010 4944//4944
f 5010//5010 5011//5011 4944//4944
f 5011//5011 4941//4941 4944//4944
f 5011//5011 5007//5007 4941//4941
f 5008//5008 5009//5009 5012//5012
f 5012//5012 5009//5009 5013//5013
f 5012//5012 4946//4946 4943//4943
f 5012//5012 4943//4943 5008//5008
f 5015//5015 5014//5014 5010//5010
f 4945//4945 5015//5015 5010//5010
f 4947//4947 5015//5015 4945//4945
f 5010//5010 5014//5014 5011//5011
f 5012//5012 5013//5013 5016//5016
f 5016//5016 5013//5013 5017//5017
f 5016//5016 4948//4948 4946//4946
f 5016//5016 4946//4946 5012//5012
f 4949//4949 5015//5015 4947//4947
f 4949//4949 5018//5018 5015//5015
f 5016//5016 5017//5017 5019//5019
f 5019//5019 5017//5017 5020//5020
f 5019//5019 4950//4950 4948//4948
f 5019//5019 4948//4948 5016//5016
f 4951//4951 5018//5018 4949//4949
f 4951//4951 5021//5021 5018//5018
f 5019//5019 5020//5020 5022//5022
f 5022//5022 5020//5020 5023//5023
f 5022//5022 4952//4952 4950//4950
f 5022//5022 4950//4950 5019//5019
f 4953//4953 5021//5021 4951//4951
f 4953//4953 5024//5024 5021//5021
f 5022//5022 5023//5023 5025//5025
f 5025//5025 5023//5023 5026//5026
f 5025//5025 4954//4954 4952//4952
f 5025//5025 4952//4952 5022//5022
f 4955//4955 5024//5024 4953//4953
f 4955//4955 5027//5027 5024//5024
f 5025//5025 5026//5026 5028//5028
f 5028//5028 5026//5026 5029//5029
f 5028//5028 4956//4956 4954//4954
f 5028//5028 4954//4954 5025//5025
f 4957//4957 5031//5031 5030//5030
f 5027//5027 4957//4957 5030//5030
f 4955//4955 4957//4957 5027//5027
f 5031//5031 5032//5032 5030//5030
f 5028//5028 5029//5029 5033//5033
f 5033//5033 5029//5029 5034//5034
f 5033//5033 4958//4958 4956//4956
f 5033//5033 4956//4956 5028//5028
f 4959//4959 5031//5031 4957//4957
f 4959//4959 4960//4960 5031//5031
f 4960//4960 5032//5032 5031//5031
f 4960//4960 5035//5035 5032//5032
f 5033//5033 5034//5034 5036//5036
f 5036//5036 5034//5034 5037//5037
f 5036//5036 4961//4961 4958//4958
f 5036//5036 4958//4958 5033//5033
f 4962//4962 5035//5035 4960//4960
f 4962//4962 5038//5038 5035//5035
f 5036//5036 5037//5037 5039//5039
f 5039//5039 5037//5037 5040//5040
f 5039//5039 4963//4963 4961//4961
f 5039//5039 4961//4961 5036//5036
f 4964//4964 5038//5038 4962//4962
f 4964//4964 5041//5041 5038//5038
f 5040//5040 5042//5042 5039//5039
f 4963//4963 5039//5039 5042//5042
f 5043//5043 4963//4963 5042//5042
f 4965//4965 4963//4963 5043//5043
f 5044//5044 5041//5041 4964//4964
f 5044//5044 4964//4964 4966//4966
f 4966//4966 4968//4968 5044//5044
f 5044//5044 4968//4968 5045//5045
f 5043//5043 4970//4970 4965//4965
f 5046//5046 4970//4970 5043//5043
f 4971//4971 5045//5045 4968//4968
f 4971//4971 5047//5047 5045//5045
f 5048//5048 4972//4972 4973//4973
f 5049//5049 5048//5048 4973//4973
f 4970//4970 5049//5049 4973//4973
f 5046//5046 5049//5049 4970//4970
f 4974//4974 5047//5047 4971//4971
f 4974//4974 5050//5050 5047//5047
f 5052//5052 5051//5051 5048//5048
f 5051//5051 4972//4972 5048//5048
f 5051//5051 4975//4975 4972//4972
f 5052//5052 5048//5048 5049//5049
f 4976//4976 5050//5050 4974//4974
f 4976//4976 5053//5053 5050//5050
f 5051//5051 4978//4978 4975//4975
f 5054//5054 4978//4978 5051//5051
f 4979//4979 5053//5053 4976//4976
f 4979//4979 5055//5055 5053//5053
f 5056//5056 4980//4980 4981//4981
f 5057//5057 5056//5056 4981//4981
f 4978//4978 5057//5057 4981//4981
f 5054//5054 5057//5057 4978//4978
f 4983//4983 5055//5055 4979//4979
f 4983//4983 5058//5058 5055//5055
f 5059//5059 4986//4986 4987//4987
f 5060//5060 5059//5059 4987//4987
f 5060//5060 4987//4987 4980//4980
f 5061//5061 5060//5060 4980//4980
f 5056//5056 5061//5061 4980//4980
f 5061//5061 5056//5056 5057//5057
f 4983//4983 4988//4988 5062//5062
f 5063//5063 4983//4983 5062//5062
f 5058//5058 4983//4983 5063//5063
f 4989//4989 5064//5064 4988//4988
f 4988//4988 5064//5064 5062//5062
f 4991//4991 5064//5064 4989//4989
f 5065//5065 4997//4997 4998//4998
f 5066//5066 5065//5065 4998//4998
f 5066//5066 4998//4998 4986//4986
f 5067//5067 5066//5066 4986//4986
f 5059//5059 5067//5067 4986//4986
f 5067//5067 5059//5059 5060//5060
f 5068//5068 5063//5063 5062//5062
f 5068//5068 5062//5062 5064//5064
f 5068//5068 5064//5064 5069//5069
f 5071//5071 5069//5069 5070//5070
f 5070//5070 5069//5069 4999//4999
f 5069//5069 5064//5064 4999//4999
f 5064//5064 4991//4991 4999//4999
f 5000//5000 5072//5072 4999//4999
f 4999//4999 5072//5072 5070//5070
f 5001//5001 5073//5073 5000//5000
f 5000//5000 5073//5073 5072//5072
f 5002//5002 5074//5074 5001//5001
f 5001//5001 5074//5074 5073//5073
f 5003//5003 5075//5075 5002//5002
f 5002//5002 5075//5075 5074//5074
f 5075//5075 5003//5003 5076//5076
f 5003//5003 5077//5077 5076//5076
f 5003//5003 5004//5004 5077//5077
f 5004//5004 4997//4997 5065//5065
f 5078//5078 5004//5004 5065//5065
f 5077//5077 5004//5004 5078//5078
f 5078//5078 5065//5065 5066//5066
f 5079//5079 5071//5071 5070//5070
f 5079//5079 5070//5070 5072//5072
f 5079//5079 5072//5072 5080//5080
f 5080//5080 5072//5072 5073//5073
f 5080//5080 5073//5073 5081//5081
f 5081//5081 5073//5073 5074//5074
f 5081//5081 5074//5074 5082//5082
f 5082//5082 5074//5074 5075//5075
f 5082//5082 5075//5075 5083//5083
f 5083//5083 5075//5075 5076//5076
f 5007//5007 5084//5084 5005//5005
f 5007//5007 5086//5086 5084//5084
f 5085//5085 5009//5009 5006//5006
f 5087//5087 5009//5009 5085//5085
f 5011//5011 5086//5086 5007//5007
f 5011//5011 5088//5088 5086//5086
f 5087//5087 5013//5013 5009//5009
f 5089//5089 5013//5013 5087//5087
f 5091//5091 5090//5090 5014//5014
f 5091//5091 5014//5014 5015//5015
f 5011//5011 5014//5014 5088//5088
f 5088//5088 5014//5014 5090//5090
f 5089//5089 5017//5017 5013//5013
f 5092//5092 5017//5017 5089//5089
f 5018//5018 5091//5091 5015//5015
f 5018//5018 5093//5093 5091//5091
f 5092//5092 5020//5020 5017//5017
f 5094//5094 5020//5020 5092//5092
f 5021//5021 5093//5093 5018//5018
f 5021//5021 5095//5095 5093//5093
f 5094//5094 5023//5023 5020//5020
f 5096//5096 5023//5023 5094//5094
f 5024//5024 5095//5095 5021//5021
f 5024//5024 5097//5097 5095//5095
f 5096//5096 5026//5026 5023//5023
f 5098//5098 5026//5026 5096//5096
f 5027//5027 5100//5100 5099//5099
f 5097//5097 5027//5027 5099//5099
f 5024//5024 5027//5027 5097//5097
f 5100//5100 5101//5101 5099//5099
f 5098//5098 5029//5029 5026//5026
f 5102//5102 5029//5029 5098//5098
f 5030//5030 5100//5100 5027//5027
f 5030//5030 5032//5032 5100//5100
f 5032//5032 5101//5101 5100//5100
f 5032//5032 5103//5103 5101//5101
f 5102//5102 5034//5034 5029//5029
f 5104//5104 5034//5034 5102//5102
f 5035//5035 5103//5103 5032//5032
f 5035//5035 5105//5105 5103//5103
f 5104//5104 5037//5037 5034//5034
f 5106//5106 5037//5037 5104//5104
f 5038//5038 5105//5105 5035//5035
f 5038//5038 5107//5107 5105//5105
f 5106//5106 5040//5040 5037//5037
f 5108//5108 5040//5040 5106//5106
f 5041//5041 5110//5110 5109//5109
f 5107//5107 5041//5041 5109//5109
f 5038//5038 5041//5041 5107//5107
f 5110//5110 5111//5111 5109//5109
f 5042//5042 5040//5040 5112//5112
f 5040//5040 5113//5113 5112//5112
f 5040//5040 5108//5108 5113//5113
f 5112//5112 5043//5043 5042//5042
f 5044//5044 5110//5110 5041//5041
f 5044//5044 5045//5045 5110//5110
f 5045//5045 5111//5111 5110//5110
f 5045//5045 5114//5114 5111//5111
f 5113//5113 5115//5115 5112//5112
f 5043//5043 5112//5112 5115//5115
f 5116//5116 5043//5043 5115//5115
f 5046//5046 5043//5043 5116//5116
f 5047//5047 5114//5114 5045//5045
f 5047//5047 5117//5117 5114//5114
f 5116//5116 5049//5049 5046//5046
f 5118//5118 5049//5049 5116//5116
f 5050//5050 5117//5117 5047//5047
f 5050//5050 5119//5119 5117//5117
f 5120//5120 5051//5051 5052//5052
f 5121//5121 5120//5120 5052//5052
f 5049//5049 5121//5121 5052//5052
f 5118//5118 5121//5121 5049//5049
f 5053//5053 5119//5119 5050//5050
f 5053//5053 5122//5122 5119//5119
f 5124//5124 5123//5123 5120//5120
f 5123//5123 5051//5051 5120//5120
f 5123//5123 5054//5054 5051//5051
f 5124//5124 5120//5120 5121//5121
f 5055//5055 5122//5122 5053//5053
f 5055//5055 5125//5125 5122//5122
f 5123//5123 5057//5057 5054//5054
f 5126//5126 5057//5057 5123//5123
f 5058//5058 5125//5125 5055//5055
f 5058//5058 5127//5127 5125//5125
f 5129//5129 5128//5128 5061//5061
f 5061//5061 5128//5128 5060//5060
f 5061//5061 5057//5057 5126//5126
f 5061//5061 5126//5126 5129//5129
f 5063//5063 5127//5127 5058//5058
f 5063//5063 5130//5130 5127//5127
f 5132//5132 5131//5131 5067//5067
f 5067//5067 5131//5131 5066//5066
f 5067//5067 5060//5060 5128//5128
f 5067//5067 5128//5128 5132//5132
f 5063//5063 5068//5068 5133//5133
f 5134//5134 5063//5063 5133//5133
f 5130//5130 5063//5063 5134//5134
f 5069//5069 5135//5135 5068//5068
f 5068//5068 5135//5135 5133//5133
f 5071//5071 5135//5135 5069//5069
f 5136//5136 5076//5076 5077//5077
f 5136//5136 5077//5077 5137//5137
f 5077//5077 5138//5138 5137//5137
f 5077//5077 5078//5078 5138//5138
f 5078//5078 5066//5066 5131//5131
f 5078//5078 5131//5131 5138//5138
f 5139//5139 5134//5134 5133//5133
f 5139//5139 5133//5133 5135//5135
f 5139//5139 5135//5135 5140//5140
f 5142//5142 5140//5140 5141//5141
f 5141//5141 5140//5140 5079//5079
f 5140//5140 5135//5135 5079//5079
f 5135//5135 5071//5071 5079//5079
f 5080//5080 5143//5143 5079//5079
f 5079//5079 5143//5143 5141//5141
f 5081//5081 5144//5144 5080//5080
f 5080//5080 5144//5144 5143//5143
f 5082//5082 5145//5145 5081//5081
f 5081//5081 5145//5145 5144//5144
f 5083//5083 5146//5146 5082//5082
f 5082//5082 5146//5146 5145//5145
f 5147//5147 5146//5146 5083//5083
f 5147//5147 5083//5083 5076//5076
f 5148//5148 5147//5147 5076//5076
f 5136//5136 5148//5148 5076//5076
f 5148//5148 5136//5136 5137//5137
f 5149//5149 5142//5142 5141//5141
f 5149//5149 5141//5141 5143//5143
f 5149//5149 5143//5143 5150//5150
f 5150//5150 5143//5143 5144//5144
f 5150//5150 5144//5144 5151//5151
f 5151//5151 5144//5144 5145//5145
f 5151//5151 5145//5145 5152//5152
f 5152//5152 5145//5145 5146//5146
f 5152//5152 5146//5146 5153//5153
f 5153//5153 5146//5146 5147//5147
f 5086//5086 5154//5154 5084//5084
f 5086//5086 5156//5156 5154//5154
f 5155//5155 5087//5087 5085//5085
f 5157//5157 5087//5087 5155//5155
f 5088//5088 5156//5156 5086//5086
f 5088//5088 5158//5158 5156//5156
f 5161//5161 5160//5160 5159//5159
f 5157//5157 5161//5161 5159//5159
f 5089//5089 5157//5157 5159//5159
f 5087//5087 5157//5157 5089//5089
f 5091//5091 5162//5162 5090//5090
f 5162//5162 5163//5163 5090//5090
f 5163//5163 5088//5088 5090//5090
f 5163//5163 5158//5158 5088//5088
f 5159//5159 5160//5160 5164//5164
f 5164//5164 5160//5160 5165//5165
f 5164//5164 5092//5092 5089//5089
f 5164//5164 5089//5089 5159//5159
f 5167//5167 5166//5166 5162//5162
f 5091//5091 5167//5167 5162//5162
f 5093//5093 5167//5167 5091//5091
f 5162//5162 5166//5166 5163//5163
f 5164//5164 5165//5165 5168//5168
f 5168//5168 5165//5165 5169//5169
f 5168//5168 5094//5094 5092//5092
f 5168//5168 5092//5092 5164//5164
f 5095//5095 5167//5167 5093//5093
f 5095//5095 5170//5170 5167//5167
f 5168//5168 5169//5169 5171//5171
f 5171//5171 5169//5169 5172//5172
f 5171//5171 5096//5096 5094//5094
f 5171//5171 5094//5094 5168//5168
f 5097//5097 5170//5170 5095//5095
f 5097//5097 5173//5173 5170//5170
f 5171//5171 5172//5172 5174//5174
f 5174//5174 5172//5172 5175//5175
f 5174//5174 5098//5098 5096//5096
f 5174//5174 5096//5096 5171//5171
f 5176//5176 5173//5173 5097//5097
f 5176//5176 5097//5097 5099//5099
f 5099//5099 5101//5101 5176//5176
f 5176//5176 5101//5101 5177//5177
f 5174//5174 5175//5175 5178//5178
f 5178//5178 5175//5175 5179//5179
f 5178//5178 5102//5102 5098//5098
f 5178//5178 5098//5098 5174//5174
f 5103//5103 5177//5177 5101//5101
f 5103//5103 5180//5180 5177//5177
f 5179//5179 5181//5181 5178//5178
f 5102//5102 5178//5178 5181//5181
f 5182//5182 5102//5102 5181//5181
f 5104//5104 5102//5102 5182//5182
f 5105//5105 5180//5180 5103//5103
f 5105//5105 5183//5183 5180//5180
f 5182//5182 5106//5106 5104//5104
f 5184//5184 5106//5106 5182//5182
f 5107//5107 5183//5183 5105//5105
f 5107//5107 5185//5185 5183//5183
f 5184//5184 5108//5108 5106//5106
f 5186//5186 5108//5108 5184//5184
f 5187//5187 5185//5185 5107//5107
f 5187//5187 5107//5107 5109//5109
f 5109//5109 5111//5111 5187//5187
f 5187//5187 5111//5111 5188//5188
f 5186//5186 5113//5113 5108//5108
f 5189//5189 5113//5113 5186//5186
f 5114//5114 5188//5188 5111//5111
f 5114//5114 5190//5190 5188//5188
f 5115//5115 5113//5113 5191//5191
f 5113//5113 5192//5192 5191//5191
f 5113//5113 5189//5189 5192//5192
f 5191//5191 5116//5116 5115//5115
f 5117//5117 5190//5190 5114//5114
f 5117//5117 5193//5193 5190//5190
f 5192//5192 5194//5194 5191//5191
f 5116//5116 5191//5191 5194//5194
f 5195//5195 5116//5116 5194//5194
f 5118//5118 5116//5116 5195//5195
f 5119//5119 5193//5193 5117//5117
f 5119//5119 5196//5196 5193//5193
f 5195//5195 5121//5121 5118//5118
f 5197//5197 5121//5121 5195//5195
f 5122//5122 5196//5196 5119//5119
f 5122//5122 5198//5198 5196//5196
f 5200//5200 5199//5199 5124//5124
f 5124//5124 5199//5199 5123//5123
f 5124//5124 5121//5121 5197//5197
f 5124//5124 5197//5197 5200//5200
f 5125//5125 5198//5198 5122//5122
f 5125//5125 5201//5201 5198//5198
f 5199//5199 5126//5126 5123//5123
f 5202//5202 5126//5126 5199//5199
f 5127//5127 5201//5201 5125//5125
f 5127//5127 5203//5203 5201//5201
f 5205//5205 5204//5204 5129//5129
f 5129//5129 5204//5204 5128//5128
f 5129//5129 5126//5126 5202//5202
f 5129//5129 5202//5202 5205//5205
f 5130//5130 5203//5203 5127//5127
f 5130//5130 5206//5206 5203//5203
f 5207//5207 5131//5131 5132//5132
f 5208//5208 5207//5207 5132//5132
f 5128//5128 5208//5208 5132//5132
f 5204//5204 5208//5208 5128//5128
f 5134//5134 5206//5206 5130//5130
f 5134//5134 5209//5209 5206//5206
f 5210//5210 5137//5137 5138//5138
f 5211//5211 5210//5210 5138//5138
f 5211//5211 5138//5138 5131//5131
f 5212//5212 5211//5211 5131//5131
f 5207//5207 5212//5212 5131//5131
f 5212//5212 5207//5207 5208//5208
f 5134//5134 5139//5139 5213//5213
f 5214//5214 5134//5134 5213//5213
f 5209//5209 5134//5134 5214//5214
f 5140//5140 5215//5215 5139//5139
f 5139//5139 5215//5215 5213//5213
f 5142//5142 5215//5215 5140//5140
f 5216//5216 5147//5147 5148//5148
f 5217//5217 5216//5216 5148//5148
f 5217//5217 5148//5148 5137//5137
f 5218//5218 5217//5217 5137//5137
f 5210//5210 5218//5218 5137//5137
f 5218//5218 5210//5210 5211//5211
f 5219//5219 5214//5214 5213//5213
f 5219//5219 5213//5213 5215//5215
f 5219//5219 5215//5215 5220//5220
f 5222//5222 5220//5220 5221//5221
f 5221//5221 5220//5220 5149//5149
f 5220//5220 5215//5215 5149//5149
f 5215//5215 5142//5142 5149//5149
f 5150//5150 5223//5223 5149//5149
f 5149//5149 5223//5223 5221//5221
f 5151//5151 5224//5224 5150//5150
f 5150//5150 5224//5224 5223//5223
f 5152//5152 5225//5225 5151//5151
f 5151//5151 5225//5225 5224//5224
f 5225//5225 5152//5152 5226//5226
f 5152//5152 5227//5227 5226//5226
f 5152//5152 5153//5153 5227//5227
f 5153//5153 5147//5147 5216//5216
f 5228//5228 5153//5153 5216//5216
f 5227//5227 5153//5153 5228//5228
f 5228//5228 5216//5216 5217//5217
f 5229//5229 5222//5222 5221//5221
f 5229//5229 5221//5221 5223//5223
f 5229//5229 5223//5223 5230//5230
f 5230//5230 5223//5223 5224//5224
f 5230//5230 5224//5224 5231//5231
f 5231//5231 5224//5224 5225//5225
f 5231//5231 5225//5225 5232//5232
f 5232//5232 5225//5225 5226//5226
f 5156//5156 5233//5233 5154//5154
f 5156//5156 5235//5235 5233//5233
f 5238//5238 5237//5237 5236//5236
f 5234//5234 5238//5238 5236//5236
f 5157//5157 5234//5234 5236//5236
f 5155//5155 5234//5234 5157//5157
f 5158//5158 5235//5235 5156//5156
f 5158//5158 5239//5239 5235//5235
f 5236//5236 5237//5237 5161//5161
f 5237//5237 5160//5160 5161//5161
f 5237//5237 5240//5240 5160//5160
f 5236//5236 5161//5161 5157//5157
f 5163//5163 5239//5239 5158//5158
f 5163//5163 5241//5241 5239//5239
f 5244//5244 5243//5243 5242//5242
f 5240//5240 5244//5244 5242//5242
f 5165//5165 5240//5240 5242//5242
f 5160//5160 5240//5240 5165//5165
f 5167//5167 5245//5245 5166//5166
f 5245//5245 5246//5246 5166//5166
f 5246//5246 5163//5163 5166//5166
f 5246//5246 5241//5241 5163//5163
f 5242//5242 5243//5243 5247//5247
f 5247//5247 5243//5243 5248//5248
f 5247//5247 5169//5169 5165//5165
f 5247//5247 5165//5165 5242//5242
f 5170//5170 5249//5249 5245//5245
f 5170//5170 5245//5245 5167//5167
f 5246//5246 5245//5245 5250//5250
f 5250//5250 5245//5245 5249//5249
f 5247//5247 5248//5248 5251//5251
f 5251//5251 5248//5248 5252//5252
f 5251//5251 5172//5172 5169//5169
f 5251//5251 5169//5169 5247//5247
f 5173//5173 5253//5253 5249//5249
f 5173//5173 5249//5249 5170//5170
f 5250//5250 5249//5249 5254//5254
f 5254//5254 5249//5249 5253//5253
f 5251//5251 5252//5252 5255//5255
f 5255//5255 5252//5252 5256//5256
f 5255//5255 5175//5175 5172//5172
f 5255//5255 5172//5172 5251//5251
f 5176//5176 5253//5253 5173//5173
f 5176//5176 5177//5177 5253//5253
f 5177//5177 5254//5254 5253//5253
f 5177//5177 5257//5257 5254//5254
f 5256//5256 5258//5258 5255//5255
f 5175//5175 5255//5255 5258//5258
f 5259//5259 5175//5175 5258//5258
f 5179//5179 5175//5175 5259//5259
f 5180//5180 5257//5257 5177//5177
f 5180//5180 5260//5260 5257//5257
f 5181//5181 5179//5179 5261//5261
f 5179//5179 5262//5262 5261//5261
f 5179//5179 5259//5259 5262//5262
f 5261//5261 5182//5182 5181//5181
f 5183//5183 5260//5260 5180//5180
f 5183//5183 5263//5263 5260//5260
f 5261//5261 5262//5262 5264//5264
f 5264//5264 5262//5262 5265//5265
f 5264//5264 5184//5184 5182//5182
f 5264//5264 5182//5182 5261//5261
f 5185//5185 5263//5263 5183//5183
f 5185//5185 5266//5266 5263//5263
f 5265//5265 5267//5267 5264//5264
f 5184//5184 5264//5264 5267//5267
f 5268//5268 5184//5184 5267//5267
f 5186//5186 5184//5184 5268//5268
f 5269//5269 5266//5266 5185//5185
f 5269//5269 5185//5185 5187//5187
f 5187//5187 5188//5188 5269//5269
f 5269//5269 5188//5188 5270//5270
f 5268//5268 5189//5189 5186//5186
f 5271//5271 5189//5189 5268//5268
f 5190//5190 5270//5270 5188//5188
f 5190//5190 5272//5272 5270//5270
f 5271//5271 5192//5192 5189//5189
f 5273//5273 5192//5192 5271//5271
f 5193//5193 5272//5272 5190//5190
f 5193//5193 5274//5274 5272//5272
f 5194//5194 5192//5192 5275//5275
f 5192//5192 5276//5276 5275//5275
f 5192//5192 5273//5273 5276//5276
f 5275//5275 5195//5195 5194//5194
f 5196//5196 5274//5274 5193//5193
f 5196//5196 5277//5277 5274//5274
f 5275//5275 5276//5276 5278//5278
f 5278//5278 5276//5276 5279//5279
f 5278//5278 5197//5197 5195//5195
f 5278//5278 5195//5195 5275//5275
f 5198//5198 5277//5277 5196//5196
f 5198//5198 5280//5280 5277//5277
f 5278//5278 5279//5279 5200//5200
f 5279//5279 5199//5199 5200//5200
f 5279//5279 5281//5281 5199//5199
f 5278//5278 5200//5200 5197//5197
f 5201//5201 5280//5280 5198//5198
f 5201//5201 5282//5282 5280//5280
f 5281//5281 5202//5202 5199//5199
f 5283//5283 5202//5202 5281//5281
f 5203//5203 5282//5282 5201//5201
f 5203//5203 5284//5284 5282//5282
f 5285//5285 5204//5204 5205//5205
f 5286//5286 5285//5285 5205//5205
f 5202//5202 5286//5286 5205//5205
f 5283//5283 5286//5286 5202//5202
f 5206//5206 5284//5284 5203//5203
f 5206//5206 5287//5287 5284//5284
f 5289//5289 5288//5288 5285//5285
f 5288//5288 5204//5204 5285//5285
f 5288//5288 5208//5208 5204//5204
f 5289//5289 5285//5285 5286//5286
f 5209//5209 5287//5287 5206//5206
f 5209//5209 5290//5290 5287//5287
f 5291//5291 5211//5211 5212//5212
f 5292//5292 5291//5291 5212//5212
f 5208//5208 5292//5292 5212//5212
f 5288//5288 5292//5292 5208//5208
f 5214//5214 5290//5290 5209//5209
f 5214//5214 5293//5293 5290//5290
f 5294//5294 5217//5217 5218//5218
f 5295//5295 5294//5294 5218//5218
f 5295//5295 5218//5218 5211//5211
f 5296//5296 5295//5295 5211//5211
f 5291//5291 5296//5296 5211//5211
f 5296//5296 5291//5291 5292//5292
f 5214//5214 5219//5219 5297//5297
f 5298//5298 5214//5214 5297//5297
f 5293//5293 5214//5214 5298//5298
f 5220//5220 5299//5299 5219//5219
f 5219//5219 5299//5299 5297//5297
f 5222//5222 5299//5299 5220//5220
f 5300//5300 5226//5226 5227//5227
f 5300//5300 5227//5227 5301//5301
f 5227//5227 5302//5302 5301//5301
f 5227//5227 5228//5228 5302//5302
f 5228//5228 5217//5217 5294//5294
f 5303//5303 5228//5228 5294//5294
f 5302//5302 5228//5228 5303//5303
f 5303//5303 5294//5294 5295//5295
f 5304//5304 5298//5298 5297//5297
f 5304//5304 5297//5297 5299//5299
f 5304//5304 5299//5299 5305//5305
f 5307//5307 5305//5305 5306//5306
f 5306//5306 5305//5305 5229//5229
f 5305//5305 5299//5299 5229//5229
f 5299//5299 5222//5222 5229//5229
f 5230//5230 5308//5308 5229//5229
f 5229//5229 5308//5308 5306//5306
f 5231//5231 5309//5309 5230//5230
f 5230//5230 5309//5309 5308//5308
f 5232//5232 5310//5310 5231//5231
f 5231//5231 5310//5310 5309//5309
f 5311//5311 5310//5310 5232//5232
f 5311//5311 5232//5232 5226//5226
f 5312//5312 5311//5311 5226//5226
f 5300//5300 5312//5312 5226//5226
f 5312//5312 5300//5300 5301//5301
f 5313//5313 5307//5307 5306//5306
f 5313//5313 5306//5306 5308//5308
f 5313//5313 5308//5308 5314//5314
f 5314//5314 5308//5308 5309//5309
f 5314//5314 5309//5309 5315//5315
f 5315//5315 5309//5309 5310//5310
f 5315//5315 5310//5310 5316//5316
f 5316//5316 5310//5310 5311//5311
f 5235//5235 5317//5317 5233//5233
f 5235//5235 5320//5320 5317//5317
f 5318//5318 5319//5319 5238//5238
f 5319//5319 5237//5237 5238//5238
f 5319//5319 5321//5321 5237//5237
f 5318//5318 5238//5238 5234//5234
f 5239//5239 5320//5320 5235//5235
f 5239//5239 5322//5322 5320//5320
f 5325//5325 5324//5324 5323//5323
f 5321//5321 5325//5325 5323//5323
f 5240//5240 5321//5321 5323//5323
f 5237//5237 5321//5321 5240//5240
f 5241//5241 5322//5322 5239//5239
f 5241//5241 5326//5326 5322//5322
f 5323//5323 5324//5324 5244//5244
f 5324//5324 5243//5243 5244//5244
f 5324//5324 5327//5327 5243//5243
f 5323//5323 5244//5244 5240//5240
f 5246//5246 5326//5326 5241//5241
f 5246//5246 5328//5328 5326//5326
f 5331//5331 5330//5330 5329//5329
f 5327//5327 5331//5331 5329//5329
f 5248//5248 5327//5327 5329//5329
f 5243//5243 5327//5327 5248//5248
f 5250//5250 5328//5328 5246//5246
f 5250//5250 5332//5332 5328//5328
f 5329//5329 5330//5330 5333//5333
f 5333//5333 5330//5330 5334//5334
f 5333//5333 5252//5252 5248//5248
f 5333//5333 5248//5248 5329//5329
f 5254//5254 5332//5332 5250//5250
f 5254//5254 5335//5335 5332//5332
f 5333//5333 5334//5334 5336//5336
f 5336//5336 5334//5334 5337//5337
f 5336//5336 5256//5256 5252//5252
f 5336//5336 5252//5252 5333//5333
f 5257//5257 5335//5335 5254//5254
f 5257//5257 5338//5338 5335//5335
f 5337//5337 5339//5339 5336//5336
f 5339//5339 5341//5341 5340//5340
f 5339//5339 5340//5340 5258//5258
f 5336//5336 5339//5339 5258//5258
f 5256//5256 5336//5336 5258//5258
f 5340//5340 5259//5259 5258//5258
f 5260//5260 5338//5338 5257//5257
f 5260//5260 5342//5342 5338//5338
f 5340//5340 5341//5341 5343//5343
f 5343//5343 5341//5341 5344//5344
f 5343//5343 5262//5262 5259//5259
f 5343//5343 5259//5259 5340//5340
f 5263//5263 5342//5342 5260//5260
f 5263//5263 5345//5345 5342//5342
f 5344//5344 5346//5346 5343//5343
f 5262//5262 5343//5343 5346//5346
f 5347//5347 5262//5262 5346//5346
f 5265//5265 5262//5262 5347//5347
f 5266//5266 5349//5349 5348//5348
f 5345//5345 5266//5266 5348//5348
f 5263//5263 5266//5266 5345//5345
f 5349//5349 5350//5350 5348//5348
f 5267//5267 5265//5265 5351//5351
f 5265//5265 5352//5352 5351//5351
f 5265//5265 5347//5347 5352//5352
f 5351//5351 5268//5268 5267//5267
f 5269//5269 5349//5349 5266//5266
f 5269//5269 5270//5270 5349//5349
f 5270//5270 5350//5350 5349//5349
f 5270//5270 5353//5353 5350//5350
f 5352//5352 5354//5354 5351//5351
f 5268//5268 5351//5351 5354//5354
f 5355//5355 5268//5268 5354//5354
f 5271//5271 5268//5268 5355//5355
f 5272//5272 5353//5353 5270//5270
f 5272//5272 5356//5356 5353//5353
f 5355//5355 5273//5273 5271//5271
f 5357//5357 5273//5273 5355//5355
f 5274//5274 5356//5356 5272//5272
f 5274//5274 5358//5358 5356//5356
f 5357//5357 5276//5276 5273//5273
f 5359//5359 5276//5276 5357//5357
f 5277//5277 5358//5358 5274//5274
f 5277//5277 5360//5360 5358//5358
f 5359//5359 5279//5279 5276//5276
f 5361//5361 5279//5279 5359//5359
f 5280//5280 5360//5360 5277//5277
f 5280//5280 5362//5362 5360//5360
f 5361//5361 5281//5281 5279//5279
f 5363//5363 5281//5281 5361//5361
f 5282//5282 5362//5362 5280//5280
f 5282//5282 5364//5364 5362//5362
f 5363//5363 5283//5283 5281//5281
f 5365//5365 5283//5283 5363//5363
f 5284//5284 5364//5364 5282//5282
f 5284//5284 5366//5366 5364//5364
f 5365//5365 5286//5286 5283//5283
f 5367//5367 5286//5286 5365//5365
f 5287//5287 5366//5366 5284//5284
f 5287//5287 5368//5368 5366//5366
f 5370//5370 5369//5369 5289//5289
f 5289//5289 5369//5369 5288//5288
f 5289//5289 5286//5286 5367//5367
f 5289//5289 5367//5367 5370//5370
f 5290//5290 5368//5368 5287//5287
f 5290//5290 5371//5371 5368//5368
f 5369//5369 5292//5292 5288//5288
f 5372//5372 5292//5292 5369//5369
f 5375//5375 5374//5374 5373//5373
f 5374//5374 5371//5371 5373//5373
f 5371//5371 5293//5293 5373//5373
f 5371//5371 5290//5290 5293//5293
f 5377//5377 5376//5376 5296//5296
f 5296//5296 5376//5376 5295//5295
f 5296//5296 5292//5292 5372//5372
f 5296//5296 5372//5372 5377//5377
f 5375//5375 5373//5373 5378//5378
f 5375//5375 5378//5378 5379//5379
f 5298//5298 5378//5378 5293//5293
f 5293//5293 5378//5378 5373//5373
f 5380//5380 5301//5301 5302//5302
f 5380//5380 5302//5302 5381//5381
f 5302//5302 5382//5382 5381//5381
f 5302//5302 5303//5303 5382//5382
f 5303//5303 5295//5295 5376//5376
f 5303//5303 5376//5376 5382//5382
f 5383//5383 5379//5379 5378//5378
f 5385//5385 5383//5383 5384//5384
f 5384//5384 5383//5383 5304//5304
f 5383//5383 5378//5378 5304//5304
f 5378//5378 5298//5298 5304//5304
f 5305//5305 5386//5386 5304//5304
f 5304//5304 5386//5386 5384//5384
f 5307//5307 5386//5386 5305//5305
f 5387//5387 5311//5311 5312//5312
f 5388//5388 5387//5387 5312//5312
f 5388//5388 5312//5312 5301//5301
f 5389//5389 5388//5388 5301//5301
f 5380//5380 5389//5389 5301//5301
f 5389//5389 5380//5380 5381//5381
f 5390//5390 5385//5385 5384//5384
f 5390//5390 5384//5384 5386//5386
f 5390//5390 5386//5386 5391//5391
f 5393//5393 5391//5391 5392//5392
f 5392//5392 5391//5391 5313//5313
f 5391//5391 5386//5386 5313//5313
f 5386//5386 5307//5307 5313//5313
f 5314//5314 5394//5394 5313//5313
f 5313//5313 5394//5394 5392//5392
f 5315//5315 5395//5395 5314//5314
f 5314//5314 5395//5395 5394//5394
f 5395//5395 5315//5315 5396//5396
f 5315//5315 5397//5397 5396//5396
f 5315//5315 5316//5316 5397//5397
f 5316//5316 5311//5311 5387//5387
f 5398//5398 5316//5316 5387//5387
f 5397//5397 5316//5316 5398//5398
f 5398//5398 5387//5387 5388//5388
f 5399//5399 5393//5393 5392//5392
f 5399//5399 5392//5392 5394//5394
f 5399//5399 5394//5394 5400//5400
f 5400//5400 5394//5394 5395//5395
f 5400//5400 5395//5395 5401//5401
f 5401//5401 5395//5395 5396//5396
f 5320//5320 5402//5402 5317//5317
f 5320//5320 5404//5404 5402//5402
f 5407//5407 5406//5406 5405//5405
f 5403//5403 5407//5407 5405//5405
f 5321//5321 5403//5403 5405//5405
f 5319//5319 5403//5403 5321//5321
f 5322//5322 5404//5404 5320//5320
f 5322//5322 5408//5408 5404//5404
f 5405//5405 5406//5406 5325//5325
f 5406//5406 5324//5324 5325//5325
f 5406//5406 5409//5409 5324//5324
f 5405//5405 5325//5325 5321//5321
f 5326//5326 5411//5411 5410//5410
f 5408//5408 5326//5326 5410//5410
f 5322//5322 5326//5326 5408//5408
f 5411//5411 5412//5412 5410//5410
f 5415//5415 5414//5414 5413//5413
f 5409//5409 5415//5415 5413//5413
f 5327//5327 5409//5409 5413//5413
f 5324//5324 5409//5409 5327//5327
f 5328//5328 5416//5416 5411//5411
f 5328//5328 5411//5411 5326//5326
f 5412//5412 5411//5411 5417//5417
f 5417//5417 5411//5411 5416//5416
f 5420//5420 5419//5419 5418//5418
f 5420//5420 5418//5418 5414//5414
f 5414//5414 5418//5418 5413//5413
f 5418//5418 5330//5330 5413//5413
f 5330//5330 5331//5331 5413//5413
f 5413//5413 5331//5331 5327//5327
f 5332//5332 5421//5421 5416//5416
f 5332//5332 5416//5416 5328//5328
f 5417//5417 5416//5416 5422//5422
f 5416//5416 5423//5423 5422//5422
f 5416//5416 5421//5421 5423//5423
f 5423//5423 5424//5424 5422//5422
f 5418//5418 5419//5419 5425//5425
f 5425//5425 5419//5419 5426//5426
f 5425//5425 5334//5334 5330//5330
f 5425//5425 5330//5330 5418//5418
f 5335//5335 5427//5427 5421//5421
f 5335//5335 5421//5421 5332//5332
f 5421//5421 5428//5428 5423//5423
f 5421//5421 5427//5427 5428//5428
f 5424//5424 5423//5423 5429//5429
f 5429//5429 5423//5423 5428//5428
f 5425//5425 5426//5426 5430//5430
f 5430//5430 5426//5426 5431//5431
f 5430//5430 5337//5337 5334//5334
f 5430//5430 5334//5334 5425//5425
f 5338//5338 5432//5432 5427//5427
f 5338//5338 5427//5427 5335//5335
f 5434//5434 5428//5428 5433//5433
f 5428//5428 5432//5432 5433//5433
f 5428//5428 5427//5427 5432//5432
f 5428//5428 5434//5434 5429//5429
f 5431//5431 5435//5435 5430//5430
f 5435//5435 5437//5437 5436//5436
f 5435//5435 5436//5436 5339//5339
f 5430//5430 5435//5435 5339//5339
f 5337//5337 5430//5430 5339//5339
f 5436//5436 5341//5341 5339//5339
f 5342//5342 5438//5438 5432//5432
f 5342//5342 5432//5432 5338//5338
f 5433//5433 5432//5432 5439//5439
f 5439//5439 5432//5432 5438//5438
f 5436//5436 5437//5437 5440//5440
f 5440//5440 5437//5437 5441//5441
f 5440//5440 5344//5344 5341//5341
f 5440//5440 5341//5341 5436//5436
f 5345//5345 5442//5442 5438//5438
f 5345//5345 5438//5438 5342//5342
f 5439//5439 5438//5438 5443//5443
f 5443//5443 5438//5438 5442//5442
f 5441//5441 5444//5444 5440//5440
f 5444//5444 5446//5446 5445//5445
f 5444//5444 5445//5445 5346//5346
f 5440//5440 5444//5444 5346//5346
f 5344//5344 5440//5440 5346//5346
f 5445//5445 5347//5347 5346//5346
f 5348//5348 5442//5442 5345//5345
f 5348//5348 5350//5350 5442//5442
f 5350//5350 5443//5443 5442//5442
f 5350//5350 5447//5447 5443//5443
f 5446//5446 5448//5448 5445//5445
f 5347//5347 5445//5445 5448//5448
f 5449//5449 5347//5347 5448//5448
f 5352//5352 5347//5347 5449//5449
f 5353//5353 5447//5447 5350//5350
f 5353//5353 5450//5450 5447//5447
f 5354//5354 5352//5352 5451//5451
f 5352//5352 5452//5452 5451//5451
f 5352//5352 5449//5449 5452//5452
f 5451//5451 5355//5355 5354//5354
f 5356//5356 5450//5450 5353//5353
f 5356//5356 5453//5453 5450//5450
f 5451//5451 5452//5452 5454//5454
f 5454//5454 5452//5452 5455//5455
f 5454//5454 5357//5357 5355//5355
f 5454//5454 5355//5355 5451//5451
f 5358//5358 5453//5453 5356//5356
f 5358//5358 5456//5456 5453//5453
f 5455//5455 5457//5457 5454//5454
f 5357//5357 5454//5454 5457//5457
f 5458//5458 5357//5357 5457//5457
f 5359//5359 5357//5357 5458//5458
f 5360//5360 5456//5456 5358//5358
f 5360//5360 5459//5459 5456//5456
f 5458//5458 5361//5361 5359//5359
f 5460//5460 5361//5361 5458//5458
f 5362//5362 5459//5459 5360//5360
f 5362//5362 5461//5461 5459//5459
f 5460//5460 5363//5363 5361//5361
f 5462//5462 5363//5363 5460//5460
f 5364//5364 5461//5461 5362//5362
f 5364//5364 5463//5463 5461//5461
f 5462//5462 5365//5365 5363//5363
f 5464//5464 5365//5365 5462//5462
f 5366//5366 5463//5463 5364//5364
f 5366//5366 5465//5465 5463//5463
f 5464//5464 5367//5367 5365//5365
f 5466//5466 5367//5367 5464//5464
f 5368//5368 5465//5465 5366//5366
f 5368//5368 5467//5467 5465//5465
f 5469//5469 5468//5468 5370//5370
f 5370//5370 5468//5468 5369//5369
f 5370//5370 5367//5367 5466//5466
f 5370//5370 5466//5466 5469//5469
f 5472//5472 5471//5471 5470//5470
f 5471//5471 5467//5467 5470//5470
f 5467//5467 5371//5371 5470//5470
f 5467//5467 5368//5368 5371//5371
f 5468//5468 5372//5372 5369//5369
f 5473//5473 5372//5372 5468//5468
f 5472//5472 5470//5470 5374//5374
f 5375//5375 5472//5472 5374//5374
f 5474//5474 5472//5472 5375//5375
f 5374//5374 5470//5470 5371//5371
f 5476//5476 5475//5475 5377//5377
f 5377//5377 5475//5475 5376//5376
f 5377//5377 5372//5372 5473//5473
f 5377//5377 5473//5473 5476//5476
f 5379//5379 5474//5474 5375//5375
f 5379//5379 5477//5477 5474//5474
f 5478//5478 5381//5381 5382//5382
f 5479//5479 5478//5478 5382//5382
f 5376//5376 5479//5479 5382//5382
f 5475//5475 5479//5479 5376//5376
f 5379//5379 5383//5383 5480//5480
f 5481//5481 5379//5379 5480//5480
f 5477//5477 5379//5379 5481//5481
f 5385//5385 5480//5480 5383//5383
f 5482//5482 5388//5388 5389//5389
f 5483//5483 5482//5482 5389//5389
f 5483//5483 5389//5389 5381//5381
f 5484//5484 5483//5483 5381//5381
f 5478//5478 5484//5484 5381//5381
f 5484//5484 5478//5478 5479//5479
f 5485//5485 5481//5481 5480//5480
f 5487//5487 5485//5485 5486//5486
f 5486//5486 5485//5485 5390//5390
f 5485//5485 5480//5480 5390//5390
f 5480//5480 5385//5385 5390//5390
f 5391//5391 5488//5488 5390//5390
f 5390//5390 5488//5488 5486//5486
f 5393//5393 5488//5488 5391//5391
f 5489//5489 5396//5396 5397//5397
f 5398//5398 5490//5490 5397//5397
f 5397//5397 5490//5490 5489//5489
f 5491//5491 5490//5490 5398//5398
f 5491//5491 5398//5398 5388//5388
f 5492//5492 5491//5491 5388//5388
f 5482//5482 5492//5492 5388//5388
f 5492//5492 5482//5482 5483//5483
f 5493//5493 5487//5487 5486//5486
f 5495//5495 5494//5494 5493//5493
f 5486//5486 5495//5495 5493//5493
f 5488//5488 5495//5495 5486//5486
f 5399//5399 5496//5496 5393//5393
f 5496//5496 5488//5488 5393//5393
f 5496//5496 5495//5495 5488//5488
f 5400//5400 5497//5497 5399//5399
f 5399//5399 5497//5497 5496//5496
f 5401//5401 5498//5498 5400//5400
f 5400//5400 5498//5498 5497//5497
f 5499//5499 5498//5498 5401//5401
f 5499//5499 5401//5401 5396//5396
f 5500//5500 5499//5499 5396//5396
f 5489//5489 5500//5500 5396//5396
f 5500//5500 5489//5489 5490//5490
f 5500//5500 5490//5490 5501//5501
f 5501//5501 5490//5490 5491//5491
f 5502//5502 5494//5494 5495//5495
f 5502//5502 5495//5495 5496//5496
f 5502//5502 5496//5496 5503//5503
f 5503//5503 5496//5496 5497//5497
f 5503//5503 5497//5497 5504//5504
f 5504//5504 5497//5497 5498//5498
f 5504//5504 5498//5498 5505//5505
f 5505//5505 5498//5498 5499//5499
