# generated by tools/gen_cave.py
o cave_23
v 32.000 0.223 55.000
v 32.000 0.250 54.979
v 32.000 0.500 54.882
v 32.000 0.750 54.851
v 32.000 1.000 54.852
v 32.000 1.250 54.895
v 32.000 1.500 54.991
v 32.000 1.515 55.000
v 32.000 0.000 55.190
v 32.000 -0.051 55.250
v 32.000 1.750 55.148
v 32.000 1.870 55.250
v 32.000 -0.182 55.500
v 32.000 2.000 55.356
v 32.000 2.144 55.500
v 32.000 -0.186 55.750
v 32.000 2.250 55.609
v 32.000 2.365 55.750
v 32.000 -0.175 56.000
v 32.000 2.500 55.928
v 32.000 2.546 56.000
v 32.000 -0.164 56.250
v 32.000 2.681 56.250
v 32.000 -0.152 56.500
v 32.000 2.750 56.416
v 32.000 2.782 56.500
v 32.000 -0.139 56.750
v 32.000 2.875 56.750
v 32.000 -0.127 57.000
v 32.000 2.968 57.000
v 32.000 -0.119 57.250
v 32.000 3.000 57.078
v 32.000 3.075 57.250
v 32.000 -0.124 57.500
v 32.000 3.180 57.500
v 32.000 -0.133 57.750
v 32.000 3.250 57.677
v 32.000 3.278 57.750
v 32.000 -0.151 58.000
v 32.000 3.373 58.000
v 32.000 -0.178 58.250
v 32.000 3.476 58.250
v 32.000 -0.215 58.500
v 32.000 3.500 58.302
v 32.000 3.594 58.500
v 32.000 -0.250 58.700
v 32.000 -0.259 58.750
v 32.000 3.719 58.750
v 32.000 -0.307 59.000
v 32.000 3.750 58.814
v 32.000 3.838 59.000
v 32.000 -0.360 59.250
v 32.000 3.960 59.250
v 32.000 -0.403 59.500
v 32.000 4.000 59.322
v 32.000 4.095 59.500
v 32.000 -0.399 59.750
v 32.000 4.246 59.750
v 32.000 -0.394 60.000
v 32.000 4.250 59.757
v 32.000 4.393 60.000
v 32.000 -0.391 60.250
v 32.000 3.549 60.250
v 32.000 3.750 60.202
v 32.000 3.871 60.250
v 32.000 4.500 60.208
v 32.000 4.520 60.250
v 32.000 -0.390 60.500
v 32.000 3.664 60.500
v 32.000 3.801 60.500
v 32.000 4.618 60.500
v 32.000 -0.389 60.750
v 32.000 3.750 60.518
v 32.000 4.693 60.750
v 32.000 -0.389 61.000
v 32.000 4.750 60.988
v 32.000 4.753 61.000
v 32.000 -0.389 61.250
v 32.000 4.798 61.250
v 32.000 -0.389 61.500
v 32.000 4.828 61.500
v 32.000 -0.389 61.750
v 32.000 4.844 61.750
v 32.000 -0.391 62.000
v 32.000 4.845 62.000
v 32.000 -0.392 62.250
v 32.000 4.832 62.250
v 32.000 -0.394 62.500
v 32.000 4.803 62.500
v 32.000 -0.396 62.750
v 32.000 4.757 62.750
v 32.000 -0.399 63.000
v 32.000 4.698 63.000
v 32.000 4.750 62.781
v 32.000 -0.401 63.250
v 32.000 4.634 63.250
v 32.000 -0.404 63.500
v 32.000 4.568 63.500
v 32.000 -0.407 63.750
v 32.000 4.498 63.750
v 32.000 4.500 63.743
v 32.000 -0.250 63.784
v 32.000 0.000 63.822
v 32.000 0.250 63.850
v 32.000 0.500 63.871
v 32.000 0.750 63.885
v 32.000 1.000 63.894
v 32.000 1.250 63.902
v 32.000 1.500 63.908
v 32.000 1.750 63.828
v 32.000 2.000 63.813
v 32.000 2.250 63.797
v 32.000 2.500 63.784
v 32.000 2.750 63.782
v 32.000 3.000 63.792
v 32.000 3.250 63.807
v 32.000 3.500 63.823
v 32.000 3.750 63.847
v 32.000 4.000 63.824
v 32.000 4.250 63.793
v 32.014 0.250 55.000
v 32.084 0.500 55.000
v 32.109 0.750 55.000
v 32.109 1.000 55.000
v 32.076 1.250 55.000
v 32.006 1.500 55.000
v 32.038 0.000 55.250
v 32.180 0.250 55.250
v 32.250 0.477 55.250
v 32.250 0.500 55.240
v 32.250 0.750 55.200
v 32.250 1.000 55.205
v 32.245 1.250 55.250
v 32.250 1.214 55.250
v 32.179 1.500 55.250
v 32.072 1.750 55.250
v 32.196 0.000 55.500
v 32.250 0.086 55.500
v 32.250 0.250 55.356
v 32.250 1.250 55.257
v 32.250 1.500 55.355
v 32.250 1.750 55.492
v 32.116 2.000 55.500
v 32.250 1.761 55.500
v 32.250 0.000 55.587
v 32.250 -0.129 55.750
v 32.250 2.000 55.665
v 32.124 2.250 55.750
v 32.250 2.095 55.750
v 32.250 -0.174 56.000
v 32.250 2.250 55.892
v 32.064 2.500 56.000
v 32.250 2.341 56.000
v 32.250 -0.162 56.250
v 32.250 2.500 56.226
v 32.250 2.514 56.250
v 32.250 -0.150 56.500
v 32.061 2.750 56.500
v 32.250 2.637 56.500
v 32.250 -0.137 56.750
v 32.243 2.750 56.750
v 32.250 2.746 56.750
v 32.250 -0.125 57.000
v 32.250 2.750 56.759
v 32.250 2.853 57.000
v 32.250 -0.118 57.250
v 32.181 3.000 57.250
v 32.250 2.969 57.250
v 32.250 -0.121 57.500
v 32.250 3.000 57.313
v 32.250 3.087 57.500
v 32.250 -0.131 57.750
v 32.087 3.250 57.750
v 32.250 3.195 57.750
v 32.250 -0.150 58.000
v 32.250 3.250 57.876
v 32.250 3.302 58.000
v 32.250 -0.179 58.250
v 32.250 3.415 58.250
v 32.250 -0.217 58.500
v 32.250 3.500 58.413
v 32.250 3.548 58.500
v 32.250 -0.250 58.683
v 32.250 -0.262 58.750
v 32.250 3.693 58.750
v 32.250 -0.311 59.000
v 32.250 3.750 58.848
v 32.250 3.834 59.000
v 32.250 -0.365 59.250
v 32.250 3.965 59.250
v 32.250 -0.402 59.500
v 32.250 4.000 59.312
v 32.250 4.100 59.500
v 32.250 -0.399 59.750
v 32.250 4.250 59.750
v 32.250 -0.395 60.000
v 32.250 4.250 59.750
v 32.250 4.404 60.000
v 32.250 -0.393 60.250
v 32.053 3.750 60.250
v 32.250 4.500 60.175
v 32.250 4.539 60.250
v 32.250 -0.392 60.500
v 32.021 3.750 60.500
v 32.250 4.641 60.500
v 32.250 -0.393 60.750
v 32.250 4.719 60.750
v 32.250 -0.393 61.000
v 32.250 4.750 60.876
v 32.250 4.780 61.000
v 32.250 -0.392 61.250
v 32.250 4.827 61.250
v 32.250 -0.392 61.500
v 32.250 4.856 61.500
v 32.250 -0.392 61.750
v 32.250 4.868 61.750
v 32.250 -0.393 62.000
v 32.250 4.862 62.000
v 32.250 -0.395 62.250
v 32.250 4.841 62.250
v 32.250 -0.397 62.500
v 32.250 4.803 62.500
v 32.250 -0.399 62.750
v 32.193 4.750 62.750
v 32.250 4.748 62.750
v 32.250 4.750 62.740
v 32.250 -0.401 63.000
v 32.250 4.679 63.000
v 32.250 -0.403 63.250
v 32.250 4.607 63.250
v 32.250 -0.406 63.500
v 32.250 4.535 63.500
v 32.250 -0.408 63.750
v 32.250 4.461 63.750
v 32.250 4.500 63.619
v 32.250 -0.250 63.784
v 32.250 0.000 63.822
v 32.250 0.250 63.851
v 32.250 0.500 63.871
v 32.250 0.750 63.886
v 32.250 1.000 63.895
v 32.250 1.250 63.902
v 32.250 1.500 63.908
v 32.250 1.750 63.839
v 32.250 2.000 63.828
v 32.250 2.250 63.818
v 32.250 2.500 63.811
v 32.250 2.750 63.810
v 32.250 3.000 63.815
v 32.250 3.250 63.824
v 32.250 3.500 63.835
v 32.250 3.750 63.844
v 32.250 4.000 63.820
v 32.250 4.250 63.787
v 32.257 0.500 55.250
v 32.284 0.750 55.250
v 32.280 1.000 55.250
v 32.342 0.250 55.500
v 32.422 0.500 55.500
v 32.449 0.750 55.500
v 32.441 1.000 55.500
v 32.404 1.250 55.500
v 32.343 1.500 55.500
v 32.255 1.750 55.500
v 32.348 0.000 55.750
v 32.491 0.250 55.750
v 32.500 0.275 55.750
v 32.500 0.500 55.628
v 32.500 0.750 55.583
v 32.500 1.000 55.597
v 32.500 1.250 55.656
v 32.500 1.500 55.745
v 32.429 1.750 55.750
v 32.500 1.511 55.750
v 32.313 2.000 55.750
v 32.487 0.000 56.000
v 32.500 0.020 56.000
v 32.500 0.250 55.766
v 32.500 1.750 55.855
v 32.490 2.000 56.000
v 32.500 1.977 56.000
v 32.330 2.250 56.000
v 32.500 0.000 56.024
v 32.500 -0.126 56.250
v 32.500 2.000 56.017
v 32.482 2.250 56.250
v 32.500 2.222 56.250
v 32.265 2.500 56.250
v 32.500 -0.146 56.500
v 32.500 2.250 56.284
v 32.404 2.500 56.500
v 32.500 2.393 56.500
v 32.500 -0.135 56.750
v 32.500 2.500 56.691
v 32.500 2.531 56.750
v 32.500 -0.124 57.000
v 32.398 2.750 57.000
v 32.500 2.668 57.000
v 32.500 -0.116 57.250
v 32.500 2.750 57.145
v 32.500 2.808 57.250
v 32.500 -0.118 57.500
v 32.421 3.000 57.500
v 32.500 2.955 57.500
v 32.500 -0.129 57.750
v 32.500 3.000 57.580
v 32.500 3.088 57.750
v 32.500 -0.147 58.000
v 32.401 3.250 58.000
v 32.500 3.214 58.000
v 32.500 -0.176 58.250
v 32.500 3.250 58.072
v 32.500 3.341 58.250
v 32.500 -0.214 58.500
v 32.440 3.500 58.500
v 32.500 3.484 58.500
v 32.500 -0.250 58.706
v 32.500 -0.258 58.750
v 32.500 3.500 58.525
v 32.500 3.647 58.750
v 32.500 -0.306 59.000
v 32.500 3.750 58.915
v 32.500 3.800 59.000
v 32.500 -0.359 59.250
v 32.500 3.938 59.250
v 32.500 -0.402 59.500
v 32.500 4.000 59.360
v 32.500 4.074 59.500
v 32.500 -0.399 59.750
v 32.500 4.228 59.750
v 32.500 -0.396 60.000
v 32.500 4.250 59.784
v 32.500 4.389 60.000
v 32.500 -0.395 60.250
v 32.500 4.500 60.191
v 32.500 4.533 60.250
v 32.500 -0.395 60.500
v 32.500 4.642 60.500
v 32.500 -0.395 60.750
v 32.500 4.725 60.750
v 32.500 -0.395 61.000
v 32.500 4.750 60.848
v 32.500 4.788 61.000
v 32.500 -0.394 61.250
v 32.500 4.832 61.250
v 32.500 -0.393 61.500
v 32.500 4.857 61.500
v 32.500 -0.394 61.750
v 32.500 4.863 61.750
v 32.500 -0.395 62.000
v 32.500 4.851 62.000
v 32.500 -0.396 62.250
v 32.500 4.825 62.250
v 32.500 -0.398 62.500
v 32.500 4.781 62.500
v 32.500 -0.400 62.750
v 32.500 4.719 62.750
v 32.500 4.750 62.627
v 32.500 -0.402 63.000
v 32.500 4.644 63.000
v 32.500 -0.405 63.250
v 32.500 4.564 63.250
v 32.500 -0.407 63.500
v 32.417 4.500 63.500
v 32.500 4.482 63.500
v 32.500 4.500 63.448
v 32.500 -0.409 63.750
v 32.500 4.403 63.750
v 32.500 -0.250 63.784
v 32.500 0.000 63.823
v 32.500 0.250 63.851
v 32.500 0.500 63.871
v 32.500 0.750 63.885
v 32.500 1.000 63.895
v 32.500 1.250 63.902
v 32.500 1.500 63.908
v 32.500 1.750 63.854
v 32.500 2.000 63.847
v 32.500 2.250 63.841
v 32.500 2.500 63.837
v 32.500 2.750 63.837
v 32.500 3.000 63.839
v 32.500 3.250 63.845
v 32.500 3.500 63.851
v 32.500 3.750 63.839
v 32.500 4.000 63.813
v 32.500 4.250 63.778
v 32.568 0.500 55.750
v 32.595 0.750 55.750
v 32.590 1.000 55.750
v 32.557 1.250 55.750
v 32.503 1.500 55.750
v 32.616 0.250 56.000
v 32.688 0.500 56.000
v 32.720 0.750 56.000
v 32.725 1.000 56.000
v 32.702 1.250 56.000
v 32.655 1.500 56.000
v 32.588 1.750 56.000
v 32.600 0.000 56.250
v 32.717 0.250 56.250
v 32.750 0.360 56.250
v 32.750 0.500 56.152
v 32.750 0.750 56.069
v 32.750 1.000 56.053
v 32.750 1.250 56.096
v 32.750 1.500 56.188
v 32.710 1.750 56.250
v 32.750 1.605 56.250
v 32.615 2.000 56.250
v 32.686 0.000 56.500
v 32.750 0.112 56.500
v 32.750 0.250 56.338
v 32.750 1.750 56.337
v 32.725 2.000 56.500
v 32.750 1.937 56.500
v 32.597 2.250 56.500
v 32.750 0.000 56.646
v 32.750 -0.058 56.750
v 32.750 2.000 56.556
v 32.709 2.250 56.750
v 32.750 2.177 56.750
v 32.528 2.500 56.750
v 32.750 -0.121 57.000
v 32.750 2.250 56.825
v 32.666 2.500 57.000
v 32.750 2.399 57.000
v 32.750 -0.115 57.250
v 32.750 2.500 57.125
v 32.572 2.750 57.250
v 32.750 2.591 57.250
v 32.750 -0.116 57.500
v 32.750 2.750 57.459
v 32.750 2.779 57.500
v 32.750 -0.125 57.750
v 32.665 3.000 57.750
v 32.750 2.948 57.750
v 32.750 -0.142 58.000
v 32.750 3.000 57.830
v 32.750 3.103 58.000
v 32.750 -0.169 58.250
v 32.745 3.250 58.250
v 32.750 3.248 58.250
v 32.750 -0.205 58.500
v 32.750 3.250 58.253
v 32.750 3.404 58.500
v 32.668 -0.250 58.750
v 32.750 -0.246 58.750
v 32.750 3.500 58.641
v 32.750 3.575 58.750
v 32.750 -0.250 58.770
v 32.750 -0.292 59.000
v 32.692 3.750 59.000
v 32.750 3.734 59.000
v 32.750 -0.344 59.250
v 32.750 3.750 59.026
v 32.750 3.877 59.250
v 32.750 -0.396 59.500
v 32.750 4.000 59.460
v 32.750 4.022 59.500
v 32.750 -0.399 59.750
v 32.750 4.184 59.750
v 32.750 -0.397 60.000
v 32.750 4.250 59.847
v 32.750 4.352 60.000
v 32.750 -0.397 60.250
v 32.750 4.500 60.245
v 32.750 4.503 60.250
v 32.750 -0.396 60.500
v 32.750 4.622 60.500
v 32.750 -0.396 60.750
v 32.750 4.713 60.750
v 32.750 -0.395 61.000
v 32.691 3.250 61.000
v 32.750 3.179 61.000
v 32.750 3.250 60.969
v 32.750 3.500 60.914
v 32.595 3.500 61.000
v 32.750 3.750 60.931
v 32.624 3.750 61.000
v 32.750 3.950 61.000
v 32.750 4.750 60.894
v 32.750 4.776 61.000
v 32.750 -0.394 61.250
v 32.750 3.250 61.026
v 32.750 3.500 61.073
v 32.750 3.750 61.057
v 32.750 4.815 61.250
v 32.750 -0.394 61.500
v 32.750 4.832 61.500
v 32.750 -0.394 61.750
v 32.750 4.831 61.750
v 32.750 -0.395 62.000
v 32.604 3.500 62.000
v 32.750 3.374 62.000
v 32.750 3.500 61.874
v 32.750 3.750 61.790
v 32.511 3.750 62.000
v 32.750 4.000 61.867
v 32.596 4.000 62.000
v 32.750 4.136 62.000
v 32.750 4.814 62.000
v 32.750 -0.397 62.250
v 32.750 3.500 62.075
v 32.750 3.750 62.135
v 32.750 4.000 62.079
v 32.750 4.783 62.250
v 32.750 -0.399 62.500
v 32.670 4.750 62.500
v 32.750 4.734 62.500
v 32.750 4.750 62.421
v 32.750 -0.402 62.750
v 32.750 4.668 62.750
v 32.750 -0.404 63.000
v 32.750 4.588 63.000
v 32.750 -0.406 63.250
v 32.750 4.502 63.250
v 32.750 -0.408 63.500
v 32.750 4.413 63.500
v 32.750 4.500 63.257
v 32.750 -0.410 63.750
v 32.750 4.333 63.750
v 32.750 -0.250 63.784
v 32.750 0.000 63.823
v 32.750 0.250 63.848
v 32.750 0.500 63.869
v 32.750 0.750 63.884
v 32.750 1.000 63.894
v 32.750 1.250 63.901
v 32.750 1.500 63.907
v 32.750 1.750 63.913
v 32.750 2.000 63.912
v 32.750 2.250 63.907
v 32.750 2.500 63.901
v 32.750 2.750 63.892
v 32.750 3.000 63.882
v 32.750 3.250 63.869
v 32.750 3.500 63.853
v 32.750 3.750 63.832
v 32.750 4.000 63.804
v 32.750 4.250 63.766
v 32.788 0.500 56.250
v 32.825 0.750 56.250
v 32.839 1.000 56.250
v 32.822 1.250 56.250
v 32.779 1.500 56.250
v 32.809 0.250 56.500
v 32.882 0.500 56.500
v 32.926 0.750 56.500
v 32.947 1.000 56.500
v 32.936 1.250 56.500
v 32.894 1.500 56.500
v 32.822 1.750 56.500
v 32.789 0.000 56.750
v 32.905 0.250 56.750
v 32.980 0.500 56.750
v 33.000 0.606 56.750
v 33.000 0.750 56.687
v 33.000 1.000 56.626
v 33.000 1.250 56.642
v 33.000 1.500 56.724
v 32.943 1.750 56.750
v 33.000 1.546 56.750
v 32.843 2.000 56.750
v 32.892 0.000 57.000
v 33.000 0.212 57.000
v 33.000 0.250 56.963
v 33.000 0.500 56.796
v 33.000 1.750 56.848
v 33.000 2.000 56.998
v 32.860 2.250 57.000
v 33.000 2.003 57.000
v 33.000 0.000 57.229
v 33.000 -0.013 57.250
v 33.000 2.250 57.186
v 32.843 2.500 57.250
v 33.000 2.319 57.250
v 33.000 -0.109 57.500
v 33.000 2.500 57.438
v 32.786 2.750 57.500
v 33.000 2.554 57.500
v 33.000 -0.120 57.750
v 33.000 2.750 57.739
v 33.000 2.758 57.750
v 33.000 -0.136 58.000
v 32.919 3.000 58.000
v 33.000 2.941 58.000
v 33.000 -0.159 58.250
v 33.000 3.000 58.084
v 33.000 3.115 58.250
v 33.000 -0.192 58.500
v 33.000 3.250 58.444
v 33.000 3.289 58.500
v 33.000 -0.230 58.750
v 32.935 3.500 58.750
v 33.000 3.471 58.750
v 33.000 -0.250 58.863
v 33.000 -0.274 59.000
v 33.000 3.500 58.792
v 33.000 3.632 59.000
v 33.000 -0.323 59.250
v 33.000 3.750 59.184
v 33.000 3.788 59.250
v 33.000 -0.385 59.500
v 32.830 4.000 59.500
v 33.000 3.949 59.500
v 33.000 -0.399 59.750
v 33.000 4.000 59.568
v 33.000 4.127 59.750
v 33.000 -0.398 60.000
v 33.000 4.250 59.923
v 33.000 4.303 60.000
v 33.000 -0.398 60.250
v 32.767 4.500 60.250
v 33.000 4.457 60.250
v 33.000 -0.397 60.500
v 33.000 4.500 60.332
v 33.000 4.585 60.500
v 33.000 -0.396 60.750
v 33.000 4.682 60.750
v 33.000 -0.395 61.000
v 32.770 3.250 61.000
v 32.808 3.500 61.000
v 32.795 3.750 61.000
v 32.969 4.750 61.000
v 33.000 4.746 61.000
v 33.000 -0.394 61.250
v 33.000 4.750 61.029
v 33.000 4.778 61.250
v 33.000 -0.394 61.500
v 33.000 4.787 61.500
v 33.000 -0.394 61.750
v 33.000 4.778 61.750
v 33.000 -0.395 62.000
v 32.821 3.500 62.000
v 32.878 3.750 62.000
v 32.825 4.000 62.000
v 33.000 4.755 62.000
v 33.000 -0.397 62.250
v 32.875 4.750 62.250
v 33.000 4.717 62.250
v 33.000 4.750 62.034
v 33.000 -0.400 62.500
v 33.000 4.662 62.500
v 33.000 -0.402 62.750
v 33.000 4.588 62.750
v 33.000 -0.405 63.000
v 33.000 4.503 63.000
v 33.000 -0.407 63.250
v 32.757 4.500 63.250
v 33.000 4.413 63.250
v 33.000 4.500 63.008
v 33.000 -0.409 63.500
v 33.000 4.326 63.500
v 33.000 -0.409 63.750
v 32.999 4.250 63.750
v 33.000 4.250 63.750
v 33.000 4.250 63.749
v 33.000 -0.250 63.784
v 33.000 0.000 63.818
v 33.000 0.250 63.845
v 33.000 0.500 63.866
v 33.000 0.750 63.882
v 33.000 1.000 63.892
v 33.000 1.250 63.899
v 33.000 1.500 63.906
v 33.000 1.750 63.908
v 33.000 2.000 63.906
v 33.000 2.250 63.902
v 33.000 2.500 63.895
v 33.000 2.750 63.887
v 33.000 3.000 63.876
v 33.000 3.250 63.862
v 33.000 3.500 63.845
v 33.000 3.750 63.822
v 33.000 4.000 63.792
v 33.028 0.750 56.750
v 33.058 1.000 56.750
v 33.054 1.250 56.750
v 33.014 1.500 56.750
v 33.019 0.250 57.000
v 33.099 0.500 57.000
v 33.146 0.750 57.000
v 33.182 1.000 57.000
v 33.189 1.250 57.000
v 33.163 1.500 57.000
v 33.101 1.750 57.000
v 33.001 2.000 57.000
v 33.011 0.000 57.250
v 33.152 0.250 57.250
v 33.237 0.500 57.250
v 33.250 0.568 57.250
v 33.250 0.750 57.193
v 33.250 1.000 57.123
v 33.250 1.250 57.104
v 33.250 1.500 57.136
v 33.250 1.750 57.211
v 33.191 2.000 57.250
v 33.250 1.836 57.250
v 33.051 2.250 57.250
v 33.146 0.000 57.500
v 33.250 0.162 57.500
v 33.250 0.250 57.417
v 33.250 0.500 57.272
v 33.250 2.000 57.333
v 33.242 2.250 57.500
v 33.250 2.237 57.500
v 33.050 2.500 57.500
v 33.250 0.000 57.691
v 33.250 -0.036 57.750
v 33.250 2.250 57.511
v 33.242 2.500 57.750
v 33.250 2.490 57.750
v 33.009 2.750 57.750
v 33.250 -0.116 58.000
v 33.250 2.500 57.761
v 33.202 2.750 58.000
v 33.250 2.697 58.000
v 33.250 -0.148 58.250
v 33.250 2.750 58.063
v 33.151 3.000 58.250
v 33.250 2.909 58.250
v 33.250 -0.178 58.500
v 33.250 3.000 58.357
v 33.065 3.250 58.500
v 33.250 3.120 58.500
v 33.250 -0.213 58.750
v 33.250 3.250 58.654
v 33.250 3.325 58.750
v 33.250 -0.250 58.981
v 33.250 -0.253 59.000
v 33.250 3.500 58.993
v 33.250 3.505 59.000
v 33.250 -0.300 59.250
v 33.090 3.750 59.250
v 33.250 3.674 59.250
v 33.250 -0.358 59.500
v 33.250 3.750 59.345
v 33.250 3.863 59.500
v 33.250 -0.399 59.750
v 33.250 4.000 59.666
v 33.250 4.063 59.750
v 33.250 -0.399 60.000
v 33.230 4.250 60.000
v 33.250 4.245 60.000
v 33.250 -0.399 60.250
v 33.250 4.250 60.007
v 33.250 4.401 60.250
v 33.250 -0.398 60.500
v 33.250 4.500 60.437
v 33.250 4.532 60.500
v 33.250 -0.397 60.750
v 33.250 4.632 60.750
v 33.250 -0.395 61.000
v 33.250 4.694 61.000
v 33.250 -0.394 61.250
v 33.127 4.750 61.250
v 33.250 4.721 61.250
v 33.250 -0.394 61.500
v 33.144 4.750 61.500
v 33.250 4.722 61.500
v 33.250 -0.394 61.750
v 33.099 4.750 61.750
v 33.250 4.706 61.750
v 33.250 -0.396 62.000
v 33.016 4.750 62.000
v 33.250 4.675 62.000
v 33.250 -0.398 62.250
v 33.250 4.629 62.250
v 33.250 -0.400 62.500
v 33.250 4.565 62.500
v 33.250 -0.402 62.750
v 33.209 4.500 62.750
v 33.250 4.483 62.750
v 33.250 4.500 62.698
v 33.250 -0.405 63.000
v 33.007 4.500 63.000
v 33.250 4.390 63.000
v 33.250 -0.407 63.250
v 33.250 4.296 63.250
v 33.250 -0.409 63.500
v 33.168 4.250 63.500
v 33.250 4.213 63.500
v 33.250 4.250 63.387
v 33.250 -0.385 63.750
v 33.250 4.142 63.750
v 33.250 -0.250 63.776
v 33.250 0.000 63.813
v 33.250 0.250 63.841
v 33.250 0.500 63.863
v 33.250 0.750 63.879
v 33.250 1.000 63.890
v 33.250 1.250 63.897
v 33.250 1.500 63.899
v 33.250 1.750 63.899
v 33.250 2.000 63.898
v 33.250 2.250 63.893
v 33.250 2.500 63.887
v 33.250 2.750 63.878
v 33.250 3.000 63.866
v 33.250 3.250 63.852
v 33.250 3.500 63.834
v 33.250 3.750 63.810
v 33.250 4.000 63.776
v 33.285 0.750 57.250
v 33.330 1.000 57.250
v 33.347 1.250 57.250
v 33.330 1.500 57.250
v 33.279 1.750 57.250
v 33.301 0.250 57.500
v 33.396 0.500 57.500
v 33.453 0.750 57.500
v 33.500 0.991 57.500
v 33.500 1.000 57.497
v 33.500 1.250 57.473
v 33.500 1.500 57.496
v 33.451 1.750 57.500
v 33.500 1.513 57.500
v 33.367 2.000 57.500
v 33.283 0.000 57.750
v 33.457 0.250 57.750
v 33.500 0.341 57.750
v 33.500 0.500 57.651
v 33.500 0.750 57.565
v 33.500 1.750 57.569
v 33.500 2.000 57.692
v 33.414 2.250 57.750
v 33.500 2.085 57.750
v 33.404 0.000 58.000
v 33.500 0.123 58.000
v 33.500 0.250 57.834
v 33.500 2.250 57.882
v 33.407 2.500 58.000
v 33.500 2.370 58.000
v 33.500 0.000 58.211
v 33.500 -0.018 58.250
v 33.500 2.500 58.127
v 33.395 2.750 58.250
v 33.500 2.626 58.250
v 33.500 -0.110 58.500
v 33.500 2.750 58.369
v 33.389 3.000 58.500
v 33.500 2.892 58.500
v 33.500 -0.180 58.750
v 33.500 3.000 58.601
v 33.360 3.250 58.750
v 33.500 3.144 58.750
v 33.286 -0.250 59.000
v 33.500 -0.229 59.000
v 33.500 3.250 58.869
v 33.258 3.500 59.000
v 33.500 3.352 59.000
v 33.500 -0.250 59.106
v 33.500 -0.275 59.250
v 33.500 3.500 59.188
v 33.500 3.545 59.250
v 33.500 -0.329 59.500
v 33.500 3.750 59.485
v 33.500 3.762 59.500
v 33.500 -0.391 59.750
v 33.455 4.000 59.750
v 33.500 3.984 59.750
v 33.500 -0.399 60.000
v 33.500 4.000 59.768
v 33.500 4.173 60.000
v 33.500 -0.399 60.250
v 33.500 4.250 60.120
v 33.500 4.329 60.250
v 33.500 -0.398 60.500
v 33.363 4.500 60.500
v 33.500 4.458 60.500
v 33.500 -0.397 60.750
v 33.500 4.500 60.604
v 33.500 4.557 60.750
v 33.500 -0.396 61.000
v 33.500 4.615 61.000
v 33.500 -0.395 61.250
v 33.500 4.637 61.250
v 33.500 -0.395 61.500
v 33.500 4.631 61.500
v 33.500 -0.395 61.750
v 33.500 4.609 61.750
v 33.500 -0.396 62.000
v 33.500 4.572 62.000
v 33.500 -0.398 62.250
v 33.500 4.520 62.250
v 33.500 -0.400 62.500
v 33.391 4.500 62.500
v 33.500 4.450 62.500
v 33.500 4.500 62.323
v 33.500 -0.402 62.750
v 33.500 4.358 62.750
v 33.500 -0.404 63.000
v 33.500 4.256 63.000
v 33.500 -0.406 63.250
v 33.333 4.250 63.250
v 33.500 4.159 63.250
v 33.500 4.250 63.015
v 33.500 -0.390 63.500
v 33.500 4.074 63.500
v 33.500 -0.332 63.750
v 33.499 4.000 63.750
v 33.500 3.999 63.750
v 33.500 4.000 63.747
v 33.500 -0.250 63.767
v 33.500 0.000 63.806
v 33.500 0.250 63.836
v 33.500 0.500 63.859
v 33.500 0.750 63.876
v 33.500 1.000 63.882
v 33.500 1.250 63.886
v 33.500 1.500 63.888
v 33.500 1.750 63.888
v 33.500 2.000 63.886
v 33.500 2.250 63.882
v 33.500 2.500 63.874
v 33.500 2.750 63.865
v 33.500 3.000 63.852
v 33.500 3.250 63.837
v 33.500 3.500 63.817
v 33.500 3.750 63.790
v 33.502 1.000 57.500
v 33.520 1.250 57.500
v 33.503 1.500 57.500
v 33.570 0.500 57.750
v 33.639 0.750 57.750
v 33.688 1.000 57.750
v 33.705 1.250 57.750
v 33.686 1.500 57.750
v 33.631 1.750 57.750
v 33.542 2.000 57.750
v 33.589 0.250 58.000
v 33.718 0.500 58.000
v 33.750 0.587 58.000
v 33.750 0.750 57.919
v 33.750 1.000 57.840
v 33.750 1.250 57.813
v 33.750 1.500 57.840
v 33.750 1.750 57.915
v 33.721 2.000 58.000
v 33.750 1.927 58.000
v 33.583 2.250 58.000
v 33.518 0.000 58.250
v 33.713 0.250 58.250
v 33.750 0.313 58.250
v 33.750 0.500 58.062
v 33.750 2.000 58.039
v 33.750 2.250 58.215
v 33.599 2.500 58.250
v 33.750 2.293 58.250
v 33.626 0.000 58.500
v 33.750 0.143 58.500
v 33.750 0.250 58.329
v 33.750 2.500 58.411
v 33.633 2.750 58.500
v 33.750 2.617 58.500
v 33.734 0.000 58.750
v 33.750 0.017 58.750
v 33.750 2.750 58.605
v 33.675 3.000 58.750
v 33.750 2.929 58.750
v 33.750 0.000 58.790
v 33.750 -0.068 59.000
v 33.750 3.000 58.814
v 33.654 3.250 59.000
v 33.750 3.178 59.000
v 33.563 -0.250 59.250
v 33.750 -0.152 59.250
v 33.750 3.250 59.080
v 33.577 3.500 59.250
v 33.750 3.389 59.250
v 33.750 -0.250 59.472
v 33.750 -0.261 59.500
v 33.750 3.500 59.369
v 33.523 3.750 59.500
v 33.750 3.618 59.500
v 33.750 -0.359 59.750
v 33.750 3.750 59.628
v 33.750 3.865 59.750
v 33.750 -0.398 60.000
v 33.750 4.000 59.906
v 33.750 4.070 60.000
v 33.750 -0.398 60.250
v 33.701 4.250 60.250
v 33.750 4.229 60.250
v 33.750 -0.398 60.500
v 33.750 4.250 60.292
v 33.750 4.352 60.500
v 33.750 -0.397 60.750
v 33.635 4.500 60.750
v 33.750 4.445 60.750
v 33.750 -0.396 61.000
v 33.750 4.500 60.992
v 33.750 4.502 61.000
v 33.750 -0.395 61.250
v 33.750 4.521 61.250
v 33.750 -0.395 61.500
v 33.750 4.512 61.500
v 33.750 -0.396 61.750
v 33.725 4.500 61.750
v 33.750 4.488 61.750
v 33.750 4.500 61.624
v 33.750 -0.397 62.000
v 33.649 4.500 62.000
v 33.750 4.450 62.000
v 33.750 -0.399 62.250
v 33.540 4.500 62.250
v 33.750 4.393 62.250
v 33.750 -0.400 62.500
v 33.750 4.313 62.500
v 33.750 -0.402 62.750
v 33.687 4.250 62.750
v 33.750 4.212 62.750
v 33.750 4.250 62.659
v 33.750 -0.404 63.000
v 33.510 4.250 63.000
v 33.750 4.105 63.000
v 33.750 -0.385 63.250
v 33.750 4.004 63.250
v 33.750 -0.330 63.500
v 33.612 4.000 63.500
v 33.750 3.904 63.500
v 33.750 4.000 63.261
v 33.750 -0.273 63.750
v 33.750 3.804 63.750
v 33.750 -0.250 63.755
v 33.750 0.000 63.798
v 33.750 0.250 63.826
v 33.750 0.500 63.846
v 33.750 0.750 63.860
v 33.750 1.000 63.867
v 33.750 1.250 63.871
v 33.750 1.500 63.873
v 33.750 1.750 63.873
v 33.750 2.000 63.871
v 33.750 2.250 63.866
v 33.750 2.500 63.857
v 33.750 2.750 63.846
v 33.750 3.000 63.832
v 33.750 3.250 63.815
v 33.750 3.500 63.792
v 33.750 3.750 63.760
v 33.807 0.750 58.000
v 33.863 1.000 58.000
v 33.882 1.250 58.000
v 33.865 1.500 58.000
v 33.815 1.750 58.000
v 33.853 0.500 58.250
v 33.951 0.750 58.250
v 34.000 0.936 58.250
v 34.000 1.000 58.225
v 34.000 1.250 58.185
v 34.000 1.500 58.198
v 33.999 1.750 58.250
v 34.000 1.744 58.250
v 33.918 2.000 58.250
v 33.781 2.250 58.250
v 33.834 0.250 58.500
v 33.982 0.500 58.500
v 34.000 0.540 58.500
v 34.000 0.750 58.343
v 34.000 1.750 58.251
v 34.000 2.000 58.348
v 34.000 2.250 58.481
v 33.844 2.500 58.500
v 34.000 2.280 58.500
v 33.949 0.250 58.750
v 34.000 0.328 58.750
v 34.000 0.500 58.537
v 34.000 2.500 58.652
v 33.911 2.750 58.750
v 34.000 2.637 58.750
v 33.832 0.000 59.000
v 34.000 0.183 59.000
v 34.000 0.250 58.870
v 34.000 2.750 58.839
v 33.945 3.000 59.000
v 34.000 2.939 59.000
v 33.942 0.000 59.250
v 34.000 0.060 59.250
v 34.000 3.000 59.054
v 33.931 3.250 59.250
v 34.000 3.190 59.250
v 33.766 -0.250 59.500
v 34.000 -0.069 59.500
v 34.000 0.000 59.350
v 34.000 3.250 59.310
v 33.907 3.500 59.500
v 34.000 3.424 59.500
v 33.948 -0.250 59.750
v 34.000 -0.212 59.750
v 34.000 3.500 59.572
v 33.913 3.750 59.750
v 34.000 3.680 59.750
v 34.000 -0.250 59.817
v 34.000 -0.346 60.000
v 34.000 3.750 59.821
v 33.870 4.000 60.000
v 34.000 3.909 60.000
v 34.000 -0.391 60.250
v 34.000 4.000 60.126
v 34.000 4.080 60.250
v 34.000 -0.396 60.500
v 33.927 4.250 60.500
v 34.000 4.202 60.500
v 34.000 -0.395 60.750
v 34.000 4.250 60.637
v 34.000 4.287 60.750
v 34.000 -0.394 61.000
v 33.753 4.500 61.000
v 34.000 4.339 61.000
v 34.000 -0.393 61.250
v 33.787 4.500 61.250
v 34.000 4.367 61.250
v 34.000 -0.394 61.500
v 33.773 4.500 61.500
v 34.000 4.369 61.500
v 34.000 -0.395 61.750
v 34.000 4.352 61.750
v 34.000 -0.390 62.000
v 34.000 4.313 62.000
v 34.000 -0.383 62.250
v 33.993 4.250 62.250
v 34.000 4.246 62.250
v 34.000 4.250 62.235
v 34.000 -0.371 62.500
v 33.852 4.250 62.500
v 34.000 4.148 62.500
v 34.000 -0.353 62.750
v 34.000 4.035 62.750
v 34.000 -0.317 63.000
v 33.898 4.000 63.000
v 34.000 3.923 63.000
v 34.000 4.000 62.828
v 34.000 -0.268 63.250
v 33.756 4.000 63.250
v 34.000 3.815 63.250
v 34.000 -0.250 63.309
v 33.907 -0.250 63.500
v 34.000 -0.189 63.500
v 33.932 3.750 63.500
v 34.000 3.685 63.500
v 34.000 3.750 63.381
v 33.791 -0.250 63.750
v 34.000 -0.098 63.750
v 33.807 3.750 63.750
v 34.000 3.531 63.750
v 34.000 0.000 63.765
v 34.000 0.250 63.798
v 34.000 0.500 63.822
v 34.000 0.750 63.839
v 34.000 1.000 63.847
v 34.000 1.250 63.851
v 34.000 1.500 63.854
v 34.000 1.750 63.853
v 34.000 2.000 63.851
v 34.000 2.250 63.845
v 34.000 2.500 63.835
v 34.000 2.750 63.822
v 34.000 3.000 63.805
v 34.000 3.250 63.784
v 34.000 3.500 63.755
v 34.015 1.000 58.250
v 34.041 1.250 58.250
v 34.035 1.500 58.250
v 34.082 0.750 58.500
v 34.156 1.000 58.500
v 34.196 1.250 58.500
v 34.206 1.500 58.500
v 34.187 1.750 58.500
v 34.128 2.000 58.500
v 34.018 2.250 58.500
v 34.099 0.500 58.750
v 34.209 0.750 58.750
v 34.250 0.862 58.750
v 34.250 1.000 58.668
v 34.250 1.250 58.589
v 34.250 1.500 58.566
v 34.250 1.750 58.587
v 34.250 2.000 58.652
v 34.236 2.250 58.750
v 34.250 2.215 58.750
v 34.092 2.500 58.750
v 34.055 0.250 59.000
v 34.219 0.500 59.000
v 34.250 0.560 59.000
v 34.250 0.750 58.829
v 34.250 2.250 58.769
v 34.250 2.500 58.942
v 34.142 2.750 59.000
v 34.250 2.578 59.000
v 34.173 0.250 59.250
v 34.250 0.353 59.250
v 34.250 0.500 59.061
v 34.250 2.750 59.123
v 34.181 3.000 59.250
v 34.250 2.910 59.250
v 34.085 0.000 59.500
v 34.250 0.178 59.500
v 34.250 0.250 59.386
v 34.250 3.000 59.321
v 34.186 3.250 59.500
v 34.250 3.183 59.500
v 34.248 0.000 59.750
v 34.250 0.002 59.750
v 34.250 3.250 59.563
v 34.183 3.500 59.750
v 34.250 3.431 59.750
v 34.118 -0.250 60.000
v 34.250 -0.129 60.000
v 34.250 0.000 59.754
v 34.250 3.500 59.820
v 34.174 3.750 60.000
v 34.250 3.671 60.000
v 34.231 -0.250 60.250
v 34.250 -0.233 60.250
v 34.250 3.750 60.098
v 34.102 4.000 60.250
v 34.250 3.863 60.250
v 34.250 -0.250 60.313
v 34.250 -0.290 60.500
v 34.239 4.000 60.500
v 34.250 3.989 60.500
v 34.250 -0.298 60.750
v 34.250 4.000 60.533
v 34.048 4.250 60.750
v 34.250 4.068 60.750
v 34.250 -0.296 61.000
v 34.110 4.250 61.000
v 34.250 4.121 61.000
v 34.250 -0.300 61.250
v 34.152 4.250 61.250
v 34.250 4.163 61.250
v 34.250 -0.303 61.500
v 34.171 4.250 61.500
v 34.250 4.187 61.500
v 34.250 -0.303 61.750
v 34.158 4.250 61.750
v 34.250 4.183 61.750
v 34.250 -0.294 62.000
v 34.100 4.250 62.000
v 34.250 4.143 62.000
v 34.250 -0.250 62.217
v 34.238 -0.250 62.250
v 34.250 -0.242 62.250
v 34.250 4.062 62.250
v 34.166 -0.250 62.500
v 34.250 -0.170 62.500
v 34.190 4.000 62.500
v 34.250 3.947 62.500
v 34.250 4.000 62.391
v 34.115 -0.250 62.750
v 34.250 -0.111 62.750
v 34.044 4.000 62.750
v 34.250 3.821 62.750
v 34.071 -0.250 63.000
v 34.250 -0.059 63.000
v 34.196 3.750 63.000
v 34.250 3.697 63.000
v 34.250 3.750 62.894
v 34.018 -0.250 63.250
v 34.250 0.000 63.229
v 34.245 0.000 63.250
v 34.250 0.005 63.250
v 34.071 3.750 63.250
v 34.250 3.566 63.250
v 34.168 0.000 63.500
v 34.250 0.095 63.500
v 34.165 3.500 63.500
v 34.250 3.392 63.500
v 34.250 3.500 63.352
v 34.085 0.000 63.750
v 34.250 0.192 63.750
v 34.205 3.250 63.750
v 34.250 3.183 63.750
v 34.250 3.250 63.678
v 34.025 3.500 63.750
v 34.250 0.250 63.759
v 34.250 0.500 63.791
v 34.250 0.750 63.811
v 34.250 1.000 63.820
v 34.250 1.250 63.826
v 34.250 1.500 63.828
v 34.250 1.750 63.828
v 34.250 2.000 63.824
v 34.250 2.250 63.818
v 34.250 2.500 63.807
v 34.250 2.750 63.792
v 34.250 3.000 63.771
v 34.297 1.000 58.750
v 34.353 1.250 58.750
v 34.379 1.500 58.750
v 34.372 1.750 58.750
v 34.326 2.000 58.750
v 34.337 0.750 59.000
v 34.437 1.000 59.000
v 34.500 1.233 59.000
v 34.500 1.250 58.993
v 34.500 1.500 58.945
v 34.500 1.750 58.952
v 34.489 2.000 59.000
v 34.500 1.937 59.000
v 34.408 2.250 59.000
v 34.293 2.500 59.000
v 34.345 0.500 59.250
v 34.476 0.750 59.250
v 34.500 0.805 59.250
v 34.500 1.000 59.109
v 34.500 2.000 59.018
v 34.500 2.250 59.138
v 34.481 2.500 59.250
v 34.500 2.451 59.250
v 34.355 2.750 59.250
v 34.310 0.250 59.500
v 34.480 0.500 59.500
v 34.500 0.535 59.500
v 34.500 0.750 59.294
v 34.500 2.500 59.274
v 34.500 2.750 59.418
v 34.409 3.000 59.500
v 34.500 2.864 59.500
v 34.449 0.250 59.750
v 34.500 0.330 59.750
v 34.500 0.500 59.538
v 34.500 3.000 59.603
v 34.417 3.250 59.750
v 34.500 3.150 59.750
v 34.377 0.000 60.000
v 34.500 0.168 60.000
v 34.500 0.250 59.861
v 34.500 3.250 59.855
v 34.400 3.500 60.000
v 34.500 3.379 60.000
v 34.461 0.000 60.250
v 34.500 0.058 60.250
v 34.500 3.500 60.161
v 34.353 3.750 60.250
v 34.500 3.566 60.250
v 34.294 -0.250 60.500
v 34.500 -0.006 60.500
v 34.500 0.000 60.470
v 34.457 3.750 60.500
v 34.500 3.694 60.500
v 34.306 -0.250 60.750
v 34.500 -0.033 60.750
v 34.500 3.750 60.676
v 34.314 4.000 60.750
v 34.500 3.772 60.750
v 34.308 -0.250 61.000
v 34.500 -0.048 61.000
v 34.360 4.000 61.000
v 34.500 3.824 61.000
v 34.315 -0.250 61.250
v 34.500 -0.065 61.250
v 34.402 4.000 61.250
v 34.500 3.876 61.250
v 34.322 -0.250 61.500
v 34.500 -0.078 61.500
v 34.435 4.000 61.500
v 34.500 3.922 61.500
v 34.319 -0.250 61.750
v 34.500 -0.071 61.750
v 34.443 4.000 61.750
v 34.500 3.935 61.750
v 34.303 -0.250 62.000
v 34.500 -0.034 62.000
v 34.411 4.000 62.000
v 34.500 3.904 62.000
v 34.500 0.000 62.131
v 34.473 0.000 62.250
v 34.500 0.035 62.250
v 34.323 4.000 62.250
v 34.500 3.823 62.250
v 34.406 0.000 62.500
v 34.500 0.119 62.500
v 34.455 3.750 62.500
v 34.500 3.700 62.500
v 34.500 3.750 62.403
v 34.349 0.000 62.750
v 34.500 0.193 62.750
v 34.323 3.750 62.750
v 34.500 3.554 62.750
v 34.299 0.000 63.000
v 34.500 0.250 62.956
v 34.491 0.250 63.000
v 34.500 0.264 63.000
v 34.424 3.500 63.000
v 34.500 3.397 63.000
v 34.500 3.500 62.838
v 34.439 0.250 63.250
v 34.500 0.344 63.250
v 34.489 3.250 63.250
v 34.500 3.231 63.250
v 34.500 3.250 63.224
v 34.306 3.500 63.250
v 34.372 0.250 63.500
v 34.500 0.439 63.500
v 34.354 3.250 63.500
v 34.500 3.021 63.500
v 34.296 0.250 63.750
v 34.500 0.500 63.653
v 34.475 0.500 63.750
v 34.500 0.549 63.750
v 34.371 3.000 63.750
v 34.500 2.764 63.750
v 34.500 3.000 63.524
v 34.500 0.750 63.771
v 34.500 1.000 63.783
v 34.500 1.250 63.789
v 34.500 1.500 63.792
v 34.500 1.750 63.792
v 34.500 2.000 63.788
v 34.500 2.250 63.781
v 34.500 2.500 63.770
v 34.500 2.750 63.751
v 34.504 1.250 59.000
v 34.533 1.500 59.000
v 34.529 1.750 59.000
v 34.577 1.000 59.250
v 34.642 1.250 59.250
v 34.671 1.500 59.250
v 34.669 1.750 59.250
v 34.634 2.000 59.250
v 34.571 2.250 59.250
v 34.604 0.750 59.500
v 34.705 1.000 59.500
v 34.750 1.165 59.500
v 34.750 1.250 59.456
v 34.750 1.500 59.394
v 34.750 1.750 59.391
v 34.750 2.000 59.435
v 34.743 2.250 59.500
v 34.750 2.216 59.500
v 34.670 2.500 59.500
v 34.566 2.750 59.500
v 34.595 0.500 59.750
v 34.710 0.750 59.750
v 34.750 0.847 59.750
v 34.750 1.000 59.602
v 34.750 2.250 59.510
v 34.750 2.500 59.613
v 34.749 2.750 59.750
v 34.750 2.748 59.750
v 34.612 3.000 59.750
v 34.554 0.250 60.000
v 34.682 0.500 60.000
v 34.750 0.664 60.000
v 34.750 0.750 59.880
v 34.750 2.750 59.751
v 34.750 3.000 59.973
v 34.600 3.250 60.000
v 34.750 3.024 60.000
v 34.620 0.250 60.250
v 34.734 0.500 60.250
v 34.750 0.542 60.250
v 34.722 3.250 60.250
v 34.750 3.203 60.250
v 34.550 3.500 60.250
v 34.505 0.000 60.500
v 34.652 0.250 60.500
v 34.750 0.484 60.500
v 34.750 0.500 60.423
v 34.750 3.250 60.350
v 34.637 3.500 60.500
v 34.750 3.316 60.500
v 34.525 0.000 60.750
v 34.665 0.250 60.750
v 34.750 0.464 60.750
v 34.685 3.500 60.750
v 34.750 3.386 60.750
v 34.517 3.750 60.750
v 34.536 0.000 61.000
v 34.674 0.250 61.000
v 34.750 0.442 61.000
v 34.720 3.500 61.000
v 34.750 3.446 61.000
v 34.555 3.750 61.000
v 34.548 0.000 61.250
v 34.688 0.250 61.250
v 34.750 0.403 61.250
v 34.750 3.500 61.220
v 34.592 3.750 61.250
v 34.750 3.506 61.250
v 34.558 0.000 61.500
v 34.703 0.250 61.500
v 34.750 0.358 61.500
v 34.625 3.750 61.500
v 34.750 3.560 61.500
v 34.555 0.000 61.750
v 34.707 0.250 61.750
v 34.750 0.342 61.750
v 34.639 3.750 61.750
v 34.750 3.587 61.750
v 34.527 0.000 62.000
v 34.692 0.250 62.000
v 34.750 0.368 62.000
v 34.625 3.750 62.000
v 34.750 3.577 62.000
v 34.651 0.250 62.250
v 34.750 0.440 62.250
v 34.565 3.750 62.250
v 34.750 3.509 62.250
v 34.596 0.250 62.500
v 34.750 0.500 62.407
v 34.732 0.500 62.500
v 34.750 0.541 62.500
v 34.663 3.500 62.500
v 34.750 3.369 62.500
v 34.750 3.500 62.269
v 34.541 0.250 62.750
v 34.684 0.500 62.750
v 34.750 0.652 62.750
v 34.710 3.250 62.750
v 34.750 3.173 62.750
v 34.750 3.250 62.659
v 34.544 3.500 62.750
v 34.638 0.500 63.000
v 34.750 0.750 62.967
v 34.744 0.750 63.000
v 34.750 0.767 63.000
v 34.729 3.000 63.000
v 34.750 2.949 63.000
v 34.750 3.000 62.948
v 34.598 3.250 63.000
v 34.593 0.500 63.250
v 34.700 0.750 63.250
v 34.750 0.924 63.250
v 34.733 2.750 63.250
v 34.750 2.695 63.250
v 34.750 2.750 63.206
v 34.629 3.000 63.250
v 34.538 0.500 63.500
v 34.650 0.750 63.500
v 34.750 1.000 63.340
v 34.713 1.000 63.500
v 34.750 1.230 63.500
v 34.707 2.500 63.500
v 34.750 2.284 63.500
v 34.750 2.500 63.395
v 34.627 2.750 63.500
v 34.512 3.000 63.500
v 34.595 0.750 63.750
v 34.654 1.000 63.750
v 34.750 1.250 63.512
v 34.685 1.250 63.750
v 34.750 1.500 63.593
v 34.701 1.500 63.750
v 34.750 1.750 63.615
v 34.703 1.750 63.750
v 34.750 2.000 63.588
v 34.689 2.000 63.750
v 34.750 2.250 63.517
v 34.655 2.250 63.750
v 34.597 2.500 63.750
v 34.507 2.750 63.750
v 34.772 1.250 59.500
v 34.805 1.500 59.500
v 34.812 1.750 59.500
v 34.790 2.000 59.500
v 34.809 1.000 59.750
v 34.882 1.250 59.750
v 34.927 1.500 59.750
v 34.943 1.750 59.750
v 34.931 2.000 59.750
v 34.894 2.250 59.750
v 34.835 2.500 59.750
v 34.783 0.750 60.000
v 34.885 1.000 60.000
v 34.968 1.250 60.000
v 35.000 1.402 60.000
v 35.000 1.500 59.943
v 35.000 1.750 59.895
v 35.000 2.000 59.922
v 34.998 2.250 60.000
v 35.000 2.235 60.000
v 34.950 2.500 60.000
v 34.876 2.750 60.000
v 34.764 3.000 60.000
v 34.827 0.750 60.250
v 34.931 1.000 60.250
v 35.000 1.196 60.250
v 35.000 1.250 60.153
v 35.000 2.250 60.007
v 35.000 2.500 60.172
v 34.959 2.750 60.250
v 35.000 2.588 60.250
v 34.861 3.000 60.250
v 34.757 0.500 60.500
v 34.845 0.750 60.500
v 34.946 1.000 60.500
v 35.000 1.158 60.500
v 35.000 2.750 60.488
v 34.914 3.000 60.500
v 35.000 2.756 60.500
v 34.790 3.250 60.500
v 34.764 0.500 60.750
v 34.849 0.750 60.750
v 34.944 1.000 60.750
v 35.000 1.178 60.750
v 34.942 3.000 60.750
v 35.000 2.829 60.750
v 34.828 3.250 60.750
v 34.773 0.500 61.000
v 34.857 0.750 61.000
v 34.944 1.000 61.000
v 35.000 1.192 61.000
v 34.972 3.000 61.000
v 35.000 2.919 61.000
v 34.861 3.250 61.000
v 34.790 0.500 61.250
v 34.874 0.750 61.250
v 34.955 1.000 61.250
v 35.000 1.167 61.250
v 35.000 3.000 61.166
v 34.900 3.250 61.250
v 35.000 3.031 61.250
v 34.754 3.500 61.250
v 34.812 0.500 61.500
v 34.898 0.750 61.500
v 34.976 1.000 61.500
v 35.000 1.092 61.500
v 34.939 3.250 61.500
v 35.000 3.127 61.500
v 34.790 3.500 61.500
v 34.822 0.500 61.750
v 34.912 0.750 61.750
v 34.993 1.000 61.750
v 35.000 1.025 61.750
v 34.962 3.250 61.750
v 35.000 3.176 61.750
v 34.808 3.500 61.750
v 34.813 0.500 62.000
v 34.910 0.750 62.000
v 35.000 1.000 62.000
v 35.000 1.000 62.000
v 34.958 3.250 62.000
v 35.000 3.169 62.000
v 34.803 3.500 62.000
v 34.780 0.500 62.250
v 34.883 0.750 62.250
v 34.986 1.000 62.250
v 35.000 1.039 62.250
v 34.913 3.250 62.250
v 35.000 3.079 62.250
v 34.757 3.500 62.250
v 34.840 0.750 62.500
v 34.948 1.000 62.500
v 35.000 1.140 62.500
v 34.947 3.000 62.500
v 35.000 2.866 62.500
v 35.000 3.000 62.358
v 34.823 3.250 62.500
v 34.792 0.750 62.750
v 34.893 1.000 62.750
v 35.000 1.250 62.654
v 34.976 1.250 62.750
v 35.000 1.352 62.750
v 34.935 2.750 62.750
v 35.000 2.526 62.750
v 35.000 2.750 62.598
v 34.836 3.000 62.750
v 34.831 1.000 63.000
v 34.900 1.250 63.000
v 35.000 1.500 62.843
v 34.946 1.500 63.000
v 35.000 1.750 62.920
v 34.971 1.750 63.000
v 35.000 2.000 62.930
v 34.973 2.000 63.000
v 35.000 2.250 62.877
v 34.951 2.250 63.000
v 35.000 2.500 62.767
v 34.903 2.500 63.000
v 34.829 2.750 63.000
v 34.771 1.000 63.250
v 34.825 1.250 63.250
v 34.860 1.500 63.250
v 34.878 1.750 63.250
v 34.877 2.000 63.250
v 34.854 2.250 63.250
v 34.807 2.500 63.250
v 34.753 1.250 63.500
v 34.778 1.500 63.500
v 34.789 1.750 63.500
v 34.783 2.000 63.500
v 34.756 2.250 63.500
v 35.019 1.500 60.000
v 35.037 1.750 60.000
v 35.027 2.000 60.000
v 35.019 1.250 60.250
v 35.071 1.500 60.250
v 35.090 1.750 60.250
v 35.082 2.000 60.250
v 35.059 2.250 60.250
v 35.021 2.500 60.250
v 35.031 1.250 60.500
v 35.086 1.500 60.500
v 35.110 1.750 60.500
v 35.110 2.000 60.500
v 35.093 2.250 60.500
v 35.059 2.500 60.500
v 35.002 2.750 60.500
v 35.023 1.250 60.750
v 35.079 1.500 60.750
v 35.113 1.750 60.750
v 35.125 2.000 60.750
v 35.116 2.250 60.750
v 35.084 2.500 60.750
v 35.026 2.750 60.750
v 35.017 1.250 61.000
v 35.075 1.500 61.000
v 35.119 1.750 61.000
v 35.144 2.000 61.000
v 35.144 2.250 61.000
v 35.115 2.500 61.000
v 35.057 2.750 61.000
v 35.023 1.250 61.250
v 35.083 1.500 61.250
v 35.136 1.750 61.250
v 35.173 2.000 61.250
v 35.183 2.250 61.250
v 35.159 2.500 61.250
v 35.102 2.750 61.250
v 35.014 3.000 61.250
v 35.043 1.250 61.500
v 35.105 1.500 61.500
v 35.163 1.750 61.500
v 35.206 2.000 61.500
v 35.222 2.250 61.500
v 35.202 2.500 61.500
v 35.149 2.750 61.500
v 35.061 3.000 61.500
v 35.064 1.250 61.750
v 35.128 1.500 61.750
v 35.187 1.750 61.750
v 35.230 2.000 61.750
v 35.246 2.250 61.750
v 35.228 2.500 61.750
v 35.176 2.750 61.750
v 35.087 3.000 61.750
v 35.078 1.250 62.000
v 35.144 1.500 62.000
v 35.198 1.750 62.000
v 35.233 2.000 62.000
v 35.243 2.250 62.000
v 35.223 2.500 62.000
v 35.170 2.750 62.000
v 35.082 3.000 62.000
v 35.072 1.250 62.250
v 35.138 1.500 62.250
v 35.184 1.750 62.250
v 35.209 2.000 62.250
v 35.210 2.250 62.250
v 35.183 2.500 62.250
v 35.126 2.750 62.250
v 35.037 3.000 62.250
v 35.038 1.250 62.500
v 35.100 1.500 62.500
v 35.137 1.750 62.500
v 35.151 2.000 62.500
v 35.142 2.250 62.500
v 35.106 2.500 62.500
v 35.042 2.750 62.500
v 35.032 1.500 62.750
v 35.062 1.750 62.750
v 35.069 2.000 62.750
v 35.051 2.250 62.750
v 35.007 2.500 62.750
vn -0.771 0.340 0.538
vn -0.775 0.322 0.544
vn -0.794 0.148 0.590
vn -0.792 0.037 0.609
vn -0.792 -0.053 0.609
vn -0.785 -0.168 0.596
vn -0.763 -0.290 0.577
vn -0.762 -0.296 0.576
vn -0.723 0.499 0.478
vn -0.698 0.549 0.460
vn -0.727 -0.403 0.556
vn -0.703 -0.452 0.550
vn -0.349 0.921 0.173
vn -0.666 -0.505 0.549
vn -0.621 -0.560 0.549
vn -0.070 0.997 -0.016
vn -0.584 -0.605 0.542
vn -0.551 -0.650 0.523
vn -0.005 0.999 -0.044
vn -0.503 -0.718 0.481
vn -0.488 -0.741 0.462
vn -0.006 0.999 -0.046
vn -0.441 -0.814 0.378
vn -0.008 0.999 -0.049
vn -0.411 -0.847 0.338
vn -0.396 -0.859 0.325
vn -0.009 0.999 -0.050
vn -0.353 -0.878 0.324
vn -0.007 0.999 -0.040
vn -0.307 -0.883 0.355
vn -0.008 1.000 -0.008
vn -0.294 -0.883 0.366
vn -0.276 -0.883 0.379
vn -0.011 1.000 0.028
vn -0.254 -0.896 0.366
vn -0.006 0.998 0.055
vn -0.242 -0.903 0.354
vn -0.238 -0.906 0.349
vn -0.000 0.996 0.091
vn -0.212 -0.909 0.358
vn 0.008 0.992 0.130
vn -0.177 -0.901 0.397
vn 0.015 0.987 0.161
vn -0.167 -0.899 0.405
vn -0.117 -0.893 0.435
vn 0.022 0.984 0.177
vn 0.023 0.983 0.182
vn -0.045 -0.896 0.442
vn 0.030 0.979 0.200
vn -0.025 -0.897 0.442
vn 0.028 -0.900 0.436
vn 0.036 0.980 0.198
vn 0.062 -0.888 0.456
vn 0.010 0.998 0.069
vn 0.063 -0.882 0.468
vn 0.060 -0.866 0.496
vn -0.001 1.000 -0.016
vn 0.055 -0.859 0.510
vn 0.002 1.000 -0.015
vn 0.056 -0.857 0.512
vn 0.089 -0.871 0.483
vn 0.006 1.000 -0.009
vn 0.479 -0.545 -0.689
vn 0.452 0.115 -0.885
vn 0.491 0.507 -0.708
vn 0.113 -0.882 0.458
vn 0.119 -0.886 0.449
vn 0.009 1.000 -0.004
vn 0.448 -0.134 0.884
vn 0.438 0.242 0.866
vn 0.144 -0.915 0.376
vn 0.013 1.000 -0.001
vn 0.416 0.104 0.903
vn 0.138 -0.955 0.264
vn 0.015 1.000 -0.001
vn 0.143 -0.968 0.204
vn 0.144 -0.969 0.202
vn 0.014 1.000 -0.000
vn 0.154 -0.977 0.149
vn 0.012 1.000 0.001
vn 0.154 -0.984 0.090
vn 0.011 1.000 0.004
vn 0.139 -0.990 0.033
vn 0.011 1.000 0.006
vn 0.112 -0.993 -0.023
vn 0.011 1.000 0.007
vn 0.079 -0.993 -0.083
vn 0.011 1.000 0.008
vn 0.041 -0.988 -0.149
vn 0.009 1.000 0.009
vn 0.002 -0.979 -0.205
vn 0.008 1.000 0.010
vn -0.034 -0.971 -0.237
vn -0.003 -0.978 -0.209
vn 0.006 1.000 0.012
vn -0.062 -0.966 -0.250
vn 0.005 1.000 0.012
vn -0.079 -0.962 -0.262
vn 0.002 0.446 -0.895
vn -0.034 -0.366 -0.930
vn -0.035 -0.375 -0.926
vn 0.002 0.312 -0.950
vn 0.002 0.199 -0.980
vn 0.004 0.133 -0.991
vn 0.009 0.089 -0.996
vn 0.009 0.060 -0.998
vn 0.007 0.043 -0.999
vn 0.005 0.034 -0.999
vn 0.003 -0.089 -0.996
vn 0.030 -0.427 -0.904
vn 0.049 -0.094 -0.994
vn 0.071 -0.087 -0.994
vn 0.093 -0.047 -0.995
vn 0.097 0.024 -0.995
vn 0.079 0.078 -0.994
vn 0.056 0.094 -0.994
vn 0.038 0.121 -0.992
vn -0.006 0.001 -1.000
vn -0.012 -0.157 -0.988
vn -0.021 -0.230 -0.973
vn -0.777 0.322 0.541
vn -0.805 0.153 0.573
vn -0.810 0.041 0.585
vn -0.811 -0.053 0.582
vn -0.800 -0.165 0.577
vn -0.765 -0.289 0.576
vn -0.727 0.499 0.472
vn -0.789 0.336 0.514
vn -0.814 0.180 0.552
vn -0.816 0.165 0.555
vn -0.824 0.039 0.566
vn -0.830 -0.061 0.555
vn -0.826 -0.163 0.539
vn -0.828 -0.148 0.541
vn -0.797 -0.269 0.541
vn -0.740 -0.389 0.550
vn -0.709 0.549 0.442
vn -0.757 0.450 0.474
vn -0.791 0.344 0.507
vn -0.827 -0.163 0.538
vn -0.808 -0.255 0.531
vn -0.768 -0.336 0.545
vn -0.683 -0.474 0.556
vn -0.766 -0.340 0.546
vn -0.714 0.529 0.458
vn -0.555 0.753 0.354
vn -0.707 -0.435 0.557
vn -0.610 -0.581 0.538
vn -0.684 -0.479 0.550
vn -0.232 0.972 0.032
vn -0.648 -0.559 0.518
vn -0.522 -0.713 0.469
vn -0.631 -0.603 0.489
vn -0.056 0.997 -0.048
vn -0.599 -0.690 0.407
vn -0.596 -0.696 0.400
vn -0.011 0.999 -0.050
vn -0.432 -0.839 0.331
vn -0.556 -0.755 0.348
vn -0.008 0.999 -0.049
vn -0.510 -0.792 0.335
vn -0.514 -0.789 0.335
vn -0.008 0.999 -0.038
vn -0.512 -0.790 0.336
vn -0.469 -0.806 0.361
vn -0.006 1.000 -0.010
vn -0.380 -0.839 0.389
vn -0.424 -0.817 0.391
vn -0.011 1.000 0.027
vn -0.408 -0.824 0.393
vn -0.372 -0.844 0.386
vn -0.009 0.998 0.060
vn -0.267 -0.895 0.357
vn -0.325 -0.870 0.372
vn -0.007 0.995 0.097
vn -0.300 -0.877 0.374
vn -0.278 -0.881 0.384
vn -0.004 0.991 0.135
vn -0.235 -0.872 0.430
vn -0.002 0.986 0.165
vn -0.204 -0.862 0.464
vn -0.185 -0.856 0.482
vn -0.002 0.984 0.179
vn -0.002 0.983 0.185
vn -0.121 -0.858 0.500
vn -0.003 0.979 0.202
vn -0.097 -0.863 0.496
vn -0.066 -0.876 0.478
vn -0.003 0.982 0.189
vn -0.040 -0.884 0.466
vn -0.002 0.998 0.060
vn -0.037 -0.881 0.471
vn -0.037 -0.869 0.493
vn -0.000 1.000 -0.014
vn -0.031 -0.853 0.522
vn 0.004 1.000 -0.011
vn -0.031 -0.853 0.522
vn -0.006 -0.861 0.509
vn 0.008 1.000 -0.006
vn 0.735 0.117 -0.668
vn 0.014 -0.892 0.452
vn 0.023 -0.904 0.427
vn 0.010 1.000 -0.001
vn 0.515 0.107 0.851
vn 0.047 -0.936 0.349
vn 0.011 1.000 0.001
vn 0.061 -0.961 0.268
vn 0.012 1.000 -0.001
vn 0.065 -0.970 0.236
vn 0.069 -0.975 0.210
vn 0.011 1.000 -0.002
vn 0.068 -0.986 0.152
vn 0.009 1.000 -0.000
vn 0.059 -0.995 0.082
vn 0.008 1.000 0.003
vn 0.040 -0.999 0.012
vn 0.008 1.000 0.005
vn 0.014 -0.999 -0.052
vn 0.008 1.000 0.007
vn -0.012 -0.993 -0.116
vn 0.008 1.000 0.008
vn -0.042 -0.982 -0.184
vn 0.008 1.000 0.008
vn -0.055 -0.971 -0.232
vn -0.071 -0.968 -0.239
vn -0.070 -0.969 -0.237
vn 0.008 1.000 0.009
vn -0.101 -0.958 -0.268
vn 0.007 1.000 0.010
vn -0.133 -0.952 -0.275
vn 0.005 1.000 0.011
vn -0.162 -0.947 -0.279
vn 0.002 0.447 -0.895
vn -0.069 -0.362 -0.930
vn -0.108 -0.598 -0.794
vn 0.001 0.312 -0.950
vn 0.001 0.200 -0.980
vn 0.001 0.135 -0.991
vn 0.000 0.090 -0.996
vn 0.002 0.059 -0.998
vn 0.001 0.041 -0.999
vn -0.000 0.033 -0.999
vn -0.000 -0.082 -0.997
vn 0.070 -0.351 -0.934
vn 0.101 -0.063 -0.993
vn 0.133 -0.051 -0.990
vn 0.159 -0.024 -0.987
vn 0.164 0.012 -0.986
vn 0.143 0.043 -0.989
vn 0.112 0.060 -0.992
vn 0.083 0.056 -0.995
vn -0.022 -0.036 -0.999
vn -0.031 -0.167 -0.985
vn -0.047 -0.246 -0.968
vn -0.816 0.165 0.554
vn -0.825 0.038 0.564
vn -0.831 -0.064 0.553
vn -0.795 0.351 0.495
vn -0.836 0.175 0.521
vn -0.849 0.030 0.528
vn -0.848 -0.077 0.525
vn -0.838 -0.162 0.521
vn -0.816 -0.239 0.527
vn -0.768 -0.335 0.545
vn -0.706 0.549 0.449
vn -0.820 0.348 0.455
vn -0.826 0.329 0.457
vn -0.852 0.175 0.493
vn -0.859 0.031 0.511
vn -0.854 -0.075 0.514
vn -0.842 -0.153 0.517
vn -0.823 -0.208 0.528
vn -0.789 -0.293 0.540
vn -0.822 -0.211 0.529
vn -0.721 -0.422 0.550
vn -0.752 0.528 0.396
vn -0.769 0.495 0.404
vn -0.822 0.347 0.451
vn -0.808 -0.281 0.518
vn -0.789 -0.389 0.476
vn -0.795 -0.377 0.476
vn -0.682 -0.547 0.486
vn -0.755 0.521 0.399
vn -0.533 0.815 0.228
vn -0.794 -0.388 0.469
vn -0.765 -0.511 0.393
vn -0.777 -0.493 0.392
vn -0.606 -0.687 0.400
vn -0.284 0.959 0.008
vn -0.772 -0.507 0.384
vn -0.667 -0.657 0.351
vn -0.739 -0.575 0.351
vn -0.098 0.994 -0.046
vn -0.699 -0.627 0.345
vn -0.687 -0.639 0.346
vn -0.009 0.999 -0.038
vn -0.554 -0.744 0.373
vn -0.614 -0.690 0.384
vn -0.006 1.000 -0.011
vn -0.572 -0.712 0.408
vn -0.545 -0.725 0.421
vn -0.010 1.000 0.025
vn -0.438 -0.795 0.419
vn -0.470 -0.769 0.433
vn -0.013 0.998 0.059
vn -0.447 -0.785 0.430
vn -0.397 -0.815 0.422
vn -0.017 0.995 0.096
vn -0.306 -0.862 0.405
vn -0.328 -0.845 0.422
vn -0.021 0.991 0.134
vn -0.314 -0.848 0.428
vn -0.279 -0.845 0.456
vn -0.025 0.986 0.162
vn -0.222 -0.834 0.506
vn -0.234 -0.826 0.513
vn -0.030 0.984 0.177
vn -0.031 0.983 0.181
vn -0.230 -0.825 0.517
vn -0.193 -0.825 0.532
vn -0.037 0.979 0.199
vn -0.175 -0.838 0.517
vn -0.168 -0.850 0.500
vn -0.041 0.979 0.199
vn -0.150 -0.868 0.473
vn -0.012 0.997 0.072
vn -0.140 -0.867 0.479
vn -0.131 -0.859 0.496
vn 0.001 1.000 -0.010
vn -0.110 -0.840 0.531
vn 0.004 1.000 -0.007
vn -0.107 -0.841 0.530
vn -0.088 -0.849 0.521
vn 0.007 1.000 -0.003
vn -0.071 -0.880 0.469
vn -0.064 -0.891 0.450
vn 0.008 1.000 -0.000
vn -0.035 -0.934 0.356
vn 0.006 1.000 0.000
vn -0.012 -0.962 0.272
vn 0.005 1.000 -0.002
vn -0.011 -0.963 0.269
vn -0.009 -0.969 0.248
vn 0.004 1.000 -0.003
vn -0.025 -0.989 0.147
vn 0.004 1.000 -0.001
vn -0.050 -0.997 0.062
vn 0.004 1.000 0.002
vn -0.081 -0.997 -0.012
vn 0.004 1.000 0.006
vn -0.110 -0.990 -0.086
vn 0.004 1.000 0.007
vn -0.113 -0.984 -0.137
vn 0.005 1.000 0.008
vn -0.131 -0.970 -0.206
vn 0.006 1.000 0.008
vn -0.149 -0.954 -0.260
vn -0.140 -0.962 -0.234
vn 0.006 1.000 0.009
vn -0.169 -0.942 -0.291
vn 0.006 1.000 0.009
vn -0.195 -0.933 -0.303
vn 0.004 1.000 0.009
vn -0.202 -0.934 -0.296
vn -0.223 -0.927 -0.302
vn -0.217 -0.928 -0.303
vn 0.001 0.447 -0.895
vn -0.092 -0.360 -0.928
vn 0.001 0.311 -0.950
vn 0.001 0.198 -0.980
vn -0.008 0.132 -0.991
vn -0.007 0.090 -0.996
vn -0.004 0.060 -0.998
vn -0.004 0.041 -0.999
vn -0.004 0.033 -0.999
vn -0.003 -0.069 -0.998
vn 0.288 -0.236 -0.928
vn 0.342 -0.035 -0.939
vn 0.356 -0.026 -0.934
vn 0.341 -0.011 -0.940
vn 0.294 0.006 -0.956
vn 0.219 0.022 -0.975
vn 0.131 0.034 -0.991
vn 0.044 -0.014 -0.999
vn -0.035 -0.104 -0.994
vn -0.047 -0.181 -0.982
vn -0.069 -0.272 -0.960
vn -0.869 0.175 0.462
vn -0.880 0.039 0.474
vn -0.867 -0.063 0.494
vn -0.847 -0.145 0.512
vn -0.824 -0.208 0.528
vn -0.857 0.336 0.390
vn -0.902 0.180 0.392
vn -0.909 0.065 0.411
vn -0.898 -0.030 0.439
vn -0.879 -0.120 0.461
vn -0.861 -0.196 0.470
vn -0.838 -0.277 0.471
vn -0.746 0.575 0.336
vn -0.883 0.325 0.338
vn -0.903 0.260 0.342
vn -0.914 0.185 0.362
vn -0.915 0.073 0.397
vn -0.903 -0.023 0.428
vn -0.891 -0.114 0.440
vn -0.884 -0.198 0.423
vn -0.873 -0.284 0.398
vn -0.884 -0.234 0.405
vn -0.839 -0.380 0.389
vn -0.751 0.597 0.282
vn -0.850 0.415 0.325
vn -0.888 0.321 0.329
vn -0.876 -0.286 0.389
vn -0.849 -0.375 0.372
vn -0.857 -0.351 0.377
vn -0.795 -0.490 0.357
vn -0.763 0.543 0.352
vn -0.669 0.669 0.324
vn -0.845 -0.375 0.380
vn -0.782 -0.480 0.398
vn -0.796 -0.445 0.410
vn -0.701 -0.621 0.351
vn -0.355 0.932 0.071
vn -0.769 -0.479 0.423
vn -0.674 -0.605 0.424
vn -0.701 -0.551 0.452
vn -0.135 0.991 -0.011
vn -0.653 -0.598 0.465
vn -0.566 -0.700 0.435
vn -0.609 -0.633 0.477
vn -0.018 1.000 0.020
vn -0.556 -0.676 0.484
vn -0.545 -0.683 0.486
vn -0.017 0.998 0.053
vn -0.450 -0.766 0.460
vn -0.478 -0.737 0.478
vn -0.023 0.996 0.088
vn -0.460 -0.752 0.471
vn -0.415 -0.783 0.464
vn -0.034 0.991 0.126
vn -0.348 -0.806 0.479
vn -0.350 -0.805 0.479
vn -0.044 0.987 0.154
vn -0.349 -0.805 0.480
vn -0.305 -0.793 0.527
vn -0.046 0.983 0.176
vn -0.054 0.983 0.173
vn -0.284 -0.793 0.539
vn -0.277 -0.796 0.537
vn -0.054 0.983 0.174
vn -0.063 0.979 0.192
vn -0.245 -0.829 0.503
vn -0.269 -0.821 0.503
vn -0.070 0.975 0.210
vn -0.267 -0.823 0.501
vn -0.248 -0.839 0.484
vn -0.033 0.994 0.103
vn -0.211 -0.837 0.505
vn -0.205 -0.835 0.511
vn 0.001 1.000 0.003
vn -0.165 -0.822 0.545
vn 0.003 1.000 -0.005
vn -0.154 -0.827 0.540
vn -0.144 -0.833 0.533
vn 0.006 1.000 -0.002
vn -0.132 -0.871 0.474
vn -0.132 -0.872 0.472
vn 0.005 1.000 -0.002
vn -0.103 -0.918 0.382
vn 0.002 1.000 -0.002
vn -0.089 -0.957 0.276
vn -0.000 1.000 -0.003
vn 0.364 -0.891 0.272
vn 0.780 -0.606 0.157
vn 0.823 -0.554 -0.123
vn 0.752 -0.109 -0.650
vn -0.976 -0.119 0.180
vn 0.803 0.329 -0.497
vn -0.831 0.493 0.257
vn 0.781 0.604 0.157
vn -0.094 -0.957 0.274
vn -0.104 -0.962 0.252
vn -0.001 1.000 -0.003
vn 0.779 -0.527 0.339
vn 0.752 -0.111 0.649
vn 0.784 0.326 0.529
vn -0.118 -0.986 0.122
vn 0.000 1.000 -0.001
vn -0.140 -0.990 0.032
vn 0.001 1.000 0.003
vn -0.191 -0.981 -0.039
vn 0.001 1.000 0.006
vn -0.696 -0.646 0.313
vn 0.394 -0.872 0.291
vn 0.421 -0.654 -0.628
vn 0.272 -0.007 -0.962
vn -0.983 -0.006 0.184
vn 0.413 0.615 -0.672
vn -0.740 0.601 0.303
vn 0.395 0.871 0.292
vn -0.231 -0.966 -0.115
vn 0.002 1.000 0.008
vn 0.365 -0.597 0.715
vn 0.293 -0.009 0.956
vn 0.362 0.570 0.737
vn -0.208 -0.966 -0.153
vn 0.002 1.000 0.009
vn -0.196 -0.957 -0.214
vn -0.226 -0.949 -0.219
vn -0.220 -0.955 -0.198
vn 0.004 1.000 0.009
vn -0.240 -0.932 -0.272
vn 0.004 1.000 0.009
vn -0.257 -0.917 -0.304
vn 0.004 1.000 0.008
vn -0.273 -0.908 -0.317
vn 0.003 1.000 0.007
vn -0.282 -0.909 -0.307
vn -0.274 -0.908 -0.317
vn 0.000 0.446 -0.895
vn -0.110 -0.359 -0.927
vn -0.001 0.311 -0.951
vn -0.013 0.188 -0.982
vn -0.016 0.129 -0.991
vn -0.012 0.093 -0.996
vn -0.009 0.061 -0.998
vn -0.007 0.042 -0.999
vn -0.006 0.034 -0.999
vn -0.005 0.030 -1.000
vn 0.073 0.011 -0.997
vn 0.077 -0.013 -0.997
vn 0.081 -0.026 -0.996
vn 0.083 -0.037 -0.996
vn 0.079 -0.048 -0.996
vn 0.066 -0.060 -0.996
vn 0.038 -0.077 -0.996
vn -0.017 -0.102 -0.995
vn -0.047 -0.139 -0.989
vn -0.064 -0.200 -0.978
vn -0.094 -0.307 -0.947
vn -0.917 0.191 0.351
vn -0.921 0.093 0.377
vn -0.915 -0.003 0.404
vn -0.902 -0.108 0.419
vn -0.888 -0.200 0.414
vn -0.886 0.326 0.330
vn -0.911 0.211 0.353
vn -0.920 0.119 0.374
vn -0.917 0.021 0.398
vn -0.905 -0.098 0.414
vn -0.887 -0.207 0.414
vn -0.869 -0.294 0.397
vn -0.737 0.565 0.371
vn -0.865 0.340 0.369
vn -0.896 0.218 0.387
vn -0.902 0.181 0.392
vn -0.912 0.131 0.389
vn -0.913 0.033 0.407
vn -0.900 -0.085 0.427
vn -0.869 -0.193 0.455
vn -0.837 -0.290 0.464
vn -0.861 -0.209 0.463
vn -0.814 -0.379 0.441
vn -0.696 0.646 0.314
vn -0.835 0.369 0.407
vn -0.846 0.343 0.408
vn -0.892 0.218 0.396
vn -0.824 -0.277 0.494
vn -0.762 -0.357 0.540
vn -0.725 -0.479 0.495
vn -0.761 -0.358 0.541
vn -0.675 0.599 0.431
vn -0.652 0.626 0.427
vn -0.693 -0.472 0.545
vn -0.627 -0.598 0.499
vn -0.671 -0.507 0.541
vn -0.325 0.933 0.158
vn -0.629 -0.581 0.516
vn -0.554 -0.672 0.491
vn -0.618 -0.596 0.513
vn -0.125 0.991 0.054
vn -0.582 -0.642 0.498
vn -0.581 -0.644 0.498
vn -0.049 0.996 0.077
vn -0.501 -0.719 0.482
vn -0.544 -0.683 0.487
vn -0.042 0.993 0.112
vn -0.524 -0.697 0.490
vn -0.475 -0.723 0.502
vn -0.053 0.988 0.142
vn -0.423 -0.737 0.527
vn -0.411 -0.740 0.533
vn -0.066 0.985 0.162
vn -0.348 -0.770 0.535
vn -0.376 -0.758 0.533
vn -0.071 0.983 0.171
vn -0.077 0.980 0.182
vn -0.371 -0.762 0.530
vn -0.360 -0.785 0.504
vn -0.086 0.973 0.216
vn -0.333 -0.796 0.505
vn -0.323 -0.800 0.507
vn -0.074 0.986 0.149
vn -0.219 -0.825 0.521
vn -0.251 -0.799 0.546
vn -0.000 1.000 0.024
vn -0.232 -0.802 0.551
vn -0.195 -0.800 0.567
vn 0.002 1.000 -0.002
vn -0.178 -0.818 0.548
vn -0.176 -0.822 0.541
vn 0.004 1.000 -0.002
vn -0.135 -0.870 0.473
vn -0.175 -0.857 0.485
vn 0.003 1.000 -0.004
vn -0.171 -0.871 0.461
vn -0.161 -0.901 0.404
vn 0.001 1.000 -0.005
vn -0.157 -0.937 0.313
vn -0.000 1.000 -0.004
vn 0.862 -0.486 0.143
vn 0.989 -0.090 0.119
vn 0.955 0.269 0.128
vn -0.150 -0.970 0.191
vn -0.153 -0.971 0.185
vn -0.000 1.000 -0.003
vn -0.158 -0.972 0.171
vn -0.182 -0.980 0.080
vn 0.000 1.000 -0.000
vn -0.213 -0.977 0.001
vn 0.001 1.000 0.003
vn -0.239 -0.969 -0.060
vn 0.001 1.000 0.007
vn 0.765 -0.588 0.264
vn 0.977 -0.009 0.213
vn 0.784 0.562 0.262
vn -0.265 -0.957 -0.116
vn 0.001 1.000 0.009
vn -0.250 -0.954 -0.163
vn -0.299 -0.937 -0.180
vn -0.268 -0.955 -0.124
vn 0.001 1.000 0.010
vn -0.311 -0.921 -0.236
vn 0.002 1.000 0.010
vn -0.333 -0.899 -0.284
vn 0.002 1.000 0.009
vn -0.354 -0.883 -0.309
vn 0.002 1.000 0.008
vn -0.276 -0.907 -0.317
vn -0.361 -0.878 -0.314
vn -0.354 -0.883 -0.309
vn 0.001 1.000 0.005
vn -0.357 -0.888 -0.290
vn -0.019 0.436 -0.900
vn -0.136 -0.357 -0.924
vn -0.136 -0.357 -0.924
vn -0.136 -0.358 -0.924
vn -0.026 0.292 -0.956
vn -0.030 0.184 -0.983
vn -0.021 0.134 -0.991
vn -0.016 0.097 -0.995
vn -0.012 0.064 -0.998
vn -0.010 0.044 -0.999
vn -0.008 0.036 -0.999
vn -0.018 0.020 -1.000
vn -0.033 -0.001 -0.999
vn -0.035 -0.015 -0.999
vn -0.034 -0.026 -0.999
vn -0.035 -0.037 -0.999
vn -0.036 -0.049 -0.998
vn -0.040 -0.064 -0.997
vn -0.044 -0.083 -0.996
vn -0.052 -0.111 -0.993
vn -0.065 -0.154 -0.986
vn -0.089 -0.226 -0.970
vn -0.907 0.135 0.398
vn -0.904 0.047 0.425
vn -0.890 -0.074 0.449
vn -0.866 -0.191 0.463
vn -0.841 0.345 0.416
vn -0.871 0.217 0.442
vn -0.882 0.145 0.447
vn -0.878 0.077 0.472
vn -0.865 -0.032 0.501
vn -0.839 -0.147 0.524
vn -0.803 -0.254 0.539
vn -0.762 -0.357 0.541
vn -0.667 0.604 0.436
vn -0.807 0.361 0.467
vn -0.835 0.216 0.506
vn -0.837 0.196 0.510
vn -0.850 0.150 0.505
vn -0.858 0.089 0.506
vn -0.851 -0.017 0.525
vn -0.827 -0.124 0.549
vn -0.795 -0.220 0.565
vn -0.755 -0.332 0.565
vn -0.784 -0.252 0.567
vn -0.690 -0.470 0.550
vn -0.636 0.681 0.362
vn -0.774 0.444 0.451
vn -0.797 0.374 0.474
vn -0.833 0.217 0.509
vn -0.763 -0.324 0.559
vn -0.726 -0.446 0.523
vn -0.730 -0.438 0.524
vn -0.637 -0.575 0.514
vn -0.651 0.641 0.408
vn -0.590 0.710 0.383
vn -0.728 -0.445 0.522
vn -0.686 -0.543 0.484
vn -0.690 -0.538 0.484
vn -0.585 -0.641 0.498
vn -0.351 0.918 0.187
vn -0.688 -0.541 0.483
vn -0.645 -0.593 0.482
vn -0.664 -0.573 0.481
vn -0.206 0.971 0.123
vn -0.651 -0.581 0.488
vn -0.557 -0.653 0.513
vn -0.603 -0.607 0.518
vn -0.125 0.983 0.131
vn -0.568 -0.623 0.538
vn -0.439 -0.721 0.536
vn -0.518 -0.653 0.552
vn -0.085 0.985 0.149
vn -0.477 -0.684 0.552
vn -0.461 -0.703 0.542
vn -0.082 0.982 0.169
vn -0.083 0.982 0.171
vn -0.421 -0.743 0.519
vn -0.420 -0.744 0.519
vn -0.095 0.974 0.206
vn -0.339 -0.783 0.521
vn -0.368 -0.753 0.546
vn -0.109 0.973 0.203
vn -0.336 -0.753 0.566
vn -0.282 -0.754 0.594
vn -0.015 0.997 0.072
vn -0.238 -0.769 0.594
vn -0.222 -0.775 0.592
vn 0.001 1.000 -0.001
vn -0.204 -0.815 0.542
vn -0.207 -0.814 0.542
vn 0.002 1.000 -0.002
vn -0.207 -0.816 0.540
vn -0.216 -0.848 0.485
vn 0.002 1.000 -0.004
vn -0.222 -0.874 0.432
vn -0.223 -0.884 0.411
vn 0.002 1.000 -0.006
vn -0.229 -0.927 0.298
vn 0.002 1.000 -0.005
vn -0.243 -0.956 0.167
vn 0.002 1.000 -0.002
vn -0.222 -0.973 0.065
vn -0.265 -0.963 0.052
vn 0.003 1.000 0.000
vn -0.256 -0.966 -0.017
vn -0.292 -0.956 -0.029
vn 0.003 1.000 0.004
vn -0.268 -0.961 -0.072
vn -0.315 -0.945 -0.087
vn 0.002 1.000 0.007
vn -0.269 -0.956 -0.118
vn -0.337 -0.931 -0.141
vn 0.002 1.000 0.008
vn -0.358 -0.913 -0.198
vn 0.001 1.000 0.009
vn -0.376 -0.890 -0.259
vn 0.000 1.000 0.009
vn -0.389 -0.871 -0.300
vn -0.399 -0.865 -0.304
vn -0.393 -0.871 -0.295
vn -0.001 1.000 0.009
vn -0.356 -0.882 -0.309
vn -0.421 -0.849 -0.320
vn -0.001 1.000 0.008
vn -0.433 -0.849 -0.303
vn -0.032 0.999 -0.038
vn -0.411 -0.870 -0.273
vn -0.435 -0.860 -0.265
vn -0.434 -0.855 -0.283
vn -0.063 0.399 -0.915
vn -0.176 -0.351 -0.920
vn -0.058 0.292 -0.955
vn -0.038 0.195 -0.980
vn -0.026 0.142 -0.990
vn -0.019 0.102 -0.995
vn -0.016 0.068 -0.998
vn -0.023 0.046 -0.999
vn -0.031 0.023 -0.999
vn -0.044 0.005 -0.999
vn -0.048 -0.004 -0.999
vn -0.048 -0.015 -0.999
vn -0.050 -0.027 -0.998
vn -0.052 -0.039 -0.998
vn -0.056 -0.053 -0.997
vn -0.062 -0.068 -0.996
vn -0.068 -0.089 -0.994
vn -0.078 -0.121 -0.990
vn -0.097 -0.175 -0.980
vn -0.137 -0.268 -0.954
vn -0.841 0.152 0.519
vn -0.839 0.102 0.534
vn -0.836 0.001 0.549
vn -0.822 -0.110 0.558
vn -0.796 -0.216 0.565
vn -0.793 0.382 0.475
vn -0.811 0.240 0.534
vn -0.805 0.168 0.570
vn -0.805 0.110 0.582
vn -0.806 0.108 0.582
vn -0.812 0.002 0.583
vn -0.808 -0.110 0.579
vn -0.799 -0.216 0.562
vn -0.808 -0.116 0.578
vn -0.776 -0.322 0.542
vn -0.637 0.657 0.404
vn -0.778 0.438 0.450
vn -0.792 0.382 0.477
vn -0.806 0.270 0.526
vn -0.802 0.174 0.571
vn -0.796 -0.220 0.563
vn -0.776 -0.330 0.538
vn -0.744 -0.441 0.502
vn -0.767 -0.368 0.526
vn -0.634 0.700 0.329
vn -0.749 0.552 0.366
vn -0.781 0.451 0.432
vn -0.737 -0.445 0.508
vn -0.698 -0.525 0.488
vn -0.713 -0.487 0.505
vn -0.674 0.665 0.321
vn -0.652 0.690 0.314
vn -0.683 -0.515 0.518
vn -0.641 -0.552 0.533
vn -0.654 -0.524 0.546
vn -0.497 0.826 0.266
vn -0.618 -0.536 0.576
vn -0.554 -0.598 0.579
vn -0.572 -0.560 0.599
vn -0.368 0.908 0.200
vn -0.542 -0.585 0.604
vn -0.480 -0.676 0.558
vn -0.502 -0.638 0.584
vn -0.110 0.979 0.170
vn -0.289 0.942 0.171
vn -0.478 -0.671 0.567
vn -0.422 -0.743 0.520
vn -0.454 -0.699 0.553
vn -0.259 0.950 0.173
vn -0.230 0.955 0.189
vn -0.418 -0.708 0.570
vn -0.405 -0.708 0.579
vn -0.167 0.959 0.229
vn -0.344 -0.699 0.627
vn -0.340 -0.699 0.629
vn -0.076 0.988 0.133
vn -0.272 -0.747 0.606
vn -0.285 -0.740 0.610
vn -0.001 1.000 0.015
vn -0.283 -0.745 0.604
vn -0.273 -0.796 0.541
vn -0.001 1.000 -0.001
vn -0.277 -0.819 0.502
vn -0.285 -0.835 0.470
vn 0.000 1.000 -0.003
vn -0.259 -0.876 0.407
vn -0.307 -0.866 0.396
vn 0.001 1.000 -0.005
vn -0.317 -0.880 0.353
vn -0.331 -0.900 0.283
vn 0.002 1.000 -0.004
vn -0.354 -0.924 0.147
vn 0.002 1.000 -0.002
vn -0.368 -0.930 0.029
vn 0.002 1.000 0.000
vn -0.382 -0.923 -0.051
vn 0.003 1.000 0.003
vn -0.393 -0.913 -0.106
vn 0.002 1.000 0.006
vn -0.402 -0.902 -0.158
vn 0.002 1.000 0.007
vn -0.413 -0.885 -0.214
vn 0.001 1.000 0.008
vn -0.403 -0.875 -0.270
vn -0.428 -0.860 -0.279
vn -0.416 -0.879 -0.232
vn -0.000 1.000 0.008
vn -0.448 -0.833 -0.325
vn -0.002 1.000 0.008
vn -0.465 -0.822 -0.330
vn -0.039 0.999 -0.024
vn -0.449 -0.840 -0.303
vn -0.480 -0.824 -0.302
vn -0.466 -0.822 -0.328
vn -0.153 0.977 -0.145
vn -0.503 -0.823 -0.265
vn -0.086 0.381 -0.921
vn -0.222 -0.337 -0.915
vn -0.222 -0.337 -0.915
vn -0.224 -0.340 -0.913
vn -0.073 0.321 -0.944
vn -0.046 0.212 -0.976
vn -0.042 0.152 -0.987
vn -0.044 0.107 -0.993
vn -0.047 0.057 -0.997
vn -0.055 0.027 -0.998
vn -0.066 0.014 -0.998
vn -0.066 0.005 -0.998
vn -0.066 -0.005 -0.998
vn -0.068 -0.016 -0.998
vn -0.071 -0.030 -0.997
vn -0.076 -0.044 -0.996
vn -0.084 -0.059 -0.995
vn -0.093 -0.076 -0.993
vn -0.104 -0.098 -0.990
vn -0.122 -0.137 -0.983
vn -0.155 -0.208 -0.966
vn -0.805 0.108 0.583
vn -0.810 0.002 0.587
vn -0.808 -0.111 0.579
vn -0.805 0.290 0.517
vn -0.803 0.189 0.565
vn -0.807 0.107 0.581
vn -0.811 -0.004 0.585
vn -0.805 -0.119 0.581
vn -0.790 -0.228 0.569
vn -0.773 -0.334 0.540
vn -0.780 0.481 0.400
vn -0.813 0.352 0.465
vn -0.817 0.312 0.486
vn -0.816 0.224 0.534
vn -0.814 0.116 0.569
vn -0.815 -0.001 0.579
vn -0.807 -0.118 0.579
vn -0.784 -0.230 0.577
vn -0.746 -0.347 0.568
vn -0.756 -0.312 0.575
vn -0.719 -0.454 0.526
vn -0.669 0.671 0.319
vn -0.773 0.508 0.380
vn -0.785 0.477 0.395
vn -0.813 0.361 0.457
vn -0.743 -0.345 0.574
vn -0.683 -0.442 0.581
vn -0.656 -0.507 0.560
vn -0.673 -0.451 0.586
vn -0.647 0.698 0.307
vn -0.731 0.594 0.338
vn -0.770 0.515 0.377
vn -0.619 -0.484 0.618
vn -0.583 -0.520 0.624
vn -0.593 -0.490 0.639
vn -0.661 0.696 0.279
vn -0.674 0.683 0.281
vn -0.574 -0.505 0.644
vn -0.534 -0.577 0.618
vn -0.549 -0.552 0.628
vn -0.666 0.693 0.277
vn -0.621 0.739 0.261
vn -0.541 -0.573 0.616
vn -0.487 -0.666 0.566
vn -0.512 -0.639 0.574
vn -0.305 0.927 0.217
vn -0.551 0.775 0.308
vn -0.498 -0.652 0.572
vn -0.424 -0.695 0.580
vn -0.470 -0.664 0.582
vn -0.438 0.822 0.364
vn -0.425 0.828 0.367
vn -0.454 -0.655 0.604
vn -0.349 -0.694 0.630
vn -0.436 -0.644 0.628
vn -0.289 0.925 0.245
vn -0.421 -0.654 0.629
vn -0.402 -0.677 0.617
vn -0.079 0.994 0.070
vn -0.392 -0.727 0.564
vn -0.386 -0.752 0.534
vn -0.015 1.000 -0.000
vn -0.368 -0.814 0.450
vn -0.391 -0.806 0.445
vn -0.004 1.000 -0.002
vn -0.395 -0.812 0.430
vn -0.419 -0.833 0.361
vn -0.004 1.000 -0.003
vn -0.395 -0.878 0.270
vn -0.453 -0.855 0.253
vn -0.003 1.000 -0.004
vn -0.474 -0.870 0.133
vn -0.475 -0.871 0.129
vn -0.003 1.000 -0.002
vn -0.473 -0.881 0.019
vn -0.002 1.000 0.001
vn -0.462 -0.885 -0.059
vn -0.001 1.000 0.003
vn -0.447 -0.888 -0.110
vn -0.452 -0.885 -0.109
vn -0.458 -0.885 -0.084
vn -0.013 1.000 0.006
vn -0.430 -0.888 -0.162
vn -0.451 -0.877 -0.165
vn -0.027 1.000 0.007
vn -0.420 -0.882 -0.216
vn -0.466 -0.854 -0.232
vn -0.050 0.999 0.007
vn -0.488 -0.820 -0.300
vn -0.076 0.997 0.007
vn -0.489 -0.805 -0.336
vn -0.506 -0.794 -0.337
vn -0.498 -0.803 -0.327
vn -0.130 0.991 -0.031
vn -0.467 -0.821 -0.330
vn -0.519 -0.789 -0.328
vn -0.228 0.963 -0.143
vn -0.533 -0.787 -0.310
vn -0.321 0.924 -0.208
vn -0.533 -0.800 -0.277
vn -0.578 -0.758 -0.301
vn -0.534 -0.787 -0.309
vn -0.146 0.378 -0.914
vn -0.273 -0.299 -0.914
vn -0.142 0.361 -0.922
vn -0.116 0.217 -0.969
vn -0.102 0.139 -0.985
vn -0.098 0.093 -0.991
vn -0.099 0.055 -0.994
vn -0.093 0.030 -0.995
vn -0.091 0.015 -0.996
vn -0.090 0.005 -0.996
vn -0.090 -0.006 -0.996
vn -0.093 -0.019 -0.996
vn -0.097 -0.035 -0.995
vn -0.105 -0.053 -0.993
vn -0.116 -0.070 -0.991
vn -0.132 -0.089 -0.987
vn -0.154 -0.116 -0.981
vn -0.190 -0.168 -0.967
vn -0.252 -0.268 -0.930
vn -0.822 0.237 0.518
vn -0.832 0.122 0.541
vn -0.833 0.004 0.554
vn -0.817 -0.106 0.566
vn -0.786 -0.222 0.578
vn -0.817 0.387 0.428
vn -0.843 0.270 0.466
vn -0.852 0.179 0.493
vn -0.852 0.146 0.504
vn -0.846 0.026 0.533
vn -0.827 -0.076 0.557
vn -0.791 -0.177 0.586
vn -0.792 -0.175 0.585
vn -0.737 -0.312 0.600
vn -0.680 -0.438 0.589
vn -0.766 0.530 0.364
vn -0.819 0.404 0.407
vn -0.824 0.387 0.413
vn -0.844 0.280 0.458
vn -0.791 -0.177 0.586
vn -0.738 -0.288 0.610
vn -0.677 -0.386 0.626
vn -0.616 -0.468 0.634
vn -0.672 -0.393 0.628
vn -0.763 0.550 0.339
vn -0.782 0.512 0.356
vn -0.819 0.407 0.405
vn -0.645 -0.441 0.624
vn -0.605 -0.490 0.627
vn -0.638 -0.460 0.617
vn -0.657 0.701 0.276
vn -0.726 0.610 0.318
vn -0.757 0.560 0.337
vn -0.632 -0.478 0.611
vn -0.591 -0.554 0.586
vn -0.614 -0.529 0.586
vn -0.638 0.698 0.327
vn -0.656 0.675 0.337
vn -0.601 -0.545 0.585
vn -0.532 -0.622 0.574
vn -0.557 -0.599 0.575
vn -0.439 0.818 0.371
vn -0.601 0.699 0.388
vn -0.631 0.688 0.358
vn -0.547 -0.606 0.577
vn -0.499 -0.618 0.607
vn -0.531 -0.603 0.595
vn -0.509 0.771 0.382
vn -0.559 0.724 0.405
vn -0.532 -0.601 0.596
vn -0.490 -0.625 0.608
vn -0.531 -0.602 0.596
vn -0.537 0.750 0.387
vn -0.439 0.846 0.302
vn -0.534 -0.616 0.579
vn -0.452 -0.716 0.532
vn -0.526 -0.668 0.526
vn -0.249 0.965 0.080
vn -0.528 -0.707 0.471
vn -0.527 -0.738 0.420
vn -0.181 0.983 0.008
vn -0.510 -0.794 0.331
vn -0.550 -0.772 0.317
vn -0.173 0.985 -0.004
vn -0.567 -0.781 0.264
vn -0.580 -0.785 0.217
vn -0.173 0.985 -0.004
vn -0.476 -0.870 0.128
vn -0.592 -0.796 0.128
vn -0.165 0.986 -0.001
vn -0.487 -0.873 0.021
vn -0.572 -0.819 0.048
vn -0.160 0.987 0.002
vn -0.468 -0.882 -0.057
vn -0.537 -0.843 -0.026
vn -0.163 0.987 -0.007
vn -0.511 -0.854 -0.096
vn -0.187 0.982 -0.022
vn -0.507 -0.844 -0.178
vn -0.254 0.967 -0.035
vn -0.522 -0.812 -0.260
vn -0.524 -0.810 -0.262
vn -0.523 -0.813 -0.256
vn -0.367 0.929 -0.053
vn -0.512 -0.801 -0.311
vn -0.554 -0.766 -0.326
vn -0.477 0.874 -0.095
vn -0.575 -0.744 -0.340
vn -0.569 0.811 -0.139
vn -0.559 -0.762 -0.327
vn -0.592 -0.739 -0.323
vn -0.580 -0.742 -0.337
vn -0.605 0.771 -0.196
vn -0.534 -0.786 -0.310
vn -0.615 -0.716 -0.331
vn -0.615 0.761 -0.208
vn -0.524 0.819 -0.232
vn -0.641 0.729 -0.242
vn -0.641 -0.687 -0.342
vn -0.664 -0.654 -0.363
vn -0.641 -0.688 -0.342
vn -0.167 0.365 -0.916
vn -0.289 0.291 -0.912
vn -0.282 -0.288 -0.915
vn -0.311 -0.246 -0.918
vn -0.266 0.249 -0.931
vn -0.204 0.175 -0.963
vn -0.161 0.117 -0.980
vn -0.138 0.067 -0.988
vn -0.128 0.035 -0.991
vn -0.124 0.018 -0.992
vn -0.122 0.005 -0.993
vn -0.123 -0.008 -0.992
vn -0.126 -0.023 -0.992
vn -0.132 -0.042 -0.990
vn -0.140 -0.063 -0.988
vn -0.155 -0.086 -0.984
vn -0.180 -0.114 -0.977
vn -0.225 -0.156 -0.962
vn -0.299 -0.232 -0.926
vn -0.854 0.148 0.499
vn -0.848 0.033 0.528
vn -0.828 -0.067 0.557
vn -0.850 0.295 0.436
vn -0.857 0.190 0.479
vn -0.847 0.083 0.526
vn -0.825 -0.012 0.564
vn -0.796 -0.118 0.593
vn -0.750 -0.250 0.612
vn -0.680 -0.382 0.626
vn -0.819 0.421 0.390
vn -0.841 0.325 0.432
vn -0.845 0.284 0.454
vn -0.849 0.221 0.480
vn -0.844 0.101 0.526
vn -0.826 0.000 0.564
vn -0.802 -0.102 0.588
vn -0.773 -0.224 0.593
vn -0.738 -0.343 0.582
vn -0.746 -0.326 0.581
vn -0.673 -0.429 0.603
vn -0.750 0.570 0.336
vn -0.803 0.446 0.395
vn -0.810 0.422 0.408
vn -0.836 0.333 0.436
vn -0.742 -0.339 0.578
vn -0.721 -0.395 0.569
vn -0.670 -0.455 0.586
vn -0.715 -0.406 0.569
vn -0.724 0.577 0.377
vn -0.749 0.533 0.394
vn -0.797 0.451 0.402
vn -0.685 -0.431 0.587
vn -0.625 -0.516 0.585
vn -0.654 -0.476 0.588
vn -0.627 0.673 0.393
vn -0.691 0.598 0.406
vn -0.719 0.568 0.400
vn -0.634 -0.505 0.586
vn -0.582 -0.578 0.572
vn -0.602 -0.559 0.570
vn -0.660 0.644 0.387
vn -0.661 0.643 0.387
vn -0.599 -0.571 0.562
vn -0.588 -0.576 0.568
vn -0.605 -0.569 0.557
vn -0.572 0.750 0.332
vn -0.668 0.670 0.324
vn -0.661 0.644 0.386
vn -0.614 -0.573 0.543
vn -0.604 -0.604 0.520
vn -0.630 -0.585 0.511
vn -0.639 0.735 0.227
vn -0.666 0.709 0.232
vn -0.645 -0.604 0.469
vn -0.581 -0.702 0.411
vn -0.656 -0.642 0.398
vn -0.652 0.732 0.200
vn -0.599 0.795 0.096
vn -0.674 -0.685 0.276
vn -0.680 -0.680 0.275
vn -0.552 0.834 0.010
vn -0.683 -0.682 0.263
vn -0.603 -0.769 0.211
vn -0.699 -0.691 0.184
vn -0.527 0.850 0.004
vn -0.642 -0.756 0.131
vn -0.704 -0.698 0.134
vn -0.505 0.863 0.012
vn -0.639 -0.765 0.075
vn -0.687 -0.721 0.094
vn -0.492 0.871 0.004
vn -0.610 -0.792 0.009
vn -0.653 -0.757 0.027
vn -0.502 0.864 -0.017
vn -0.574 -0.815 -0.078
vn -0.624 -0.779 -0.068
vn -0.544 0.834 -0.094
vn -0.541 -0.822 -0.179
vn -0.610 -0.771 -0.183
vn -0.622 0.761 -0.183
vn -0.619 0.763 -0.189
vn -0.633 0.749 -0.196
vn -0.610 -0.739 -0.287
vn -0.613 0.776 -0.148
vn -0.697 0.694 -0.179
vn -0.604 -0.719 -0.344
vn -0.621 -0.703 -0.346
vn -0.617 -0.718 -0.323
vn -0.628 0.766 -0.136
vn -0.725 0.673 -0.148
vn -0.585 -0.735 -0.343
vn -0.642 -0.684 -0.345
vn -0.643 0.752 -0.144
vn -0.745 0.650 -0.151
vn -0.653 -0.681 -0.331
vn -0.673 -0.660 -0.333
vn -0.659 -0.672 -0.338
vn -0.622 0.758 -0.197
vn -0.753 0.630 -0.192
vn -0.752 0.630 -0.195
vn -0.754 0.628 -0.195
vn -0.638 -0.691 -0.340
vn -0.701 -0.614 -0.363
vn -0.731 0.641 -0.236
vn -0.755 0.613 -0.232
vn -0.706 -0.585 -0.401
vn -0.724 -0.550 -0.416
vn -0.713 -0.589 -0.380
vn -0.314 0.282 -0.907
vn -0.338 0.270 -0.902
vn -0.316 -0.219 -0.923
vn -0.316 -0.213 -0.925
vn -0.401 -0.280 -0.872
vn -0.313 -0.242 -0.919
vn -0.314 0.248 -0.917
vn -0.240 0.157 -0.958
vn -0.202 0.087 -0.976
vn -0.186 0.044 -0.982
vn -0.177 0.022 -0.984
vn -0.174 0.005 -0.985
vn -0.175 -0.011 -0.985
vn -0.179 -0.028 -0.984
vn -0.185 -0.049 -0.982
vn -0.194 -0.075 -0.978
vn -0.214 -0.110 -0.971
vn -0.257 -0.160 -0.953
vn -0.844 0.240 0.479
vn -0.841 0.137 0.523
vn -0.833 0.032 0.552
vn -0.821 -0.083 0.565
vn -0.792 -0.215 0.571
vn -0.825 0.353 0.442
vn -0.837 0.271 0.476
vn -0.851 0.170 0.498
vn -0.851 0.161 0.500
vn -0.853 0.043 0.520
vn -0.851 -0.076 0.520
vn -0.837 -0.197 0.511
vn -0.843 -0.167 0.511
vn -0.790 -0.306 0.531
vn -0.732 -0.385 0.562
vn -0.784 0.462 0.415
vn -0.818 0.367 0.442
vn -0.825 0.346 0.447
vn -0.839 0.274 0.471
vn -0.837 -0.195 0.511
vn -0.800 -0.273 0.534
vn -0.754 -0.321 0.574
vn -0.764 -0.307 0.567
vn -0.694 -0.408 0.593
vn -0.721 0.559 0.409
vn -0.793 0.456 0.405
vn -0.800 0.443 0.404
vn -0.821 0.367 0.437
vn -0.755 -0.315 0.575
vn -0.711 -0.379 0.593
vn -0.652 -0.490 0.578
vn -0.692 -0.425 0.583
vn -0.766 0.525 0.371
vn -0.790 0.496 0.359
vn -0.800 0.451 0.397
vn -0.679 -0.482 0.554
vn -0.640 -0.555 0.531
vn -0.669 -0.528 0.523
vn -0.725 0.619 0.302
vn -0.794 0.538 0.282
vn -0.795 0.512 0.327
vn -0.677 -0.549 0.491
vn -0.667 -0.565 0.485
vn -0.695 -0.552 0.460
vn -0.779 0.597 0.191
vn -0.802 0.568 0.183
vn -0.727 -0.561 0.397
vn -0.695 -0.605 0.387
vn -0.743 -0.565 0.359
vn -0.648 0.755 0.104
vn -0.809 0.578 0.101
vn -0.808 0.578 0.111
vn -0.762 -0.599 0.246
vn -0.777 -0.582 0.239
vn -0.621 0.784 0.021
vn -0.816 0.576 0.053
vn -0.788 -0.588 0.179
vn -0.725 -0.666 0.176
vn -0.792 -0.590 0.154
vn -0.599 0.801 0.012
vn -0.815 0.578 0.040
vn -0.747 -0.652 0.132
vn -0.795 -0.594 0.125
vn -0.590 0.807 0.019
vn -0.805 0.592 0.037
vn -0.755 -0.647 0.112
vn -0.792 -0.599 0.116
vn -0.585 0.811 0.005
vn -0.794 0.608 0.007
vn -0.753 -0.655 0.062
vn -0.783 -0.618 0.070
vn -0.589 0.808 -0.027
vn -0.789 0.612 -0.056
vn -0.739 -0.673 -0.032
vn -0.768 -0.640 -0.022
vn -0.606 0.788 -0.110
vn -0.780 0.612 -0.131
vn -0.697 -0.699 -0.161
vn -0.742 -0.655 -0.144
vn -0.776 0.611 -0.159
vn -0.760 0.622 -0.187
vn -0.775 0.605 -0.183
vn -0.639 -0.714 -0.285
vn -0.712 -0.650 -0.264
vn -0.748 0.636 -0.189
vn -0.788 0.587 -0.189
vn -0.685 -0.643 -0.343
vn -0.701 -0.626 -0.342
vn -0.705 -0.636 -0.312
vn -0.752 0.639 -0.163
vn -0.807 0.565 -0.172
vn -0.663 -0.662 -0.350
vn -0.726 -0.587 -0.358
vn -0.758 0.633 -0.158
vn -0.819 0.549 -0.168
vn -0.818 0.551 -0.166
vn -0.823 0.544 -0.166
vn -0.734 -0.583 -0.348
vn -0.766 -0.539 -0.349
vn -0.740 -0.571 -0.356
vn -0.805 0.562 -0.189
vn -0.835 0.519 -0.182
vn -0.783 -0.501 -0.368
vn -0.788 -0.494 -0.367
vn -0.786 -0.500 -0.364
vn -0.718 -0.591 -0.368
vn -0.784 0.579 -0.223
vn -0.843 0.497 -0.206
vn -0.747 -0.516 -0.420
vn -0.798 -0.445 -0.407
vn -0.344 0.266 -0.900
vn -0.524 0.300 -0.797
vn -0.374 0.220 -0.901
vn -0.380 0.204 -0.902
vn -0.322 -0.195 -0.927
vn -0.340 -0.155 -0.927
vn -0.747 -0.412 -0.522
vn -0.326 0.121 -0.937
vn -0.297 0.059 -0.953
vn -0.281 0.029 -0.959
vn -0.273 0.008 -0.962
vn -0.270 -0.013 -0.963
vn -0.272 -0.033 -0.962
vn -0.281 -0.058 -0.958
vn -0.298 -0.094 -0.950
vn -0.336 -0.151 -0.930
vn -0.851 0.162 0.499
vn -0.859 0.044 0.509
vn -0.857 -0.076 0.510
vn -0.845 0.278 0.457
vn -0.868 0.164 0.470
vn -0.875 0.048 0.482
vn -0.865 -0.063 0.498
vn -0.840 -0.163 0.517
vn -0.803 -0.247 0.542
vn -0.839 0.370 0.400
vn -0.868 0.284 0.407
vn -0.882 0.212 0.421
vn -0.883 0.173 0.437
vn -0.881 0.061 0.470
vn -0.867 -0.043 0.497
vn -0.841 -0.128 0.525
vn -0.813 -0.194 0.550
vn -0.817 -0.184 0.546
vn -0.776 -0.270 0.570
vn -0.724 -0.368 0.583
vn -0.837 0.429 0.340
vn -0.877 0.366 0.312
vn -0.887 0.339 0.314
vn -0.881 0.291 0.373
vn -0.815 -0.192 0.547
vn -0.806 -0.258 0.533
vn -0.799 -0.345 0.492
vn -0.800 -0.344 0.492
vn -0.721 -0.469 0.510
vn -0.824 0.495 0.275
vn -0.885 0.400 0.239
vn -0.902 0.374 0.216
vn -0.896 0.363 0.257
vn -0.800 -0.345 0.491
vn -0.799 -0.446 0.402
vn -0.727 -0.532 0.434
vn -0.800 -0.453 0.394
vn -0.868 0.468 0.166
vn -0.918 0.375 0.133
vn -0.920 0.371 0.128
vn -0.809 -0.506 0.298
vn -0.822 -0.492 0.288
vn -0.755 -0.555 0.349
vn -0.811 0.576 0.101
vn -0.891 0.446 0.079
vn -0.931 0.361 0.056
vn -0.929 0.361 0.078
vn -0.832 -0.496 0.248
vn -0.813 -0.540 0.216
vn -0.849 -0.495 0.185
vn -0.827 0.561 0.050
vn -0.902 0.430 0.039
vn -0.935 0.354 0.031
vn -0.840 -0.524 0.139
vn -0.861 -0.491 0.130
vn -0.797 -0.585 0.152
vn -0.832 0.554 0.038
vn -0.903 0.428 0.041
vn -0.932 0.359 0.046
vn -0.847 -0.519 0.120
vn -0.856 -0.502 0.121
vn -0.807 -0.578 0.122
vn -0.829 0.558 0.038
vn -0.900 0.433 0.051
vn -0.924 0.378 0.063
vn -0.847 -0.519 0.118
vn -0.814 -0.570 0.113
vn -0.846 -0.520 0.117
vn -0.823 0.568 0.011
vn -0.893 0.449 0.035
vn -0.911 0.409 0.047
vn -0.818 -0.570 0.076
vn -0.840 -0.536 0.086
vn -0.814 0.578 -0.049
vn -0.884 0.467 -0.018
vn -0.902 0.432 -0.009
vn -0.814 -0.580 0.002
vn -0.835 -0.550 0.018
vn -0.790 0.600 -0.127
vn -0.868 0.488 -0.094
vn -0.893 0.442 -0.084
vn -0.790 -0.603 -0.111
vn -0.822 -0.563 -0.086
vn -0.845 0.510 -0.163
vn -0.889 0.433 -0.150
vn -0.738 -0.626 -0.250
vn -0.801 -0.555 -0.222
vn -0.828 0.530 -0.185
vn -0.893 0.419 -0.165
vn -0.888 0.425 -0.174
vn -0.891 0.419 -0.174
vn -0.762 -0.553 -0.336
vn -0.794 -0.503 -0.340
vn -0.801 -0.552 -0.232
vn -0.821 0.543 -0.174
vn -0.884 0.436 -0.168
vn -0.900 0.400 -0.173
vn -0.806 -0.463 -0.370
vn -0.820 -0.435 -0.372
vn -0.809 -0.460 -0.366
vn -0.742 -0.565 -0.361
vn -0.882 0.443 -0.159
vn -0.919 0.356 -0.170
vn -0.920 0.352 -0.169
vn -0.921 0.348 -0.173
vn -0.853 -0.390 -0.347
vn -0.861 -0.372 -0.348
vn -0.852 -0.387 -0.352
vn -0.803 -0.482 -0.351
vn -0.875 0.452 -0.173
vn -0.929 0.327 -0.174
vn -0.943 0.262 -0.205
vn -0.886 -0.312 -0.343
vn -0.893 -0.291 -0.344
vn -0.887 -0.311 -0.342
vn -0.842 -0.408 -0.354
vn -0.859 0.471 -0.201
vn -0.928 0.318 -0.194
vn -0.951 0.220 -0.218
vn -0.956 0.194 -0.222
vn -0.957 0.129 -0.259
vn -0.900 -0.229 -0.371
vn -0.919 -0.150 -0.364
vn -0.907 -0.224 -0.357
vn -0.861 -0.333 -0.384
vn -0.803 -0.438 -0.405
vn -0.405 0.141 -0.903
vn -0.423 0.075 -0.903
vn -0.936 0.120 -0.332
vn -0.428 0.040 -0.903
vn -0.724 0.042 -0.688
vn -0.424 0.015 -0.905
vn -0.657 -0.004 -0.754
vn -0.413 -0.010 -0.910
vn -0.706 -0.052 -0.707
vn -0.399 -0.038 -0.916
vn -0.882 -0.134 -0.451
vn -0.384 -0.069 -0.921
vn -0.366 -0.108 -0.924
vn -0.342 -0.153 -0.927
vn -0.886 0.176 0.429
vn -0.886 0.074 0.459
vn -0.871 -0.025 0.491
vn -0.845 -0.117 0.522
vn -0.896 0.306 0.323
vn -0.909 0.213 0.358
vn -0.914 0.111 0.391
vn -0.912 0.008 0.411
vn -0.900 -0.087 0.427
vn -0.878 -0.169 0.449
vn -0.845 -0.247 0.474
vn -0.908 0.364 0.210
vn -0.915 0.336 0.222
vn -0.935 0.250 0.251
vn -0.948 0.179 0.264
vn -0.946 0.128 0.299
vn -0.943 0.014 0.332
vn -0.943 -0.078 0.323
vn -0.944 -0.143 0.297
vn -0.945 -0.139 0.296
vn -0.918 -0.219 0.331
vn -0.874 -0.320 0.364
vn -0.807 -0.442 0.390
vn -0.926 0.361 0.112
vn -0.929 0.354 0.110
vn -0.950 0.289 0.114
vn -0.950 0.263 0.167
vn -0.945 -0.143 0.294
vn -0.951 -0.197 0.238
vn -0.930 -0.290 0.228
vn -0.952 -0.221 0.210
vn -0.874 -0.411 0.258
vn -0.933 0.355 0.055
vn -0.935 0.351 0.040
vn -0.937 0.350 0.022
vn -0.954 0.300 0.012
vn -0.953 -0.273 0.130
vn -0.911 -0.385 0.146
vn -0.953 -0.275 0.126
vn -0.861 -0.477 0.177
vn -0.939 0.341 0.031
vn -0.941 0.337 0.022
vn -0.944 0.330 -0.003
vn -0.960 0.280 -0.020
vn -0.924 -0.366 0.109
vn -0.949 -0.299 0.104
vn -0.883 -0.453 0.124
vn -0.939 0.340 0.048
vn -0.945 0.324 0.047
vn -0.952 0.307 0.021
vn -0.965 0.263 0.005
vn -0.923 -0.359 0.136
vn -0.934 -0.329 0.137
vn -0.886 -0.445 0.127
vn -0.936 0.346 0.070
vn -0.946 0.313 0.078
vn -0.956 0.287 0.061
vn -0.964 0.259 0.052
vn -0.918 -0.365 0.154
vn -0.880 -0.456 0.137
vn -0.911 -0.379 0.160
vn -0.847 -0.519 0.117
vn -0.931 0.361 0.058
vn -0.947 0.312 0.073
vn -0.958 0.278 0.074
vn -0.961 0.266 0.076
vn -0.874 -0.473 0.107
vn -0.895 -0.429 0.120
vn -0.844 -0.529 0.087
vn -0.926 0.377 0.003
vn -0.945 0.325 0.023
vn -0.956 0.289 0.048
vn -0.957 0.286 0.050
vn -0.872 -0.488 0.033
vn -0.887 -0.461 0.037
vn -0.841 -0.541 0.022
vn -0.916 0.394 -0.075
vn -0.935 0.350 -0.052
vn -0.948 0.319 -0.012
vn -0.948 0.319 -0.012
vn -0.870 -0.486 -0.079
vn -0.886 -0.456 -0.080
vn -0.832 -0.549 -0.080
vn -0.900 0.411 -0.146
vn -0.918 0.377 -0.126
vn -0.931 0.351 -0.095
vn -0.935 0.342 -0.092
vn -0.851 -0.473 -0.228
vn -0.881 -0.410 -0.236
vn -0.803 -0.553 -0.222
vn -0.906 0.390 -0.166
vn -0.917 0.360 -0.171
vn -0.932 0.317 -0.177
vn -0.858 -0.371 -0.354
vn -0.878 -0.323 -0.354
vn -0.879 -0.376 -0.294
vn -0.819 -0.459 -0.344
vn -0.909 0.379 -0.175
vn -0.918 0.333 -0.216
vn -0.936 0.265 -0.233
vn -0.932 0.254 -0.260
vn -0.937 0.215 -0.275
vn -0.877 -0.295 -0.378
vn -0.901 -0.217 -0.375
vn -0.884 -0.287 -0.368
vn -0.847 -0.376 -0.375
vn -0.932 0.285 -0.225
vn -0.936 0.211 -0.283
vn -0.940 0.150 -0.307
vn -0.937 0.131 -0.323
vn -0.939 0.056 -0.339
vn -0.937 0.050 -0.346
vn -0.935 -0.032 -0.355
vn -0.933 -0.036 -0.358
vn -0.924 -0.122 -0.363
vn -0.923 -0.127 -0.363
vn -0.904 -0.209 -0.374
vn -0.907 -0.218 -0.360
vn -0.885 -0.305 -0.352
vn -0.947 0.234 -0.219
vn -0.948 0.165 -0.273
vn -0.945 0.100 -0.313
vn -0.941 0.032 -0.337
vn -0.936 -0.045 -0.350
vn -0.927 -0.131 -0.353
vn -0.911 -0.220 -0.348
vn -0.957 0.124 -0.262
vn -0.952 0.068 -0.300
vn -0.944 0.009 -0.329
vn -0.935 -0.060 -0.350
vn -0.921 -0.138 -0.363
vn -0.954 0.131 0.271
vn -0.961 0.014 0.275
vn -0.957 -0.075 0.279
vn -0.956 0.269 0.116
vn -0.982 0.139 0.126
vn -0.990 0.020 0.140
vn -0.986 -0.061 0.158
vn -0.977 -0.119 0.179
vn -0.961 -0.187 0.202
vn -0.963 0.269 0.007
vn -0.988 0.154 0.014
vn -0.998 0.048 0.046
vn -0.996 -0.033 0.085
vn -0.989 -0.099 0.112
vn -0.977 -0.174 0.123
vn -0.954 -0.273 0.126
vn -0.965 0.260 -0.026
vn -0.984 0.175 -0.021
vn -0.996 0.091 0.017
vn -0.998 0.007 0.067
vn -0.992 -0.079 0.102
vn -0.979 -0.171 0.109
vn -0.958 -0.268 0.105
vn -0.968 0.251 0.001
vn -0.981 0.196 0.008
vn -0.990 0.136 0.045
vn -0.994 0.052 0.095
vn -0.990 -0.055 0.133
vn -0.975 -0.166 0.146
vn -0.953 -0.267 0.143
vn -0.968 0.246 0.049
vn -0.975 0.216 0.058
vn -0.981 0.175 0.088
vn -0.988 0.094 0.125
vn -0.988 -0.026 0.155
vn -0.973 -0.154 0.171
vn -0.948 -0.267 0.173
vn -0.916 -0.368 0.163
vn -0.966 0.247 0.077
vn -0.969 0.231 0.087
vn -0.975 0.198 0.101
vn -0.987 0.116 0.113
vn -0.992 -0.007 0.125
vn -0.981 -0.141 0.134
vn -0.954 -0.265 0.137
vn -0.916 -0.380 0.129
vn -0.964 0.259 0.067
vn -0.968 0.238 0.075
vn -0.978 0.199 0.068
vn -0.992 0.115 0.054
vn -0.999 -0.004 0.043
vn -0.990 -0.135 0.040
vn -0.963 -0.265 0.041
vn -0.920 -0.389 0.039
vn -0.961 0.275 0.015
vn -0.973 0.232 0.018
vn -0.985 0.175 -0.007
vn -0.995 0.090 -0.041
vn -0.997 -0.019 -0.069
vn -0.987 -0.139 -0.084
vn -0.960 -0.264 -0.091
vn -0.918 -0.386 -0.089
vn -0.954 0.288 -0.078
vn -0.973 0.215 -0.086
vn -0.983 0.138 -0.119
vn -0.986 0.051 -0.159
vn -0.980 -0.048 -0.195
vn -0.963 -0.156 -0.222
vn -0.933 -0.268 -0.239
vn -0.894 -0.378 -0.240
vn -0.942 0.282 -0.183
vn -0.960 0.189 -0.205
vn -0.967 0.099 -0.236
vn -0.963 0.010 -0.270
vn -0.949 -0.084 -0.303
vn -0.926 -0.182 -0.331
vn -0.893 -0.280 -0.351
vn -0.943 0.160 -0.293
vn -0.945 0.069 -0.318
vn -0.940 -0.020 -0.339
vn -0.927 -0.113 -0.358
vn -0.904 -0.208 -0.374
f 1//1 121//121 2//2
f 122//122 3//3 2//2
f 122//122 2//2 121//121
f 123//123 4//4 3//3
f 123//123 3//3 122//122
f 124//124 5//5 4//4
f 124//124 4//4 123//123
f 125//125 6//6 5//5
f 125//125 5//5 124//124
f 126//126 7//7 6//6
f 126//126 6//6 125//125
f 126//126 8//8 7//7
f 10//10 127//127 9//9
f 121//121 1//1 9//9
f 127//127 121//121 9//9
f 128//128 121//121 127//127
f 130//130 122//122 129//129
f 122//122 128//128 129//129
f 122//122 121//121 128//128
f 122//122 130//130 123//123
f 123//123 130//130 131//131
f 123//123 131//131 124//124
f 124//124 131//131 132//132
f 134//134 133//133 132//132
f 133//133 124//124 132//132
f 133//133 125//125 124//124
f 125//125 135//135 126//126
f 125//125 133//133 135//135
f 136//136 11//11 8//8
f 126//126 136//136 8//8
f 135//135 136//136 126//126
f 136//136 12//12 11//11
f 13//13 137//137 127//127
f 13//13 127//127 10//10
f 139//139 128//128 138//138
f 128//128 137//137 138//138
f 128//128 127//127 137//137
f 128//128 139//139 129//129
f 134//134 140//140 133//133
f 133//133 140//140 135//135
f 135//135 140//140 141//141
f 135//135 141//141 136//136
f 136//136 141//141 142//142
f 142//142 144//144 143//143
f 142//142 143//143 14//14
f 136//136 142//142 14//14
f 12//12 136//136 14//14
f 143//143 15//15 14//14
f 146//146 145//145 137//137
f 13//13 146//146 137//137
f 16//16 146//146 13//13
f 137//137 145//145 138//138
f 144//144 147//147 143//143
f 147//147 149//149 148//148
f 147//147 148//148 17//17
f 143//143 147//147 17//17
f 15//15 143//143 17//17
f 148//148 18//18 17//17
f 19//19 146//146 16//16
f 19//19 150//150 146//146
f 149//149 151//151 148//148
f 151//151 153//153 152//152
f 151//151 152//152 20//20
f 148//148 151//151 20//20
f 18//18 148//148 20//20
f 152//152 21//21 20//20
f 22//22 150//150 19//19
f 22//22 154//154 150//150
f 153//153 155//155 152//152
f 21//21 152//152 155//155
f 156//156 21//21 155//155
f 23//23 21//21 156//156
f 24//24 154//154 22//22
f 24//24 157//157 154//154
f 25//25 23//23 158//158
f 23//23 159//159 158//158
f 23//23 156//156 159//159
f 158//158 26//26 25//25
f 27//27 157//157 24//24
f 27//27 160//160 157//157
f 158//158 159//159 161//161
f 161//161 159//159 162//162
f 161//161 28//28 26//26
f 161//161 26//26 158//158
f 29//29 160//160 27//27
f 29//29 163//163 160//160
f 162//162 164//164 161//161
f 28//28 161//161 164//164
f 165//165 28//28 164//164
f 30//30 28//28 165//165
f 31//31 163//163 29//29
f 31//31 166//166 163//163
f 32//32 30//30 167//167
f 30//30 168//168 167//167
f 30//30 165//165 168//168
f 167//167 33//33 32//32
f 34//34 166//166 31//31
f 34//34 169//169 166//166
f 168//168 170//170 167//167
f 33//33 167//167 170//170
f 171//171 33//33 170//170
f 35//35 33//33 171//171
f 36//36 169//169 34//34
f 36//36 172//172 169//169
f 37//37 35//35 173//173
f 35//35 174//174 173//173
f 35//35 171//171 174//174
f 173//173 38//38 37//37
f 39//39 172//172 36//36
f 39//39 175//175 172//172
f 174//174 176//176 173//173
f 38//38 173//173 176//176
f 177//177 38//38 176//176
f 40//40 38//38 177//177
f 41//41 175//175 39//39
f 41//41 178//178 175//175
f 177//177 42//42 40//40
f 179//179 42//42 177//177
f 43//43 178//178 41//41
f 43//43 180//180 178//178
f 179//179 181//181 42//42
f 42//42 181//181 44//44
f 45//45 44//44 181//181
f 45//45 181//181 182//182
f 184//184 183//183 46//46
f 184//184 46//46 47//47
f 43//43 46//46 180//180
f 180//180 46//46 183//183
f 182//182 48//48 45//45
f 185//185 48//48 182//182
f 49//49 184//184 47//47
f 49//49 186//186 184//184
f 185//185 187//187 48//48
f 48//48 187//187 50//50
f 51//51 50//50 187//187
f 51//51 187//187 188//188
f 52//52 186//186 49//49
f 52//52 189//189 186//186
f 188//188 53//53 51//51
f 190//190 53//53 188//188
f 54//54 189//189 52//52
f 54//54 191//191 189//189
f 190//190 192//192 53//53
f 53//53 192//192 55//55
f 56//56 55//55 192//192
f 56//56 192//192 193//193
f 57//57 191//191 54//54
f 57//57 194//194 191//191
f 193//193 58//58 56//56
f 195//195 58//58 193//193
f 59//59 194//194 57//57
f 59//59 196//196 194//194
f 195//195 197//197 58//58
f 58//58 197//197 60//60
f 61//61 60//60 197//197
f 61//61 197//197 198//198
f 62//62 196//196 59//59
f 62//62 199//199 196//196
f 200//200 63//63 64//64
f 65//65 200//200 64//64
f 198//198 201//201 61//61
f 61//61 201//201 66//66
f 67//67 66//66 201//201
f 67//67 201//201 202//202
f 68//68 199//199 62//62
f 68//68 203//203 199//199
f 204//204 69//69 200//200
f 200//200 69//69 63//63
f 70//70 204//204 65//65
f 65//65 204//204 200//200
f 202//202 71//71 67//67
f 205//205 71//71 202//202
f 72//72 203//203 68//68
f 72//72 206//206 203//203
f 204//204 73//73 69//69
f 73//73 204//204 70//70
f 205//205 74//74 71//71
f 207//207 74//74 205//205
f 75//75 206//206 72//72
f 75//75 208//208 206//206
f 207//207 209//209 74//74
f 74//74 209//209 76//76
f 77//77 76//76 209//209
f 77//77 209//209 210//210
f 78//78 208//208 75//75
f 78//78 211//211 208//208
f 210//210 79//79 77//77
f 212//212 79//79 210//210
f 80//80 211//211 78//78
f 80//80 213//213 211//211
f 212//212 81//81 79//79
f 214//214 81//81 212//212
f 82//82 213//213 80//80
f 82//82 215//215 213//213
f 214//214 83//83 81//81
f 216//216 83//83 214//214
f 84//84 215//215 82//82
f 84//84 217//217 215//215
f 216//216 85//85 83//83
f 218//218 85//85 216//216
f 86//86 217//217 84//84
f 86//86 219//219 217//217
f 218//218 87//87 85//85
f 220//220 87//87 218//218
f 88//88 219//219 86//86
f 88//88 221//221 219//219
f 220//220 89//89 87//87
f 222//222 89//89 220//220
f 90//90 221//221 88//88
f 90//90 223//223 221//221
f 226//226 225//225 224//224
f 222//222 226//226 224//224
f 91//91 222//222 224//224
f 89//89 222//222 91//91
f 92//92 223//223 90//90
f 92//92 227//227 223//223
f 224//224 225//225 94//94
f 225//225 93//93 94//94
f 225//225 228//228 93//93
f 224//224 94//94 91//91
f 95//95 227//227 92//92
f 95//95 229//229 227//227
f 228//228 96//96 93//93
f 230//230 96//96 228//228
f 97//97 229//229 95//95
f 97//97 231//231 229//229
f 230//230 98//98 96//96
f 232//232 98//98 230//230
f 99//99 231//231 97//97
f 99//99 233//233 231//231
f 235//235 234//234 101//101
f 101//101 234//234 100//100
f 101//101 98//98 232//232
f 101//101 232//232 235//235
f 236//236 233//233 99//99
f 236//236 99//99 102//102
f 237//237 102//102 103//103
f 237//237 236//236 102//102
f 238//238 103//103 104//104
f 238//238 237//237 103//103
f 239//239 104//104 105//105
f 239//239 238//238 104//104
f 240//240 105//105 106//106
f 240//240 239//239 105//105
f 241//241 106//106 107//107
f 241//241 240//240 106//106
f 242//242 107//107 108//108
f 242//242 241//241 107//107
f 243//243 108//108 109//109
f 243//243 242//242 108//108
f 244//244 109//109 110//110
f 244//244 243//243 109//109
f 245//245 110//110 111//111
f 245//245 244//244 110//110
f 246//246 111//111 112//112
f 246//246 245//245 111//111
f 247//247 112//112 113//113
f 247//247 246//246 112//112
f 248//248 113//113 114//114
f 248//248 247//247 113//113
f 249//249 114//114 115//115
f 249//249 248//248 114//114
f 250//250 115//115 116//116
f 250//250 249//249 115//115
f 251//251 116//116 117//117
f 251//251 250//250 116//116
f 252//252 117//117 118//118
f 252//252 251//251 117//117
f 253//253 118//118 119//119
f 253//253 252//252 118//118
f 254//254 119//119 120//120
f 254//254 253//253 119//119
f 120//120 100//100 234//234
f 120//120 234//234 254//254
f 129//129 255//255 130//130
f 256//256 131//131 130//130
f 256//256 130//130 255//255
f 257//257 132//132 131//131
f 257//257 131//131 256//256
f 257//257 134//134 132//132
f 138//138 258//258 139//139
f 255//255 129//129 139//139
f 258//258 255//255 139//139
f 259//259 255//255 258//258
f 255//255 260//260 256//256
f 255//255 259//259 260//260
f 256//256 261//261 257//257
f 256//256 260//260 261//261
f 262//262 140//140 134//134
f 257//257 262//262 134//134
f 261//261 262//262 257//257
f 263//263 141//141 140//140
f 263//263 140//140 262//262
f 264//264 142//142 141//141
f 264//264 141//141 263//263
f 264//264 144//144 142//142
f 146//146 265//265 145//145
f 258//258 138//138 145//145
f 265//265 258//258 145//145
f 266//266 258//258 265//265
f 268//268 259//259 267//267
f 259//259 266//266 267//267
f 259//259 258//258 266//266
f 259//259 268//268 260//260
f 260//260 268//268 269//269
f 260//260 269//269 261//261
f 261//261 269//269 270//270
f 261//261 270//270 262//262
f 262//262 270//270 271//271
f 262//262 271//271 263//263
f 263//263 271//271 272//272
f 274//274 273//273 272//272
f 273//273 263//263 272//272
f 273//273 264//264 263//263
f 275//275 147//147 144//144
f 264//264 275//275 144//144
f 273//273 275//275 264//264
f 275//275 149//149 147//147
f 150//150 276//276 265//265
f 150//150 265//265 146//146
f 278//278 266//266 277//277
f 266//266 276//276 277//277
f 266//266 265//265 276//276
f 266//266 278//278 267//267
f 274//274 279//279 273//273
f 281//281 280//280 279//279
f 280//280 273//273 279//279
f 280//280 275//275 273//273
f 282//282 151//151 149//149
f 275//275 282//282 149//149
f 280//280 282//282 275//275
f 282//282 153//153 151//151
f 284//284 283//283 276//276
f 150//150 284//284 276//276
f 154//154 284//284 150//150
f 276//276 283//283 277//277
f 281//281 285//285 280//280
f 287//287 286//286 285//285
f 286//286 280//280 285//285
f 286//286 282//282 280//280
f 288//288 155//155 153//153
f 282//282 288//288 153//153
f 286//286 288//288 282//282
f 288//288 156//156 155//155
f 157//157 284//284 154//154
f 157//157 289//289 284//284
f 287//287 290//290 286//286
f 292//292 291//291 290//290
f 291//291 286//286 290//290
f 291//291 288//288 286//286
f 291//291 159//159 156//156
f 291//291 156//156 288//288
f 160//160 289//289 157//157
f 160//160 293//293 289//289
f 292//292 294//294 291//291
f 159//159 291//291 294//294
f 295//295 159//159 294//294
f 162//162 159//159 295//295
f 163//163 293//293 160//160
f 163//163 296//296 293//293
f 164//164 162//162 297//297
f 162//162 298//298 297//297
f 162//162 295//295 298//298
f 297//297 165//165 164//164
f 166//166 296//296 163//163
f 166//166 299//299 296//296
f 298//298 300//300 297//297
f 165//165 297//297 300//300
f 301//301 165//165 300//300
f 168//168 165//165 301//301
f 169//169 299//299 166//166
f 169//169 302//302 299//299
f 170//170 168//168 303//303
f 168//168 304//304 303//303
f 168//168 301//301 304//304
f 303//303 171//171 170//170
f 172//172 302//302 169//169
f 172//172 305//305 302//302
f 304//304 306//306 303//303
f 171//171 303//303 306//306
f 307//307 171//171 306//306
f 174//174 171//171 307//307
f 175//175 305//305 172//172
f 175//175 308//308 305//305
f 176//176 174//174 309//309
f 174//174 310//310 309//309
f 174//174 307//307 310//310
f 309//309 177//177 176//176
f 178//178 308//308 175//175
f 178//178 311//311 308//308
f 310//310 312//312 309//309
f 177//177 309//309 312//312
f 313//313 177//177 312//312
f 179//179 177//177 313//313
f 180//180 311//311 178//178
f 180//180 314//314 311//311
f 181//181 179//179 315//315
f 179//179 316//316 315//315
f 179//179 313//313 316//316
f 315//315 182//182 181//181
f 318//318 317//317 183//183
f 318//318 183//183 184//184
f 180//180 183//183 314//314
f 314//314 183//183 317//317
f 316//316 319//319 315//315
f 182//182 315//315 319//319
f 320//320 182//182 319//319
f 185//185 182//182 320//320
f 186//186 318//318 184//184
f 186//186 321//321 318//318
f 320//320 322//322 185//185
f 185//185 322//322 187//187
f 188//188 187//187 322//322
f 188//188 322//322 323//323
f 189//189 321//321 186//186
f 189//189 324//324 321//321
f 323//323 190//190 188//188
f 325//325 190//190 323//323
f 191//191 324//324 189//189
f 191//191 326//326 324//324
f 325//325 327//327 190//190
f 190//190 327//327 192//192
f 193//193 192//192 327//327
f 193//193 327//327 328//328
f 194//194 326//326 191//191
f 194//194 329//329 326//326
f 328//328 195//195 193//193
f 330//330 195//195 328//328
f 196//196 329//329 194//194
f 196//196 331//331 329//329
f 330//330 332//332 195//195
f 195//195 332//332 197//197
f 198//198 197//197 332//332
f 198//198 332//332 333//333
f 199//199 331//331 196//196
f 199//199 334//334 331//331
f 333//333 335//335 198//198
f 198//198 335//335 201//201
f 202//202 201//201 335//335
f 202//202 335//335 336//336
f 203//203 334//334 199//199
f 203//203 337//337 334//334
f 336//336 205//205 202//202
f 338//338 205//205 336//336
f 206//206 337//337 203//203
f 206//206 339//339 337//337
f 338//338 207//207 205//205
f 340//340 207//207 338//338
f 208//208 339//339 206//206
f 208//208 341//341 339//339
f 340//340 342//342 207//207
f 207//207 342//342 209//209
f 210//210 209//209 342//342
f 210//210 342//342 343//343
f 211//211 341//341 208//208
f 211//211 344//344 341//341
f 343//343 212//212 210//210
f 345//345 212//212 343//343
f 213//213 344//344 211//211
f 213//213 346//346 344//344
f 345//345 214//214 212//212
f 347//347 214//214 345//345
f 215//215 346//346 213//213
f 215//215 348//348 346//346
f 347//347 216//216 214//214
f 349//349 216//216 347//347
f 217//217 348//348 215//215
f 217//217 350//350 348//348
f 349//349 218//218 216//216
f 351//351 218//218 349//349
f 219//219 350//350 217//217
f 219//219 352//352 350//350
f 351//351 220//220 218//218
f 353//353 220//220 351//351
f 221//221 352//352 219//219
f 221//221 354//354 352//352
f 353//353 222//222 220//220
f 355//355 222//222 353//353
f 223//223 354//354 221//221
f 223//223 356//356 354//354
f 358//358 357//357 226//226
f 226//226 357//357 225//225
f 226//226 222//222 355//355
f 226//226 355//355 358//358
f 227//227 356//356 223//223
f 227//227 359//359 356//356
f 357//357 228//228 225//225
f 360//360 228//228 357//357
f 229//229 359//359 227//227
f 229//229 361//361 359//359
f 360//360 230//230 228//228
f 362//362 230//230 360//360
f 231//231 361//361 229//229
f 231//231 363//363 361//361
f 366//366 365//365 364//364
f 362//362 366//366 364//364
f 232//232 362//362 364//364
f 230//230 362//362 232//232
f 233//233 363//363 231//231
f 233//233 367//367 363//363
f 364//364 365//365 235//235
f 365//365 234//234 235//235
f 365//365 368//368 234//234
f 364//364 235//235 232//232
f 369//369 367//367 233//233
f 369//369 233//233 236//236
f 370//370 236//236 237//237
f 370//370 369//369 236//236
f 371//371 237//237 238//238
f 371//371 370//370 237//237
f 372//372 238//238 239//239
f 372//372 371//371 238//238
f 373//373 239//239 240//240
f 373//373 372//372 239//239
f 374//374 240//240 241//241
f 374//374 373//373 240//240
f 375//375 241//241 242//242
f 375//375 374//374 241//241
f 376//376 242//242 243//243
f 376//376 375//375 242//242
f 377//377 243//243 244//244
f 377//377 376//376 243//243
f 378//378 244//244 245//245
f 378//378 377//377 244//244
f 379//379 245//245 246//246
f 379//379 378//378 245//245
f 380//380 246//246 247//247
f 380//380 379//379 246//246
f 381//381 247//247 248//248
f 381//381 380//380 247//247
f 382//382 248//248 249//249
f 382//382 381//381 248//248
f 383//383 249//249 250//250
f 383//383 382//382 249//249
f 384//384 250//250 251//251
f 384//384 383//383 250//250
f 385//385 251//251 252//252
f 385//385 384//384 251//251
f 386//386 252//252 253//253
f 386//386 385//385 252//252
f 387//387 253//253 254//254
f 387//387 386//386 253//253
f 254//254 234//234 368//368
f 254//254 368//368 387//387
f 267//267 388//388 268//268
f 389//389 269//269 268//268
f 389//389 268//268 388//388
f 390//390 270//270 269//269
f 390//390 269//269 389//389
f 391//391 271//271 270//270
f 391//391 270//270 390//390
f 392//392 272//272 271//271
f 392//392 271//271 391//391
f 392//392 274//274 272//272
f 277//277 393//393 278//278
f 388//388 267//267 278//278
f 393//393 388//388 278//278
f 394//394 388//388 393//393
f 388//388 395//395 389//389
f 388//388 394//394 395//395
f 389//389 396//396 390//390
f 389//389 395//395 396//396
f 390//390 397//397 391//391
f 390//390 396//396 397//397
f 391//391 398//398 392//392
f 391//391 397//397 398//398
f 399//399 279//279 274//274
f 392//392 399//399 274//274
f 398//398 399//399 392//392
f 399//399 281//281 279//279
f 284//284 400//400 283//283
f 393//393 277//277 283//283
f 400//400 393//393 283//283
f 401//401 393//393 400//400
f 403//403 394//394 402//402
f 394//394 401//401 402//402
f 394//394 393//393 401//401
f 394//394 403//403 395//395
f 395//395 403//403 404//404
f 395//395 404//404 396//396
f 396//396 404//404 405//405
f 396//396 405//405 397//397
f 397//397 405//405 406//406
f 397//397 406//406 398//398
f 398//398 406//406 407//407
f 409//409 408//408 407//407
f 408//408 398//398 407//407
f 408//408 399//399 398//398
f 410//410 285//285 281//281
f 399//399 410//410 281//281
f 408//408 410//410 399//399
f 410//410 287//287 285//285
f 289//289 411//411 400//400
f 289//289 400//400 284//284
f 413//413 401//401 412//412
f 401//401 411//411 412//412
f 401//401 400//400 411//411
f 401//401 413//413 402//402
f 409//409 414//414 408//408
f 416//416 415//415 414//414
f 415//415 408//408 414//414
f 415//415 410//410 408//408
f 417//417 290//290 287//287
f 410//410 417//417 287//287
f 415//415 417//417 410//410
f 417//417 292//292 290//290
f 419//419 418//418 411//411
f 289//289 419//419 411//411
f 293//293 419//419 289//289
f 411//411 418//418 412//412
f 416//416 420//420 415//415
f 422//422 421//421 420//420
f 421//421 415//415 420//420
f 421//421 417//417 415//415
f 423//423 294//294 292//292
f 417//417 423//423 292//292
f 421//421 423//423 417//417
f 423//423 295//295 294//294
f 296//296 419//419 293//293
f 296//296 424//424 419//419
f 422//422 425//425 421//421
f 427//427 426//426 425//425
f 426//426 421//421 425//425
f 426//426 423//423 421//421
f 426//426 298//298 295//295
f 426//426 295//295 423//423
f 299//299 424//424 296//296
f 299//299 428//428 424//424
f 427//427 429//429 426//426
f 429//429 431//431 430//430
f 429//429 430//430 300//300
f 426//426 429//429 300//300
f 298//298 426//426 300//300
f 430//430 301//301 300//300
f 302//302 428//428 299//299
f 302//302 432//432 428//428
f 431//431 433//433 430//430
f 301//301 430//430 433//433
f 434//434 301//301 433//433
f 304//304 301//301 434//434
f 305//305 432//432 302//302
f 305//305 435//435 432//432
f 306//306 304//304 436//436
f 304//304 437//437 436//436
f 304//304 434//434 437//437
f 436//436 307//307 306//306
f 308//308 435//435 305//305
f 308//308 438//438 435//435
f 437//437 439//439 436//436
f 307//307 436//436 439//439
f 440//440 307//307 439//439
f 310//310 307//307 440//440
f 311//311 438//438 308//308
f 311//311 441//441 438//438
f 312//312 310//310 442//442
f 310//310 443//443 442//442
f 310//310 440//440 443//443
f 442//442 313//313 312//312
f 314//314 441//441 311//311
f 314//314 444//444 441//441
f 443//443 445//445 442//442
f 313//313 442//442 445//445
f 446//446 313//313 445//445
f 316//316 313//313 446//446
f 318//318 447//447 317//317
f 447//447 448//448 317//317
f 448//448 314//314 317//317
f 448//448 444//444 314//314
f 446//446 449//449 316//316
f 316//316 449//449 319//319
f 320//320 319//319 449//449
f 320//320 449//449 450//450
f 452//452 451//451 447//447
f 318//318 452//452 447//447
f 321//321 452//452 318//318
f 447//447 451//451 448//448
f 322//322 320//320 453//453
f 320//320 454//454 453//453
f 320//320 450//450 454//454
f 453//453 323//323 322//322
f 324//324 452//452 321//321
f 324//324 455//455 452//452
f 454//454 456//456 453//453
f 323//323 453//453 456//456
f 457//457 323//323 456//456
f 325//325 323//323 457//457
f 326//326 455//455 324//324
f 326//326 458//458 455//455
f 457//457 459//459 325//325
f 325//325 459//459 327//327
f 328//328 327//327 459//459
f 328//328 459//459 460//460
f 329//329 458//458 326//326
f 329//329 461//461 458//458
f 460//460 330//330 328//328
f 462//462 330//330 460//460
f 331//331 461//461 329//329
f 331//331 463//463 461//461
f 462//462 464//464 330//330
f 330//330 464//464 332//332
f 333//333 332//332 464//464
f 333//333 464//464 465//465
f 334//334 463//463 331//331
f 334//334 466//466 463//463
f 465//465 467//467 333//333
f 333//333 467//467 335//335
f 336//336 335//335 467//467
f 336//336 467//467 468//468
f 337//337 466//466 334//334
f 337//337 469//469 466//466
f 468//468 338//338 336//336
f 470//470 338//338 468//468
f 339//339 469//469 337//337
f 339//339 471//471 469//469
f 470//470 340//340 338//338
f 472//472 340//340 470//470
f 341//341 471//471 339//339
f 341//341 473//473 471//471
f 476//476 474//474 475//475
f 478//478 477//477 474//474
f 474//474 476//476 477//477
f 480//480 479//479 478//478
f 478//478 479//479 477//477
f 480//480 481//481 479//479
f 472//472 482//482 340//340
f 340//340 482//482 342//342
f 343//343 342//342 482//482
f 343//343 482//482 483//483
f 344//344 473//473 341//341
f 344//344 484//484 473//473
f 475//475 485//485 474//474
f 474//474 485//485 478//478
f 478//478 485//485 486//486
f 478//478 486//486 480//480
f 480//480 486//486 487//487
f 480//480 487//487 481//481
f 483//483 345//345 343//343
f 488//488 345//345 483//483
f 346//346 484//484 344//344
f 346//346 489//489 484//484
f 488//488 347//347 345//345
f 490//490 347//347 488//488
f 348//348 489//489 346//346
f 348//348 491//491 489//489
f 490//490 349//349 347//347
f 492//492 349//349 490//490
f 350//350 491//491 348//348
f 350//350 493//493 491//491
f 496//496 495//495 494//494
f 498//498 497//497 494//494
f 494//494 497//497 496//496
f 500//500 499//499 498//498
f 498//498 499//499 497//497
f 500//500 501//501 499//499
f 492//492 351//351 349//349
f 502//502 351//351 492//492
f 352//352 493//493 350//350
f 352//352 503//503 493//493
f 495//495 504//504 494//494
f 494//494 504//504 498//498
f 498//498 504//504 505//505
f 498//498 505//505 500//500
f 500//500 505//505 506//506
f 500//500 506//506 501//501
f 502//502 353//353 351//351
f 507//507 353//353 502//502
f 354//354 503//503 352//352
f 354//354 508//508 503//503
f 511//511 510//510 509//509
f 507//507 511//511 509//509
f 355//355 507//507 509//509
f 353//353 507//507 355//355
f 356//356 508//508 354//354
f 356//356 512//512 508//508
f 509//509 510//510 358//358
f 510//510 357//357 358//358
f 510//510 513//513 357//357
f 509//509 358//358 355//355
f 359//359 512//512 356//356
f 359//359 514//514 512//512
f 513//513 360//360 357//357
f 515//515 360//360 513//513
f 361//361 514//514 359//359
f 361//361 516//516 514//514
f 515//515 362//362 360//360
f 517//517 362//362 515//515
f 363//363 516//516 361//361
f 363//363 518//518 516//516
f 520//520 519//519 366//366
f 366//366 519//519 365//365
f 366//366 362//362 517//517
f 366//366 517//517 520//520
f 367//367 518//518 363//363
f 367//367 521//521 518//518
f 519//519 368//368 365//365
f 522//522 368//368 519//519
f 523//523 521//521 367//367
f 523//523 367//367 369//369
f 524//524 369//369 370//370
f 524//524 523//523 369//369
f 525//525 370//370 371//371
f 525//525 524//524 370//370
f 526//526 371//371 372//372
f 526//526 525//525 371//371
f 527//527 372//372 373//373
f 527//527 526//526 372//372
f 528//528 373//373 374//374
f 528//528 527//527 373//373
f 529//529 374//374 375//375
f 529//529 528//528 374//374
f 530//530 375//375 376//376
f 530//530 529//529 375//375
f 531//531 376//376 377//377
f 531//531 530//530 376//376
f 532//532 377//377 378//378
f 532//532 531//531 377//377
f 533//533 378//378 379//379
f 533//533 532//532 378//378
f 534//534 379//379 380//380
f 534//534 533//533 379//379
f 535//535 380//380 381//381
f 535//535 534//534 380//380
f 536//536 381//381 382//382
f 536//536 535//535 381//381
f 537//537 382//382 383//383
f 537//537 536//536 382//382
f 538//538 383//383 384//384
f 538//538 537//537 383//383
f 539//539 384//384 385//385
f 539//539 538//538 384//384
f 540//540 385//385 386//386
f 540//540 539//539 385//385
f 541//541 386//386 387//387
f 541//541 540//540 386//386
f 387//387 368//368 522//522
f 387//387 522//522 541//541
f 402//402 542//542 403//403
f 543//543 404//404 403//403
f 543//543 403//403 542//542
f 544//544 405//405 404//404
f 544//544 404//404 543//543
f 545//545 406//406 405//405
f 545//545 405//405 544//544
f 546//546 407//407 406//406
f 546//546 406//406 545//545
f 546//546 409//409 407//407
f 412//412 547//547 413//413
f 542//542 402//402 413//413
f 547//547 542//542 413//413
f 548//548 542//542 547//547
f 542//542 549//549 543//543
f 542//542 548//548 549//549
f 543//543 550//550 544//544
f 543//543 549//549 550//550
f 544//544 551//551 545//545
f 544//544 550//550 551//551
f 545//545 552//552 546//546
f 545//545 551//551 552//552
f 553//553 414//414 409//409
f 546//546 553//553 409//409
f 552//552 553//553 546//546
f 553//553 416//416 414//414
f 419//419 554//554 418//418
f 547//547 412//412 418//418
f 554//554 547//547 418//418
f 555//555 547//547 554//554
f 547//547 556//556 548//548
f 547//547 555//555 556//556
f 558//558 549//549 557//557
f 549//549 556//556 557//557
f 549//549 548//548 556//556
f 549//549 558//558 550//550
f 550//550 558//558 559//559
f 550//550 559//559 551//551
f 551//551 559//559 560//560
f 551//551 560//560 552//552
f 552//552 560//560 561//561
f 563//563 562//562 561//561
f 562//562 552//552 561//561
f 562//562 553//553 552//552
f 564//564 420//420 416//416
f 553//553 564//564 416//416
f 562//562 564//564 553//553
f 564//564 422//422 420//420
f 424//424 565//565 554//554
f 424//424 554//554 419//419
f 567//567 555//555 566//566
f 555//555 565//565 566//566
f 555//555 554//554 565//565
f 555//555 567//567 556//556
f 556//556 567//567 568//568
f 556//556 568//568 557//557
f 563//563 569//569 562//562
f 562//562 569//569 564//564
f 564//564 569//569 570//570
f 570//570 572//572 571//571
f 570//570 571//571 425//425
f 564//564 570//570 425//425
f 422//422 564//564 425//425
f 571//571 427//427 425//425
f 574//574 573//573 565//565
f 424//424 574//574 565//565
f 428//428 574//574 424//424
f 565//565 573//573 566//566
f 572//572 575//575 571//571
f 575//575 577//577 576//576
f 575//575 576//576 429//429
f 571//571 575//575 429//429
f 427//427 571//571 429//429
f 576//576 431//431 429//429
f 432//432 574//574 428//428
f 432//432 578//578 574//574
f 577//577 579//579 576//576
f 579//579 581//581 580//580
f 579//579 580//580 433//433
f 576//576 579//579 433//433
f 431//431 576//576 433//433
f 580//580 434//434 433//433
f 435//435 578//578 432//432
f 435//435 582//582 578//578
f 581//581 583//583 580//580
f 434//434 580//580 583//583
f 584//584 434//434 583//583
f 437//437 434//434 584//584
f 438//438 582//582 435//435
f 438//438 585//585 582//582
f 439//439 437//437 586//586
f 437//437 587//587 586//586
f 437//437 584//584 587//587
f 586//586 440//440 439//439
f 441//441 585//585 438//438
f 441//441 588//588 585//585
f 587//587 589//589 586//586
f 440//440 586//586 589//589
f 590//590 440//440 589//589
f 443//443 440//440 590//590
f 444//444 588//588 441//441
f 444//444 591//591 588//588
f 590//590 592//592 443//443
f 443//443 592//592 445//445
f 446//446 445//445 592//592
f 446//446 592//592 593//593
f 448//448 591//591 444//444
f 448//448 594//594 591//591
f 449//449 446//446 595//595
f 446//446 596//596 595//595
f 446//446 593//593 596//596
f 595//595 450//450 449//449
f 598//598 597//597 451//451
f 598//598 451//451 452//452
f 448//448 451//451 594//594
f 594//594 451//451 597//597
f 596//596 599//599 595//595
f 450//450 595//595 599//599
f 600//600 450//450 599//599
f 454//454 450//450 600//600
f 455//455 598//598 452//452
f 455//455 601//601 598//598
f 600//600 602//602 454//454
f 454//454 602//602 456//456
f 457//457 456//456 602//602
f 457//457 602//602 603//603
f 458//458 601//601 455//455
f 458//458 604//604 601//601
f 459//459 457//457 605//605
f 457//457 606//606 605//605
f 457//457 603//603 606//606
f 605//605 460//460 459//459
f 461//461 604//604 458//458
f 461//461 607//607 604//604
f 606//606 608//608 605//605
f 460//460 605//605 608//608
f 609//609 460//460 608//608
f 462//462 460//460 609//609
f 463//463 607//607 461//461
f 463//463 610//610 607//607
f 609//609 611//611 462//462
f 462//462 611//611 464//464
f 465//465 464//464 611//611
f 465//465 611//611 612//612
f 466//466 610//610 463//463
f 466//466 613//613 610//610
f 467//467 465//465 614//614
f 465//465 615//615 614//614
f 465//465 612//612 615//615
f 614//614 468//468 467//467
f 469//469 613//613 466//466
f 469//469 616//616 613//613
f 615//615 617//617 614//614
f 468//468 614//614 617//617
f 618//618 468//468 617//617
f 470//470 468//468 618//618
f 471//471 616//616 469//469
f 471//471 619//619 616//616
f 618//618 472//472 470//470
f 620//620 472//472 618//618
f 473//473 619//619 471//471
f 473//473 621//621 619//619
f 622//622 475//475 476//476
f 477//477 623//623 476//476
f 476//476 623//623 622//622
f 479//479 624//624 477//477
f 477//477 624//624 623//623
f 481//481 624//624 479//479
f 482//482 472//472 625//625
f 472//472 626//626 625//625
f 472//472 620//620 626//626
f 625//625 483//483 482//482
f 484//484 621//621 473//473
f 484//484 627//627 621//621
f 622//622 485//485 475//475
f 485//485 622//622 486//486
f 486//486 622//622 623//623
f 486//486 623//623 487//487
f 487//487 623//623 624//624
f 487//487 624//624 481//481
f 626//626 628//628 625//625
f 483//483 625//625 628//628
f 629//629 483//483 628//628
f 488//488 483//483 629//629
f 489//489 627//627 484//484
f 489//489 630//630 627//627
f 629//629 490//490 488//488
f 631//631 490//490 629//629
f 491//491 630//630 489//489
f 491//491 632//632 630//630
f 631//631 492//492 490//490
f 633//633 492//492 631//631
f 493//493 632//632 491//491
f 493//493 634//634 632//632
f 635//635 495//495 496//496
f 497//497 636//636 496//496
f 496//496 636//636 635//635
f 499//499 637//637 497//497
f 497//497 637//637 636//636
f 501//501 637//637 499//499
f 633//633 502//502 492//492
f 638//638 502//502 633//633
f 503//503 634//634 493//493
f 503//503 639//639 634//634
f 635//635 504//504 495//495
f 504//504 635//635 505//505
f 505//505 635//635 636//636
f 505//505 636//636 506//506
f 506//506 636//636 637//637
f 506//506 637//637 501//501
f 642//642 641//641 640//640
f 638//638 642//642 640//640
f 507//507 638//638 640//640
f 502//502 638//638 507//507
f 508//508 639//639 503//503
f 508//508 643//643 639//639
f 640//640 641//641 511//511
f 641//641 510//510 511//511
f 641//641 644//644 510//510
f 640//640 511//511 507//507
f 512//512 643//643 508//508
f 512//512 645//645 643//643
f 644//644 513//513 510//510
f 646//646 513//513 644//644
f 514//514 645//645 512//512
f 514//514 647//647 645//645
f 646//646 515//515 513//513
f 648//648 515//515 646//646
f 516//516 647//647 514//514
f 516//516 649//649 647//647
f 652//652 651//651 650//650
f 648//648 652//652 650//650
f 517//517 648//648 650//650
f 515//515 648//648 517//517
f 518//518 649//649 516//516
f 518//518 653//653 649//649
f 650//650 651//651 520//520
f 651//651 519//519 520//520
f 651//651 654//654 519//519
f 650//650 520//520 517//517
f 521//521 653//653 518//518
f 521//521 655//655 653//653
f 658//658 657//657 656//656
f 654//654 658//658 656//656
f 522//522 654//654 656//656
f 519//519 654//654 522//522
f 659//659 655//655 521//521
f 659//659 521//521 523//523
f 660//660 523//523 524//524
f 660//660 659//659 523//523
f 661//661 524//524 525//525
f 661//661 660//660 524//524
f 662//662 525//525 526//526
f 662//662 661//661 525//525
f 663//663 526//526 527//527
f 663//663 662//662 526//526
f 664//664 527//527 528//528
f 664//664 663//663 527//527
f 665//665 528//528 529//529
f 665//665 664//664 528//528
f 666//666 529//529 530//530
f 666//666 665//665 529//529
f 667//667 530//530 531//531
f 667//667 666//666 530//530
f 668//668 531//531 532//532
f 668//668 667//667 531//531
f 669//669 532//532 533//533
f 669//669 668//668 532//532
f 670//670 533//533 534//534
f 670//670 669//669 533//533
f 671//671 534//534 535//535
f 671//671 670//670 534//534
f 672//672 535//535 536//536
f 672//672 671//671 535//535
f 673//673 536//536 537//537
f 673//673 672//672 536//536
f 674//674 537//537 538//538
f 674//674 673//673 537//537
f 675//675 538//538 539//539
f 675//675 674//674 538//538
f 676//676 539//539 540//540
f 676//676 675//675 539//539
f 541//541 656//656 657//657
f 676//676 541//541 657//657
f 540//540 541//541 676//676
f 656//656 541//541 522//522
f 557//557 677//677 558//558
f 678//678 559//559 558//558
f 678//678 558//558 677//677
f 679//679 560//560 559//559
f 679//679 559//559 678//678
f 680//680 561//561 560//560
f 680//680 560//560 679//679
f 680//680 563//563 561//561
f 566//566 681//681 567//567
f 682//682 568//568 567//567
f 682//682 567//567 681//681
f 677//677 557//557 568//568
f 682//682 677//677 568//568
f 683//683 677//677 682//682
f 677//677 684//684 678//678
f 677//677 683//683 684//684
f 678//678 685//685 679//679
f 678//678 684//684 685//685
f 679//679 686//686 680//680
f 679//679 685//685 686//686
f 687//687 569//569 563//563
f 680//680 687//687 563//563
f 686//686 687//687 680//680
f 688//688 570//570 569//569
f 688//688 569//569 687//687
f 688//688 572//572 570//570
f 574//574 689//689 573//573
f 681//681 566//566 573//573
f 689//689 681//681 573//573
f 690//690 681//681 689//689
f 681//681 691//691 682//682
f 681//681 690//690 691//691
f 693//693 683//683 692//692
f 683//683 691//691 692//692
f 683//683 682//682 691//691
f 683//683 693//693 684//684
f 684//684 693//693 694//694
f 684//684 694//694 685//685
f 685//685 694//694 695//695
f 685//685 695//695 686//686
f 686//686 695//695 696//696
f 686//686 696//696 687//687
f 687//687 696//696 697//697
f 699//699 698//698 697//697
f 698//698 687//687 697//697
f 698//698 688//688 687//687
f 700//700 575//575 572//572
f 688//688 700//700 572//572
f 698//698 700//700 688//688
f 700//700 577//577 575//575
f 578//578 701//701 689//689
f 578//578 689//689 574//574
f 703//703 690//690 702//702
f 690//690 701//701 702//702
f 690//690 689//689 701//701
f 690//690 703//703 691//691
f 691//691 703//703 704//704
f 691//691 704//704 692//692
f 699//699 705//705 698//698
f 707//707 706//706 705//705
f 706//706 698//698 705//705
f 706//706 700//700 698//698
f 708//708 579//579 577//577
f 700//700 708//708 577//577
f 706//706 708//708 700//700
f 708//708 581//581 579//579
f 710//710 709//709 701//701
f 578//578 710//710 701//701
f 582//582 710//710 578//578
f 701//701 709//709 702//702
f 707//707 711//711 706//706
f 713//713 712//712 711//711
f 712//712 706//706 711//711
f 712//712 708//708 706//706
f 714//714 583//583 581//581
f 708//708 714//714 581//581
f 712//712 714//714 708//708
f 714//714 584//584 583//583
f 585//585 710//710 582//582
f 585//585 715//715 710//710
f 713//713 716//716 712//712
f 718//718 717//717 716//716
f 717//717 712//712 716//716
f 717//717 714//714 712//712
f 717//717 587//587 584//584
f 717//717 584//584 714//714
f 588//588 715//715 585//585
f 588//588 719//719 715//715
f 718//718 720//720 717//717
f 720//720 722//722 721//721
f 720//720 721//721 589//589
f 717//717 720//720 589//589
f 587//587 717//717 589//589
f 721//721 590//590 589//589
f 591//591 719//719 588//588
f 591//591 723//723 719//719
f 722//722 724//724 721//721
f 724//724 726//726 725//725
f 724//724 725//725 592//592
f 721//721 724//724 592//592
f 590//590 721//721 592//592
f 725//725 593//593 592//592
f 594//594 723//723 591//591
f 594//594 727//727 723//723
f 726//726 728//728 725//725
f 593//593 725//725 728//728
f 729//729 593//593 728//728
f 596//596 593//593 729//729
f 731//731 730//730 597//597
f 731//731 597//597 598//598
f 594//594 597//597 727//727
f 727//727 597//597 730//730
f 729//729 732//732 596//596
f 596//596 732//732 599//599
f 600//600 599//599 732//732
f 600//600 732//732 733//733
f 601//601 731//731 598//598
f 601//601 734//734 731//731
f 602//602 600//600 735//735
f 600//600 736//736 735//735
f 600//600 733//733 736//736
f 735//735 603//603 602//602
f 604//604 734//734 601//601
f 604//604 737//737 734//734
f 736//736 738//738 735//735
f 603//603 735//735 738//738
f 739//739 603//603 738//738
f 606//606 603//603 739//739
f 607//607 737//737 604//604
f 607//607 740//740 737//737
f 739//739 741//741 606//606
f 606//606 741//741 608//608
f 609//609 608//608 741//741
f 609//609 741//741 742//742
f 610//610 740//740 607//607
f 610//610 743//743 740//740
f 611//611 609//609 744//744
f 609//609 745//745 744//744
f 609//609 742//742 745//745
f 744//744 612//612 611//611
f 613//613 743//743 610//610
f 613//613 746//746 743//743
f 745//745 747//747 744//744
f 612//612 744//744 747//747
f 748//748 612//612 747//747
f 615//615 612//612 748//748
f 616//616 746//746 613//613
f 616//616 749//749 746//746
f 748//748 750//750 615//615
f 615//615 750//750 617//617
f 618//618 617//617 750//750
f 618//618 750//750 751//751
f 619//619 749//749 616//616
f 619//619 752//752 749//749
f 751//751 620//620 618//618
f 753//753 620//620 751//751
f 621//621 752//752 619//619
f 621//621 754//754 752//752
f 753//753 626//626 620//620
f 755//755 626//626 753//753
f 627//627 754//754 621//621
f 627//627 756//756 754//754
f 628//628 626//626 757//757
f 626//626 758//758 757//757
f 626//626 755//755 758//758
f 757//757 629//629 628//628
f 630//630 756//756 627//627
f 630//630 759//759 756//756
f 757//757 758//758 760//760
f 760//760 758//758 761//761
f 760//760 631//631 629//629
f 760//760 629//629 757//757
f 632//632 759//759 630//630
f 632//632 762//762 759//759
f 760//760 761//761 763//763
f 763//763 761//761 764//764
f 763//763 633//633 631//631
f 763//763 631//631 760//760
f 634//634 762//762 632//632
f 634//634 765//765 762//762
f 763//763 764//764 766//766
f 766//766 764//764 767//767
f 766//766 638//638 633//633
f 766//766 633//633 763//763
f 639//639 765//765 634//634
f 639//639 768//768 765//765
f 766//766 767//767 642//642
f 767//767 641//641 642//642
f 767//767 769//769 641//641
f 766//766 642//642 638//638
f 643//643 768//768 639//639
f 643//643 770//770 768//768
f 769//769 644//644 641//641
f 771//771 644//644 769//769
f 645//645 770//770 643//643
f 645//645 772//772 770//770
f 775//775 774//774 773//773
f 771//771 775//775 773//773
f 646//646 771//771 773//773
f 644//644 771//771 646//646
f 647//647 772//772 645//645
f 647//647 776//776 772//772
f 773//773 774//774 777//777
f 777//777 774//774 778//778
f 777//777 648//648 646//646
f 777//777 646//646 773//773
f 649//649 776//776 647//647
f 649//649 779//779 776//776
f 777//777 778//778 652//652
f 778//778 651//651 652//652
f 778//778 780//780 651//651
f 777//777 652//652 648//648
f 653//653 779//779 649//649
f 653//653 781//781 779//779
f 784//784 783//783 782//782
f 780//780 784//784 782//782
f 654//654 780//780 782//782
f 651//651 780//780 654//654
f 655//655 781//781 653//653
f 655//655 785//785 781//781
f 782//782 783//783 658//658
f 783//783 657//657 658//658
f 783//783 786//786 657//657
f 782//782 658//658 654//654
f 787//787 785//785 655//655
f 787//787 655//655 659//659
f 788//788 659//659 660//660
f 788//788 787//787 659//659
f 789//789 660//660 661//661
f 789//789 788//788 660//660
f 790//790 661//661 662//662
f 790//790 789//789 661//661
f 791//791 662//662 663//663
f 791//791 790//790 662//662
f 792//792 663//663 664//664
f 792//792 791//791 663//663
f 793//793 664//664 665//665
f 793//793 792//792 664//664
f 794//794 665//665 666//666
f 794//794 793//793 665//665
f 795//795 666//666 667//667
f 795//795 794//794 666//666
f 796//796 667//667 668//668
f 796//796 795//795 667//667
f 797//797 668//668 669//669
f 797//797 796//796 668//668
f 798//798 669//669 670//670
f 798//798 797//797 669//669
f 799//799 670//670 671//671
f 799//799 798//798 670//670
f 800//800 671//671 672//672
f 800//800 799//799 671//671
f 801//801 672//672 673//673
f 801//801 800//800 672//672
f 802//802 673//673 674//674
f 802//802 801//801 673//673
f 803//803 674//674 675//675
f 803//803 802//802 674//674
f 804//804 675//675 676//676
f 804//804 803//803 675//675
f 676//676 657//657 786//786
f 676//676 786//786 804//804
f 692//692 805//805 693//693
f 806//806 694//694 693//693
f 806//806 693//693 805//805
f 807//807 695//695 694//694
f 807//807 694//694 806//806
f 808//808 696//696 695//695
f 808//808 695//695 807//807
f 809//809 697//697 696//696
f 809//809 696//696 808//808
f 809//809 699//699 697//697
f 702//702 810//810 703//703
f 811//811 704//704 703//703
f 811//811 703//703 810//810
f 805//805 692//692 704//704
f 811//811 805//805 704//704
f 812//812 805//805 811//811
f 814//814 806//806 813//813
f 806//806 812//812 813//813
f 806//806 805//805 812//812
f 806//806 814//814 807//807
f 807//807 814//814 815//815
f 807//807 815//815 808//808
f 808//808 815//815 816//816
f 818//818 817//817 816//816
f 817//817 808//808 816//816
f 817//817 809//809 808//808
f 819//819 705//705 699//699
f 809//809 819//819 699//699
f 817//817 819//819 809//809
f 819//819 707//707 705//705
f 710//710 820//820 709//709
f 810//810 702//702 709//709
f 820//820 810//810 709//709
f 821//821 810//810 820//820
f 823//823 811//811 822//822
f 811//811 821//821 822//822
f 811//811 810//810 821//821
f 811//811 823//823 812//812
f 812//812 823//823 824//824
f 812//812 824//824 813//813
f 818//818 825//825 817//817
f 817//817 825//825 819//819
f 819//819 825//825 826//826
f 826//826 828//828 827//827
f 826//826 827//827 711//711
f 819//819 826//826 711//711
f 707//707 819//819 711//711
f 827//827 713//713 711//711
f 715//715 829//829 820//820
f 715//715 820//820 710//710
f 831//831 821//821 830//830
f 821//821 829//829 830//830
f 821//821 820//820 829//829
f 821//821 831//831 822//822
f 828//828 832//832 827//827
f 832//832 834//834 833//833
f 832//832 833//833 716//716
f 827//827 832//832 716//716
f 713//713 827//827 716//716
f 833//833 718//718 716//716
f 836//836 835//835 829//829
f 715//715 836//836 829//829
f 719//719 836//836 715//715
f 829//829 835//835 830//830
f 834//834 837//837 833//833
f 837//837 839//839 838//838
f 837//837 838//838 720//720
f 833//833 837//837 720//720
f 718//718 833//833 720//720
f 838//838 722//722 720//720
f 723//723 836//836 719//719
f 723//723 840//840 836//836
f 839//839 841//841 838//838
f 841//841 843//843 842//842
f 841//841 842//842 724//724
f 838//838 841//841 724//724
f 722//722 838//838 724//724
f 842//842 726//726 724//724
f 727//727 840//840 723//723
f 727//727 844//844 840//840
f 843//843 845//845 842//842
f 845//845 847//847 846//846
f 845//845 846//846 728//728
f 842//842 845//845 728//728
f 726//726 842//842 728//728
f 846//846 729//729 728//728
f 731//731 848//848 730//730
f 848//848 849//849 730//730
f 849//849 727//727 730//730
f 849//849 844//844 727//727
f 847//847 850//850 846//846
f 850//850 852//852 851//851
f 850//850 851//851 732//732
f 846//846 850//850 732//732
f 729//729 846//846 732//732
f 851//851 733//733 732//732
f 854//854 853//853 848//848
f 731//731 854//854 848//848
f 734//734 854//854 731//731
f 848//848 853//853 849//849
f 852//852 855//855 851//851
f 733//733 851//851 855//855
f 856//856 733//733 855//855
f 736//736 733//733 856//856
f 737//737 854//854 734//734
f 737//737 857//857 854//854
f 856//856 858//858 736//736
f 736//736 858//858 738//738
f 739//739 738//738 858//858
f 739//739 858//858 859//859
f 740//740 857//857 737//737
f 740//740 860//860 857//857
f 741//741 739//739 861//861
f 739//739 862//862 861//861
f 739//739 859//859 862//862
f 861//861 742//742 741//741
f 743//743 860//860 740//740
f 743//743 863//863 860//860
f 862//862 864//864 861//861
f 742//742 861//861 864//864
f 865//865 742//742 864//864
f 745//745 742//742 865//865
f 746//746 863//863 743//743
f 746//746 866//866 863//863
f 865//865 867//867 745//745
f 745//745 867//867 747//747
f 748//748 747//747 867//867
f 748//748 867//867 868//868
f 749//749 866//866 746//746
f 749//749 869//869 866//866
f 750//750 748//748 870//870
f 748//748 871//871 870//870
f 748//748 868//868 871//871
f 870//870 751//751 750//750
f 752//752 869//869 749//749
f 752//752 872//872 869//869
f 871//871 873//873 870//870
f 751//751 870//870 873//873
f 874//874 751//751 873//873
f 753//753 751//751 874//874
f 754//754 872//872 752//752
f 754//754 875//875 872//872
f 874//874 755//755 753//753
f 876//876 755//755 874//874
f 756//756 875//875 754//754
f 756//756 877//877 875//875
f 876//876 758//758 755//755
f 878//878 758//758 876//876
f 759//759 877//877 756//756
f 759//759 879//879 877//877
f 878//878 761//761 758//758
f 880//880 761//761 878//878
f 762//762 879//879 759//759
f 762//762 881//881 879//879
f 880//880 764//764 761//761
f 882//882 764//764 880//880
f 765//765 881//881 762//762
f 765//765 883//883 881//881
f 882//882 767//767 764//764
f 884//884 767//767 882//882
f 768//768 883//883 765//765
f 768//768 885//885 883//883
f 884//884 769//769 767//767
f 886//886 769//769 884//884
f 770//770 885//885 768//768
f 770//770 887//887 885//885
f 890//890 889//889 888//888
f 886//886 890//890 888//888
f 771//771 886//886 888//888
f 769//769 886//886 771//771
f 772//772 887//887 770//770
f 772//772 891//891 887//887
f 888//888 889//889 775//775
f 889//889 774//774 775//775
f 889//889 892//892 774//774
f 888//888 775//775 771//771
f 776//776 891//891 772//772
f 776//776 893//893 891//891
f 892//892 778//778 774//774
f 894//894 778//778 892//892
f 779//779 893//893 776//776
f 779//779 895//895 893//893
f 898//898 897//897 896//896
f 894//894 898//898 896//896
f 780//780 894//894 896//896
f 778//778 894//894 780//780
f 781//781 895//895 779//779
f 781//781 899//899 895//895
f 896//896 897//897 784//784
f 897//897 783//783 784//784
f 897//897 900//900 783//783
f 896//896 784//784 780//780
f 785//785 899//899 781//781
f 785//785 901//901 899//899
f 904//904 903//903 902//902
f 900//900 904//904 902//902
f 786//786 900//900 902//902
f 783//783 900//900 786//786
f 905//905 901//901 785//785
f 905//905 785//785 787//787
f 906//906 787//787 788//788
f 906//906 905//905 787//787
f 907//907 788//788 789//789
f 907//907 906//906 788//788
f 908//908 789//789 790//790
f 908//908 907//907 789//789
f 909//909 790//790 791//791
f 909//909 908//908 790//790
f 910//910 791//791 792//792
f 910//910 909//909 791//791
f 911//911 792//792 793//793
f 911//911 910//910 792//792
f 912//912 793//793 794//794
f 912//912 911//911 793//793
f 913//913 794//794 795//795
f 913//913 912//912 794//794
f 914//914 795//795 796//796
f 914//914 913//913 795//795
f 915//915 796//796 797//797
f 915//915 914//914 796//796
f 916//916 797//797 798//798
f 916//916 915//915 797//797
f 917//917 798//798 799//799
f 917//917 916//916 798//798
f 918//918 799//799 800//800
f 918//918 917//917 799//799
f 919//919 800//800 801//801
f 919//919 918//918 800//800
f 920//920 801//801 802//802
f 920//920 919//919 801//801
f 921//921 802//802 803//803
f 921//921 920//920 802//802
f 804//804 902//902 903//903
f 921//921 804//804 903//903
f 803//803 804//804 921//921
f 902//902 804//804 786//786
f 813//813 922//922 814//814
f 923//923 815//815 814//814
f 923//923 814//814 922//922
f 924//924 816//816 815//815
f 924//924 815//815 923//923
f 924//924 818//818 816//816
f 822//822 925//925 823//823
f 926//926 824//824 823//823
f 926//926 823//823 925//925
f 922//922 813//813 824//824
f 926//926 922//922 824//824
f 927//927 922//922 926//926
f 922//922 928//928 923//923
f 922//922 927//927 928//928
f 923//923 929//929 924//924
f 923//923 928//928 929//929
f 930//930 825//825 818//818
f 924//924 930//930 818//818
f 929//929 930//930 924//924
f 931//931 826//826 825//825
f 931//931 825//825 930//930
f 931//931 828//828 826//826
f 830//830 932//932 831//831
f 925//925 822//822 831//831
f 932//932 925//925 831//831
f 933//933 925//925 932//932
f 935//935 926//926 934//934
f 926//926 933//933 934//934
f 926//926 925//925 933//933
f 926//926 935//935 927//927
f 927//927 935//935 936//936
f 927//927 936//936 928//928
f 928//928 936//936 937//937
f 928//928 937//937 929//929
f 929//929 937//937 938//938
f 929//929 938//938 930//930
f 930//930 938//938 939//939
f 941//941 940//940 939//939
f 940//940 930//930 939//939
f 940//940 931//931 930//930
f 942//942 832//832 828//828
f 931//931 942//942 828//828
f 940//940 942//942 931//931
f 942//942 834//834 832//832
f 836//836 943//943 835//835
f 932//932 830//830 835//835
f 943//943 932//932 835//835
f 944//944 932//932 943//943
f 946//946 933//933 945//945
f 933//933 944//944 945//945
f 933//933 932//932 944//944
f 933//933 946//946 934//934
f 941//941 947//947 940//940
f 940//940 947//947 942//942
f 942//942 947//947 948//948
f 948//948 950//950 949//949
f 948//948 949//949 837//837
f 942//942 948//948 837//837
f 834//834 942//942 837//837
f 949//949 839//839 837//837
f 840//840 951//951 943//943
f 840//840 943//943 836//836
f 953//953 944//944 952//952
f 944//944 951//951 952//952
f 944//944 943//943 951//951
f 944//944 953//953 945//945
f 950//950 954//954 949//949
f 954//954 956//956 955//955
f 954//954 955//955 841//841
f 949//949 954//954 841//841
f 839//839 949//949 841//841
f 955//955 843//843 841//841
f 844//844 957//957 951//951
f 844//844 951//951 840//840
f 952//952 951//951 958//958
f 958//958 951//951 957//957
f 956//956 959//959 955//955
f 959//959 961//961 960//960
f 959//959 960//960 845//845
f 955//955 959//959 845//845
f 843//843 955//955 845//845
f 960//960 847//847 845//845
f 963//963 962//962 957//957
f 844//844 963//963 957//957
f 849//849 963//963 844//844
f 957//957 962//962 958//958
f 961//961 964//964 960//960
f 964//964 966//966 965//965
f 964//964 965//965 850//850
f 960//960 964//964 850//850
f 847//847 960//960 850//850
f 965//965 852//852 850//850
f 854//854 967//967 853//853
f 967//967 968//968 853//853
f 968//968 849//849 853//853
f 968//968 963//963 849//849
f 966//966 969//969 965//965
f 969//969 971//971 970//970
f 969//969 970//970 855//855
f 965//965 969//969 855//855
f 852//852 965//965 855//855
f 970//970 856//856 855//855
f 973//973 972//972 967//967
f 854//854 973//973 967//967
f 857//857 973//973 854//854
f 967//967 972//972 968//968
f 971//971 974//974 970//970
f 974//974 976//976 975//975
f 974//974 975//975 858//858
f 970//970 974//974 858//858
f 856//856 970//970 858//858
f 975//975 859//859 858//858
f 860//860 973//973 857//857
f 860//860 977//977 973//973
f 976//976 978//978 975//975
f 859//859 975//975 978//978
f 979//979 859//859 978//978
f 862//862 859//859 979//979
f 863//863 977//977 860//860
f 863//863 980//980 977//977
f 979//979 981//981 862//862
f 862//862 981//981 864//864
f 865//865 864//864 981//981
f 865//865 981//981 982//982
f 866//866 980//980 863//863
f 866//866 983//983 980//980
f 867//867 865//865 984//984
f 865//865 985//985 984//984
f 865//865 982//982 985//985
f 984//984 868//868 867//867
f 869//869 983//983 866//866
f 869//869 986//986 983//983
f 985//985 987//987 984//984
f 868//868 984//984 987//987
f 988//988 868//868 987//987
f 871//871 868//868 988//988
f 872//872 986//986 869//869
f 872//872 989//989 986//986
f 873//873 871//871 990//990
f 871//871 991//991 990//990
f 871//871 988//988 991//991
f 990//990 874//874 873//873
f 875//875 989//989 872//872
f 875//875 992//992 989//989
f 991//991 993//993 990//990
f 874//874 990//990 993//993
f 994//994 874//874 993//993
f 876//876 874//874 994//994
f 877//877 992//992 875//875
f 877//877 995//995 992//992
f 994//994 878//878 876//876
f 996//996 878//878 994//994
f 879//879 995//995 877//877
f 879//879 997//997 995//995
f 996//996 880//880 878//878
f 998//998 880//880 996//996
f 881//881 997//997 879//879
f 881//881 999//999 997//997
f 1002//1002 1001//1001 1000//1000
f 998//998 1002//1002 1000//1000
f 882//882 998//998 1000//1000
f 880//880 998//998 882//882
f 883//883 999//999 881//881
f 883//883 1003//1003 999//999
f 1000//1000 1001//1001 1004//1004
f 1004//1004 1001//1001 1005//1005
f 1004//1004 884//884 882//882
f 1004//1004 882//882 1000//1000
f 885//885 1003//1003 883//883
f 885//885 1006//1006 1003//1003
f 1004//1004 1005//1005 1007//1007
f 1007//1007 1005//1005 1008//1008
f 1007//1007 886//886 884//884
f 1007//1007 884//884 1004//1004
f 887//887 1006//1006 885//885
f 887//887 1009//1009 1006//1006
f 1007//1007 1008//1008 890//890
f 1008//1008 889//889 890//890
f 1008//1008 1010//1010 889//889
f 1007//1007 890//890 886//886
f 891//891 1009//1009 887//887
f 891//891 1011//1011 1009//1009
f 1014//1014 1013//1013 1012//1012
f 1010//1010 1014//1014 1012//1012
f 892//892 1010//1010 1012//1012
f 889//889 1010//1010 892//892
f 893//893 1011//1011 891//891
f 893//893 1015//1015 1011//1011
f 1012//1012 1013//1013 1016//1016
f 1016//1016 1013//1013 1017//1017
f 1016//1016 894//894 892//892
f 1016//1016 892//892 1012//1012
f 895//895 1015//1015 893//893
f 895//895 1018//1018 1015//1015
f 1016//1016 1017//1017 898//898
f 1017//1017 897//897 898//898
f 1017//1017 1019//1019 897//897
f 1016//1016 898//898 894//894
f 899//899 1018//1018 895//895
f 899//899 1020//1020 1018//1018
f 1023//1023 1022//1022 1021//1021
f 1019//1019 1023//1023 1021//1021
f 900//900 1019//1019 1021//1021
f 897//897 1019//1019 900//900
f 901//901 1020//1020 899//899
f 901//901 1024//1024 1020//1020
f 1021//1021 1022//1022 904//904
f 1022//1022 903//903 904//904
f 1022//1022 1025//1025 903//903
f 1021//1021 904//904 900//900
f 1026//1026 1024//1024 901//901
f 1026//1026 901//901 905//905
f 1027//1027 905//905 906//906
f 1027//1027 1026//1026 905//905
f 1028//1028 906//906 907//907
f 1028//1028 1027//1027 906//906
f 1029//1029 907//907 908//908
f 1029//1029 1028//1028 907//907
f 1030//1030 908//908 909//909
f 1030//1030 1029//1029 908//908
f 1031//1031 909//909 910//910
f 1031//1031 1030//1030 909//909
f 1032//1032 910//910 911//911
f 1032//1032 1031//1031 910//910
f 1033//1033 911//911 912//912
f 1033//1033 1032//1032 911//911
f 1034//1034 912//912 913//913
f 1034//1034 1033//1033 912//912
f 1035//1035 913//913 914//914
f 1035//1035 1034//1034 913//913
f 1036//1036 914//914 915//915
f 1036//1036 1035//1035 914//914
f 1037//1037 915//915 916//916
f 1037//1037 1036//1036 915//915
f 1038//1038 916//916 917//917
f 1038//1038 1037//1037 916//916
f 1039//1039 917//917 918//918
f 1039//1039 1038//1038 917//917
f 1040//1040 918//918 919//919
f 1040//1040 1039//1039 918//918
f 1041//1041 919//919 920//920
f 1041//1041 1040//1040 919//919
f 1042//1042 920//920 921//921
f 1042//1042 1041//1041 920//920
f 921//921 903//903 1025//1025
f 921//921 1025//1025 1042//1042
f 934//934 1043//1043 935//935
f 1044//1044 936//936 935//935
f 1044//1044 935//935 1043//1043
f 1045//1045 937//937 936//936
f 1045//1045 936//936 1044//1044
f 1046//1046 938//938 937//937
f 1046//1046 937//937 1045//1045
f 1047//1047 939//939 938//938
f 1047//1047 938//938 1046//1046
f 1047//1047 941//941 939//939
f 945//945 1048//1048 946//946
f 1043//1043 934//934 946//946
f 1048//1048 1043//1043 946//946
f 1049//1049 1043//1043 1048//1048
f 1051//1051 1044//1044 1050//1050
f 1044//1044 1049//1049 1050//1050
f 1044//1044 1043//1043 1049//1049
f 1044//1044 1051//1051 1045//1045
f 1045//1045 1051//1051 1052//1052
f 1045//1045 1052//1052 1046//1046
f 1046//1046 1052//1052 1053//1053
f 1055//1055 1054//1054 1053//1053
f 1054//1054 1046//1046 1053//1053
f 1054//1054 1047//1047 1046//1046
f 1056//1056 947//947 941//941
f 1047//1047 1056//1056 941//941
f 1054//1054 1056//1056 1047//1047
f 1057//1057 948//948 947//947
f 1057//1057 947//947 1056//1056
f 1057//1057 950//950 948//948
f 952//952 1058//1058 953//953
f 1048//1048 945//945 953//953
f 1058//1058 1048//1048 953//953
f 1059//1059 1048//1048 1058//1058
f 1061//1061 1049//1049 1060//1060
f 1049//1049 1059//1059 1060//1060
f 1049//1049 1048//1048 1059//1059
f 1049//1049 1061//1061 1050//1050
f 1055//1055 1062//1062 1054//1054
f 1054//1054 1062//1062 1056//1056
f 1056//1056 1062//1062 1063//1063
f 1056//1056 1063//1063 1057//1057
f 1057//1057 1063//1063 1064//1064
f 1064//1064 1066//1066 1065//1065
f 1064//1064 1065//1065 954//954
f 1057//1057 1064//1064 954//954
f 950//950 1057//1057 954//954
f 1065//1065 956//956 954//954
f 958//958 1067//1067 1058//1058
f 958//958 1058//1058 952//952
f 1069//1069 1059//1059 1068//1068
f 1059//1059 1067//1067 1068//1068
f 1059//1059 1058//1058 1067//1067
f 1059//1059 1069//1069 1060//1060
f 1066//1066 1070//1070 1065//1065
f 1070//1070 1072//1072 1071//1071
f 1070//1070 1071//1071 959//959
f 1065//1065 1070//1070 959//959
f 956//956 1065//1065 959//959
f 1071//1071 961//961 959//959
f 963//963 1073//1073 962//962
f 1073//1073 1074//1074 962//962
f 962//962 1074//1074 958//958
f 1074//1074 1075//1075 958//958
f 1075//1075 1067//1067 958//958
f 1067//1067 1075//1075 1068//1068
f 1072//1072 1076//1076 1071//1071
f 1076//1076 1078//1078 1077//1077
f 1076//1076 1077//1077 964//964
f 1071//1071 1076//1076 964//964
f 961//961 1071//1071 964//964
f 1077//1077 966//966 964//964
f 968//968 1079//1079 1073//1073
f 968//968 1073//1073 963//963
f 1074//1074 1073//1073 1080//1080
f 1080//1080 1073//1073 1079//1079
f 1078//1078 1081//1081 1077//1077
f 1081//1081 1083//1083 1082//1082
f 1081//1081 1082//1082 969//969
f 1077//1077 1081//1081 969//969
f 966//966 1077//1077 969//969
f 1082//1082 971//971 969//969
f 973//973 1084//1084 972//972
f 1084//1084 1085//1085 972//972
f 972//972 1085//1085 968//968
f 1085//1085 1086//1086 968//968
f 1086//1086 1079//1079 968//968
f 1079//1079 1086//1086 1080//1080
f 1083//1083 1087//1087 1082//1082
f 1087//1087 1089//1089 1088//1088
f 1087//1087 1088//1088 974//974
f 1082//1082 1087//1087 974//974
f 971//971 1082//1082 974//974
f 1088//1088 976//976 974//974
f 977//977 1090//1090 1084//1084
f 977//977 1084//1084 973//973
f 1085//1085 1084//1084 1091//1091
f 1091//1091 1084//1084 1090//1090
f 1089//1089 1092//1092 1088//1088
f 1092//1092 1094//1094 1093//1093
f 1092//1092 1093//1093 978//978
f 1088//1088 1092//1092 978//978
f 976//976 1088//1088 978//978
f 1093//1093 979//979 978//978
f 1096//1096 1095//1095 1090//1090
f 977//977 1096//1096 1090//1090
f 980//980 1096//1096 977//977
f 1090//1090 1095//1095 1091//1091
f 1094//1094 1097//1097 1093//1093
f 1097//1097 1099//1099 1098//1098
f 1097//1097 1098//1098 981//981
f 1093//1093 1097//1097 981//981
f 979//979 1093//1093 981//981
f 1098//1098 982//982 981//981
f 983//983 1096//1096 980//980
f 983//983 1100//1100 1096//1096
f 1099//1099 1101//1101 1098//1098
f 982//982 1098//1098 1101//1101
f 1102//1102 982//982 1101//1101
f 985//985 982//982 1102//1102
f 986//986 1100//1100 983//983
f 986//986 1103//1103 1100//1100
f 987//987 985//985 1104//1104
f 985//985 1105//1105 1104//1104
f 985//985 1102//1102 1105//1105
f 1104//1104 988//988 987//987
f 989//989 1103//1103 986//986
f 989//989 1106//1106 1103//1103
f 1105//1105 1107//1107 1104//1104
f 988//988 1104//1104 1107//1107
f 1108//1108 988//988 1107//1107
f 991//991 988//988 1108//1108
f 992//992 1106//1106 989//989
f 992//992 1109//1109 1106//1106
f 993//993 991//991 1110//1110
f 991//991 1111//1111 1110//1110
f 991//991 1108//1108 1111//1111
f 1110//1110 994//994 993//993
f 995//995 1109//1109 992//992
f 995//995 1112//1112 1109//1109
f 1110//1110 1111//1111 1113//1113
f 1113//1113 1111//1111 1114//1114
f 1113//1113 996//996 994//994
f 1113//1113 994//994 1110//1110
f 997//997 1112//1112 995//995
f 997//997 1115//1115 1112//1112
f 1113//1113 1114//1114 1116//1116
f 1116//1116 1114//1114 1117//1117
f 1116//1116 998//998 996//996
f 1116//1116 996//996 1113//1113
f 999//999 1115//1115 997//997
f 999//999 1118//1118 1115//1115
f 1116//1116 1117//1117 1002//1002
f 1117//1117 1001//1001 1002//1002
f 1117//1117 1119//1119 1001//1001
f 1116//1116 1002//1002 998//998
f 1003//1003 1118//1118 999//999
f 1003//1003 1120//1120 1118//1118
f 1119//1119 1005//1005 1001//1001
f 1121//1121 1005//1005 1119//1119
f 1006//1006 1120//1120 1003//1003
f 1006//1006 1122//1122 1120//1120
f 1125//1125 1124//1124 1123//1123
f 1121//1121 1125//1125 1123//1123
f 1008//1008 1121//1121 1123//1123
f 1005//1005 1121//1121 1008//1008
f 1009//1009 1122//1122 1006//1006
f 1009//1009 1126//1126 1122//1122
f 1123//1123 1124//1124 1127//1127
f 1127//1127 1124//1124 1128//1128
f 1127//1127 1010//1010 1008//1008
f 1127//1127 1008//1008 1123//1123
f 1011//1011 1126//1126 1009//1009
f 1011//1011 1129//1129 1126//1126
f 1127//1127 1128//1128 1014//1014
f 1128//1128 1013//1013 1014//1014
f 1128//1128 1130//1130 1013//1013
f 1127//1127 1014//1014 1010//1010
f 1015//1015 1129//1129 1011//1011
f 1015//1015 1131//1131 1129//1129
f 1134//1134 1133//1133 1132//1132
f 1130//1130 1134//1134 1132//1132
f 1017//1017 1130//1130 1132//1132
f 1013//1013 1130//1130 1017//1017
f 1018//1018 1131//1131 1015//1015
f 1018//1018 1135//1135 1131//1131
f 1132//1132 1133//1133 1136//1136
f 1136//1136 1133//1133 1137//1137
f 1136//1136 1019//1019 1017//1017
f 1136//1136 1017//1017 1132//1132
f 1020//1020 1139//1139 1138//1138
f 1135//1135 1020//1020 1138//1138
f 1018//1018 1020//1020 1135//1135
f 1139//1139 1140//1140 1138//1138
f 1143//1143 1142//1142 1141//1141
f 1143//1143 1141//1141 1137//1137
f 1137//1137 1141//1141 1136//1136
f 1141//1141 1022//1022 1136//1136
f 1022//1022 1023//1023 1136//1136
f 1136//1136 1023//1023 1019//1019
f 1024//1024 1144//1144 1139//1139
f 1024//1024 1139//1139 1020//1020
f 1140//1140 1139//1139 1145//1145
f 1145//1145 1139//1139 1144//1144
f 1141//1141 1142//1142 1146//1146
f 1146//1146 1142//1142 1147//1147
f 1146//1146 1025//1025 1022//1022
f 1146//1146 1022//1022 1141//1141
f 1026//1026 1144//1144 1024//1024
f 1148//1148 1145//1145 1144//1144
f 1026//1026 1148//1148 1144//1144
f 1027//1027 1148//1148 1026//1026
f 1149//1149 1027//1027 1028//1028
f 1149//1149 1148//1148 1027//1027
f 1150//1150 1028//1028 1029//1029
f 1150//1150 1149//1149 1028//1028
f 1151//1151 1029//1029 1030//1030
f 1151//1151 1150//1150 1029//1029
f 1152//1152 1030//1030 1031//1031
f 1152//1152 1151//1151 1030//1030
f 1153//1153 1031//1031 1032//1032
f 1153//1153 1152//1152 1031//1031
f 1154//1154 1032//1032 1033//1033
f 1154//1154 1153//1153 1032//1032
f 1155//1155 1033//1033 1034//1034
f 1155//1155 1154//1154 1033//1033
f 1156//1156 1034//1034 1035//1035
f 1156//1156 1155//1155 1034//1034
f 1157//1157 1035//1035 1036//1036
f 1157//1157 1156//1156 1035//1035
f 1158//1158 1036//1036 1037//1037
f 1158//1158 1157//1157 1036//1036
f 1159//1159 1037//1037 1038//1038
f 1159//1159 1158//1158 1037//1037
f 1160//1160 1038//1038 1039//1039
f 1160//1160 1159//1159 1038//1038
f 1161//1161 1039//1039 1040//1040
f 1161//1161 1160//1160 1039//1039
f 1162//1162 1040//1040 1041//1041
f 1162//1162 1161//1161 1040//1040
f 1042//1042 1146//1146 1147//1147
f 1162//1162 1042//1042 1147//1147
f 1041//1041 1042//1042 1162//1162
f 1146//1146 1042//1042 1025//1025
f 1050//1050 1163//1163 1051//1051
f 1164//1164 1052//1052 1051//1051
f 1164//1164 1051//1051 1163//1163
f 1165//1165 1053//1053 1052//1052
f 1165//1165 1052//1052 1164//1164
f 1165//1165 1055//1055 1053//1053
f 1060//1060 1166//1166 1061//1061
f 1163//1163 1050//1050 1061//1061
f 1166//1166 1163//1163 1061//1061
f 1167//1167 1163//1163 1166//1166
f 1163//1163 1168//1168 1164//1164
f 1163//1163 1167//1167 1168//1168
f 1164//1164 1169//1169 1165//1165
f 1164//1164 1168//1168 1169//1169
f 1170//1170 1062//1062 1055//1055
f 1165//1165 1170//1170 1055//1055
f 1169//1169 1170//1170 1165//1165
f 1171//1171 1063//1063 1062//1062
f 1171//1171 1062//1062 1170//1170
f 1172//1172 1064//1064 1063//1063
f 1172//1172 1063//1063 1171//1171
f 1172//1172 1066//1066 1064//1064
f 1068//1068 1173//1173 1069//1069
f 1166//1166 1060//1060 1069//1069
f 1173//1173 1166//1166 1069//1069
f 1174//1174 1166//1166 1173//1173
f 1176//1176 1167//1167 1175//1175
f 1167//1167 1174//1174 1175//1175
f 1167//1167 1166//1166 1174//1174
f 1167//1167 1176//1176 1168//1168
f 1168//1168 1176//1176 1177//1177
f 1168//1168 1177//1177 1169//1169
f 1169//1169 1177//1177 1178//1178
f 1169//1169 1178//1178 1170//1170
f 1170//1170 1178//1178 1179//1179
f 1170//1170 1179//1179 1171//1171
f 1171//1171 1179//1179 1180//1180
f 1182//1182 1181//1181 1180//1180
f 1181//1181 1171//1171 1180//1180
f 1181//1181 1172//1172 1171//1171
f 1183//1183 1070//1070 1066//1066
f 1172//1172 1183//1183 1066//1066
f 1181//1181 1183//1183 1172//1172
f 1183//1183 1072//1072 1070//1070
f 1074//1074 1184//1184 1075//1075
f 1173//1173 1068//1068 1075//1075
f 1184//1184 1173//1173 1075//1075
f 1185//1185 1173//1173 1184//1184
f 1187//1187 1174//1174 1186//1186
f 1174//1174 1185//1185 1186//1186
f 1174//1174 1173//1173 1185//1185
f 1174//1174 1187//1187 1175//1175
f 1182//1182 1188//1188 1181//1181
f 1181//1181 1188//1188 1183//1183
f 1183//1183 1188//1188 1189//1189
f 1189//1189 1191//1191 1190//1190
f 1189//1189 1190//1190 1076//1076
f 1183//1183 1189//1189 1076//1076
f 1072//1072 1183//1183 1076//1076
f 1190//1190 1078//1078 1076//1076
f 1080//1080 1192//1192 1184//1184
f 1080//1080 1184//1184 1074//1074
f 1194//1194 1185//1185 1193//1193
f 1185//1185 1192//1192 1193//1193
f 1185//1185 1184//1184 1192//1192
f 1185//1185 1194//1194 1186//1186
f 1191//1191 1195//1195 1190//1190
f 1195//1195 1197//1197 1196//1196
f 1195//1195 1196//1196 1081//1081
f 1190//1190 1195//1195 1081//1081
f 1078//1078 1190//1190 1081//1081
f 1196//1196 1083//1083 1081//1081
f 1085//1085 1198//1198 1086//1086
f 1198//1198 1199//1199 1086//1086
f 1086//1086 1199//1199 1080//1080
f 1199//1199 1200//1200 1080//1080
f 1200//1200 1192//1192 1080//1080
f 1192//1192 1200//1200 1193//1193
f 1197//1197 1201//1201 1196//1196
f 1201//1201 1203//1203 1202//1202
f 1201//1201 1202//1202 1087//1087
f 1196//1196 1201//1201 1087//1087
f 1083//1083 1196//1196 1087//1087
f 1202//1202 1089//1089 1087//1087
f 1091//1091 1204//1204 1198//1198
f 1091//1091 1198//1198 1085//1085
f 1199//1199 1198//1198 1205//1205
f 1205//1205 1198//1198 1204//1204
f 1203//1203 1206//1206 1202//1202
f 1206//1206 1208//1208 1207//1207
f 1206//1206 1207//1207 1092//1092
f 1202//1202 1206//1206 1092//1092
f 1089//1089 1202//1202 1092//1092
f 1207//1207 1094//1094 1092//1092
f 1096//1096 1209//1209 1095//1095
f 1209//1209 1210//1210 1095//1095
f 1095//1095 1210//1210 1091//1091
f 1210//1210 1211//1211 1091//1091
f 1211//1211 1204//1204 1091//1091
f 1204//1204 1211//1211 1205//1205
f 1208//1208 1212//1212 1207//1207
f 1212//1212 1214//1214 1213//1213
f 1212//1212 1213//1213 1097//1097
f 1207//1207 1212//1212 1097//1097
f 1094//1094 1207//1207 1097//1097
f 1213//1213 1099//1099 1097//1097
f 1100//1100 1215//1215 1209//1209
f 1100//1100 1209//1209 1096//1096
f 1210//1210 1209//1209 1216//1216
f 1216//1216 1209//1209 1215//1215
f 1214//1214 1217//1217 1213//1213
f 1217//1217 1219//1219 1218//1218
f 1217//1217 1218//1218 1101//1101
f 1213//1213 1217//1217 1101//1101
f 1099//1099 1213//1213 1101//1101
f 1218//1218 1102//1102 1101//1101
f 1221//1221 1220//1220 1215//1215
f 1100//1100 1221//1221 1215//1215
f 1103//1103 1221//1221 1100//1100
f 1215//1215 1220//1220 1216//1216
f 1218//1218 1219//1219 1222//1222
f 1222//1222 1219//1219 1223//1223
f 1222//1222 1105//1105 1102//1102
f 1222//1222 1102//1102 1218//1218
f 1106//1106 1221//1221 1103//1103
f 1106//1106 1224//1224 1221//1221
f 1223//1223 1225//1225 1222//1222
f 1225//1225 1227//1227 1226//1226
f 1225//1225 1226//1226 1107//1107
f 1222//1222 1225//1225 1107//1107
f 1105//1105 1222//1222 1107//1107
f 1226//1226 1108//1108 1107//1107
f 1109//1109 1224//1224 1106//1106
f 1109//1109 1228//1228 1224//1224
f 1226//1226 1227//1227 1229//1229
f 1229//1229 1227//1227 1230//1230
f 1229//1229 1111//1111 1108//1108
f 1229//1229 1108//1108 1226//1226
f 1112//1112 1228//1228 1109//1109
f 1112//1112 1231//1231 1228//1228
f 1229//1229 1230//1230 1232//1232
f 1232//1232 1230//1230 1233//1233
f 1232//1232 1114//1114 1111//1111
f 1232//1232 1111//1111 1229//1229
f 1115//1115 1231//1231 1112//1112
f 1115//1115 1234//1234 1231//1231
f 1232//1232 1233//1233 1235//1235
f 1235//1235 1233//1233 1236//1236
f 1235//1235 1117//1117 1114//1114
f 1235//1235 1114//1114 1232//1232
f 1118//1118 1234//1234 1115//1115
f 1118//1118 1237//1237 1234//1234
f 1235//1235 1236//1236 1238//1238
f 1238//1238 1236//1236 1239//1239
f 1238//1238 1119//1119 1117//1117
f 1238//1238 1117//1117 1235//1235
f 1120//1120 1237//1237 1118//1118
f 1120//1120 1240//1240 1237//1237
f 1238//1238 1239//1239 1241//1241
f 1241//1241 1239//1239 1242//1242
f 1241//1241 1121//1121 1119//1119
f 1241//1241 1119//1119 1238//1238
f 1122//1122 1244//1244 1243//1243
f 1240//1240 1122//1122 1243//1243
f 1120//1120 1122//1122 1240//1240
f 1244//1244 1245//1245 1243//1243
f 1241//1241 1242//1242 1125//1125
f 1242//1242 1124//1124 1125//1125
f 1242//1242 1246//1246 1124//1124
f 1241//1241 1125//1125 1121//1121
f 1126//1126 1247//1247 1244//1244
f 1126//1126 1244//1244 1122//1122
f 1245//1245 1244//1244 1248//1248
f 1248//1248 1244//1244 1247//1247
f 1251//1251 1250//1250 1249//1249
f 1246//1246 1251//1251 1249//1249
f 1128//1128 1246//1246 1249//1249
f 1124//1124 1246//1246 1128//1128
f 1129//1129 1252//1252 1247//1247
f 1129//1129 1247//1247 1126//1126
f 1248//1248 1247//1247 1253//1253
f 1253//1253 1247//1247 1252//1252
f 1249//1249 1250//1250 1254//1254
f 1254//1254 1250//1250 1255//1255
f 1254//1254 1130//1130 1128//1128
f 1254//1254 1128//1128 1249//1249
f 1131//1131 1256//1256 1252//1252
f 1131//1131 1252//1252 1129//1129
f 1253//1253 1252//1252 1257//1257
f 1257//1257 1252//1252 1256//1256
f 1260//1260 1259//1259 1258//1258
f 1260//1260 1258//1258 1255//1255
f 1255//1255 1258//1258 1254//1254
f 1258//1258 1133//1133 1254//1254
f 1133//1133 1134//1134 1254//1254
f 1254//1254 1134//1134 1130//1130
f 1135//1135 1261//1261 1256//1256
f 1135//1135 1256//1256 1131//1131
f 1257//1257 1256//1256 1262//1262
f 1256//1256 1263//1263 1262//1262
f 1256//1256 1261//1261 1263//1263
f 1263//1263 1264//1264 1262//1262
f 1258//1258 1259//1259 1265//1265
f 1265//1265 1259//1259 1266//1266
f 1265//1265 1137//1137 1133//1133
f 1265//1265 1133//1133 1258//1258
f 1138//1138 1261//1261 1135//1135
f 1261//1261 1138//1138 1140//1140
f 1267//1267 1261//1261 1140//1140
f 1263//1263 1261//1261 1267//1267
f 1264//1264 1263//1263 1268//1268
f 1268//1268 1263//1263 1267//1267
f 1271//1271 1270//1270 1269//1269
f 1271//1271 1269//1269 1266//1266
f 1266//1266 1269//1269 1265//1265
f 1269//1269 1142//1142 1265//1265
f 1142//1142 1143//1143 1265//1265
f 1265//1265 1143//1143 1137//1137
f 1145//1145 1272//1272 1267//1267
f 1145//1145 1267//1267 1140//1140
f 1268//1268 1267//1267 1273//1273
f 1273//1273 1267//1267 1272//1272
f 1276//1276 1275//1275 1274//1274
f 1276//1276 1274//1274 1270//1270
f 1274//1274 1269//1269 1270//1270
f 1274//1274 1277//1277 1269//1269
f 1277//1277 1147//1147 1142//1142
f 1277//1277 1142//1142 1269//1269
f 1148//1148 1272//1272 1145//1145
f 1278//1278 1273//1273 1272//1272
f 1148//1148 1278//1278 1272//1272
f 1149//1149 1278//1278 1148//1148
f 1279//1279 1149//1149 1150//1150
f 1279//1279 1278//1278 1149//1149
f 1280//1280 1150//1150 1151//1151
f 1280//1280 1279//1279 1150//1150
f 1281//1281 1151//1151 1152//1152
f 1281//1281 1280//1280 1151//1151
f 1282//1282 1152//1152 1153//1153
f 1282//1282 1281//1281 1152//1152
f 1283//1283 1153//1153 1154//1154
f 1283//1283 1282//1282 1153//1153
f 1284//1284 1154//1154 1155//1155
f 1284//1284 1283//1283 1154//1154
f 1285//1285 1155//1155 1156//1156
f 1285//1285 1284//1284 1155//1155
f 1286//1286 1156//1156 1157//1157
f 1286//1286 1285//1285 1156//1156
f 1287//1287 1157//1157 1158//1158
f 1287//1287 1286//1286 1157//1157
f 1288//1288 1158//1158 1159//1159
f 1288//1288 1287//1287 1158//1158
f 1289//1289 1159//1159 1160//1160
f 1289//1289 1288//1288 1159//1159
f 1161//1161 1274//1274 1275//1275
f 1289//1289 1161//1161 1275//1275
f 1160//1160 1161//1161 1289//1289
f 1274//1274 1161//1161 1162//1162
f 1274//1274 1162//1162 1277//1277
f 1277//1277 1162//1162 1147//1147
f 1175//1175 1290//1290 1176//1176
f 1291//1291 1177//1177 1176//1176
f 1291//1291 1176//1176 1290//1290
f 1292//1292 1178//1178 1177//1177
f 1292//1292 1177//1177 1291//1291
f 1293//1293 1179//1179 1178//1178
f 1293//1293 1178//1178 1292//1292
f 1294//1294 1180//1180 1179//1179
f 1294//1294 1179//1179 1293//1293
f 1294//1294 1182//1182 1180//1180
f 1186//1186 1295//1295 1187//1187
f 1290//1290 1175//1175 1187//1187
f 1295//1295 1290//1290 1187//1187
f 1296//1296 1290//1290 1295//1295
f 1298//1298 1291//1291 1297//1297
f 1291//1291 1296//1296 1297//1297
f 1291//1291 1290//1290 1296//1296
f 1291//1291 1298//1298 1292//1292
f 1292//1292 1298//1298 1299//1299
f 1292//1292 1299//1299 1293//1293
f 1293//1293 1299//1299 1300//1300
f 1302//1302 1301//1301 1300//1300
f 1301//1301 1293//1293 1300//1300
f 1301//1301 1294//1294 1293//1293
f 1303//1303 1188//1188 1182//1182
f 1294//1294 1303//1303 1182//1182
f 1301//1301 1303//1303 1294//1294
f 1304//1304 1189//1189 1188//1188
f 1304//1304 1188//1188 1303//1303
f 1304//1304 1191//1191 1189//1189
f 1193//1193 1305//1305 1194//1194
f 1295//1295 1186//1186 1194//1194
f 1305//1305 1295//1295 1194//1194
f 1306//1306 1295//1295 1305//1305
f 1308//1308 1296//1296 1307//1307
f 1296//1296 1306//1306 1307//1307
f 1296//1296 1295//1295 1306//1306
f 1296//1296 1308//1308 1297//1297
f 1302//1302 1309//1309 1301//1301
f 1301//1301 1309//1309 1303//1303
f 1303//1303 1309//1309 1310//1310
f 1312//1312 1311//1311 1310//1310
f 1311//1311 1303//1303 1310//1310
f 1311//1311 1304//1304 1303//1303
f 1313//1313 1195//1195 1191//1191
f 1304//1304 1313//1313 1191//1191
f 1311//1311 1313//1313 1304//1304
f 1313//1313 1197//1197 1195//1195
f 1199//1199 1314//1314 1200//1200
f 1305//1305 1193//1193 1200//1200
f 1314//1314 1305//1305 1200//1200
f 1315//1315 1305//1305 1314//1314
f 1317//1317 1306//1306 1316//1316
f 1306//1306 1315//1315 1316//1316
f 1306//1306 1305//1305 1315//1315
f 1306//1306 1317//1317 1307//1307
f 1312//1312 1318//1318 1311//1311
f 1311//1311 1318//1318 1313//1313
f 1313//1313 1318//1318 1319//1319
f 1319//1319 1321//1321 1320//1320
f 1319//1319 1320//1320 1201//1201
f 1313//1313 1319//1319 1201//1201
f 1197//1197 1313//1313 1201//1201
f 1320//1320 1203//1203 1201//1201
f 1205//1205 1322//1322 1314//1314
f 1205//1205 1314//1314 1199//1199
f 1324//1324 1315//1315 1323//1323
f 1315//1315 1322//1322 1323//1323
f 1315//1315 1314//1314 1322//1322
f 1315//1315 1324//1324 1316//1316
f 1321//1321 1325//1325 1320//1320
f 1325//1325 1327//1327 1326//1326
f 1325//1325 1326//1326 1206//1206
f 1320//1320 1325//1325 1206//1206
f 1203//1203 1320//1320 1206//1206
f 1326//1326 1208//1208 1206//1206
f 1210//1210 1328//1328 1211//1211
f 1328//1328 1329//1329 1211//1211
f 1211//1211 1329//1329 1205//1205
f 1329//1329 1330//1330 1205//1205
f 1330//1330 1322//1322 1205//1205
f 1322//1322 1330//1330 1323//1323
f 1327//1327 1331//1331 1326//1326
f 1331//1331 1333//1333 1332//1332
f 1331//1331 1332//1332 1212//1212
f 1326//1326 1331//1331 1212//1212
f 1208//1208 1326//1326 1212//1212
f 1332//1332 1214//1214 1212//1212
f 1216//1216 1334//1334 1328//1328
f 1216//1216 1328//1328 1210//1210
f 1329//1329 1328//1328 1335//1335
f 1335//1335 1328//1328 1334//1334
f 1333//1333 1336//1336 1332//1332
f 1336//1336 1338//1338 1337//1337
f 1336//1336 1337//1337 1217//1217
f 1332//1332 1336//1336 1217//1217
f 1214//1214 1332//1332 1217//1217
f 1337//1337 1219//1219 1217//1217
f 1221//1221 1339//1339 1220//1220
f 1339//1339 1340//1340 1220//1220
f 1220//1220 1340//1340 1216//1216
f 1340//1340 1341//1341 1216//1216
f 1341//1341 1334//1334 1216//1216
f 1334//1334 1341//1341 1335//1335
f 1337//1337 1338//1338 1342//1342
f 1342//1342 1338//1338 1343//1343
f 1342//1342 1223//1223 1219//1219
f 1342//1342 1219//1219 1337//1337
f 1224//1224 1344//1344 1339//1339
f 1224//1224 1339//1339 1221//1221
f 1340//1340 1339//1339 1345//1345
f 1345//1345 1339//1339 1344//1344
f 1343//1343 1346//1346 1342//1342
f 1346//1346 1348//1348 1347//1347
f 1346//1346 1347//1347 1225//1225
f 1342//1342 1346//1346 1225//1225
f 1223//1223 1342//1342 1225//1225
f 1347//1347 1227//1227 1225//1225
f 1228//1228 1349//1349 1344//1344
f 1228//1228 1344//1344 1224//1224
f 1345//1345 1344//1344 1350//1350
f 1350//1350 1344//1344 1349//1349
f 1347//1347 1348//1348 1351//1351
f 1351//1351 1348//1348 1352//1352
f 1351//1351 1230//1230 1227//1227
f 1351//1351 1227//1227 1347//1347
f 1231//1231 1353//1353 1349//1349
f 1231//1231 1349//1349 1228//1228
f 1350//1350 1349//1349 1354//1354
f 1354//1354 1349//1349 1353//1353
f 1351//1351 1352//1352 1355//1355
f 1355//1355 1352//1352 1356//1356
f 1355//1355 1233//1233 1230//1230
f 1355//1355 1230//1230 1351//1351
f 1234//1234 1357//1357 1353//1353
f 1234//1234 1353//1353 1231//1231
f 1354//1354 1353//1353 1358//1358
f 1358//1358 1353//1353 1357//1357
f 1355//1355 1356//1356 1359//1359
f 1359//1359 1356//1356 1360//1360
f 1359//1359 1236//1236 1233//1233
f 1359//1359 1233//1233 1355//1355
f 1237//1237 1361//1361 1357//1357
f 1237//1237 1357//1357 1234//1234
f 1358//1358 1357//1357 1362//1362
f 1362//1362 1357//1357 1361//1361
f 1359//1359 1360//1360 1363//1363
f 1363//1363 1360//1360 1364//1364
f 1363//1363 1239//1239 1236//1236
f 1363//1363 1236//1236 1359//1359
f 1240//1240 1365//1365 1361//1361
f 1240//1240 1361//1361 1237//1237
f 1362//1362 1361//1361 1366//1366
f 1366//1366 1361//1361 1365//1365
f 1363//1363 1364//1364 1367//1367
f 1367//1367 1364//1364 1368//1368
f 1367//1367 1242//1242 1239//1239
f 1367//1367 1239//1239 1363//1363
f 1243//1243 1365//1365 1240//1240
f 1370//1370 1369//1369 1245//1245
f 1245//1245 1369//1369 1243//1243
f 1369//1369 1366//1366 1243//1243
f 1366//1366 1365//1365 1243//1243
f 1370//1370 1371//1371 1369//1369
f 1367//1367 1368//1368 1372//1372
f 1372//1372 1368//1368 1373//1373
f 1372//1372 1246//1246 1242//1242
f 1372//1372 1242//1242 1367//1367
f 1248//1248 1374//1374 1370//1370
f 1248//1248 1370//1370 1245//1245
f 1371//1371 1370//1370 1375//1375
f 1375//1375 1370//1370 1374//1374
f 1378//1378 1377//1377 1376//1376
f 1378//1378 1376//1376 1373//1373
f 1373//1373 1376//1376 1372//1372
f 1376//1376 1250//1250 1372//1372
f 1250//1250 1251//1251 1372//1372
f 1372//1372 1251//1251 1246//1246
f 1253//1253 1379//1379 1374//1374
f 1253//1253 1374//1374 1248//1248
f 1375//1375 1374//1374 1380//1380
f 1380//1380 1374//1374 1379//1379
f 1376//1376 1377//1377 1381//1381
f 1381//1381 1377//1377 1382//1382
f 1381//1381 1255//1255 1250//1250
f 1381//1381 1250//1250 1376//1376
f 1257//1257 1383//1383 1379//1379
f 1257//1257 1379//1379 1253//1253
f 1380//1380 1379//1379 1384//1384
f 1379//1379 1385//1385 1384//1384
f 1379//1379 1383//1383 1385//1385
f 1385//1385 1386//1386 1384//1384
f 1389//1389 1388//1388 1387//1387
f 1389//1389 1387//1387 1382//1382
f 1382//1382 1387//1387 1381//1381
f 1387//1387 1259//1259 1381//1381
f 1259//1259 1260//1260 1381//1381
f 1381//1381 1260//1260 1255//1255
f 1262//1262 1383//1383 1257//1257
f 1383//1383 1262//1262 1264//1264
f 1390//1390 1383//1383 1264//1264
f 1385//1385 1383//1383 1390//1390
f 1386//1386 1385//1385 1391//1391
f 1391//1391 1385//1385 1390//1390
f 1394//1394 1393//1393 1392//1392
f 1394//1394 1392//1392 1388//1388
f 1392//1392 1387//1387 1388//1388
f 1392//1392 1395//1395 1387//1387
f 1395//1395 1266//1266 1259//1259
f 1395//1395 1259//1259 1387//1387
f 1268//1268 1396//1396 1390//1390
f 1268//1268 1390//1390 1264//1264
f 1391//1391 1390//1390 1397//1397
f 1397//1397 1390//1390 1396//1396
f 1392//1392 1393//1393 1398//1398
f 1398//1398 1393//1393 1399//1399
f 1398//1398 1270//1270 1271//1271
f 1395//1395 1398//1398 1271//1271
f 1392//1392 1398//1398 1395//1395
f 1395//1395 1271//1271 1266//1266
f 1273//1273 1400//1400 1396//1396
f 1273//1273 1396//1396 1268//1268
f 1397//1397 1396//1396 1401//1401
f 1396//1396 1402//1402 1401//1401
f 1396//1396 1400//1400 1402//1402
f 1402//1402 1403//1403 1401//1401
f 1406//1406 1405//1405 1404//1404
f 1406//1406 1404//1404 1399//1399
f 1399//1399 1404//1404 1398//1398
f 1404//1404 1275//1275 1398//1398
f 1275//1275 1276//1276 1398//1398
f 1398//1398 1276//1276 1270//1270
f 1278//1278 1400//1400 1273//1273
f 1400//1400 1278//1278 1279//1279
f 1400//1400 1279//1279 1402//1402
f 1407//1407 1403//1403 1402//1402
f 1279//1279 1407//1407 1402//1402
f 1280//1280 1407//1407 1279//1279
f 1408//1408 1280//1280 1281//1281
f 1408//1408 1407//1407 1280//1280
f 1409//1409 1281//1281 1282//1282
f 1409//1409 1408//1408 1281//1281
f 1410//1410 1282//1282 1283//1283
f 1410//1410 1409//1409 1282//1282
f 1411//1411 1283//1283 1284//1284
f 1411//1411 1410//1410 1283//1283
f 1412//1412 1284//1284 1285//1285
f 1412//1412 1411//1411 1284//1284
f 1413//1413 1285//1285 1286//1286
f 1413//1413 1412//1412 1285//1285
f 1414//1414 1286//1286 1287//1287
f 1414//1414 1413//1413 1286//1286
f 1415//1415 1287//1287 1288//1288
f 1415//1415 1414//1414 1287//1287
f 1289//1289 1404//1404 1405//1405
f 1415//1415 1289//1289 1405//1405
f 1288//1288 1289//1289 1415//1415
f 1404//1404 1289//1289 1275//1275
f 1297//1297 1416//1416 1298//1298
f 1417//1417 1299//1299 1298//1298
f 1417//1417 1298//1298 1416//1416
f 1418//1418 1300//1300 1299//1299
f 1418//1418 1299//1299 1417//1417
f 1418//1418 1302//1302 1300//1300
f 1307//1307 1419//1419 1308//1308
f 1416//1416 1297//1297 1308//1308
f 1419//1419 1416//1416 1308//1308
f 1420//1420 1416//1416 1419//1419
f 1416//1416 1421//1421 1417//1417
f 1416//1416 1420//1420 1421//1421
f 1417//1417 1422//1422 1418//1418
f 1417//1417 1421//1421 1422//1422
f 1423//1423 1309//1309 1302//1302
f 1418//1418 1423//1423 1302//1302
f 1422//1422 1423//1423 1418//1418
f 1424//1424 1310//1310 1309//1309
f 1424//1424 1309//1309 1423//1423
f 1424//1424 1312//1312 1310//1310
f 1316//1316 1425//1425 1317//1317
f 1419//1419 1307//1307 1317//1317
f 1425//1425 1419//1419 1317//1317
f 1426//1426 1419//1419 1425//1425
f 1428//1428 1420//1420 1427//1427
f 1420//1420 1426//1426 1427//1427
f 1420//1420 1419//1419 1426//1426
f 1420//1420 1428//1428 1421//1421
f 1421//1421 1428//1428 1429//1429
f 1421//1421 1429//1429 1422//1422
f 1422//1422 1429//1429 1430//1430
f 1422//1422 1430//1430 1423//1423
f 1423//1423 1430//1430 1431//1431
f 1433//1433 1432//1432 1431//1431
f 1432//1432 1423//1423 1431//1431
f 1432//1432 1424//1424 1423//1423
f 1434//1434 1318//1318 1312//1312
f 1424//1424 1434//1434 1312//1312
f 1432//1432 1434//1434 1424//1424
f 1435//1435 1319//1319 1318//1318
f 1435//1435 1318//1318 1434//1434
f 1435//1435 1321//1321 1319//1319
f 1323//1323 1436//1436 1324//1324
f 1425//1425 1316//1316 1324//1324
f 1436//1436 1425//1425 1324//1324
f 1437//1437 1425//1425 1436//1436
f 1439//1439 1426//1426 1438//1438
f 1426//1426 1437//1437 1438//1438
f 1426//1426 1425//1425 1437//1437
f 1426//1426 1439//1439 1427//1427
f 1433//1433 1440//1440 1432//1432
f 1432//1432 1440//1440 1434//1434
f 1434//1434 1440//1440 1441//1441
f 1443//1443 1442//1442 1441//1441
f 1442//1442 1434//1434 1441//1441
f 1442//1442 1435//1435 1434//1434
f 1444//1444 1325//1325 1321//1321
f 1435//1435 1444//1444 1321//1321
f 1442//1442 1444//1444 1435//1435
f 1444//1444 1327//1327 1325//1325
f 1329//1329 1445//1445 1330//1330
f 1436//1436 1323//1323 1330//1330
f 1445//1445 1436//1436 1330//1330
f 1446//1446 1436//1436 1445//1445
f 1448//1448 1437//1437 1447//1447
f 1437//1437 1446//1446 1447//1447
f 1437//1437 1436//1436 1446//1446
f 1437//1437 1448//1448 1438//1438
f 1443//1443 1449//1449 1442//1442
f 1442//1442 1449//1449 1444//1444
f 1444//1444 1449//1449 1450//1450
f 1450//1450 1452//1452 1451//1451
f 1450//1450 1451//1451 1331//1331
f 1444//1444 1450//1450 1331//1331
f 1327//1327 1444//1444 1331//1331
f 1451//1451 1333//1333 1331//1331
f 1335//1335 1453//1453 1445//1445
f 1335//1335 1445//1445 1329//1329
f 1445//1445 1454//1454 1446//1446
f 1445//1445 1453//1453 1454//1454
f 1447//1447 1446//1446 1455//1455
f 1455//1455 1446//1446 1454//1454
f 1451//1451 1452//1452 1456//1456
f 1456//1456 1452//1452 1457//1457
f 1458//1458 1336//1336 1333//1333
f 1451//1451 1458//1458 1333//1333
f 1456//1456 1458//1458 1451//1451
f 1458//1458 1338//1338 1336//1336
f 1340//1340 1459//1459 1341//1341
f 1453//1453 1335//1335 1341//1341
f 1459//1459 1453//1453 1341//1341
f 1460//1460 1453//1453 1459//1459
f 1462//1462 1454//1454 1461//1461
f 1454//1454 1460//1460 1461//1461
f 1454//1454 1453//1453 1460//1460
f 1454//1454 1462//1462 1455//1455
f 1457//1457 1463//1463 1456//1456
f 1465//1465 1464//1464 1463//1463
f 1464//1464 1456//1456 1463//1463
f 1464//1464 1458//1458 1456//1456
f 1464//1464 1343//1343 1338//1338
f 1464//1464 1338//1338 1458//1458
f 1345//1345 1466//1466 1459//1459
f 1345//1345 1459//1459 1340//1340
f 1459//1459 1467//1467 1460//1460
f 1459//1459 1466//1466 1467//1467
f 1461//1461 1460//1460 1468//1468
f 1468//1468 1460//1460 1467//1467
f 1464//1464 1465//1465 1469//1469
f 1469//1469 1465//1465 1470//1470
f 1471//1471 1346//1346 1343//1343
f 1464//1464 1471//1471 1343//1343
f 1469//1469 1471//1471 1464//1464
f 1471//1471 1348//1348 1346//1346
f 1350//1350 1472//1472 1466//1466
f 1350//1350 1466//1466 1345//1345
f 1466//1466 1473//1473 1467//1467
f 1466//1466 1472//1472 1473//1473
f 1468//1468 1467//1467 1474//1474
f 1474//1474 1467//1467 1473//1473
f 1469//1469 1470//1470 1475//1475
f 1475//1475 1470//1470 1476//1476
f 1469//1469 1477//1477 1471//1471
f 1469//1469 1475//1475 1477//1477
f 1477//1477 1352//1352 1348//1348
f 1477//1477 1348//1348 1471//1471
f 1354//1354 1478//1478 1472//1472
f 1354//1354 1472//1472 1350//1350
f 1472//1472 1479//1479 1473//1473
f 1472//1472 1478//1478 1479//1479
f 1474//1474 1473//1473 1480//1480
f 1480//1480 1473//1473 1479//1479
f 1476//1476 1481//1481 1475//1475
f 1483//1483 1482//1482 1481//1481
f 1482//1482 1475//1475 1481//1481
f 1482//1482 1477//1477 1475//1475
f 1482//1482 1356//1356 1352//1352
f 1482//1482 1352//1352 1477//1477
f 1358//1358 1484//1484 1478//1478
f 1358//1358 1478//1478 1354//1354
f 1478//1478 1485//1485 1479//1479
f 1478//1478 1484//1484 1485//1485
f 1480//1480 1479//1479 1486//1486
f 1486//1486 1479//1479 1485//1485
f 1482//1482 1483//1483 1487//1487
f 1487//1487 1483//1483 1488//1488
f 1487//1487 1360//1360 1356//1356
f 1487//1487 1356//1356 1482//1482
f 1362//1362 1489//1489 1484//1484
f 1362//1362 1484//1484 1358//1358
f 1484//1484 1490//1490 1485//1485
f 1484//1484 1489//1489 1490//1490
f 1486//1486 1485//1485 1491//1491
f 1491//1491 1485//1485 1490//1490
f 1487//1487 1488//1488 1492//1492
f 1492//1492 1488//1488 1493//1493
f 1492//1492 1364//1364 1360//1360
f 1492//1492 1360//1360 1487//1487
f 1366//1366 1494//1494 1489//1489
f 1366//1366 1489//1489 1362//1362
f 1489//1489 1495//1495 1490//1490
f 1489//1489 1494//1494 1495//1495
f 1491//1491 1490//1490 1496//1496
f 1496//1496 1490//1490 1495//1495
f 1492//1492 1493//1493 1497//1497
f 1497//1497 1493//1493 1498//1498
f 1497//1497 1368//1368 1364//1364
f 1497//1497 1364//1364 1492//1492
f 1369//1369 1494//1494 1366//1366
f 1494//1494 1369//1369 1371//1371
f 1499//1499 1494//1494 1371//1371
f 1495//1495 1494//1494 1499//1499
f 1496//1496 1495//1495 1500//1500
f 1500//1500 1495//1495 1499//1499
f 1497//1497 1498//1498 1501//1501
f 1501//1501 1498//1498 1502//1502
f 1501//1501 1373//1373 1368//1368
f 1501//1501 1368//1368 1497//1497
f 1375//1375 1503//1503 1499//1499
f 1375//1375 1499//1499 1371//1371
f 1500//1500 1499//1499 1504//1504
f 1499//1499 1505//1505 1504//1504
f 1499//1499 1503//1503 1505//1505
f 1505//1505 1506//1506 1504//1504
f 1509//1509 1508//1508 1507//1507
f 1509//1509 1507//1507 1502//1502
f 1502//1502 1507//1507 1501//1501
f 1507//1507 1377//1377 1501//1501
f 1377//1377 1378//1378 1501//1501
f 1501//1501 1378//1378 1373//1373
f 1380//1380 1510//1510 1503//1503
f 1380//1380 1503//1503 1375//1375
f 1503//1503 1511//1511 1505//1505
f 1503//1503 1510//1510 1511//1511
f 1506//1506 1505//1505 1512//1512
f 1512//1512 1505//1505 1511//1511
f 1515//1515 1514//1514 1513//1513
f 1515//1515 1513//1513 1508//1508
f 1513//1513 1507//1507 1508//1508
f 1513//1513 1516//1516 1507//1507
f 1516//1516 1382//1382 1377//1377
f 1516//1516 1377//1377 1507//1507
f 1384//1384 1510//1510 1380//1380
f 1510//1510 1384//1384 1386//1386
f 1517//1517 1510//1510 1386//1386
f 1511//1511 1510//1510 1517//1517
f 1512//1512 1511//1511 1518//1518
f 1511//1511 1519//1519 1518//1518
f 1511//1511 1517//1517 1519//1519
f 1519//1519 1520//1520 1518//1518
f 1523//1523 1522//1522 1521//1521
f 1523//1523 1521//1521 1514//1514
f 1521//1521 1513//1513 1514//1514
f 1521//1521 1524//1524 1513//1513
f 1524//1524 1388//1388 1389//1389
f 1516//1516 1524//1524 1389//1389
f 1513//1513 1524//1524 1516//1516
f 1516//1516 1389//1389 1382//1382
f 1391//1391 1525//1525 1517//1517
f 1391//1391 1517//1517 1386//1386
f 1517//1517 1526//1526 1519//1519
f 1517//1517 1525//1525 1526//1526
f 1520//1520 1519//1519 1527//1527
f 1527//1527 1519//1519 1526//1526
f 1530//1530 1529//1529 1528//1528
f 1530//1530 1528//1528 1522//1522
f 1528//1528 1521//1521 1522//1522
f 1528//1528 1531//1531 1521//1521
f 1531//1531 1393//1393 1394//1394
f 1524//1524 1531//1531 1394//1394
f 1521//1521 1531//1531 1524//1524
f 1524//1524 1394//1394 1388//1388
f 1397//1397 1532//1532 1525//1525
f 1397//1397 1525//1525 1391//1391
f 1525//1525 1533//1533 1526//1526
f 1525//1525 1532//1532 1533//1533
f 1527//1527 1526//1526 1534//1534
f 1526//1526 1535//1535 1534//1534
f 1526//1526 1533//1533 1535//1535
f 1535//1535 1536//1536 1534//1534
f 1539//1539 1538//1538 1537//1537
f 1539//1539 1537//1537 1529//1529
f 1537//1537 1528//1528 1529//1529
f 1537//1537 1540//1540 1528//1528
f 1528//1528 1541//1541 1531//1531
f 1528//1528 1540//1540 1541//1541
f 1541//1541 1399//1399 1393//1393
f 1541//1541 1393//1393 1531//1531
f 1401//1401 1532//1532 1397//1397
f 1532//1532 1401//1401 1403//1403
f 1542//1542 1532//1532 1403//1403
f 1533//1533 1532//1532 1542//1542
f 1533//1533 1543//1543 1535//1535
f 1533//1533 1542//1542 1543//1543
f 1536//1536 1535//1535 1544//1544
f 1535//1535 1545//1545 1544//1544
f 1535//1535 1543//1543 1545//1545
f 1547//1547 1546//1546 1545//1545
f 1545//1545 1546//1546 1544//1544
f 1549//1549 1548//1548 1547//1547
f 1547//1547 1548//1548 1546//1546
f 1551//1551 1550//1550 1549//1549
f 1549//1549 1550//1550 1548//1548
f 1553//1553 1552//1552 1551//1551
f 1551//1551 1552//1552 1550//1550
f 1552//1552 1553//1553 1538//1538
f 1553//1553 1537//1537 1538//1538
f 1553//1553 1554//1554 1537//1537
f 1537//1537 1555//1555 1540//1540
f 1537//1537 1554//1554 1555//1555
f 1555//1555 1405//1405 1406//1406
f 1541//1541 1555//1555 1406//1406
f 1540//1540 1555//1555 1541//1541
f 1541//1541 1406//1406 1399//1399
f 1407//1407 1542//1542 1403//1403
f 1542//1542 1407//1407 1408//1408
f 1542//1542 1408//1408 1543//1543
f 1543//1543 1408//1408 1409//1409
f 1543//1543 1409//1409 1545//1545
f 1545//1545 1409//1409 1410//1410
f 1545//1545 1410//1410 1547//1547
f 1547//1547 1410//1410 1411//1411
f 1547//1547 1411//1411 1549//1549
f 1549//1549 1411//1411 1412//1412
f 1549//1549 1412//1412 1551//1551
f 1551//1551 1412//1412 1413//1413
f 1551//1551 1413//1413 1553//1553
f 1553//1553 1413//1413 1414//1414
f 1553//1553 1414//1414 1554//1554
f 1554//1554 1414//1414 1415//1415
f 1554//1554 1415//1415 1555//1555
f 1555//1555 1415//1415 1405//1405
f 1427//1427 1556//1556 1428//1428
f 1557//1557 1429//1429 1428//1428
f 1557//1557 1428//1428 1556//1556
f 1558//1558 1430//1430 1429//1429
f 1558//1558 1429//1429 1557//1557
f 1559//1559 1431//1431 1430//1430
f 1559//1559 1430//1430 1558//1558
f 1559//1559 1433//1433 1431//1431
f 1438//1438 1560//1560 1439//1439
f 1556//1556 1427//1427 1439//1439
f 1560//1560 1556//1556 1439//1439
f 1561//1561 1556//1556 1560//1560
f 1556//1556 1562//1562 1557//1557
f 1556//1556 1561//1561 1562//1562
f 1557//1557 1563//1563 1558//1558
f 1557//1557 1562//1562 1563//1563
f 1558//1558 1564//1564 1559//1559
f 1558//1558 1563//1563 1564//1564
f 1565//1565 1440//1440 1433//1433
f 1559//1559 1565//1565 1433//1433
f 1564//1564 1565//1565 1559//1559
f 1566//1566 1441//1441 1440//1440
f 1566//1566 1440//1440 1565//1565
f 1566//1566 1443//1443 1441//1441
f 1447//1447 1567//1567 1448//1448
f 1560//1560 1438//1438 1448//1448
f 1567//1567 1560//1560 1448//1448
f 1568//1568 1560//1560 1567//1567
f 1560//1560 1569//1569 1561//1561
f 1560//1560 1568//1568 1569//1569
f 1571//1571 1562//1562 1570//1570
f 1562//1562 1569//1569 1570//1570
f 1562//1562 1561//1561 1569//1569
f 1562//1562 1571//1571 1563//1563
f 1563//1563 1571//1571 1572//1572
f 1563//1563 1572//1572 1564//1564
f 1564//1564 1572//1572 1573//1573
f 1575//1575 1574//1574 1573//1573
f 1574//1574 1564//1564 1573//1573
f 1574//1574 1565//1565 1564//1564
f 1565//1565 1576//1576 1566//1566
f 1565//1565 1574//1574 1576//1576
f 1577//1577 1449//1449 1443//1443
f 1566//1566 1577//1577 1443//1443
f 1576//1576 1577//1577 1566//1566
f 1578//1578 1450//1450 1449//1449
f 1578//1578 1449//1449 1577//1577
f 1578//1578 1452//1452 1450//1450
f 1455//1455 1579//1579 1567//1567
f 1455//1455 1567//1567 1447//1447
f 1567//1567 1580//1580 1568//1568
f 1567//1567 1579//1579 1580//1580
f 1582//1582 1569//1569 1581//1581
f 1569//1569 1580//1580 1581//1581
f 1569//1569 1568//1568 1580//1580
f 1569//1569 1582//1582 1570//1570
f 1575//1575 1583//1583 1574//1574
f 1574//1574 1583//1583 1576//1576
f 1576//1576 1583//1583 1584//1584
f 1586//1586 1585//1585 1584//1584
f 1585//1585 1576//1576 1584//1584
f 1585//1585 1577//1577 1576//1576
f 1577//1577 1587//1587 1578//1578
f 1577//1577 1585//1585 1587//1587
f 1587//1587 1457//1457 1452//1452
f 1587//1587 1452//1452 1578//1578
f 1461//1461 1588//1588 1462//1462
f 1579//1579 1455//1455 1462//1462
f 1588//1588 1579//1579 1462//1462
f 1589//1589 1579//1579 1588//1588
f 1579//1579 1590//1590 1580//1580
f 1579//1579 1589//1589 1590//1590
f 1581//1581 1580//1580 1591//1591
f 1591//1591 1580//1580 1590//1590
f 1586//1586 1592//1592 1585//1585
f 1594//1594 1593//1593 1592//1592
f 1593//1593 1585//1585 1592//1592
f 1593//1593 1587//1587 1585//1585
f 1595//1595 1463//1463 1457//1457
f 1587//1587 1595//1595 1457//1457
f 1593//1593 1595//1595 1587//1587
f 1595//1595 1465//1465 1463//1463
f 1468//1468 1596//1596 1588//1588
f 1468//1468 1588//1588 1461//1461
f 1588//1588 1597//1597 1589//1589
f 1588//1588 1596//1596 1597//1597
f 1589//1589 1598//1598 1590//1590
f 1589//1589 1597//1597 1598//1598
f 1591//1591 1590//1590 1599//1599
f 1599//1599 1590//1590 1598//1598
f 1593//1593 1594//1594 1600//1600
f 1600//1600 1594//1594 1601//1601
f 1593//1593 1602//1602 1595//1595
f 1593//1593 1600//1600 1602//1602
f 1602//1602 1470//1470 1465//1465
f 1602//1602 1465//1465 1595//1595
f 1474//1474 1603//1603 1596//1596
f 1474//1474 1596//1596 1468//1468
f 1596//1596 1604//1604 1597//1597
f 1596//1596 1603//1603 1604//1604
f 1597//1597 1605//1605 1598//1598
f 1597//1597 1604//1604 1605//1605
f 1599//1599 1598//1598 1606//1606
f 1606//1606 1598//1598 1605//1605
f 1600//1600 1601//1601 1607//1607
f 1607//1607 1601//1601 1608//1608
f 1600//1600 1609//1609 1602//1602
f 1600//1600 1607//1607 1609//1609
f 1609//1609 1476//1476 1470//1470
f 1609//1609 1470//1470 1602//1602
f 1480//1480 1610//1610 1603//1603
f 1480//1480 1603//1603 1474//1474
f 1603//1603 1611//1611 1604//1604
f 1603//1603 1610//1610 1611//1611
f 1604//1604 1612//1612 1605//1605
f 1604//1604 1611//1611 1612//1612
f 1606//1606 1605//1605 1613//1613
f 1613//1613 1605//1605 1612//1612
f 1608//1608 1614//1614 1607//1607
f 1616//1616 1615//1615 1614//1614
f 1615//1615 1607//1607 1614//1614
f 1615//1615 1609//1609 1607//1607
f 1617//1617 1481//1481 1476//1476
f 1609//1609 1617//1617 1476//1476
f 1615//1615 1617//1617 1609//1609
f 1617//1617 1483//1483 1481//1481
f 1486//1486 1618//1618 1610//1610
f 1486//1486 1610//1610 1480//1480
f 1610//1610 1619//1619 1611//1611
f 1610//1610 1618//1618 1619//1619
f 1611//1611 1620//1620 1612//1612
f 1611//1611 1619//1619 1620//1620
f 1613//1613 1612//1612 1621//1621
f 1621//1621 1612//1612 1620//1620
f 1615//1615 1616//1616 1622//1622
f 1622//1622 1616//1616 1623//1623
f 1615//1615 1624//1624 1617//1617
f 1615//1615 1622//1622 1624//1624
f 1624//1624 1488//1488 1483//1483
f 1624//1624 1483//1483 1617//1617
f 1491//1491 1625//1625 1618//1618
f 1491//1491 1618//1618 1486//1486
f 1618//1618 1626//1626 1619//1619
f 1618//1618 1625//1625 1626//1626
f 1619//1619 1627//1627 1620//1620
f 1619//1619 1626//1626 1627//1627
f 1621//1621 1620//1620 1628//1628
f 1628//1628 1620//1620 1627//1627
f 1622//1622 1623//1623 1629//1629
f 1629//1629 1623//1623 1630//1630
f 1622//1622 1631//1631 1624//1624
f 1622//1622 1629//1629 1631//1631
f 1631//1631 1493//1493 1488//1488
f 1631//1631 1488//1488 1624//1624
f 1496//1496 1632//1632 1625//1625
f 1496//1496 1625//1625 1491//1491
f 1625//1625 1633//1633 1626//1626
f 1625//1625 1632//1632 1633//1633
f 1626//1626 1634//1634 1627//1627
f 1626//1626 1633//1633 1634//1634
f 1628//1628 1627//1627 1635//1635
f 1635//1635 1627//1627 1634//1634
f 1629//1629 1630//1630 1636//1636
f 1636//1636 1630//1630 1637//1637
f 1629//1629 1638//1638 1631//1631
f 1629//1629 1636//1636 1638//1638
f 1638//1638 1498//1498 1493//1493
f 1638//1638 1493//1493 1631//1631
f 1500//1500 1639//1639 1632//1632
f 1500//1500 1632//1632 1496//1496
f 1632//1632 1640//1640 1633//1633
f 1632//1632 1639//1639 1640//1640
f 1633//1633 1641//1641 1634//1634
f 1633//1633 1640//1640 1641//1641
f 1635//1635 1634//1634 1642//1642
f 1642//1642 1634//1634 1641//1641
f 1636//1636 1637//1637 1643//1643
f 1643//1643 1637//1637 1644//1644
f 1636//1636 1645//1645 1638//1638
f 1636//1636 1643//1643 1645//1645
f 1645//1645 1502//1502 1498//1498
f 1645//1645 1498//1498 1638//1638
f 1504//1504 1639//1639 1500//1500
f 1639//1639 1504//1504 1506//1506
f 1646//1646 1639//1639 1506//1506
f 1640//1640 1639//1639 1646//1646
f 1640//1640 1647//1647 1641//1641
f 1640//1640 1646//1646 1647//1647
f 1642//1642 1641//1641 1648//1648
f 1648//1648 1641//1641 1647//1647
f 1651//1651 1650//1650 1649//1649
f 1651//1651 1649//1649 1644//1644
f 1649//1649 1643//1643 1644//1644
f 1649//1649 1652//1652 1643//1643
f 1652//1652 1508//1508 1509//1509
f 1645//1645 1652//1652 1509//1509
f 1643//1643 1652//1652 1645//1645
f 1645//1645 1509//1509 1502//1502
f 1512//1512 1653//1653 1646//1646
f 1512//1512 1646//1646 1506//1506
f 1646//1646 1654//1654 1647//1647
f 1646//1646 1653//1653 1654//1654
f 1648//1648 1647//1647 1655//1655
f 1647//1647 1656//1656 1655//1655
f 1647//1647 1654//1654 1656//1656
f 1656//1656 1657//1657 1655//1655
f 1660//1660 1659//1659 1658//1658
f 1660//1660 1658//1658 1650//1650
f 1658//1658 1649//1649 1650//1650
f 1658//1658 1661//1661 1649//1649
f 1661//1661 1514//1514 1515//1515
f 1652//1652 1661//1661 1515//1515
f 1649//1649 1661//1661 1652//1652
f 1652//1652 1515//1515 1508//1508
f 1518//1518 1653//1653 1512//1512
f 1653//1653 1518//1518 1520//1520
f 1662//1662 1653//1653 1520//1520
f 1654//1654 1653//1653 1662//1662
f 1654//1654 1663//1663 1656//1656
f 1654//1654 1662//1662 1663//1663
f 1657//1657 1656//1656 1664//1664
f 1656//1656 1665//1665 1664//1664
f 1656//1656 1663//1663 1665//1665
f 1667//1667 1666//1666 1665//1665
f 1665//1665 1666//1666 1664//1664
f 1669//1669 1668//1668 1667//1667
f 1667//1667 1668//1668 1666//1666
f 1671//1671 1670//1670 1669//1669
f 1669//1669 1670//1670 1668//1668
f 1673//1673 1672//1672 1671//1671
f 1671//1671 1672//1672 1670//1670
f 1672//1672 1673//1673 1659//1659
f 1673//1673 1658//1658 1659//1659
f 1673//1673 1674//1674 1658//1658
f 1674//1674 1522//1522 1523//1523
f 1661//1661 1674//1674 1523//1523
f 1658//1658 1674//1674 1661//1661
f 1661//1661 1523//1523 1514//1514
f 1527//1527 1675//1675 1662//1662
f 1527//1527 1662//1662 1520//1520
f 1662//1662 1676//1676 1663//1663
f 1662//1662 1675//1675 1676//1676
f 1663//1663 1677//1677 1665//1665
f 1663//1663 1676//1676 1677//1677
f 1665//1665 1678//1678 1667//1667
f 1665//1665 1677//1677 1678//1678
f 1667//1667 1679//1679 1669//1669
f 1667//1667 1678//1678 1679//1679
f 1669//1669 1680//1680 1671//1671
f 1669//1669 1679//1679 1680//1680
f 1671//1671 1681//1681 1673//1673
f 1671//1671 1680//1680 1681//1681
f 1681//1681 1529//1529 1530//1530
f 1674//1674 1681//1681 1530//1530
f 1673//1673 1681//1681 1674//1674
f 1674//1674 1530//1530 1522//1522
f 1534//1534 1675//1675 1527//1527
f 1675//1675 1534//1534 1536//1536
f 1682//1682 1675//1675 1536//1536
f 1676//1676 1675//1675 1682//1682
f 1676//1676 1683//1683 1677//1677
f 1676//1676 1682//1682 1683//1683
f 1677//1677 1684//1684 1678//1678
f 1677//1677 1683//1683 1684//1684
f 1678//1678 1685//1685 1679//1679
f 1678//1678 1684//1684 1685//1685
f 1679//1679 1686//1686 1680//1680
f 1679//1679 1685//1685 1686//1686
f 1686//1686 1538//1538 1539//1539
f 1681//1681 1686//1686 1539//1539
f 1680//1680 1686//1686 1681//1681
f 1681//1681 1539//1539 1529//1529
f 1544//1544 1682//1682 1536//1536
f 1682//1682 1544//1544 1546//1546
f 1682//1682 1546//1546 1683//1683
f 1683//1683 1546//1546 1548//1548
f 1683//1683 1548//1548 1684//1684
f 1684//1684 1548//1548 1550//1550
f 1684//1684 1550//1550 1685//1685
f 1685//1685 1550//1550 1552//1552
f 1685//1685 1552//1552 1686//1686
f 1686//1686 1552//1552 1538//1538
f 1570//1570 1687//1687 1571//1571
f 1688//1688 1572//1572 1571//1571
f 1688//1688 1571//1571 1687//1687
f 1689//1689 1573//1573 1572//1572
f 1689//1689 1572//1572 1688//1688
f 1689//1689 1575//1575 1573//1573
f 1581//1581 1690//1690 1582//1582
f 1687//1687 1570//1570 1582//1582
f 1690//1690 1687//1687 1582//1582
f 1691//1691 1687//1687 1690//1690
f 1687//1687 1692//1692 1688//1688
f 1687//1687 1691//1691 1692//1692
f 1688//1688 1693//1693 1689//1689
f 1688//1688 1692//1692 1693//1693
f 1694//1694 1583//1583 1575//1575
f 1689//1689 1694//1694 1575//1575
f 1693//1693 1694//1694 1689//1689
f 1695//1695 1584//1584 1583//1583
f 1695//1695 1583//1583 1694//1694
f 1695//1695 1586//1586 1584//1584
f 1591//1591 1696//1696 1690//1690
f 1591//1591 1690//1690 1581//1581
f 1690//1690 1697//1697 1691//1691
f 1690//1690 1696//1696 1697//1697
f 1691//1691 1698//1698 1692//1692
f 1691//1691 1697//1697 1698//1698
f 1692//1692 1699//1699 1693//1693
f 1692//1692 1698//1698 1699//1699
f 1693//1693 1700//1700 1694//1694
f 1693//1693 1699//1699 1700//1700
f 1694//1694 1701//1701 1695//1695
f 1694//1694 1700//1700 1701//1701
f 1702//1702 1592//1592 1586//1586
f 1695//1695 1702//1702 1586//1586
f 1701//1701 1702//1702 1695//1695
f 1702//1702 1594//1594 1592//1592
f 1599//1599 1703//1703 1696//1696
f 1599//1599 1696//1696 1591//1591
f 1696//1696 1704//1704 1697//1697
f 1696//1696 1703//1703 1704//1704
f 1697//1697 1705//1705 1698//1698
f 1697//1697 1704//1704 1705//1705
f 1698//1698 1706//1706 1699//1699
f 1698//1698 1705//1705 1706//1706
f 1699//1699 1707//1707 1700//1700
f 1699//1699 1706//1706 1707//1707
f 1700//1700 1708//1708 1701//1701
f 1700//1700 1707//1707 1708//1708
f 1701//1701 1709//1709 1702//1702
f 1701//1701 1708//1708 1709//1709
f 1709//1709 1601//1601 1594//1594
f 1709//1709 1594//1594 1702//1702
f 1606//1606 1710//1710 1703//1703
f 1606//1606 1703//1703 1599//1599
f 1703//1703 1711//1711 1704//1704
f 1703//1703 1710//1710 1711//1711
f 1704//1704 1712//1712 1705//1705
f 1704//1704 1711//1711 1712//1712
f 1705//1705 1713//1713 1706//1706
f 1705//1705 1712//1712 1713//1713
f 1706//1706 1714//1714 1707//1707
f 1706//1706 1713//1713 1714//1714
f 1707//1707 1715//1715 1708//1708
f 1707//1707 1714//1714 1715//1715
f 1708//1708 1716//1716 1709//1709
f 1708//1708 1715//1715 1716//1716
f 1716//1716 1608//1608 1601//1601
f 1716//1716 1601//1601 1709//1709
f 1613//1613 1717//1717 1710//1710
f 1613//1613 1710//1710 1606//1606
f 1710//1710 1718//1718 1711//1711
f 1710//1710 1717//1717 1718//1718
f 1711//1711 1719//1719 1712//1712
f 1711//1711 1718//1718 1719//1719
f 1712//1712 1720//1720 1713//1713
f 1712//1712 1719//1719 1720//1720
f 1713//1713 1721//1721 1714//1714
f 1713//1713 1720//1720 1721//1721
f 1714//1714 1722//1722 1715//1715
f 1714//1714 1721//1721 1722//1722
f 1715//1715 1723//1723 1716//1716
f 1715//1715 1722//1722 1723//1723
f 1724//1724 1614//1614 1608//1608
f 1716//1716 1724//1724 1608//1608
f 1723//1723 1724//1724 1716//1716
f 1724//1724 1616//1616 1614//1614
f 1621//1621 1725//1725 1717//1717
f 1621//1621 1717//1717 1613//1613
f 1717//1717 1726//1726 1718//1718
f 1717//1717 1725//1725 1726//1726
f 1718//1718 1727//1727 1719//1719
f 1718//1718 1726//1726 1727//1727
f 1719//1719 1728//1728 1720//1720
f 1719//1719 1727//1727 1728//1728
f 1720//1720 1729//1729 1721//1721
f 1720//1720 1728//1728 1729//1729
f 1721//1721 1730//1730 1722//1722
f 1721//1721 1729//1729 1730//1730
f 1722//1722 1731//1731 1723//1723
f 1722//1722 1730//1730 1731//1731
f 1723//1723 1732//1732 1724//1724
f 1723//1723 1731//1731 1732//1732
f 1732//1732 1623//1623 1616//1616
f 1732//1732 1616//1616 1724//1724
f 1628//1628 1733//1733 1725//1725
f 1628//1628 1725//1725 1621//1621
f 1725//1725 1734//1734 1726//1726
f 1725//1725 1733//1733 1734//1734
f 1726//1726 1735//1735 1727//1727
f 1726//1726 1734//1734 1735//1735
f 1727//1727 1736//1736 1728//1728
f 1727//1727 1735//1735 1736//1736
f 1728//1728 1737//1737 1729//1729
f 1728//1728 1736//1736 1737//1737
f 1729//1729 1738//1738 1730//1730
f 1729//1729 1737//1737 1738//1738
f 1730//1730 1739//1739 1731//1731
f 1730//1730 1738//1738 1739//1739
f 1731//1731 1740//1740 1732//1732
f 1731//1731 1739//1739 1740//1740
f 1740//1740 1630//1630 1623//1623
f 1740//1740 1623//1623 1732//1732
f 1635//1635 1741//1741 1733//1733
f 1635//1635 1733//1733 1628//1628
f 1733//1733 1742//1742 1734//1734
f 1733//1733 1741//1741 1742//1742
f 1734//1734 1743//1743 1735//1735
f 1734//1734 1742//1742 1743//1743
f 1735//1735 1744//1744 1736//1736
f 1735//1735 1743//1743 1744//1744
f 1736//1736 1745//1745 1737//1737
f 1736//1736 1744//1744 1745//1745
f 1737//1737 1746//1746 1738//1738
f 1737//1737 1745//1745 1746//1746
f 1738//1738 1747//1747 1739//1739
f 1738//1738 1746//1746 1747//1747
f 1739//1739 1748//1748 1740//1740
f 1739//1739 1747//1747 1748//1748
f 1748//1748 1637//1637 1630//1630
f 1748//1748 1630//1630 1740//1740
f 1642//1642 1749//1749 1741//1741
f 1642//1642 1741//1741 1635//1635
f 1741//1741 1750//1750 1742//1742
f 1741//1741 1749//1749 1750//1750
f 1742//1742 1751//1751 1743//1743
f 1742//1742 1750//1750 1751//1751
f 1743//1743 1752//1752 1744//1744
f 1743//1743 1751//1751 1752//1752
f 1744//1744 1753//1753 1745//1745
f 1744//1744 1752//1752 1753//1753
f 1745//1745 1754//1754 1746//1746
f 1745//1745 1753//1753 1754//1754
f 1746//1746 1755//1755 1747//1747
f 1746//1746 1754//1754 1755//1755
f 1747//1747 1756//1756 1748//1748
f 1747//1747 1755//1755 1756//1756
f 1756//1756 1644//1644 1637//1637
f 1756//1756 1637//1637 1748//1748
f 1648//1648 1757//1757 1749//1749
f 1648//1648 1749//1749 1642//1642
f 1749//1749 1758//1758 1750//1750
f 1749//1749 1757//1757 1758//1758
f 1750//1750 1759//1759 1751//1751
f 1750//1750 1758//1758 1759//1759
f 1751//1751 1760//1760 1752//1752
f 1751//1751 1759//1759 1760//1760
f 1752//1752 1761//1761 1753//1753
f 1752//1752 1760//1760 1761//1761
f 1753//1753 1762//1762 1754//1754
f 1753//1753 1761//1761 1762//1762
f 1754//1754 1763//1763 1755//1755
f 1754//1754 1762//1762 1763//1763
f 1763//1763 1650//1650 1651//1651
f 1756//1756 1763//1763 1651//1651
f 1755//1755 1763//1763 1756//1756
f 1756//1756 1651//1651 1644//1644
f 1655//1655 1757//1757 1648//1648
f 1757//1757 1655//1655 1657//1657
f 1764//1764 1757//1757 1657//1657
f 1758//1758 1757//1757 1764//1764
f 1758//1758 1765//1765 1759//1759
f 1758//1758 1764//1764 1765//1765
f 1759//1759 1766//1766 1760//1760
f 1759//1759 1765//1765 1766//1766
f 1760//1760 1767//1767 1761//1761
f 1760//1760 1766//1766 1767//1767
f 1761//1761 1768//1768 1762//1762
f 1761//1761 1767//1767 1768//1768
f 1768//1768 1659//1659 1660//1660
f 1763//1763 1768//1768 1660//1660
f 1762//1762 1768//1768 1763//1763
f 1763//1763 1660//1660 1650//1650
f 1664//1664 1764//1764 1657//1657
f 1764//1764 1664//1664 1666//1666
f 1764//1764 1666//1666 1765//1765
f 1765//1765 1666//1666 1668//1668
f 1765//1765 1668//1668 1766//1766
f 1766//1766 1668//1668 1670//1670
f 1766//1766 1670//1670 1767//1767
f 1767//1767 1670//1670 1672//1672
f 1767//1767 1672//1672 1768//1768
f 1768//1768 1672//1672 1659//1659
