# generated by tools/gen_cave.py
o cave_30
v 48.000 -2.750 4.000
v 48.000 -2.750 4.000
v 48.000 -2.500 4.000
v 48.000 -2.250 4.000
v 48.000 -2.000 4.000
v 48.000 -1.750 4.000
v 48.000 -1.750 4.000
v 48.000 -3.272 4.250
v 48.000 -3.250 4.228
v 48.000 -3.000 4.010
v 48.000 -1.500 4.134
v 48.000 -1.404 4.250
v 48.000 -3.475 4.500
v 48.000 -1.250 4.421
v 48.000 -1.194 4.500
v 48.000 -3.500 4.573
v 48.000 -3.562 4.750
v 48.000 -1.012 4.750
v 48.000 -3.750 4.981
v 48.000 -3.794 5.000
v 48.000 -1.000 4.768
v 48.000 -0.873 5.000
v 48.000 -3.941 5.250
v 48.000 -0.770 5.250
v 48.000 -3.949 5.500
v 48.000 -0.750 5.321
v 48.000 -0.701 5.500
v 48.000 -3.943 5.750
v 48.000 -0.655 5.750
v 48.000 -3.936 6.000
v 48.000 -0.626 6.000
v 48.000 -3.929 6.250
v 48.000 -0.605 6.250
v 48.000 -3.921 6.500
v 48.000 -0.592 6.500
v 48.000 -3.911 6.750
v 48.000 -0.580 6.750
v 48.000 -3.900 7.000
v 48.000 -0.569 7.000
v 48.000 -3.887 7.250
v 48.000 -0.559 7.250
v 48.000 -3.875 7.500
v 48.000 -0.557 7.500
v 48.000 -3.863 7.750
v 48.000 -0.569 7.750
v 48.000 -3.850 8.000
v 48.000 -0.590 8.000
v 48.000 -3.838 8.250
v 48.000 -0.608 8.250
v 48.000 -3.825 8.500
v 48.000 -0.619 8.500
v 48.000 -3.813 8.750
v 48.000 -0.626 8.750
v 48.000 -3.801 9.000
v 48.000 -0.636 9.000
v 48.000 -3.790 9.250
v 48.000 -0.655 9.250
v 48.000 -3.781 9.500
v 48.000 -0.686 9.500
v 48.000 -3.772 9.750
v 48.000 -0.730 9.750
v 48.000 -3.763 10.000
v 48.000 -0.797 10.000
v 48.000 -0.750 9.829
v 48.000 -3.753 10.250
v 48.000 -0.892 10.250
v 48.000 -3.750 10.319
v 48.000 -3.742 10.500
v 48.000 -1.015 10.500
v 48.000 -1.000 10.472
v 48.000 -3.725 10.750
v 48.000 -1.151 10.750
v 48.000 -3.701 11.000
v 48.000 -1.305 11.000
v 48.000 -1.250 10.921
v 48.000 -3.609 11.250
v 48.000 -1.499 11.250
v 48.000 -3.500 11.370
v 48.000 -3.252 11.500
v 48.000 -1.754 11.500
v 48.000 -1.750 11.498
v 48.000 -1.500 11.252
v 48.000 -3.250 11.501
v 48.000 -3.000 11.578
v 48.000 -2.750 11.669
v 48.000 -2.514 11.750
v 48.000 -2.199 11.750
v 48.000 -2.000 11.683
v 48.000 -2.500 11.758
v 48.000 -2.250 11.777
v 48.000 -2.250 12.210
v 48.000 -2.373 12.250
v 48.000 -2.108 12.250
v 48.000 -3.250 12.493
v 48.000 -3.261 12.500
v 48.000 -3.000 12.420
v 48.000 -2.750 12.391
v 48.000 -2.500 12.272
v 48.000 -2.000 12.266
v 48.000 -1.750 12.378
v 48.000 -1.581 12.500
v 48.000 -3.491 12.750
v 48.000 -1.500 12.548
v 48.000 -1.250 12.749
v 48.000 -1.249 12.750
v 48.000 -3.471 13.000
v 48.000 -1.004 13.000
v 48.000 -3.453 13.250
v 48.000 -1.000 13.005
v 48.000 -0.836 13.250
v 48.000 -3.441 13.500
v 48.000 -0.750 13.422
v 48.000 -0.715 13.500
v 48.000 -3.430 13.750
v 48.000 -0.636 13.750
v 48.000 -3.424 14.000
v 48.000 -0.579 14.000
v 48.000 -3.418 14.250
v 48.000 -0.536 14.250
v 48.000 -3.411 14.500
v 48.000 -0.501 14.500
v 48.000 -3.405 14.750
v 48.000 -0.500 14.512
v 48.000 -0.477 14.750
v 48.000 -3.398 15.000
v 48.000 -0.465 15.000
v 48.000 -3.392 15.250
v 48.000 -0.469 15.250
v 48.000 -3.386 15.500
v 48.000 -0.493 15.500
v 48.000 -3.379 15.750
v 48.000 -0.547 15.750
v 48.000 -0.500 15.535
v 48.000 -3.372 16.000
v 48.000 -0.643 16.000
v 48.000 -2.750 4.000
v 48.000 -2.500 4.000
v 48.000 -2.250 4.000
v 48.000 -2.000 4.000
v 48.000 -1.750 4.000
v 48.014 -3.250 4.250
v 48.160 -3.000 4.250
v 48.250 -2.756 4.250
v 48.250 -2.750 4.247
v 48.250 -2.500 4.186
v 48.250 -2.250 4.180
v 48.250 -2.000 4.240
v 48.176 -1.750 4.250
v 48.250 -1.980 4.250
v 48.058 -1.500 4.250
v 48.219 -3.250 4.500
v 48.250 -3.203 4.500
v 48.250 -3.000 4.358
v 48.250 -1.750 4.360
v 48.215 -1.500 4.500
v 48.250 -1.565 4.500
v 48.046 -1.250 4.500
v 48.184 -3.500 4.750
v 48.250 -3.478 4.750
v 48.250 -3.250 4.531
v 48.250 -1.500 4.544
v 48.223 -1.250 4.750
v 48.250 -1.284 4.750
v 48.043 -3.750 5.000
v 48.250 -3.666 5.000
v 48.250 -3.500 4.783
v 48.250 -1.250 4.787
v 48.145 -1.000 5.000
v 48.250 -1.099 5.000
v 48.250 -3.750 5.072
v 48.250 -3.919 5.250
v 48.250 -1.000 5.190
v 48.250 -0.971 5.250
v 48.250 -3.944 5.500
v 48.070 -0.750 5.500
v 48.250 -0.878 5.500
v 48.250 -3.937 5.750
v 48.158 -0.750 5.750
v 48.250 -0.808 5.750
v 48.250 -3.930 6.000
v 48.243 -0.750 6.000
v 48.250 -0.754 6.000
v 48.250 -3.922 6.250
v 48.250 -0.750 6.024
v 48.250 -0.718 6.250
v 48.250 -3.914 6.500
v 48.250 -0.690 6.500
v 48.250 -3.904 6.750
v 48.250 -0.666 6.750
v 48.250 -3.894 7.000
v 48.250 -0.637 7.000
v 48.250 -3.882 7.250
v 48.250 -0.610 7.250
v 48.250 -3.870 7.500
v 48.250 -0.594 7.500
v 48.250 -3.857 7.750
v 48.250 -0.595 7.750
v 48.250 -3.844 8.000
v 48.250 -0.609 8.000
v 48.250 -3.831 8.250
v 48.250 -0.622 8.250
v 48.250 -3.817 8.500
v 48.250 -0.624 8.500
v 48.250 -3.804 8.750
v 48.250 -0.620 8.750
v 48.250 -3.792 9.000
v 48.250 -0.619 9.000
v 48.250 -3.781 9.250
v 48.250 -0.632 9.250
v 48.250 -3.771 9.500
v 48.250 -0.655 9.500
v 48.250 -3.762 9.750
v 48.250 -0.687 9.750
v 48.250 -3.753 10.000
v 48.161 -0.750 10.000
v 48.250 -0.726 10.000
v 48.250 -3.750 10.071
v 48.077 -3.750 10.250
v 48.250 -3.742 10.250
v 48.250 -0.780 10.250
v 48.250 -0.750 10.118
v 48.250 -3.729 10.500
v 48.021 -1.000 10.500
v 48.250 -0.854 10.500
v 48.250 -3.714 10.750
v 48.177 -1.000 10.750
v 48.250 -0.946 10.750
v 48.250 -3.694 11.000
v 48.047 -1.250 11.000
v 48.250 -1.049 11.000
v 48.250 -1.000 10.890
v 48.250 -3.672 11.250
v 48.184 -1.250 11.250
v 48.250 -1.177 11.250
v 48.086 -3.500 11.500
v 48.250 -3.633 11.500
v 48.001 -1.750 11.500
v 48.129 -1.500 11.500
v 48.250 -1.328 11.500
v 48.250 -1.250 11.380
v 48.215 -3.500 11.750
v 48.250 -3.543 11.750
v 48.137 -3.250 11.750
v 48.096 -3.000 11.750
v 48.046 -2.750 11.750
v 48.028 -2.000 11.750
v 48.104 -1.750 11.750
v 48.225 -1.500 11.750
v 48.250 -1.462 11.750
v 48.250 -3.500 11.901
v 48.250 -3.432 12.000
v 48.199 -3.250 12.000
v 48.160 -3.000 12.000
v 48.127 -2.750 12.000
v 48.072 -2.500 12.000
v 48.055 -2.250 12.000
v 48.077 -2.000 12.000
v 48.139 -1.750 12.000
v 48.249 -1.500 12.000
v 48.250 -1.498 12.000
v 48.209 -3.500 12.250
v 48.250 -3.500 12.083
v 48.250 -3.533 12.250
v 48.127 -3.250 12.250
v 48.089 -3.000 12.250
v 48.069 -2.750 12.250
v 48.011 -2.500 12.250
v 48.008 -2.000 12.250
v 48.064 -1.750 12.250
v 48.165 -1.500 12.250
v 48.250 -1.361 12.250
v 48.195 -3.500 12.500
v 48.250 -3.519 12.500
v 48.031 -1.500 12.500
v 48.250 -1.250 12.374
v 48.175 -1.250 12.500
v 48.250 -1.151 12.500
v 48.250 -3.500 12.734
v 48.250 -3.498 12.750
v 48.197 -1.000 12.750
v 48.250 -1.000 12.678
v 48.250 -0.946 12.750
v 48.250 -3.477 13.000
v 48.004 -1.000 13.000
v 48.250 -0.795 13.000
v 48.250 -3.463 13.250
v 48.146 -0.750 13.250
v 48.250 -0.750 13.105
v 48.250 -0.696 13.250
v 48.250 -3.449 13.500
v 48.250 -0.629 13.500
v 48.250 -3.440 13.750
v 48.250 -0.584 13.750
v 48.250 -3.432 14.000
v 48.250 -0.552 14.000
v 48.250 -3.426 14.250
v 48.250 -0.528 14.250
v 48.250 -3.419 14.500
v 48.250 -0.511 14.500
v 48.250 -3.413 14.750
v 48.215 -0.500 14.750
v 48.250 -0.504 14.750
v 48.250 -3.406 15.000
v 48.189 -0.500 15.000
v 48.250 -0.512 15.000
v 48.250 -3.400 15.250
v 48.110 -0.500 15.250
v 48.250 -0.542 15.250
v 48.250 -3.395 15.500
v 48.017 -0.500 15.500
v 48.250 -0.599 15.500
v 48.250 -3.388 15.750
v 48.250 -0.687 15.750
v 48.250 -3.380 16.000
v 48.166 -0.750 16.000
v 48.250 -0.811 16.000
v 48.250 -0.750 15.886
v 48.252 -2.750 4.250
v 48.306 -2.500 4.250
v 48.307 -2.250 4.250
v 48.257 -2.000 4.250
v 48.392 -3.000 4.500
v 48.500 -2.753 4.500
v 48.500 -2.750 4.499
v 48.500 -2.500 4.449
v 48.500 -2.250 4.458
v 48.472 -2.000 4.500
v 48.500 -2.105 4.500
v 48.358 -1.750 4.500
v 48.477 -3.250 4.750
v 48.500 -3.216 4.750
v 48.500 -3.000 4.605
v 48.500 -2.000 4.530
v 48.500 -1.750 4.661
v 48.417 -1.500 4.750
v 48.500 -1.633 4.750
v 48.500 -3.500 4.984
v 48.500 -3.518 5.000
v 48.500 -3.250 4.774
v 48.500 -1.500 4.856
v 48.400 -1.250 5.000
v 48.500 -1.369 5.000
v 48.500 -3.750 5.227
v 48.500 -3.770 5.250
v 48.500 -1.250 5.160
v 48.284 -1.000 5.250
v 48.500 -1.196 5.250
v 48.500 -3.918 5.500
v 48.409 -1.000 5.500
v 48.500 -1.075 5.500
v 48.500 -3.932 5.750
v 48.500 -1.000 5.696
v 48.500 -0.981 5.750
v 48.500 -3.925 6.000
v 48.500 -0.910 6.000
v 48.500 -3.917 6.250
v 48.309 -0.750 6.250
v 48.500 -0.864 6.250
v 48.500 -3.908 6.500
v 48.363 -0.750 6.500
v 48.500 -0.831 6.500
v 48.500 -3.898 6.750
v 48.417 -0.750 6.750
v 48.500 -0.796 6.750
v 48.500 -3.886 7.000
v 48.500 -0.750 6.977
v 48.500 -0.745 7.000
v 48.500 -3.875 7.250
v 48.500 -0.690 7.250
v 48.500 -3.863 7.500
v 48.500 -0.652 7.500
v 48.500 -3.851 7.750
v 48.500 -0.641 7.750
v 48.500 -3.837 8.000
v 48.500 -0.647 8.000
v 48.500 -3.824 8.250
v 48.500 -0.655 8.250
v 48.500 -3.810 8.500
v 48.500 -0.652 8.500
v 48.500 -3.797 8.750
v 48.500 -0.641 8.750
v 48.500 -3.785 9.000
v 48.500 -0.634 9.000
v 48.500 -3.773 9.250
v 48.500 -0.640 9.250
v 48.500 -3.762 9.500
v 48.500 -0.655 9.500
v 48.500 -3.752 9.750
v 48.500 -0.672 9.750
v 48.500 -3.750 9.802
v 48.313 -3.750 10.000
v 48.500 -3.741 10.000
v 48.500 -0.685 10.000
v 48.500 -3.729 10.250
v 48.341 -0.750 10.250
v 48.500 -0.703 10.250
v 48.500 -3.716 10.500
v 48.464 -0.750 10.500
v 48.500 -0.735 10.500
v 48.500 -3.699 10.750
v 48.500 -0.790 10.750
v 48.500 -0.750 10.573
v 48.500 -3.679 11.000
v 48.309 -1.000 11.000
v 48.500 -0.868 11.000
v 48.500 -3.662 11.250
v 48.446 -1.000 11.250
v 48.500 -0.961 11.250
v 48.500 -3.641 11.500
v 48.312 -1.250 11.500
v 48.500 -1.064 11.500
v 48.500 -1.000 11.351
v 48.500 -3.607 11.750
v 48.405 -1.250 11.750
v 48.500 -1.146 11.750
v 48.292 -3.500 12.000
v 48.500 -3.579 12.000
v 48.417 -1.250 12.000
v 48.500 -1.151 12.000
v 48.500 -3.544 12.250
v 48.324 -1.250 12.250
v 48.500 -1.040 12.250
v 48.500 -3.522 12.500
v 48.385 -1.000 12.500
v 48.500 -1.000 12.314
v 48.500 -0.890 12.500
v 48.310 -3.500 12.750
v 48.500 -3.504 12.750
v 48.500 -0.750 12.750
v 48.500 -0.750 12.749
v 48.500 -0.750 12.750
v 48.500 -3.500 12.829
v 48.500 -3.489 13.000
v 48.327 -0.750 13.000
v 48.500 -0.659 13.000
v 48.500 -3.472 13.250
v 48.500 -0.603 13.250
v 48.500 -3.460 13.500
v 48.500 -0.572 13.500
v 48.500 -3.449 13.750
v 48.500 -0.556 13.750
v 48.500 -3.440 14.000
v 48.500 -0.548 14.000
v 48.500 -3.434 14.250
v 48.500 -0.547 14.250
v 48.500 -3.427 14.500
v 48.500 -0.551 14.500
v 48.500 -3.421 14.750
v 48.500 -0.565 14.750
v 48.500 -3.415 15.000
v 48.500 -0.596 15.000
v 48.500 -3.411 15.250
v 48.500 -0.652 15.250
v 48.500 -3.404 15.500
v 48.500 -0.735 15.500
v 48.500 -3.398 15.750
v 48.350 -0.750 15.750
v 48.500 -0.853 15.750
v 48.500 -0.750 15.536
v 48.500 -3.388 16.000
v 48.482 -1.000 16.000
v 48.500 -1.018 16.000
v 48.500 -1.000 15.978
v 48.501 -2.750 4.500
v 48.546 -2.500 4.500
v 48.536 -2.250 4.500
v 48.626 -3.000 4.750
v 48.713 -2.750 4.750
v 48.748 -2.500 4.750
v 48.735 -2.250 4.750
v 48.676 -2.000 4.750
v 48.569 -1.750 4.750
v 48.513 -3.500 5.000
v 48.684 -3.250 5.000
v 48.750 -3.127 5.000
v 48.750 -3.000 4.909
v 48.750 -2.750 4.800
v 48.750 -2.500 4.753
v 48.750 -2.250 4.771
v 48.750 -2.000 4.857
v 48.744 -1.750 5.000
v 48.750 -1.766 5.000
v 48.601 -1.500 5.000
v 48.516 -3.750 5.250
v 48.689 -3.500 5.250
v 48.750 -3.410 5.250
v 48.750 -3.250 5.093
v 48.750 -1.750 5.010
v 48.750 -1.500 5.249
v 48.554 -1.250 5.250
v 48.750 -1.499 5.250
v 48.675 -3.750 5.500
v 48.750 -3.647 5.500
v 48.750 -3.500 5.343
v 48.684 -1.250 5.500
v 48.750 -1.328 5.500
v 48.750 -3.750 5.625
v 48.750 -3.839 5.750
v 48.750 -1.250 5.649
v 48.525 -1.000 5.750
v 48.750 -1.203 5.750
v 48.750 -3.907 6.000
v 48.616 -1.000 6.000
v 48.750 -1.119 6.000
v 48.750 -3.912 6.250
v 48.676 -1.000 6.250
v 48.750 -1.065 6.250
v 48.750 -3.904 6.500
v 48.718 -1.000 6.500
v 48.750 -1.028 6.500
v 48.750 -3.893 6.750
v 48.750 -1.000 6.646
v 48.750 -0.981 6.750
v 48.750 -3.880 7.000
v 48.508 -0.750 7.000
v 48.750 -0.904 7.000
v 48.750 -3.868 7.250
v 48.627 -0.750 7.250
v 48.750 -0.815 7.250
v 48.750 -3.855 7.500
v 48.750 -0.750 7.475
v 48.750 -0.744 7.500
v 48.750 -3.843 7.750
v 48.750 -0.717 7.750
v 48.750 -3.830 8.000
v 48.750 -0.715 8.000
v 48.750 -3.817 8.250
v 48.750 -0.717 8.250
v 48.750 -3.804 8.500
v 48.750 -0.706 8.500
v 48.750 -3.791 8.750
v 48.750 -0.688 8.750
v 48.750 -3.778 9.000
v 48.750 -0.673 9.000
v 48.750 -3.766 9.250
v 48.750 -0.670 9.250
v 48.750 -3.754 9.500
v 48.750 -0.674 9.500
v 48.750 -3.750 9.595
v 48.555 -3.750 9.750
v 48.750 -3.741 9.750
v 48.750 -0.674 9.750
v 48.750 -3.729 10.000
v 48.750 -0.665 10.000
v 48.750 -3.716 10.250
v 48.750 -0.657 10.250
v 48.750 -3.703 10.500
v 48.750 -0.664 10.500
v 48.750 -3.687 10.750
v 48.591 -0.750 10.750
v 48.750 -0.691 10.750
v 48.750 -3.668 11.000
v 48.726 -0.750 11.000
v 48.750 -0.739 11.000
v 48.750 -3.648 11.250
v 48.750 -0.804 11.250
v 48.750 -0.750 11.046
v 48.750 -3.626 11.500
v 48.574 -1.000 11.500
v 48.750 -0.869 11.500
v 48.750 -3.602 11.750
v 48.646 -1.000 11.750
v 48.750 -0.910 11.750
v 48.750 -3.568 12.000
v 48.635 -1.000 12.000
v 48.750 -0.889 12.000
v 48.750 -3.545 12.250
v 48.538 -1.000 12.250
v 48.750 -0.806 12.250
v 48.750 -3.526 12.500
v 48.683 -0.750 12.500
v 48.750 -0.750 12.386
v 48.750 -0.706 12.500
v 48.750 -3.513 12.750
v 48.750 -0.623 12.750
v 48.750 -3.500 12.983
v 48.750 -3.499 13.000
v 48.750 -0.569 13.000
v 48.750 -3.484 13.250
v 48.750 -0.547 13.250
v 48.750 -3.471 13.500
v 48.750 -0.544 13.500
v 48.750 -3.459 13.750
v 48.750 -0.553 13.750
v 48.750 -3.450 14.000
v 48.750 -0.569 14.000
v 48.750 -3.442 14.250
v 48.750 -0.590 14.250
v 48.750 -3.437 14.500
v 48.750 -0.620 14.500
v 48.750 -3.431 14.750
v 48.750 -0.664 14.750
v 48.750 -3.426 15.000
v 48.750 -0.725 15.000
v 48.750 -3.421 15.250
v 48.665 -0.750 15.250
v 48.750 -0.809 15.250
v 48.750 -0.750 15.080
v 48.750 -3.416 15.500
v 48.523 -0.750 15.500
v 48.750 -0.921 15.500
v 48.750 -3.407 15.750
v 48.679 -1.000 15.750
v 48.750 -1.072 15.750
v 48.750 -1.000 15.642
v 48.750 -3.305 16.000
v 48.711 -1.250 16.000
v 48.750 -1.305 16.000
v 48.750 -1.250 15.953
v 48.809 -3.000 5.000
v 48.874 -2.750 5.000
v 48.895 -2.500 5.000
v 48.882 -2.250 5.000
v 48.833 -2.000 5.000
v 48.851 -3.250 5.250
v 48.970 -3.000 5.250
v 49.000 -2.873 5.250
v 49.000 -2.750 5.205
v 49.000 -2.500 5.177
v 49.000 -2.250 5.208
v 48.971 -2.000 5.250
v 49.000 -2.137 5.250
v 48.883 -1.750 5.250
v 48.751 -1.500 5.250
v 48.849 -3.500 5.500
v 49.000 -3.262 5.500
v 49.000 -3.250 5.488
v 49.000 -3.000 5.298
v 49.000 -2.000 5.304
v 49.000 -1.750 5.487
v 48.873 -1.500 5.500
v 49.000 -1.737 5.500
v 48.821 -3.750 5.750
v 48.992 -3.500 5.750
v 49.000 -3.487 5.750
v 48.976 -1.500 5.750
v 49.000 -1.540 5.750
v 48.792 -1.250 5.750
v 48.932 -3.750 6.000
v 49.000 -3.654 6.000
v 49.000 -3.500 5.769
v 49.000 -1.500 5.824
v 48.869 -1.250 6.000
v 49.000 -1.419 6.000
v 48.999 -3.750 6.250
v 49.000 -3.749 6.250
v 48.922 -1.250 6.250
v 49.000 -1.347 6.250
v 49.000 -3.750 6.253
v 49.000 -3.804 6.500
v 48.962 -1.250 6.500
v 49.000 -1.295 6.500
v 49.000 -3.848 6.750
v 49.000 -1.250 6.663
v 48.771 -1.000 6.750
v 49.000 -1.228 6.750
v 49.000 -3.873 7.000
v 48.866 -1.000 7.000
v 49.000 -1.127 7.000
v 49.000 -3.860 7.250
v 49.000 -1.000 7.248
v 49.000 -0.999 7.250
v 49.000 -3.847 7.500
v 48.762 -0.750 7.500
v 49.000 -0.899 7.500
v 49.000 -3.835 7.750
v 48.822 -0.750 7.750
v 49.000 -0.847 7.750
v 49.000 -3.822 8.000
v 48.835 -0.750 8.000
v 49.000 -0.831 8.000
v 49.000 -3.810 8.250
v 48.839 -0.750 8.250
v 49.000 -0.820 8.250
v 49.000 -3.797 8.500
v 48.882 -0.750 8.500
v 49.000 -0.795 8.500
v 49.000 -3.784 8.750
v 48.967 -0.750 8.750
v 49.000 -0.760 8.750
v 49.000 -3.772 9.000
v 49.000 -0.750 8.835
v 49.000 -0.732 9.000
v 49.000 -3.759 9.250
v 49.000 -0.715 9.250
v 49.000 -3.750 9.439
v 48.898 -3.750 9.500
v 49.000 -3.746 9.500
v 49.000 -0.702 9.500
v 49.000 -3.731 9.750
v 49.000 -0.685 9.750
v 49.000 -3.718 10.000
v 49.000 -0.659 10.000
v 49.000 -3.703 10.250
v 49.000 -0.635 10.250
v 49.000 -3.689 10.500
v 49.000 -0.624 10.500
v 49.000 -3.675 10.750
v 49.000 -0.632 10.750
v 49.000 -3.659 11.000
v 49.000 -0.654 11.000
v 49.000 -3.641 11.250
v 48.860 -0.750 11.250
v 49.000 -0.687 11.250
v 49.000 -3.621 11.500
v 48.948 -0.750 11.500
v 49.000 -0.721 11.500
v 49.000 -3.598 11.750
v 48.979 -0.750 11.750
v 49.000 -0.737 11.750
v 49.000 -3.568 12.000
v 48.936 -0.750 12.000
v 49.000 -0.709 12.000
v 49.000 -3.548 12.250
v 48.833 -0.750 12.250
v 49.000 -0.653 12.250
v 49.000 -3.531 12.500
v 49.000 -0.590 12.500
v 49.000 -3.519 12.750
v 49.000 -0.540 12.750
v 48.779 -3.500 13.000
v 49.000 -3.507 13.000
v 49.000 -0.519 13.000
v 49.000 -3.500 13.170
v 49.000 -3.496 13.250
v 49.000 -0.526 13.250
v 49.000 -3.483 13.500
v 49.000 -0.552 13.500
v 49.000 -3.471 13.750
v 49.000 -0.586 13.750
v 49.000 -3.461 14.000
v 49.000 -0.623 14.000
v 49.000 -3.454 14.250
v 49.000 -0.667 14.250
v 49.000 -3.447 14.500
v 49.000 -0.723 14.500
v 49.000 -3.440 14.750
v 48.916 -0.750 14.750
v 49.000 -0.800 14.750
v 49.000 -0.750 14.595
v 49.000 -3.437 15.000
v 48.790 -0.750 15.000
v 49.000 -0.905 15.000
v 49.000 -3.431 15.250
v 48.972 -1.000 15.250
v 49.000 -1.031 15.250
v 49.000 -1.000 15.196
v 49.000 -3.402 15.500
v 48.837 -1.000 15.500
v 49.000 -1.195 15.500
v 49.000 -3.250 15.720
v 48.977 -3.250 15.750
v 49.000 -3.191 15.750
v 48.892 -1.250 15.750
v 49.000 -1.441 15.750
v 49.000 -1.250 15.569
v 48.789 -3.250 16.000
v 49.000 -3.000 15.836
v 48.883 -3.000 16.000
v 49.000 -2.750 15.895
v 48.934 -2.750 16.000
v 49.000 -2.500 15.953
v 48.972 -2.500 16.000
v 49.000 -2.266 16.000
v 48.998 -2.000 16.000
v 49.000 -2.120 16.000
v 49.000 -2.000 15.997
v 49.000 -1.750 15.929
v 48.954 -1.750 16.000
v 49.000 -1.500 15.797
v 48.862 -1.500 16.000
v 49.027 -2.750 5.250
v 49.043 -2.500 5.250
v 49.024 -2.250 5.250
v 49.007 -3.250 5.500
v 49.117 -3.000 5.500
v 49.173 -2.750 5.500
v 49.189 -2.500 5.500
v 49.164 -2.250 5.500
v 49.102 -2.000 5.500
v 49.006 -1.750 5.500
v 49.129 -3.250 5.750
v 49.230 -3.000 5.750
v 49.250 -2.909 5.750
v 49.250 -2.750 5.670
v 49.250 -2.500 5.635
v 49.250 -2.250 5.695
v 49.208 -2.000 5.750
v 49.250 -2.163 5.750
v 49.108 -1.750 5.750
v 49.090 -3.500 6.000
v 49.214 -3.250 6.000
v 49.250 -3.157 6.000
v 49.250 -3.000 5.813
v 49.250 -2.000 5.886
v 49.185 -1.750 6.000
v 49.250 -1.910 6.000
v 49.052 -1.500 6.000
v 49.151 -3.500 6.250
v 49.250 -3.294 6.250
v 49.250 -3.250 6.162
v 49.245 -1.750 6.250
v 49.250 -1.763 6.250
v 49.105 -1.500 6.250
v 49.042 -3.750 6.500
v 49.201 -3.500 6.500
v 49.250 -3.399 6.500
v 49.250 -1.750 6.275
v 49.155 -1.500 6.500
v 49.250 -1.657 6.500
v 49.099 -3.750 6.750
v 49.250 -3.519 6.750
v 49.250 -3.500 6.704
v 49.220 -1.500 6.750
v 49.250 -1.549 6.750
v 49.020 -1.250 6.750
v 49.184 -3.750 7.000
v 49.250 -3.658 7.000
v 49.250 -1.500 6.842
v 49.113 -1.250 7.000
v 49.250 -1.427 7.000
v 49.250 -3.750 7.150
v 49.250 -3.792 7.250
v 49.228 -1.250 7.250
v 49.250 -1.280 7.250
v 49.001 -1.000 7.250
v 49.250 -3.839 7.500
v 49.250 -1.250 7.301
v 49.119 -1.000 7.500
v 49.250 -1.143 7.500
v 49.250 -3.827 7.750
v 49.201 -1.000 7.750
v 49.250 -1.049 7.750
v 49.250 -3.815 8.000
v 49.250 -1.000 7.989
v 49.250 -0.998 8.000
v 49.250 -3.802 8.250
v 49.250 -0.968 8.250
v 49.250 -3.790 8.500
v 49.250 -0.928 8.500
v 49.250 -3.777 8.750
v 49.250 -0.879 8.750
v 49.250 -3.764 9.000
v 49.052 -0.750 9.000
v 49.250 -0.829 9.000
v 49.250 -3.752 9.250
v 49.134 -0.750 9.250
v 49.250 -0.783 9.250
v 49.250 -3.750 9.294
v 49.250 -3.737 9.500
v 49.250 -0.750 9.456
v 49.250 -0.743 9.500
v 49.250 -3.724 9.750
v 49.250 -0.705 9.750
v 49.250 -3.708 10.000
v 49.250 -0.666 10.000
v 49.250 -3.694 10.250
v 49.250 -0.633 10.250
v 49.250 -3.678 10.500
v 49.250 -0.611 10.500
v 49.250 -3.664 10.750
v 49.250 -0.600 10.750
v 49.250 -3.649 11.000
v 49.250 -0.598 11.000
v 49.250 -3.635 11.250
v 49.250 -0.604 11.250
v 49.250 -3.617 11.500
v 49.250 -0.616 11.500
v 49.250 -3.597 11.750
v 49.250 -0.622 11.750
v 49.250 -3.572 12.000
v 49.250 -0.602 12.000
v 49.250 -3.553 12.250
v 49.250 -0.565 12.250
v 49.250 -3.539 12.500
v 49.250 -0.526 12.500
v 49.250 -3.526 12.750
v 49.250 -0.502 12.750
v 49.250 -3.515 13.000
v 49.250 -0.510 13.000
v 49.104 -3.500 13.250
v 49.250 -3.505 13.250
v 49.250 -0.549 13.250
v 49.250 -3.500 13.368
v 49.250 -3.493 13.500
v 49.250 -0.605 13.500
v 49.250 -3.484 13.750
v 49.250 -0.667 13.750
v 49.250 -3.474 14.000
v 49.250 -0.729 14.000
v 49.250 -3.465 14.250
v 49.168 -0.750 14.250
v 49.250 -0.797 14.250
v 49.250 -0.750 14.082
v 49.250 -3.460 14.500
v 49.048 -0.750 14.500
v 49.250 -0.884 14.500
v 49.250 -3.452 14.750
v 49.250 -0.990 14.750
v 49.250 -3.443 15.000
v 49.115 -1.000 15.000
v 49.250 -1.144 15.000
v 49.250 -1.000 14.771
v 49.250 -3.372 15.250
v 49.182 -1.250 15.250
v 49.250 -1.364 15.250
v 49.250 -1.250 15.137
v 49.250 -3.250 15.357
v 49.151 -3.250 15.500
v 49.250 -3.000 15.459
v 49.223 -3.000 15.500
v 49.250 -2.750 15.499
v 49.250 -2.750 15.500
v 49.250 -2.747 15.500
v 49.172 -1.500 15.500
v 49.250 -1.729 15.500
v 49.250 -1.500 15.367
v 49.040 -1.250 15.500
v 49.058 -3.000 15.750
v 49.089 -2.750 15.750
v 49.250 -2.500 15.548
v 49.118 -2.500 15.750
v 49.250 -2.250 15.586
v 49.145 -2.250 15.750
v 49.250 -2.000 15.577
v 49.143 -2.000 15.750
v 49.250 -1.750 15.511
v 49.107 -1.750 15.750
v 49.029 -1.500 15.750
v 49.002 -2.250 16.000
v 49.282 -2.750 5.750
v 49.296 -2.500 5.750
v 49.272 -2.250 5.750
v 49.305 -3.000 6.000
v 49.353 -2.750 6.000
v 49.366 -2.500 6.000
v 49.343 -2.250 6.000
v 49.283 -2.000 6.000
v 49.269 -3.250 6.250
v 49.354 -3.000 6.250
v 49.402 -2.750 6.250
v 49.418 -2.500 6.250
v 49.398 -2.250 6.250
v 49.341 -2.000 6.250
v 49.317 -3.250 6.500
v 49.400 -3.000 6.500
v 49.453 -2.750 6.500
v 49.475 -2.500 6.500
v 49.459 -2.250 6.500
v 49.403 -2.000 6.500
v 49.303 -1.750 6.500
v 49.262 -3.500 6.750
v 49.380 -3.250 6.750
v 49.464 -3.000 6.750
v 49.500 -2.852 6.750
v 49.500 -2.750 6.669
v 49.500 -2.500 6.586
v 49.500 -2.250 6.630
v 49.484 -2.000 6.750
v 49.500 -2.068 6.750
v 49.376 -1.750 6.750
v 49.350 -3.500 7.000
v 49.460 -3.250 7.000
v 49.500 -3.122 7.000
v 49.500 -3.000 6.873
v 49.500 -2.000 6.803
v 49.457 -1.750 7.000
v 49.500 -1.851 7.000
v 49.306 -1.500 7.000
v 49.292 -3.750 7.250
v 49.441 -3.500 7.250
v 49.500 -3.354 7.250
v 49.500 -3.250 7.126
v 49.500 -1.750 7.141
v 49.400 -1.500 7.250
v 49.500 -1.687 7.250
v 49.385 -3.750 7.500
v 49.500 -3.557 7.500
v 49.500 -3.500 7.419
v 49.494 -1.500 7.500
v 49.500 -1.512 7.500
v 49.336 -1.250 7.500
v 49.469 -3.750 7.750
v 49.500 -3.723 7.750
v 49.500 -1.500 7.515
v 49.428 -1.250 7.750
v 49.500 -1.354 7.750
v 49.500 -3.750 7.797
v 49.500 -3.799 8.000
v 49.500 -1.250 7.964
v 49.252 -1.000 8.000
v 49.500 -1.237 8.000
v 49.500 -3.794 8.250
v 49.296 -1.000 8.250
v 49.500 -1.168 8.250
v 49.500 -3.781 8.500
v 49.359 -1.000 8.500
v 49.500 -1.109 8.500
v 49.500 -3.768 8.750
v 49.440 -1.000 8.750
v 49.500 -1.047 8.750
v 49.500 -3.755 9.000
v 49.500 -1.000 8.899
v 49.500 -0.973 9.000
v 49.500 -3.750 9.111
v 49.316 -3.750 9.250
v 49.500 -3.742 9.250
v 49.500 -0.897 9.250
v 49.500 -3.728 9.500
v 49.275 -0.750 9.500
v 49.500 -0.818 9.500
v 49.500 -3.715 9.750
v 49.492 -0.750 9.750
v 49.500 -0.752 9.750
v 49.500 -3.700 10.000
v 49.500 -0.750 9.757
v 49.500 -0.701 10.000
v 49.500 -3.685 10.250
v 49.500 -0.662 10.250
v 49.500 -3.670 10.500
v 49.500 -0.629 10.500
v 49.500 -3.656 10.750
v 49.500 -0.601 10.750
v 49.500 -3.643 11.000
v 49.500 -0.576 11.000
v 49.500 -3.629 11.250
v 49.500 -0.559 11.250
v 49.500 -3.614 11.500
v 49.500 -0.556 11.500
v 49.500 -3.596 11.750
v 49.500 -0.557 11.750
v 49.500 -3.578 12.000
v 49.500 -0.547 12.000
v 49.500 -3.561 12.250
v 49.500 -0.526 12.250
v 49.500 -3.547 12.500
v 49.500 -0.508 12.500
v 49.500 -3.535 12.750
v 49.500 -0.510 12.750
v 49.500 -3.523 13.000
v 49.500 -0.547 13.000
v 49.500 -3.514 13.250
v 49.500 -0.615 13.250
v 49.392 -3.500 13.500
v 49.500 -3.504 13.500
v 49.500 -0.703 13.500
v 49.500 -3.500 13.612
v 49.500 -3.494 13.750
v 49.415 -0.750 13.750
v 49.500 -0.798 13.750
v 49.500 -0.750 13.630
v 49.500 -3.488 14.000
v 49.284 -0.750 14.000
v 49.500 -0.903 14.000
v 49.500 -3.479 14.250
v 49.492 -1.000 14.250
v 49.500 -1.009 14.250
v 49.500 -1.000 14.232
v 49.500 -3.470 14.500
v 49.384 -1.000 14.500
v 49.500 -1.128 14.500
v 49.500 -3.441 14.750
v 49.480 -1.250 14.750
v 49.500 -1.281 14.750
v 49.500 -1.250 14.710
v 49.262 -1.000 14.750
v 49.500 -3.250 14.996
v 49.497 -3.250 15.000
v 49.500 -3.241 15.000
v 49.488 -1.500 15.000
v 49.500 -1.528 15.000
v 49.500 -1.500 14.979
v 49.338 -1.250 15.000
v 49.328 -3.250 15.250
v 49.500 -3.000 15.100
v 49.399 -3.000 15.250
v 49.500 -2.750 15.150
v 49.433 -2.750 15.250
v 49.500 -2.500 15.221
v 49.480 -2.500 15.250
v 49.500 -2.298 15.250
v 49.486 -2.000 15.250
v 49.500 -2.188 15.250
v 49.500 -2.000 15.228
v 49.500 -1.750 15.135
v 49.426 -1.750 15.250
v 49.327 -1.500 15.250
v 49.285 -2.500 15.500
v 49.500 -2.250 15.256
v 49.311 -2.250 15.500
v 49.303 -2.000 15.500
v 49.257 -1.750 15.500
v 49.526 -2.750 6.750
v 49.556 -2.500 6.750
v 49.544 -2.250 6.750
v 49.540 -3.000 7.000
v 49.607 -2.750 7.000
v 49.639 -2.500 7.000
v 49.627 -2.250 7.000
v 49.565 -2.000 7.000
v 49.543 -3.250 7.250
v 49.619 -3.000 7.250
v 49.685 -2.750 7.250
v 49.715 -2.500 7.250
v 49.701 -2.250 7.250
v 49.641 -2.000 7.250
v 49.536 -1.750 7.250
v 49.531 -3.500 7.500
v 49.631 -3.250 7.500
v 49.699 -3.000 7.500
v 49.750 -2.802 7.500
v 49.750 -2.750 7.457
v 49.750 -2.500 7.363
v 49.750 -2.250 7.403
v 49.726 -2.000 7.500
v 49.750 -2.106 7.500
v 49.628 -1.750 7.500
v 49.625 -3.500 7.750
v 49.721 -3.250 7.750
v 49.750 -3.141 7.750
v 49.750 -3.000 7.647
v 49.750 -2.000 7.554
v 49.746 -1.750 7.750
v 49.750 -1.759 7.750
v 49.604 -1.500 7.750
v 49.572 -3.750 8.000
v 49.714 -3.500 8.000
v 49.750 -3.410 8.000
v 49.750 -3.250 7.833
v 49.750 -1.750 7.757
v 49.724 -1.500 8.000
v 49.750 -1.540 8.000
v 49.513 -1.250 8.000
v 49.598 -3.750 8.250
v 49.750 -3.568 8.250
v 49.750 -3.500 8.123
v 49.750 -1.500 8.062
v 49.593 -1.250 8.250
v 49.750 -1.414 8.250
v 49.614 -3.750 8.500
v 49.750 -3.656 8.500
v 49.662 -1.250 8.500
v 49.750 -1.341 8.500
v 49.670 -3.750 8.750
v 49.750 -3.729 8.750
v 49.728 -1.250 8.750
v 49.750 -1.274 8.750
v 49.648 -3.750 9.000
v 49.750 -3.744 9.000
v 49.750 -1.250 8.818
v 49.537 -1.000 9.000
v 49.750 -1.194 9.000
v 49.750 -3.731 9.250
v 49.657 -1.000 9.250
v 49.750 -1.079 9.250
v 49.750 -3.720 9.500
v 49.750 -1.000 9.400
v 49.750 -0.957 9.500
v 49.750 -3.706 9.750
v 49.750 -0.859 9.750
v 49.750 -3.694 10.000
v 49.649 -0.750 10.000
v 49.750 -0.789 10.000
v 49.750 -3.678 10.250
v 49.750 -0.750 10.181
v 49.750 -0.736 10.250
v 49.750 -3.665 10.500
v 49.750 -0.692 10.500
v 49.750 -3.650 10.750
v 49.750 -0.642 10.750
v 49.750 -3.638 11.000
v 49.750 -0.596 11.000
v 49.750 -3.627 11.250
v 49.750 -0.561 11.250
v 49.750 -3.614 11.500
v 49.750 -0.544 11.500
v 49.750 -3.599 11.750
v 49.750 -0.538 11.750
v 49.750 -3.583 12.000
v 49.750 -0.535 12.000
v 49.750 -3.569 12.250
v 49.750 -0.529 12.250
v 49.750 -3.556 12.500
v 49.750 -0.533 12.500
v 49.750 -3.542 12.750
v 49.750 -0.560 12.750
v 49.750 -3.533 13.000
v 49.750 -0.625 13.000
v 49.750 -3.522 13.250
v 49.750 -0.715 13.250
v 49.750 -3.515 13.500
v 49.595 -0.750 13.500
v 49.750 -0.834 13.500
v 49.750 -0.750 13.329
v 49.615 -3.500 13.750
v 49.750 -3.506 13.750
v 49.750 -0.973 13.750
v 49.750 -3.500 13.940
v 49.750 -3.498 14.000
v 49.615 -1.000 14.000
v 49.750 -1.137 14.000
v 49.750 -1.000 13.796
v 49.750 -3.485 14.250
v 49.702 -1.250 14.250
v 49.750 -1.326 14.250
v 49.750 -1.250 14.164
v 49.750 -3.280 14.500
v 49.732 -1.500 14.500
v 49.750 -1.549 14.500
v 49.750 -1.500 14.462
v 49.592 -1.250 14.500
v 49.750 -3.250 14.533
v 49.640 -3.250 14.750
v 49.750 -3.000 14.674
v 49.711 -3.000 14.750
v 49.750 -2.750 14.721
v 49.736 -2.750 14.750
v 49.750 -2.650 14.750
v 49.711 -1.750 14.750
v 49.750 -1.932 14.750
v 49.750 -1.750 14.664
v 49.620 -1.500 14.750
v 49.567 -3.000 15.000
v 49.600 -2.750 15.000
v 49.750 -2.500 14.791
v 49.645 -2.500 15.000
v 49.750 -2.250 14.820
v 49.663 -2.250 15.000
v 49.750 -2.000 14.779
v 49.641 -2.000 15.000
v 49.583 -1.750 15.000
v 49.504 -2.250 15.250
v 49.766 -2.750 7.500
v 49.798 -2.500 7.500
v 49.785 -2.250 7.500
v 49.793 -3.000 7.750
v 49.870 -2.750 7.750
v 49.905 -2.500 7.750
v 49.901 -2.250 7.750
v 49.851 -2.000 7.750
v 49.814 -3.250 8.000
v 49.888 -3.000 8.000
v 49.968 -2.750 8.000
v 50.000 -2.544 8.000
v 50.000 -2.500 7.982
v 50.000 -2.250 7.969
v 49.980 -2.000 8.000
v 50.000 -2.146 8.000
v 49.885 -1.750 8.000
v 49.787 -3.500 8.250
v 49.886 -3.250 8.250
v 49.958 -3.000 8.250
v 50.000 -2.871 8.250
v 50.000 -2.750 8.111
v 50.000 -2.000 8.053
v 49.988 -1.750 8.250
v 50.000 -1.783 8.250
v 49.826 -1.500 8.250
v 49.835 -3.500 8.500
v 49.931 -3.250 8.500
v 50.000 -3.001 8.500
v 50.000 -3.000 8.499
v 50.000 -1.750 8.304
v 49.889 -1.500 8.500
v 50.000 -1.681 8.500
v 49.878 -3.500 8.750
v 49.971 -3.250 8.750
v 50.000 -3.141 8.750
v 49.935 -1.500 8.750
v 50.000 -1.616 8.750
v 49.941 -3.500 9.000
v 50.000 -3.341 9.000
v 50.000 -3.250 8.868
v 49.994 -1.500 9.000
v 50.000 -1.511 9.000
v 49.804 -1.250 9.000
v 50.000 -3.500 9.142
v 50.000 -3.580 9.250
v 50.000 -1.500 9.015
v 49.913 -1.250 9.250
v 50.000 -1.370 9.250
v 50.000 -3.698 9.500
v 50.000 -1.250 9.415
v 49.804 -1.000 9.500
v 50.000 -1.199 9.500
v 50.000 -3.701 9.750
v 49.939 -1.000 9.750
v 50.000 -1.058 9.750
v 50.000 -3.687 10.000
v 50.000 -1.000 9.880
v 50.000 -0.956 10.000
v 50.000 -3.676 10.250
v 49.777 -0.750 10.250
v 50.000 -0.880 10.250
v 50.000 -3.660 10.500
v 49.878 -0.750 10.500
v 50.000 -0.810 10.500
v 50.000 -3.649 10.750
v 50.000 -0.750 10.697
v 50.000 -0.735 10.750
v 50.000 -3.635 11.000
v 50.000 -0.665 11.000
v 50.000 -3.625 11.250
v 50.000 -0.611 11.250
v 50.000 -3.614 11.500
v 50.000 -0.577 11.500
v 50.000 -3.599 11.750
v 50.000 -0.559 11.750
v 50.000 -3.587 12.000
v 50.000 -0.557 12.000
v 50.000 -3.577 12.250
v 50.000 -0.565 12.250
v 50.000 -3.565 12.500
v 50.000 -0.593 12.500
v 50.000 -3.554 12.750
v 50.000 -0.652 12.750
v 50.000 -3.546 13.000
v 50.000 -0.736 13.000
v 50.000 -3.535 13.250
v 49.822 -0.750 13.250
v 50.000 -0.846 13.250
v 50.000 -0.750 13.034
v 50.000 -3.525 13.500
v 50.000 -0.980 13.500
v 50.000 -3.517 13.750
v 49.788 -1.000 13.750
v 50.000 -1.175 13.750
v 50.000 -1.000 13.530
v 50.000 -3.500 13.837
v 50.000 -3.424 14.000
v 49.859 -1.250 14.000
v 50.000 -1.432 14.000
v 50.000 -1.250 13.835
v 50.000 -3.250 14.145
v 49.920 -3.250 14.250
v 50.000 -3.018 14.250
v 49.976 -1.750 14.250
v 50.000 -1.838 14.250
v 50.000 -1.750 14.220
v 50.000 -1.500 14.062
v 49.862 -1.500 14.250
v 49.767 -3.250 14.500
v 50.000 -3.000 14.259
v 49.841 -3.000 14.500
v 50.000 -2.750 14.297
v 49.861 -2.750 14.500
v 50.000 -2.500 14.340
v 49.890 -2.500 14.500
v 50.000 -2.250 14.349
v 49.898 -2.250 14.500
v 50.000 -2.000 14.311
v 49.877 -2.000 14.500
v 49.824 -1.750 14.500
v 49.770 -2.500 14.750
v 49.782 -2.250 14.750
v 49.763 -2.000 14.750
v 50.007 -2.500 8.000
v 50.013 -2.250 8.000
v 50.038 -2.750 8.250
v 50.080 -2.500 8.250
v 50.093 -2.250 8.250
v 50.068 -2.000 8.250
v 50.000 -3.000 8.500
v 50.077 -2.750 8.500
v 50.120 -2.500 8.500
v 50.134 -2.250 8.500
v 50.112 -2.000 8.500
v 50.038 -1.750 8.500
v 50.038 -3.000 8.750
v 50.112 -2.750 8.750
v 50.153 -2.500 8.750
v 50.165 -2.250 8.750
v 50.142 -2.000 8.750
v 50.071 -1.750 8.750
v 50.034 -3.250 9.000
v 50.099 -3.000 9.000
v 50.172 -2.750 9.000
v 50.213 -2.500 9.000
v 50.221 -2.250 9.000
v 50.194 -2.000 9.000
v 50.122 -1.750 9.000
v 50.047 -3.500 9.250
v 50.139 -3.250 9.250
v 50.203 -3.000 9.250
v 50.250 -2.833 9.250
v 50.250 -2.750 9.192
v 50.250 -2.500 9.089
v 50.250 -2.250 9.071
v 50.250 -2.000 9.144
v 50.216 -1.750 9.250
v 50.250 -1.862 9.250
v 50.091 -1.500 9.250
v 50.184 -3.500 9.500
v 50.250 -3.315 9.500
v 50.250 -3.250 9.458
v 50.250 -3.000 9.339
v 50.250 -1.750 9.315
v 50.217 -1.500 9.500
v 50.250 -1.563 9.500
v 50.044 -1.250 9.500
v 50.250 -3.500 9.625
v 50.250 -3.605 9.750
v 50.250 -1.500 9.563
v 50.169 -1.250 9.750
v 50.250 -1.363 9.750
v 50.250 -3.673 10.000
v 50.250 -1.250 9.922
v 50.051 -1.000 10.000
v 50.250 -1.209 10.000
v 50.250 -3.670 10.250
v 50.149 -1.000 10.250
v 50.250 -1.097 10.250
v 50.250 -3.655 10.500
v 50.250 -1.000 10.461
v 50.250 -0.985 10.500
v 50.250 -3.646 10.750
v 50.027 -0.750 10.750
v 50.250 -0.886 10.750
v 50.250 -3.635 11.000
v 50.181 -0.750 11.000
v 50.250 -0.787 11.000
v 50.250 -3.623 11.250
v 50.250 -0.750 11.118
v 50.250 -0.713 11.250
v 50.250 -3.615 11.500
v 50.250 -0.661 11.500
v 50.250 -3.600 11.750
v 50.250 -0.625 11.750
v 50.250 -3.591 12.000
v 50.250 -0.619 12.000
v 50.250 -3.583 12.250
v 50.250 -0.637 12.250
v 50.250 -3.572 12.500
v 50.250 -0.692 12.500
v 50.250 -3.565 12.750
v 50.197 -0.750 12.750
v 50.250 -0.779 12.750
v 50.250 -0.750 12.671
v 50.250 -3.554 13.000
v 50.026 -0.750 13.000
v 50.250 -0.883 13.000
v 50.250 -3.548 13.250
v 50.248 -1.000 13.250
v 50.250 -1.001 13.250
v 50.250 -1.000 13.248
v 50.250 -3.536 13.500
v 50.031 -1.000 13.500
v 50.250 -1.167 13.500
v 50.250 -3.500 13.625
v 50.081 -3.500 13.750
v 50.250 -3.417 13.750
v 50.089 -1.250 13.750
v 50.250 -1.417 13.750
v 50.250 -1.250 13.596
v 50.250 -3.250 13.877
v 50.128 -3.250 14.000
v 50.250 -3.000 13.992
v 50.242 -3.000 14.000
v 50.250 -2.966 14.000
v 50.206 -1.750 14.000
v 50.250 -1.860 14.000
v 50.250 -1.750 13.959
v 50.250 -1.500 13.814
v 50.055 -1.500 14.000
v 50.006 -3.000 14.250
v 50.250 -2.750 14.046
v 50.038 -2.750 14.250
v 50.250 -2.500 14.091
v 50.077 -2.500 14.250
v 50.250 -2.250 14.094
v 50.082 -2.250 14.250
v 50.250 -2.000 14.051
v 50.048 -2.000 14.250
v 50.276 -2.750 9.250
v 50.321 -2.500 9.250
v 50.327 -2.250 9.250
v 50.293 -2.000 9.250
v 50.273 -3.250 9.500
v 50.339 -3.000 9.500
v 50.409 -2.750 9.500
v 50.451 -2.500 9.500
v 50.456 -2.250 9.500
v 50.423 -2.000 9.500
v 50.345 -1.750 9.500
v 50.315 -3.500 9.750
v 50.402 -3.250 9.750
v 50.462 -3.000 9.750
v 50.500 -2.857 9.750
v 50.500 -2.750 9.690
v 50.500 -2.500 9.599
v 50.500 -2.250 9.587
v 50.500 -2.000 9.650
v 50.474 -1.750 9.750
v 50.500 -1.832 9.750
v 50.346 -1.500 9.750
v 50.428 -3.500 10.000
v 50.500 -3.260 10.000
v 50.500 -3.250 9.992
v 50.500 -3.000 9.847
v 50.500 -1.750 9.805
v 50.462 -1.500 10.000
v 50.500 -1.574 10.000
v 50.286 -1.250 10.000
v 50.500 -3.500 10.196
v 50.500 -3.534 10.250
v 50.500 -1.500 10.089
v 50.393 -1.250 10.250
v 50.500 -1.398 10.250
v 50.500 -3.632 10.500
v 50.500 -1.250 10.478
v 50.269 -1.000 10.500
v 50.500 -1.238 10.500
v 50.500 -3.642 10.750
v 50.395 -1.000 10.750
v 50.500 -1.104 10.750
v 50.500 -3.636 11.000
v 50.500 -1.000 10.948
v 50.500 -0.977 11.000
v 50.500 -3.621 11.250
v 50.313 -0.750 11.250
v 50.500 -0.881 11.250
v 50.500 -3.614 11.500
v 50.410 -0.750 11.500
v 50.500 -0.809 11.500
v 50.500 -3.600 11.750
v 50.491 -0.750 11.750
v 50.500 -0.756 11.750
v 50.500 -3.595 12.000
v 50.500 -0.750 11.874
v 50.500 -0.745 12.000
v 50.500 -3.584 12.250
v 50.473 -0.750 12.250
v 50.500 -0.765 12.250
v 50.500 -0.750 12.069
v 50.500 -3.581 12.500
v 50.354 -0.750 12.500
v 50.500 -0.842 12.500
v 50.500 -3.571 12.750
v 50.500 -0.944 12.750
v 50.500 -3.565 13.000
v 50.416 -1.000 13.000
v 50.500 -1.071 13.000
v 50.500 -1.000 12.869
v 50.500 -3.525 13.250
v 50.500 -1.212 13.250
v 50.500 -3.500 13.310
v 50.335 -3.500 13.500
v 50.500 -3.346 13.500
v 50.343 -1.250 13.500
v 50.500 -1.431 13.500
v 50.500 -1.250 13.302
v 50.500 -3.250 13.588
v 50.369 -3.250 13.750
v 50.500 -3.000 13.741
v 50.493 -3.000 13.750
v 50.500 -2.975 13.750
v 50.470 -1.750 13.750
v 50.500 -1.828 13.750
v 50.500 -1.750 13.716
v 50.500 -1.500 13.558
v 50.319 -1.500 13.750
v 50.500 -2.750 13.817
v 50.303 -2.750 14.000
v 50.500 -2.500 13.867
v 50.358 -2.500 14.000
v 50.500 -2.250 13.866
v 50.358 -2.250 14.000
v 50.500 -2.000 13.816
v 50.307 -2.000 14.000
v 50.530 -2.750 9.750
v 50.577 -2.500 9.750
v 50.584 -2.250 9.750
v 50.551 -2.000 9.750
v 50.503 -3.250 10.000
v 50.561 -3.000 10.000
v 50.634 -2.750 10.000
v 50.687 -2.500 10.000
v 50.698 -2.250 10.000
v 50.665 -2.000 10.000
v 50.587 -1.750 10.000
v 50.522 -3.500 10.250
v 50.596 -3.250 10.250
v 50.652 -3.000 10.250
v 50.731 -2.750 10.250
v 50.750 -2.680 10.250
v 50.750 -2.500 10.142
v 50.750 -2.250 10.113
v 50.750 -2.000 10.186
v 50.699 -1.750 10.250
v 50.750 -1.906 10.250
v 50.571 -1.500 10.250
v 50.626 -3.500 10.500
v 50.693 -3.250 10.500
v 50.744 -3.000 10.500
v 50.750 -2.981 10.500
v 50.750 -2.750 10.299
v 50.750 -1.750 10.372
v 50.681 -1.500 10.500
v 50.750 -1.639 10.500
v 50.511 -1.250 10.500
v 50.721 -3.500 10.750
v 50.750 -3.421 10.750
v 50.750 -3.250 10.640
v 50.750 -3.000 10.515
v 50.750 -1.500 10.657
v 50.629 -1.250 10.750
v 50.750 -1.432 10.750
v 50.750 -3.500 10.804
v 50.750 -3.588 11.000
v 50.740 -1.250 11.000
v 50.750 -1.265 11.000
v 50.526 -1.000 11.000
v 50.750 -3.618 11.250
v 50.750 -1.250 11.023
v 50.634 -1.000 11.250
v 50.750 -1.132 11.250
v 50.750 -3.614 11.500
v 50.711 -1.000 11.500
v 50.750 -1.044 11.500
v 50.750 -3.601 11.750
v 50.750 -1.000 11.667
v 50.750 -0.981 11.750
v 50.750 -3.600 12.000
v 50.507 -0.750 12.000
v 50.750 -0.968 12.000
v 50.750 -3.588 12.250
v 50.750 -0.988 12.250
v 50.750 -3.589 12.500
v 50.689 -1.000 12.500
v 50.750 -1.059 12.500
v 50.750 -1.000 12.296
v 50.750 -3.557 12.750
v 50.570 -1.000 12.750
v 50.750 -1.176 12.750
v 50.750 -3.500 12.890
v 50.655 -3.500 13.000
v 50.750 -3.413 13.000
v 50.684 -1.250 13.000
v 50.750 -1.336 13.000
v 50.750 -1.250 12.880
v 50.534 -3.500 13.250
v 50.750 -3.250 13.181
v 50.708 -3.250 13.250
v 50.750 -3.167 13.250
v 50.716 -1.500 13.250
v 50.750 -1.570 13.250
v 50.750 -1.500 13.191
v 50.536 -1.250 13.250
v 50.562 -3.250 13.500
v 50.750 -3.000 13.381
v 50.678 -3.000 13.500
v 50.750 -2.750 13.489
v 50.743 -2.750 13.500
v 50.750 -2.698 13.500
v 50.744 -2.000 13.500
v 50.750 -2.046 13.500
v 50.750 -2.000 13.490
v 50.750 -1.750 13.379
v 50.672 -1.750 13.500
v 50.548 -1.500 13.500
v 50.558 -2.750 13.750
v 50.750 -2.500 13.538
v 50.599 -2.500 13.750
v 50.750 -2.250 13.537
v 50.597 -2.250 13.750
v 50.557 -2.000 13.750
v 50.802 -2.500 10.250
v 50.819 -2.250 10.250
v 50.781 -2.000 10.250
v 50.832 -2.750 10.500
v 50.911 -2.500 10.500
v 50.929 -2.250 10.500
v 50.890 -2.000 10.500
v 50.804 -1.750 10.500
v 50.798 -3.250 10.750
v 50.853 -3.000 10.750
v 50.934 -2.750 10.750
v 51.000 -2.530 10.750
v 51.000 -2.500 10.727
v 51.000 -2.250 10.680
v 50.991 -2.000 10.750
v 51.000 -2.062 10.750
v 50.910 -1.750 10.750
v 50.792 -1.500 10.750
v 50.827 -3.500 11.000
v 50.899 -3.250 11.000
v 50.951 -3.000 11.000
v 51.000 -2.810 11.000
v 51.000 -2.750 10.950
v 51.000 -2.000 10.779
v 50.997 -1.750 11.000
v 51.000 -1.762 11.000
v 50.889 -1.500 11.000
v 50.905 -3.500 11.250
v 50.993 -3.250 11.250
v 51.000 -3.217 11.250
v 51.000 -3.000 11.127
v 51.000 -1.750 11.009
v 50.987 -1.500 11.250
v 51.000 -1.530 11.250
v 50.841 -1.250 11.250
v 50.961 -3.500 11.500
v 51.000 -3.431 11.500
v 51.000 -3.250 11.275
v 51.000 -1.500 11.292
v 50.911 -1.250 11.500
v 51.000 -1.396 11.500
v 51.000 -3.500 11.639
v 51.000 -3.525 11.750
v 50.966 -1.250 11.750
v 51.000 -1.302 11.750
v 50.767 -1.000 11.750
v 51.000 -3.543 12.000
v 50.981 -1.250 12.000
v 51.000 -1.278 12.000
v 50.778 -1.000 12.000
v 51.000 -3.509 12.250
v 50.966 -1.250 12.250
v 51.000 -1.300 12.250
v 50.761 -1.000 12.250
v 51.000 -3.500 12.284
v 50.927 -3.500 12.500
v 51.000 -3.413 12.500
v 50.915 -1.250 12.500
v 51.000 -1.371 12.500
v 50.827 -3.500 12.750
v 51.000 -3.250 12.728
v 50.991 -3.250 12.750
v 51.000 -3.232 12.750
v 50.983 -1.500 12.750
v 51.000 -1.534 12.750
v 51.000 -1.500 12.710
v 50.814 -1.250 12.750
v 50.857 -3.250 13.000
v 51.000 -3.000 12.965
v 50.981 -3.000 13.000
v 51.000 -2.943 13.000
v 50.978 -1.750 13.000
v 51.000 -1.817 13.000
v 51.000 -1.750 12.958
v 50.859 -1.500 13.000
v 50.827 -3.000 13.250
v 51.000 -2.750 13.092
v 50.895 -2.750 13.250
v 51.000 -2.500 13.147
v 50.930 -2.500 13.250
v 51.000 -2.250 13.145
v 50.930 -2.250 13.250
v 51.000 -2.000 13.088
v 50.897 -2.000 13.250
v 50.829 -1.750 13.250
v 50.774 -2.500 13.500
v 50.774 -2.250 13.500
v 51.009 -2.500 10.750
v 51.025 -2.250 10.750
v 51.015 -2.750 11.000
v 51.075 -2.500 11.000
v 51.090 -2.250 11.000
v 51.062 -2.000 11.000
v 51.045 -3.000 11.250
v 51.095 -2.750 11.250
v 51.145 -2.500 11.250
v 51.159 -2.250 11.250
v 51.139 -2.000 11.250
v 51.082 -1.750 11.250
v 51.059 -3.250 11.500
v 51.114 -3.000 11.500
v 51.157 -2.750 11.500
v 51.198 -2.500 11.500
v 51.213 -2.250 11.500
v 51.201 -2.000 11.500
v 51.153 -1.750 11.500
v 51.058 -1.500 11.500
v 51.018 -3.500 11.750
v 51.111 -3.250 11.750
v 51.171 -3.000 11.750
v 51.211 -2.750 11.750
v 51.248 -2.500 11.750
v 51.250 -2.468 11.750
v 51.250 -2.250 11.674
v 51.250 -2.000 11.705
v 51.218 -1.750 11.750
v 51.250 -1.937 11.750
v 51.120 -1.500 11.750
v 51.035 -3.500 12.000
v 51.137 -3.250 12.000
v 51.205 -3.000 12.000
v 51.246 -2.750 12.000
v 51.250 -2.723 12.000
v 51.250 -2.500 11.767
v 51.248 -1.750 12.000
v 51.250 -1.763 12.000
v 51.144 -1.500 12.000
v 51.007 -3.500 12.250
v 51.121 -3.250 12.250
v 51.201 -3.000 12.250
v 51.250 -2.751 12.250
v 51.250 -2.750 12.237
v 51.234 -1.750 12.250
v 51.250 -1.823 12.250
v 51.128 -1.500 12.250
v 51.081 -3.250 12.500
v 51.175 -3.000 12.500
v 51.250 -2.750 12.254
v 51.236 -2.750 12.500
v 51.250 -2.653 12.500
v 51.190 -1.750 12.500
v 51.250 -1.985 12.500
v 51.080 -1.500 12.500
v 51.100 -3.000 12.750
v 51.173 -2.750 12.750
v 51.250 -2.500 12.598
v 51.212 -2.500 12.750
v 51.250 -2.250 12.613
v 51.212 -2.250 12.750
v 51.250 -2.000 12.512
v 51.173 -2.000 12.750
v 51.098 -1.750 12.750
v 51.055 -2.750 13.000
v 51.092 -2.500 13.000
v 51.091 -2.250 13.000
v 51.053 -2.000 13.000
v 51.266 -2.250 11.750
v 51.261 -2.000 11.750
v 51.283 -2.500 12.000
v 51.300 -2.250 12.000
v 51.294 -2.000 12.000
v 51.250 -2.750 12.250
v 51.286 -2.500 12.250
v 51.299 -2.250 12.250
v 51.286 -2.000 12.250
v 51.271 -2.500 12.500
v 51.277 -2.250 12.500
v 51.253 -2.000 12.500
vn -0.291 0.010 0.957
vn -0.291 0.010 0.957
vn -0.206 -0.000 0.979
vn -0.191 -0.000 0.982
vn -0.246 -0.000 0.969
vn -0.389 -0.117 0.914
vn -0.389 -0.117 0.914
vn -0.753 0.443 0.486
vn -0.744 0.439 0.503
vn -0.466 0.234 0.853
vn -0.722 -0.410 0.558
vn -0.788 -0.457 0.412
vn -0.513 0.783 0.352
vn -0.727 -0.531 0.435
vn -0.703 -0.559 0.441
vn -0.444 0.830 0.338
vn -0.377 0.824 0.423
vn -0.637 -0.654 0.407
vn -0.410 0.506 0.759
vn -0.377 0.606 0.701
vn -0.634 -0.661 0.401
vn -0.606 -0.718 0.342
vn -0.079 0.992 0.095
vn -0.584 -0.769 0.260
vn -0.024 1.000 0.001
vn -0.574 -0.783 0.240
vn -0.544 -0.818 0.186
vn -0.025 0.999 -0.026
vn -0.487 -0.864 0.127
vn -0.025 0.999 -0.029
vn -0.427 -0.900 0.088
vn -0.027 0.999 -0.031
vn -0.371 -0.926 0.064
vn -0.028 0.999 -0.035
vn -0.315 -0.948 0.048
vn -0.028 0.999 -0.042
vn -0.262 -0.964 0.044
vn -0.025 0.999 -0.047
vn -0.202 -0.979 0.039
vn -0.022 0.999 -0.049
vn -0.143 -0.989 0.023
vn -0.020 0.999 -0.050
vn -0.095 -0.995 -0.020
vn -0.020 0.998 -0.051
vn -0.061 -0.996 -0.065
vn -0.025 0.998 -0.051
vn -0.041 -0.996 -0.077
vn -0.030 0.998 -0.052
vn -0.017 -0.998 -0.059
vn -0.036 0.998 -0.053
vn 0.020 -0.999 -0.035
vn -0.039 0.998 -0.051
vn 0.073 -0.997 -0.033
vn -0.041 0.998 -0.047
vn 0.122 -0.991 -0.058
vn -0.042 0.998 -0.043
vn 0.156 -0.983 -0.100
vn -0.044 0.998 -0.040
vn 0.185 -0.972 -0.145
vn -0.045 0.998 -0.038
vn 0.232 -0.951 -0.204
vn -0.043 0.998 -0.041
vn 0.317 -0.905 -0.284
vn 0.258 -0.939 -0.227
vn -0.038 0.998 -0.044
vn 0.428 -0.829 -0.359
vn -0.039 0.998 -0.047
vn -0.041 0.998 -0.053
vn 0.536 -0.749 -0.389
vn 0.524 -0.759 -0.386
vn -0.022 0.997 -0.073
vn 0.622 -0.680 -0.389
vn 0.162 0.975 -0.149
vn 0.692 -0.594 -0.410
vn 0.669 -0.626 -0.401
vn 0.545 0.692 -0.474
vn 0.757 -0.488 -0.435
vn 0.727 0.443 -0.525
vn 0.819 0.217 -0.532
vn 0.843 -0.349 -0.410
vn 0.842 -0.351 -0.410
vn 0.757 -0.488 -0.435
vn 0.819 0.215 -0.531
vn 0.849 0.168 -0.501
vn 0.871 0.169 -0.461
vn 0.917 0.099 -0.386
vn 0.938 -0.088 -0.335
vn 0.917 -0.210 -0.339
vn 0.923 0.096 -0.373
vn 0.950 -0.054 -0.306
vn 0.954 0.002 0.301
vn 0.936 0.075 0.345
vn 0.933 -0.075 0.351
vn 0.856 0.205 0.475
vn 0.852 0.220 0.475
vn 0.891 0.087 0.445
vn 0.901 0.128 0.415
vn 0.925 0.146 0.351
vn 0.924 -0.133 0.359
vn 0.876 -0.250 0.413
vn 0.825 -0.316 0.468
vn 0.408 0.905 0.117
vn 0.804 -0.353 0.478
vn 0.730 -0.455 0.511
vn 0.729 -0.455 0.511
vn 0.072 0.996 -0.060
vn 0.634 -0.601 0.486
vn 0.029 0.998 -0.056
vn 0.631 -0.605 0.485
vn 0.515 -0.745 0.424
vn 0.027 0.999 -0.043
vn 0.422 -0.831 0.362
vn 0.380 -0.862 0.336
vn 0.033 0.999 -0.032
vn 0.262 -0.931 0.253
vn 0.030 0.999 -0.023
vn 0.173 -0.966 0.192
vn 0.032 0.999 -0.024
vn 0.095 -0.984 0.153
vn 0.030 0.999 -0.027
vn 0.023 -0.993 0.117
vn 0.029 0.999 -0.027
vn 0.019 -0.993 0.115
vn -0.047 -0.996 0.071
vn 0.029 0.999 -0.025
vn -0.126 -0.992 0.017
vn 0.029 0.999 -0.023
vn -0.225 -0.973 -0.053
vn 0.032 0.999 -0.027
vn -0.339 -0.930 -0.141
vn 0.030 0.999 -0.028
vn -0.433 -0.864 -0.255
vn -0.353 -0.922 -0.157
vn 0.031 0.999 -0.034
vn -0.484 -0.793 -0.369
vn -0.291 0.010 0.957
vn -0.206 -0.000 0.979
vn -0.191 -0.000 0.982
vn -0.246 -0.000 0.969
vn -0.389 -0.117 0.914
vn -0.749 0.438 0.497
vn -0.711 0.367 0.600
vn -0.741 0.218 0.636
vn -0.741 0.215 0.636
vn -0.748 0.081 0.659
vn -0.759 -0.059 0.648
vn -0.788 -0.205 0.580
vn -0.766 -0.337 0.547
vn -0.790 -0.215 0.574
vn -0.795 -0.422 0.436
vn -0.632 0.474 0.614
vn -0.637 0.441 0.632
vn -0.688 0.356 0.633
vn -0.758 -0.339 0.557
vn -0.722 -0.442 0.532
vn -0.721 -0.418 0.552
vn -0.709 -0.536 0.457
vn -0.371 0.798 0.476
vn -0.404 0.747 0.528
vn -0.621 0.470 0.627
vn -0.711 -0.448 0.542
vn -0.669 -0.567 0.481
vn -0.672 -0.553 0.493
vn -0.385 0.506 0.772
vn -0.322 0.617 0.718
vn -0.375 0.768 0.519
vn -0.667 -0.574 0.475
vn -0.625 -0.690 0.366
vn -0.641 -0.658 0.396
vn -0.342 0.562 0.753
vn -0.261 0.928 0.268
vn -0.617 -0.716 0.328
vn -0.611 -0.727 0.312
vn -0.052 0.998 0.018
vn -0.555 -0.806 0.207
vn -0.577 -0.777 0.253
vn -0.023 0.999 -0.027
vn -0.514 -0.839 0.178
vn -0.532 -0.822 0.203
vn -0.023 0.999 -0.029
vn -0.478 -0.865 0.152
vn -0.480 -0.864 0.154
vn -0.023 0.999 -0.032
vn -0.477 -0.866 0.150
vn -0.449 -0.887 0.113
vn -0.025 0.999 -0.035
vn -0.422 -0.902 0.094
vn -0.026 0.999 -0.040
vn -0.389 -0.916 0.097
vn -0.027 0.999 -0.045
vn -0.327 -0.939 0.106
vn -0.024 0.999 -0.047
vn -0.250 -0.965 0.084
vn -0.025 0.998 -0.049
vn -0.185 -0.982 0.028
vn -0.024 0.998 -0.053
vn -0.141 -0.990 -0.030
vn -0.027 0.998 -0.055
vn -0.113 -0.992 -0.052
vn -0.029 0.998 -0.056
vn -0.093 -0.995 -0.030
vn -0.032 0.998 -0.056
vn -0.065 -0.998 0.003
vn -0.033 0.998 -0.054
vn -0.032 -0.999 0.010
vn -0.035 0.998 -0.050
vn 0.001 -1.000 -0.023
vn -0.037 0.998 -0.046
vn 0.028 -0.997 -0.072
vn -0.041 0.998 -0.042
vn 0.062 -0.992 -0.109
vn -0.043 0.998 -0.040
vn 0.115 -0.984 -0.137
vn -0.045 0.998 -0.040
vn 0.251 -0.944 -0.214
vn 0.213 -0.961 -0.176
vn -0.045 0.998 -0.041
vn -0.040 0.998 -0.045
vn -0.045 0.998 -0.045
vn 0.343 -0.911 -0.230
vn 0.272 -0.941 -0.200
vn -0.047 0.998 -0.053
vn 0.532 -0.757 -0.379
vn 0.471 -0.837 -0.277
vn -0.049 0.997 -0.065
vn 0.582 -0.746 -0.324
vn 0.559 -0.772 -0.302
vn -0.040 0.996 -0.080
vn 0.682 -0.618 -0.391
vn 0.620 -0.714 -0.327
vn 0.593 -0.742 -0.314
vn 0.045 0.992 -0.114
vn 0.703 -0.605 -0.373
vn 0.678 -0.642 -0.359
vn 0.719 0.523 -0.458
vn 0.312 0.924 -0.222
vn 0.843 -0.351 -0.409
vn 0.797 -0.484 -0.361
vn 0.747 -0.573 -0.337
vn 0.711 -0.609 -0.351
vn 0.753 0.553 -0.356
vn 0.662 0.675 -0.325
vn 0.910 0.212 -0.357
vn 0.914 0.166 -0.371
vn 0.896 0.176 -0.409
vn 0.934 -0.204 -0.295
vn 0.906 -0.347 -0.242
vn 0.845 -0.498 -0.194
vn 0.834 -0.519 -0.189
vn 0.793 0.596 -0.125
vn 0.874 0.484 0.032
vn 0.976 0.213 0.037
vn 0.990 0.140 0.031
vn 0.985 0.172 -0.026
vn 0.990 0.140 -0.011
vn 1.000 -0.013 0.017
vn 0.985 -0.163 0.051
vn 0.946 -0.313 0.083
vn 0.872 -0.476 0.110
vn 0.872 -0.477 0.110
vn 0.628 0.766 0.136
vn 0.732 0.679 0.047
vn 0.500 0.864 0.056
vn 0.891 0.230 0.392
vn 0.923 0.104 0.371
vn 0.931 0.145 0.336
vn 0.929 0.147 0.339
vn 0.926 -0.134 0.352
vn 0.895 -0.271 0.355
vn 0.831 -0.421 0.363
vn 0.786 -0.498 0.367
vn 0.327 0.945 0.021
vn 0.185 0.980 -0.074
vn 0.806 -0.362 0.468
vn 0.735 -0.534 0.418
vn 0.725 -0.504 0.469
vn 0.693 -0.551 0.466
vn 0.032 0.996 -0.083
vn 0.021 0.996 -0.083
vn 0.635 -0.612 0.471
vn 0.633 -0.619 0.465
vn 0.613 -0.645 0.457
vn 0.031 0.997 -0.064
vn 0.632 -0.605 0.485
vn 0.518 -0.769 0.376
vn 0.036 0.998 -0.052
vn 0.447 -0.826 0.344
vn 0.468 -0.817 0.338
vn 0.398 -0.872 0.286
vn 0.036 0.998 -0.043
vn 0.269 -0.940 0.210
vn 0.036 0.999 -0.032
vn 0.156 -0.976 0.150
vn 0.032 0.999 -0.026
vn 0.062 -0.992 0.110
vn 0.030 0.999 -0.024
vn -0.021 -0.997 0.080
vn 0.031 0.999 -0.026
vn -0.098 -0.994 0.048
vn 0.033 0.999 -0.026
vn -0.153 -0.988 0.009
vn -0.170 -0.985 -0.001
vn 0.034 0.999 -0.025
vn -0.216 -0.975 -0.050
vn -0.246 -0.967 -0.071
vn 0.037 0.999 -0.022
vn -0.272 -0.957 -0.100
vn -0.334 -0.929 -0.159
vn 0.037 0.999 -0.025
vn -0.345 -0.927 -0.149
vn -0.419 -0.872 -0.252
vn 0.039 0.999 -0.031
vn -0.490 -0.804 -0.337
vn 0.031 0.999 -0.036
vn -0.523 -0.752 -0.402
vn -0.542 -0.723 -0.428
vn -0.517 -0.766 -0.382
vn -0.741 0.215 0.636
vn -0.757 0.072 0.649
vn -0.774 -0.069 0.629
vn -0.789 -0.206 0.579
vn -0.668 0.357 0.653
vn -0.707 0.210 0.675
vn -0.707 0.209 0.676
vn -0.727 0.054 0.684
vn -0.736 -0.104 0.669
vn -0.730 -0.255 0.634
vn -0.734 -0.195 0.650
vn -0.724 -0.361 0.588
vn -0.649 0.459 0.607
vn -0.664 0.436 0.607
vn -0.684 0.350 0.640
vn -0.732 -0.257 0.631
vn -0.722 -0.377 0.581
vn -0.695 -0.475 0.539
vn -0.714 -0.425 0.557
vn -0.570 0.550 0.610
vn -0.566 0.556 0.609
vn -0.659 0.451 0.602
vn -0.707 -0.488 0.511
vn -0.665 -0.608 0.433
vn -0.694 -0.555 0.459
vn -0.600 0.599 0.529
vn -0.602 0.610 0.516
vn -0.672 -0.627 0.395
vn -0.614 -0.723 0.319
vn -0.660 -0.655 0.368
vn -0.386 0.896 0.219
vn -0.598 -0.748 0.288
vn -0.624 -0.720 0.305
vn -0.123 0.992 0.007
vn -0.596 -0.758 0.264
vn -0.590 -0.767 0.253
vn -0.042 0.999 -0.028
vn -0.571 -0.799 0.189
vn -0.019 0.999 -0.032
vn -0.473 -0.873 0.117
vn -0.559 -0.819 0.130
vn -0.020 0.999 -0.038
vn -0.479 -0.872 0.102
vn -0.551 -0.827 0.112
vn -0.022 0.999 -0.045
vn -0.477 -0.870 0.127
vn -0.522 -0.841 0.142
vn -0.027 0.999 -0.045
vn -0.461 -0.869 0.181
vn -0.455 -0.871 0.185
vn -0.026 0.999 -0.046
vn -0.367 -0.914 0.172
vn -0.029 0.998 -0.050
vn -0.287 -0.953 0.094
vn -0.030 0.998 -0.052
vn -0.237 -0.971 0.010
vn -0.028 0.998 -0.056
vn -0.207 -0.978 -0.027
vn -0.029 0.998 -0.057
vn -0.187 -0.982 -0.009
vn -0.028 0.998 -0.057
vn -0.162 -0.986 0.027
vn -0.028 0.998 -0.055
vn -0.135 -0.990 0.034
vn -0.030 0.998 -0.053
vn -0.108 -0.994 0.002
vn -0.033 0.998 -0.050
vn -0.078 -0.996 -0.041
vn -0.037 0.998 -0.047
vn -0.037 -0.997 -0.062
vn -0.041 0.998 -0.043
vn 0.025 -0.998 -0.060
vn -0.042 0.998 -0.043
vn -0.045 0.998 -0.041
vn -0.044 0.998 -0.043
vn 0.118 -0.991 -0.062
vn -0.049 0.998 -0.045
vn 0.303 -0.936 -0.178
vn 0.234 -0.967 -0.097
vn -0.048 0.997 -0.055
vn 0.363 -0.915 -0.174
vn 0.344 -0.926 -0.158
vn -0.052 0.996 -0.071
vn 0.433 -0.872 -0.226
vn 0.370 -0.912 -0.177
vn -0.050 0.996 -0.071
vn 0.592 -0.742 -0.314
vn 0.497 -0.821 -0.280
vn -0.047 0.996 -0.075
vn 0.582 -0.749 -0.318
vn 0.558 -0.771 -0.306
vn -0.016 0.994 -0.112
vn 0.718 -0.618 -0.321
vn 0.641 -0.719 -0.270
vn 0.590 -0.752 -0.294
vn 0.070 0.989 -0.132
vn 0.762 -0.631 -0.147
vn 0.730 -0.674 -0.119
vn 0.722 0.691 -0.009
vn 0.116 0.983 -0.140
vn 0.787 -0.603 0.129
vn 0.760 -0.635 0.139
vn 0.024 0.992 -0.126
vn 0.749 -0.557 0.359
vn 0.693 -0.636 0.340
vn 0.015 0.996 -0.089
vn 0.642 -0.631 0.435
vn 0.670 -0.650 0.358
vn 0.602 -0.689 0.402
vn 0.023 0.997 -0.080
vn 0.031 0.997 -0.070
vn 0.499 -0.789 0.359
vn 0.499 -0.789 0.358
vn 0.499 -0.789 0.358
vn 0.034 0.997 -0.066
vn 0.038 0.998 -0.058
vn 0.480 -0.809 0.340
vn 0.394 -0.883 0.257
vn 0.039 0.998 -0.052
vn 0.279 -0.946 0.163
vn 0.041 0.998 -0.043
vn 0.165 -0.982 0.093
vn 0.037 0.999 -0.036
vn 0.060 -0.997 0.048
vn 0.035 0.999 -0.029
vn -0.034 -0.999 0.018
vn 0.032 0.999 -0.025
vn -0.122 -0.993 -0.007
vn 0.034 0.999 -0.024
vn -0.209 -0.977 -0.037
vn 0.037 0.999 -0.024
vn -0.299 -0.951 -0.084
vn 0.040 0.999 -0.020
vn -0.382 -0.911 -0.157
vn 0.041 0.999 -0.021
vn -0.450 -0.860 -0.240
vn 0.042 0.999 -0.025
vn -0.503 -0.804 -0.318
vn 0.039 0.999 -0.034
vn -0.509 -0.781 -0.362
vn -0.548 -0.733 -0.404
vn -0.509 -0.795 -0.329
vn -0.077 0.988 -0.137
vn -0.592 -0.633 -0.499
vn -0.596 -0.624 -0.505
vn -0.592 -0.636 -0.495
vn -0.707 0.209 0.675
vn -0.743 0.050 0.667
vn -0.747 -0.108 0.657
vn -0.736 0.328 0.591
vn -0.802 0.177 0.570
vn -0.835 0.032 0.549
vn -0.832 -0.111 0.544
vn -0.794 -0.251 0.553
vn -0.739 -0.375 0.560
vn -0.577 0.549 0.604
vn -0.727 0.436 0.530
vn -0.769 0.367 0.524
vn -0.783 0.306 0.542
vn -0.816 0.170 0.552
vn -0.836 0.032 0.548
vn -0.837 -0.111 0.536
vn -0.824 -0.243 0.512
vn -0.799 -0.361 0.480
vn -0.803 -0.353 0.480
vn -0.730 -0.491 0.475
vn -0.614 0.594 0.519
vn -0.703 0.510 0.495
vn -0.742 0.469 0.479
vn -0.749 0.430 0.504
vn -0.801 -0.361 0.477
vn -0.769 -0.491 0.410
vn -0.677 -0.632 0.378
vn -0.768 -0.492 0.410
vn -0.681 0.595 0.427
vn -0.727 0.523 0.445
vn -0.736 0.493 0.464
vn -0.697 -0.636 0.331
vn -0.731 -0.590 0.344
vn -0.701 0.575 0.423
vn -0.609 0.708 0.358
vn -0.712 -0.635 0.299
vn -0.599 -0.759 0.255
vn -0.702 -0.658 0.272
vn -0.344 0.933 0.100
vn -0.626 -0.756 0.191
vn -0.690 -0.697 0.194
vn -0.208 0.978 -0.007
vn -0.650 -0.749 0.128
vn -0.685 -0.717 0.129
vn -0.131 0.991 -0.039
vn -0.660 -0.741 0.120
vn -0.675 -0.728 0.122
vn -0.076 0.996 -0.048
vn -0.656 -0.738 0.158
vn -0.642 -0.744 0.186
vn -0.025 0.998 -0.049
vn -0.459 -0.868 0.188
vn -0.579 -0.774 0.258
vn -0.032 0.998 -0.049
vn -0.432 -0.875 0.220
vn -0.500 -0.826 0.261
vn -0.031 0.998 -0.052
vn -0.429 -0.885 0.181
vn -0.421 -0.891 0.171
vn -0.032 0.998 -0.051
vn -0.370 -0.927 0.055
vn -0.031 0.998 -0.053
vn -0.337 -0.941 0.001
vn -0.030 0.998 -0.056
vn -0.307 -0.951 0.019
vn -0.028 0.998 -0.056
vn -0.271 -0.961 0.058
vn -0.028 0.998 -0.055
vn -0.231 -0.971 0.065
vn -0.028 0.998 -0.054
vn -0.192 -0.981 0.034
vn -0.031 0.998 -0.053
vn -0.148 -0.989 -0.001
vn -0.033 0.998 -0.051
vn -0.094 -0.996 -0.008
vn -0.035 0.998 -0.050
vn -0.041 0.998 -0.044
vn -0.038 0.998 -0.048
vn -0.027 -1.000 0.016
vn -0.043 0.998 -0.047
vn 0.051 -0.998 0.034
vn -0.047 0.998 -0.048
vn 0.132 -0.991 0.003
vn -0.051 0.997 -0.055
vn 0.212 -0.975 -0.065
vn -0.046 0.997 -0.066
vn 0.378 -0.905 -0.196
vn 0.291 -0.946 -0.143
vn -0.039 0.996 -0.074
vn 0.384 -0.899 -0.213
vn 0.373 -0.905 -0.205
vn -0.041 0.996 -0.084
vn 0.461 -0.859 -0.224
vn 0.388 -0.897 -0.209
vn -0.040 0.995 -0.096
vn 0.609 -0.755 -0.243
vn 0.550 -0.817 -0.175
vn -0.019 0.992 -0.126
vn 0.668 -0.741 -0.068
vn 0.626 -0.780 -0.031
vn -0.024 0.992 -0.124
vn 0.701 -0.697 0.149
vn 0.647 -0.746 0.157
vn 0.008 0.996 -0.094
vn 0.677 -0.657 0.332
vn 0.579 -0.766 0.281
vn 0.020 0.997 -0.072
vn 0.515 -0.791 0.330
vn 0.525 -0.799 0.294
vn 0.479 -0.824 0.303
vn 0.034 0.998 -0.060
vn 0.370 -0.897 0.244
vn 0.036 0.998 -0.056
vn 0.036 0.998 -0.055
vn 0.262 -0.954 0.143
vn 0.041 0.998 -0.049
vn 0.150 -0.987 0.048
vn 0.042 0.998 -0.045
vn 0.041 -0.999 -0.013
vn 0.042 0.998 -0.038
vn -0.059 -0.997 -0.049
vn 0.039 0.999 -0.032
vn -0.144 -0.987 -0.072
vn 0.039 0.999 -0.025
vn -0.229 -0.969 -0.098
vn 0.038 0.999 -0.021
vn -0.318 -0.938 -0.138
vn 0.038 0.999 -0.021
vn -0.412 -0.891 -0.189
vn 0.043 0.999 -0.022
vn -0.502 -0.831 -0.241
vn 0.040 0.999 -0.020
vn -0.522 -0.806 -0.279
vn -0.567 -0.768 -0.299
vn -0.521 -0.813 -0.260
vn 0.002 1.000 -0.027
vn -0.511 -0.797 -0.323
vn -0.614 -0.701 -0.363
vn -0.183 0.974 -0.138
vn -0.619 -0.653 -0.436
vn -0.656 -0.608 -0.447
vn -0.637 -0.654 -0.408
vn -0.595 0.561 -0.575
vn -0.668 -0.499 -0.553
vn -0.686 -0.468 -0.557
vn -0.681 -0.500 -0.536
vn -0.797 0.294 0.528
vn -0.842 0.141 0.520
vn -0.863 0.013 0.505
vn -0.864 -0.107 0.492
vn -0.844 -0.231 0.485
vn -0.763 0.425 0.487
vn -0.817 0.277 0.506
vn -0.836 0.196 0.513
vn -0.848 0.122 0.516
vn -0.861 -0.002 0.508
vn -0.863 -0.120 0.490
vn -0.855 -0.237 0.461
vn -0.860 -0.174 0.479
vn -0.828 -0.356 0.432
vn -0.769 -0.491 0.410
vn -0.746 0.492 0.449
vn -0.788 0.424 0.447
vn -0.789 0.421 0.448
vn -0.822 0.276 0.498
vn -0.857 -0.244 0.454
vn -0.842 -0.374 0.388
vn -0.793 -0.496 0.354
vn -0.841 -0.380 0.385
vn -0.705 0.588 0.396
vn -0.788 0.485 0.380
vn -0.791 0.481 0.379
vn -0.815 -0.502 0.290
vn -0.825 -0.483 0.296
vn -0.725 -0.633 0.272
vn -0.735 0.624 0.266
vn -0.805 0.529 0.269
vn -0.792 0.484 0.372
vn -0.820 -0.505 0.269
vn -0.751 -0.631 0.195
vn -0.809 -0.550 0.208
vn -0.784 0.596 0.175
vn -0.784 0.595 0.175
vn -0.760 -0.636 0.137
vn -0.793 -0.593 0.144
vn -0.784 0.596 0.175
vn -0.679 0.718 0.151
vn -0.750 -0.645 0.143
vn -0.765 -0.627 0.147
vn -0.495 0.860 0.122
vn -0.741 -0.644 0.192
vn -0.650 -0.736 0.189
vn -0.728 -0.650 0.218
vn -0.263 0.965 0.011
vn -0.628 -0.724 0.285
vn -0.686 -0.662 0.302
vn -0.115 0.992 -0.052
vn -0.633 -0.701 0.328
vn -0.632 -0.702 0.328
vn -0.033 0.998 -0.050
vn -0.428 -0.887 0.175
vn -0.586 -0.774 0.239
vn -0.032 0.998 -0.051
vn -0.414 -0.907 0.071
vn -0.536 -0.837 0.112
vn -0.032 0.998 -0.052
vn -0.385 -0.923 0.014
vn -0.489 -0.871 0.046
vn -0.031 0.998 -0.054
vn -0.352 -0.935 0.033
vn -0.444 -0.894 0.064
vn -0.030 0.998 -0.055
vn -0.333 -0.939 0.082
vn -0.396 -0.912 0.106
vn -0.030 0.998 -0.055
vn -0.326 -0.939 0.107
vn -0.342 -0.933 0.114
vn -0.031 0.998 -0.055
vn -0.322 -0.941 0.103
vn -0.285 -0.955 0.086
vn -0.031 0.998 -0.055
vn -0.215 -0.975 0.059
vn -0.032 0.998 -0.054
vn -0.033 0.998 -0.052
vn -0.032 0.998 -0.053
vn -0.137 -0.989 0.060
vn -0.032 0.998 -0.052
vn -0.061 -0.994 0.087
vn -0.038 0.998 -0.051
vn -0.002 -0.995 0.100
vn -0.041 0.998 -0.053
vn 0.046 -0.997 0.069
vn -0.046 0.997 -0.054
vn 0.102 -0.995 0.006
vn -0.044 0.997 -0.058
vn 0.175 -0.983 -0.058
vn -0.038 0.997 -0.066
vn 0.268 -0.958 -0.106
vn -0.027 0.997 -0.076
vn 0.416 -0.891 -0.181
vn 0.364 -0.923 -0.127
vn -0.019 0.996 -0.089
vn 0.464 -0.879 -0.107
vn 0.442 -0.892 -0.091
vn -0.010 0.994 -0.113
vn 0.499 -0.866 0.021
vn 0.488 -0.873 0.024
vn 0.011 0.994 -0.110
vn 0.519 -0.841 0.153
vn 0.476 -0.867 0.148
vn 0.020 0.996 -0.084
vn 0.523 -0.812 0.259
vn 0.410 -0.887 0.212
vn 0.030 0.998 -0.064
vn 0.320 -0.924 0.208
vn 0.031 0.998 -0.054
vn 0.223 -0.965 0.136
vn 0.036 0.998 -0.055
vn 0.035 0.998 -0.051
vn 0.113 -0.993 0.028
vn 0.037 0.998 -0.048
vn 0.038 0.998 -0.046
vn -0.003 -0.998 -0.065
vn 0.040 0.998 -0.043
vn -0.115 -0.986 -0.118
vn 0.046 0.998 -0.041
vn -0.214 -0.967 -0.137
vn 0.046 0.998 -0.032
vn -0.293 -0.944 -0.153
vn 0.044 0.999 -0.026
vn -0.365 -0.913 -0.184
vn 0.045 0.999 -0.026
vn -0.441 -0.868 -0.228
vn 0.040 0.999 -0.019
vn -0.478 -0.842 -0.252
vn -0.516 -0.807 -0.288
vn -0.468 -0.848 -0.249
vn 0.033 0.999 -0.018
vn -0.514 -0.819 -0.255
vn -0.594 -0.729 -0.340
vn -0.037 0.998 -0.059
vn -0.661 -0.659 -0.360
vn -0.675 -0.639 -0.369
vn -0.656 -0.661 -0.363
vn -0.371 0.886 -0.277
vn -0.654 -0.654 -0.380
vn -0.743 -0.527 -0.412
vn -0.733 0.407 -0.546
vn -0.728 0.421 -0.542
vn -0.764 0.334 -0.552
vn -0.733 -0.493 -0.469
vn -0.796 -0.371 -0.478
vn -0.757 -0.491 -0.430
vn -0.661 0.440 -0.607
vn -0.812 0.188 -0.552
vn -0.781 0.222 -0.583
vn -0.844 0.122 -0.523
vn -0.833 0.143 -0.535
vn -0.861 0.108 -0.497
vn -0.860 0.112 -0.499
vn -0.868 0.047 -0.495
vn -0.855 -0.074 -0.513
vn -0.863 -0.018 -0.505
vn -0.856 -0.074 -0.512
vn -0.831 -0.201 -0.519
vn -0.816 -0.208 -0.540
vn -0.803 -0.337 -0.491
vn -0.750 -0.354 -0.559
vn -0.848 0.120 0.517
vn -0.858 -0.006 0.513
vn -0.861 -0.123 0.493
vn -0.790 0.420 0.446
vn -0.850 0.276 0.448
vn -0.882 0.123 0.455
vn -0.890 -0.016 0.456
vn -0.884 -0.151 0.442
vn -0.869 -0.270 0.415
vn -0.843 -0.375 0.385
vn -0.846 0.403 0.349
vn -0.904 0.269 0.332
vn -0.919 0.214 0.331
vn -0.922 0.123 0.368
vn -0.922 -0.019 0.386
vn -0.923 -0.161 0.350
vn -0.902 -0.290 0.319
vn -0.923 -0.206 0.324
vn -0.865 -0.398 0.307
vn -0.840 0.473 0.265
vn -0.893 0.381 0.241
vn -0.914 0.332 0.234
vn -0.916 0.265 0.302
vn -0.918 -0.290 0.271
vn -0.883 -0.406 0.234
vn -0.914 -0.328 0.237
vn -0.830 -0.515 0.216
vn -0.864 0.467 0.189
vn -0.906 0.381 0.184
vn -0.907 0.370 0.201
vn -0.888 -0.412 0.203
vn -0.891 -0.405 0.204
vn -0.830 -0.531 0.172
vn -0.748 0.640 0.175
vn -0.863 0.468 0.191
vn -0.887 0.421 0.192
vn -0.887 -0.413 0.205
vn -0.814 -0.550 0.186
vn -0.856 -0.475 0.206
vn -0.685 0.689 0.235
vn -0.841 0.478 0.251
vn -0.850 0.468 0.241
vn -0.793 -0.560 0.240
vn -0.807 -0.538 0.243
vn -0.733 -0.644 0.220
vn -0.678 0.688 0.259
vn -0.782 0.543 0.306
vn -0.793 -0.551 0.259
vn -0.721 -0.622 0.304
vn -0.774 -0.559 0.296
vn -0.676 0.665 0.317
vn -0.573 0.770 0.279
vn -0.742 -0.581 0.333
vn -0.753 -0.568 0.331
vn -0.633 -0.701 0.329
vn -0.306 0.951 0.049
vn -0.749 -0.576 0.327
vn -0.654 -0.707 0.269
vn -0.731 -0.618 0.291
vn -0.150 0.987 -0.051
vn -0.657 -0.734 0.174
vn -0.686 -0.702 0.191
vn -0.049 0.997 -0.052
vn -0.625 -0.771 0.123
vn -0.623 -0.773 0.120
vn -0.033 0.998 -0.054
vn -0.564 -0.817 0.122
vn -0.035 0.998 -0.054
vn -0.520 -0.840 0.155
vn -0.035 0.998 -0.056
vn -0.479 -0.860 0.173
vn -0.037 0.998 -0.055
vn -0.309 -0.946 0.101
vn -0.417 -0.893 0.168
vn -0.034 0.998 -0.054
vn -0.268 -0.958 0.107
vn -0.323 -0.934 0.155
vn -0.034 0.998 -0.053
vn -0.033 0.998 -0.053
vn -0.230 -0.962 0.150
vn -0.211 -0.966 0.150
vn -0.030 0.998 -0.053
vn -0.130 -0.980 0.153
vn -0.033 0.998 -0.055
vn -0.082 -0.986 0.142
vn -0.034 0.998 -0.056
vn -0.052 -0.993 0.109
vn -0.036 0.998 -0.057
vn -0.008 -0.998 0.066
vn -0.037 0.998 -0.057
vn 0.063 -0.998 0.027
vn -0.032 0.998 -0.057
vn 0.154 -0.988 -0.006
vn -0.025 0.998 -0.065
vn 0.243 -0.969 -0.036
vn -0.016 0.997 -0.079
vn 0.307 -0.951 -0.035
vn -0.005 0.995 -0.096
vn 0.332 -0.943 0.029
vn 0.021 0.995 -0.094
vn 0.298 -0.948 0.109
vn 0.031 0.997 -0.074
vn 0.235 -0.961 0.144
vn 0.035 0.998 -0.060
vn 0.155 -0.981 0.121
vn 0.034 0.998 -0.054
vn 0.058 -0.998 0.032
vn 0.035 0.998 -0.048
vn -0.053 -0.995 -0.090
vn 0.038 0.998 -0.045
vn 0.038 0.998 -0.044
vn -0.169 -0.969 -0.180
vn 0.038 0.998 -0.042
vn 0.039 0.998 -0.039
vn -0.278 -0.935 -0.221
vn 0.042 0.999 -0.034
vn -0.373 -0.900 -0.226
vn 0.051 0.998 -0.035
vn -0.465 -0.857 -0.222
vn 0.048 0.998 -0.027
vn -0.476 -0.851 -0.223
vn -0.534 -0.810 -0.245
vn -0.486 -0.843 -0.228
vn 0.044 0.999 -0.025
vn -0.466 -0.852 -0.239
vn -0.586 -0.756 -0.292
vn 0.010 0.999 -0.032
vn -0.633 -0.691 -0.349
vn -0.174 0.981 -0.090
vn -0.633 -0.676 -0.377
vn -0.686 -0.590 -0.426
vn -0.637 -0.684 -0.356
vn -0.567 0.669 -0.480
vn -0.735 -0.509 -0.447
vn -0.756 -0.445 -0.479
vn -0.725 -0.516 -0.457
vn -0.732 0.373 -0.570
vn -0.723 0.447 -0.527
vn -0.817 0.155 -0.556
vn -0.818 0.156 -0.554
vn -0.823 0.100 -0.559
vn -0.823 0.100 -0.559
vn -0.823 0.100 -0.559
vn -0.809 -0.346 -0.475
vn -0.827 -0.222 -0.516
vn -0.793 -0.359 -0.492
vn -0.759 -0.493 -0.426
vn -0.819 0.174 -0.547
vn -0.844 0.101 -0.527
vn -0.818 0.096 -0.567
vn -0.847 0.095 -0.524
vn -0.829 0.033 -0.558
vn -0.851 0.042 -0.524
vn -0.836 -0.079 -0.542
vn -0.853 -0.064 -0.518
vn -0.829 -0.210 -0.518
vn -0.842 -0.192 -0.505
vn -0.808 -0.336 -0.484
vn -0.868 0.043 -0.495
vn -0.937 0.122 0.329
vn -0.945 -0.021 0.327
vn -0.932 -0.163 0.325
vn -0.939 0.257 0.227
vn -0.967 0.118 0.226
vn -0.973 -0.020 0.230
vn -0.959 -0.159 0.235
vn -0.927 -0.289 0.239
vn -0.912 0.366 0.184
vn -0.950 0.254 0.182
vn -0.973 0.125 0.195
vn -0.978 -0.008 0.210
vn -0.964 -0.150 0.220
vn -0.932 -0.288 0.219
vn -0.911 0.360 0.201
vn -0.943 0.258 0.209
vn -0.960 0.146 0.237
vn -0.964 0.013 0.265
vn -0.951 -0.139 0.275
vn -0.920 -0.291 0.261
vn -0.874 -0.430 0.228
vn -0.846 0.468 0.254
vn -0.898 0.351 0.266
vn -0.926 0.265 0.269
vn -0.935 0.212 0.286
vn -0.946 0.164 0.280
vn -0.958 0.020 0.287
vn -0.943 -0.136 0.304
vn -0.903 -0.302 0.306
vn -0.914 -0.259 0.313
vn -0.853 -0.446 0.272
vn -0.839 0.450 0.306
vn -0.895 0.332 0.297
vn -0.911 0.294 0.289
vn -0.923 0.264 0.279
vn -0.903 -0.303 0.305
vn -0.853 -0.441 0.278
vn -0.877 -0.391 0.281
vn -0.791 -0.538 0.290
vn -0.648 0.690 0.323
vn -0.851 0.424 0.310
vn -0.885 0.353 0.304
vn -0.899 0.320 0.298
vn -0.859 -0.427 0.282
vn -0.809 -0.501 0.307
vn -0.851 -0.437 0.292
vn -0.626 0.745 0.230
vn -0.842 0.442 0.310
vn -0.860 0.406 0.310
vn -0.817 -0.474 0.328
vn -0.819 -0.470 0.329
vn -0.764 -0.567 0.307
vn -0.601 0.753 0.269
vn -0.678 0.664 0.314
vn -0.816 -0.475 0.330
vn -0.753 -0.601 0.269
vn -0.771 -0.557 0.307
vn -0.618 0.733 0.284
vn -0.395 0.914 0.098
vn -0.716 -0.652 0.248
vn -0.623 -0.773 0.121
vn -0.707 -0.667 0.237
vn -0.240 0.970 -0.040
vn -0.581 -0.803 0.132
vn -0.648 -0.738 0.189
vn -0.149 0.987 -0.056
vn -0.567 -0.806 0.168
vn -0.622 -0.762 0.181
vn -0.075 0.996 -0.056
vn -0.575 -0.792 0.202
vn -0.605 -0.769 0.208
vn -0.038 0.998 -0.054
vn -0.581 -0.781 0.229
vn -0.563 -0.790 0.243
vn -0.038 0.998 -0.052
vn -0.035 0.998 -0.053
vn -0.039 0.998 -0.051
vn -0.475 -0.839 0.265
vn -0.031 0.998 -0.050
vn -0.225 -0.961 0.159
vn -0.365 -0.896 0.253
vn -0.032 0.998 -0.053
vn -0.263 -0.941 0.212
vn -0.268 -0.939 0.215
vn -0.026 0.998 -0.056
vn -0.266 -0.940 0.213
vn -0.227 -0.958 0.174
vn -0.029 0.998 -0.057
vn -0.196 -0.970 0.141
vn -0.026 0.998 -0.056
vn -0.153 -0.981 0.121
vn -0.027 0.998 -0.053
vn -0.079 -0.991 0.106
vn -0.022 0.998 -0.054
vn 0.005 -0.997 0.082
vn -0.017 0.998 -0.060
vn 0.083 -0.996 0.038
vn -0.007 0.998 -0.069
vn 0.138 -0.990 0.005
vn 0.003 0.997 -0.075
vn 0.162 -0.987 0.018
vn 0.024 0.997 -0.073
vn 0.131 -0.990 0.059
vn 0.033 0.997 -0.068
vn 0.071 -0.994 0.078
vn 0.036 0.998 -0.058
vn -0.012 -0.999 0.034
vn 0.035 0.998 -0.052
vn -0.110 -0.991 -0.074
vn 0.040 0.998 -0.045
vn -0.213 -0.957 -0.198
vn 0.037 0.998 -0.041
vn -0.300 -0.911 -0.283
vn 0.042 0.998 -0.040
vn 0.044 0.998 -0.041
vn -0.393 -0.864 -0.315
vn 0.043 0.998 -0.036
vn 0.041 0.999 -0.030
vn -0.452 -0.845 -0.287
vn -0.492 -0.809 -0.322
vn -0.443 -0.838 -0.318
vn 0.043 0.999 -0.027
vn -0.482 -0.844 -0.233
vn -0.593 -0.740 -0.316
vn 0.032 0.999 -0.035
vn -0.679 -0.673 -0.294
vn -0.683 -0.667 -0.297
vn -0.677 -0.673 -0.297
vn -0.154 0.987 -0.052
vn -0.666 -0.681 -0.304
vn -0.736 -0.597 -0.320
vn -0.421 0.866 -0.269
vn -0.757 -0.526 -0.387
vn -0.769 -0.507 -0.390
vn -0.762 -0.526 -0.378
vn -0.639 -0.685 -0.351
vn -0.791 0.351 -0.501
vn -0.791 0.352 -0.500
vn -0.794 0.342 -0.502
vn -0.795 -0.377 -0.475
vn -0.801 -0.362 -0.477
vn -0.798 -0.377 -0.470
vn -0.727 -0.522 -0.446
vn -0.724 0.376 -0.579
vn -0.821 0.166 -0.547
vn -0.808 0.163 -0.566
vn -0.819 0.131 -0.559
vn -0.807 0.127 -0.577
vn -0.804 0.112 -0.583
vn -0.799 0.112 -0.591
vn -0.808 0.028 -0.589
vn -0.813 -0.121 -0.569
vn -0.811 -0.023 -0.584
vn -0.817 -0.123 -0.564
vn -0.816 -0.249 -0.522
vn -0.805 -0.244 -0.540
vn -0.781 -0.369 -0.504
vn -0.808 0.098 -0.581
vn -0.809 0.009 -0.588
vn -0.813 0.028 -0.582
vn -0.824 -0.088 -0.559
vn -0.828 -0.211 -0.519
vn -0.939 0.174 0.297
vn -0.947 0.034 0.320
vn -0.936 -0.135 0.325
vn -0.922 0.262 0.286
vn -0.936 0.184 0.301
vn -0.951 0.039 0.307
vn -0.943 -0.138 0.303
vn -0.907 -0.306 0.289
vn -0.901 0.311 0.303
vn -0.922 0.253 0.294
vn -0.936 0.182 0.302
vn -0.953 0.035 0.301
vn -0.944 -0.138 0.298
vn -0.908 -0.298 0.295
vn -0.862 -0.416 0.290
vn -0.861 0.402 0.313
vn -0.900 0.299 0.318
vn -0.915 0.250 0.318
vn -0.922 0.197 0.333
vn -0.926 0.184 0.329
vn -0.947 0.036 0.320
vn -0.933 -0.131 0.334
vn -0.887 -0.282 0.366
vn -0.905 -0.216 0.365
vn -0.846 -0.399 0.353
vn -0.860 0.402 0.315
vn -0.893 0.299 0.337
vn -0.897 0.280 0.343
vn -0.906 0.256 0.336
vn -0.880 -0.277 0.385
vn -0.807 -0.404 0.430
vn -0.809 -0.399 0.432
vn -0.783 -0.508 0.359
vn -0.569 0.803 0.180
vn -0.861 0.416 0.292
vn -0.880 0.371 0.296
vn -0.894 0.301 0.331
vn -0.807 -0.404 0.431
vn -0.749 -0.564 0.347
vn -0.759 -0.543 0.360
vn -0.709 -0.662 0.243
vn -0.471 0.881 0.054
vn -0.847 0.486 0.216
vn -0.874 0.414 0.255
vn -0.749 -0.574 0.330
vn -0.674 -0.709 0.208
vn -0.728 -0.640 0.245
vn -0.368 0.929 0.033
vn -0.745 0.646 0.166
vn -0.679 -0.711 0.184
vn -0.719 -0.671 0.182
vn -0.363 0.931 0.036
vn -0.541 0.835 0.097
vn -0.703 -0.683 0.199
vn -0.715 -0.672 0.196
vn -0.215 0.976 -0.033
vn -0.353 0.936 -0.011
vn -0.708 -0.672 0.217
vn -0.583 -0.773 0.250
vn -0.694 -0.667 0.270
vn -0.156 0.987 -0.036
vn -0.575 -0.755 0.313
vn -0.636 -0.695 0.335
vn -0.046 0.998 -0.046
vn -0.588 -0.735 0.337
vn -0.558 -0.760 0.334
vn -0.026 0.998 -0.049
vn -0.483 -0.831 0.274
vn -0.025 0.998 -0.054
vn -0.345 -0.919 0.192
vn -0.431 -0.878 0.207
vn -0.018 0.998 -0.056
vn -0.396 -0.900 0.181
vn -0.384 -0.907 0.174
vn -0.019 0.998 -0.055
vn -0.331 -0.926 0.179
vn -0.013 0.999 -0.053
vn -0.255 -0.949 0.184
vn -0.015 0.999 -0.048
vn -0.172 -0.973 0.157
vn -0.008 0.999 -0.051
vn -0.101 -0.990 0.101
vn 0.002 0.998 -0.058
vn -0.041 -0.998 0.044
vn 0.007 0.998 -0.064
vn -0.003 -1.000 0.018
vn 0.019 0.998 -0.063
vn -0.016 -1.000 0.019
vn 0.032 0.998 -0.059
vn -0.072 -0.997 0.004
vn 0.039 0.998 -0.056
vn -0.163 -0.985 -0.059
vn 0.041 0.998 -0.048
vn -0.263 -0.949 -0.171
vn 0.049 0.998 -0.044
vn -0.339 -0.899 -0.278
vn 0.045 0.998 -0.039
vn -0.389 -0.851 -0.352
vn 0.045 0.998 -0.034
vn -0.412 -0.842 -0.349
vn -0.444 -0.798 -0.408
vn -0.405 -0.837 -0.368
vn 0.044 0.999 -0.033
vn 0.047 0.998 -0.036
vn -0.542 -0.721 -0.433
vn -0.025 0.999 -0.030
vn -0.049 0.998 -0.029
vn -0.623 -0.692 -0.365
vn -0.653 -0.621 -0.433
vn -0.562 -0.705 -0.433
vn -0.354 0.904 -0.239
vn -0.747 -0.545 -0.382
vn -0.761 -0.504 -0.409
vn -0.723 -0.554 -0.413
vn -0.801 0.400 -0.445
vn -0.840 -0.382 -0.384
vn -0.849 -0.355 -0.392
vn -0.834 -0.387 -0.394
vn -0.780 -0.527 -0.339
vn -0.823 0.357 -0.442
vn -0.782 0.406 -0.473
vn -0.869 0.159 -0.468
vn -0.868 0.162 -0.468
vn -0.887 0.102 -0.451
vn -0.887 0.106 -0.449
vn -0.895 0.096 -0.436
vn -0.878 -0.241 -0.413
vn -0.900 -0.155 -0.408
vn -0.879 -0.240 -0.412
vn -0.833 -0.374 -0.407
vn -0.833 0.170 -0.526
vn -0.846 0.133 -0.516
vn -0.898 0.086 -0.431
vn -0.860 0.105 -0.499
vn -0.905 -0.011 -0.425
vn -0.875 -0.008 -0.484
vn -0.901 -0.125 -0.415
vn -0.867 -0.134 -0.480
vn -0.840 -0.252 -0.481
vn -0.810 0.009 -0.587
vn -0.924 0.183 0.336
vn -0.937 0.035 0.348
vn -0.924 -0.125 0.361
vn -0.903 0.260 0.342
vn -0.912 0.195 0.361
vn -0.922 0.055 0.383
vn -0.907 -0.089 0.412
vn -0.864 -0.252 0.437
vn -0.903 0.308 0.298
vn -0.914 0.276 0.296
vn -0.926 0.217 0.309
vn -0.939 0.110 0.326
vn -0.939 0.084 0.334
vn -0.929 -0.051 0.367
vn -0.895 -0.219 0.388
vn -0.921 -0.117 0.372
vn -0.821 -0.416 0.391
vn -0.883 0.418 0.214
vn -0.926 0.313 0.213
vn -0.937 0.284 0.206
vn -0.945 0.255 0.204
vn -0.939 0.223 0.261
vn -0.909 -0.213 0.359
vn -0.873 -0.414 0.257
vn -0.887 -0.386 0.256
vn -0.760 -0.598 0.252
vn -0.894 0.418 0.163
vn -0.938 0.308 0.160
vn -0.950 0.276 0.148
vn -0.950 0.276 0.148
vn -0.882 -0.410 0.232
vn -0.790 -0.589 0.170
vn -0.879 -0.453 0.153
vn -0.877 0.436 0.201
vn -0.936 0.296 0.191
vn -0.942 0.280 0.187
vn -0.814 -0.555 0.171
vn -0.867 -0.472 0.161
vn -0.842 0.449 0.299
vn -0.896 0.327 0.301
vn -0.926 0.290 0.243
vn -0.820 -0.513 0.255
vn -0.824 -0.507 0.255
vn -0.718 -0.642 0.269
vn -0.836 0.407 0.367
vn -0.753 0.538 0.380
vn -0.819 -0.511 0.261
vn -0.719 -0.603 0.346
vn -0.763 -0.541 0.353
vn -0.358 0.925 0.125
vn -0.723 -0.584 0.369
vn -0.593 -0.728 0.344
vn -0.707 -0.601 0.373
vn -0.105 0.994 -0.024
vn -0.628 -0.715 0.308
vn -0.667 -0.673 0.320
vn -0.038 0.998 -0.049
vn -0.639 -0.713 0.287
vn -0.614 -0.745 0.261
vn -0.016 0.999 -0.052
vn -0.403 -0.898 0.178
vn -0.557 -0.797 0.233
vn -0.019 0.999 -0.051
vn -0.410 -0.888 0.209
vn -0.483 -0.841 0.243
vn -0.008 0.999 -0.050
vn -0.427 -0.868 0.253
vn -0.413 -0.874 0.255
vn -0.008 0.999 -0.049
vn -0.343 -0.911 0.227
vn -0.006 0.999 -0.043
vn -0.284 -0.945 0.164
vn 0.002 0.999 -0.055
vn -0.221 -0.970 0.101
vn 0.002 0.998 -0.056
vn -0.165 -0.985 0.041
vn 0.017 0.999 -0.047
vn -0.161 -0.987 -0.011
vn 0.030 0.998 -0.047
vn -0.205 -0.976 -0.070
vn 0.034 0.998 -0.049
vn -0.293 -0.942 -0.162
vn 0.048 0.998 -0.041
vn -0.385 -0.887 -0.254
vn 0.044 0.998 -0.040
vn -0.428 -0.844 -0.324
vn 0.055 0.998 -0.043
vn -0.407 -0.839 -0.361
vn -0.458 -0.800 -0.387
vn -0.432 -0.839 -0.332
vn 0.044 0.998 -0.036
vn -0.481 -0.738 -0.472
vn -0.084 0.989 -0.121
vn -0.543 -0.709 -0.450
vn -0.548 -0.628 -0.552
vn -0.489 -0.727 -0.482
vn -0.205 0.951 -0.230
vn -0.518 0.694 -0.501
vn -0.658 -0.572 -0.490
vn -0.660 -0.483 -0.575
vn -0.586 -0.588 -0.557
vn -0.720 0.380 -0.581
vn -0.731 0.398 -0.555
vn -0.775 0.193 -0.601
vn -0.769 -0.284 -0.573
vn -0.765 -0.239 -0.598
vn -0.755 -0.290 -0.588
vn -0.689 -0.445 -0.572
vn -0.771 -0.417 -0.482
vn -0.820 0.359 -0.447
vn -0.778 0.179 -0.602
vn -0.854 0.159 -0.496
vn -0.773 0.096 -0.627
vn -0.859 0.084 -0.506
vn -0.778 0.061 -0.625
vn -0.858 0.063 -0.510
vn -0.789 -0.034 -0.613
vn -0.864 -0.022 -0.503
vn -0.784 -0.149 -0.603
vn -0.867 -0.128 -0.482
vn -0.862 -0.248 -0.442
vn -0.902 0.082 -0.423
vn -0.911 -0.013 -0.412
vn -0.904 -0.124 -0.410
vn -0.941 0.086 0.329
vn -0.933 -0.046 0.357
vn -0.952 0.229 0.202
vn -0.971 0.106 0.212
vn -0.974 -0.020 0.227
vn -0.950 -0.194 0.244
vn -0.950 0.276 0.148
vn -0.963 0.228 0.140
vn -0.984 0.112 0.142
vn -0.990 -0.014 0.141
vn -0.973 -0.182 0.141
vn -0.906 -0.395 0.149
vn -0.947 0.263 0.185
vn -0.958 0.220 0.181
vn -0.977 0.106 0.183
vn -0.985 -0.021 0.173
vn -0.971 -0.180 0.160
vn -0.915 -0.373 0.154
vn -0.909 0.283 0.305
vn -0.918 0.252 0.307
vn -0.926 0.212 0.312
vn -0.942 0.095 0.320
vn -0.950 -0.035 0.310
vn -0.940 -0.185 0.287
vn -0.897 -0.354 0.264
vn -0.813 0.407 0.417
vn -0.865 0.271 0.423
vn -0.871 0.243 0.428
vn -0.876 0.216 0.431
vn -0.890 0.207 0.406
vn -0.925 0.094 0.368
vn -0.936 -0.038 0.350
vn -0.911 -0.188 0.367
vn -0.854 -0.344 0.389
vn -0.872 -0.275 0.405
vn -0.798 -0.483 0.360
vn -0.780 0.453 0.432
vn -0.842 0.295 0.453
vn -0.852 0.262 0.452
vn -0.865 0.241 0.440
vn -0.848 -0.344 0.404
vn -0.783 -0.475 0.402
vn -0.797 -0.442 0.411
vn -0.722 -0.580 0.377
vn -0.791 0.415 0.450
vn -0.669 0.644 0.371
vn -0.783 -0.476 0.399
vn -0.728 -0.587 0.354
vn -0.756 -0.539 0.372
vn -0.339 0.938 0.066
vn -0.731 -0.595 0.333
vn -0.638 -0.721 0.271
vn -0.721 -0.615 0.319
vn -0.152 0.988 -0.035
vn -0.625 -0.732 0.272
vn -0.674 -0.675 0.300
vn -0.046 0.998 -0.047
vn -0.614 -0.727 0.306
vn -0.604 -0.735 0.307
vn -0.015 0.999 -0.042
vn -0.426 -0.866 0.261
vn -0.548 -0.777 0.309
vn 0.001 0.999 -0.047
vn -0.449 -0.853 0.267
vn -0.495 -0.823 0.280
vn -0.009 0.999 -0.041
vn -0.472 -0.845 0.250
vn -0.450 -0.866 0.218
vn 0.000 0.999 -0.050
vn -0.407 -0.899 0.160
vn 0.002 0.999 -0.049
vn -0.359 -0.930 0.079
vn 0.017 0.999 -0.035
vn -0.344 -0.939 -0.020
vn 0.015 0.999 -0.041
vn -0.361 -0.923 -0.132
vn 0.032 0.999 -0.037
vn -0.424 -0.871 -0.248
vn 0.037 0.999 -0.036
vn -0.453 -0.839 -0.301
vn -0.474 -0.823 -0.313
vn -0.458 -0.840 -0.292
vn 0.040 0.999 -0.036
vn -0.436 -0.839 -0.327
vn -0.514 -0.783 -0.350
vn -0.014 0.999 -0.037
vn -0.526 -0.744 -0.411
vn -0.527 -0.744 -0.411
vn -0.527 -0.744 -0.410
vn -0.183 0.968 -0.172
vn -0.489 -0.730 -0.478
vn -0.559 -0.649 -0.516
vn -0.364 0.862 -0.354
vn -0.224 0.942 -0.251
vn -0.558 0.627 -0.544
vn -0.562 -0.591 -0.579
vn -0.595 -0.504 -0.627
vn -0.572 -0.599 -0.560
vn -0.663 0.402 -0.631
vn -0.667 0.391 -0.634
vn -0.670 0.233 -0.704
vn -0.671 0.231 -0.704
vn -0.667 0.220 -0.712
vn -0.655 -0.324 -0.683
vn -0.651 -0.267 -0.710
vn -0.647 -0.328 -0.688
vn -0.613 -0.461 -0.641
vn -0.659 -0.451 -0.602
vn -0.775 0.180 -0.606
vn -0.656 0.145 -0.740
vn -0.749 0.103 -0.654
vn -0.657 0.069 -0.751
vn -0.727 0.063 -0.684
vn -0.664 -0.060 -0.745
vn -0.732 -0.042 -0.680
vn -0.663 -0.192 -0.723
vn -0.751 -0.158 -0.641
vn -0.879 0.204 0.431
vn -0.894 0.087 0.439
vn -0.899 -0.048 0.434
vn -0.888 -0.191 0.418
vn -0.852 0.261 0.454
vn -0.862 0.235 0.448
vn -0.876 0.196 0.440
vn -0.890 0.083 0.448
vn -0.891 -0.050 0.451
vn -0.875 -0.191 0.446
vn -0.836 -0.341 0.430
vn -0.786 0.432 0.442
vn -0.876 0.258 0.408
vn -0.888 0.231 0.398
vn -0.893 0.212 0.397
vn -0.891 0.200 0.407
vn -0.897 0.088 0.434
vn -0.896 -0.046 0.441
vn -0.882 -0.187 0.432
vn -0.846 -0.341 0.410
vn -0.862 -0.289 0.415
vn -0.786 -0.482 0.388
vn -0.809 0.483 0.335
vn -0.907 0.246 0.341
vn -0.908 0.240 0.342
vn -0.901 0.230 0.369
vn -0.851 -0.340 0.400
vn -0.802 -0.484 0.352
vn -0.823 -0.442 0.357
vn -0.732 -0.599 0.326
vn -0.821 0.428 0.378
vn -0.779 0.508 0.368
vn -0.803 -0.482 0.350
vn -0.723 -0.606 0.332
vn -0.773 -0.531 0.349
vn -0.448 0.883 0.140
vn -0.731 -0.589 0.345
vn -0.611 -0.728 0.311
vn -0.727 -0.594 0.345
vn -0.210 0.978 0.003
vn -0.616 -0.715 0.330
vn -0.678 -0.651 0.341
vn -0.070 0.997 -0.044
vn -0.647 -0.693 0.318
vn -0.641 -0.702 0.311
vn -0.012 0.999 -0.043
vn -0.486 -0.844 0.227
vn -0.607 -0.753 0.253
vn -0.002 0.999 -0.044
vn -0.522 -0.834 0.178
vn -0.588 -0.786 0.191
vn 0.003 0.999 -0.040
vn -0.561 -0.822 0.101
vn -0.569 -0.816 0.102
vn 0.019 0.999 -0.034
vn -0.567 -0.822 0.045
vn -0.564 -0.826 -0.015
vn 0.011 0.999 -0.030
vn -0.540 -0.828 -0.151
vn -0.560 -0.814 -0.153
vn -0.564 -0.824 -0.053
vn 0.036 0.999 -0.026
vn -0.481 -0.837 -0.260
vn -0.562 -0.780 -0.276
vn -0.015 0.999 -0.032
vn -0.573 -0.746 -0.340
vn -0.151 0.984 -0.092
vn -0.570 -0.736 -0.364
vn -0.608 -0.700 -0.375
vn -0.586 -0.729 -0.354
vn -0.431 0.851 -0.301
vn -0.648 -0.625 -0.435
vn -0.510 0.776 -0.370
vn -0.382 0.872 -0.307
vn -0.705 0.507 -0.496
vn -0.598 -0.600 -0.531
vn -0.677 -0.489 -0.550
vn -0.653 -0.601 -0.460
vn -0.734 0.429 -0.527
vn -0.692 0.414 -0.592
vn -0.738 0.272 -0.618
vn -0.735 0.271 -0.621
vn -0.738 0.261 -0.623
vn -0.698 -0.320 -0.641
vn -0.717 -0.278 -0.639
vn -0.710 -0.318 -0.628
vn -0.685 -0.450 -0.573
vn -0.623 -0.458 -0.634
vn -0.728 0.167 -0.665
vn -0.655 0.152 -0.740
vn -0.730 0.066 -0.680
vn -0.664 0.070 -0.745
vn -0.733 -0.071 -0.677
vn -0.670 -0.068 -0.740
vn -0.727 -0.197 -0.658
vn -0.661 -0.198 -0.724
vn -0.895 0.201 0.397
vn -0.903 0.093 0.419
vn -0.902 -0.046 0.429
vn -0.886 -0.188 0.424
vn -0.909 0.240 0.341
vn -0.914 0.232 0.332
vn -0.909 0.225 0.351
vn -0.911 0.118 0.396
vn -0.909 -0.041 0.414
vn -0.895 -0.195 0.400
vn -0.862 -0.342 0.375
vn -0.814 0.436 0.385
vn -0.912 0.228 0.342
vn -0.909 0.244 0.337
vn -0.894 0.267 0.360
vn -0.897 0.237 0.374
vn -0.904 0.140 0.403
vn -0.907 -0.038 0.419
vn -0.892 -0.204 0.403
vn -0.858 -0.350 0.375
vn -0.881 -0.261 0.394
vn -0.802 -0.480 0.355
vn -0.784 0.518 0.342
vn -0.903 0.221 0.369
vn -0.901 0.247 0.357
vn -0.900 0.250 0.357
vn -0.893 0.271 0.360
vn -0.861 -0.350 0.369
vn -0.812 -0.466 0.352
vn -0.843 -0.400 0.358
vn -0.732 -0.588 0.345
vn -0.791 0.496 0.359
vn -0.847 0.365 0.386
vn -0.901 0.216 0.375
vn -0.900 0.247 0.359
vn -0.818 -0.456 0.352
vn -0.744 -0.571 0.348
vn -0.803 -0.481 0.351
vn -0.795 0.475 0.377
vn -0.578 0.783 0.230
vn -0.772 -0.546 0.325
vn -0.777 -0.539 0.325
vn -0.654 -0.689 0.312
vn -0.310 0.950 0.039
vn -0.774 -0.546 0.321
vn -0.683 -0.685 0.255
vn -0.747 -0.609 0.267
vn -0.182 0.983 -0.036
vn -0.714 -0.676 0.184
vn -0.735 -0.651 0.188
vn -0.102 0.994 -0.028
vn -0.730 -0.672 0.125
vn -0.729 -0.678 0.098
vn -0.073 0.997 -0.026
vn -0.570 -0.822 -0.015
vn -0.728 -0.686 -0.009
vn -0.097 0.995 -0.023
vn -0.721 -0.683 -0.119
vn -0.175 0.983 -0.062
vn -0.663 -0.706 -0.248
vn -0.695 -0.676 -0.245
vn -0.717 -0.683 -0.140
vn -0.383 0.888 -0.253
vn -0.606 -0.721 -0.336
vn -0.702 -0.625 -0.341
vn -0.568 0.720 -0.399
vn -0.506 0.793 -0.341
vn -0.688 0.568 -0.453
vn -0.696 -0.596 -0.400
vn -0.730 -0.544 -0.413
vn -0.714 -0.590 -0.377
vn -0.505 0.790 -0.347
vn -0.773 0.444 -0.453
vn -0.771 0.446 -0.455
vn -0.791 0.395 -0.467
vn -0.769 -0.435 -0.468
vn -0.788 -0.392 -0.475
vn -0.773 -0.436 -0.460
vn -0.667 -0.600 -0.441
vn -0.753 0.433 -0.495
vn -0.817 0.291 -0.499
vn -0.806 0.284 -0.519
vn -0.834 0.156 -0.530
vn -0.833 0.156 -0.531
vn -0.837 0.134 -0.531
vn -0.826 -0.160 -0.541
vn -0.830 -0.139 -0.540
vn -0.827 -0.160 -0.539
vn -0.805 -0.289 -0.518
vn -0.781 -0.294 -0.551
vn -0.704 -0.446 -0.552
vn -0.758 0.166 -0.631
vn -0.842 0.053 -0.537
vn -0.786 0.061 -0.616
vn -0.839 -0.053 -0.541
vn -0.784 -0.065 -0.617
vn -0.753 -0.190 -0.630
vn -0.902 0.153 0.404
vn -0.907 -0.039 0.419
vn -0.891 -0.209 0.403
vn -0.892 0.286 0.351
vn -0.913 0.172 0.369
vn -0.925 -0.038 0.378
vn -0.902 -0.217 0.372
vn -0.864 -0.350 0.361
vn -0.899 0.218 0.379
vn -0.898 0.238 0.371
vn -0.903 0.274 0.332
vn -0.933 0.181 0.312
vn -0.934 0.168 0.316
vn -0.943 -0.035 0.330
vn -0.925 -0.206 0.319
vn -0.934 -0.163 0.317
vn -0.880 -0.337 0.334
vn -0.823 -0.449 0.347
vn -0.771 0.545 0.329
vn -0.909 0.225 0.350
vn -0.915 0.211 0.343
vn -0.925 0.225 0.306
vn -0.923 0.239 0.302
vn -0.927 -0.202 0.314
vn -0.901 -0.304 0.308
vn -0.904 -0.298 0.307
vn -0.847 -0.423 0.323
vn -0.767 0.602 0.222
vn -0.925 0.239 0.296
vn -0.927 0.230 0.295
vn -0.925 0.201 0.321
vn -0.902 -0.303 0.308
vn -0.865 -0.410 0.289
vn -0.873 -0.394 0.289
vn -0.794 -0.544 0.272
vn -0.781 0.599 0.175
vn -0.875 0.436 0.213
vn -0.928 0.238 0.286
vn -0.867 -0.412 0.279
vn -0.807 -0.557 0.199
vn -0.851 -0.479 0.217
vn -0.803 0.573 0.164
vn -0.736 0.667 0.118
vn -0.810 -0.576 0.110
vn -0.827 -0.549 0.117
vn -0.735 -0.671 0.096
vn -0.669 0.743 -0.027
vn -0.804 -0.594 0.000
vn -0.814 -0.581 0.002
vn -0.737 -0.676 -0.009
vn -0.722 0.672 -0.165
vn -0.800 -0.591 -0.097
vn -0.818 -0.567 -0.097
vn -0.725 -0.679 -0.117
vn -0.738 0.649 -0.183
vn -0.644 0.730 -0.231
vn -0.808 0.525 -0.267
vn -0.772 -0.592 -0.229
vn -0.816 -0.530 -0.232
vn -0.567 0.750 -0.341
vn -0.826 0.431 -0.363
vn -0.818 0.435 -0.377
vn -0.823 0.426 -0.375
vn -0.816 -0.452 -0.361
vn -0.824 -0.435 -0.363
vn -0.823 -0.454 -0.342
vn -0.736 -0.585 -0.341
vn -0.778 0.445 -0.444
vn -0.835 0.319 -0.448
vn -0.829 0.318 -0.460
vn -0.836 0.290 -0.467
vn -0.833 -0.312 -0.457
vn -0.840 -0.279 -0.465
vn -0.838 -0.315 -0.445
vn -0.787 -0.443 -0.429
vn -0.816 0.301 -0.493
vn -0.840 0.185 -0.510
vn -0.830 0.171 -0.531
vn -0.839 0.057 -0.541
vn -0.833 0.056 -0.550
vn -0.841 -0.061 -0.538
vn -0.835 -0.054 -0.547
vn -0.843 -0.184 -0.506
vn -0.835 -0.166 -0.525
vn -0.819 -0.291 -0.495
vn -0.846 0.053 -0.530
vn -0.844 -0.050 -0.534
vn -0.937 0.167 0.308
vn -0.952 -0.033 0.305
vn -0.928 0.229 0.294
vn -0.956 0.140 0.258
vn -0.966 -0.024 0.256
vn -0.944 -0.174 0.279
vn -0.934 0.191 0.301
vn -0.946 0.188 0.265
vn -0.965 0.119 0.235
vn -0.971 -0.011 0.237
vn -0.955 -0.141 0.262
vn -0.918 -0.275 0.287
vn -0.941 0.256 0.219
vn -0.953 0.186 0.238
vn -0.962 0.163 0.221
vn -0.973 0.109 0.203
vn -0.978 0.007 0.210
vn -0.966 -0.113 0.234
vn -0.932 -0.262 0.250
vn -0.877 -0.420 0.233
vn -0.782 0.611 0.126
vn -0.942 0.299 0.150
vn -0.965 0.196 0.176
vn -0.972 0.153 0.176
vn -0.980 0.109 0.164
vn -0.981 0.098 0.164
vn -0.984 0.020 0.178
vn -0.978 -0.094 0.185
vn -0.949 -0.261 0.177
vn -0.975 -0.133 0.177
vn -0.883 -0.444 0.151
vn -0.760 0.650 -0.023
vn -0.941 0.338 0.022
vn -0.974 0.218 0.060
vn -0.985 0.153 0.081
vn -0.986 0.147 0.081
vn -0.981 0.108 0.158
vn -0.960 -0.279 0.033
vn -0.962 -0.270 0.034
vn -0.881 -0.473 0.015
vn -0.739 0.654 -0.165
vn -0.924 0.368 -0.103
vn -0.966 0.251 -0.057
vn -0.986 0.165 -0.020
vn -0.986 0.164 -0.014
vn -0.950 -0.294 -0.105
vn -0.965 -0.243 -0.096
vn -0.875 -0.471 -0.110
vn -0.890 0.396 -0.225
vn -0.942 0.285 -0.180
vn -0.986 0.165 -0.021
vn -0.974 0.180 -0.137
vn -0.981 0.140 -0.134
vn -0.919 -0.311 -0.241
vn -0.965 -0.169 -0.203
vn -0.853 -0.463 -0.243
vn -0.881 0.317 -0.351
vn -0.924 0.196 -0.329
vn -0.976 0.075 -0.205
vn -0.943 0.067 -0.326
vn -0.971 -0.048 -0.236
vn -0.938 -0.067 -0.340
vn -0.965 -0.162 -0.208
vn -0.910 -0.198 -0.364
vn -0.868 -0.326 -0.376
vn -0.857 0.193 -0.478
vn -0.870 0.063 -0.489
vn -0.869 -0.068 -0.490
vn -0.857 -0.192 -0.479
vn -0.986 0.024 0.167
vn -0.980 -0.091 0.177
vn -0.992 0.101 0.073
vn -0.998 0.020 0.062
vn -0.994 -0.099 0.050
vn -0.986 0.165 -0.020
vn -0.995 0.092 -0.026
vn -0.999 0.000 -0.048
vn -0.989 -0.121 -0.079
vn -0.988 0.079 -0.136
vn -0.986 -0.033 -0.161
vn -0.966 -0.160 -0.201
f 1//1 136//136 2//2
f 137//137 3//3 2//2
f 137//137 2//2 136//136
f 138//138 4//4 3//3
f 138//138 3//3 137//137
f 139//139 5//5 4//4
f 139//139 4//4 138//138
f 140//140 6//6 5//5
f 140//140 5//5 139//139
f 140//140 7//7 6//6
f 8//8 141//141 9//9
f 142//142 10//10 9//9
f 142//142 9//9 141//141
f 142//142 143//143 10//10
f 10//10 143//143 1//1
f 143//143 144//144 1//1
f 144//144 136//136 1//1
f 136//136 144//144 137//137
f 137//137 144//144 145//145
f 137//137 145//145 138//138
f 138//138 145//145 146//146
f 138//138 146//146 139//139
f 139//139 146//146 147//147
f 149//149 148//148 147//147
f 148//148 139//139 147//147
f 148//148 140//140 139//139
f 150//150 11//11 7//7
f 140//140 150//150 7//7
f 148//148 150//150 140//140
f 150//150 12//12 11//11
f 13//13 151//151 141//141
f 13//13 141//141 8//8
f 153//153 142//142 152//152
f 142//142 151//151 152//152
f 142//142 141//141 151//151
f 142//142 153//153 143//143
f 149//149 154//154 148//148
f 156//156 155//155 154//154
f 155//155 148//148 154//154
f 155//155 150//150 148//148
f 157//157 14//14 12//12
f 150//150 157//157 12//12
f 155//155 157//157 150//150
f 157//157 15//15 14//14
f 17//17 158//158 16//16
f 158//158 159//159 16//16
f 16//16 159//159 13//13
f 159//159 160//160 13//13
f 160//160 151//151 13//13
f 151//151 160//160 152//152
f 156//156 161//161 155//155
f 163//163 162//162 161//161
f 162//162 155//155 161//161
f 162//162 157//157 155//155
f 162//162 18//18 15//15
f 162//162 15//15 157//157
f 20//20 164//164 19//19
f 164//164 165//165 19//19
f 19//19 165//165 17//17
f 165//165 166//166 17//17
f 166//166 158//158 17//17
f 158//158 166//166 159//159
f 163//163 167//167 162//162
f 167//167 169//169 168//168
f 167//167 168//168 21//21
f 162//162 167//167 21//21
f 18//18 162//162 21//21
f 168//168 22//22 21//21
f 171//171 170//170 164//164
f 20//20 171//171 164//164
f 23//23 171//171 20//20
f 164//164 170//170 165//165
f 169//169 172//172 168//168
f 22//22 168//168 172//172
f 173//173 22//22 172//172
f 24//24 22//22 173//173
f 25//25 171//171 23//23
f 25//25 174//174 171//171
f 26//26 24//24 175//175
f 24//24 176//176 175//175
f 24//24 173//173 176//176
f 175//175 27//27 26//26
f 28//28 174//174 25//25
f 28//28 177//177 174//174
f 175//175 176//176 178//178
f 178//178 176//176 179//179
f 178//178 29//29 27//27
f 178//178 27//27 175//175
f 30//30 177//177 28//28
f 30//30 180//180 177//177
f 178//178 179//179 181//181
f 181//181 179//179 182//182
f 181//181 31//31 29//29
f 181//181 29//29 178//178
f 32//32 180//180 30//30
f 32//32 183//183 180//180
f 182//182 184//184 181//181
f 31//31 181//181 184//184
f 185//185 31//31 184//184
f 33//33 31//31 185//185
f 34//34 183//183 32//32
f 34//34 186//186 183//183
f 185//185 35//35 33//33
f 187//187 35//35 185//185
f 36//36 186//186 34//34
f 36//36 188//188 186//186
f 187//187 37//37 35//35
f 189//189 37//37 187//187
f 38//38 188//188 36//36
f 38//38 190//190 188//188
f 189//189 39//39 37//37
f 191//191 39//39 189//189
f 40//40 190//190 38//38
f 40//40 192//192 190//190
f 191//191 41//41 39//39
f 193//193 41//41 191//191
f 42//42 192//192 40//40
f 42//42 194//194 192//192
f 193//193 43//43 41//41
f 195//195 43//43 193//193
f 44//44 194//194 42//42
f 44//44 196//196 194//194
f 195//195 45//45 43//43
f 197//197 45//45 195//195
f 46//46 196//196 44//44
f 46//46 198//198 196//196
f 197//197 47//47 45//45
f 199//199 47//47 197//197
f 48//48 198//198 46//46
f 48//48 200//200 198//198
f 199//199 49//49 47//47
f 201//201 49//49 199//199
f 50//50 200//200 48//48
f 50//50 202//202 200//200
f 201//201 51//51 49//49
f 203//203 51//51 201//201
f 52//52 202//202 50//50
f 52//52 204//204 202//202
f 203//203 53//53 51//51
f 205//205 53//53 203//203
f 54//54 204//204 52//52
f 54//54 206//206 204//204
f 205//205 55//55 53//53
f 207//207 55//55 205//205
f 56//56 206//206 54//54
f 56//56 208//208 206//206
f 207//207 57//57 55//55
f 209//209 57//57 207//207
f 58//58 208//208 56//56
f 58//58 210//210 208//208
f 209//209 59//59 57//57
f 211//211 59//59 209//209
f 60//60 210//210 58//58
f 60//60 212//212 210//210
f 211//211 61//61 59//59
f 213//213 61//61 211//211
f 62//62 212//212 60//60
f 62//62 214//214 212//212
f 215//215 63//63 64//64
f 216//216 215//215 64//64
f 61//61 216//216 64//64
f 213//213 216//216 61//61
f 65//65 218//218 217//217
f 214//214 65//65 217//217
f 62//62 65//65 214//214
f 218//218 219//219 217//217
f 221//221 220//220 215//215
f 220//220 63//63 215//215
f 220//220 66//66 63//63
f 221//221 215//215 216//216
f 67//67 218//218 65//65
f 67//67 68//68 218//218
f 68//68 219//219 218//218
f 68//68 222//222 219//219
f 223//223 69//69 70//70
f 224//224 223//223 70//70
f 66//66 224//224 70//70
f 220//220 224//224 66//66
f 71//71 222//222 68//68
f 71//71 225//225 222//222
f 226//226 72//72 223//223
f 223//223 72//72 69//69
f 223//223 224//224 227//227
f 223//223 227//227 226//226
f 73//73 225//225 71//71
f 73//73 228//228 225//225
f 229//229 74//74 75//75
f 230//230 229//229 75//75
f 230//230 75//75 72//72
f 231//231 230//230 72//72
f 226//226 231//231 72//72
f 231//231 226//226 227//227
f 76//76 228//228 73//73
f 76//76 232//232 228//228
f 233//233 77//77 229//229
f 229//229 77//77 74//74
f 229//229 230//230 234//234
f 229//229 234//234 233//233
f 76//76 78//78 235//235
f 236//236 76//76 235//235
f 232//232 76//76 236//236
f 79//79 235//235 78//78
f 237//237 80//80 81//81
f 82//82 238//238 81//81
f 81//81 238//238 237//237
f 239//239 238//238 82//82
f 239//239 82//82 77//77
f 240//240 239//239 77//77
f 233//233 240//240 77//77
f 240//240 233//233 234//234
f 236//236 235//235 241//241
f 236//236 241//241 242//242
f 83//83 243//243 79//79
f 243//243 235//235 79//79
f 243//243 241//241 235//235
f 84//84 244//244 83//83
f 83//83 244//244 243//243
f 85//85 245//245 84//84
f 84//84 245//245 244//244
f 86//86 245//245 85//85
f 246//246 87//87 88//88
f 80//80 237//237 88//88
f 237//237 246//246 88//88
f 237//237 247//247 246//246
f 248//248 237//237 238//238
f 247//247 237//237 248//248
f 238//238 239//239 249//249
f 238//238 249//249 248//248
f 250//250 242//242 241//241
f 252//252 251//251 250//250
f 241//241 252//252 250//250
f 243//243 252//252 241//241
f 253//253 243//243 244//244
f 252//252 243//243 253//253
f 254//254 244//244 245//245
f 253//253 244//244 254//254
f 89//89 255//255 86//86
f 255//255 245//245 86//86
f 255//255 254//254 245//245
f 90//90 256//256 89//89
f 89//89 256//256 255//255
f 87//87 246//246 90//90
f 246//246 256//256 90//90
f 246//246 257//257 256//256
f 258//258 246//246 247//247
f 257//257 246//246 258//258
f 259//259 247//247 248//248
f 258//258 247//247 259//259
f 248//248 249//249 260//260
f 248//248 260//260 259//259
f 263//263 262//262 261//261
f 261//261 262//262 251//251
f 252//252 261//261 251//251
f 264//264 261//261 252//252
f 265//265 252//252 253//253
f 264//264 252//252 265//265
f 266//266 253//253 254//254
f 265//265 253//253 266//266
f 267//267 254//254 255//255
f 266//266 254//254 267//267
f 92//92 267//267 91//91
f 267//267 256//256 91//91
f 267//267 255//255 256//256
f 91//91 256//256 93//93
f 256//256 268//268 93//93
f 256//256 257//257 268//268
f 269//269 257//257 258//258
f 268//268 257//257 269//269
f 270//270 258//258 259//259
f 269//269 258//258 270//270
f 259//259 260//260 271//271
f 259//259 271//271 270//270
f 263//263 261//261 272//272
f 263//263 272//272 273//273
f 95//95 272//272 94//94
f 272//272 264//264 94//94
f 272//272 261//261 264//264
f 94//94 264//264 96//96
f 96//96 264//264 265//265
f 96//96 265//265 97//97
f 97//97 265//265 266//266
f 97//97 266//266 98//98
f 98//98 266//266 267//267
f 98//98 267//267 92//92
f 268//268 99//99 93//93
f 99//99 268//268 100//100
f 100//100 268//268 269//269
f 100//100 269//269 101//101
f 269//269 274//274 101//101
f 269//269 270//270 274//274
f 270//270 271//271 275//275
f 276//276 270//270 275//275
f 274//274 270//270 276//276
f 277//277 276//276 275//275
f 278//278 273//273 272//272
f 272//272 95//95 278//278
f 95//95 279//279 278//278
f 95//95 102//102 279//279
f 274//274 103//103 101//101
f 103//103 274//274 104//104
f 104//104 274//274 276//276
f 281//281 280//280 105//105
f 281//281 105//105 104//104
f 277//277 281//281 104//104
f 276//276 277//277 104//104
f 282//282 280//280 281//281
f 106//106 279//279 102//102
f 106//106 283//283 279//279
f 284//284 107//107 280//280
f 280//280 107//107 105//105
f 280//280 282//282 285//285
f 280//280 285//285 284//284
f 108//108 283//283 106//106
f 108//108 286//286 283//283
f 284//284 109//109 107//107
f 288//288 287//287 110//110
f 288//288 110//110 109//109
f 285//285 288//288 109//109
f 284//284 285//285 109//109
f 289//289 287//287 288//288
f 111//111 286//286 108//108
f 111//111 290//290 286//286
f 287//287 112//112 110//110
f 113//113 112//112 287//287
f 289//289 113//113 287//287
f 291//291 113//113 289//289
f 114//114 290//290 111//111
f 114//114 292//292 290//290
f 291//291 115//115 113//113
f 293//293 115//115 291//291
f 116//116 292//292 114//114
f 116//116 294//294 292//292
f 293//293 117//117 115//115
f 295//295 117//117 293//293
f 118//118 294//294 116//116
f 118//118 296//296 294//294
f 295//295 119//119 117//117
f 297//297 119//119 295//295
f 120//120 296//296 118//118
f 120//120 298//298 296//296
f 297//297 121//121 119//119
f 299//299 121//121 297//297
f 122//122 298//298 120//120
f 122//122 300//300 298//298
f 123//123 121//121 301//301
f 121//121 302//302 301//301
f 121//121 299//299 302//302
f 301//301 124//124 123//123
f 125//125 300//300 122//122
f 125//125 303//303 300//300
f 301//301 302//302 304//304
f 304//304 302//302 305//305
f 304//304 126//126 124//124
f 304//304 124//124 301//301
f 127//127 303//303 125//125
f 127//127 306//306 303//303
f 304//304 305//305 307//307
f 307//307 305//305 308//308
f 307//307 128//128 126//126
f 307//307 126//126 304//304
f 129//129 306//306 127//127
f 129//129 309//309 306//306
f 307//307 308//308 310//310
f 310//310 308//308 311//311
f 310//310 130//130 128//128
f 310//310 128//128 307//307
f 131//131 309//309 129//129
f 131//131 312//312 309//309
f 310//310 311//311 133//133
f 311//311 132//132 133//133
f 311//311 313//313 132//132
f 310//310 133//133 130//130
f 134//134 312//312 131//131
f 134//134 314//314 312//312
f 317//317 316//316 315//315
f 313//313 317//317 315//315
f 135//135 313//313 315//315
f 132//132 313//313 135//135
f 143//143 318//318 144//144
f 319//319 145//145 144//144
f 319//319 144//144 318//318
f 320//320 146//146 145//145
f 320//320 145//145 319//319
f 321//321 147//147 146//146
f 321//321 146//146 320//320
f 321//321 149//149 147//147
f 152//152 322//322 153//153
f 322//322 323//323 153//153
f 153//153 323//323 143//143
f 323//323 324//324 143//143
f 324//324 318//318 143//143
f 318//318 324//324 319//319
f 319//319 324//324 325//325
f 319//319 325//325 320//320
f 320//320 325//325 326//326
f 328//328 327//327 326//326
f 327//327 320//320 326//326
f 327//327 321//321 320//320
f 329//329 154//154 149//149
f 321//321 329//329 149//149
f 327//327 329//329 321//321
f 329//329 156//156 154//154
f 159//159 330//330 160//160
f 330//330 331//331 160//160
f 160//160 331//331 152//152
f 331//331 332//332 152//152
f 332//332 322//322 152//152
f 322//322 332//332 323//323
f 328//328 333//333 327//327
f 327//327 333//333 329//329
f 329//329 333//333 334//334
f 334//334 336//336 335//335
f 334//334 335//335 161//161
f 329//329 334//334 161//161
f 156//156 329//329 161//161
f 335//335 163//163 161//161
f 338//338 337//337 166//166
f 338//338 166//166 165//165
f 159//159 166//166 330//330
f 166//166 339//339 330//330
f 166//166 337//337 339//339
f 330//330 339//339 331//331
f 336//336 340//340 335//335
f 340//340 342//342 341//341
f 340//340 341//341 167//167
f 335//335 340//340 167//167
f 163//163 335//335 167//167
f 341//341 169//169 167//167
f 344//344 343//343 170//170
f 344//344 170//170 171//171
f 165//165 170//170 338//338
f 338//338 170//170 343//343
f 342//342 345//345 341//341
f 345//345 347//347 346//346
f 345//345 346//346 172//172
f 341//341 345//345 172//172
f 169//169 341//341 172//172
f 346//346 173//173 172//172
f 174//174 344//344 171//171
f 174//174 348//348 344//344
f 346//346 347//347 349//349
f 349//349 347//347 350//350
f 349//349 176//176 173//173
f 349//349 173//173 346//346
f 177//177 348//348 174//174
f 177//177 351//351 348//348
f 350//350 352//352 349//349
f 176//176 349//349 352//352
f 353//353 176//176 352//352
f 179//179 176//176 353//353
f 180//180 351//351 177//177
f 180//180 354//354 351//351
f 353//353 182//182 179//179
f 355//355 182//182 353//353
f 183//183 354//354 180//180
f 183//183 356//356 354//354
f 184//184 182//182 357//357
f 182//182 358//358 357//357
f 182//182 355//355 358//358
f 357//357 185//185 184//184
f 186//186 356//356 183//183
f 186//186 359//359 356//356
f 357//357 358//358 360//360
f 360//360 358//358 361//361
f 360//360 187//187 185//185
f 360//360 185//185 357//357
f 188//188 359//359 186//186
f 188//188 362//362 359//359
f 360//360 361//361 363//363
f 363//363 361//361 364//364
f 363//363 189//189 187//187
f 363//363 187//187 360//360
f 190//190 362//362 188//188
f 190//190 365//365 362//362
f 364//364 366//366 363//363
f 189//189 363//363 366//366
f 367//367 189//189 366//366
f 191//191 189//189 367//367
f 192//192 365//365 190//190
f 192//192 368//368 365//365
f 367//367 193//193 191//191
f 369//369 193//193 367//367
f 194//194 368//368 192//192
f 194//194 370//370 368//368
f 369//369 195//195 193//193
f 371//371 195//195 369//369
f 196//196 370//370 194//194
f 196//196 372//372 370//370
f 371//371 197//197 195//195
f 373//373 197//197 371//371
f 198//198 372//372 196//196
f 198//198 374//374 372//372
f 373//373 199//199 197//197
f 375//375 199//199 373//373
f 200//200 374//374 198//198
f 200//200 376//376 374//374
f 375//375 201//201 199//199
f 377//377 201//201 375//375
f 202//202 376//376 200//200
f 202//202 378//378 376//376
f 377//377 203//203 201//201
f 379//379 203//203 377//377
f 204//204 378//378 202//202
f 204//204 380//380 378//378
f 379//379 205//205 203//203
f 381//381 205//205 379//379
f 206//206 380//380 204//204
f 206//206 382//382 380//380
f 381//381 207//207 205//205
f 383//383 207//207 381//381
f 208//208 382//382 206//206
f 208//208 384//384 382//382
f 383//383 209//209 207//207
f 385//385 209//209 383//383
f 210//210 384//384 208//208
f 210//210 386//386 384//384
f 385//385 211//211 209//209
f 387//387 211//211 385//385
f 212//212 386//386 210//210
f 212//212 388//388 386//386
f 387//387 213//213 211//211
f 389//389 213//213 387//387
f 214//214 391//391 390//390
f 388//388 214//214 390//390
f 212//212 214//214 388//388
f 391//391 392//392 390//390
f 389//389 216//216 213//213
f 393//393 216//216 389//389
f 217//217 391//391 214//214
f 217//217 219//219 391//391
f 219//219 392//392 391//391
f 219//219 394//394 392//392
f 395//395 220//220 221//221
f 396//396 395//395 221//221
f 216//216 396//396 221//221
f 393//393 396//396 216//216
f 222//222 394//394 219//219
f 222//222 397//397 394//394
f 398//398 224//224 395//395
f 395//395 224//224 220//220
f 395//395 396//396 399//399
f 395//395 399//399 398//398
f 225//225 397//397 222//222
f 225//225 400//400 397//397
f 402//402 401//401 398//398
f 401//401 224//224 398//398
f 401//401 227//227 224//224
f 402//402 398//398 399//399
f 228//228 400//400 225//225
f 228//228 403//403 400//400
f 404//404 230//230 231//231
f 405//405 404//404 231//231
f 227//227 405//405 231//231
f 401//401 405//405 227//227
f 232//232 403//403 228//228
f 232//232 406//406 403//403
f 407//407 234//234 404//404
f 404//404 234//234 230//230
f 404//404 405//405 408//408
f 404//404 408//408 407//407
f 236//236 406//406 232//232
f 236//236 409//409 406//406
f 410//410 239//239 240//240
f 411//411 410//410 240//240
f 411//411 240//240 234//234
f 412//412 411//411 234//234
f 407//407 412//412 234//234
f 412//412 407//407 408//408
f 242//242 409//409 236//236
f 242//242 413//413 409//409
f 414//414 249//249 410//410
f 410//410 249//249 239//239
f 410//410 411//411 415//415
f 410//410 415//415 414//414
f 242//242 250//250 416//416
f 417//417 242//242 416//416
f 413//413 242//242 417//417
f 251//251 416//416 250//250
f 418//418 260//260 414//414
f 414//414 260//260 249//249
f 414//414 415//415 419//419
f 414//414 419//419 418//418
f 417//417 416//416 262//262
f 263//263 417//417 262//262
f 420//420 417//417 263//263
f 262//262 416//416 251//251
f 421//421 271//271 418//418
f 418//418 271//271 260//260
f 418//418 419//419 422//422
f 418//418 422//422 421//421
f 273//273 420//420 263//263
f 273//273 423//423 420//420
f 421//421 275//275 271//271
f 425//425 424//424 277//277
f 425//425 277//277 275//275
f 422//422 425//425 275//275
f 421//421 422//422 275//275
f 426//426 424//424 425//425
f 273//273 278//278 427//427
f 428//428 273//273 427//427
f 423//423 273//273 428//428
f 279//279 427//427 278//278
f 424//424 281//281 277//277
f 430//430 429//429 282//282
f 430//430 282//282 281//281
f 426//426 430//430 281//281
f 424//424 426//426 281//281
f 431//431 429//429 430//430
f 432//432 428//428 427//427
f 427//427 279//279 432//432
f 279//279 433//433 432//432
f 279//279 283//283 433//433
f 434//434 285//285 429//429
f 429//429 285//285 282//282
f 429//429 431//431 435//435
f 429//429 435//435 434//434
f 286//286 433//433 283//283
f 286//286 436//436 433//433
f 434//434 288//288 285//285
f 289//289 288//288 434//434
f 435//435 289//289 434//434
f 437//437 289//289 435//435
f 290//290 436//436 286//286
f 290//290 438//438 436//436
f 437//437 291//291 289//289
f 439//439 291//291 437//437
f 292//292 438//438 290//290
f 292//292 440//440 438//438
f 439//439 293//293 291//291
f 441//441 293//293 439//439
f 294//294 440//440 292//292
f 294//294 442//442 440//440
f 441//441 295//295 293//293
f 443//443 295//295 441//441
f 296//296 442//442 294//294
f 296//296 444//444 442//442
f 443//443 297//297 295//295
f 445//445 297//297 443//443
f 298//298 444//444 296//296
f 298//298 446//446 444//444
f 445//445 299//299 297//297
f 447//447 299//299 445//445
f 300//300 446//446 298//298
f 300//300 448//448 446//446
f 447//447 302//302 299//299
f 449//449 302//302 447//447
f 303//303 448//448 300//300
f 303//303 450//450 448//448
f 449//449 305//305 302//302
f 451//451 305//305 449//449
f 306//306 450//450 303//303
f 306//306 452//452 450//450
f 451//451 308//308 305//305
f 453//453 308//308 451//451
f 309//309 452//452 306//306
f 309//309 454//454 452//452
f 453//453 311//311 308//308
f 455//455 311//311 453//453
f 312//312 454//454 309//309
f 312//312 456//456 454//454
f 459//459 458//458 457//457
f 455//455 459//459 457//457
f 313//313 455//455 457//457
f 311//311 455//455 313//313
f 314//314 456//456 312//312
f 314//314 460//460 456//456
f 463//463 462//462 461//461
f 463//463 461//461 458//458
f 458//458 461//461 457//457
f 461//461 316//316 457//457
f 316//316 317//317 457//457
f 457//457 317//317 313//313
f 323//323 464//464 324//324
f 465//465 325//325 324//324
f 465//465 324//324 464//464
f 466//466 326//326 325//325
f 466//466 325//325 465//465
f 466//466 328//328 326//326
f 331//331 467//467 332//332
f 464//464 323//323 332//332
f 467//467 464//464 332//332
f 468//468 464//464 467//467
f 464//464 469//469 465//465
f 464//464 468//468 469//469
f 465//465 470//470 466//466
f 465//465 469//469 470//470
f 471//471 333//333 328//328
f 466//466 471//471 328//328
f 470//470 471//471 466//466
f 472//472 334//334 333//333
f 472//472 333//333 471//471
f 472//472 336//336 334//334
f 338//338 473//473 337//337
f 474//474 339//339 337//337
f 474//474 337//337 473//473
f 474//474 475//475 339//339
f 339//339 475//475 331//331
f 475//475 476//476 331//331
f 476//476 467//467 331//331
f 467//467 476//476 468//468
f 468//468 476//476 477//477
f 468//468 477//477 469//469
f 469//469 477//477 478//478
f 469//469 478//478 470//470
f 470//470 478//478 479//479
f 470//470 479//479 471//471
f 471//471 479//479 480//480
f 482//482 481//481 480//480
f 481//481 471//471 480//480
f 481//481 472//472 471//471
f 483//483 340//340 336//336
f 472//472 483//483 336//336
f 481//481 483//483 472//472
f 483//483 342//342 340//340
f 344//344 484//484 343//343
f 473//473 338//338 343//343
f 484//484 473//473 343//343
f 485//485 473//473 484//484
f 487//487 474//474 486//486
f 474//474 485//485 486//486
f 474//474 473//473 485//485
f 474//474 487//487 475//475
f 482//482 488//488 481//481
f 481//481 488//488 483//483
f 483//483 488//488 489//489
f 489//489 491//491 490//490
f 489//489 490//490 345//345
f 483//483 489//489 345//345
f 342//342 483//483 345//345
f 490//490 347//347 345//345
f 348//348 492//492 484//484
f 348//348 484//484 344//344
f 494//494 485//485 493//493
f 485//485 492//492 493//493
f 485//485 484//484 492//492
f 485//485 494//494 486//486
f 490//490 491//491 495//495
f 495//495 491//491 496//496
f 495//495 350//350 347//347
f 495//495 347//347 490//490
f 498//498 497//497 492//492
f 348//348 498//498 492//492
f 351//351 498//498 348//348
f 492//492 497//497 493//493
f 496//496 499//499 495//495
f 499//499 501//501 500//500
f 499//499 500//500 352//352
f 495//495 499//499 352//352
f 350//350 495//495 352//352
f 500//500 353//353 352//352
f 354//354 498//498 351//351
f 354//354 502//502 498//498
f 500//500 501//501 503//503
f 503//503 501//501 504//504
f 503//503 355//355 353//353
f 503//503 353//353 500//500
f 356//356 502//502 354//354
f 356//356 505//505 502//502
f 503//503 504//504 506//506
f 506//506 504//504 507//507
f 506//506 358//358 355//355
f 506//506 355//355 503//503
f 359//359 505//505 356//356
f 359//359 508//508 505//505
f 506//506 507//507 509//509
f 509//509 507//507 510//510
f 509//509 361//361 358//358
f 509//509 358//358 506//506
f 362//362 508//508 359//359
f 362//362 511//511 508//508
f 510//510 512//512 509//509
f 361//361 509//509 512//512
f 513//513 361//361 512//512
f 364//364 361//361 513//513
f 365//365 511//511 362//362
f 365//365 514//514 511//511
f 366//366 364//364 515//515
f 364//364 516//516 515//515
f 364//364 513//513 516//516
f 515//515 367//367 366//366
f 368//368 514//514 365//365
f 368//368 517//517 514//514
f 515//515 516//516 518//518
f 518//518 516//516 519//519
f 518//518 369//369 367//367
f 518//518 367//367 515//515
f 370//370 517//517 368//368
f 370//370 520//520 517//517
f 519//519 521//521 518//518
f 369//369 518//518 521//521
f 522//522 369//369 521//521
f 371//371 369//369 522//522
f 372//372 520//520 370//370
f 372//372 523//523 520//520
f 522//522 373//373 371//371
f 524//524 373//373 522//522
f 374//374 523//523 372//372
f 374//374 525//525 523//523
f 524//524 375//375 373//373
f 526//526 375//375 524//524
f 376//376 525//525 374//374
f 376//376 527//527 525//525
f 526//526 377//377 375//375
f 528//528 377//377 526//526
f 378//378 527//527 376//376
f 378//378 529//529 527//527
f 528//528 379//379 377//377
f 530//530 379//379 528//528
f 380//380 529//529 378//378
f 380//380 531//531 529//529
f 530//530 381//381 379//379
f 532//532 381//381 530//530
f 382//382 531//531 380//380
f 382//382 533//533 531//531
f 532//532 383//383 381//381
f 534//534 383//383 532//532
f 384//384 533//533 382//382
f 384//384 535//535 533//533
f 534//534 385//385 383//383
f 536//536 385//385 534//534
f 386//386 535//535 384//384
f 386//386 537//537 535//535
f 536//536 387//387 385//385
f 538//538 387//387 536//536
f 388//388 540//540 539//539
f 537//537 388//388 539//539
f 386//386 388//388 537//537
f 540//540 541//541 539//539
f 538//538 389//389 387//387
f 542//542 389//389 538//538
f 390//390 540//540 388//388
f 390//390 392//392 540//540
f 392//392 541//541 540//540
f 392//392 543//543 541//541
f 542//542 393//393 389//389
f 544//544 393//393 542//542
f 394//394 543//543 392//392
f 394//394 545//545 543//543
f 544//544 396//396 393//393
f 546//546 396//396 544//544
f 397//397 545//545 394//394
f 397//397 547//547 545//545
f 546//546 399//399 396//396
f 548//548 399//399 546//546
f 400//400 547//547 397//397
f 400//400 549//549 547//547
f 550//550 401//401 402//402
f 551//551 550//550 402//402
f 399//399 551//551 402//402
f 548//548 551//551 399//399
f 403//403 549//549 400//400
f 403//403 552//552 549//549
f 553//553 405//405 550//550
f 550//550 405//405 401//401
f 550//550 551//551 554//554
f 550//550 554//554 553//553
f 406//406 552//552 403//403
f 406//406 555//555 552//552
f 557//557 556//556 553//553
f 556//556 405//405 553//553
f 556//556 408//408 405//405
f 557//557 553//553 554//554
f 409//409 555//555 406//406
f 409//409 558//558 555//555
f 559//559 411//411 412//412
f 560//560 559//559 412//412
f 408//408 560//560 412//412
f 556//556 560//560 408//408
f 413//413 558//558 409//409
f 413//413 561//561 558//558
f 562//562 415//415 559//559
f 559//559 415//415 411//411
f 559//559 560//560 563//563
f 559//559 563//563 562//562
f 417//417 561//561 413//413
f 417//417 564//564 561//561
f 565//565 419//419 562//562
f 562//562 419//419 415//415
f 562//562 563//563 566//566
f 562//562 566//566 565//565
f 420//420 564//564 417//417
f 420//420 567//567 564//564
f 568//568 422//422 565//565
f 565//565 422//422 419//419
f 565//565 566//566 569//569
f 565//565 569//569 568//568
f 423//423 567//567 420//420
f 423//423 570//570 567//567
f 568//568 425//425 422//422
f 572//572 571//571 426//426
f 572//572 426//426 425//425
f 569//569 572//572 425//425
f 568//568 569//569 425//425
f 573//573 571//571 572//572
f 428//428 570//570 423//423
f 428//428 574//574 570//570
f 571//571 430//430 426//426
f 431//431 430//430 571//571
f 573//573 431//431 571//571
f 575//575 431//431 573//573
f 576//576 574//574 428//428
f 576//576 428//428 432//432
f 432//432 433//433 576//576
f 576//576 433//433 577//577
f 575//575 435//435 431//431
f 578//578 435//435 575//575
f 436//436 577//577 433//433
f 436//436 579//579 577//577
f 578//578 437//437 435//435
f 580//580 437//437 578//578
f 438//438 579//579 436//436
f 438//438 581//581 579//579
f 580//580 439//439 437//437
f 582//582 439//439 580//580
f 440//440 581//581 438//438
f 440//440 583//583 581//581
f 582//582 441//441 439//439
f 584//584 441//441 582//582
f 442//442 583//583 440//440
f 442//442 585//585 583//583
f 584//584 443//443 441//441
f 586//586 443//443 584//584
f 444//444 585//585 442//442
f 444//444 587//587 585//585
f 586//586 445//445 443//443
f 588//588 445//445 586//586
f 446//446 587//587 444//444
f 446//446 589//589 587//587
f 588//588 447//447 445//445
f 590//590 447//447 588//588
f 448//448 589//589 446//446
f 448//448 591//591 589//589
f 590//590 449//449 447//447
f 592//592 449//449 590//590
f 450//450 591//591 448//448
f 450//450 593//593 591//591
f 592//592 451//451 449//449
f 594//594 451//451 592//592
f 452//452 593//593 450//450
f 452//452 595//595 593//593
f 598//598 597//597 596//596
f 594//594 598//598 596//596
f 453//453 594//594 596//596
f 451//451 594//594 453//453
f 454//454 595//595 452//452
f 454//454 599//599 595//595
f 596//596 597//597 600//600
f 600//600 597//597 601//601
f 600//600 455//455 453//453
f 600//600 453//453 596//596
f 456//456 599//599 454//454
f 456//456 602//602 599//599
f 605//605 604//604 603//603
f 605//605 603//603 601//601
f 601//601 603//603 600//600
f 603//603 458//458 600//600
f 458//458 459//459 600//600
f 600//600 459//459 455//455
f 460//460 602//602 456//456
f 460//460 606//606 602//602
f 609//609 608//608 607//607
f 609//609 607//607 604//604
f 604//604 607//607 603//603
f 607//607 462//462 603//603
f 462//462 463//463 603//603
f 603//603 463//463 458//458
f 475//475 610//610 476//476
f 611//611 477//477 476//476
f 611//611 476//476 610//610
f 612//612 478//478 477//477
f 612//612 477//477 611//611
f 613//613 479//479 478//478
f 613//613 478//478 612//612
f 614//614 480//480 479//479
f 614//614 479//479 613//613
f 614//614 482//482 480//480
f 486//486 615//615 487//487
f 610//610 475//475 487//487
f 615//615 610//610 487//487
f 616//616 610//610 615//615
f 618//618 611//611 617//617
f 611//611 616//616 617//617
f 611//611 610//610 616//616
f 611//611 618//618 612//612
f 612//612 618//618 619//619
f 612//612 619//619 613//613
f 613//613 619//619 620//620
f 622//622 621//621 620//620
f 621//621 613//613 620//620
f 621//621 614//614 613//613
f 623//623 488//488 482//482
f 614//614 623//623 482//482
f 621//621 623//623 614//614
f 624//624 489//489 488//488
f 624//624 488//488 623//623
f 624//624 491//491 489//489
f 493//493 625//625 494//494
f 625//625 626//626 494//494
f 494//494 626//626 486//486
f 626//626 627//627 486//486
f 627//627 615//615 486//486
f 615//615 627//627 616//616
f 616//616 627//627 628//628
f 616//616 628//628 617//617
f 622//622 629//629 621//621
f 621//621 629//629 623//623
f 623//623 629//629 630//630
f 632//632 631//631 630//630
f 631//631 623//623 630//630
f 631//631 624//624 623//623
f 631//631 496//496 491//491
f 631//631 491//491 624//624
f 498//498 633//633 497//497
f 625//625 493//493 497//497
f 633//633 625//625 497//497
f 634//634 625//625 633//633
f 626//626 625//625 635//635
f 635//635 625//625 634//634
f 631//631 632//632 636//636
f 636//636 632//632 637//637
f 638//638 499//499 496//496
f 631//631 638//638 496//496
f 636//636 638//638 631//631
f 638//638 501//501 499//499
f 502//502 639//639 633//633
f 502//502 633//633 498//498
f 641//641 634//634 640//640
f 634//634 639//639 640//640
f 634//634 633//633 639//639
f 634//634 641//641 635//635
f 637//637 642//642 636//636
f 644//644 643//643 642//642
f 643//643 636//636 642//642
f 643//643 638//638 636//636
f 643//643 504//504 501//501
f 643//643 501//501 638//638
f 505//505 645//645 639//639
f 505//505 639//639 502//502
f 640//640 639//639 646//646
f 646//646 639//639 645//645
f 643//643 644//644 647//647
f 647//647 644//644 648//648
f 647//647 507//507 504//504
f 647//647 504//504 643//643
f 650//650 649//649 645//645
f 505//505 650//650 645//645
f 508//508 650//650 505//505
f 645//645 649//649 646//646
f 647//647 648//648 651//651
f 651//651 648//648 652//652
f 651//651 510//510 507//507
f 651//651 507//507 647//647
f 511//511 650//650 508//508
f 511//511 653//653 650//650
f 652//652 654//654 651//651
f 654//654 656//656 655//655
f 654//654 655//655 512//512
f 651//651 654//654 512//512
f 510//510 651//651 512//512
f 655//655 513//513 512//512
f 514//514 653//653 511//511
f 514//514 657//657 653//653
f 655//655 656//656 658//658
f 658//658 656//656 659//659
f 658//658 516//516 513//513
f 658//658 513//513 655//655
f 517//517 657//657 514//514
f 517//517 660//660 657//657
f 659//659 661//661 658//658
f 516//516 658//658 661//661
f 662//662 516//516 661//661
f 519//519 516//516 662//662
f 520//520 660//660 517//517
f 520//520 663//663 660//660
f 521//521 519//519 664//664
f 519//519 665//665 664//664
f 519//519 662//662 665//665
f 664//664 522//522 521//521
f 523//523 663//663 520//520
f 523//523 666//666 663//663
f 664//664 665//665 667//667
f 667//667 665//665 668//668
f 667//667 524//524 522//522
f 667//667 522//522 664//664
f 525//525 666//666 523//523
f 525//525 669//669 666//666
f 667//667 668//668 670//670
f 670//670 668//668 671//671
f 670//670 526//526 524//524
f 670//670 524//524 667//667
f 527//527 669//669 525//525
f 527//527 672//672 669//669
f 670//670 671//671 673//673
f 673//673 671//671 674//674
f 673//673 528//528 526//526
f 673//673 526//526 670//670
f 529//529 672//672 527//527
f 529//529 675//675 672//672
f 673//673 674//674 676//676
f 676//676 674//674 677//677
f 676//676 530//530 528//528
f 676//676 528//528 673//673
f 531//531 675//675 529//529
f 531//531 678//678 675//675
f 676//676 677//677 679//679
f 679//679 677//677 680//680
f 679//679 532//532 530//530
f 679//679 530//530 676//676
f 533//533 678//678 531//531
f 533//533 681//681 678//678
f 680//680 682//682 679//679
f 532//532 679//679 682//682
f 683//683 532//532 682//682
f 534//534 532//532 683//683
f 535//535 681//681 533//533
f 535//535 684//684 681//681
f 683//683 536//536 534//534
f 685//685 536//536 683//683
f 537//537 687//687 686//686
f 684//684 537//537 686//686
f 535//535 537//537 684//684
f 687//687 688//688 686//686
f 685//685 538//538 536//536
f 689//689 538//538 685//685
f 539//539 687//687 537//537
f 539//539 541//541 687//687
f 541//541 688//688 687//687
f 541//541 690//690 688//688
f 689//689 542//542 538//538
f 691//691 542//542 689//689
f 543//543 690//690 541//541
f 543//543 692//692 690//690
f 691//691 544//544 542//542
f 693//693 544//544 691//691
f 545//545 692//692 543//543
f 545//545 694//694 692//692
f 693//693 546//546 544//544
f 695//695 546//546 693//693
f 547//547 694//694 545//545
f 547//547 696//696 694//694
f 695//695 548//548 546//546
f 697//697 548//548 695//695
f 549//549 696//696 547//547
f 549//549 698//698 696//696
f 697//697 551//551 548//548
f 699//699 551//551 697//697
f 552//552 698//698 549//549
f 552//552 700//700 698//698
f 699//699 554//554 551//551
f 701//701 554//554 699//699
f 555//555 700//700 552//552
f 555//555 702//702 700//700
f 703//703 556//556 557//557
f 704//704 703//703 557//557
f 554//554 704//704 557//557
f 701//701 704//704 554//554
f 558//558 702//702 555//555
f 558//558 705//705 702//702
f 706//706 560//560 703//703
f 703//703 560//560 556//556
f 703//703 704//704 707//707
f 703//703 707//707 706//706
f 561//561 705//705 558//558
f 561//561 708//708 705//705
f 709//709 563//563 706//706
f 706//706 563//563 560//560
f 706//706 707//707 710//710
f 706//706 710//710 709//709
f 564//564 708//708 561//561
f 564//564 711//711 708//708
f 712//712 566//566 709//709
f 709//709 566//566 563//563
f 709//709 710//710 713//713
f 709//709 713//713 712//712
f 567//567 711//711 564//564
f 567//567 714//714 711//711
f 715//715 569//569 712//712
f 712//712 569//569 566//566
f 712//712 713//713 716//716
f 712//712 716//716 715//715
f 570//570 714//714 567//567
f 570//570 717//717 714//714
f 715//715 572//572 569//569
f 573//573 572//572 715//715
f 716//716 573//573 715//715
f 718//718 573//573 716//716
f 574//574 717//717 570//570
f 574//574 719//719 717//717
f 718//718 575//575 573//573
f 720//720 575//575 718//718
f 574//574 576//576 721//721
f 722//722 574//574 721//721
f 719//719 574//574 722//722
f 577//577 721//721 576//576
f 720//720 578//578 575//575
f 723//723 578//578 720//720
f 724//724 722//722 721//721
f 721//721 577//577 724//724
f 577//577 725//725 724//724
f 577//577 579//579 725//725
f 723//723 580//580 578//578
f 726//726 580//580 723//723
f 581//581 725//725 579//579
f 581//581 727//727 725//725
f 726//726 582//582 580//580
f 728//728 582//582 726//726
f 583//583 727//727 581//581
f 583//583 729//729 727//727
f 728//728 584//584 582//582
f 730//730 584//584 728//728
f 585//585 729//729 583//583
f 585//585 731//731 729//729
f 730//730 586//586 584//584
f 732//732 586//586 730//730
f 587//587 731//731 585//585
f 587//587 733//733 731//731
f 732//732 588//588 586//586
f 734//734 588//588 732//732
f 589//589 733//733 587//587
f 589//589 735//735 733//733
f 734//734 590//590 588//588
f 736//736 590//590 734//734
f 591//591 735//735 589//589
f 591//591 737//737 735//735
f 740//740 739//739 738//738
f 736//736 740//740 738//738
f 592//592 736//736 738//738
f 590//590 736//736 592//592
f 593//593 737//737 591//591
f 593//593 741//741 737//737
f 738//738 739//739 742//742
f 742//742 739//739 743//743
f 742//742 594//594 592//592
f 742//742 592//592 738//738
f 595//595 741//741 593//593
f 595//595 744//744 741//741
f 747//747 746//746 745//745
f 747//747 745//745 743//743
f 743//743 745//745 742//742
f 745//745 597//597 742//742
f 597//597 598//598 742//742
f 742//742 598//598 594//594
f 599//599 744//744 595//595
f 599//599 748//748 744//744
f 745//745 746//746 749//749
f 749//749 746//746 750//750
f 749//749 601//601 597//597
f 749//749 597//597 745//745
f 602//602 752//752 751//751
f 748//748 602//602 751//751
f 599//599 602//602 748//748
f 752//752 753//753 751//751
f 756//756 755//755 754//754
f 756//756 754//754 750//750
f 750//750 754//754 749//749
f 754//754 604//604 749//749
f 604//604 605//605 749//749
f 749//749 605//605 601//601
f 606//606 757//757 752//752
f 606//606 752//752 602//602
f 753//753 752//752 758//758
f 752//752 759//759 758//758
f 752//752 757//757 759//759
f 761//761 760//760 759//759
f 759//759 760//760 758//758
f 763//763 762//762 761//761
f 761//761 762//762 760//760
f 763//763 764//764 762//762
f 767//767 766//766 765//765
f 769//769 768//768 765//765
f 765//765 768//768 767//767
f 771//771 770//770 769//769
f 769//769 770//770 768//768
f 770//770 771//771 755//755
f 755//755 771//771 754//754
f 771//771 608//608 754//754
f 608//608 609//609 754//754
f 754//754 609//609 604//604
f 617//617 772//772 618//618
f 773//773 619//619 618//618
f 773//773 618//618 772//772
f 774//774 620//620 619//619
f 774//774 619//619 773//773
f 774//774 622//622 620//620
f 626//626 775//775 627//627
f 776//776 628//628 627//627
f 776//776 627//627 775//775
f 772//772 617//617 628//628
f 776//776 772//772 628//628
f 777//777 772//772 776//776
f 772//772 778//778 773//773
f 772//772 777//777 778//778
f 773//773 779//779 774//774
f 773//773 778//778 779//779
f 780//780 629//629 622//622
f 774//774 780//780 622//622
f 779//779 780//780 774//774
f 781//781 630//630 629//629
f 781//781 629//629 780//780
f 781//781 632//632 630//630
f 635//635 782//782 775//775
f 635//635 775//775 626//626
f 775//775 783//783 776//776
f 775//775 782//782 783//783
f 785//785 777//777 784//784
f 777//777 783//783 784//784
f 777//777 776//776 783//783
f 777//777 785//785 778//778
f 778//778 785//785 786//786
f 778//778 786//786 779//779
f 779//779 786//786 787//787
f 789//789 788//788 787//787
f 788//788 779//779 787//787
f 788//788 780//780 779//779
f 780//780 790//790 781//781
f 780//780 788//788 790//790
f 790//790 637//637 632//632
f 790//790 632//632 781//781
f 640//640 791//791 641//641
f 782//782 635//635 641//641
f 791//791 782//782 641//641
f 792//792 782//782 791//791
f 794//794 783//783 793//793
f 783//783 792//792 793//793
f 783//783 782//782 792//792
f 783//783 794//794 784//784
f 789//789 795//795 788//788
f 797//797 796//796 795//795
f 796//796 788//788 795//795
f 796//796 790//790 788//788
f 798//798 642//642 637//637
f 790//790 798//798 637//637
f 796//796 798//798 790//790
f 798//798 644//644 642//642
f 646//646 799//799 791//791
f 646//646 791//791 640//640
f 801//801 792//792 800//800
f 792//792 799//799 800//800
f 792//792 791//791 799//799
f 792//792 801//801 793//793
f 796//796 797//797 802//802
f 802//802 797//797 803//803
f 796//796 804//804 798//798
f 796//796 802//802 804//804
f 804//804 648//648 644//644
f 804//804 644//644 798//798
f 650//650 805//805 649//649
f 799//799 646//646 649//649
f 805//805 799//799 649//649
f 806//806 799//799 805//805
f 800//800 799//799 807//807
f 807//807 799//799 806//806
f 803//803 808//808 802//802
f 810//810 809//809 808//808
f 809//809 802//802 808//808
f 809//809 804//804 802//802
f 809//809 652//652 648//648
f 809//809 648//648 804//804
f 653//653 811//811 805//805
f 653//653 805//805 650//650
f 813//813 806//806 812//812
f 806//806 811//811 812//812
f 806//806 805//805 811//811
f 806//806 813//813 807//807
f 809//809 810//810 814//814
f 814//814 810//810 815//815
f 816//816 654//654 652//652
f 809//809 816//816 652//652
f 814//814 816//816 809//809
f 816//816 656//656 654//654
f 657//657 817//817 811//811
f 657//657 811//811 653//653
f 812//812 811//811 818//818
f 818//818 811//811 817//817
f 815//815 819//819 814//814
f 821//821 820//820 819//819
f 820//820 814//814 819//819
f 820//820 816//816 814//814
f 820//820 659//659 656//656
f 820//820 656//656 816//816
f 823//823 822//822 817//817
f 657//657 823//823 817//817
f 660//660 823//823 657//657
f 817//817 822//822 818//818
f 820//820 821//821 824//824
f 824//824 821//821 825//825
f 826//826 661//661 659//659
f 820//820 826//826 659//659
f 824//824 826//826 820//820
f 826//826 662//662 661//661
f 663//663 823//823 660//660
f 663//663 827//827 823//823
f 825//825 828//828 824//824
f 830//830 829//829 828//828
f 829//829 824//824 828//828
f 829//829 826//826 824//824
f 829//829 665//665 662//662
f 829//829 662//662 826//826
f 666//666 827//827 663//663
f 666//666 831//831 827//827
f 829//829 830//830 832//832
f 832//832 830//830 833//833
f 832//832 668//668 665//665
f 832//832 665//665 829//829
f 669//669 831//831 666//666
f 669//669 834//834 831//831
f 833//833 835//835 832//832
f 668//668 832//832 835//835
f 836//836 668//668 835//835
f 671//671 668//668 836//836
f 672//672 834//834 669//669
f 672//672 837//837 834//834
f 836//836 674//674 671//671
f 838//838 674//674 836//836
f 675//675 837//837 672//672
f 675//675 839//839 837//837
f 838//838 677//677 674//674
f 840//840 677//677 838//838
f 678//678 839//839 675//675
f 678//678 841//841 839//839
f 840//840 680//680 677//677
f 842//842 680//680 840//840
f 681//681 841//841 678//678
f 681//681 843//843 841//841
f 682//682 680//680 844//844
f 680//680 845//845 844//844
f 680//680 842//842 845//845
f 844//844 683//683 682//682
f 684//684 843//843 681//681
f 684//684 846//846 843//843
f 844//844 845//845 847//847
f 847//847 845//845 848//848
f 847//847 685//685 683//683
f 847//847 683//683 844//844
f 849//849 846//846 684//684
f 849//849 684//684 686//686
f 686//686 688//688 849//849
f 849//849 688//688 850//850
f 848//848 851//851 847//847
f 685//685 847//847 851//851
f 852//852 685//685 851//851
f 689//689 685//685 852//852
f 690//690 850//850 688//688
f 690//690 853//853 850//850
f 852//852 691//691 689//689
f 854//854 691//691 852//852
f 692//692 853//853 690//690
f 692//692 855//855 853//853
f 854//854 693//693 691//691
f 856//856 693//693 854//854
f 694//694 855//855 692//692
f 694//694 857//857 855//855
f 856//856 695//695 693//693
f 858//858 695//695 856//856
f 696//696 857//857 694//694
f 696//696 859//859 857//857
f 858//858 697//697 695//695
f 860//860 697//697 858//858
f 698//698 859//859 696//696
f 698//698 861//861 859//859
f 860//860 699//699 697//697
f 862//862 699//699 860//860
f 700//700 861//861 698//698
f 700//700 863//863 861//861
f 862//862 701//701 699//699
f 864//864 701//701 862//862
f 702//702 863//863 700//700
f 702//702 865//865 863//863
f 864//864 704//704 701//701
f 866//866 704//704 864//864
f 705//705 865//865 702//702
f 705//705 867//867 865//865
f 866//866 707//707 704//704
f 868//868 707//707 866//866
f 708//708 867//867 705//705
f 708//708 869//869 867//867
f 868//868 710//710 707//707
f 870//870 710//710 868//868
f 711//711 869//869 708//708
f 711//711 871//871 869//869
f 870//870 713//713 710//710
f 872//872 713//713 870//870
f 714//714 871//871 711//711
f 714//714 873//873 871//871
f 872//872 716//716 713//713
f 874//874 716//716 872//872
f 717//717 873//873 714//714
f 717//717 875//875 873//873
f 874//874 718//718 716//716
f 876//876 718//718 874//874
f 719//719 875//875 717//717
f 719//719 877//877 875//875
f 876//876 720//720 718//718
f 878//878 720//720 876//876
f 722//722 877//877 719//719
f 722//722 879//879 877//877
f 878//878 723//723 720//720
f 880//880 723//723 878//878
f 722//722 724//724 881//881
f 882//882 722//722 881//881
f 879//879 722//722 882//882
f 725//725 881//881 724//724
f 880//880 726//726 723//723
f 883//883 726//726 880//880
f 884//884 882//882 881//881
f 881//881 725//725 884//884
f 725//725 885//885 884//884
f 725//725 727//727 885//885
f 883//883 728//728 726//726
f 886//886 728//728 883//883
f 729//729 885//885 727//727
f 729//729 887//887 885//885
f 886//886 730//730 728//728
f 888//888 730//730 886//886
f 731//731 887//887 729//729
f 731//731 889//889 887//887
f 888//888 732//732 730//730
f 890//890 732//732 888//888
f 733//733 889//889 731//731
f 733//733 891//891 889//889
f 894//894 893//893 892//892
f 890//890 894//894 892//892
f 734//734 890//890 892//892
f 732//732 890//890 734//734
f 735//735 891//891 733//733
f 735//735 895//895 891//891
f 892//892 893//893 896//896
f 896//896 893//893 897//897
f 896//896 736//736 734//734
f 896//896 734//734 892//892
f 737//737 895//895 735//735
f 737//737 898//898 895//895
f 896//896 897//897 740//740
f 897//897 739//739 740//740
f 897//897 899//899 739//739
f 896//896 740//740 736//736
f 741//741 898//898 737//737
f 741//741 900//900 898//898
f 903//903 902//902 901//901
f 899//899 903//903 901//901
f 743//743 899//899 901//901
f 739//739 899//899 743//743
f 744//744 900//900 741//741
f 744//744 904//904 900//900
f 907//907 906//906 905//905
f 907//907 905//905 902//902
f 902//902 905//905 901//901
f 905//905 746//746 901//901
f 746//746 747//747 901//901
f 901//901 747//747 743//743
f 748//748 909//909 908//908
f 904//904 748//748 908//908
f 744//744 748//748 904//904
f 911//911 910//910 909//909
f 909//909 910//910 908//908
f 913//913 912//912 911//911
f 911//911 912//912 910//910
f 913//913 914//914 912//912
f 917//917 916//916 915//915
f 917//917 915//915 906//906
f 915//915 905//905 906//906
f 915//915 918//918 905//905
f 918//918 750//750 746//746
f 918//918 746//746 905//905
f 751//751 909//909 748//748
f 909//909 751//751 753//753
f 919//919 909//909 753//753
f 911//911 909//909 919//919
f 911//911 920//920 913//913
f 911//911 919//919 920//920
f 914//914 913//913 921//921
f 913//913 922//922 921//921
f 913//913 920//920 922//922
f 924//924 923//923 922//922
f 922//922 923//923 921//921
f 926//926 925//925 924//924
f 924//924 925//925 923//923
f 928//928 927//927 926//926
f 926//926 927//927 925//925
f 927//927 928//928 916//916
f 928//928 915//915 916//916
f 928//928 929//929 915//915
f 929//929 755//755 756//756
f 918//918 929//929 756//756
f 915//915 929//929 918//918
f 918//918 756//756 750//750
f 758//758 919//919 753//753
f 919//919 758//758 760//760
f 919//919 760//760 920//920
f 920//920 760//760 762//762
f 920//920 762//762 922//922
f 922//922 762//762 764//764
f 930//930 922//922 764//764
f 924//924 922//922 930//930
f 930//930 766//766 767//767
f 926//926 930//930 767//767
f 924//924 930//930 926//926
f 926//926 767//767 768//768
f 926//926 768//768 928//928
f 928//928 768//768 770//770
f 928//928 770//770 929//929
f 929//929 770//770 755//755
f 784//784 931//931 785//785
f 932//932 786//786 785//785
f 932//932 785//785 931//931
f 933//933 787//787 786//786
f 933//933 786//786 932//932
f 933//933 789//789 787//787
f 793//793 934//934 794//794
f 931//931 784//784 794//794
f 934//934 931//931 794//794
f 935//935 931//931 934//934
f 931//931 936//936 932//932
f 931//931 935//935 936//936
f 932//932 937//937 933//933
f 932//932 936//936 937//937
f 938//938 795//795 789//789
f 933//933 938//938 789//789
f 937//937 938//938 933//933
f 938//938 797//797 795//795
f 800//800 939//939 801//801
f 934//934 793//793 801//801
f 939//939 934//934 801//801
f 940//940 934//934 939//939
f 934//934 941//941 935//935
f 934//934 940//940 941//941
f 935//935 942//942 936//936
f 935//935 941//941 942//942
f 936//936 943//943 937//937
f 936//936 942//942 943//943
f 937//937 944//944 938//938
f 937//937 943//943 944//944
f 944//944 803//803 797//797
f 944//944 797//797 938//938
f 807//807 945//945 939//939
f 807//807 939//939 800//800
f 939//939 946//946 940//940
f 939//939 945//945 946//946
f 940//940 947//947 941//941
f 940//940 946//946 947//947
f 941//941 948//948 942//942
f 941//941 947//947 948//948
f 942//942 949//949 943//943
f 942//942 948//948 949//949
f 943//943 950//950 944//944
f 943//943 949//949 950//950
f 951//951 808//808 803//803
f 944//944 951//951 803//803
f 950//950 951//951 944//944
f 951//951 810//810 808//808
f 812//812 952//952 813//813
f 945//945 807//807 813//813
f 952//952 945//945 813//813
f 953//953 945//945 952//952
f 945//945 954//954 946//946
f 945//945 953//953 954//954
f 956//956 947//947 955//955
f 947//947 954//954 955//955
f 947//947 946//946 954//954
f 947//947 956//956 948//948
f 948//948 956//956 957//957
f 948//948 957//957 949//949
f 949//949 957//957 958//958
f 960//960 959//959 958//958
f 959//959 949//949 958//958
f 959//959 950//950 949//949
f 950//950 961//961 951//951
f 950//950 959//959 961//961
f 961//961 815//815 810//810
f 961//961 810//810 951//951
f 818//818 962//962 952//952
f 818//818 952//952 812//812
f 952//952 963//963 953//953
f 952//952 962//962 963//963
f 965//965 954//954 964//964
f 954//954 963//963 964//964
f 954//954 953//953 963//963
f 954//954 965//965 955//955
f 960//960 966//966 959//959
f 968//968 967//967 966//966
f 967//967 959//959 966//966
f 967//967 961//961 959//959
f 969//969 819//819 815//815
f 961//961 969//969 815//815
f 967//967 969//969 961//961
f 969//969 821//821 819//819
f 823//823 970//970 822//822
f 962//962 818//818 822//822
f 970//970 962//962 822//822
f 971//971 962//962 970//970
f 973//973 963//963 972//972
f 963//963 971//971 972//972
f 963//963 962//962 971//971
f 963//963 973//973 964//964
f 968//968 974//974 967//967
f 976//976 975//975 974//974
f 975//975 967//967 974//974
f 975//975 969//969 967//967
f 975//975 825//825 821//821
f 975//975 821//821 969//969
f 827//827 977//977 970//970
f 827//827 970//970 823//823
f 979//979 971//971 978//978
f 971//971 977//977 978//978
f 971//971 970//970 977//977
f 971//971 979//979 972//972
f 975//975 976//976 980//980
f 980//980 976//976 981//981
f 982//982 828//828 825//825
f 975//975 982//982 825//825
f 980//980 982//982 975//975
f 982//982 830//830 828//828
f 831//831 983//983 977//977
f 831//831 977//977 827//827
f 978//978 977//977 984//984
f 984//984 977//977 983//983
f 981//981 985//985 980//980
f 987//987 986//986 985//985
f 986//986 980//980 985//985
f 986//986 982//982 980//980
f 986//986 833//833 830//830
f 986//986 830//830 982//982
f 989//989 988//988 983//983
f 831//831 989//989 983//983
f 834//834 989//989 831//831
f 983//983 988//988 984//984
f 987//987 990//990 986//986
f 990//990 992//992 991//991
f 990//990 991//991 835//835
f 986//986 990//990 835//835
f 833//833 986//986 835//835
f 991//991 836//836 835//835
f 837//837 989//989 834//834
f 837//837 993//993 989//989
f 991//991 992//992 994//994
f 994//994 992//992 995//995
f 994//994 838//838 836//836
f 994//994 836//836 991//991
f 839//839 993//993 837//837
f 839//839 996//996 993//993
f 994//994 995//995 997//997
f 997//997 995//995 998//998
f 997//997 840//840 838//838
f 997//997 838//838 994//994
f 841//841 996//996 839//839
f 841//841 999//999 996//996
f 997//997 998//998 1000//1000
f 1000//1000 998//998 1001//1001
f 1000//1000 842//842 840//840
f 1000//1000 840//840 997//997
f 843//843 999//999 841//841
f 843//843 1002//1002 999//999
f 1001//1001 1003//1003 1000//1000
f 842//842 1000//1000 1003//1003
f 1004//1004 842//842 1003//1003
f 845//845 842//842 1004//1004
f 846//846 1006//1006 1005//1005
f 1002//1002 846//846 1005//1005
f 843//843 846//846 1002//1002
f 1006//1006 1007//1007 1005//1005
f 1004//1004 848//848 845//845
f 1008//1008 848//848 1004//1004
f 849//849 1006//1006 846//846
f 849//849 850//850 1006//1006
f 850//850 1007//1007 1006//1006
f 850//850 1009//1009 1007//1007
f 851//851 848//848 1010//1010
f 848//848 1011//1011 1010//1010
f 848//848 1008//1008 1011//1011
f 1010//1010 852//852 851//851
f 853//853 1009//1009 850//850
f 853//853 1012//1012 1009//1009
f 1010//1010 1011//1011 1013//1013
f 1013//1013 1011//1011 1014//1014
f 1013//1013 854//854 852//852
f 1013//1013 852//852 1010//1010
f 855//855 1012//1012 853//853
f 855//855 1015//1015 1012//1012
f 1014//1014 1016//1016 1013//1013
f 854//854 1013//1013 1016//1016
f 1017//1017 854//854 1016//1016
f 856//856 854//854 1017//1017
f 857//857 1015//1015 855//855
f 857//857 1018//1018 1015//1015
f 1017//1017 858//858 856//856
f 1019//1019 858//858 1017//1017
f 859//859 1018//1018 857//857
f 859//859 1020//1020 1018//1018
f 1019//1019 860//860 858//858
f 1021//1021 860//860 1019//1019
f 861//861 1020//1020 859//859
f 861//861 1022//1022 1020//1020
f 1021//1021 862//862 860//860
f 1023//1023 862//862 1021//1021
f 863//863 1022//1022 861//861
f 863//863 1024//1024 1022//1022
f 1023//1023 864//864 862//862
f 1025//1025 864//864 1023//1023
f 865//865 1024//1024 863//863
f 865//865 1026//1026 1024//1024
f 1025//1025 866//866 864//864
f 1027//1027 866//866 1025//1025
f 867//867 1026//1026 865//865
f 867//867 1028//1028 1026//1026
f 1027//1027 868//868 866//866
f 1029//1029 868//868 1027//1027
f 869//869 1028//1028 867//867
f 869//869 1030//1030 1028//1028
f 1029//1029 870//870 868//868
f 1031//1031 870//870 1029//1029
f 871//871 1030//1030 869//869
f 871//871 1032//1032 1030//1030
f 1031//1031 872//872 870//870
f 1033//1033 872//872 1031//1031
f 873//873 1032//1032 871//871
f 873//873 1034//1034 1032//1032
f 1033//1033 874//874 872//872
f 1035//1035 874//874 1033//1033
f 875//875 1034//1034 873//873
f 875//875 1036//1036 1034//1034
f 1035//1035 876//876 874//874
f 1037//1037 876//876 1035//1035
f 877//877 1036//1036 875//875
f 877//877 1038//1038 1036//1036
f 1037//1037 878//878 876//876
f 1039//1039 878//878 1037//1037
f 879//879 1038//1038 877//877
f 879//879 1040//1040 1038//1038
f 1039//1039 880//880 878//878
f 1041//1041 880//880 1039//1039
f 882//882 1040//1040 879//879
f 882//882 1042//1042 1040//1040
f 1041//1041 883//883 880//880
f 1043//1043 883//883 1041//1041
f 882//882 884//884 1044//1044
f 1045//1045 882//882 1044//1044
f 1042//1042 882//882 1045//1045
f 885//885 1044//1044 884//884
f 1043//1043 886//886 883//883
f 1046//1046 886//886 1043//1043
f 1047//1047 1045//1045 1044//1044
f 1044//1044 885//885 1047//1047
f 885//885 1048//1048 1047//1047
f 885//885 887//887 1048//1048
f 1051//1051 1050//1050 1049//1049
f 1046//1046 1051//1051 1049//1049
f 888//888 1046//1046 1049//1049
f 886//886 1046//1046 888//888
f 889//889 1048//1048 887//887
f 889//889 1052//1052 1048//1048
f 1049//1049 1050//1050 1053//1053
f 1053//1053 1050//1050 1054//1054
f 1053//1053 890//890 888//888
f 1053//1053 888//888 1049//1049
f 891//891 1052//1052 889//889
f 891//891 1055//1055 1052//1052
f 1058//1058 1057//1057 1056//1056
f 1058//1058 1056//1056 1054//1054
f 1054//1054 1056//1056 1053//1053
f 1056//1056 893//893 1053//1053
f 893//893 894//894 1053//1053
f 1053//1053 894//894 890//890
f 895//895 1055//1055 891//891
f 895//895 1059//1059 1055//1055
f 1056//1056 1057//1057 1060//1060
f 1060//1060 1057//1057 1061//1061
f 1060//1060 897//897 893//893
f 1060//1060 893//893 1056//1056
f 898//898 1059//1059 895//895
f 898//898 1062//1062 1059//1059
f 1065//1065 1064//1064 1063//1063
f 1065//1065 1063//1063 1061//1061
f 1063//1063 1060//1060 1061//1061
f 1063//1063 1066//1066 1060//1060
f 1066//1066 899//899 897//897
f 1066//1066 897//897 1060//1060
f 900//900 1068//1068 1067//1067
f 1062//1062 900//900 1067//1067
f 898//898 900//900 1062//1062
f 1068//1068 1069//1069 1067//1067
f 1072//1072 1071//1071 1070//1070
f 1072//1072 1070//1070 1064//1064
f 1070//1070 1063//1063 1064//1064
f 1070//1070 1073//1073 1063//1063
f 1073//1073 902//902 903//903
f 1066//1066 1073//1073 903//903
f 1063//1063 1073//1073 1066//1066
f 1066//1066 903//903 899//899
f 904//904 1074//1074 1068//1068
f 904//904 1068//1068 900//900
f 1069//1069 1068//1068 1075//1075
f 1068//1068 1076//1076 1075//1075
f 1068//1068 1074//1074 1076//1076
f 1078//1078 1077//1077 1076//1076
f 1076//1076 1077//1077 1075//1075
f 1080//1080 1079//1079 1078//1078
f 1078//1078 1079//1079 1077//1077
f 1080//1080 1081//1081 1079//1079
f 1084//1084 1083//1083 1082//1082
f 1086//1086 1085//1085 1082//1082
f 1082//1082 1085//1085 1084//1084
f 1085//1085 1086//1086 1071//1071
f 1086//1086 1070//1070 1071//1071
f 1086//1086 1087//1087 1070//1070
f 1087//1087 906//906 907//907
f 1073//1073 1087//1087 907//907
f 1070//1070 1087//1087 1073//1073
f 1073//1073 907//907 902//902
f 908//908 1074//1074 904//904
f 1074//1074 908//908 910//910
f 1074//1074 910//910 1076//1076
f 1076//1076 910//910 912//912
f 1076//1076 912//912 1078//1078
f 1078//1078 912//912 914//914
f 1088//1088 1078//1078 914//914
f 1080//1080 1078//1078 1088//1088
f 1081//1081 1080//1080 1089//1089
f 1080//1080 1090//1090 1089//1089
f 1080//1080 1088//1088 1090//1090
f 1089//1089 1090//1090 1083//1083
f 1090//1090 1082//1082 1083//1083
f 1090//1090 1091//1091 1082//1082
f 1082//1082 1092//1092 1086//1086
f 1082//1082 1091//1091 1092//1092
f 1092//1092 916//916 917//917
f 1087//1087 1092//1092 917//917
f 1086//1086 1092//1092 1087//1087
f 1087//1087 917//917 906//906
f 921//921 1088//1088 914//914
f 1088//1088 921//921 923//923
f 1088//1088 923//923 1090//1090
f 1090//1090 923//923 925//925
f 1090//1090 925//925 1091//1091
f 1091//1091 925//925 927//927
f 1091//1091 927//927 1092//1092
f 1092//1092 927//927 916//916
f 955//955 1093//1093 956//956
f 1094//1094 957//957 956//956
f 1094//1094 956//956 1093//1093
f 1095//1095 958//958 957//957
f 1095//1095 957//957 1094//1094
f 1095//1095 960//960 958//958
f 964//964 1096//1096 965//965
f 1093//1093 955//955 965//965
f 1096//1096 1093//1093 965//965
f 1097//1097 1093//1093 1096//1096
f 1093//1093 1098//1098 1094//1094
f 1093//1093 1097//1097 1098//1098
f 1094//1094 1099//1099 1095//1095
f 1094//1094 1098//1098 1099//1099
f 1100//1100 966//966 960//960
f 1095//1095 1100//1100 960//960
f 1099//1099 1100//1100 1095//1095
f 1100//1100 968//968 966//966
f 972//972 1101//1101 973//973
f 1096//1096 964//964 973//973
f 1101//1101 1096//1096 973//973
f 1102//1102 1096//1096 1101//1101
f 1096//1096 1103//1103 1097//1097
f 1096//1096 1102//1102 1103//1103
f 1097//1097 1104//1104 1098//1098
f 1097//1097 1103//1103 1104//1104
f 1098//1098 1105//1105 1099//1099
f 1098//1098 1104//1104 1105//1105
f 1099//1099 1106//1106 1100//1100
f 1099//1099 1105//1105 1106//1106
f 1107//1107 974//974 968//968
f 1100//1100 1107//1107 968//968
f 1106//1106 1107//1107 1100//1100
f 1107//1107 976//976 974//974
f 978//978 1108//1108 979//979
f 1101//1101 972//972 979//979
f 1108//1108 1101//1101 979//979
f 1109//1109 1101//1101 1108//1108
f 1101//1101 1110//1110 1102//1102
f 1101//1101 1109//1109 1110//1110
f 1112//1112 1103//1103 1111//1111
f 1103//1103 1110//1110 1111//1111
f 1103//1103 1102//1102 1110//1110
f 1103//1103 1112//1112 1104//1104
f 1104//1104 1112//1112 1113//1113
f 1104//1104 1113//1113 1105//1105
f 1105//1105 1113//1113 1114//1114
f 1116//1116 1115//1115 1114//1114
f 1115//1115 1105//1105 1114//1114
f 1115//1115 1106//1106 1105//1105
f 1106//1106 1117//1117 1107//1107
f 1106//1106 1115//1115 1117//1117
f 1117//1117 981//981 976//976
f 1117//1117 976//976 1107//1107
f 984//984 1118//1118 1108//1108
f 984//984 1108//1108 978//978
f 1108//1108 1119//1119 1109//1109
f 1108//1108 1118//1118 1119//1119
f 1121//1121 1110//1110 1120//1120
f 1110//1110 1119//1119 1120//1120
f 1110//1110 1109//1109 1119//1119
f 1110//1110 1121//1121 1111//1111
f 1116//1116 1122//1122 1115//1115
f 1124//1124 1123//1123 1122//1122
f 1123//1123 1115//1115 1122//1122
f 1123//1123 1117//1117 1115//1115
f 1125//1125 985//985 981//981
f 1117//1117 1125//1125 981//981
f 1123//1123 1125//1125 1117//1117
f 1125//1125 987//987 985//985
f 989//989 1126//1126 988//988
f 1118//1118 984//984 988//988
f 1126//1126 1118//1118 988//988
f 1127//1127 1118//1118 1126//1126
f 1129//1129 1119//1119 1128//1128
f 1119//1119 1127//1127 1128//1128
f 1119//1119 1118//1118 1127//1127
f 1119//1119 1129//1129 1120//1120
f 1124//1124 1130//1130 1123//1123
f 1132//1132 1131//1131 1130//1130
f 1131//1131 1123//1123 1130//1130
f 1131//1131 1125//1125 1123//1123
f 1133//1133 990//990 987//987
f 1125//1125 1133//1133 987//987
f 1131//1131 1133//1133 1125//1125
f 1133//1133 992//992 990//990
f 993//993 1134//1134 1126//1126
f 993//993 1126//1126 989//989
f 1136//1136 1127//1127 1135//1135
f 1127//1127 1134//1134 1135//1135
f 1127//1127 1126//1126 1134//1134
f 1127//1127 1136//1136 1128//1128
f 1132//1132 1137//1137 1131//1131
f 1139//1139 1138//1138 1137//1137
f 1138//1138 1131//1131 1137//1137
f 1138//1138 1133//1133 1131//1131
f 1138//1138 995//995 992//992
f 1138//1138 992//992 1133//1133
f 996//996 1140//1140 1134//1134
f 996//996 1134//1134 993//993
f 1135//1135 1134//1134 1141//1141
f 1141//1141 1134//1134 1140//1140
f 1138//1138 1139//1139 1142//1142
f 1142//1142 1139//1139 1143//1143
f 1142//1142 998//998 995//995
f 1142//1142 995//995 1138//1138
f 999//999 1144//1144 1140//1140
f 999//999 1140//1140 996//996
f 1141//1141 1140//1140 1145//1145
f 1145//1145 1140//1140 1144//1144
f 1142//1142 1143//1143 1146//1146
f 1146//1146 1143//1143 1147//1147
f 1146//1146 1001//1001 998//998
f 1146//1146 998//998 1142//1142
f 1002//1002 1148//1148 1144//1144
f 1002//1002 1144//1144 999//999
f 1145//1145 1144//1144 1149//1149
f 1149//1149 1144//1144 1148//1148
f 1147//1147 1150//1150 1146//1146
f 1150//1150 1152//1152 1151//1151
f 1150//1150 1151//1151 1003//1003
f 1146//1146 1150//1150 1003//1003
f 1001//1001 1146//1146 1003//1003
f 1151//1151 1004//1004 1003//1003
f 1005//1005 1148//1148 1002//1002
f 1005//1005 1007//1007 1148//1148
f 1007//1007 1149//1149 1148//1148
f 1007//1007 1153//1153 1149//1149
f 1151//1151 1152//1152 1154//1154
f 1154//1154 1152//1152 1155//1155
f 1154//1154 1008//1008 1004//1004
f 1154//1154 1004//1004 1151//1151
f 1009//1009 1153//1153 1007//1007
f 1009//1009 1156//1156 1153//1153
f 1155//1155 1157//1157 1154//1154
f 1008//1008 1154//1154 1157//1157
f 1158//1158 1008//1008 1157//1157
f 1011//1011 1008//1008 1158//1158
f 1012//1012 1156//1156 1009//1009
f 1012//1012 1159//1159 1156//1156
f 1158//1158 1014//1014 1011//1011
f 1160//1160 1014//1014 1158//1158
f 1015//1015 1159//1159 1012//1012
f 1015//1015 1161//1161 1159//1159
f 1016//1016 1014//1014 1162//1162
f 1014//1014 1163//1163 1162//1162
f 1014//1014 1160//1160 1163//1163
f 1162//1162 1017//1017 1016//1016
f 1018//1018 1161//1161 1015//1015
f 1018//1018 1164//1164 1161//1161
f 1163//1163 1165//1165 1162//1162
f 1017//1017 1162//1162 1165//1165
f 1166//1166 1017//1017 1165//1165
f 1019//1019 1017//1017 1166//1166
f 1020//1020 1164//1164 1018//1018
f 1020//1020 1167//1167 1164//1164
f 1166//1166 1021//1021 1019//1019
f 1168//1168 1021//1021 1166//1166
f 1022//1022 1167//1167 1020//1020
f 1022//1022 1169//1169 1167//1167
f 1168//1168 1023//1023 1021//1021
f 1170//1170 1023//1023 1168//1168
f 1024//1024 1169//1169 1022//1022
f 1024//1024 1171//1171 1169//1169
f 1170//1170 1025//1025 1023//1023
f 1172//1172 1025//1025 1170//1170
f 1026//1026 1171//1171 1024//1024
f 1026//1026 1173//1173 1171//1171
f 1172//1172 1027//1027 1025//1025
f 1174//1174 1027//1027 1172//1172
f 1028//1028 1173//1173 1026//1026
f 1028//1028 1175//1175 1173//1173
f 1174//1174 1029//1029 1027//1027
f 1176//1176 1029//1029 1174//1174
f 1030//1030 1175//1175 1028//1028
f 1030//1030 1177//1177 1175//1175
f 1176//1176 1031//1031 1029//1029
f 1178//1178 1031//1031 1176//1176
f 1032//1032 1177//1177 1030//1030
f 1032//1032 1179//1179 1177//1177
f 1178//1178 1033//1033 1031//1031
f 1180//1180 1033//1033 1178//1178
f 1034//1034 1179//1179 1032//1032
f 1034//1034 1181//1181 1179//1179
f 1180//1180 1035//1035 1033//1033
f 1182//1182 1035//1035 1180//1180
f 1036//1036 1181//1181 1034//1034
f 1036//1036 1183//1183 1181//1181
f 1182//1182 1037//1037 1035//1035
f 1184//1184 1037//1037 1182//1182
f 1038//1038 1183//1183 1036//1036
f 1038//1038 1185//1185 1183//1183
f 1184//1184 1039//1039 1037//1037
f 1186//1186 1039//1039 1184//1184
f 1040//1040 1185//1185 1038//1038
f 1040//1040 1187//1187 1185//1185
f 1186//1186 1041//1041 1039//1039
f 1188//1188 1041//1041 1186//1186
f 1042//1042 1187//1187 1040//1040
f 1042//1042 1189//1189 1187//1187
f 1188//1188 1043//1043 1041//1041
f 1190//1190 1043//1043 1188//1188
f 1045//1045 1189//1189 1042//1042
f 1045//1045 1191//1191 1189//1189
f 1194//1194 1193//1193 1192//1192
f 1190//1190 1194//1194 1192//1192
f 1046//1046 1190//1190 1192//1192
f 1043//1043 1190//1190 1046//1046
f 1045//1045 1047//1047 1195//1195
f 1196//1196 1045//1045 1195//1195
f 1191//1191 1045//1045 1196//1196
f 1048//1048 1195//1195 1047//1047
f 1192//1192 1193//1193 1051//1051
f 1193//1193 1050//1050 1051//1051
f 1193//1193 1197//1197 1050//1050
f 1192//1192 1051//1051 1046//1046
f 1198//1198 1196//1196 1195//1195
f 1195//1195 1048//1048 1198//1198
f 1048//1048 1199//1199 1198//1198
f 1048//1048 1052//1052 1199//1199
f 1202//1202 1201//1201 1200//1200
f 1197//1197 1202//1202 1200//1200
f 1054//1054 1197//1197 1200//1200
f 1050//1050 1197//1197 1054//1054
f 1055//1055 1199//1199 1052//1052
f 1055//1055 1203//1203 1199//1199
f 1206//1206 1205//1205 1204//1204
f 1206//1206 1204//1204 1201//1201
f 1201//1201 1204//1204 1200//1200
f 1204//1204 1057//1057 1200//1200
f 1057//1057 1058//1058 1200//1200
f 1200//1200 1058//1058 1054//1054
f 1059//1059 1203//1203 1055//1055
f 1059//1059 1207//1207 1203//1203
f 1210//1210 1209//1209 1208//1208
f 1210//1210 1208//1208 1205//1205
f 1208//1208 1204//1204 1205//1205
f 1208//1208 1211//1211 1204//1204
f 1211//1211 1061//1061 1057//1057
f 1211//1211 1057//1057 1204//1204
f 1062//1062 1213//1213 1212//1212
f 1207//1207 1062//1062 1212//1212
f 1059//1059 1062//1062 1207//1207
f 1215//1215 1214//1214 1213//1213
f 1213//1213 1214//1214 1212//1212
f 1217//1217 1216//1216 1215//1215
f 1215//1215 1216//1216 1214//1214
f 1217//1217 1218//1218 1216//1216
f 1221//1221 1220//1220 1219//1219
f 1221//1221 1219//1219 1209//1209
f 1219//1219 1208//1208 1209//1209
f 1219//1219 1222//1222 1208//1208
f 1222//1222 1064//1064 1065//1065
f 1211//1211 1222//1222 1065//1065
f 1208//1208 1222//1222 1211//1211
f 1211//1211 1065//1065 1061//1061
f 1067//1067 1213//1213 1062//1062
f 1213//1213 1067//1067 1069//1069
f 1223//1223 1213//1213 1069//1069
f 1215//1215 1213//1213 1223//1223
f 1215//1215 1224//1224 1217//1217
f 1215//1215 1223//1223 1224//1224
f 1218//1218 1217//1217 1225//1225
f 1217//1217 1226//1226 1225//1225
f 1217//1217 1224//1224 1226//1226
f 1228//1228 1227//1227 1226//1226
f 1226//1226 1227//1227 1225//1225
f 1230//1230 1229//1229 1228//1228
f 1228//1228 1229//1229 1227//1227
f 1229//1229 1230//1230 1220//1220
f 1230//1230 1219//1219 1220//1220
f 1230//1230 1231//1231 1219//1219
f 1231//1231 1071//1071 1072//1072
f 1222//1222 1231//1231 1072//1072
f 1219//1219 1231//1231 1222//1222
f 1222//1222 1072//1072 1064//1064
f 1075//1075 1223//1223 1069//1069
f 1223//1223 1075//1075 1077//1077
f 1223//1223 1077//1077 1224//1224
f 1224//1224 1077//1077 1079//1079
f 1224//1224 1079//1079 1226//1226
f 1226//1226 1079//1079 1081//1081
f 1232//1232 1226//1226 1081//1081
f 1228//1228 1226//1226 1232//1232
f 1232//1232 1083//1083 1084//1084
f 1230//1230 1232//1232 1084//1084
f 1228//1228 1232//1232 1230//1230
f 1230//1230 1084//1084 1085//1085
f 1230//1230 1085//1085 1231//1231
f 1231//1231 1085//1085 1071//1071
f 1089//1089 1232//1232 1081//1081
f 1232//1232 1089//1089 1083//1083
f 1111//1111 1233//1233 1112//1112
f 1234//1234 1113//1113 1112//1112
f 1234//1234 1112//1112 1233//1233
f 1235//1235 1114//1114 1113//1113
f 1235//1235 1113//1113 1234//1234
f 1235//1235 1116//1116 1114//1114
f 1120//1120 1236//1236 1121//1121
f 1233//1233 1111//1111 1121//1121
f 1236//1236 1233//1233 1121//1121
f 1237//1237 1233//1233 1236//1236
f 1233//1233 1238//1238 1234//1234
f 1233//1233 1237//1237 1238//1238
f 1234//1234 1239//1239 1235//1235
f 1234//1234 1238//1238 1239//1239
f 1240//1240 1122//1122 1116//1116
f 1235//1235 1240//1240 1116//1116
f 1239//1239 1240//1240 1235//1235
f 1240//1240 1124//1124 1122//1122
f 1128//1128 1241//1241 1129//1129
f 1236//1236 1120//1120 1129//1129
f 1241//1241 1236//1236 1129//1129
f 1242//1242 1236//1236 1241//1241
f 1236//1236 1243//1243 1237//1237
f 1236//1236 1242//1242 1243//1243
f 1245//1245 1238//1238 1244//1244
f 1238//1238 1243//1243 1244//1244
f 1238//1238 1237//1237 1243//1243
f 1238//1238 1245//1245 1239//1239
f 1239//1239 1245//1245 1246//1246
f 1248//1248 1247//1247 1246//1246
f 1247//1247 1239//1239 1246//1246
f 1247//1247 1240//1240 1239//1239
f 1249//1249 1130//1130 1124//1124
f 1240//1240 1249//1249 1124//1124
f 1247//1247 1249//1249 1240//1240
f 1249//1249 1132//1132 1130//1130
f 1135//1135 1250//1250 1136//1136
f 1241//1241 1128//1128 1136//1136
f 1250//1250 1241//1241 1136//1136
f 1251//1251 1241//1241 1250//1250
f 1241//1241 1252//1252 1242//1242
f 1241//1241 1251//1251 1252//1252
f 1254//1254 1243//1243 1253//1253
f 1243//1243 1252//1252 1253//1253
f 1243//1243 1242//1242 1252//1252
f 1243//1243 1254//1254 1244//1244
f 1248//1248 1255//1255 1247//1247
f 1257//1257 1256//1256 1255//1255
f 1256//1256 1247//1247 1255//1255
f 1256//1256 1249//1249 1247//1247
f 1258//1258 1137//1137 1132//1132
f 1249//1249 1258//1258 1132//1132
f 1256//1256 1258//1258 1249//1249
f 1258//1258 1139//1139 1137//1137
f 1141//1141 1259//1259 1250//1250
f 1141//1141 1250//1250 1135//1135
f 1250//1250 1260//1260 1251//1251
f 1250//1250 1259//1259 1260//1260
f 1262//1262 1252//1252 1261//1261
f 1252//1252 1260//1260 1261//1261
f 1252//1252 1251//1251 1260//1260
f 1252//1252 1262//1262 1253//1253
f 1257//1257 1263//1263 1256//1256
f 1265//1265 1264//1264 1263//1263
f 1264//1264 1256//1256 1263//1263
f 1264//1264 1258//1258 1256//1256
f 1264//1264 1143//1143 1139//1139
f 1264//1264 1139//1139 1258//1258
f 1145//1145 1266//1266 1259//1259
f 1145//1145 1259//1259 1141//1141
f 1259//1259 1267//1267 1260//1260
f 1259//1259 1266//1266 1267//1267
f 1261//1261 1260//1260 1268//1268
f 1268//1268 1260//1260 1267//1267
f 1264//1264 1265//1265 1269//1269
f 1269//1269 1265//1265 1270//1270
f 1269//1269 1147//1147 1143//1143
f 1269//1269 1143//1143 1264//1264
f 1149//1149 1271//1271 1266//1266
f 1149//1149 1266//1266 1145//1145
f 1273//1273 1267//1267 1272//1272
f 1267//1267 1271//1271 1272//1272
f 1267//1267 1266//1266 1271//1271
f 1267//1267 1273//1273 1268//1268
f 1269//1269 1270//1270 1274//1274
f 1274//1274 1270//1270 1275//1275
f 1276//1276 1150//1150 1147//1147
f 1269//1269 1276//1276 1147//1147
f 1274//1274 1276//1276 1269//1269
f 1276//1276 1152//1152 1150//1150
f 1278//1278 1277//1277 1271//1271
f 1149//1149 1278//1278 1271//1271
f 1153//1153 1278//1278 1149//1149
f 1271//1271 1277//1277 1272//1272
f 1275//1275 1279//1279 1274//1274
f 1281//1281 1280//1280 1279//1279
f 1280//1280 1274//1274 1279//1279
f 1280//1280 1276//1276 1274//1274
f 1280//1280 1155//1155 1152//1152
f 1280//1280 1152//1152 1276//1276
f 1156//1156 1278//1278 1153//1153
f 1156//1156 1282//1282 1278//1278
f 1281//1281 1283//1283 1280//1280
f 1283//1283 1285//1285 1284//1284
f 1283//1283 1284//1284 1157//1157
f 1280//1280 1283//1283 1157//1157
f 1155//1155 1280//1280 1157//1157
f 1284//1284 1158//1158 1157//1157
f 1159//1159 1282//1282 1156//1156
f 1159//1159 1286//1286 1282//1282
f 1284//1284 1285//1285 1287//1287
f 1287//1287 1285//1285 1288//1288
f 1287//1287 1160//1160 1158//1158
f 1287//1287 1158//1158 1284//1284
f 1161//1161 1286//1286 1159//1159
f 1161//1161 1289//1289 1286//1286
f 1288//1288 1290//1290 1287//1287
f 1160//1160 1287//1287 1290//1290
f 1291//1291 1160//1160 1290//1290
f 1163//1163 1160//1160 1291//1291
f 1164//1164 1289//1289 1161//1161
f 1164//1164 1292//1292 1289//1289
f 1165//1165 1163//1163 1293//1293
f 1163//1163 1294//1294 1293//1293
f 1163//1163 1291//1291 1294//1294
f 1293//1293 1166//1166 1165//1165
f 1167//1167 1292//1292 1164//1164
f 1167//1167 1295//1295 1292//1292
f 1293//1293 1294//1294 1296//1296
f 1296//1296 1294//1294 1297//1297
f 1296//1296 1168//1168 1166//1166
f 1296//1296 1166//1166 1293//1293
f 1169//1169 1295//1295 1167//1167
f 1169//1169 1298//1298 1295//1295
f 1297//1297 1299//1299 1296//1296
f 1168//1168 1296//1296 1299//1299
f 1300//1300 1168//1168 1299//1299
f 1170//1170 1168//1168 1300//1300
f 1171//1171 1298//1298 1169//1169
f 1171//1171 1301//1301 1298//1298
f 1300//1300 1172//1172 1170//1170
f 1302//1302 1172//1172 1300//1300
f 1173//1173 1301//1301 1171//1171
f 1173//1173 1303//1303 1301//1301
f 1302//1302 1174//1174 1172//1172
f 1304//1304 1174//1174 1302//1302
f 1175//1175 1303//1303 1173//1173
f 1175//1175 1305//1305 1303//1303
f 1304//1304 1176//1176 1174//1174
f 1306//1306 1176//1176 1304//1304
f 1177//1177 1305//1305 1175//1175
f 1177//1177 1307//1307 1305//1305
f 1306//1306 1178//1178 1176//1176
f 1308//1308 1178//1178 1306//1306
f 1179//1179 1307//1307 1177//1177
f 1179//1179 1309//1309 1307//1307
f 1308//1308 1180//1180 1178//1178
f 1310//1310 1180//1180 1308//1308
f 1181//1181 1309//1309 1179//1179
f 1181//1181 1311//1311 1309//1309
f 1310//1310 1182//1182 1180//1180
f 1312//1312 1182//1182 1310//1310
f 1183//1183 1311//1311 1181//1181
f 1183//1183 1313//1313 1311//1311
f 1312//1312 1184//1184 1182//1182
f 1314//1314 1184//1184 1312//1312
f 1185//1185 1313//1313 1183//1183
f 1185//1185 1315//1315 1313//1313
f 1314//1314 1186//1186 1184//1184
f 1316//1316 1186//1186 1314//1314
f 1187//1187 1315//1315 1185//1185
f 1187//1187 1317//1317 1315//1315
f 1316//1316 1188//1188 1186//1186
f 1318//1318 1188//1188 1316//1316
f 1189//1189 1317//1317 1187//1187
f 1189//1189 1319//1319 1317//1317
f 1322//1322 1321//1321 1320//1320
f 1318//1318 1322//1322 1320//1320
f 1190//1190 1318//1318 1320//1320
f 1188//1188 1318//1318 1190//1190
f 1191//1191 1319//1319 1189//1189
f 1191//1191 1323//1323 1319//1319
f 1320//1320 1321//1321 1194//1194
f 1321//1321 1193//1193 1194//1194
f 1321//1321 1324//1324 1193//1193
f 1320//1320 1194//1194 1190//1190
f 1196//1196 1323//1323 1191//1191
f 1196//1196 1325//1325 1323//1323
f 1328//1328 1327//1327 1326//1326
f 1324//1324 1328//1328 1326//1326
f 1197//1197 1324//1324 1326//1326
f 1193//1193 1324//1324 1197//1197
f 1329//1329 1325//1325 1196//1196
f 1329//1329 1196//1196 1198//1198
f 1198//1198 1199//1199 1329//1329
f 1329//1329 1199//1199 1330//1330
f 1333//1333 1332//1332 1331//1331
f 1333//1333 1331//1331 1327//1327
f 1327//1327 1331//1331 1326//1326
f 1331//1331 1201//1201 1326//1326
f 1201//1201 1202//1202 1326//1326
f 1326//1326 1202//1202 1197//1197
f 1203//1203 1335//1335 1334//1334
f 1330//1330 1203//1203 1334//1334
f 1199//1199 1203//1203 1330//1330
f 1335//1335 1336//1336 1334//1334
f 1339//1339 1338//1338 1337//1337
f 1341//1341 1340//1340 1337//1337
f 1337//1337 1340//1340 1339//1339
f 1340//1340 1341//1341 1332//1332
f 1332//1332 1341//1341 1331//1331
f 1341//1341 1205//1205 1331//1331
f 1205//1205 1206//1206 1331//1331
f 1331//1331 1206//1206 1201//1201
f 1207//1207 1342//1342 1335//1335
f 1207//1207 1335//1335 1203//1203
f 1336//1336 1335//1335 1343//1343
f 1335//1335 1344//1344 1343//1343
f 1335//1335 1342//1342 1344//1344
f 1346//1346 1345//1345 1344//1344
f 1344//1344 1345//1345 1343//1343
f 1348//1348 1347//1347 1346//1346
f 1346//1346 1347//1347 1345//1345
f 1350//1350 1349//1349 1348//1348
f 1348//1348 1349//1349 1347//1347
f 1352//1352 1351//1351 1350//1350
f 1350//1350 1351//1351 1349//1349
f 1351//1351 1352//1352 1338//1338
f 1352//1352 1337//1337 1338//1338
f 1352//1352 1353//1353 1337//1337
f 1353//1353 1209//1209 1210//1210
f 1341//1341 1353//1353 1210//1210
f 1337//1337 1353//1353 1341//1341
f 1341//1341 1210//1210 1205//1205
f 1212//1212 1342//1342 1207//1207
f 1342//1342 1212//1212 1214//1214
f 1342//1342 1214//1214 1344//1344
f 1344//1344 1214//1214 1216//1216
f 1344//1344 1216//1216 1346//1346
f 1346//1346 1216//1216 1218//1218
f 1354//1354 1346//1346 1218//1218
f 1348//1348 1346//1346 1354//1354
f 1348//1348 1355//1355 1350//1350
f 1348//1348 1354//1354 1355//1355
f 1350//1350 1356//1356 1352//1352
f 1350//1350 1355//1355 1356//1356
f 1356//1356 1220//1220 1221//1221
f 1353//1353 1356//1356 1221//1221
f 1352//1352 1356//1356 1353//1353
f 1353//1353 1221//1221 1209//1209
f 1225//1225 1354//1354 1218//1218
f 1354//1354 1225//1225 1227//1227
f 1354//1354 1227//1227 1355//1355
f 1355//1355 1227//1227 1229//1229
f 1355//1355 1229//1229 1356//1356
f 1356//1356 1229//1229 1220//1220
f 1244//1244 1357//1357 1245//1245
f 1358//1358 1246//1246 1245//1245
f 1358//1358 1245//1245 1357//1357
f 1358//1358 1248//1248 1246//1246
f 1253//1253 1359//1359 1254//1254
f 1357//1357 1244//1244 1254//1254
f 1359//1359 1357//1357 1254//1254
f 1360//1360 1357//1357 1359//1359
f 1357//1357 1361//1361 1358//1358
f 1357//1357 1360//1360 1361//1361
f 1362//1362 1255//1255 1248//1248
f 1358//1358 1362//1362 1248//1248
f 1361//1361 1362//1362 1358//1358
f 1362//1362 1257//1257 1255//1255
f 1261//1261 1363//1363 1262//1262
f 1359//1359 1253//1253 1262//1262
f 1363//1363 1359//1359 1262//1262
f 1364//1364 1359//1359 1363//1363
f 1359//1359 1365//1365 1360//1360
f 1359//1359 1364//1364 1365//1365
f 1360//1360 1366//1366 1361//1361
f 1360//1360 1365//1365 1366//1366
f 1361//1361 1367//1367 1362//1362
f 1361//1361 1366//1366 1367//1367
f 1368//1368 1263//1263 1257//1257
f 1362//1362 1368//1368 1257//1257
f 1367//1367 1368//1368 1362//1362
f 1368//1368 1265//1265 1263//1263
f 1268//1268 1369//1369 1363//1363
f 1268//1268 1363//1363 1261//1261
f 1363//1363 1370//1370 1364//1364
f 1363//1363 1369//1369 1370//1370
f 1364//1364 1371//1371 1365//1365
f 1364//1364 1370//1370 1371//1371
f 1365//1365 1372//1372 1366//1366
f 1365//1365 1371//1371 1372//1372
f 1366//1366 1373//1373 1367//1367
f 1366//1366 1372//1372 1373//1373
f 1367//1367 1374//1374 1368//1368
f 1367//1367 1373//1373 1374//1374
f 1374//1374 1270//1270 1265//1265
f 1374//1374 1265//1265 1368//1368
f 1272//1272 1375//1375 1273//1273
f 1369//1369 1268//1268 1273//1273
f 1375//1375 1369//1369 1273//1273
f 1376//1376 1369//1369 1375//1375
f 1369//1369 1377//1377 1370//1370
f 1369//1369 1376//1376 1377//1377
f 1370//1370 1378//1378 1371//1371
f 1370//1370 1377//1377 1378//1378
f 1371//1371 1379//1379 1372//1372
f 1371//1371 1378//1378 1379//1379
f 1372//1372 1380//1380 1373//1373
f 1372//1372 1379//1379 1380//1380
f 1373//1373 1381//1381 1374//1374
f 1373//1373 1380//1380 1381//1381
f 1381//1381 1275//1275 1270//1270
f 1381//1381 1270//1270 1374//1374
f 1278//1278 1382//1382 1277//1277
f 1375//1375 1272//1272 1277//1277
f 1382//1382 1375//1375 1277//1277
f 1383//1383 1375//1375 1382//1382
f 1375//1375 1384//1384 1376//1376
f 1375//1375 1383//1383 1384//1384
f 1386//1386 1377//1377 1385//1385
f 1377//1377 1384//1384 1385//1385
f 1377//1377 1376//1376 1384//1384
f 1377//1377 1386//1386 1378//1378
f 1378//1378 1386//1386 1387//1387
f 1378//1378 1387//1387 1379//1379
f 1379//1379 1387//1387 1388//1388
f 1379//1379 1388//1388 1380//1380
f 1380//1380 1388//1388 1389//1389
f 1391//1391 1390//1390 1389//1389
f 1390//1390 1380//1380 1389//1389
f 1390//1390 1381//1381 1380//1380
f 1392//1392 1279//1279 1275//1275
f 1381//1381 1392//1392 1275//1275
f 1390//1390 1392//1392 1381//1381
f 1392//1392 1281//1281 1279//1279
f 1282//1282 1393//1393 1382//1382
f 1282//1282 1382//1382 1278//1278
f 1395//1395 1383//1383 1394//1394
f 1383//1383 1393//1393 1394//1394
f 1383//1383 1382//1382 1393//1393
f 1383//1383 1395//1395 1384//1384
f 1384//1384 1395//1395 1396//1396
f 1384//1384 1396//1396 1385//1385
f 1391//1391 1397//1397 1390//1390
f 1399//1399 1398//1398 1397//1397
f 1398//1398 1390//1390 1397//1397
f 1398//1398 1392//1392 1390//1390
f 1400//1400 1283//1283 1281//1281
f 1392//1392 1400//1400 1281//1281
f 1398//1398 1400//1400 1392//1392
f 1400//1400 1285//1285 1283//1283
f 1402//1402 1401//1401 1393//1393
f 1282//1282 1402//1402 1393//1393
f 1286//1286 1402//1402 1282//1282
f 1393//1393 1401//1401 1394//1394
f 1399//1399 1403//1403 1398//1398
f 1405//1405 1404//1404 1403//1403
f 1404//1404 1398//1398 1403//1403
f 1404//1404 1400//1400 1398//1398
f 1404//1404 1288//1288 1285//1285
f 1404//1404 1285//1285 1400//1400
f 1289//1289 1402//1402 1286//1286
f 1289//1289 1406//1406 1402//1402
f 1405//1405 1407//1407 1404//1404
f 1407//1407 1409//1409 1408//1408
f 1407//1407 1408//1408 1290//1290
f 1404//1404 1407//1407 1290//1290
f 1288//1288 1404//1404 1290//1290
f 1408//1408 1291//1291 1290//1290
f 1292//1292 1406//1406 1289//1289
f 1292//1292 1410//1410 1406//1406
f 1408//1408 1409//1409 1411//1411
f 1411//1411 1409//1409 1412//1412
f 1411//1411 1294//1294 1291//1291
f 1411//1411 1291//1291 1408//1408
f 1295//1295 1410//1410 1292//1292
f 1295//1295 1413//1413 1410//1410
f 1412//1412 1414//1414 1411//1411
f 1294//1294 1411//1411 1414//1414
f 1415//1415 1294//1294 1414//1414
f 1297//1297 1294//1294 1415//1415
f 1298//1298 1413//1413 1295//1295
f 1298//1298 1416//1416 1413//1413
f 1299//1299 1297//1297 1417//1417
f 1297//1297 1418//1418 1417//1417
f 1297//1297 1415//1415 1418//1418
f 1417//1417 1300//1300 1299//1299
f 1301//1301 1416//1416 1298//1298
f 1301//1301 1419//1419 1416//1416
f 1417//1417 1418//1418 1420//1420
f 1420//1420 1418//1418 1421//1421
f 1420//1420 1302//1302 1300//1300
f 1420//1420 1300//1300 1417//1417
f 1303//1303 1419//1419 1301//1301
f 1303//1303 1422//1422 1419//1419
f 1421//1421 1423//1423 1420//1420
f 1302//1302 1420//1420 1423//1423
f 1424//1424 1302//1302 1423//1423
f 1304//1304 1302//1302 1424//1424
f 1305//1305 1422//1422 1303//1303
f 1305//1305 1425//1425 1422//1422
f 1424//1424 1306//1306 1304//1304
f 1426//1426 1306//1306 1424//1424
f 1307//1307 1425//1425 1305//1305
f 1307//1307 1427//1427 1425//1425
f 1426//1426 1308//1308 1306//1306
f 1428//1428 1308//1308 1426//1426
f 1309//1309 1427//1427 1307//1307
f 1309//1309 1429//1429 1427//1427
f 1428//1428 1310//1310 1308//1308
f 1430//1430 1310//1310 1428//1428
f 1311//1311 1429//1429 1309//1309
f 1311//1311 1431//1431 1429//1429
f 1430//1430 1312//1312 1310//1310
f 1432//1432 1312//1312 1430//1430
f 1313//1313 1431//1431 1311//1311
f 1313//1313 1433//1433 1431//1431
f 1432//1432 1314//1314 1312//1312
f 1434//1434 1314//1314 1432//1432
f 1315//1315 1433//1433 1313//1313
f 1315//1315 1435//1435 1433//1433
f 1438//1438 1437//1437 1436//1436
f 1434//1434 1438//1438 1436//1436
f 1316//1316 1434//1434 1436//1436
f 1314//1314 1434//1434 1316//1316
f 1317//1317 1435//1435 1315//1315
f 1317//1317 1439//1439 1435//1435
f 1436//1436 1437//1437 1440//1440
f 1440//1440 1437//1437 1441//1441
f 1440//1440 1318//1318 1316//1316
f 1440//1440 1316//1316 1436//1436
f 1319//1319 1439//1439 1317//1317
f 1319//1319 1442//1442 1439//1439
f 1445//1445 1444//1444 1443//1443
f 1445//1445 1443//1443 1441//1441
f 1441//1441 1443//1443 1440//1440
f 1443//1443 1321//1321 1440//1440
f 1321//1321 1322//1322 1440//1440
f 1440//1440 1322//1322 1318//1318
f 1323//1323 1442//1442 1319//1319
f 1323//1323 1446//1446 1442//1442
f 1443//1443 1444//1444 1447//1447
f 1447//1447 1444//1444 1448//1448
f 1447//1447 1324//1324 1321//1321
f 1447//1447 1321//1321 1443//1443
f 1325//1325 1450//1450 1449//1449
f 1446//1446 1325//1325 1449//1449
f 1323//1323 1325//1325 1446//1446
f 1450//1450 1451//1451 1449//1449
f 1454//1454 1453//1453 1452//1452
f 1454//1454 1452//1452 1448//1448
f 1448//1448 1452//1452 1447//1447
f 1452//1452 1327//1327 1447//1447
f 1327//1327 1328//1328 1447//1447
f 1447//1447 1328//1328 1324//1324
f 1329//1329 1450//1450 1325//1325
f 1456//1456 1455//1455 1330//1330
f 1330//1330 1455//1455 1329//1329
f 1455//1455 1451//1451 1329//1329
f 1451//1451 1450//1450 1329//1329
f 1458//1458 1457//1457 1456//1456
f 1456//1456 1457//1457 1455//1455
f 1458//1458 1459//1459 1457//1457
f 1462//1462 1461//1461 1460//1460
f 1464//1464 1463//1463 1460//1460
f 1460//1460 1463//1463 1462//1462
f 1463//1463 1464//1464 1453//1453
f 1453//1453 1464//1464 1452//1452
f 1464//1464 1332//1332 1452//1452
f 1332//1332 1333//1333 1452//1452
f 1452//1452 1333//1333 1327//1327
f 1334//1334 1456//1456 1330//1330
f 1456//1456 1334//1334 1336//1336
f 1465//1465 1456//1456 1336//1336
f 1458//1458 1456//1456 1465//1465
f 1459//1459 1458//1458 1466//1466
f 1458//1458 1467//1467 1466//1466
f 1458//1458 1465//1465 1467//1467
f 1469//1469 1468//1468 1467//1467
f 1467//1467 1468//1468 1466//1466
f 1471//1471 1470//1470 1469//1469
f 1469//1469 1470//1470 1468//1468
f 1473//1473 1472//1472 1471//1471
f 1471//1471 1472//1472 1470//1470
f 1472//1472 1473//1473 1461//1461
f 1461//1461 1473//1473 1460//1460
f 1473//1473 1338//1338 1460//1460
f 1338//1338 1339//1339 1460//1460
f 1460//1460 1339//1339 1340//1340
f 1460//1460 1340//1340 1464//1464
f 1464//1464 1340//1340 1332//1332
f 1343//1343 1465//1465 1336//1336
f 1465//1465 1343//1343 1345//1345
f 1465//1465 1345//1345 1467//1467
f 1467//1467 1345//1345 1347//1347
f 1467//1467 1347//1347 1469//1469
f 1469//1469 1347//1347 1349//1349
f 1469//1469 1349//1349 1471//1471
f 1471//1471 1349//1349 1351//1351
f 1471//1471 1351//1351 1473//1473
f 1473//1473 1351//1351 1338//1338
f 1385//1385 1474//1474 1386//1386
f 1475//1475 1387//1387 1386//1386
f 1475//1475 1386//1386 1474//1474
f 1476//1476 1388//1388 1387//1387
f 1476//1476 1387//1387 1475//1475
f 1477//1477 1389//1389 1388//1388
f 1477//1477 1388//1388 1476//1476
f 1477//1477 1391//1391 1389//1389
f 1394//1394 1478//1478 1395//1395
f 1479//1479 1396//1396 1395//1395
f 1479//1479 1395//1395 1478//1478
f 1474//1474 1385//1385 1396//1396
f 1479//1479 1474//1474 1396//1396
f 1480//1480 1474//1474 1479//1479
f 1474//1474 1481//1481 1475//1475
f 1474//1474 1480//1480 1481//1481
f 1475//1475 1482//1482 1476//1476
f 1475//1475 1481//1481 1482//1482
f 1476//1476 1483//1483 1477//1477
f 1476//1476 1482//1482 1483//1483
f 1484//1484 1397//1397 1391//1391
f 1477//1477 1484//1484 1391//1391
f 1483//1483 1484//1484 1477//1477
f 1484//1484 1399//1399 1397//1397
f 1402//1402 1485//1485 1401//1401
f 1478//1478 1394//1394 1401//1401
f 1485//1485 1478//1478 1401//1401
f 1486//1486 1478//1478 1485//1485
f 1478//1478 1487//1487 1479//1479
f 1478//1478 1486//1486 1487//1487
f 1489//1489 1480//1480 1488//1488
f 1480//1480 1487//1487 1488//1488
f 1480//1480 1479//1479 1487//1487
f 1480//1480 1489//1489 1481//1481
f 1481//1481 1489//1489 1490//1490
f 1481//1481 1490//1490 1482//1482
f 1482//1482 1490//1490 1491//1491
f 1482//1482 1491//1491 1483//1483
f 1483//1483 1491//1491 1492//1492
f 1494//1494 1493//1493 1492//1492
f 1493//1493 1483//1483 1492//1492
f 1493//1493 1484//1484 1483//1483
f 1495//1495 1403//1403 1399//1399
f 1484//1484 1495//1495 1399//1399
f 1493//1493 1495//1495 1484//1484
f 1495//1495 1405//1405 1403//1403
f 1406//1406 1496//1496 1485//1485
f 1406//1406 1485//1485 1402//1402
f 1498//1498 1486//1486 1497//1497
f 1486//1486 1496//1496 1497//1497
f 1486//1486 1485//1485 1496//1496
f 1486//1486 1498//1498 1487//1487
f 1487//1487 1498//1498 1499//1499
f 1487//1487 1499//1499 1488//1488
f 1494//1494 1500//1500 1493//1493
f 1502//1502 1501//1501 1500//1500
f 1501//1501 1493//1493 1500//1500
f 1501//1501 1495//1495 1493//1493
f 1503//1503 1407//1407 1405//1405
f 1495//1495 1503//1503 1405//1405
f 1501//1501 1503//1503 1495//1495
f 1503//1503 1409//1409 1407//1407
f 1505//1505 1504//1504 1496//1496
f 1406//1406 1505//1505 1496//1496
f 1410//1410 1505//1505 1406//1406
f 1496//1496 1504//1504 1497//1497
f 1502//1502 1506//1506 1501//1501
f 1508//1508 1507//1507 1506//1506
f 1507//1507 1501//1501 1506//1506
f 1507//1507 1503//1503 1501//1501
f 1507//1507 1412//1412 1409//1409
f 1507//1507 1409//1409 1503//1503
f 1413//1413 1505//1505 1410//1410
f 1413//1413 1509//1509 1505//1505
f 1508//1508 1510//1510 1507//1507
f 1510//1510 1512//1512 1511//1511
f 1510//1510 1511//1511 1414//1414
f 1507//1507 1510//1510 1414//1414
f 1412//1412 1507//1507 1414//1414
f 1511//1511 1415//1415 1414//1414
f 1416//1416 1509//1509 1413//1413
f 1416//1416 1513//1513 1509//1509
f 1511//1511 1512//1512 1514//1514
f 1514//1514 1512//1512 1515//1515
f 1514//1514 1418//1418 1415//1415
f 1514//1514 1415//1415 1511//1511
f 1419//1419 1513//1513 1416//1416
f 1419//1419 1516//1516 1513//1513
f 1515//1515 1517//1517 1514//1514
f 1418//1418 1514//1514 1517//1517
f 1518//1518 1418//1418 1517//1517
f 1421//1421 1418//1418 1518//1518
f 1422//1422 1516//1516 1419//1419
f 1422//1422 1519//1519 1516//1516
f 1423//1423 1421//1421 1520//1520
f 1421//1421 1521//1521 1520//1520
f 1421//1421 1518//1518 1521//1521
f 1520//1520 1424//1424 1423//1423
f 1425//1425 1519//1519 1422//1422
f 1425//1425 1522//1522 1519//1519
f 1520//1520 1521//1521 1523//1523
f 1523//1523 1521//1521 1524//1524
f 1523//1523 1426//1426 1424//1424
f 1523//1523 1424//1424 1520//1520
f 1427//1427 1522//1522 1425//1425
f 1427//1427 1525//1525 1522//1522
f 1523//1523 1524//1524 1526//1526
f 1526//1526 1524//1524 1527//1527
f 1526//1526 1428//1428 1426//1426
f 1526//1526 1426//1426 1523//1523
f 1429//1429 1525//1525 1427//1427
f 1429//1429 1528//1528 1525//1525
f 1527//1527 1529//1529 1526//1526
f 1428//1428 1526//1526 1529//1529
f 1530//1530 1428//1428 1529//1529
f 1430//1430 1428//1428 1530//1530
f 1431//1431 1528//1528 1429//1429
f 1431//1431 1531//1531 1528//1528
f 1534//1534 1533//1533 1532//1532
f 1530//1530 1534//1534 1532//1532
f 1432//1432 1530//1530 1532//1532
f 1430//1430 1530//1530 1432//1432
f 1433//1433 1531//1531 1431//1431
f 1433//1433 1535//1535 1531//1531
f 1532//1532 1533//1533 1536//1536
f 1536//1536 1533//1533 1537//1537
f 1536//1536 1434//1434 1432//1432
f 1536//1536 1432//1432 1532//1532
f 1435//1435 1535//1535 1433//1433
f 1435//1435 1538//1538 1535//1535
f 1536//1536 1537//1537 1438//1438
f 1537//1537 1437//1437 1438//1438
f 1537//1537 1539//1539 1437//1437
f 1536//1536 1438//1438 1434//1434
f 1439//1439 1538//1538 1435//1435
f 1439//1439 1540//1540 1538//1538
f 1543//1543 1542//1542 1541//1541
f 1539//1539 1543//1543 1541//1541
f 1441//1441 1539//1539 1541//1541
f 1437//1437 1539//1539 1441//1441
f 1442//1442 1540//1540 1439//1439
f 1442//1442 1544//1544 1540//1540
f 1541//1541 1542//1542 1445//1445
f 1542//1542 1444//1444 1445//1445
f 1542//1542 1545//1545 1444//1444
f 1541//1541 1445//1445 1441//1441
f 1446//1446 1547//1547 1546//1546
f 1544//1544 1446//1446 1546//1546
f 1442//1442 1446//1446 1544//1544
f 1547//1547 1548//1548 1546//1546
f 1551//1551 1550//1550 1549//1549
f 1545//1545 1551//1551 1549//1549
f 1448//1448 1545//1545 1549//1549
f 1444//1444 1545//1545 1448//1448
f 1449//1449 1547//1547 1446//1446
f 1553//1553 1552//1552 1451//1451
f 1451//1451 1552//1552 1449//1449
f 1552//1552 1548//1548 1449//1449
f 1548//1548 1547//1547 1449//1449
f 1555//1555 1554//1554 1553//1553
f 1553//1553 1554//1554 1552//1552
f 1555//1555 1556//1556 1554//1554
f 1559//1559 1558//1558 1557//1557
f 1561//1561 1560//1560 1557//1557
f 1557//1557 1560//1560 1559//1559
f 1560//1560 1561//1561 1550//1550
f 1550//1550 1561//1561 1549//1549
f 1561//1561 1453//1453 1549//1549
f 1453//1453 1454//1454 1549//1549
f 1549//1549 1454//1454 1448//1448
f 1455//1455 1553//1553 1451//1451
f 1553//1553 1455//1455 1457//1457
f 1553//1553 1457//1457 1555//1555
f 1563//1563 1562//1562 1459//1459
f 1459//1459 1562//1562 1457//1457
f 1562//1562 1556//1556 1457//1457
f 1556//1556 1555//1555 1457//1457
f 1565//1565 1564//1564 1563//1563
f 1563//1563 1564//1564 1562//1562
f 1567//1567 1566//1566 1565//1565
f 1565//1565 1566//1566 1564//1564
f 1569//1569 1568//1568 1567//1567
f 1567//1567 1568//1568 1566//1566
f 1568//1568 1569//1569 1558//1558
f 1558//1558 1569//1569 1557//1557
f 1569//1569 1461//1461 1557//1557
f 1461//1461 1462//1462 1557//1557
f 1557//1557 1462//1462 1463//1463
f 1557//1557 1463//1463 1561//1561
f 1561//1561 1463//1463 1453//1453
f 1466//1466 1563//1563 1459//1459
f 1563//1563 1466//1466 1468//1468
f 1563//1563 1468//1468 1565//1565
f 1565//1565 1468//1468 1470//1470
f 1565//1565 1470//1470 1567//1567
f 1567//1567 1470//1470 1472//1472
f 1567//1567 1472//1472 1569//1569
f 1569//1569 1472//1472 1461//1461
f 1488//1488 1570//1570 1489//1489
f 1571//1571 1490//1490 1489//1489
f 1571//1571 1489//1489 1570//1570
f 1572//1572 1491//1491 1490//1490
f 1572//1572 1490//1490 1571//1571
f 1573//1573 1492//1492 1491//1491
f 1573//1573 1491//1491 1572//1572
f 1573//1573 1494//1494 1492//1492
f 1497//1497 1574//1574 1498//1498
f 1575//1575 1499//1499 1498//1498
f 1575//1575 1498//1498 1574//1574
f 1570//1570 1488//1488 1499//1499
f 1575//1575 1570//1570 1499//1499
f 1576//1576 1570//1570 1575//1575
f 1570//1570 1577//1577 1571//1571
f 1570//1570 1576//1576 1577//1577
f 1571//1571 1578//1578 1572//1572
f 1571//1571 1577//1577 1578//1578
f 1572//1572 1579//1579 1573//1573
f 1572//1572 1578//1578 1579//1579
f 1580//1580 1500//1500 1494//1494
f 1573//1573 1580//1580 1494//1494
f 1579//1579 1580//1580 1573//1573
f 1580//1580 1502//1502 1500//1500
f 1505//1505 1581//1581 1504//1504
f 1574//1574 1497//1497 1504//1504
f 1581//1581 1574//1574 1504//1504
f 1582//1582 1574//1574 1581//1581
f 1574//1574 1583//1583 1575//1575
f 1574//1574 1582//1582 1583//1583
f 1575//1575 1584//1584 1576//1576
f 1575//1575 1583//1583 1584//1584
f 1586//1586 1577//1577 1585//1585
f 1577//1577 1584//1584 1585//1585
f 1577//1577 1576//1576 1584//1584
f 1577//1577 1586//1586 1578//1578
f 1578//1578 1586//1586 1587//1587
f 1578//1578 1587//1587 1579//1579
f 1579//1579 1587//1587 1588//1588
f 1590//1590 1589//1589 1588//1588
f 1589//1589 1579//1579 1588//1588
f 1589//1589 1580//1580 1579//1579
f 1591//1591 1506//1506 1502//1502
f 1580//1580 1591//1591 1502//1502
f 1589//1589 1591//1591 1580//1580
f 1591//1591 1508//1508 1506//1506
f 1509//1509 1592//1592 1581//1581
f 1509//1509 1581//1581 1505//1505
f 1581//1581 1593//1593 1582//1582
f 1581//1581 1592//1592 1593//1593
f 1582//1582 1594//1594 1583//1583
f 1582//1582 1593//1593 1594//1594
f 1596//1596 1584//1584 1595//1595
f 1584//1584 1594//1594 1595//1595
f 1584//1584 1583//1583 1594//1594
f 1584//1584 1596//1596 1585//1585
f 1590//1590 1597//1597 1589//1589
f 1599//1599 1598//1598 1597//1597
f 1598//1598 1589//1589 1597//1597
f 1598//1598 1591//1591 1589//1589
f 1600//1600 1510//1510 1508//1508
f 1591//1591 1600//1600 1508//1508
f 1598//1598 1600//1600 1591//1591
f 1600//1600 1512//1512 1510//1510
f 1513//1513 1601//1601 1592//1592
f 1513//1513 1592//1592 1509//1509
f 1603//1603 1593//1593 1602//1602
f 1593//1593 1601//1601 1602//1602
f 1593//1593 1592//1592 1601//1601
f 1593//1593 1603//1603 1594//1594
f 1594//1594 1603//1603 1604//1604
f 1594//1594 1604//1604 1595//1595
f 1599//1599 1605//1605 1598//1598
f 1607//1607 1606//1606 1605//1605
f 1606//1606 1598//1598 1605//1605
f 1606//1606 1600//1600 1598//1598
f 1606//1606 1515//1515 1512//1512
f 1606//1606 1512//1512 1600//1600
f 1609//1609 1608//1608 1601//1601
f 1513//1513 1609//1609 1601//1601
f 1516//1516 1609//1609 1513//1513
f 1601//1601 1608//1608 1602//1602
f 1606//1606 1607//1607 1610//1610
f 1610//1610 1607//1607 1611//1611
f 1612//1612 1517//1517 1515//1515
f 1606//1606 1612//1612 1515//1515
f 1610//1610 1612//1612 1606//1606
f 1612//1612 1518//1518 1517//1517
f 1519//1519 1609//1609 1516//1516
f 1519//1519 1613//1613 1609//1609
f 1611//1611 1614//1614 1610//1610
f 1616//1616 1615//1615 1614//1614
f 1615//1615 1610//1610 1614//1614
f 1615//1615 1612//1612 1610//1610
f 1615//1615 1521//1521 1518//1518
f 1615//1615 1518//1518 1612//1612
f 1522//1522 1613//1613 1519//1519
f 1522//1522 1617//1617 1613//1613
f 1615//1615 1616//1616 1618//1618
f 1618//1618 1616//1616 1619//1619
f 1618//1618 1524//1524 1521//1521
f 1618//1618 1521//1521 1615//1615
f 1525//1525 1617//1617 1522//1522
f 1525//1525 1620//1620 1617//1617
f 1619//1619 1621//1621 1618//1618
f 1524//1524 1618//1618 1621//1621
f 1622//1622 1524//1524 1621//1621
f 1527//1527 1524//1524 1622//1622
f 1528//1528 1620//1620 1525//1525
f 1528//1528 1623//1623 1620//1620
f 1529//1529 1527//1527 1624//1624
f 1527//1527 1625//1625 1624//1624
f 1527//1527 1622//1622 1625//1625
f 1624//1624 1530//1530 1529//1529
f 1531//1531 1623//1623 1528//1528
f 1531//1531 1626//1626 1623//1623
f 1624//1624 1625//1625 1534//1534
f 1625//1625 1533//1533 1534//1534
f 1625//1625 1627//1627 1533//1533
f 1624//1624 1534//1534 1530//1530
f 1535//1535 1626//1626 1531//1531
f 1535//1535 1628//1628 1626//1626
f 1631//1631 1630//1630 1629//1629
f 1627//1627 1631//1631 1629//1629
f 1537//1537 1627//1627 1629//1629
f 1533//1533 1627//1627 1537//1537
f 1538//1538 1628//1628 1535//1535
f 1538//1538 1632//1632 1628//1628
f 1629//1629 1630//1630 1633//1633
f 1633//1633 1630//1630 1634//1634
f 1633//1633 1539//1539 1537//1537
f 1633//1633 1537//1537 1629//1629
f 1540//1540 1636//1636 1635//1635
f 1632//1632 1540//1540 1635//1635
f 1538//1538 1540//1540 1632//1632
f 1636//1636 1637//1637 1635//1635
f 1640//1640 1639//1639 1638//1638
f 1640//1640 1638//1638 1634//1634
f 1634//1634 1638//1638 1633//1633
f 1638//1638 1542//1542 1633//1633
f 1542//1542 1543//1543 1633//1633
f 1633//1633 1543//1543 1539//1539
f 1544//1544 1641//1641 1636//1636
f 1544//1544 1636//1636 1540//1540
f 1637//1637 1636//1636 1642//1642
f 1636//1636 1643//1643 1642//1642
f 1636//1636 1641//1641 1643//1643
f 1643//1643 1644//1644 1642//1642
f 1647//1647 1646//1646 1645//1645
f 1647//1647 1645//1645 1639//1639
f 1645//1645 1638//1638 1639//1639
f 1645//1645 1648//1648 1638//1638
f 1648//1648 1545//1545 1542//1542
f 1648//1648 1542//1542 1638//1638
f 1546//1546 1641//1641 1544//1544
f 1641//1641 1546//1546 1548//1548
f 1649//1649 1641//1641 1548//1548
f 1643//1643 1641//1641 1649//1649
f 1644//1644 1643//1643 1650//1650
f 1643//1643 1651//1651 1650//1650
f 1643//1643 1649//1649 1651//1651
f 1653//1653 1652//1652 1651//1651
f 1651//1651 1652//1652 1650//1650
f 1653//1653 1654//1654 1652//1652
f 1657//1657 1656//1656 1655//1655
f 1659//1659 1658//1658 1655//1655
f 1655//1655 1658//1658 1657//1657
f 1658//1658 1659//1659 1646//1646
f 1659//1659 1645//1645 1646//1646
f 1659//1659 1660//1660 1645//1645
f 1660//1660 1550//1550 1551//1551
f 1648//1648 1660//1660 1551//1551
f 1645//1645 1660//1660 1648//1648
f 1648//1648 1551//1551 1545//1545
f 1552//1552 1649//1649 1548//1548
f 1649//1649 1552//1552 1554//1554
f 1649//1649 1554//1554 1651//1651
f 1651//1651 1554//1554 1556//1556
f 1661//1661 1651//1651 1556//1556
f 1653//1653 1651//1651 1661//1661
f 1654//1654 1653//1653 1662//1662
f 1653//1653 1663//1663 1662//1662
f 1653//1653 1661//1661 1663//1663
f 1665//1665 1664//1664 1663//1663
f 1663//1663 1664//1664 1662//1662
f 1664//1664 1665//1665 1656//1656
f 1665//1665 1655//1655 1656//1656
f 1665//1665 1666//1666 1655//1655
f 1666//1666 1558//1558 1559//1559
f 1659//1659 1666//1666 1559//1559
f 1655//1655 1666//1666 1659//1659
f 1659//1659 1559//1559 1560//1560
f 1659//1659 1560//1560 1660//1660
f 1660//1660 1560//1560 1550//1550
f 1562//1562 1661//1661 1556//1556
f 1661//1661 1562//1562 1564//1564
f 1661//1661 1564//1564 1663//1663
f 1663//1663 1564//1564 1566//1566
f 1663//1663 1566//1566 1665//1665
f 1665//1665 1566//1566 1568//1568
f 1665//1665 1568//1568 1666//1666
f 1666//1666 1568//1568 1558//1558
f 1585//1585 1667//1667 1586//1586
f 1668//1668 1587//1587 1586//1586
f 1668//1668 1586//1586 1667//1667
f 1669//1669 1588//1588 1587//1587
f 1669//1669 1587//1587 1668//1668
f 1669//1669 1590//1590 1588//1588
f 1595//1595 1670//1670 1596//1596
f 1667//1667 1585//1585 1596//1596
f 1670//1670 1667//1667 1596//1596
f 1671//1671 1667//1667 1670//1670
f 1667//1667 1672//1672 1668//1668
f 1667//1667 1671//1671 1672//1672
f 1668//1668 1673//1673 1669//1669
f 1668//1668 1672//1672 1673//1673
f 1674//1674 1597//1597 1590//1590
f 1669//1669 1674//1674 1590//1590
f 1673//1673 1674//1674 1669//1669
f 1674//1674 1599//1599 1597//1597
f 1602//1602 1675//1675 1603//1603
f 1676//1676 1604//1604 1603//1603
f 1676//1676 1603//1603 1675//1675
f 1670//1670 1595//1595 1604//1604
f 1676//1676 1670//1670 1604//1604
f 1677//1677 1670//1670 1676//1676
f 1679//1679 1671//1671 1678//1678
f 1671//1671 1677//1677 1678//1678
f 1671//1671 1670//1670 1677//1677
f 1671//1671 1679//1679 1672//1672
f 1672//1672 1679//1679 1680//1680
f 1682//1682 1681//1681 1680//1680
f 1681//1681 1672//1672 1680//1680
f 1681//1681 1673//1673 1672//1672
f 1673//1673 1683//1683 1674//1674
f 1673//1673 1681//1681 1683//1683
f 1684//1684 1605//1605 1599//1599
f 1674//1674 1684//1684 1599//1599
f 1683//1683 1684//1684 1674//1674
f 1684//1684 1607//1607 1605//1605
f 1609//1609 1685//1685 1608//1608
f 1675//1675 1602//1602 1608//1608
f 1685//1685 1675//1675 1608//1608
f 1686//1686 1675//1675 1685//1685
f 1675//1675 1687//1687 1676//1676
f 1675//1675 1686//1686 1687//1687
f 1689//1689 1677//1677 1688//1688
f 1677//1677 1687//1687 1688//1688
f 1677//1677 1676//1676 1687//1687
f 1677//1677 1689//1689 1678//1678
f 1682//1682 1690//1690 1681//1681
f 1692//1692 1691//1691 1690//1690
f 1691//1691 1681//1681 1690//1690
f 1691//1691 1683//1683 1681//1681
f 1683//1683 1693//1693 1684//1684
f 1683//1683 1691//1691 1693//1693
f 1693//1693 1611//1611 1607//1607
f 1693//1693 1607//1607 1684//1684
f 1613//1613 1694//1694 1685//1685
f 1613//1613 1685//1685 1609//1609
f 1685//1685 1695//1695 1686//1686
f 1685//1685 1694//1694 1695//1695
f 1697//1697 1687//1687 1696//1696
f 1687//1687 1695//1695 1696//1696
f 1687//1687 1686//1686 1695//1695
f 1687//1687 1697//1697 1688//1688
f 1692//1692 1698//1698 1691//1691
f 1700//1700 1699//1699 1698//1698
f 1699//1699 1691//1691 1698//1698
f 1699//1699 1693//1693 1691//1691
f 1701//1701 1614//1614 1611//1611
f 1693//1693 1701//1701 1611//1611
f 1699//1699 1701//1701 1693//1693
f 1701//1701 1616//1616 1614//1614
f 1617//1617 1702//1702 1694//1694
f 1617//1617 1694//1694 1613//1613
f 1704//1704 1695//1695 1703//1703
f 1695//1695 1702//1702 1703//1703
f 1695//1695 1694//1694 1702//1702
f 1695//1695 1704//1704 1696//1696
f 1700//1700 1705//1705 1699//1699
f 1707//1707 1706//1706 1705//1705
f 1706//1706 1699//1699 1705//1705
f 1706//1706 1701//1701 1699//1699
f 1706//1706 1619//1619 1616//1616
f 1706//1706 1616//1616 1701//1701
f 1709//1709 1708//1708 1702//1702
f 1617//1617 1709//1709 1702//1702
f 1620//1620 1709//1709 1617//1617
f 1702//1702 1708//1708 1703//1703
f 1706//1706 1707//1707 1710//1710
f 1710//1710 1707//1707 1711//1711
f 1712//1712 1621//1621 1619//1619
f 1706//1706 1712//1712 1619//1619
f 1710//1710 1712//1712 1706//1706
f 1712//1712 1622//1622 1621//1621
f 1623//1623 1709//1709 1620//1620
f 1623//1623 1713//1713 1709//1709
f 1710//1710 1711//1711 1714//1714
f 1714//1714 1711//1711 1715//1715
f 1710//1710 1716//1716 1712//1712
f 1710//1710 1714//1714 1716//1716
f 1716//1716 1625//1625 1622//1622
f 1716//1716 1622//1622 1712//1712
f 1626//1626 1713//1713 1623//1623
f 1626//1626 1717//1717 1713//1713
f 1714//1714 1715//1715 1718//1718
f 1718//1718 1715//1715 1719//1719
f 1714//1714 1720//1720 1716//1716
f 1714//1714 1718//1718 1720//1720
f 1720//1720 1627//1627 1625//1625
f 1720//1720 1625//1625 1716//1716
f 1628//1628 1722//1722 1721//1721
f 1717//1717 1628//1628 1721//1721
f 1626//1626 1628//1628 1717//1717
f 1722//1722 1723//1723 1721//1721
f 1718//1718 1719//1719 1724//1724
f 1724//1724 1719//1719 1725//1725
f 1724//1724 1630//1630 1631//1631
f 1720//1720 1724//1724 1631//1631
f 1718//1718 1724//1724 1720//1720
f 1720//1720 1631//1631 1627//1627
f 1632//1632 1726//1726 1722//1722
f 1632//1632 1722//1722 1628//1628
f 1723//1723 1722//1722 1727//1727
f 1722//1722 1728//1728 1727//1727
f 1722//1722 1726//1726 1728//1728
f 1728//1728 1729//1729 1727//1727
f 1732//1732 1731//1731 1730//1730
f 1732//1732 1730//1730 1725//1725
f 1730//1730 1724//1724 1725//1725
f 1730//1730 1733//1733 1724//1724
f 1733//1733 1634//1634 1630//1630
f 1733//1733 1630//1630 1724//1724
f 1635//1635 1726//1726 1632//1632
f 1726//1726 1635//1635 1637//1637
f 1734//1734 1726//1726 1637//1637
f 1728//1728 1726//1726 1734//1734
f 1729//1729 1728//1728 1735//1735
f 1728//1728 1736//1736 1735//1735
f 1728//1728 1734//1734 1736//1736
f 1736//1736 1737//1737 1735//1735
f 1740//1740 1739//1739 1738//1738
f 1740//1740 1738//1738 1731//1731
f 1738//1738 1730//1730 1731//1731
f 1738//1738 1741//1741 1730//1730
f 1741//1741 1639//1639 1640//1640
f 1733//1733 1741//1741 1640//1640
f 1730//1730 1741//1741 1733//1733
f 1733//1733 1640//1640 1634//1634
f 1642//1642 1734//1734 1637//1637
f 1734//1734 1642//1642 1644//1644
f 1742//1742 1734//1734 1644//1644
f 1736//1736 1734//1734 1742//1742
f 1737//1737 1736//1736 1743//1743
f 1736//1736 1744//1744 1743//1743
f 1736//1736 1742//1742 1744//1744
f 1746//1746 1745//1745 1744//1744
f 1744//1744 1745//1745 1743//1743
f 1748//1748 1747//1747 1746//1746
f 1746//1746 1747//1747 1745//1745
f 1750//1750 1749//1749 1748//1748
f 1748//1748 1749//1749 1747//1747
f 1749//1749 1750//1750 1739//1739
f 1750//1750 1738//1738 1739//1739
f 1750//1750 1751//1751 1738//1738
f 1751//1751 1646//1646 1647//1647
f 1741//1741 1751//1751 1647//1647
f 1738//1738 1751//1751 1741//1741
f 1741//1741 1647//1647 1639//1639
f 1650//1650 1742//1742 1644//1644
f 1742//1742 1650//1650 1652//1652
f 1742//1742 1652//1652 1744//1744
f 1744//1744 1652//1652 1654//1654
f 1752//1752 1744//1744 1654//1654
f 1746//1746 1744//1744 1752//1752
f 1746//1746 1753//1753 1748//1748
f 1746//1746 1752//1752 1753//1753
f 1753//1753 1656//1656 1657//1657
f 1750//1750 1753//1753 1657//1657
f 1748//1748 1753//1753 1750//1750
f 1750//1750 1657//1657 1658//1658
f 1750//1750 1658//1658 1751//1751
f 1751//1751 1658//1658 1646//1646
f 1662//1662 1752//1752 1654//1654
f 1752//1752 1662//1662 1664//1664
f 1752//1752 1664//1664 1753//1753
f 1753//1753 1664//1664 1656//1656
f 1678//1678 1754//1754 1679//1679
f 1755//1755 1680//1680 1679//1679
f 1755//1755 1679//1679 1754//1754
f 1755//1755 1682//1682 1680//1680
f 1688//1688 1756//1756 1689//1689
f 1754//1754 1678//1678 1689//1689
f 1756//1756 1754//1754 1689//1689
f 1757//1757 1754//1754 1756//1756
f 1754//1754 1758//1758 1755//1755
f 1754//1754 1757//1757 1758//1758
f 1759//1759 1690//1690 1682//1682
f 1755//1755 1759//1759 1682//1682
f 1758//1758 1759//1759 1755//1755
f 1759//1759 1692//1692 1690//1690
f 1696//1696 1760//1760 1697//1697
f 1756//1756 1688//1688 1697//1697
f 1760//1760 1756//1756 1697//1697
f 1761//1761 1756//1756 1760//1760
f 1756//1756 1762//1762 1757//1757
f 1756//1756 1761//1761 1762//1762
f 1757//1757 1763//1763 1758//1758
f 1757//1757 1762//1762 1763//1763
f 1758//1758 1764//1764 1759//1759
f 1758//1758 1763//1763 1764//1764
f 1765//1765 1698//1698 1692//1692
f 1759//1759 1765//1765 1692//1692
f 1764//1764 1765//1765 1759//1759
f 1765//1765 1700//1700 1698//1698
f 1703//1703 1766//1766 1704//1704
f 1760//1760 1696//1696 1704//1704
f 1766//1766 1760//1760 1704//1704
f 1767//1767 1760//1760 1766//1766
f 1760//1760 1768//1768 1761//1761
f 1760//1760 1767//1767 1768//1768
f 1761//1761 1769//1769 1762//1762
f 1761//1761 1768//1768 1769//1769
f 1762//1762 1770//1770 1763//1763
f 1762//1762 1769//1769 1770//1770
f 1763//1763 1771//1771 1764//1764
f 1763//1763 1770//1770 1771//1771
f 1764//1764 1772//1772 1765//1765
f 1764//1764 1771//1771 1772//1772
f 1773//1773 1705//1705 1700//1700
f 1765//1765 1773//1773 1700//1700
f 1772//1772 1773//1773 1765//1765
f 1773//1773 1707//1707 1705//1705
f 1709//1709 1774//1774 1708//1708
f 1766//1766 1703//1703 1708//1708
f 1774//1774 1766//1766 1708//1708
f 1775//1775 1766//1766 1774//1774
f 1766//1766 1776//1776 1767//1767
f 1766//1766 1775//1775 1776//1776
f 1767//1767 1777//1777 1768//1768
f 1767//1767 1776//1776 1777//1777
f 1768//1768 1778//1778 1769//1769
f 1768//1768 1777//1777 1778//1778
f 1780//1780 1770//1770 1779//1779
f 1770//1770 1778//1778 1779//1779
f 1770//1770 1769//1769 1778//1778
f 1770//1770 1780//1780 1771//1771
f 1771//1771 1780//1780 1781//1781
f 1783//1783 1782//1782 1781//1781
f 1782//1782 1771//1771 1781//1781
f 1782//1782 1772//1772 1771//1771
f 1772//1772 1784//1784 1773//1773
f 1772//1772 1782//1782 1784//1784
f 1784//1784 1711//1711 1707//1707
f 1784//1784 1707//1707 1773//1773
f 1713//1713 1785//1785 1774//1774
f 1713//1713 1774//1774 1709//1709
f 1774//1774 1786//1786 1775//1775
f 1774//1774 1785//1785 1786//1786
f 1775//1775 1787//1787 1776//1776
f 1775//1775 1786//1786 1787//1787
f 1776//1776 1788//1788 1777//1777
f 1776//1776 1787//1787 1788//1788
f 1790//1790 1778//1778 1789//1789
f 1778//1778 1788//1788 1789//1789
f 1778//1778 1777//1777 1788//1788
f 1778//1778 1790//1790 1779//1779
f 1782//1782 1783//1783 1791//1791
f 1791//1791 1783//1783 1792//1792
f 1782//1782 1793//1793 1784//1784
f 1782//1782 1791//1791 1793//1793
f 1793//1793 1715//1715 1711//1711
f 1793//1793 1711//1711 1784//1784
f 1717//1717 1794//1794 1785//1785
f 1717//1717 1785//1785 1713//1713
f 1785//1785 1795//1795 1786//1786
f 1785//1785 1794//1794 1795//1795
f 1786//1786 1796//1796 1787//1787
f 1786//1786 1795//1795 1796//1796
f 1798//1798 1788//1788 1797//1797
f 1788//1788 1796//1796 1797//1797
f 1788//1788 1787//1787 1796//1796
f 1788//1788 1798//1798 1789//1789
f 1791//1791 1792//1792 1799//1799
f 1799//1799 1792//1792 1800//1800
f 1791//1791 1801//1801 1793//1793
f 1791//1791 1799//1799 1801//1801
f 1801//1801 1719//1719 1715//1715
f 1801//1801 1715//1715 1793//1793
f 1721//1721 1794//1794 1717//1717
f 1794//1794 1721//1721 1723//1723
f 1802//1802 1794//1794 1723//1723
f 1795//1795 1794//1794 1802//1802
f 1795//1795 1803//1803 1796//1796
f 1795//1795 1802//1802 1803//1803
f 1797//1797 1796//1796 1804//1804
f 1796//1796 1805//1805 1804//1804
f 1796//1796 1803//1803 1805//1805
f 1805//1805 1806//1806 1804//1804
f 1799//1799 1800//1800 1807//1807
f 1807//1807 1800//1800 1808//1808
f 1799//1799 1809//1809 1801//1801
f 1799//1799 1807//1807 1809//1809
f 1809//1809 1725//1725 1719//1719
f 1809//1809 1719//1719 1801//1801
f 1727//1727 1802//1802 1723//1723
f 1802//1802 1727//1727 1729//1729
f 1810//1810 1802//1802 1729//1729
f 1803//1803 1802//1802 1810//1810
f 1803//1803 1811//1811 1805//1805
f 1803//1803 1810//1810 1811//1811
f 1806//1806 1805//1805 1812//1812
f 1805//1805 1813//1813 1812//1812
f 1805//1805 1811//1811 1813//1813
f 1815//1815 1814//1814 1813//1813
f 1813//1813 1814//1814 1812//1812
f 1817//1817 1816//1816 1815//1815
f 1815//1815 1816//1816 1814//1814
f 1816//1816 1817//1817 1808//1808
f 1817//1817 1807//1807 1808//1808
f 1817//1817 1818//1818 1807//1807
f 1818//1818 1731//1731 1732//1732
f 1809//1809 1818//1818 1732//1732
f 1807//1807 1818//1818 1809//1809
f 1809//1809 1732//1732 1725//1725
f 1735//1735 1810//1810 1729//1729
f 1810//1810 1735//1735 1737//1737
f 1819//1819 1810//1810 1737//1737
f 1811//1811 1810//1810 1819//1819
f 1811//1811 1820//1820 1813//1813
f 1811//1811 1819//1819 1820//1820
f 1813//1813 1821//1821 1815//1815
f 1813//1813 1820//1820 1821//1821
f 1815//1815 1822//1822 1817//1817
f 1815//1815 1821//1821 1822//1822
f 1822//1822 1739//1739 1740//1740
f 1818//1818 1822//1822 1740//1740
f 1817//1817 1822//1822 1818//1818
f 1818//1818 1740//1740 1731//1731
f 1743//1743 1819//1819 1737//1737
f 1819//1819 1743//1743 1745//1745
f 1819//1819 1745//1745 1820//1820
f 1820//1820 1745//1745 1747//1747
f 1820//1820 1747//1747 1821//1821
f 1821//1821 1747//1747 1749//1749
f 1821//1821 1749//1749 1822//1822
f 1822//1822 1749//1749 1739//1739
f 1779//1779 1823//1823 1780//1780
f 1824//1824 1781//1781 1780//1780
f 1824//1824 1780//1780 1823//1823
f 1824//1824 1783//1783 1781//1781
f 1789//1789 1825//1825 1790//1790
f 1823//1823 1779//1779 1790//1790
f 1825//1825 1823//1823 1790//1790
f 1826//1826 1823//1823 1825//1825
f 1823//1823 1827//1827 1824//1824
f 1823//1823 1826//1826 1827//1827
f 1827//1827 1792//1792 1783//1783
f 1827//1827 1783//1783 1824//1824
f 1797//1797 1828//1828 1798//1798
f 1825//1825 1789//1789 1798//1798
f 1828//1828 1825//1825 1798//1798
f 1829//1829 1825//1825 1828//1828
f 1825//1825 1830//1830 1826//1826
f 1825//1825 1829//1829 1830//1830
f 1826//1826 1831//1831 1827//1827
f 1826//1826 1830//1830 1831//1831
f 1831//1831 1800//1800 1792//1792
f 1831//1831 1792//1792 1827//1827
f 1804//1804 1828//1828 1797//1797
f 1828//1828 1804//1804 1806//1806
f 1832//1832 1828//1828 1806//1806
f 1829//1829 1828//1828 1832//1832
f 1829//1829 1833//1833 1830//1830
f 1829//1829 1832//1832 1833//1833
f 1830//1830 1834//1834 1831//1831
f 1830//1830 1833//1833 1834//1834
f 1834//1834 1808//1808 1800//1800
f 1834//1834 1800//1800 1831//1831
f 1812//1812 1832//1832 1806//1806
f 1832//1832 1812//1812 1814//1814
f 1832//1832 1814//1814 1833//1833
f 1833//1833 1814//1814 1816//1816
f 1833//1833 1816//1816 1834//1834
f 1834//1834 1816//1816 1808//1808
