# generated by tools/gen_cave.py
o cave_31
v 48.000 -3.372 16.000
v 48.000 -0.643 16.000
v 48.000 -3.363 16.250
v 48.000 -0.780 16.250
v 48.000 -0.750 16.202
v 48.000 -3.360 16.500
v 48.000 -0.977 16.500
v 48.000 -3.250 16.737
v 48.000 -3.236 16.750
v 48.000 -1.176 16.750
v 48.000 -1.000 16.536
v 48.000 -3.039 17.000
v 48.000 -1.305 17.000
v 48.000 -1.250 16.902
v 48.000 -3.000 17.086
v 48.000 -2.910 17.250
v 48.000 -1.353 17.250
v 48.000 -2.896 17.500
v 48.000 -1.328 17.500
v 48.000 -3.008 17.750
v 48.000 -3.000 17.729
v 48.000 -1.250 17.671
v 48.000 -1.218 17.750
v 48.000 -3.187 18.000
v 48.000 -1.035 18.000
v 48.000 -3.247 18.250
v 48.000 -1.000 18.039
v 48.000 -0.851 18.250
v 48.000 -3.247 18.500
v 48.000 -0.750 18.411
v 48.000 -0.702 18.500
v 48.000 -3.247 18.750
v 48.000 -0.595 18.750
v 48.000 -3.246 19.000
v 48.000 -0.507 19.000
v 48.000 -3.245 19.250
v 48.000 -0.500 19.025
v 48.000 -0.440 19.250
v 48.000 -3.245 19.500
v 48.000 -0.403 19.500
v 48.000 -3.245 19.750
v 48.000 -0.406 19.750
v 48.000 -3.245 20.000
v 48.000 -0.441 20.000
v 48.000 -3.247 20.250
v 48.000 -0.498 20.250
v 48.000 -3.250 20.500
v 48.000 -0.572 20.500
v 48.000 -0.500 20.258
v 48.000 -3.250 20.526
v 48.000 -3.253 20.750
v 48.000 -0.674 20.750
v 48.000 -3.256 21.000
v 48.000 -0.814 21.000
v 48.000 -0.750 20.891
v 48.000 -3.260 21.250
v 48.000 -0.988 21.250
v 48.000 -3.263 21.500
v 48.000 -1.192 21.500
v 48.000 -1.000 21.267
v 48.000 -3.250 21.559
v 48.000 -3.156 21.750
v 48.000 -1.442 21.750
v 48.000 -1.250 21.567
v 48.000 -3.000 21.868
v 48.000 -2.765 22.000
v 48.000 -1.821 22.000
v 48.000 -1.750 21.970
v 48.000 -1.500 21.802
v 48.000 -2.750 22.008
v 48.000 -2.500 22.088
v 48.000 -2.250 22.108
v 48.000 -2.000 22.070
v 48.250 -3.380 16.000
v 48.166 -0.750 16.000
v 48.250 -0.811 16.000
v 48.250 -3.370 16.250
v 48.250 -0.991 16.250
v 48.250 -3.252 16.500
v 48.234 -1.250 16.500
v 48.250 -1.275 16.500
v 48.250 -1.250 16.484
v 48.250 -1.000 16.261
v 48.026 -1.000 16.500
v 48.250 -3.250 16.503
v 48.250 -3.000 16.690
v 48.189 -3.000 16.750
v 48.250 -2.900 16.750
v 48.203 -1.500 16.750
v 48.250 -1.601 16.750
v 48.250 -1.500 16.684
v 48.057 -1.250 16.750
v 48.028 -3.000 17.000
v 48.250 -2.750 16.876
v 48.168 -2.750 17.000
v 48.250 -2.565 17.000
v 48.230 -1.750 17.000
v 48.250 -1.824 17.000
v 48.250 -1.750 16.941
v 48.121 -1.500 17.000
v 48.083 -2.750 17.250
v 48.250 -2.500 17.073
v 48.189 -2.500 17.250
v 48.250 -2.250 17.238
v 48.246 -2.250 17.250
v 48.250 -2.000 17.233
v 48.246 -2.000 17.250
v 48.196 -1.750 17.250
v 48.093 -1.500 17.250
v 48.070 -2.750 17.500
v 48.168 -2.500 17.500
v 48.225 -2.250 17.500
v 48.234 -2.000 17.500
v 48.195 -1.750 17.500
v 48.101 -1.500 17.500
v 48.005 -3.000 17.750
v 48.126 -2.750 17.750
v 48.218 -2.500 17.750
v 48.250 -2.348 17.750
v 48.250 -2.250 17.633
v 48.250 -2.000 17.585
v 48.243 -1.750 17.750
v 48.250 -1.797 17.750
v 48.156 -1.500 17.750
v 48.022 -1.250 17.750
v 48.124 -3.000 18.000
v 48.249 -2.750 18.000
v 48.250 -2.746 18.000
v 48.250 -2.500 17.815
v 48.250 -1.750 17.765
v 48.250 -1.500 17.949
v 48.144 -1.250 18.000
v 48.250 -1.453 18.000
v 48.250 -3.000 18.164
v 48.250 -3.099 18.250
v 48.250 -2.750 18.002
v 48.250 -1.250 18.152
v 48.137 -1.000 18.250
v 48.250 -1.151 18.250
v 48.250 -3.248 18.500
v 48.250 -1.000 18.407
v 48.061 -0.750 18.500
v 48.250 -0.925 18.500
v 48.250 -3.249 18.750
v 48.219 -0.750 18.750
v 48.250 -0.774 18.750
v 48.250 -3.249 19.000
v 48.250 -0.750 18.804
v 48.250 -0.668 19.000
v 48.250 -3.248 19.250
v 48.104 -0.500 19.250
v 48.250 -0.590 19.250
v 48.250 -3.248 19.500
v 48.181 -0.500 19.500
v 48.250 -0.539 19.500
v 48.250 -3.247 19.750
v 48.211 -0.500 19.750
v 48.250 -0.518 19.750
v 48.250 -3.248 20.000
v 48.180 -0.500 20.000
v 48.250 -0.523 20.000
v 48.250 -3.250 20.250
v 48.011 -0.500 20.250
v 48.250 -0.549 20.250
v 48.030 -3.250 20.500
v 48.250 -3.250 20.260
v 48.250 -3.252 20.500
v 48.250 -0.595 20.500
v 48.250 -3.255 20.750
v 48.250 -0.670 20.750
v 48.250 -3.259 21.000
v 48.250 -0.777 21.000
v 48.250 -0.750 20.938
v 48.250 -3.262 21.250
v 48.250 -0.903 21.250
v 48.250 -3.265 21.500
v 48.250 -1.046 21.500
v 48.250 -1.000 21.426
v 48.175 -3.250 21.750
v 48.250 -3.269 21.750
v 48.206 -1.250 21.750
v 48.250 -1.216 21.750
v 48.250 -3.250 21.847
v 48.120 -3.000 22.000
v 48.250 -3.187 22.000
v 48.031 -1.750 22.000
v 48.201 -1.500 22.000
v 48.250 -1.446 22.000
v 48.250 -1.250 21.794
v 48.250 -3.000 22.131
v 48.247 -2.750 22.250
v 48.250 -2.757 22.250
v 48.171 -2.500 22.250
v 48.152 -2.250 22.250
v 48.190 -2.000 22.250
v 48.250 -1.841 22.250
v 48.250 -1.750 22.214
v 48.250 -1.500 22.049
v 48.250 -2.750 22.253
v 48.250 -2.500 22.317
v 48.250 -2.250 22.334
v 48.250 -2.000 22.304
v 48.500 -3.388 16.000
v 48.482 -1.000 16.000
v 48.500 -1.018 16.000
v 48.500 -3.300 16.250
v 48.477 -1.250 16.250
v 48.500 -1.282 16.250
v 48.500 -1.250 16.227
v 48.260 -1.000 16.250
v 48.500 -3.250 16.295
v 48.252 -3.250 16.500
v 48.500 -3.000 16.426
v 48.417 -3.000 16.500
v 48.500 -2.844 16.500
v 48.387 -1.500 16.500
v 48.500 -1.715 16.500
v 48.500 -1.500 16.391
v 48.500 -2.750 16.551
v 48.322 -2.750 16.750
v 48.500 -2.500 16.656
v 48.417 -2.500 16.750
v 48.500 -2.250 16.688
v 48.446 -2.250 16.750
v 48.500 -2.000 16.635
v 48.404 -2.000 16.750
v 48.500 -1.750 16.521
v 48.316 -1.750 16.750
v 48.273 -2.500 17.000
v 48.312 -2.250 17.000
v 48.293 -2.000 17.000
v 48.270 -2.250 17.750
v 48.278 -2.000 17.750
v 48.339 -2.500 18.000
v 48.388 -2.250 18.000
v 48.396 -2.000 18.000
v 48.359 -1.750 18.000
v 48.274 -1.500 18.000
v 48.318 -3.000 18.250
v 48.447 -2.750 18.250
v 48.500 -2.607 18.250
v 48.500 -2.500 18.204
v 48.500 -2.250 18.142
v 48.500 -2.000 18.131
v 48.500 -1.750 18.177
v 48.466 -1.500 18.250
v 48.500 -1.589 18.250
v 48.322 -1.250 18.250
v 48.500 -3.000 18.447
v 48.500 -3.074 18.500
v 48.500 -2.750 18.308
v 48.500 -1.500 18.291
v 48.500 -1.250 18.467
v 48.323 -1.000 18.500
v 48.500 -1.213 18.500
v 48.425 -3.250 18.750
v 48.500 -3.250 18.749
v 48.500 -3.250 18.750
v 48.500 -1.000 18.740
v 48.500 -0.992 18.750
v 48.411 -3.250 19.000
v 48.500 -3.251 19.000
v 48.365 -0.750 19.000
v 48.500 -0.854 19.000
v 48.457 -3.250 19.250
v 48.500 -3.250 19.250
v 48.482 -0.750 19.250
v 48.500 -0.763 19.250
v 48.500 -3.250 19.468
v 48.500 -3.250 19.500
v 48.500 -0.750 19.300
v 48.500 -0.702 19.500
v 48.500 -3.250 19.750
v 48.500 -0.656 19.750
v 48.480 -3.250 20.000
v 48.500 -3.250 19.911
v 48.500 -3.250 20.000
v 48.500 -0.628 20.000
v 48.268 -3.250 20.250
v 48.500 -3.251 20.250
v 48.500 -0.620 20.250
v 48.500 -3.253 20.500
v 48.500 -0.637 20.500
v 48.500 -3.256 20.750
v 48.500 -0.681 20.750
v 48.500 -3.259 21.000
v 48.500 -0.752 21.000
v 48.500 -0.750 20.992
v 48.500 -3.263 21.250
v 48.500 -0.832 21.250
v 48.500 -3.267 21.500
v 48.336 -1.000 21.500
v 48.500 -0.922 21.500
v 48.500 -3.270 21.750
v 48.500 -1.033 21.750
v 48.500 -1.000 21.684
v 48.388 -3.250 22.000
v 48.500 -3.273 22.000
v 48.430 -1.250 22.000
v 48.500 -1.189 22.000
v 48.500 -3.250 22.111
v 48.372 -3.000 22.250
v 48.500 -3.184 22.250
v 48.284 -1.750 22.250
v 48.431 -1.500 22.250
v 48.500 -1.414 22.250
v 48.500 -1.250 22.080
v 48.500 -3.000 22.368
v 48.500 -2.750 22.474
v 48.463 -2.500 22.500
v 48.500 -2.640 22.500
v 48.436 -2.250 22.500
v 48.455 -2.000 22.500
v 48.500 -1.841 22.500
v 48.500 -1.750 22.472
v 48.500 -1.500 22.323
v 48.500 -2.500 22.531
v 48.500 -2.250 22.555
v 48.500 -2.000 22.540
v 48.750 -3.305 16.000
v 48.711 -1.250 16.000
v 48.750 -1.305 16.000
v 48.750 -3.250 16.046
v 48.548 -3.250 16.250
v 48.750 -3.000 16.167
v 48.675 -3.000 16.250
v 48.750 -2.786 16.250
v 48.643 -1.500 16.250
v 48.750 -1.714 16.250
v 48.750 -1.500 16.139
v 48.750 -2.750 16.264
v 48.543 -2.750 16.500
v 48.750 -2.500 16.348
v 48.627 -2.500 16.500
v 48.750 -2.250 16.387
v 48.655 -2.250 16.500
v 48.750 -2.000 16.352
v 48.614 -2.000 16.500
v 48.750 -1.750 16.268
v 48.518 -1.750 16.500
v 48.539 -2.500 18.250
v 48.592 -2.250 18.250
v 48.602 -2.000 18.250
v 48.562 -1.750 18.250
v 48.552 -3.000 18.500
v 48.686 -2.750 18.500
v 48.750 -2.588 18.500
v 48.750 -2.500 18.467
v 48.750 -2.250 18.413
v 48.750 -2.000 18.407
v 48.750 -1.750 18.454
v 48.689 -1.500 18.500
v 48.750 -1.643 18.500
v 48.529 -1.250 18.500
v 48.501 -3.250 18.750
v 48.750 -3.048 18.750
v 48.750 -3.000 18.715
v 48.750 -2.750 18.570
v 48.750 -1.500 18.575
v 48.733 -1.250 18.750
v 48.750 -1.274 18.750
v 48.509 -1.000 18.750
v 48.750 -3.250 18.996
v 48.750 -3.252 19.000
v 48.750 -1.250 18.774
v 48.674 -1.000 19.000
v 48.750 -1.075 19.000
v 48.750 -3.252 19.250
v 48.750 -1.000 19.141
v 48.750 -0.953 19.250
v 48.508 -3.250 19.500
v 48.750 -3.252 19.500
v 48.572 -0.750 19.500
v 48.750 -0.872 19.500
v 48.542 -3.250 19.750
v 48.750 -3.251 19.750
v 48.661 -0.750 19.750
v 48.750 -0.803 19.750
v 48.750 -3.251 20.000
v 48.750 -0.750 19.973
v 48.750 -0.744 20.000
v 48.750 -3.252 20.250
v 48.750 -0.706 20.250
v 48.750 -3.253 20.500
v 48.750 -0.695 20.500
v 48.750 -3.256 20.750
v 48.750 -0.708 20.750
v 48.750 -3.259 21.000
v 48.557 -0.750 21.000
v 48.750 -0.742 21.000
v 48.750 -3.263 21.250
v 48.750 -0.783 21.250
v 48.750 -0.750 21.045
v 48.750 -3.268 21.500
v 48.750 -0.832 21.500
v 48.750 -3.272 21.750
v 48.553 -1.000 21.750
v 48.750 -0.899 21.750
v 48.750 -3.275 22.000
v 48.746 -1.000 22.000
v 48.750 -0.998 22.000
v 48.629 -3.250 22.250
v 48.750 -3.278 22.250
v 48.643 -1.250 22.250
v 48.750 -1.156 22.250
v 48.750 -1.000 22.004
v 48.750 -3.250 22.375
v 48.634 -3.000 22.500
v 48.750 -3.186 22.500
v 48.527 -2.750 22.500
v 48.525 -1.750 22.500
v 48.654 -1.500 22.500
v 48.750 -1.381 22.500
v 48.750 -1.250 22.366
v 48.750 -3.000 22.616
v 48.750 -2.750 22.719
v 48.723 -2.500 22.750
v 48.750 -2.620 22.750
v 48.694 -2.250 22.750
v 48.704 -2.000 22.750
v 48.750 -1.810 22.750
v 48.750 -1.750 22.733
v 48.750 -1.500 22.595
v 48.750 -2.500 22.777
v 48.750 -2.250 22.805
v 48.750 -2.000 22.794
v 48.789 -3.250 16.000
v 48.883 -3.000 16.000
v 48.934 -2.750 16.000
v 48.972 -2.500 16.000
v 49.000 -2.266 16.000
v 48.998 -2.000 16.000
v 49.000 -2.120 16.000
v 48.954 -1.750 16.000
v 48.862 -1.500 16.000
v 48.760 -2.750 16.250
v 48.818 -2.500 16.250
v 49.000 -2.250 16.003
v 48.846 -2.250 16.250
v 48.828 -2.000 16.250
v 48.765 -1.750 16.250
v 48.784 -2.500 18.500
v 48.839 -2.250 18.500
v 48.842 -2.000 18.500
v 48.793 -1.750 18.500
v 48.783 -3.000 18.750
v 48.916 -2.750 18.750
v 49.000 -2.530 18.750
v 49.000 -2.500 18.738
v 49.000 -2.250 18.683
v 49.000 -2.000 18.689
v 48.994 -1.750 18.750
v 49.000 -1.776 18.750
v 48.890 -1.500 18.750
v 48.754 -3.250 19.000
v 48.989 -3.000 19.000
v 49.000 -2.979 19.000
v 49.000 -2.750 18.859
v 49.000 -1.750 18.759
v 49.000 -1.500 18.909
v 48.905 -1.250 19.000
v 49.000 -1.395 19.000
v 49.000 -3.250 19.243
v 49.000 -3.253 19.250
v 49.000 -3.000 19.014
v 49.000 -1.250 19.159
v 48.806 -1.000 19.250
v 49.000 -1.190 19.250
v 49.000 -3.253 19.500
v 48.925 -1.000 19.500
v 49.000 -1.064 19.500
v 49.000 -3.252 19.750
v 49.000 -1.000 19.649
v 49.000 -0.963 19.750
v 49.000 -3.252 20.000
v 48.762 -0.750 20.000
v 49.000 -0.879 20.000
v 49.000 -3.252 20.250
v 48.857 -0.750 20.250
v 49.000 -0.812 20.250
v 49.000 -3.253 20.500
v 48.933 -0.750 20.500
v 49.000 -0.771 20.500
v 49.000 -3.255 20.750
v 48.984 -0.750 20.750
v 49.000 -0.753 20.750
v 49.000 -3.259 21.000
v 49.000 -0.750 20.996
v 49.000 -0.750 21.000
v 49.000 -3.264 21.250
v 49.000 -0.756 21.250
v 49.000 -0.750 21.002
v 49.000 -3.269 21.500
v 49.000 -0.775 21.500
v 49.000 -3.273 21.750
v 49.000 -0.813 21.750
v 49.000 -3.276 22.000
v 49.000 -0.881 22.000
v 49.000 -3.279 22.250
v 48.974 -1.000 22.250
v 49.000 -0.985 22.250
v 48.868 -3.250 22.500
v 49.000 -3.281 22.500
v 48.871 -1.250 22.500
v 49.000 -1.143 22.500
v 49.000 -1.000 22.276
v 49.000 -3.250 22.692
v 48.872 -3.000 22.750
v 49.000 -3.228 22.750
v 48.778 -2.750 22.750
v 48.765 -1.750 22.750
v 48.896 -1.500 22.750
v 49.000 -1.373 22.750
v 49.000 -1.250 22.627
v 49.000 -3.000 22.892
v 49.000 -2.752 23.000
v 48.999 -2.750 23.000
v 48.945 -2.500 23.000
v 48.926 -2.250 23.000
v 48.946 -2.000 23.000
v 49.000 -1.806 23.000
v 49.000 -1.750 22.983
v 49.000 -1.500 22.848
v 49.000 -2.750 23.001
v 49.000 -2.500 23.062
v 49.000 -2.250 23.079
v 49.000 -2.000 23.054
v 49.002 -2.250 16.000
v 49.010 -2.500 18.750
v 49.053 -2.250 18.750
v 49.046 -2.000 18.750
v 49.106 -2.750 19.000
v 49.175 -2.500 19.000
v 49.210 -2.250 19.000
v 49.204 -2.000 19.000
v 49.156 -1.750 19.000
v 49.060 -1.500 19.000
v 49.006 -3.250 19.250
v 49.195 -3.000 19.250
v 49.250 -2.863 19.250
v 49.250 -2.750 19.197
v 49.250 -2.500 19.126
v 49.250 -2.250 19.071
v 49.250 -2.000 19.076
v 49.250 -1.750 19.147
v 49.219 -1.500 19.250
v 49.250 -1.573 19.250
v 49.053 -1.250 19.250
v 49.250 -3.250 19.497
v 49.250 -3.252 19.500
v 49.250 -3.000 19.311
v 49.250 -1.500 19.297
v 49.196 -1.250 19.500
v 49.250 -1.316 19.500
v 49.250 -3.253 19.750
v 49.250 -1.250 19.593
v 49.051 -1.000 19.750
v 49.250 -1.165 19.750
v 49.250 -3.252 20.000
v 49.189 -1.000 20.000
v 49.250 -1.045 20.000
v 49.250 -3.252 20.250
v 49.250 -1.000 20.107
v 49.250 -0.947 20.250
v 49.250 -3.253 20.500
v 49.250 -0.870 20.500
v 49.250 -3.255 20.750
v 49.250 -0.812 20.750
v 49.250 -3.260 21.000
v 49.001 -0.750 21.000
v 49.250 -0.772 21.000
v 49.250 -3.265 21.250
v 49.216 -0.750 21.250
v 49.250 -0.750 21.239
v 49.250 -0.749 21.250
v 49.250 -3.270 21.500
v 49.208 -0.750 21.500
v 49.250 -0.745 21.500
v 49.250 -3.275 21.750
v 49.250 -0.763 21.750
v 49.250 -0.750 21.569
v 49.250 -3.278 22.000
v 49.250 -0.806 22.000
v 49.250 -3.279 22.250
v 49.250 -0.875 22.250
v 49.250 -3.281 22.500
v 49.213 -1.000 22.500
v 49.250 -0.977 22.500
v 49.053 -3.250 22.750
v 49.250 -3.285 22.750
v 49.113 -1.250 22.750
v 49.250 -1.128 22.750
v 49.250 -1.000 22.540
v 49.229 -3.250 23.000
v 49.250 -3.268 23.000
v 49.093 -3.000 23.000
v 49.017 -1.750 23.000
v 49.147 -1.500 23.000
v 49.250 -1.359 23.000
v 49.250 -1.250 22.896
v 49.250 -3.250 23.024
v 49.250 -3.000 23.174
v 49.225 -2.750 23.250
v 49.250 -2.820 23.250
v 49.171 -2.500 23.250
v 49.160 -2.250 23.250
v 49.190 -2.000 23.250
v 49.250 -1.795 23.250
v 49.250 -1.750 23.236
v 49.250 -1.500 23.106
v 49.250 -2.750 23.277
v 49.250 -2.500 23.333
v 49.250 -2.250 23.344
v 49.250 -2.000 23.312
v 49.291 -2.750 19.250
v 49.327 -2.500 19.250
v 49.357 -2.250 19.250
v 49.360 -2.000 19.250
v 49.318 -1.750 19.250
v 49.253 -3.250 19.500
v 49.434 -3.000 19.500
v 49.500 -2.781 19.500
v 49.500 -2.750 19.491
v 49.500 -2.500 19.482
v 49.500 -2.250 19.449
v 49.500 -2.000 19.442
v 49.500 -1.750 19.496
v 49.387 -1.500 19.500
v 49.500 -1.743 19.500
v 49.500 -3.250 19.743
v 49.500 -3.254 19.750
v 49.500 -3.000 19.564
v 49.500 -1.500 19.665
v 49.344 -1.250 19.750
v 49.500 -1.427 19.750
v 49.500 -3.252 20.000
v 49.500 -1.250 20.000
v 49.500 -1.250 20.000
v 49.500 -3.252 20.250
v 49.336 -1.000 20.250
v 49.500 -1.115 20.250
v 49.500 -3.253 20.500
v 49.500 -1.000 20.482
v 49.500 -0.992 20.500
v 49.500 -3.257 20.750
v 49.500 -0.890 20.750
v 49.500 -3.261 21.000
v 49.500 -0.810 21.000
v 49.500 -3.267 21.250
v 49.283 -0.750 21.250
v 49.500 -0.757 21.250
v 49.500 -3.272 21.500
v 49.500 -0.750 21.322
v 49.500 -0.733 21.500
v 49.500 -3.276 21.750
v 49.362 -0.750 21.750
v 49.500 -0.734 21.750
v 49.500 -3.279 22.000
v 49.500 -0.756 22.000
v 49.500 -0.750 21.937
v 49.500 -3.281 22.250
v 49.500 -0.795 22.250
v 49.500 -3.282 22.500
v 49.500 -0.855 22.500
v 49.500 -3.286 22.750
v 49.419 -1.000 22.750
v 49.500 -0.944 22.750
v 49.500 -3.290 23.000
v 49.336 -1.250 23.000
v 49.500 -1.081 23.000
v 49.500 -1.000 22.860
v 49.450 -3.250 23.250
v 49.500 -3.290 23.250
v 49.318 -3.000 23.250
v 49.263 -1.750 23.250
v 49.378 -1.500 23.250
v 49.500 -1.299 23.250
v 49.500 -1.250 23.205
v 49.500 -3.250 23.308
v 49.500 -3.000 23.452
v 49.460 -2.750 23.500
v 49.500 -2.873 23.500
v 49.412 -2.500 23.500
v 49.400 -2.250 23.500
v 49.428 -2.000 23.500
v 49.492 -1.750 23.500
v 49.500 -1.730 23.500
v 49.500 -1.500 23.392
v 49.500 -2.750 23.545
v 49.500 -2.500 23.595
v 49.500 -2.250 23.608
v 49.500 -2.000 23.579
v 49.500 -1.750 23.509
v 49.508 -2.750 19.500
v 49.515 -2.500 19.500
v 49.540 -2.250 19.500
v 49.546 -2.000 19.500
v 49.503 -1.750 19.500
v 49.508 -3.250 19.750
v 49.691 -3.000 19.750
v 49.748 -2.750 19.750
v 49.741 -2.500 19.750
v 49.750 -2.391 19.750
v 49.750 -2.250 19.737
v 49.750 -2.000 19.742
v 49.696 -1.750 19.750
v 49.750 -1.971 19.750
v 49.560 -1.500 19.750
v 49.750 -3.250 19.994
v 49.750 -3.253 20.000
v 49.750 -3.000 19.807
v 49.750 -2.750 19.752
v 49.750 -2.500 19.760
v 49.750 -1.750 19.821
v 49.735 -1.500 20.000
v 49.750 -1.523 20.000
v 49.500 -1.250 20.000
v 49.750 -3.253 20.250
v 49.750 -1.500 20.020
v 49.677 -1.250 20.250
v 49.750 -1.318 20.250
v 49.750 -3.255 20.500
v 49.750 -1.250 20.336
v 49.516 -1.000 20.500
v 49.750 -1.140 20.500
v 49.750 -3.259 20.750
v 49.750 -1.000 20.726
v 49.750 -0.986 20.750
v 49.750 -3.264 21.000
v 49.750 -0.867 21.000
v 49.750 -3.269 21.250
v 49.750 -0.784 21.250
v 49.750 -3.274 21.500
v 49.750 -0.750 21.426
v 49.750 -0.736 21.500
v 49.750 -3.278 21.750
v 49.750 -0.718 21.750
v 49.750 -3.281 22.000
v 49.539 -0.750 22.000
v 49.750 -0.720 22.000
v 49.750 -3.283 22.250
v 49.695 -0.750 22.250
v 49.750 -0.737 22.250
v 49.750 -3.285 22.500
v 49.750 -0.768 22.500
v 49.750 -0.750 22.354
v 49.750 -3.287 22.750
v 49.750 -0.817 22.750
v 49.750 -3.291 23.000
v 49.600 -1.000 23.000
v 49.750 -0.896 23.000
v 49.750 -3.295 23.250
v 49.535 -1.250 23.250
v 49.750 -1.018 23.250
v 49.750 -1.000 23.219
v 49.682 -3.250 23.500
v 49.750 -3.299 23.500
v 49.542 -3.000 23.500
v 49.589 -1.500 23.500
v 49.729 -1.250 23.500
v 49.750 -1.221 23.500
v 49.750 -3.250 23.592
v 49.750 -3.023 23.750
v 49.740 -3.000 23.750
v 49.670 -2.750 23.750
v 49.630 -2.500 23.750
v 49.618 -2.250 23.750
v 49.644 -2.000 23.750
v 49.703 -1.750 23.750
v 49.750 -1.617 23.750
v 49.750 -1.500 23.696
v 49.750 -1.250 23.527
v 49.750 -3.000 23.763
v 49.750 -2.750 23.859
v 49.750 -2.500 23.913
v 49.750 -2.250 23.925
v 49.750 -2.000 23.886
v 49.750 -1.750 23.809
v 49.762 -2.250 19.750
v 49.757 -2.000 19.750
v 49.757 -3.250 20.000
v 49.941 -3.000 20.000
v 49.991 -2.750 20.000
v 49.985 -2.500 20.000
v 49.999 -2.250 20.000
v 49.972 -2.000 20.000
v 49.887 -1.750 20.000
v 50.000 -3.250 20.238
v 50.000 -3.256 20.250
v 50.000 -3.000 20.057
v 50.000 -2.750 20.008
v 50.000 -2.500 20.014
v 50.000 -2.250 20.001
v 50.000 -2.000 20.031
v 50.000 -1.750 20.136
v 49.928 -1.500 20.250
v 50.000 -1.601 20.250
v 50.000 -3.259 20.500
v 50.000 -1.500 20.327
v 49.908 -1.250 20.500
v 50.000 -1.328 20.500
v 50.000 -3.263 20.750
v 50.000 -1.250 20.581
v 49.780 -1.000 20.750
v 50.000 -1.112 20.750
v 50.000 -3.268 21.000
v 50.000 -1.000 20.915
v 50.000 -0.949 21.000
v 50.000 -3.273 21.250
v 50.000 -0.836 21.250
v 50.000 -3.278 21.500
v 49.882 -0.750 21.500
v 50.000 -0.763 21.500
v 50.000 -3.281 21.750
v 50.000 -0.750 21.573
v 50.000 -0.720 21.750
v 50.000 -3.284 22.000
v 50.000 -0.702 22.000
v 50.000 -3.286 22.250
v 50.000 -0.702 22.250
v 50.000 -3.288 22.500
v 49.832 -0.750 22.500
v 50.000 -0.714 22.500
v 50.000 -3.291 22.750
v 49.966 -0.750 22.750
v 50.000 -0.740 22.750
v 50.000 -3.293 23.000
v 50.000 -0.787 23.000
v 50.000 -0.750 22.804
v 50.000 -3.296 23.250
v 49.774 -1.000 23.250
v 50.000 -0.865 23.250
v 50.000 -3.300 23.500
v 49.974 -1.000 23.500
v 50.000 -0.980 23.500
v 49.902 -3.250 23.750
v 50.000 -3.304 23.750
v 49.794 -1.500 23.750
v 49.935 -1.250 23.750
v 50.000 -1.167 23.750
v 50.000 -1.000 23.533
v 50.000 -3.250 23.939
v 49.916 -3.000 24.000
v 50.000 -3.205 24.000
v 49.846 -2.750 24.000
v 49.808 -2.500 24.000
v 49.801 -2.250 24.000
v 49.833 -2.000 24.000
v 49.898 -1.750 24.000
v 49.994 -1.500 24.000
v 50.000 -1.487 24.000
v 50.000 -1.250 23.832
v 50.000 -3.000 24.121
v 50.000 -2.750 24.225
v 50.000 -2.649 24.250
v 49.976 -2.500 24.250
v 49.973 -2.250 24.250
v 50.000 -2.069 24.250
v 50.000 -2.000 24.235
v 50.000 -1.750 24.138
v 50.000 -1.500 24.008
v 50.000 -2.500 24.283
v 50.000 -2.250 24.287
v 50.012 -3.250 20.250
v 50.195 -3.000 20.250
v 50.248 -2.750 20.250
v 50.245 -2.500 20.250
v 50.248 -2.250 20.250
v 50.199 -2.000 20.250
v 50.095 -1.750 20.250
v 50.250 -3.250 20.474
v 50.250 -3.263 20.500
v 50.250 -3.000 20.301
v 50.250 -2.750 20.252
v 50.250 -2.500 20.255
v 50.250 -2.250 20.252
v 50.250 -2.000 20.301
v 50.250 -1.750 20.410
v 50.169 -1.500 20.500
v 50.250 -1.610 20.500
v 50.250 -3.268 20.750
v 50.250 -1.500 20.572
v 50.203 -1.250 20.750
v 50.250 -1.289 20.750
v 50.250 -3.273 21.000
v 50.250 -1.250 20.788
v 50.112 -1.000 21.000
v 50.250 -1.072 21.000
v 50.250 -3.277 21.250
v 50.250 -1.000 21.113
v 50.250 -0.925 21.250
v 50.250 -3.281 21.500
v 50.250 -0.825 21.500
v 50.250 -3.284 21.750
v 50.200 -0.750 21.750
v 50.250 -0.758 21.750
v 50.250 -3.287 22.000
v 50.250 -0.750 21.797
v 50.250 -0.718 22.000
v 50.250 -3.290 22.250
v 50.250 -0.699 22.250
v 50.250 -3.293 22.500
v 50.250 -0.694 22.500
v 50.250 -3.295 22.750
v 50.250 -0.702 22.750
v 50.250 -3.297 23.000
v 50.157 -0.750 23.000
v 50.250 -0.728 23.000
v 50.250 -3.299 23.250
v 50.250 -0.777 23.250
v 50.250 -0.750 23.111
v 50.250 -3.302 23.500
v 50.250 -0.853 23.500
v 50.250 -3.305 23.750
v 50.193 -1.000 23.750
v 50.250 -0.961 23.750
v 50.057 -3.250 24.000
v 50.250 -3.309 24.000
v 50.148 -1.250 24.000
v 50.250 -1.133 24.000
v 50.250 -1.000 23.816
v 50.211 -3.250 24.250
v 50.250 -3.286 24.250
v 50.097 -3.000 24.250
v 50.018 -2.750 24.250
v 50.011 -2.000 24.250
v 50.092 -1.750 24.250
v 50.205 -1.500 24.250
v 50.250 -1.421 24.250
v 50.250 -1.250 24.119
v 50.250 -3.250 24.296
v 50.250 -3.000 24.434
v 50.250 -2.821 24.500
v 50.228 -2.750 24.500
v 50.186 -2.500 24.500
v 50.186 -2.250 24.500
v 50.231 -2.000 24.500
v 50.250 -1.941 24.500
v 50.250 -1.750 24.430
v 50.250 -1.500 24.301
v 50.250 -2.750 24.523
v 50.250 -2.500 24.564
v 50.250 -2.250 24.564
v 50.250 -2.000 24.519
v 50.275 -3.250 20.500
v 50.446 -3.000 20.500
v 50.496 -2.750 20.500
v 50.490 -2.500 20.500
v 50.486 -2.250 20.500
v 50.437 -2.000 20.500
v 50.335 -1.750 20.500
v 50.500 -3.250 20.711
v 50.500 -3.272 20.750
v 50.500 -3.000 20.555
v 50.500 -2.750 20.504
v 50.500 -2.500 20.510
v 50.500 -2.250 20.515
v 50.500 -2.000 20.565
v 50.500 -1.750 20.662
v 50.440 -1.500 20.750
v 50.500 -1.592 20.750
v 50.500 -3.276 21.000
v 50.500 -1.500 20.806
v 50.485 -1.250 21.000
v 50.500 -1.264 21.000
v 50.500 -3.280 21.250
v 50.500 -1.250 21.015
v 50.389 -1.000 21.250
v 50.500 -1.068 21.250
v 50.500 -3.283 21.500
v 50.500 -1.000 21.371
v 50.500 -0.936 21.500
v 50.500 -3.286 21.750
v 50.500 -0.842 21.750
v 50.500 -3.290 22.000
v 50.389 -0.750 22.000
v 50.500 -0.776 22.000
v 50.500 -3.294 22.250
v 50.500 -0.750 22.154
v 50.500 -0.734 22.250
v 50.500 -3.297 22.500
v 50.500 -0.711 22.500
v 50.500 -3.300 22.750
v 50.500 -0.701 22.750
v 50.500 -3.301 23.000
v 50.500 -0.708 23.000
v 50.500 -3.303 23.250
v 50.410 -0.750 23.250
v 50.500 -0.735 23.250
v 50.500 -3.305 23.500
v 50.500 -0.782 23.500
v 50.500 -0.750 23.330
v 50.500 -3.309 23.750
v 50.500 -0.856 23.750
v 50.500 -3.313 24.000
v 50.435 -1.000 24.000
v 50.500 -0.963 24.000
v 50.500 -3.317 24.250
v 50.382 -1.250 24.250
v 50.500 -1.138 24.250
v 50.500 -1.000 24.063
v 50.441 -3.250 24.500
v 50.500 -3.298 24.500
v 50.312 -3.000 24.500
v 50.323 -1.750 24.500
v 50.457 -1.500 24.500
v 50.500 -1.437 24.500
v 50.500 -1.250 24.362
v 50.500 -3.250 24.560
v 50.500 -3.000 24.690
v 50.483 -2.750 24.750
v 50.500 -2.807 24.750
v 50.451 -2.500 24.750
v 50.457 -2.250 24.750
v 50.500 -2.035 24.750
v 50.500 -2.000 24.743
v 50.500 -1.750 24.659
v 50.500 -1.500 24.539
v 50.500 -2.750 24.766
v 50.500 -2.500 24.795
v 50.500 -2.250 24.789
v 50.533 -3.250 20.750
v 50.670 -3.000 20.750
v 50.716 -2.750 20.750
v 50.707 -2.500 20.750
v 50.704 -2.250 20.750
v 50.666 -2.000 20.750
v 50.582 -1.750 20.750
v 50.750 -3.250 20.987
v 50.750 -3.258 21.000
v 50.750 -3.000 20.846
v 50.750 -2.750 20.791
v 50.750 -2.500 20.800
v 50.750 -2.250 20.803
v 50.750 -2.000 20.844
v 50.750 -1.750 20.930
v 50.686 -1.500 21.000
v 50.750 -1.617 21.000
v 50.750 -3.283 21.250
v 50.750 -1.500 21.070
v 50.713 -1.250 21.250
v 50.750 -1.290 21.250
v 50.750 -3.285 21.500
v 50.750 -1.250 21.293
v 50.603 -1.000 21.500
v 50.750 -1.101 21.500
v 50.750 -3.288 21.750
v 50.750 -1.000 21.690
v 50.750 -0.972 21.750
v 50.750 -3.292 22.000
v 50.750 -0.878 22.000
v 50.750 -3.297 22.250
v 50.552 -0.750 22.250
v 50.750 -0.809 22.250
v 50.750 -3.302 22.500
v 50.688 -0.750 22.500
v 50.750 -0.763 22.500
v 50.750 -3.304 22.750
v 50.750 -0.750 22.616
v 50.750 -0.735 22.750
v 50.750 -3.305 23.000
v 50.750 -0.723 23.000
v 50.750 -3.306 23.250
v 50.750 -0.727 23.250
v 50.750 -3.309 23.500
v 50.750 -0.750 23.500
v 50.750 -0.750 23.500
v 50.750 -3.314 23.750
v 50.750 -0.797 23.750
v 50.750 -0.750 23.500
v 50.750 -3.318 24.000
v 50.750 -0.876 24.000
v 50.750 -3.322 24.250
v 50.737 -1.000 24.250
v 50.750 -0.994 24.250
v 50.750 -3.325 24.500
v 50.671 -1.250 24.500
v 50.750 -1.187 24.500
v 50.750 -1.000 24.260
v 50.680 -3.250 24.750
v 50.750 -3.308 24.750
v 50.558 -3.000 24.750
v 50.507 -2.000 24.750
v 50.600 -1.750 24.750
v 50.746 -1.500 24.750
v 50.750 -1.495 24.750
v 50.750 -1.250 24.562
v 50.750 -3.250 24.825
v 50.750 -3.000 24.953
v 50.724 -2.750 25.000
v 50.750 -2.847 25.000
v 50.699 -2.500 25.000
v 50.708 -2.250 25.000
v 50.750 -2.043 25.000
v 50.750 -2.000 24.990
v 50.750 -1.750 24.891
v 50.750 -1.500 24.754
v 50.750 -2.750 25.027
v 50.750 -2.500 25.054
v 50.750 -2.250 25.044
v 50.760 -3.250 21.000
v 50.877 -3.000 21.000
v 50.929 -2.750 21.000
v 50.930 -2.500 21.000
v 50.931 -2.250 21.000
v 50.895 -2.000 21.000
v 50.816 -1.750 21.000
v 50.884 -3.250 21.250
v 51.000 -3.174 21.250
v 51.000 -3.000 21.150
v 51.000 -2.750 21.081
v 51.000 -2.500 21.072
v 51.000 -2.250 21.069
v 51.000 -2.000 21.105
v 51.000 -1.750 21.189
v 50.920 -1.500 21.250
v 51.000 -1.636 21.250
v 51.000 -3.250 21.358
v 51.000 -3.286 21.500
v 51.000 -1.500 21.333
v 50.931 -1.250 21.500
v 51.000 -1.317 21.500
v 51.000 -3.289 21.750
v 51.000 -1.250 21.579
v 50.795 -1.000 21.750
v 51.000 -1.136 21.750
v 51.000 -3.294 22.000
v 50.983 -1.000 22.000
v 51.000 -1.009 22.000
v 51.000 -3.300 22.250
v 51.000 -1.000 22.022
v 51.000 -0.914 22.250
v 51.000 -3.305 22.500
v 51.000 -0.845 22.500
v 51.000 -3.308 22.750
v 50.808 -0.750 22.750
v 51.000 -0.799 22.750
v 51.000 -3.309 23.000
v 50.889 -0.750 23.000
v 51.000 -0.771 23.000
v 51.000 -3.310 23.250
v 50.958 -0.750 23.250
v 51.000 -0.754 23.250
v 51.000 -3.314 23.500
v 50.753 -0.750 23.500
v 51.000 -0.751 23.500
v 51.000 -3.319 23.750
v 51.000 -0.772 23.750
v 51.000 -3.325 24.000
v 51.000 -0.826 24.000
v 51.000 -3.329 24.250
v 51.000 -0.919 24.250
v 51.000 -3.331 24.500
v 51.000 -1.053 24.500
v 51.000 -1.000 24.409
v 51.000 -3.332 24.750
v 50.994 -1.250 24.750
v 51.000 -1.245 24.750
v 50.906 -3.250 25.000
v 51.000 -3.327 25.000
v 50.792 -3.000 25.000
v 50.759 -2.000 25.000
v 50.855 -1.750 25.000
v 51.000 -1.517 25.000
v 51.000 -1.500 24.987
v 51.000 -1.250 24.755
v 51.000 -3.250 25.101
v 51.000 -3.000 25.225
v 50.953 -2.750 25.250
v 51.000 -2.920 25.250
v 50.927 -2.500 25.250
v 50.935 -2.250 25.250
v 50.986 -2.000 25.250
v 51.000 -1.961 25.250
v 51.000 -1.750 25.155
v 51.000 -2.750 25.299
v 51.000 -2.500 25.328
v 51.000 -2.250 25.319
v 51.000 -2.000 25.265
v 51.092 -3.000 21.250
v 51.168 -2.750 21.250
v 51.199 -2.500 21.250
v 51.210 -2.250 21.250
v 51.165 -2.000 21.250
v 51.067 -1.750 21.250
v 51.117 -3.250 21.500
v 51.250 -3.141 21.500
v 51.250 -3.000 21.419
v 51.250 -2.750 21.330
v 51.250 -2.500 21.293
v 51.250 -2.250 21.282
v 51.250 -2.000 21.319
v 51.250 -1.750 21.408
v 51.178 -1.500 21.500
v 51.250 -1.595 21.500
v 51.250 -3.250 21.625
v 51.250 -3.291 21.750
v 51.250 -1.500 21.569
v 51.156 -1.250 21.750
v 51.250 -1.328 21.750
v 51.250 -3.296 22.000
v 51.250 -1.250 21.858
v 51.250 -1.163 22.000
v 51.250 -3.302 22.250
v 51.172 -1.000 22.250
v 51.250 -1.042 22.250
v 51.250 -3.308 22.500
v 51.250 -1.000 22.357
v 51.250 -0.949 22.500
v 51.250 -3.311 22.750
v 51.250 -0.887 22.750
v 51.250 -3.313 23.000
v 51.250 -0.844 23.000
v 51.250 -3.314 23.250
v 51.250 -0.809 23.250
v 51.250 -3.319 23.500
v 51.250 -0.781 23.500
v 51.250 -3.325 23.750
v 51.250 -0.774 23.750
v 51.250 -3.331 24.000
v 51.250 -0.803 24.000
v 51.250 -3.335 24.250
v 51.250 -0.869 24.250
v 51.250 -3.337 24.500
v 51.150 -1.000 24.500
v 51.250 -0.968 24.500
v 51.250 -3.337 24.750
v 51.250 -1.098 24.750
v 51.250 -1.000 24.565
v 51.250 -3.338 25.000
v 51.013 -1.500 25.000
v 51.250 -1.265 25.000
v 51.250 -1.250 24.980
v 51.140 -3.250 25.250
v 51.250 -3.337 25.250
v 51.024 -3.000 25.250
v 51.085 -1.750 25.250
v 51.243 -1.500 25.250
v 51.250 -1.492 25.250
v 51.250 -3.250 25.363
v 51.250 -3.000 25.482
v 51.196 -2.750 25.500
v 51.250 -2.941 25.500
v 51.167 -2.500 25.500
v 51.173 -2.250 25.500
v 51.219 -2.000 25.500
v 51.250 -1.912 25.500
v 51.250 -1.750 25.431
v 51.250 -1.500 25.257
v 51.250 -2.750 25.554
v 51.250 -2.500 25.583
v 51.250 -2.250 25.579
v 51.250 -2.000 25.532
v 51.336 -3.000 21.500
v 51.444 -2.750 21.500
v 51.500 -2.537 21.500
v 51.500 -2.500 21.492
v 51.500 -2.250 21.478
v 51.478 -2.000 21.500
v 51.500 -2.109 21.500
v 51.362 -1.750 21.500
v 51.373 -3.250 21.750
v 51.500 -3.141 21.750
v 51.500 -3.000 21.661
v 51.500 -2.750 21.552
v 51.500 -2.000 21.519
v 51.500 -1.750 21.625
v 51.436 -1.500 21.750
v 51.500 -1.577 21.750
v 51.500 -3.250 21.866
v 51.500 -3.299 22.000
v 51.500 -1.500 21.821
v 51.373 -1.250 22.000
v 51.500 -1.353 22.000
v 51.500 -3.305 22.250
v 51.500 -1.250 22.155
v 51.500 -1.194 22.250
v 51.500 -3.310 22.500
v 51.359 -1.000 22.500
v 51.500 -1.074 22.500
v 51.500 -3.314 22.750
v 51.500 -1.000 22.712
v 51.500 -0.988 22.750
v 51.500 -3.316 23.000
v 51.500 -0.931 23.000
v 51.500 -3.319 23.250
v 51.500 -0.882 23.250
v 51.500 -3.324 23.500
v 51.500 -0.833 23.500
v 51.500 -3.331 23.750
v 51.500 -0.801 23.750
v 51.500 -3.337 24.000
v 51.500 -0.801 24.000
v 51.500 -3.341 24.250
v 51.500 -0.838 24.250
v 51.500 -3.342 24.500
v 51.500 -0.904 24.500
v 51.500 -3.343 24.750
v 51.474 -1.000 24.750
v 51.500 -0.990 24.750
v 51.500 -3.343 25.000
v 51.269 -1.250 25.000
v 51.500 -1.096 25.000
v 51.500 -1.000 24.775
v 51.500 -3.343 25.250
v 51.485 -1.250 25.250
v 51.500 -1.237 25.250
v 51.383 -3.250 25.500
v 51.500 -3.342 25.500
v 51.268 -3.000 25.500
v 51.313 -1.750 25.500
v 51.464 -1.500 25.500
v 51.500 -1.455 25.500
v 51.500 -1.250 25.268
v 51.500 -3.250 25.620
v 51.500 -3.000 25.725
v 51.456 -2.750 25.750
v 51.500 -2.909 25.750
v 51.423 -2.500 25.750
v 51.422 -2.250 25.750
v 51.465 -2.000 25.750
v 51.500 -1.900 25.750
v 51.500 -1.750 25.693
v 51.500 -1.500 25.538
v 51.500 -2.750 25.790
v 51.500 -2.500 25.822
v 51.500 -2.250 25.825
v 51.500 -2.000 25.784
v 51.509 -2.500 21.500
v 51.527 -2.250 21.500
v 51.589 -3.000 21.750
v 51.705 -2.750 21.750
v 51.750 -2.598 21.750
v 51.750 -2.500 21.723
v 51.750 -2.250 21.708
v 51.743 -2.000 21.750
v 51.750 -2.035 21.750
v 51.628 -1.750 21.750
v 51.617 -3.250 22.000
v 51.750 -3.109 22.000
v 51.750 -3.000 21.925
v 51.750 -2.750 21.798
v 51.750 -2.000 21.758
v 51.750 -1.750 21.890
v 51.654 -1.500 22.000
v 51.750 -1.620 22.000
v 51.750 -3.250 22.123
v 51.750 -3.307 22.250
v 51.750 -1.500 22.120
v 51.578 -1.250 22.250
v 51.750 -1.396 22.250
v 51.750 -3.312 22.500
v 51.750 -1.250 22.463
v 51.750 -1.228 22.500
v 51.750 -3.316 22.750
v 51.525 -1.000 22.750
v 51.750 -1.113 22.750
v 51.750 -3.320 23.000
v 51.673 -1.000 23.000
v 51.750 -1.032 23.000
v 51.750 -3.324 23.250
v 51.750 -1.000 23.119
v 51.750 -0.967 23.250
v 51.750 -3.329 23.500
v 51.750 -0.903 23.500
v 51.750 -3.335 23.750
v 51.750 -0.849 23.750
v 51.750 -3.341 24.000
v 51.750 -0.821 24.000
v 51.750 -3.345 24.250
v 51.750 -0.828 24.250
v 51.750 -3.347 24.500
v 51.750 -0.861 24.500
v 51.750 -3.347 24.750
v 51.750 -0.910 24.750
v 51.750 -3.347 25.000
v 51.693 -1.000 25.000
v 51.750 -0.975 25.000
v 51.750 -3.346 25.250
v 51.750 -1.065 25.250
v 51.750 -1.000 25.073
v 51.750 -3.345 25.500
v 51.698 -1.250 25.500
v 51.750 -1.207 25.500
v 51.631 -3.250 25.750
v 51.750 -3.342 25.750
v 51.526 -3.000 25.750
v 51.557 -1.750 25.750
v 51.710 -1.500 25.750
v 51.750 -1.451 25.750
v 51.750 -1.250 25.553
v 51.750 -3.250 25.862
v 51.750 -3.000 25.948
v 51.744 -2.750 26.000
v 51.750 -2.775 26.000
v 51.700 -2.500 26.000
v 51.690 -2.250 26.000
v 51.732 -2.000 26.000
v 51.750 -1.952 26.000
v 51.750 -1.750 25.928
v 51.750 -1.500 25.787
v 51.750 -2.750 26.005
v 51.750 -2.500 26.043
v 51.750 -2.250 26.053
v 51.750 -2.000 26.016
v 51.776 -2.500 21.750
v 51.790 -2.250 21.750
v 51.813 -3.000 22.000
v 51.923 -2.750 22.000
v 51.993 -2.500 22.000
v 52.000 -2.368 22.000
v 52.000 -2.250 21.993
v 51.955 -2.000 22.000
v 52.000 -2.219 22.000
v 51.841 -1.750 22.000
v 51.853 -3.250 22.250
v 52.000 -3.033 22.250
v 52.000 -3.000 22.228
v 52.000 -2.750 22.094
v 52.000 -2.500 22.008
v 52.000 -2.000 22.056
v 52.000 -1.750 22.203
v 51.852 -1.500 22.250
v 52.000 -1.695 22.250
v 52.000 -3.250 22.413
v 52.000 -3.298 22.500
v 52.000 -1.500 22.437
v 51.779 -1.250 22.500
v 52.000 -1.448 22.500
v 52.000 -3.319 22.750
v 51.963 -1.250 22.750
v 52.000 -1.278 22.750
v 52.000 -3.324 23.000
v 52.000 -1.250 22.801
v 52.000 -1.163 23.000
v 52.000 -3.329 23.250
v 51.828 -1.000 23.250
v 52.000 -1.075 23.250
v 52.000 -3.334 23.500
v 52.000 -1.000 23.484
v 52.000 -0.995 23.500
v 52.000 -3.339 23.750
v 52.000 -0.922 23.750
v 52.000 -3.344 24.000
v 52.000 -0.870 24.000
v 52.000 -3.347 24.250
v 52.000 -0.847 24.250
v 52.000 -3.350 24.500
v 52.000 -0.848 24.500
v 52.000 -3.351 24.750
v 52.000 -0.865 24.750
v 52.000 -3.350 25.000
v 52.000 -0.897 25.000
v 52.000 -3.349 25.250
v 51.887 -1.000 25.250
v 52.000 -0.953 25.250
v 52.000 -3.348 25.500
v 52.000 -1.051 25.500
v 52.000 -1.000 25.377
v 52.000 -3.348 25.750
v 51.966 -1.250 25.750
v 52.000 -1.224 25.750
v 51.911 -3.250 26.000
v 52.000 -3.323 26.000
v 51.813 -3.000 26.000
v 51.836 -1.750 26.000
v 52.000 -1.515 26.000
v 52.000 -1.500 25.990
v 52.000 -1.250 25.777
v 52.000 -3.250 26.073
v 52.000 -3.000 26.152
v 52.000 -2.750 26.208
v 52.000 -2.500 26.247
v 51.989 -2.250 26.250
v 52.000 -2.440 26.250
v 52.000 -2.187 26.250
v 52.000 -2.000 26.222
v 52.000 -1.750 26.133
v 52.000 -2.250 26.260
v 52.006 -2.250 22.000
v 52.017 -3.000 22.250
v 52.122 -2.750 22.250
v 52.193 -2.500 22.250
v 52.206 -2.250 22.250
v 52.152 -2.000 22.250
v 52.036 -1.750 22.250
v 52.070 -3.250 22.500
v 52.216 -3.000 22.500
v 52.250 -2.923 22.500
v 52.250 -2.750 22.414
v 52.250 -2.500 22.324
v 52.250 -2.250 22.308
v 52.250 -2.000 22.379
v 52.224 -1.750 22.500
v 52.250 -1.803 22.500
v 52.047 -1.500 22.500
v 52.250 -3.250 22.721
v 52.250 -3.269 22.750
v 52.250 -3.000 22.543
v 52.250 -1.750 22.536
v 52.224 -1.500 22.750
v 52.250 -1.533 22.750
v 52.250 -3.327 23.000
v 52.250 -1.500 22.787
v 52.123 -1.250 23.000
v 52.250 -1.358 23.000
v 52.250 -3.332 23.250
v 52.250 -1.250 23.197
v 52.250 -1.226 23.250
v 52.250 -3.338 23.500
v 52.011 -1.000 23.500
v 52.250 -1.119 23.500
v 52.250 -3.342 23.750
v 52.189 -1.000 23.750
v 52.250 -1.026 23.750
v 52.250 -3.346 24.000
v 52.250 -1.000 23.836
v 52.250 -0.951 24.000
v 52.250 -3.349 24.250
v 52.250 -0.902 24.250
v 52.250 -3.351 24.500
v 52.250 -0.873 24.500
v 52.250 -3.352 24.750
v 52.250 -0.860 24.750
v 52.250 -3.352 25.000
v 52.250 -0.863 25.000
v 52.250 -3.353 25.250
v 52.250 -0.890 25.250
v 52.250 -3.353 25.500
v 52.128 -1.000 25.500
v 52.250 -0.957 25.500
v 52.250 -3.354 25.750
v 52.250 -1.088 25.750
v 52.250 -1.000 25.590
v 52.250 -3.355 26.000
v 52.014 -1.500 26.000
v 52.250 -1.303 26.000
v 52.250 -1.250 25.947
v 52.227 -3.250 26.250
v 52.250 -3.274 26.250
v 52.123 -3.000 26.250
v 52.053 -2.750 26.250
v 52.004 -2.500 26.250
v 52.038 -2.000 26.250
v 52.161 -1.750 26.250
v 52.250 -1.635 26.250
v 52.250 -1.500 26.165
v 52.250 -3.250 26.270
v 52.250 -3.000 26.360
v 52.250 -2.750 26.422
v 52.250 -2.500 26.461
v 52.250 -2.250 26.467
v 52.250 -2.000 26.420
v 52.250 -1.750 26.320
v 52.319 -2.750 22.500
v 52.385 -2.500 22.500
v 52.395 -2.250 22.500
v 52.339 -2.000 22.500
v 52.273 -3.250 22.750
v 52.415 -3.000 22.750
v 52.500 -2.774 22.750
v 52.500 -2.750 22.739
v 52.500 -2.500 22.666
v 52.500 -2.250 22.659
v 52.500 -2.000 22.744
v 52.394 -1.750 22.750
v 52.500 -1.991 22.750
v 52.447 -3.250 23.000
v 52.500 -3.196 23.000
v 52.500 -3.000 22.859
v 52.500 -1.750 22.919
v 52.384 -1.500 23.000
v 52.500 -1.670 23.000
v 52.500 -3.250 23.049
v 52.500 -3.335 23.250
v 52.500 -1.500 23.178
v 52.283 -1.250 23.250
v 52.500 -1.449 23.250
v 52.500 -3.340 23.500
v 52.456 -1.250 23.500
v 52.500 -1.283 23.500
v 52.500 -3.344 23.750
v 52.500 -1.250 23.557
v 52.500 -1.155 23.750
v 52.500 -3.348 24.000
v 52.364 -1.000 24.000
v 52.500 -1.057 24.000
v 52.500 -3.350 24.250
v 52.500 -1.000 24.198
v 52.500 -0.985 24.250
v 52.500 -3.351 24.500
v 52.500 -0.930 24.500
v 52.500 -3.353 24.750
v 52.500 -0.888 24.750
v 52.500 -3.354 25.000
v 52.500 -0.861 25.000
v 52.500 -3.356 25.250
v 52.500 -0.860 25.250
v 52.500 -3.359 25.500
v 52.500 -0.897 25.500
v 52.500 -3.361 25.750
v 52.472 -1.000 25.750
v 52.500 -0.990 25.750
v 52.500 -3.362 26.000
v 52.328 -1.250 26.000
v 52.500 -1.149 26.000
v 52.500 -1.000 25.768
v 52.500 -3.364 26.250
v 52.367 -1.500 26.250
v 52.500 -1.379 26.250
v 52.500 -1.250 26.122
v 52.500 -3.250 26.475
v 52.408 -3.000 26.500
v 52.500 -3.210 26.500
v 52.336 -2.750 26.500
v 52.293 -2.500 26.500
v 52.289 -2.250 26.500
v 52.348 -2.000 26.500
v 52.475 -1.750 26.500
v 52.500 -1.716 26.500
v 52.500 -1.500 26.357
v 52.500 -3.000 26.589
v 52.500 -2.750 26.667
v 52.500 -2.500 26.716
v 52.500 -2.250 26.712
v 52.500 -2.000 26.644
v 52.500 -1.750 26.523
v 52.509 -2.750 22.750
v 52.560 -2.500 22.750
v 52.561 -2.250 22.750
v 52.504 -2.000 22.750
v 52.613 -3.000 23.000
v 52.697 -2.750 23.000
v 52.728 -2.500 23.000
v 52.721 -2.250 23.000
v 52.665 -2.000 23.000
v 52.554 -1.750 23.000
v 52.658 -3.250 23.250
v 52.750 -3.119 23.250
v 52.750 -3.000 23.167
v 52.750 -2.750 23.067
v 52.750 -2.500 23.030
v 52.750 -2.250 23.042
v 52.750 -2.000 23.121
v 52.734 -1.750 23.250
v 52.750 -1.785 23.250
v 52.553 -1.500 23.250
v 52.750 -3.250 23.344
v 52.750 -3.336 23.500
v 52.750 -1.750 23.269
v 52.750 -1.500 23.487
v 52.750 -1.489 23.500
v 52.750 -3.346 23.750
v 52.665 -1.250 23.750
v 52.750 -1.307 23.750
v 52.750 -3.349 24.000
v 52.750 -1.250 23.851
v 52.750 -1.179 24.000
v 52.750 -3.351 24.250
v 52.536 -1.000 24.250
v 52.750 -1.087 24.250
v 52.750 -3.353 24.500
v 52.721 -1.000 24.500
v 52.750 -1.009 24.500
v 52.750 -3.355 24.750
v 52.750 -1.000 24.533
v 52.750 -0.940 24.750
v 52.750 -3.357 25.000
v 52.750 -0.881 25.000
v 52.750 -3.361 25.250
v 52.750 -0.848 25.250
v 52.750 -3.364 25.500
v 52.750 -0.855 25.500
v 52.750 -3.367 25.750
v 52.750 -0.911 25.750
v 52.750 -3.370 26.000
v 52.750 -1.014 26.000
v 52.750 -1.000 25.969
v 52.750 -3.371 26.250
v 52.643 -1.250 26.250
v 52.750 -1.166 26.250
v 52.523 -3.250 26.500
v 52.750 -3.374 26.500
v 52.649 -1.500 26.500
v 52.750 -1.381 26.500
v 52.750 -1.250 26.361
v 52.750 -3.250 26.729
v 52.654 -3.000 26.750
v 52.750 -3.217 26.750
v 52.577 -2.750 26.750
v 52.530 -2.500 26.750
v 52.535 -2.250 26.750
v 52.600 -2.000 26.750
v 52.718 -1.750 26.750
v 52.750 -1.697 26.750
v 52.750 -1.500 26.610
v 52.750 -3.000 26.857
v 52.750 -2.750 26.955
v 52.750 -2.589 27.000
v 52.730 -2.500 27.000
v 52.736 -2.250 27.000
v 52.750 -2.197 27.000
v 52.750 -2.000 26.931
v 52.750 -1.750 26.788
v 52.750 -2.500 27.027
v 52.750 -2.250 27.019
v 52.825 -3.000 23.250
v 52.910 -2.750 23.250
v 52.933 -2.500 23.250
v 52.926 -2.250 23.250
v 52.864 -2.000 23.250
v 52.897 -3.250 23.500
v 53.000 -3.092 23.500
v 53.000 -3.000 23.440
v 53.000 -2.750 23.348
v 53.000 -2.500 23.321
v 53.000 -2.250 23.326
v 53.000 -2.000 23.383
v 52.993 -1.750 23.500
v 53.000 -1.763 23.500
v 52.764 -1.500 23.500
v 53.000 -3.250 23.614
v 53.000 -3.328 23.750
v 53.000 -1.750 23.507
v 53.000 -1.500 23.730
v 53.000 -1.484 23.750
v 53.000 -3.350 24.000
v 52.881 -1.250 24.000
v 53.000 -1.326 24.000
v 53.000 -3.353 24.250
v 53.000 -1.250 24.153
v 53.000 -1.208 24.250
v 53.000 -3.356 24.500
v 53.000 -1.106 24.500
v 53.000 -3.359 24.750
v 52.990 -1.000 24.750
v 53.000 -1.003 24.750
v 53.000 -3.362 25.000
v 53.000 -1.000 24.757
v 53.000 -0.912 25.000
v 53.000 -3.366 25.250
v 53.000 -0.848 25.250
v 53.000 -3.369 25.500
v 53.000 -0.825 25.500
v 53.000 -3.373 25.750
v 53.000 -0.845 25.750
v 53.000 -3.376 26.000
v 52.778 -1.000 26.000
v 53.000 -0.898 26.000
v 53.000 -3.379 26.250
v 52.970 -1.000 26.250
v 53.000 -0.981 26.250
v 53.000 -3.382 26.500
v 52.859 -1.250 26.500
v 53.000 -1.110 26.500
v 53.000 -1.000 26.294
v 52.770 -3.250 26.750
v 53.000 -3.386 26.750
v 52.864 -1.500 26.750
v 53.000 -1.307 26.750
v 53.000 -1.250 26.690
v 52.986 -3.250 27.000
v 53.000 -3.271 27.000
v 52.873 -3.000 27.000
v 52.787 -2.750 27.000
v 52.804 -2.000 27.000
v 52.914 -1.750 27.000
v 53.000 -1.589 27.000
v 53.000 -1.500 26.933
v 53.000 -3.250 27.018
v 53.000 -3.000 27.168
v 53.000 -2.825 27.250
v 52.975 -2.750 27.250
v 52.916 -2.500 27.250
v 52.917 -2.250 27.250
v 52.974 -2.000 27.250
v 53.000 -1.932 27.250
v 53.000 -1.750 27.134
v 53.000 -2.750 27.291
v 53.000 -2.500 27.384
v 53.000 -2.250 27.391
v 53.000 -2.000 27.299
v 53.060 -3.000 23.500
v 53.154 -2.750 23.500
v 53.191 -2.500 23.500
v 53.195 -2.250 23.500
v 53.138 -2.000 23.500
v 53.126 -3.250 23.750
v 53.250 -3.060 23.750
v 53.250 -3.000 23.708
v 53.250 -2.750 23.602
v 53.250 -2.500 23.559
v 53.250 -2.250 23.553
v 53.250 -2.000 23.605
v 53.250 -1.750 23.742
v 53.021 -1.500 23.750
v 53.250 -1.741 23.750
v 53.250 -3.250 23.900
v 53.250 -3.308 24.000
v 53.236 -1.500 24.000
v 53.250 -1.515 24.000
v 53.250 -3.356 24.250
v 53.250 -1.500 24.019
v 53.078 -1.250 24.250
v 53.250 -1.365 24.250
v 53.250 -3.360 24.500
v 53.250 -1.250 24.444
v 53.250 -1.221 24.500
v 53.250 -3.365 24.750
v 53.250 -1.083 24.750
v 53.250 -3.368 25.000
v 53.250 -1.000 24.903
v 53.250 -0.954 25.000
v 53.250 -3.371 25.250
v 53.250 -0.861 25.250
v 53.250 -3.374 25.500
v 53.250 -0.810 25.500
v 53.250 -3.378 25.750
v 53.250 -0.798 25.750
v 53.250 -3.382 26.000
v 53.250 -0.813 26.000
v 53.250 -3.387 26.250
v 53.250 -0.852 26.250
v 53.250 -3.390 26.500
v 53.132 -1.000 26.500
v 53.250 -0.921 26.500
v 53.250 -3.393 26.750
v 53.043 -1.250 26.750
v 53.250 -1.041 26.750
v 53.250 -1.000 26.676
v 53.250 -3.395 27.000
v 53.049 -1.500 27.000
v 53.222 -1.250 27.000
v 53.250 -1.219 27.000
v 53.167 -3.250 27.250
v 53.250 -3.347 27.250
v 53.059 -3.000 27.250
v 53.069 -1.750 27.250
v 53.197 -1.500 27.250
v 53.250 -1.419 27.250
v 53.250 -1.250 27.046
v 53.250 -3.250 27.394
v 53.250 -3.111 27.500
v 53.205 -3.000 27.500
v 53.125 -2.750 27.500
v 53.069 -2.500 27.500
v 53.061 -2.250 27.500
v 53.101 -2.000 27.500
v 53.183 -1.750 27.500
v 53.250 -1.613 27.500
v 53.250 -1.500 27.367
v 53.250 -3.000 27.594
v 53.250 -2.760 27.750
v 53.247 -2.750 27.750
v 53.191 -2.500 27.750
v 53.175 -2.250 27.750
v 53.203 -2.000 27.750
v 53.250 -1.838 27.750
v 53.250 -1.750 27.678
v 53.250 -2.750 27.757
v 53.250 -2.500 27.905
v 53.250 -2.250 27.953
v 53.250 -2.000 27.881
v 53.292 -3.000 23.750
v 53.404 -2.750 23.750
v 53.459 -2.500 23.750
v 53.466 -2.250 23.750
v 53.406 -2.000 23.750
v 53.259 -1.750 23.750
v 53.340 -3.250 24.000
v 53.500 -3.035 24.000
v 53.500 -3.000 23.973
v 53.500 -2.750 23.849
v 53.500 -2.500 23.792
v 53.500 -2.250 23.786
v 53.500 -2.000 23.853
v 53.481 -1.750 24.000
v 53.500 -1.781 24.000
v 53.500 -3.250 24.170
v 53.500 -3.303 24.250
v 53.500 -1.750 24.022
v 53.450 -1.500 24.250
v 53.500 -1.545 24.250
v 53.500 -3.366 24.500
v 53.500 -1.500 24.298
v 53.314 -1.250 24.500
v 53.500 -1.351 24.500
v 53.500 -3.371 24.750
v 53.500 -1.250 24.628
v 53.500 -1.168 24.750
v 53.500 -3.374 25.000
v 53.468 -1.000 25.000
v 53.500 -1.008 25.000
v 53.500 -3.377 25.250
v 53.500 -1.000 25.015
v 53.500 -0.894 25.250
v 53.500 -3.379 25.500
v 53.500 -0.820 25.500
v 53.500 -3.383 25.750
v 53.500 -0.781 25.750
v 53.500 -3.387 26.000
v 53.500 -0.767 26.000
v 53.500 -3.392 26.250
v 53.500 -0.773 26.250
v 53.500 -3.396 26.500
v 53.500 -0.807 26.500
v 53.500 -3.399 26.750
v 53.304 -1.000 26.750
v 53.500 -0.880 26.750
v 53.500 -3.402 27.000
v 53.488 -1.000 27.000
v 53.500 -0.991 27.000
v 53.500 -3.403 27.250
v 53.377 -1.250 27.250
v 53.500 -1.127 27.250
v 53.500 -1.000 27.019
v 53.309 -3.250 27.500
v 53.500 -3.405 27.500
v 53.309 -1.500 27.500
v 53.497 -1.250 27.500
v 53.500 -1.247 27.500
v 53.411 -3.250 27.750
v 53.500 -3.365 27.750
v 53.318 -3.000 27.750
v 53.276 -1.750 27.750
v 53.402 -1.500 27.750
v 53.500 -1.368 27.750
v 53.500 -1.250 27.507
v 53.492 -3.250 28.000
v 53.500 -3.265 28.000
v 53.401 -3.000 28.000
v 53.334 -2.750 28.000
v 53.284 -2.500 28.000
v 53.267 -2.250 28.000
v 53.291 -2.000 28.000
v 53.363 -1.750 28.000
v 53.492 -1.500 28.000
v 53.500 -1.489 28.000
v 53.500 -3.250 28.034
v 53.500 -3.107 28.250
v 53.464 -3.000 28.250
v 53.402 -2.750 28.250
v 53.359 -2.500 28.250
v 53.347 -2.250 28.250
v 53.374 -2.000 28.250
v 53.448 -1.750 28.250
v 53.500 -1.644 28.250
v 53.500 -1.500 28.024
v 53.500 -3.000 28.413
v 53.500 -2.915 28.500
v 53.464 -2.750 28.500
v 53.431 -2.500 28.500
v 53.426 -2.250 28.500
v 53.459 -2.000 28.500
v 53.500 -1.863 28.500
v 53.500 -1.750 28.399
v 53.500 -2.750 28.623
v 53.500 -2.500 28.706
v 53.500 -2.250 28.701
v 53.500 -2.000 28.607
v 53.531 -3.000 24.000
v 53.678 -2.750 24.000
v 53.746 -2.500 24.000
v 53.741 -2.250 24.000
v 53.660 -2.000 24.000
v 53.597 -3.250 24.250
v 53.750 -3.108 24.250
v 53.750 -3.000 24.168
v 53.750 -2.750 24.053
v 53.750 -2.500 24.003
v 53.750 -2.250 24.007
v 53.750 -2.000 24.072
v 53.750 -1.750 24.224
v 53.750 -1.723 24.250
v 53.750 -3.250 24.354
v 53.750 -3.348 24.500
v 53.750 -1.500 24.451
v 53.750 -1.459 24.500
v 53.750 -3.376 24.750
v 53.750 -1.250 24.745
v 53.750 -1.246 24.750
v 53.750 -3.380 25.000
v 53.750 -1.080 25.000
v 53.750 -3.382 25.250
v 53.750 -1.000 25.150
v 53.750 -0.953 25.250
v 53.750 -3.384 25.500
v 53.750 -0.863 25.500
v 53.750 -3.387 25.750
v 53.750 -0.800 25.750
v 53.750 -3.391 26.000
v 53.750 -0.759 26.000
v 53.750 -3.395 26.250
v 53.750 -0.750 26.108
v 53.667 -0.750 26.250
v 53.750 -0.739 26.250
v 53.750 -3.399 26.500
v 53.723 -0.750 26.500
v 53.750 -0.744 26.500
v 53.750 -3.402 26.750
v 53.750 -0.777 26.750
v 53.750 -0.750 26.551
v 53.750 -3.406 27.000
v 53.750 -0.840 27.000
v 53.750 -3.409 27.250
v 53.644 -1.000 27.250
v 53.750 -0.923 27.250
v 53.750 -3.411 27.500
v 53.750 -1.008 27.500
v 53.750 -1.000 27.478
v 53.750 -3.414 27.750
v 53.594 -1.250 27.750
v 53.750 -1.093 27.750
v 53.750 -3.418 28.000
v 53.678 -1.250 28.000
v 53.750 -1.173 28.000
v 53.554 -3.250 28.250
v 53.750 -3.423 28.250
v 53.574 -1.500 28.250
v 53.750 -1.256 28.250
v 53.750 -1.250 28.234
v 53.607 -3.250 28.500
v 53.750 -3.410 28.500
v 53.519 -3.000 28.500
v 53.535 -1.750 28.500
v 53.661 -1.500 28.500
v 53.750 -1.371 28.500
v 53.675 -3.250 28.750
v 53.750 -3.374 28.750
v 53.587 -3.000 28.750
v 53.539 -2.750 28.750
v 53.516 -2.500 28.750
v 53.518 -2.250 28.750
v 53.556 -2.000 28.750
v 53.634 -1.750 28.750
v 53.750 -1.521 28.750
v 53.750 -1.500 28.723
v 53.750 -3.250 29.000
v 53.750 -3.250 29.000
v 53.666 -3.000 29.000
v 53.627 -2.750 29.000
v 53.613 -2.500 29.000
v 53.620 -2.250 29.000
v 53.661 -2.000 29.000
v 53.743 -1.750 29.000
v 53.750 -1.736 29.000
v 53.737 -3.000 29.250
v 53.750 -3.041 29.250
v 53.706 -2.750 29.250
v 53.697 -2.500 29.250
v 53.708 -2.250 29.250
v 53.750 -2.018 29.250
v 53.750 -2.000 29.241
v 53.750 -1.750 29.018
v 53.750 -3.000 29.319
v 53.750 -2.750 29.480
v 53.750 -2.633 29.500
v 53.746 -2.500 29.500
v 53.750 -2.425 29.500
v 53.750 -2.250 29.453
v 53.750 -2.500 29.600
v 53.894 -3.000 24.250
v 54.000 -2.884 24.250
v 54.000 -2.750 24.187
v 54.000 -2.500 24.135
v 54.000 -2.250 24.143
v 54.000 -2.000 24.206
v 53.800 -1.750 24.250
v 54.000 -1.918 24.250
v 54.000 -3.250 24.488
v 54.000 -3.263 24.500
v 54.000 -3.000 24.302
v 54.000 -1.750 24.336
v 53.867 -1.500 24.500
v 54.000 -1.557 24.500
v 54.000 -3.381 24.750
v 54.000 -1.500 24.551
v 53.763 -1.250 24.750
v 54.000 -1.328 24.750
v 54.000 -3.384 25.000
v 54.000 -1.250 24.856
v 54.000 -1.159 25.000
v 54.000 -3.387 25.250
v 53.904 -1.000 25.250
v 54.000 -1.032 25.250
v 54.000 -3.390 25.500
v 54.000 -1.000 25.325
v 54.000 -0.933 25.500
v 54.000 -3.392 25.750
v 54.000 -0.847 25.750
v 54.000 -3.395 26.000
v 54.000 -0.779 26.000
v 54.000 -3.398 26.250
v 54.000 -0.750 26.157
v 54.000 -0.734 26.250
v 54.000 -3.401 26.500
v 54.000 -0.714 26.500
v 54.000 -3.405 26.750
v 53.859 -0.750 26.750
v 54.000 -0.718 26.750
v 54.000 -3.409 27.000
v 53.978 -0.750 27.000
v 54.000 -0.742 27.000
v 54.000 -3.414 27.250
v 54.000 -0.787 27.250
v 54.000 -0.750 27.047
v 54.000 -3.418 27.500
v 53.761 -1.000 27.500
v 54.000 -0.843 27.500
v 54.000 -3.421 27.750
v 53.862 -1.000 27.750
v 54.000 -0.901 27.750
v 54.000 -3.424 28.000
v 53.941 -1.000 28.000
v 54.000 -0.954 28.000
v 54.000 -3.426 28.250
v 53.755 -1.250 28.250
v 54.000 -1.008 28.250
v 54.000 -1.000 28.218
v 54.000 -3.429 28.500
v 53.841 -1.250 28.500
v 54.000 -1.082 28.500
v 54.000 -3.432 28.750
v 53.761 -1.500 28.750
v 53.944 -1.250 28.750
v 54.000 -1.188 28.750
v 53.750 -3.250 29.000
v 54.000 -3.437 29.000
v 53.872 -1.500 29.000
v 54.000 -1.324 29.000
v 54.000 -1.250 28.873
v 53.816 -3.250 29.250
v 54.000 -3.435 29.250
v 53.753 -2.000 29.250
v 53.835 -1.750 29.250
v 53.971 -1.500 29.250
v 54.000 -1.460 29.250
v 53.859 -3.250 29.500
v 54.000 -3.426 29.500
v 53.782 -3.000 29.500
v 53.754 -2.750 29.500
v 53.759 -2.250 29.500
v 53.806 -2.000 29.500
v 53.896 -1.750 29.500
v 54.000 -1.566 29.500
v 54.000 -1.500 29.356
v 53.880 -3.250 29.750
v 54.000 -3.420 29.750
v 53.801 -3.000 29.750
v 53.768 -2.750 29.750
v 53.756 -2.500 29.750
v 53.771 -2.250 29.750
v 53.825 -2.000 29.750
v 53.927 -1.750 29.750
v 54.000 -1.626 29.750
v 53.894 -3.250 30.000
v 54.000 -3.416 30.000
v 53.810 -3.000 30.000
v 53.769 -2.750 30.000
v 53.753 -2.500 30.000
v 53.770 -2.250 30.000
v 53.832 -2.000 30.000
v 53.947 -1.750 30.000
v 54.000 -1.665 30.000
v 53.917 -3.250 30.250
v 54.000 -3.385 30.250
v 53.824 -3.000 30.250
v 53.775 -2.750 30.250
v 53.756 -2.500 30.250
v 53.777 -2.250 30.250
v 53.849 -2.000 30.250
v 53.980 -1.750 30.250
v 54.000 -1.720 30.250
v 53.962 -3.250 30.500
v 54.000 -3.308 30.500
v 53.857 -3.000 30.500
v 53.804 -2.750 30.500
v 53.786 -2.500 30.500
v 53.813 -2.250 30.500
v 53.895 -2.000 30.500
v 54.000 -1.817 30.500
v 54.000 -1.750 30.338
v 54.000 -3.250 30.655
v 54.000 -3.191 30.750
v 53.920 -3.000 30.750
v 53.874 -2.750 30.750
v 53.861 -2.500 30.750
v 53.891 -2.250 30.750
v 53.976 -2.000 30.750
v 54.000 -1.957 30.750
v 53.997 -3.000 31.000
v 54.000 -3.008 31.000
v 53.971 -2.750 31.000
v 53.965 -2.500 31.000
v 53.992 -2.250 31.000
v 54.000 -2.223 31.000
v 54.000 -2.000 30.815
v 54.000 -3.000 31.010
v 54.000 -2.750 31.089
v 54.000 -2.500 31.098
v 54.000 -2.250 31.023
v 54.154 -2.750 24.250
v 54.250 -2.595 24.250
v 54.250 -2.500 24.225
v 54.250 -2.250 24.237
v 54.109 -2.000 24.250
v 54.250 -2.203 24.250
v 54.023 -3.250 24.500
v 54.250 -3.103 24.500
v 54.250 -3.000 24.419
v 54.250 -2.750 24.287
v 54.250 -2.000 24.302
v 54.250 -1.750 24.439
v 54.250 -1.679 24.500
v 54.250 -3.250 24.628
v 54.250 -3.342 24.750
v 54.250 -1.500 24.665
v 54.250 -1.427 24.750
v 54.250 -3.390 25.000
v 54.250 -1.250 24.998
v 54.250 -1.249 25.000
v 54.250 -3.393 25.250
v 54.250 -1.123 25.250
v 54.250 -3.396 25.500
v 54.216 -1.000 25.500
v 54.250 -1.012 25.500
v 54.250 -3.397 25.750
v 54.250 -1.000 25.526
v 54.250 -0.908 25.750
v 54.250 -3.399 26.000
v 54.250 -0.817 26.000
v 54.250 -3.400 26.250
v 54.246 -0.750 26.250
v 54.250 -0.750 26.250
v 54.250 -3.403 26.500
v 54.250 -0.750 26.252
v 54.250 -0.712 26.500
v 54.250 -3.407 26.750
v 54.250 -0.697 26.750
v 54.250 -3.412 27.000
v 54.250 -0.702 27.000
v 54.250 -3.418 27.250
v 54.137 -0.750 27.250
v 54.250 -0.723 27.250
v 54.250 -3.423 27.500
v 54.250 -0.753 27.500
v 54.250 -0.750 27.473
v 54.250 -3.428 27.750
v 54.250 -0.789 27.750
v 54.250 -3.430 28.000
v 54.250 -0.821 28.000
v 54.250 -3.431 28.250
v 54.011 -1.000 28.250
v 54.250 -0.853 28.250
v 54.250 -3.432 28.500
v 54.101 -1.000 28.500
v 54.250 -0.897 28.500
v 54.250 -3.435 28.750
v 54.205 -1.000 28.750
v 54.250 -0.965 28.750
v 54.250 -3.439 29.000
v 54.060 -1.250 29.000
v 54.250 -1.060 29.000
v 54.250 -1.000 28.848
v 54.250 -3.443 29.250
v 54.160 -1.250 29.250
v 54.250 -1.155 29.250
v 54.250 -3.447 29.500
v 54.038 -1.500 29.500
v 54.230 -1.250 29.500
v 54.250 -1.228 29.500
v 54.250 -3.448 29.750
v 54.077 -1.500 29.750
v 54.250 -1.280 29.750
v 54.250 -1.250 29.613
v 54.250 -3.450 30.000
v 54.111 -1.500 30.000
v 54.250 -1.330 30.000
v 54.250 -3.455 30.250
v 54.163 -1.500 30.250
v 54.250 -1.401 30.250
v 54.250 -3.461 30.500
v 54.041 -1.750 30.500
v 54.243 -1.500 30.500
v 54.250 -1.492 30.500
v 54.024 -3.250 30.750
v 54.250 -3.462 30.750
v 54.120 -1.750 30.750
v 54.250 -1.587 30.750
v 54.250 -1.500 30.522
v 54.086 -3.250 31.000
v 54.250 -3.463 31.000
v 54.064 -2.000 31.000
v 54.189 -1.750 31.000
v 54.250 -1.665 31.000
v 54.126 -3.250 31.250
v 54.250 -3.465 31.250
v 54.054 -3.000 31.250
v 54.044 -2.750 31.250
v 54.045 -2.500 31.250
v 54.065 -2.250 31.250
v 54.119 -2.000 31.250
v 54.221 -1.750 31.250
v 54.250 -1.703 31.250
v 54.143 -3.250 31.500
v 54.250 -3.459 31.500
v 54.083 -3.000 31.500
v 54.080 -2.750 31.500
v 54.081 -2.500 31.500
v 54.096 -2.250 31.500
v 54.139 -2.000 31.500
v 54.223 -1.750 31.500
v 54.250 -1.698 31.500
v 54.169 -3.250 31.750
v 54.250 -3.410 31.750
v 54.108 -3.000 31.750
v 54.103 -2.750 31.750
v 54.103 -2.500 31.750
v 54.118 -2.250 31.750
v 54.160 -2.000 31.750
v 54.243 -1.750 31.750
v 54.250 -1.737 31.750
v 54.228 -3.250 32.000
v 54.250 -3.292 32.000
v 54.158 -3.000 32.000
v 54.146 -2.750 32.000
v 54.143 -2.500 32.000
v 54.160 -2.250 32.000
v 54.209 -2.000 32.000
v 54.250 -1.886 32.000
v 54.250 -1.750 31.782
v 54.325 -2.500 24.250
v 54.286 -2.250 24.250
v 54.385 -3.000 24.500
v 54.500 -2.888 24.500
v 54.500 -2.750 24.403
v 54.500 -2.500 24.312
v 54.500 -2.250 24.333
v 54.500 -2.000 24.429
v 54.351 -1.750 24.500
v 54.500 -1.897 24.500
v 54.402 -3.250 24.750
v 54.500 -3.167 24.750
v 54.500 -3.000 24.583
v 54.500 -1.750 24.602
v 54.373 -1.500 24.750
v 54.500 -1.598 24.750
v 54.500 -3.250 24.843
v 54.500 -3.351 25.000
v 54.500 -1.500 24.853
v 54.252 -1.250 25.000
v 54.500 -1.387 25.000
v 54.500 -3.398 25.250
v 54.500 -1.250 25.202
v 54.500 -1.222 25.250
v 54.500 -3.401 25.500
v 54.500 -1.091 25.500
v 54.500 -3.402 25.750
v 54.500 -1.000 25.687
v 54.500 -0.972 25.750
v 54.500 -3.403 26.000
v 54.500 -0.870 26.000
v 54.500 -3.404 26.250
v 54.500 -0.793 26.250
v 54.500 -3.406 26.500
v 54.500 -0.750 26.472
v 54.500 -0.745 26.500
v 54.500 -3.411 26.750
v 54.500 -0.724 26.750
v 54.500 -3.416 27.000
v 54.500 -0.720 27.000
v 54.500 -3.421 27.250
v 54.500 -0.726 27.250
v 54.500 -3.427 27.500
v 54.305 -0.750 27.500
v 54.500 -0.738 27.500
v 54.500 -3.432 27.750
v 54.500 -0.751 27.750
v 54.500 -0.750 27.724
v 54.500 -3.434 28.000
v 54.500 -0.762 28.000
v 54.500 -3.436 28.250
v 54.500 -0.774 28.250
v 54.500 -3.437 28.500
v 54.500 -0.793 28.500
v 54.500 -3.439 28.750
v 54.500 -0.830 28.750
v 54.500 -3.443 29.000
v 54.328 -1.000 29.000
v 54.500 -0.884 29.000
v 54.500 -3.446 29.250
v 54.427 -1.000 29.250
v 54.500 -0.944 29.250
v 54.500 -3.448 29.500
v 54.497 -1.000 29.500
v 54.500 -0.997 29.500
v 54.500 -3.448 29.750
v 54.277 -1.250 29.750
v 54.500 -1.044 29.750
v 54.500 -1.000 29.516
v 54.500 -3.450 30.000
v 54.325 -1.250 30.000
v 54.500 -1.093 30.000
v 54.500 -3.453 30.250
v 54.395 -1.250 30.250
v 54.500 -1.158 30.250
v 54.500 -3.459 30.500
v 54.478 -1.250 30.500
v 54.500 -1.231 30.500
v 54.500 -3.467 30.750
v 54.315 -1.500 30.750
v 54.500 -1.296 30.750
v 54.500 -1.250 30.580
v 54.500 -3.475 31.000
v 54.359 -1.500 31.000
v 54.500 -1.331 31.000
v 54.500 -3.483 31.250
v 54.371 -1.500 31.250
v 54.500 -1.335 31.250
v 54.500 -3.490 31.500
v 54.361 -1.500 31.500
v 54.500 -1.317 31.500
v 54.500 -3.492 31.750
v 54.386 -1.500 31.750
v 54.500 -1.354 31.750
v 54.500 -3.493 32.000
v 54.305 -1.750 32.000
v 54.464 -1.500 32.000
v 54.500 -1.457 32.000
v 54.623 -2.750 24.500
v 54.750 -2.514 24.500
v 54.750 -2.500 24.493
v 54.717 -2.250 24.500
v 54.750 -2.455 24.500
v 54.585 -2.000 24.500
v 54.657 -3.000 24.750
v 54.750 -2.874 24.750
v 54.750 -2.750 24.629
v 54.750 -2.250 24.533
v 54.750 -2.000 24.671
v 54.645 -1.750 24.750
v 54.750 -1.906 24.750
v 54.629 -3.250 25.000
v 54.750 -3.119 25.000
v 54.750 -3.000 24.863
v 54.750 -1.750 24.866
v 54.646 -1.500 25.000
v 54.750 -1.609 25.000
v 54.750 -3.250 25.149
v 54.750 -3.329 25.250
v 54.750 -1.500 25.102
v 54.555 -1.250 25.250
v 54.750 -1.375 25.250
v 54.750 -3.405 25.500
v 54.750 -1.250 25.412
v 54.750 -1.194 25.500
v 54.750 -3.407 25.750
v 54.589 -1.000 25.750
v 54.750 -1.057 25.750
v 54.750 -3.408 26.000
v 54.750 -1.000 25.880
v 54.750 -0.952 26.000
v 54.750 -3.409 26.250
v 54.750 -0.874 26.250
v 54.750 -3.411 26.500
v 54.517 -0.750 26.500
v 54.750 -0.828 26.500
v 54.750 -3.415 26.750
v 54.586 -0.750 26.750
v 54.750 -0.804 26.750
v 54.750 -3.419 27.000
v 54.606 -0.750 27.000
v 54.750 -0.795 27.000
v 54.750 -3.424 27.250
v 54.601 -0.750 27.250
v 54.750 -0.787 27.250
v 54.750 -3.430 27.500
v 54.575 -0.750 27.500
v 54.750 -0.778 27.500
v 54.750 -3.434 27.750
v 54.750 -0.770 27.750
v 54.750 -3.438 28.000
v 54.750 -0.761 28.000
v 54.750 -3.440 28.250
v 54.750 -0.755 28.250
v 54.750 -3.442 28.500
v 54.750 -0.755 28.500
v 54.750 -3.444 28.750
v 54.750 -0.767 28.750
v 54.750 -3.447 29.000
v 54.750 -0.792 29.000
v 54.750 -3.448 29.250
v 54.750 -0.825 29.250
v 54.750 -3.449 29.500
v 54.750 -0.860 29.500
v 54.750 -3.450 29.750
v 54.570 -1.000 29.750
v 54.750 -0.899 29.750
v 54.750 -3.450 30.000
v 54.648 -1.000 30.000
v 54.750 -0.944 30.000
v 54.750 -3.453 30.250
v 54.732 -1.000 30.250
v 54.750 -0.989 30.250
v 54.750 -3.458 30.500
v 54.750 -1.032 30.500
v 54.750 -1.000 30.315
v 54.750 -3.465 30.750
v 54.542 -1.250 30.750
v 54.750 -1.062 30.750
v 54.750 -3.474 31.000
v 54.569 -1.250 31.000
v 54.750 -1.072 31.000
v 54.750 -3.483 31.250
v 54.570 -1.250 31.250
v 54.750 -1.069 31.250
v 54.750 -3.490 31.500
v 54.557 -1.250 31.500
v 54.750 -1.060 31.500
v 54.750 -3.493 31.750
v 54.596 -1.250 31.750
v 54.750 -1.107 31.750
v 54.750 -3.494 32.000
v 54.707 -1.250 32.000
v 54.750 -1.213 32.000
v 54.756 -2.500 24.500
v 54.832 -2.750 24.750
v 54.925 -2.500 24.750
v 54.899 -2.250 24.750
v 54.807 -2.000 24.750
v 54.843 -3.000 25.000
v 54.994 -2.750 25.000
v 55.000 -2.731 25.000
v 55.000 -2.500 24.868
v 55.000 -2.250 24.903
v 54.986 -2.000 25.000
v 55.000 -2.049 25.000
v 54.856 -1.750 25.000
v 54.821 -3.250 25.250
v 55.000 -3.023 25.250
v 55.000 -3.000 25.225
v 55.000 -2.750 25.009
v 55.000 -2.000 25.019
v 55.000 -1.750 25.172
v 54.885 -1.500 25.250
v 55.000 -1.652 25.250
v 55.000 -3.250 25.497
v 55.000 -3.253 25.500
v 55.000 -1.500 25.374
v 54.838 -1.250 25.500
v 55.000 -1.384 25.500
v 55.000 -3.386 25.750
v 55.000 -1.250 25.679
v 55.000 -1.208 25.750
v 55.000 -3.413 26.000
v 54.845 -1.000 26.000
v 55.000 -1.092 26.000
v 55.000 -3.414 26.250
v 54.980 -1.000 26.250
v 55.000 -1.012 26.250
v 55.000 -3.416 26.500
v 55.000 -1.000 26.310
v 55.000 -0.965 26.500
v 55.000 -3.419 26.750
v 55.000 -0.938 26.750
v 55.000 -3.423 27.000
v 55.000 -0.916 27.000
v 55.000 -3.427 27.250
v 55.000 -0.890 27.250
v 55.000 -3.431 27.500
v 55.000 -0.858 27.500
v 55.000 -3.436 27.750
v 55.000 -0.827 27.750
v 55.000 -3.440 28.000
v 55.000 -0.802 28.000
v 55.000 -3.443 28.250
v 55.000 -0.784 28.250
v 55.000 -3.446 28.500
v 55.000 -0.771 28.500
v 55.000 -3.448 28.750
v 55.000 -0.765 28.750
v 55.000 -3.450 29.000
v 55.000 -0.767 29.000
v 55.000 -3.451 29.250
v 55.000 -0.777 29.250
v 55.000 -3.452 29.500
v 55.000 -0.797 29.500
v 55.000 -3.452 29.750
v 55.000 -0.826 29.750
v 55.000 -3.453 30.000
v 55.000 -0.859 30.000
v 55.000 -3.455 30.250
v 55.000 -0.888 30.250
v 55.000 -3.458 30.500
v 54.806 -1.000 30.500
v 55.000 -0.904 30.500
v 55.000 -3.464 30.750
v 54.839 -1.000 30.750
v 55.000 -0.906 30.750
v 55.000 -3.473 31.000
v 54.844 -1.000 31.000
v 55.000 -0.900 31.000
v 55.000 -3.482 31.250
v 54.837 -1.000 31.250
v 55.000 -0.893 31.250
v 55.000 -3.489 31.500
v 54.832 -1.000 31.500
v 55.000 -0.894 31.500
v 55.000 -3.493 31.750
v 54.912 -1.000 31.750
v 55.000 -0.949 31.750
v 55.000 -3.495 32.000
v 55.000 -1.065 32.000
v 55.000 -1.000 31.871
v 55.075 -2.500 25.000
v 55.058 -2.250 25.000
v 55.015 -3.000 25.250
v 55.144 -2.750 25.250
v 55.217 -2.500 25.250
v 55.210 -2.250 25.250
v 55.158 -2.000 25.250
v 55.058 -1.750 25.250
v 55.002 -3.250 25.500
v 55.165 -3.000 25.500
v 55.250 -2.821 25.500
v 55.250 -2.750 25.437
v 55.250 -2.500 25.310
v 55.250 -2.250 25.319
v 55.250 -2.000 25.397
v 55.230 -1.750 25.500
v 55.250 -1.809 25.500
v 55.093 -1.500 25.500
v 55.143 -3.250 25.750
v 55.250 -3.089 25.750
v 55.250 -3.000 25.650
v 55.250 -1.750 25.532
v 55.250 -1.500 25.747
v 55.046 -1.250 25.750
v 55.250 -1.498 25.750
v 55.250 -3.250 25.944
v 55.250 -3.294 26.000
v 55.179 -1.250 26.000
v 55.250 -1.330 26.000
v 55.250 -3.397 26.250
v 55.250 -1.250 26.170
v 55.250 -1.220 26.250
v 55.250 -3.421 26.500
v 55.051 -1.000 26.500
v 55.250 -1.154 26.500
v 55.250 -3.423 26.750
v 55.095 -1.000 26.750
v 55.250 -1.113 26.750
v 55.250 -3.425 27.000
v 55.142 -1.000 27.000
v 55.250 -1.072 27.000
v 55.250 -3.430 27.250
v 55.214 -1.000 27.250
v 55.250 -1.021 27.250
v 55.250 -3.433 27.500
v 55.250 -1.000 27.337
v 55.250 -0.965 27.500
v 55.250 -3.438 27.750
v 55.250 -0.914 27.750
v 55.250 -3.442 28.000
v 55.250 -0.880 28.000
v 55.250 -3.445 28.250
v 55.250 -0.857 28.250
v 55.250 -3.447 28.500
v 55.250 -0.834 28.500
v 55.250 -3.449 28.750
v 55.250 -0.809 28.750
v 55.250 -3.451 29.000
v 55.250 -0.785 29.000
v 55.250 -3.453 29.250
v 55.250 -0.772 29.250
v 55.250 -3.454 29.500
v 55.250 -0.777 29.500
v 55.250 -3.456 29.750
v 55.250 -0.796 29.750
v 55.250 -3.457 30.000
v 55.250 -0.808 30.000
v 55.250 -3.460 30.250
v 55.250 -0.797 30.250
v 55.250 -3.467 30.500
v 55.250 -0.767 30.500
v 55.250 -3.478 30.750
v 55.250 -0.750 30.626
v 55.219 -0.750 30.750
v 55.250 -0.733 30.750
v 55.250 -3.489 31.000
v 55.180 -0.750 31.000
v 55.250 -0.708 31.000
v 55.250 -3.498 31.250
v 55.165 -0.750 31.250
v 55.250 -0.696 31.250
v 55.241 -3.500 31.500
v 55.250 -3.500 31.458
v 55.250 -3.500 31.500
v 55.184 -0.750 31.500
v 55.250 -0.712 31.500
v 55.250 -3.500 31.538
v 55.250 -3.498 31.750
v 55.250 -0.781 31.750
v 55.250 -0.750 31.646
v 55.250 -3.496 32.000
v 55.078 -1.000 32.000
v 55.250 -0.901 32.000
v 55.282 -2.750 25.500
v 55.343 -2.500 25.500
v 55.342 -2.250 25.500
v 55.306 -2.000 25.500
v 55.303 -3.000 25.750
v 55.414 -2.750 25.750
v 55.470 -2.500 25.750
v 55.470 -2.250 25.750
v 55.439 -2.000 25.750
v 55.370 -1.750 25.750
v 55.251 -1.500 25.750
v 55.279 -3.250 26.000
v 55.438 -3.000 26.000
v 55.500 -2.864 26.000
v 55.500 -2.750 25.907
v 55.500 -2.500 25.804
v 55.500 -2.250 25.806
v 55.500 -2.000 25.864
v 55.500 -1.750 25.998
v 55.374 -1.500 26.000
v 55.500 -1.747 26.000
v 55.411 -3.250 26.250
v 55.500 -3.123 26.250
v 55.500 -3.000 26.110
v 55.493 -1.500 26.250
v 55.500 -1.511 26.250
v 55.281 -1.250 26.250
v 55.500 -3.250 26.436
v 55.500 -3.293 26.500
v 55.500 -1.500 26.269
v 55.357 -1.250 26.500
v 55.500 -1.402 26.500
v 55.500 -3.394 26.750
v 55.419 -1.250 26.750
v 55.500 -1.327 26.750
v 55.500 -3.424 27.000
v 55.482 -1.250 27.000
v 55.500 -1.266 27.000
v 55.500 -3.432 27.250
v 55.500 -1.250 27.050
v 55.500 -1.193 27.250
v 55.500 -3.436 27.500
v 55.317 -1.000 27.500
v 55.500 -1.112 27.500
v 55.500 -3.440 27.750
v 55.427 -1.000 27.750
v 55.500 -1.042 27.750
v 55.500 -3.443 28.000
v 55.500 -1.000 27.974
v 55.500 -0.996 28.000
v 55.500 -3.445 28.250
v 55.500 -0.972 28.250
v 55.500 -3.447 28.500
v 55.500 -0.943 28.500
v 55.500 -3.449 28.750
v 55.500 -0.892 28.750
v 55.500 -3.452 29.000
v 55.500 -0.835 29.000
v 55.500 -3.454 29.250
v 55.500 -0.796 29.250
v 55.500 -3.457 29.500
v 55.500 -0.787 29.500
v 55.500 -3.459 29.750
v 55.500 -0.791 29.750
v 55.500 -3.463 30.000
v 55.500 -0.750 29.997
v 55.497 -0.750 30.000
v 55.500 -0.749 30.000
v 55.500 -3.474 30.250
v 55.304 -0.750 30.250
v 55.500 -0.649 30.250
v 55.500 -3.494 30.500
v 55.261 -0.750 30.500
v 55.500 -0.571 30.500
v 55.332 -3.500 30.750
v 55.500 -3.500 30.549
v 55.500 -3.536 30.750
v 55.500 -0.513 30.750
v 55.276 -3.500 31.000
v 55.500 -3.566 31.000
v 55.500 -0.500 30.838
v 55.451 -0.500 31.000
v 55.500 -0.471 31.000
v 55.254 -3.500 31.250
v 55.500 -3.576 31.250
v 55.429 -0.500 31.250
v 55.500 -0.456 31.250
v 55.500 -3.566 31.500
v 55.469 -0.500 31.500
v 55.500 -0.482 31.500
v 55.261 -3.500 31.750
v 55.500 -3.537 31.750
v 55.265 -0.750 31.750
v 55.500 -0.548 31.750
v 55.500 -0.500 31.557
v 55.439 -3.500 32.000
v 55.500 -3.501 32.000
v 55.354 -0.750 32.000
v 55.500 -0.653 32.000
v 55.553 -2.750 26.000
v 55.611 -2.500 26.000
v 55.608 -2.250 26.000
v 55.574 -2.000 26.000
v 55.501 -1.750 26.000
v 55.579 -3.000 26.250
v 55.700 -2.750 26.250
v 55.750 -2.543 26.250
v 55.750 -2.500 26.232
v 55.750 -2.250 26.240
v 55.715 -2.000 26.250
v 55.750 -2.213 26.250
v 55.631 -1.750 26.250
v 55.529 -3.250 26.500
v 55.695 -3.000 26.500
v 55.750 -2.892 26.500
v 55.750 -2.750 26.354
v 55.750 -2.000 26.324
v 55.736 -1.750 26.500
v 55.750 -1.784 26.500
v 55.581 -1.500 26.500
v 55.633 -3.250 26.750
v 55.750 -3.074 26.750
v 55.750 -3.000 26.635
v 55.750 -1.750 26.539
v 55.657 -1.500 26.750
v 55.750 -1.634 26.750
v 55.730 -3.250 27.000
v 55.750 -3.222 27.000
v 55.732 -1.500 27.000
v 55.750 -1.523 27.000
v 55.750 -3.250 27.049
v 55.750 -3.360 27.250
v 55.750 -1.500 27.051
v 55.571 -1.250 27.250
v 55.750 -1.426 27.250
v 55.750 -3.422 27.500
v 55.681 -1.250 27.500
v 55.750 -1.317 27.500
v 55.750 -3.442 27.750
v 55.750 -1.250 27.682
v 55.750 -1.228 27.750
v 55.750 -3.444 28.000
v 55.508 -1.000 28.000
v 55.750 -1.175 28.000
v 55.750 -3.446 28.250
v 55.548 -1.000 28.250
v 55.750 -1.139 28.250
v 55.750 -3.447 28.500
v 55.602 -1.000 28.500
v 55.750 -1.095 28.500
v 55.750 -3.449 28.750
v 55.725 -1.000 28.750
v 55.750 -1.014 28.750
v 55.750 -3.451 29.000
v 55.750 -1.000 28.785
v 55.750 -0.925 29.000
v 55.750 -3.454 29.250
v 55.750 -0.860 29.250
v 55.750 -3.457 29.500
v 55.750 -0.837 29.500
v 55.750 -3.461 29.750
v 55.750 -0.811 29.750
v 55.750 -3.467 30.000
v 55.750 -0.750 29.901
v 55.750 -0.713 30.000
v 55.750 -3.483 30.250
v 55.750 -0.594 30.250
v 55.592 -3.500 30.500
v 55.750 -3.500 30.403
v 55.750 -3.517 30.500
v 55.750 -0.508 30.500
v 55.750 -3.586 30.750
v 55.750 -0.500 30.527
v 55.532 -0.500 30.750
v 55.750 -0.421 30.750
v 55.750 -3.619 31.000
v 55.750 -0.383 31.000
v 55.750 -3.627 31.250
v 55.750 -0.372 31.250
v 55.750 -3.615 31.500
v 55.750 -0.393 31.500
v 55.750 -3.575 31.750
v 55.636 -0.500 31.750
v 55.750 -0.461 31.750
v 55.750 -3.508 32.000
v 55.750 -0.574 32.000
v 55.750 -0.500 31.820
v 55.760 -2.500 26.250
v 55.756 -2.250 26.250
v 55.817 -2.750 26.500
v 55.878 -2.500 26.500
v 55.872 -2.250 26.500
v 55.826 -2.000 26.500
v 55.795 -3.000 26.750
v 55.916 -2.750 26.750
v 55.978 -2.500 26.750
v 55.971 -2.250 26.750
v 55.920 -2.000 26.750
v 55.820 -1.750 26.750
v 55.895 -3.000 27.000
v 56.000 -2.790 27.000
v 56.000 -2.750 26.955
v 56.000 -2.500 26.806
v 56.000 -2.250 26.824
v 56.000 -2.000 26.960
v 55.906 -1.750 27.000
v 56.000 -1.961 27.000
v 55.832 -3.250 27.250
v 56.000 -3.001 27.250
v 56.000 -3.000 27.248
v 55.994 -1.750 27.250
v 56.000 -1.762 27.250
v 55.818 -1.500 27.250
v 55.942 -3.250 27.500
v 56.000 -3.166 27.500
v 56.000 -1.750 27.267
v 55.914 -1.500 27.500
v 56.000 -1.627 27.500
v 56.000 -3.250 27.638
v 56.000 -3.312 27.750
v 55.995 -1.500 27.750
v 56.000 -1.507 27.750
v 55.774 -1.250 27.750
v 56.000 -3.408 28.000
v 56.000 -1.500 27.770
v 55.836 -1.250 28.000
v 56.000 -1.433 28.000
v 56.000 -3.436 28.250
v 55.885 -1.250 28.250
v 56.000 -1.367 28.250
v 56.000 -3.447 28.500
v 55.952 -1.250 28.500
v 56.000 -1.295 28.500
v 56.000 -3.448 28.750
v 56.000 -1.250 28.604
v 56.000 -1.194 28.750
v 56.000 -3.450 29.000
v 55.882 -1.000 29.000
v 56.000 -1.081 29.000
v 56.000 -3.453 29.250
v 56.000 -1.000 29.230
v 56.000 -0.994 29.250
v 56.000 -3.456 29.500
v 56.000 -0.958 29.500
v 56.000 -3.461 29.750
v 56.000 -0.886 29.750
v 56.000 -3.468 30.000
v 55.890 -0.750 30.000
v 56.000 -0.770 30.000
v 56.000 -3.482 30.250
v 56.000 -0.750 30.032
v 56.000 -0.634 30.250
v 56.000 -3.500 30.421
v 56.000 -3.511 30.500
v 56.000 -0.543 30.500
v 56.000 -3.573 30.750
v 56.000 -0.500 30.641
v 56.000 -0.462 30.750
v 56.000 -3.605 31.000
v 56.000 -0.418 31.000
v 56.000 -3.613 31.250
v 56.000 -0.406 31.250
v 56.000 -3.600 31.500
v 56.000 -0.429 31.500
v 56.000 -3.563 31.750
v 55.970 -0.500 31.750
v 56.000 -0.504 31.750
v 56.000 -0.500 31.735
v 56.000 -3.505 32.000
v 56.000 -0.609 32.000
v 56.020 -2.750 27.000
v 56.079 -2.500 27.000
v 56.070 -2.250 27.000
v 56.016 -2.000 27.000
v 56.001 -3.000 27.250
v 56.129 -2.750 27.250
v 56.183 -2.500 27.250
v 56.168 -2.250 27.250
v 56.108 -2.000 27.250
v 56.115 -3.000 27.500
v 56.239 -2.750 27.500
v 56.250 -2.688 27.500
v 56.250 -2.500 27.417
v 56.250 -2.250 27.466
v 56.197 -2.000 27.500
v 56.250 -2.199 27.500
v 56.081 -1.750 27.500
v 56.048 -3.250 27.750
v 56.221 -3.000 27.750
v 56.250 -2.938 27.750
v 56.250 -2.750 27.529
v 56.250 -2.000 27.662
v 56.158 -1.750 27.750
v 56.250 -1.939 27.750
v 56.137 -3.250 28.000
v 56.250 -3.077 28.000
v 56.250 -3.000 27.844
v 56.218 -1.750 28.000
v 56.250 -1.812 28.000
v 56.054 -1.500 28.000
v 56.215 -3.250 28.250
v 56.250 -3.192 28.250
v 56.250 -1.750 28.134
v 56.112 -1.500 28.250
v 56.250 -1.706 28.250
v 56.250 -3.250 28.362
v 56.250 -3.312 28.500
v 56.182 -1.500 28.500
v 56.250 -1.598 28.500
v 56.250 -3.415 28.750
v 56.250 -1.500 28.689
v 56.061 -1.250 28.750
v 56.250 -1.473 28.750
v 56.250 -3.445 29.000
v 56.172 -1.250 29.000
v 56.250 -1.349 29.000
v 56.250 -3.451 29.250
v 56.250 -1.250 29.244
v 56.007 -1.000 29.250
v 56.250 -1.248 29.250
v 56.250 -3.456 29.500
v 56.053 -1.000 29.500
v 56.250 -1.175 29.500
v 56.250 -3.461 29.750
v 56.219 -1.000 29.750
v 56.250 -1.016 29.750
v 56.250 -3.469 30.000
v 56.250 -1.000 29.767
v 56.250 -0.845 30.000
v 56.250 -3.481 30.250
v 56.250 -0.750 30.150
v 56.250 -0.697 30.250
v 56.250 -3.500 30.448
v 56.250 -3.506 30.500
v 56.250 -0.597 30.500
v 56.250 -3.559 30.750
v 56.160 -0.500 30.750
v 56.250 -0.522 30.750
v 56.250 -3.588 31.000
v 56.250 -0.500 30.853
v 56.250 -0.471 31.000
v 56.250 -3.595 31.250
v 56.250 -0.459 31.250
v 56.250 -3.582 31.500
v 56.250 -0.487 31.500
v 56.250 -3.548 31.750
v 56.250 -0.558 31.750
v 56.250 -0.500 31.546
v 56.250 -3.502 32.000
v 56.250 -0.661 32.000
v 56.285 -2.500 27.500
v 56.263 -2.250 27.500
v 56.336 -2.750 27.750
v 56.379 -2.500 27.750
v 56.353 -2.250 27.750
v 56.279 -2.000 27.750
v 56.297 -3.000 28.000
v 56.404 -2.750 28.000
v 56.445 -2.500 28.000
v 56.419 -2.250 28.000
v 56.342 -2.000 28.000
v 56.357 -3.000 28.250
v 56.451 -2.750 28.250
v 56.486 -2.500 28.250
v 56.465 -2.250 28.250
v 56.394 -2.000 28.250
v 56.277 -1.750 28.250
v 56.290 -3.250 28.500
v 56.415 -3.000 28.500
v 56.492 -2.750 28.500
v 56.500 -2.681 28.500
v 56.500 -2.500 28.347
v 56.500 -2.250 28.473
v 56.445 -2.000 28.500
v 56.500 -2.232 28.500
v 56.340 -1.750 28.500
v 56.366 -3.250 28.750
v 56.470 -3.000 28.750
v 56.500 -2.874 28.750
v 56.500 -2.750 28.551
v 56.492 -2.000 28.750
v 56.500 -2.040 28.750
v 56.403 -1.750 28.750
v 56.268 -1.500 28.750
v 56.440 -3.250 29.000
v 56.500 -3.078 29.000
v 56.500 -3.000 28.880
v 56.500 -2.000 28.788
v 56.464 -1.750 29.000
v 56.500 -1.862 29.000
v 56.345 -1.500 29.000
v 56.500 -3.250 29.230
v 56.500 -3.260 29.250
v 56.500 -1.750 29.171
v 56.404 -1.500 29.250
v 56.500 -1.713 29.250
v 56.251 -1.250 29.250
v 56.500 -3.386 29.500
v 56.500 -1.500 29.447
v 56.315 -1.250 29.500
v 56.500 -1.468 29.500
v 56.500 -3.446 29.750
v 56.500 -1.250 29.663
v 56.500 -1.178 29.750
v 56.500 -3.467 30.000
v 56.500 -1.000 29.928
v 56.500 -0.950 30.000
v 56.500 -3.480 30.250
v 56.417 -0.750 30.250
v 56.500 -0.787 30.250
v 56.500 -3.500 30.492
v 56.500 -3.501 30.500
v 56.500 -0.750 30.310
v 56.500 -0.669 30.500
v 56.500 -3.541 30.750
v 56.500 -0.597 30.750
v 56.500 -3.565 31.000
v 56.359 -0.500 31.000
v 56.500 -0.550 31.000
v 56.500 -3.571 31.250
v 56.399 -0.500 31.250
v 56.500 -0.538 31.250
v 56.500 -3.559 31.500
v 56.297 -0.500 31.500
v 56.500 -0.570 31.500
v 56.500 -3.532 31.750
v 56.500 -0.635 31.750
v 56.500 -3.500 31.993
v 56.419 -3.500 32.000
v 56.500 -3.499 32.000
v 56.500 -0.735 32.000
v 56.520 -2.500 28.500
v 56.504 -2.250 28.500
v 56.529 -2.750 28.750
v 56.550 -2.500 28.750
v 56.539 -2.250 28.750
v 56.526 -3.000 29.000
v 56.573 -2.750 29.000
v 56.592 -2.500 29.000
v 56.583 -2.250 29.000
v 56.541 -2.000 29.000
v 56.505 -3.250 29.250
v 56.585 -3.000 29.250
v 56.628 -2.750 29.250
v 56.647 -2.500 29.250
v 56.638 -2.250 29.250
v 56.594 -2.000 29.250
v 56.516 -1.750 29.250
v 56.571 -3.250 29.500
v 56.654 -3.000 29.500
v 56.701 -2.750 29.500
v 56.744 -2.500 29.500
v 56.750 -2.400 29.500
v 56.750 -2.250 29.480
v 56.737 -2.000 29.500
v 56.750 -2.144 29.500
v 56.665 -1.750 29.500
v 56.526 -1.500 29.500
v 56.645 -3.250 29.750
v 56.748 -3.000 29.750
v 56.750 -2.996 29.750
v 56.750 -2.750 29.589
v 56.750 -2.500 29.511
v 56.750 -2.000 29.519
v 56.750 -1.750 29.598
v 56.750 -1.500 29.708
v 56.597 -1.250 29.750
v 56.750 -1.441 29.750
v 56.739 -3.250 30.000
v 56.750 -3.232 30.000
v 56.750 -3.000 29.753
v 56.750 -1.250 29.884
v 56.603 -1.000 30.000
v 56.750 -1.128 30.000
v 56.750 -3.250 30.023
v 56.750 -3.391 30.250
v 56.750 -1.000 30.132
v 56.750 -0.923 30.250
v 56.526 -3.500 30.500
v 56.750 -3.491 30.500
v 56.722 -0.750 30.500
v 56.750 -0.777 30.500
v 56.750 -3.500 30.560
v 56.750 -3.518 30.750
v 56.750 -0.750 30.545
v 56.750 -0.695 30.750
v 56.750 -3.534 31.000
v 56.750 -0.659 31.000
v 56.750 -3.536 31.250
v 56.750 -0.653 31.250
v 56.750 -3.523 31.500
v 56.750 -0.678 31.500
v 56.750 -3.500 31.568
v 56.588 -3.500 31.750
v 56.750 -3.413 31.750
v 56.750 -0.732 31.750
v 56.750 -3.272 32.000
v 56.542 -0.750 32.000
v 56.750 -0.879 32.000
v 56.750 -0.750 31.795
v 56.760 -2.250 29.500
v 56.846 -2.750 29.750
v 56.897 -2.500 29.750
v 56.912 -2.250 29.750
v 56.908 -2.000 29.750
v 56.880 -1.750 29.750
v 56.795 -1.500 29.750
v 56.886 -3.000 30.000
v 56.942 -2.750 30.000
v 56.950 -2.500 30.000
v 56.950 -2.250 30.000
v 56.950 -2.000 30.000
v 56.950 -1.750 30.000
v 56.944 -1.500 30.000
v 56.871 -1.250 30.000
v 56.861 -3.250 30.250
v 56.950 -3.000 30.250
v 56.951 -2.750 30.250
v 56.950 -2.500 30.250
v 56.950 -2.250 30.250
v 56.950 -2.000 30.250
v 56.950 -1.750 30.250
v 56.950 -1.500 30.250
v 56.950 -1.250 30.250
v 56.865 -1.000 30.250
v 56.929 -3.250 30.500
v 56.954 -3.000 30.500
v 56.950 -2.750 30.500
v 56.950 -2.500 30.500
v 56.950 -2.250 30.500
v 56.950 -2.000 30.500
v 56.950 -1.750 30.500
v 56.950 -1.500 30.500
v 56.950 -1.250 30.500
v 56.949 -1.000 30.500
v 56.780 -3.500 30.750
v 56.951 -3.250 30.750
v 56.950 -3.000 30.750
v 56.950 -2.750 30.750
v 56.950 -2.500 30.750
v 56.950 -2.250 30.750
v 56.950 -2.000 30.750
v 56.950 -1.750 30.750
v 56.950 -1.500 30.750
v 56.950 -1.250 30.750
v 56.950 -1.000 30.750
v 56.863 -0.750 30.750
v 56.811 -3.500 31.000
v 56.955 -3.250 31.000
v 56.950 -3.000 31.000
v 56.950 -2.750 31.000
v 56.950 -2.500 31.000
v 56.950 -2.250 31.000
v 56.950 -2.000 31.000
v 56.950 -1.750 31.000
v 56.950 -1.500 31.000
v 56.950 -1.250 31.000
v 56.950 -1.000 31.000
v 56.914 -0.750 31.000
v 56.808 -3.500 31.250
v 56.948 -3.250 31.250
v 56.950 -3.000 31.250
v 56.950 -2.750 31.250
v 56.950 -2.500 31.250
v 56.950 -2.250 31.250
v 56.950 -2.000 31.250
v 56.950 -1.750 31.250
v 56.950 -1.500 31.250
v 56.950 -1.250 31.250
v 56.950 -1.000 31.250
v 56.922 -0.750 31.250
v 56.778 -3.500 31.500
v 56.929 -3.250 31.500
v 56.950 -3.000 31.500
v 56.950 -2.750 31.500
v 56.950 -2.500 31.500
v 56.950 -2.250 31.500
v 56.950 -2.000 31.500
v 56.950 -1.750 31.500
v 56.950 -1.500 31.500
v 56.950 -1.250 31.500
v 56.950 -1.000 31.500
v 56.894 -0.750 31.500
v 56.880 -3.250 31.750
v 56.949 -3.000 31.750
v 56.950 -2.750 31.750
v 56.950 -2.500 31.750
v 56.950 -2.250 31.750
v 56.950 -2.000 31.750
v 56.950 -1.750 31.750
v 56.950 -1.500 31.750
v 56.950 -1.250 31.750
v 56.950 -1.000 31.750
v 56.792 -0.750 31.750
v 56.769 -3.250 32.000
v 56.916 -3.000 32.000
v 56.950 -2.750 32.000
v 56.950 -2.500 32.000
v 56.950 -2.250 32.000
v 56.950 -2.000 32.000
v 56.950 -1.750 32.000
v 56.950 -1.500 32.000
v 56.950 -1.250 32.000
v 56.923 -1.000 32.000
vn 0.031 0.999 -0.034
vn -0.484 -0.793 -0.369
vn 0.020 1.000 -0.024
vn -0.513 -0.721 -0.465
vn -0.505 -0.741 -0.444
vn -0.147 0.977 -0.155
vn -0.589 -0.630 -0.506
vn -0.599 0.641 -0.481
vn -0.617 0.612 -0.495
vn -0.713 -0.573 -0.403
vn -0.603 -0.624 -0.497
vn -0.751 0.545 -0.373
vn -0.790 -0.577 -0.208
vn -0.761 -0.579 -0.293
vn -0.793 0.529 -0.304
vn -0.855 0.498 -0.147
vn -0.820 -0.571 -0.026
vn -0.880 0.464 0.101
vn -0.827 -0.544 0.145
vn -0.827 0.476 0.298
vn -0.833 0.476 0.284
vn -0.803 -0.532 0.269
vn -0.793 -0.519 0.318
vn -0.639 0.700 0.320
vn -0.727 -0.542 0.422
vn -0.175 0.983 0.060
vn -0.713 -0.560 0.422
vn -0.641 -0.643 0.420
vn 0.005 1.000 -0.000
vn -0.589 -0.712 0.381
vn -0.559 -0.743 0.367
vn 0.011 1.000 -0.001
vn -0.504 -0.806 0.310
vn 0.012 1.000 -0.003
vn -0.471 -0.843 0.260
vn 0.013 1.000 -0.003
vn -0.468 -0.847 0.253
vn -0.445 -0.877 0.182
vn 0.013 1.000 -0.002
vn -0.404 -0.912 0.062
vn 0.012 1.000 0.001
vn -0.336 -0.939 -0.072
vn 0.012 1.000 0.005
vn -0.243 -0.954 -0.175
vn 0.012 1.000 0.008
vn -0.144 -0.958 -0.248
vn 0.013 1.000 0.011
vn -0.047 -0.944 -0.326
vn -0.141 -0.958 -0.250
vn 0.013 1.000 0.012
vn 0.013 1.000 0.013
vn 0.045 -0.903 -0.428
vn 0.013 1.000 0.014
vn 0.153 -0.839 -0.523
vn 0.100 -0.872 -0.479
vn 0.011 1.000 0.015
vn 0.290 -0.764 -0.576
vn 0.151 0.983 -0.108
vn 0.443 -0.666 -0.601
vn 0.300 -0.759 -0.578
vn 0.248 0.948 -0.199
vn 0.597 0.602 -0.530
vn 0.568 -0.533 -0.627
vn 0.475 -0.638 -0.606
vn 0.681 0.399 -0.614
vn 0.700 0.288 -0.654
vn 0.663 -0.307 -0.683
vn 0.650 -0.352 -0.674
vn 0.586 -0.501 -0.636
vn 0.700 0.282 -0.657
vn 0.698 0.142 -0.701
vn 0.693 -0.023 -0.721
vn 0.680 -0.189 -0.708
vn 0.031 0.999 -0.036
vn -0.523 -0.752 -0.402
vn -0.542 -0.723 -0.428
vn -0.075 0.984 -0.165
vn -0.600 -0.601 -0.528
vn -0.575 0.569 -0.588
vn -0.680 -0.469 -0.563
vn -0.683 -0.459 -0.568
vn -0.678 -0.468 -0.567
vn -0.603 -0.596 -0.530
vn -0.600 -0.615 -0.512
vn -0.577 0.565 -0.589
vn -0.699 0.428 -0.572
vn -0.702 0.448 -0.553
vn -0.727 0.401 -0.557
vn -0.813 -0.407 -0.416
vn -0.822 -0.372 -0.430
vn -0.786 -0.399 -0.472
vn -0.747 -0.525 -0.406
vn -0.766 0.518 -0.380
vn -0.790 0.361 -0.496
vn -0.826 0.396 -0.402
vn -0.871 0.280 -0.404
vn -0.929 -0.303 -0.211
vn -0.938 -0.259 -0.232
vn -0.912 -0.309 -0.270
vn -0.874 -0.446 -0.191
vn -0.890 0.424 -0.166
vn -0.903 0.254 -0.346
vn -0.940 0.284 -0.187
vn -0.979 0.094 -0.179
vn -0.981 0.097 -0.169
vn -0.987 -0.096 -0.127
vn -0.989 -0.091 -0.115
vn -0.961 -0.269 -0.061
vn -0.887 -0.461 -0.034
vn -0.909 0.406 0.092
vn -0.956 0.285 0.067
vn -0.991 0.122 0.053
vn -0.996 -0.056 0.066
vn -0.966 -0.242 0.089
vn -0.894 -0.432 0.116
vn -0.829 0.473 0.299
vn -0.874 0.371 0.315
vn -0.916 0.255 0.311
vn -0.938 0.167 0.305
vn -0.975 0.116 0.190
vn -0.988 -0.054 0.147
vn -0.930 -0.219 0.296
vn -0.936 -0.186 0.297
vn -0.874 -0.382 0.299
vn -0.802 -0.507 0.316
vn -0.759 0.449 0.472
vn -0.797 0.337 0.501
vn -0.798 0.336 0.501
vn -0.897 0.247 0.365
vn -0.925 -0.218 0.310
vn -0.822 -0.353 0.447
vn -0.766 -0.457 0.452
vn -0.798 -0.368 0.477
vn -0.719 0.433 0.544
vn -0.648 0.536 0.541
vn -0.797 0.337 0.501
vn -0.736 -0.460 0.497
vn -0.680 -0.566 0.467
vn -0.703 -0.497 0.508
vn -0.173 0.972 0.158
vn -0.664 -0.581 0.471
vn -0.581 -0.717 0.386
vn -0.637 -0.623 0.454
vn 0.007 1.000 0.001
vn -0.570 -0.740 0.357
vn -0.578 -0.729 0.367
vn 0.009 1.000 -0.002
vn -0.570 -0.744 0.349
vn -0.544 -0.789 0.287
vn 0.010 1.000 -0.003
vn -0.487 -0.852 0.192
vn -0.532 -0.820 0.209
vn 0.010 1.000 -0.002
vn -0.489 -0.866 0.102
vn -0.513 -0.850 0.120
vn 0.010 1.000 0.001
vn -0.438 -0.899 0.009
vn -0.452 -0.891 0.025
vn 0.009 1.000 0.005
vn -0.324 -0.941 -0.094
vn -0.352 -0.934 -0.060
vn 0.008 1.000 0.008
vn -0.148 -0.959 -0.243
vn -0.237 -0.962 -0.139
vn 0.012 1.000 0.011
vn 0.008 1.000 0.008
vn 0.008 1.000 0.011
vn -0.125 -0.965 -0.231
vn 0.007 1.000 0.013
vn -0.014 -0.942 -0.334
vn 0.007 1.000 0.014
vn 0.110 -0.903 -0.415
vn 0.076 -0.916 -0.395
vn 0.007 1.000 0.013
vn 0.263 -0.850 -0.456
vn 0.007 1.000 0.013
vn 0.415 -0.772 -0.481
vn 0.367 -0.802 -0.471
vn 0.252 0.946 -0.206
vn 0.124 0.989 -0.086
vn 0.538 -0.646 -0.542
vn 0.535 -0.663 -0.523
vn 0.275 0.931 -0.242
vn 0.666 0.396 -0.632
vn 0.543 0.655 -0.525
vn 0.651 -0.353 -0.672
vn 0.621 -0.495 -0.608
vn 0.616 -0.522 -0.589
vn 0.549 -0.643 -0.534
vn 0.646 0.388 -0.657
vn 0.651 0.258 -0.714
vn 0.650 0.261 -0.713
vn 0.658 0.129 -0.742
vn 0.665 -0.022 -0.746
vn 0.668 -0.175 -0.723
vn 0.668 -0.269 -0.694
vn 0.663 -0.328 -0.673
vn 0.627 -0.489 -0.606
vn 0.650 0.258 -0.715
vn 0.645 0.123 -0.754
vn 0.654 -0.017 -0.756
vn 0.666 -0.166 -0.727
vn -0.077 0.988 -0.137
vn -0.592 -0.633 -0.499
vn -0.596 -0.624 -0.505
vn -0.514 0.636 -0.576
vn -0.631 -0.477 -0.611
vn -0.633 -0.465 -0.619
vn -0.631 -0.481 -0.608
vn -0.602 -0.596 -0.531
vn -0.572 0.531 -0.625
vn -0.577 0.564 -0.590
vn -0.661 0.346 -0.666
vn -0.654 0.370 -0.660
vn -0.686 0.317 -0.655
vn -0.688 -0.385 -0.615
vn -0.688 -0.326 -0.648
vn -0.663 -0.385 -0.642
vn -0.715 0.299 -0.631
vn -0.750 0.337 -0.569
vn -0.778 0.176 -0.603
vn -0.792 0.189 -0.581
vn -0.801 -0.027 -0.598
vn -0.818 -0.023 -0.575
vn -0.772 -0.208 -0.601
vn -0.821 -0.209 -0.532
vn -0.699 -0.317 -0.641
vn -0.824 -0.325 -0.464
vn -0.883 0.240 -0.404
vn -0.928 0.032 -0.370
vn -0.943 -0.158 -0.293
vn -0.946 0.110 0.305
vn -0.951 -0.050 0.304
vn -0.825 0.223 0.519
vn -0.840 0.095 0.533
vn -0.840 -0.045 0.540
vn -0.827 -0.201 0.526
vn -0.802 -0.347 0.486
vn -0.691 0.425 0.584
vn -0.720 0.313 0.619
vn -0.732 0.250 0.634
vn -0.755 0.209 0.622
vn -0.788 0.093 0.608
vn -0.793 -0.043 0.608
vn -0.765 -0.199 0.612
vn -0.723 -0.348 0.597
vn -0.730 -0.296 0.615
vn -0.708 -0.461 0.535
vn -0.669 0.416 0.616
vn -0.633 0.487 0.601
vn -0.713 0.310 0.629
vn -0.719 -0.352 0.600
vn -0.677 -0.484 0.555
vn -0.648 -0.591 0.481
vn -0.669 -0.500 0.550
vn -0.136 0.983 0.127
vn -0.204 0.961 0.186
vn -0.202 0.962 0.185
vn -0.626 -0.633 0.455
vn -0.624 -0.638 0.450
vn 0.007 1.000 -0.001
vn 0.005 1.000 -0.000
vn -0.565 -0.768 0.302
vn -0.591 -0.735 0.333
vn 0.008 1.000 -0.002
vn 0.007 1.000 -0.001
vn -0.565 -0.792 0.232
vn -0.568 -0.789 0.235
vn 0.008 1.000 -0.001
vn 0.008 1.000 -0.001
vn -0.561 -0.797 0.223
vn -0.542 -0.822 0.175
vn 0.008 1.000 0.000
vn -0.489 -0.863 0.126
vn 0.006 1.000 0.003
vn 0.007 1.000 0.002
vn 0.006 1.000 0.003
vn -0.404 -0.913 0.064
vn 0.008 1.000 0.008
vn 0.004 1.000 0.007
vn -0.300 -0.954 -0.017
vn 0.002 1.000 0.010
vn -0.191 -0.975 -0.116
vn 0.001 1.000 0.013
vn -0.071 -0.973 -0.218
vn 0.001 1.000 0.014
vn 0.065 -0.956 -0.286
vn 0.060 -0.957 -0.284
vn 0.003 1.000 0.015
vn 0.219 -0.923 -0.316
vn 0.005 1.000 0.015
vn 0.397 -0.810 -0.431
vn 0.365 -0.865 -0.344
vn 0.007 1.000 0.014
vn 0.488 -0.773 -0.404
vn 0.455 -0.803 -0.385
vn 0.284 0.920 -0.271
vn 0.104 0.990 -0.093
vn 0.590 -0.622 -0.515
vn 0.576 -0.654 -0.491
vn 0.286 0.915 -0.285
vn 0.639 0.375 -0.672
vn 0.543 0.626 -0.559
vn 0.669 -0.321 -0.670
vn 0.656 -0.460 -0.598
vn 0.643 -0.506 -0.575
vn 0.595 -0.614 -0.519
vn 0.643 0.359 -0.677
vn 0.656 0.226 -0.720
vn 0.657 0.120 -0.745
vn 0.660 0.179 -0.730
vn 0.670 0.010 -0.742
vn 0.690 -0.119 -0.714
vn 0.696 -0.213 -0.686
vn 0.692 -0.274 -0.668
vn 0.659 -0.450 -0.603
vn 0.663 0.119 -0.739
vn 0.680 0.015 -0.733
vn 0.694 -0.113 -0.711
vn -0.595 0.561 -0.575
vn -0.668 -0.499 -0.553
vn -0.686 -0.468 -0.557
vn -0.647 0.447 -0.618
vn -0.587 0.517 -0.623
vn -0.733 0.267 -0.626
vn -0.704 0.290 -0.648
vn -0.766 0.225 -0.603
vn -0.668 -0.376 -0.643
vn -0.720 -0.280 -0.635
vn -0.702 -0.371 -0.608
vn -0.771 0.219 -0.598
vn -0.708 0.288 -0.645
vn -0.798 0.149 -0.585
vn -0.761 0.162 -0.629
vn -0.794 0.001 -0.608
vn -0.768 -0.018 -0.640
vn -0.764 -0.154 -0.626
vn -0.732 -0.193 -0.653
vn -0.724 -0.267 -0.636
vn -0.691 -0.314 -0.651
vn -0.736 0.207 0.645
vn -0.742 0.093 0.664
vn -0.745 -0.042 0.666
vn -0.739 -0.199 0.644
vn -0.662 0.415 0.623
vn -0.687 0.313 0.656
vn -0.695 0.246 0.676
vn -0.701 0.210 0.681
vn -0.719 0.088 0.689
vn -0.731 -0.054 0.680
vn -0.729 -0.215 0.650
vn -0.704 -0.366 0.609
vn -0.720 -0.282 0.634
vn -0.673 -0.486 0.558
vn -0.204 0.961 0.186
vn -0.661 0.466 0.588
vn -0.677 0.425 0.601
vn -0.693 0.317 0.648
vn -0.711 -0.372 0.596
vn -0.684 -0.512 0.520
vn -0.690 -0.498 0.525
vn -0.626 -0.635 0.453
vn -0.273 0.935 0.225
vn -0.265 0.939 0.217
vn -0.686 -0.515 0.515
vn -0.631 -0.677 0.378
vn -0.656 -0.638 0.402
vn 0.006 1.000 -0.000
vn -0.627 -0.701 0.340
vn -0.611 -0.736 0.292
vn 0.008 1.000 -0.001
vn 0.006 1.000 -0.001
vn -0.544 -0.817 0.191
vn -0.564 -0.791 0.237
vn 0.007 1.000 0.000
vn 0.005 1.000 -0.001
vn -0.494 -0.850 0.181
vn -0.506 -0.836 0.211
vn 0.003 1.000 0.001
vn -0.441 -0.881 0.172
vn -0.434 -0.885 0.168
vn 0.001 1.000 0.004
vn -0.353 -0.931 0.091
vn -0.001 1.000 0.008
vn -0.256 -0.967 -0.003
vn -0.002 1.000 0.012
vn -0.136 -0.987 -0.090
vn -0.001 1.000 0.016
vn 0.051 -0.965 -0.256
vn 0.004 -0.989 -0.147
vn 0.001 1.000 0.018
vn 0.147 -0.974 -0.175
vn 0.030 -0.988 -0.152
vn 0.005 1.000 0.018
vn 0.270 -0.938 -0.216
vn 0.007 1.000 0.015
vn 0.466 -0.800 -0.377
vn 0.376 -0.879 -0.294
vn 0.006 1.000 0.011
vn 0.471 -0.786 -0.401
vn 0.469 -0.787 -0.400
vn 0.307 0.901 -0.306
vn 0.110 0.989 -0.098
vn 0.590 -0.610 -0.529
vn 0.549 -0.668 -0.502
vn 0.471 -0.785 -0.402
vn 0.329 0.890 -0.317
vn 0.662 0.344 -0.666
vn 0.572 0.603 -0.556
vn 0.661 0.224 -0.716
vn 0.695 -0.269 -0.667
vn 0.655 -0.440 -0.614
vn 0.621 -0.517 -0.590
vn 0.579 -0.607 -0.544
vn 0.681 0.334 -0.651
vn 0.711 0.211 -0.671
vn 0.723 0.120 -0.680
vn 0.722 0.163 -0.672
vn 0.721 0.027 -0.693
vn 0.714 -0.096 -0.694
vn 0.698 -0.216 -0.683
vn 0.690 -0.255 -0.677
vn 0.647 -0.437 -0.625
vn 0.730 0.118 -0.673
vn 0.731 0.022 -0.682
vn 0.717 -0.100 -0.690
vn -0.661 0.440 -0.607
vn -0.781 0.222 -0.583
vn -0.833 0.143 -0.535
vn -0.860 0.112 -0.499
vn -0.868 0.047 -0.495
vn -0.855 -0.074 -0.513
vn -0.863 -0.018 -0.505
vn -0.816 -0.208 -0.540
vn -0.750 -0.354 -0.559
vn -0.774 0.215 -0.595
vn -0.820 0.139 -0.555
vn -0.868 0.043 -0.495
vn -0.827 0.018 -0.562
vn -0.793 -0.129 -0.595
vn -0.729 -0.263 -0.632
vn -0.700 0.210 0.682
vn -0.722 0.081 0.687
vn -0.738 -0.065 0.672
vn -0.733 -0.219 0.644
vn -0.682 0.426 0.595
vn -0.727 0.322 0.607
vn -0.769 0.222 0.600
vn -0.770 0.209 0.603
vn -0.782 0.066 0.620
vn -0.792 -0.089 0.603
vn -0.791 -0.239 0.563
vn -0.794 -0.224 0.565
vn -0.747 -0.377 0.548
vn -0.273 0.935 0.225
vn -0.706 0.421 0.569
vn -0.715 0.405 0.570
vn -0.749 0.311 0.585
vn -0.792 -0.239 0.561
vn -0.768 -0.380 0.515
vn -0.714 -0.535 0.451
vn -0.756 -0.445 0.481
vn -0.340 0.892 0.297
vn -0.327 0.901 0.284
vn -0.707 0.416 0.571
vn -0.714 -0.558 0.422
vn -0.625 -0.717 0.310
vn -0.694 -0.609 0.384
vn 0.000 1.000 -0.001
vn -0.597 -0.748 0.290
vn -0.621 -0.717 0.317
vn 0.004 1.000 -0.003
vn -0.580 -0.759 0.295
vn -0.555 -0.781 0.286
vn 0.002 1.000 -0.001
vn -0.436 -0.884 0.171
vn -0.495 -0.831 0.252
vn -0.000 1.000 0.002
vn -0.379 -0.916 0.130
vn -0.422 -0.887 0.189
vn -0.001 1.000 0.008
vn -0.306 -0.949 0.077
vn -0.325 -0.939 0.110
vn -0.001 1.000 0.013
vn -0.197 -0.980 0.032
vn -0.201 -0.979 0.041
vn 0.001 1.000 0.018
vn -0.062 -0.998 -0.007
vn -0.059 -0.998 -0.008
vn 0.003 1.000 0.021
vn 0.069 -0.996 -0.051
vn -0.059 -0.998 -0.008
vn 0.005 1.000 0.020
vn 0.165 -0.980 -0.109
vn 0.006 1.000 0.015
vn 0.247 -0.949 -0.196
vn 0.005 1.000 0.010
vn 0.336 -0.891 -0.306
vn 0.004 1.000 0.009
vn 0.440 -0.788 -0.429
vn 0.430 -0.799 -0.420
vn 0.340 0.888 -0.310
vn 0.108 0.992 -0.067
vn 0.567 -0.613 -0.551
vn 0.526 -0.679 -0.511
vn 0.440 -0.788 -0.431
vn 0.436 0.812 -0.388
vn 0.693 0.330 -0.640
vn 0.541 0.683 -0.491
vn 0.716 0.212 -0.665
vn 0.689 -0.256 -0.679
vn 0.635 -0.436 -0.638
vn 0.609 -0.515 -0.603
vn 0.568 -0.607 -0.556
vn 0.704 0.328 -0.630
vn 0.735 0.216 -0.642
vn 0.735 0.215 -0.643
vn 0.749 0.108 -0.654
vn 0.739 -0.001 -0.674
vn 0.715 -0.125 -0.688
vn 0.690 -0.238 -0.684
vn 0.681 -0.271 -0.680
vn 0.638 -0.433 -0.636
vn 0.735 0.216 -0.643
vn 0.749 0.105 -0.654
vn 0.740 -0.013 -0.672
vn 0.717 -0.133 -0.685
vn -0.868 0.043 -0.495
vn -0.775 0.207 0.597
vn -0.809 0.058 0.585
vn -0.813 -0.095 0.575
vn -0.776 0.282 0.565
vn -0.840 0.165 0.517
vn -0.862 0.049 0.505
vn -0.852 -0.087 0.517
vn -0.822 -0.231 0.521
vn -0.778 -0.381 0.500
vn -0.339 0.893 0.297
vn -0.690 0.383 0.614
vn -0.740 0.278 0.613
vn -0.774 0.215 0.596
vn -0.839 0.136 0.527
vn -0.859 0.050 0.510
vn -0.849 -0.079 0.523
vn -0.816 -0.224 0.532
vn -0.770 -0.400 0.498
vn -0.784 -0.347 0.514
vn -0.711 -0.572 0.409
vn -0.337 0.876 0.346
vn -0.330 0.881 0.339
vn -0.689 0.367 0.625
vn -0.765 -0.407 0.499
vn -0.681 -0.615 0.399
vn -0.701 -0.571 0.428
vn 0.003 1.000 0.001
vn -0.670 -0.626 0.398
vn -0.569 -0.766 0.300
vn -0.628 -0.688 0.364
vn 0.002 1.000 -0.004
vn -0.547 -0.779 0.307
vn -0.565 -0.757 0.328
vn 0.001 1.000 0.001
vn -0.534 -0.788 0.308
vn -0.493 -0.821 0.287
vn 0.001 1.000 0.008
vn -0.391 -0.889 0.238
vn 0.003 1.000 0.015
vn -0.260 -0.948 0.185
vn 0.005 1.000 0.020
vn -0.060 -0.998 -0.008
vn -0.119 -0.985 0.126
vn 0.006 1.000 0.022
vn 0.009 -0.999 0.040
vn -0.006 -0.998 0.058
vn -0.001 -0.999 0.054
vn 0.006 1.000 0.021
vn 0.097 -0.994 -0.042
vn 0.083 -0.996 -0.029
vn 0.006 1.000 0.016
vn 0.151 -0.982 -0.116
vn 0.102 -0.993 -0.052
vn 0.005 1.000 0.009
vn 0.232 -0.950 -0.207
vn 0.005 1.000 0.008
vn 0.337 -0.891 -0.304
vn 0.003 1.000 0.012
vn 0.460 -0.784 -0.417
vn 0.451 -0.799 -0.399
vn 0.438 0.812 -0.386
vn 0.078 0.997 -0.024
vn 0.580 -0.599 -0.552
vn 0.562 -0.667 -0.488
vn 0.470 -0.780 -0.414
vn 0.514 0.727 -0.455
vn 0.469 0.782 -0.411
vn 0.699 0.332 -0.634
vn 0.681 -0.271 -0.681
vn 0.653 -0.418 -0.631
vn 0.649 -0.490 -0.582
vn 0.615 -0.575 -0.540
vn 0.518 0.722 -0.458
vn 0.698 0.324 -0.639
vn 0.717 0.210 -0.665
vn 0.713 0.238 -0.659
vn 0.727 0.095 -0.680
vn 0.726 -0.028 -0.687
vn 0.713 -0.146 -0.686
vn 0.704 -0.242 -0.668
vn 0.701 -0.265 -0.663
vn 0.675 -0.403 -0.618
vn 0.716 0.209 -0.667
vn 0.720 0.092 -0.688
vn 0.722 -0.030 -0.691
vn 0.715 -0.146 -0.683
vn -0.769 0.195 0.608
vn -0.827 0.106 0.552
vn -0.836 0.052 0.546
vn -0.827 -0.061 0.558
vn -0.805 -0.221 0.550
vn -0.337 0.875 0.346
vn -0.668 0.325 0.670
vn -0.722 0.133 0.679
vn -0.729 0.109 0.676
vn -0.768 0.052 0.638
vn -0.784 0.049 0.619
vn -0.788 -0.056 0.613
vn -0.771 -0.237 0.590
vn -0.739 -0.443 0.508
vn -0.771 -0.243 0.589
vn -0.315 0.885 0.342
vn -0.298 0.897 0.325
vn -0.667 0.321 0.672
vn -0.721 -0.476 0.504
vn -0.650 -0.648 0.396
vn -0.697 -0.541 0.471
vn 0.002 1.000 -0.004
vn -0.621 -0.670 0.407
vn -0.621 -0.670 0.407
vn 0.004 1.000 0.002
vn -0.510 -0.799 0.319
vn -0.544 -0.744 0.388
vn 0.006 1.000 0.010
vn -0.444 -0.818 0.365
vn -0.437 -0.823 0.364
vn 0.008 1.000 0.017
vn -0.310 -0.894 0.323
vn 0.009 1.000 0.021
vn -0.179 -0.951 0.252
vn 0.010 1.000 0.022
vn -0.009 -0.998 0.067
vn -0.067 -0.986 0.151
vn 0.009 1.000 0.020
vn -0.042 -0.992 0.120
vn 0.018 -0.999 0.045
vn 0.008 1.000 0.015
vn 0.123 -0.989 -0.083
vn 0.091 -0.995 -0.045
vn 0.007 1.000 0.009
vn 0.165 -0.979 -0.118
vn 0.146 -0.984 -0.099
vn 0.008 1.000 0.007
vn 0.259 -0.948 -0.187
vn 0.007 1.000 0.010
vn 0.372 -0.890 -0.265
vn 0.004 1.000 0.016
vn 0.515 -0.760 -0.395
vn 0.490 -0.798 -0.351
vn 0.042 0.999 0.009
vn 0.636 -0.557 -0.534
vn 0.602 -0.662 -0.447
vn 0.541 -0.745 -0.390
vn 0.528 0.716 -0.456
vn 0.408 0.848 -0.339
vn 0.698 0.323 -0.639
vn 0.702 -0.263 -0.662
vn 0.698 -0.377 -0.609
vn 0.689 -0.476 -0.546
vn 0.676 -0.516 -0.527
vn 0.537 0.706 -0.462
vn 0.717 0.299 -0.629
vn 0.727 0.187 -0.660
vn 0.728 0.235 -0.644
vn 0.726 0.086 -0.683
vn 0.731 -0.025 -0.682
vn 0.731 -0.133 -0.669
vn 0.731 -0.231 -0.642
vn 0.731 -0.238 -0.639
vn 0.718 -0.351 -0.601
vn 0.735 0.183 -0.653
vn 0.743 0.083 -0.664
vn 0.749 -0.022 -0.662
vn 0.743 -0.129 -0.657
vn 0.732 -0.230 -0.641
vn -0.728 0.107 0.678
vn -0.764 0.049 0.644
vn -0.770 0.048 0.636
vn -0.777 -0.057 0.627
vn -0.771 -0.237 0.591
vn -0.316 0.885 0.343
vn -0.678 0.285 0.678
vn -0.718 0.062 0.693
vn -0.727 0.021 0.687
vn -0.730 0.021 0.683
vn -0.735 0.024 0.678
vn -0.755 -0.095 0.649
vn -0.756 -0.287 0.588
vn -0.756 -0.117 0.643
vn -0.714 -0.492 0.499
vn -0.300 0.900 0.315
vn -0.285 0.910 0.300
vn -0.678 0.285 0.678
vn -0.718 0.062 0.693
vn -0.726 0.020 0.688
vn -0.751 -0.302 0.587
vn -0.689 -0.524 0.501
vn -0.695 -0.507 0.510
vn -0.621 -0.670 0.407
vn 0.008 1.000 0.005
vn -0.686 -0.525 0.504
vn -0.576 -0.679 0.456
vn -0.595 -0.639 0.487
vn 0.012 1.000 0.013
vn -0.554 -0.679 0.482
vn -0.439 -0.819 0.371
vn -0.481 -0.733 0.481
vn 0.014 1.000 0.018
vn -0.369 -0.815 0.447
vn -0.358 -0.822 0.443
vn 0.015 1.000 0.021
vn -0.248 -0.899 0.362
vn 0.014 1.000 0.022
vn -0.149 -0.958 0.246
vn 0.012 1.000 0.019
vn -0.084 -0.983 0.163
vn -0.058 -0.990 0.128
vn 0.011 1.000 0.014
vn 0.028 -0.999 0.032
vn 0.011 1.000 0.009
vn 0.156 -0.982 -0.105
vn 0.106 -0.994 -0.039
vn 0.012 1.000 0.007
vn 0.199 -0.973 -0.113
vn 0.182 -0.979 -0.093
vn 0.012 1.000 0.009
vn 0.266 -0.952 -0.152
vn 0.216 -0.969 -0.118
vn 0.010 1.000 0.012
vn 0.363 -0.903 -0.230
vn 0.006 1.000 0.015
vn 0.553 -0.734 -0.394
vn 0.468 -0.822 -0.324
vn 0.012 1.000 0.017
vn 0.678 -0.510 -0.529
vn 0.572 -0.701 -0.427
vn 0.558 -0.720 -0.412
vn 0.528 0.740 -0.417
vn 0.353 0.906 -0.236
vn 0.721 0.304 -0.623
vn 0.724 -0.338 -0.601
vn 0.684 -0.484 -0.545
vn 0.676 -0.505 -0.537
vn 0.555 0.715 -0.426
vn 0.769 0.286 -0.572
vn 0.773 0.272 -0.573
vn 0.782 0.172 -0.599
vn 0.785 0.080 -0.615
vn 0.783 -0.023 -0.622
vn 0.773 -0.130 -0.621
vn 0.758 -0.222 -0.613
vn 0.750 -0.271 -0.604
vn 0.734 -0.323 -0.597
vn 0.685 -0.482 -0.547
vn 0.775 0.272 -0.570
vn 0.802 0.169 -0.573
vn 0.819 0.075 -0.569
vn 0.817 -0.033 -0.576
vn 0.795 -0.138 -0.590
vn 0.766 -0.225 -0.603
vn -0.734 0.023 0.679
vn -0.755 -0.096 0.649
vn -0.301 0.900 0.315
vn -0.684 0.264 0.679
vn -0.707 0.057 0.705
vn -0.704 0.011 0.710
vn -0.717 -0.019 0.697
vn -0.740 -0.160 0.653
vn -0.738 -0.337 0.585
vn -0.305 0.896 0.324
vn -0.277 0.914 0.296
vn -0.681 0.265 0.683
vn -0.706 0.057 0.706
vn -0.702 0.011 0.712
vn -0.717 -0.019 0.697
vn -0.736 -0.167 0.657
vn -0.714 -0.353 0.605
vn -0.648 -0.523 0.554
vn -0.669 -0.455 0.588
vn 0.016 1.000 0.016
vn -0.631 -0.518 0.578
vn -0.520 -0.660 0.542
vn -0.545 -0.606 0.579
vn 0.018 1.000 0.019
vn -0.505 -0.651 0.567
vn -0.366 -0.812 0.454
vn -0.429 -0.725 0.539
vn 0.018 1.000 0.021
vn -0.363 -0.799 0.480
vn -0.334 -0.829 0.448
vn 0.016 1.000 0.020
vn -0.253 -0.908 0.333
vn 0.014 1.000 0.017
vn -0.116 -0.978 0.176
vn -0.167 -0.961 0.218
vn 0.012 1.000 0.014
vn -0.141 -0.972 0.189
vn -0.078 -0.990 0.118
vn 0.013 1.000 0.010
vn 0.005 -0.999 0.036
vn 0.015 1.000 0.008
vn 0.076 -0.997 -0.023
vn 0.017 1.000 0.008
vn 0.225 -0.966 -0.126
vn 0.142 -0.987 -0.074
vn 0.016 1.000 0.010
vn 0.236 -0.960 -0.152
vn 0.217 -0.966 -0.139
vn 0.013 1.000 0.012
vn 0.303 -0.925 -0.228
vn 0.235 -0.959 -0.158
vn 0.009 1.000 0.013
vn 0.554 -0.721 -0.416
vn 0.402 -0.856 -0.325
vn 0.006 1.000 0.015
vn 0.527 -0.729 -0.437
vn 0.509 -0.748 -0.425
vn 0.510 0.785 -0.351
vn 0.245 0.963 -0.111
vn 0.733 -0.326 -0.597
vn 0.671 -0.490 -0.557
vn 0.635 -0.560 -0.532
vn 0.525 -0.729 -0.439
vn 0.585 0.694 -0.420
vn 0.788 0.278 -0.549
vn 0.683 0.527 -0.505
vn 0.813 0.176 -0.555
vn 0.827 0.073 -0.557
vn 0.823 -0.040 -0.567
vn 0.801 -0.154 -0.578
vn 0.770 -0.250 -0.587
vn 0.730 -0.346 -0.589
vn 0.728 -0.352 -0.589
vn 0.667 -0.493 -0.558
vn 0.779 0.281 -0.560
vn 0.794 0.183 -0.579
vn 0.798 0.137 -0.587
vn 0.806 0.071 -0.588
vn 0.802 -0.055 -0.594
vn 0.788 -0.143 -0.598
vn 0.784 -0.175 -0.596
vn 0.762 -0.266 -0.591
vn 0.730 -0.347 -0.589
vn 0.798 0.071 -0.598
vn 0.793 -0.056 -0.606
vn -0.307 0.895 0.325
vn -0.679 0.256 0.688
vn -0.697 0.063 0.715
vn -0.699 -0.000 0.715
vn -0.712 -0.062 0.700
vn -0.714 -0.207 0.669
vn -0.696 -0.360 0.621
vn -0.349 0.867 0.355
vn -0.287 0.911 0.296
vn -0.679 0.255 0.689
vn -0.697 0.063 0.714
vn -0.699 -0.001 0.715
vn -0.712 -0.062 0.700
vn -0.710 -0.210 0.672
vn -0.672 -0.352 0.651
vn -0.605 -0.491 0.627
vn -0.633 -0.421 0.649
vn 0.018 1.000 0.020
vn -0.602 -0.479 0.639
vn -0.509 -0.619 0.597
vn -0.529 -0.589 0.611
vn 0.017 1.000 0.019
vn -0.515 -0.615 0.598
vn -0.384 -0.790 0.478
vn -0.448 -0.731 0.516
vn 0.015 1.000 0.017
vn -0.415 -0.784 0.462
vn -0.379 -0.834 0.401
vn 0.012 1.000 0.015
vn -0.309 -0.903 0.298
vn 0.011 1.000 0.013
vn -0.198 -0.962 0.185
vn -0.228 -0.952 0.202
vn 0.012 1.000 0.012
vn -0.212 -0.959 0.186
vn -0.144 -0.983 0.115
vn 0.015 1.000 0.011
vn -0.066 -0.997 0.046
vn 0.019 1.000 0.010
vn 0.005 -1.000 -0.007
vn 0.019 1.000 0.009
vn 0.074 -0.995 -0.065
vn 0.017 1.000 0.009
vn 0.208 -0.962 -0.176
vn 0.152 -0.978 -0.144
vn 0.014 1.000 0.010
vn 0.242 -0.942 -0.233
vn 0.191 -0.964 -0.183
vn 0.012 1.000 0.012
vn 0.343 -0.883 -0.322
vn 0.011 1.000 0.014
vn 0.496 -0.746 -0.444
vn 0.455 -0.786 -0.419
vn 0.564 0.719 -0.406
vn 0.126 0.991 -0.033
vn 0.647 -0.510 -0.567
vn 0.578 -0.617 -0.534
vn 0.485 -0.751 -0.448
vn 0.586 0.658 -0.473
vn 0.496 0.769 -0.404
vn 0.752 0.290 -0.592
vn 0.789 0.184 -0.586
vn 0.780 -0.177 -0.600
vn 0.739 -0.282 -0.612
vn 0.685 -0.380 -0.621
vn 0.663 -0.419 -0.620
vn 0.624 -0.523 -0.581
vn 0.578 0.651 -0.492
vn 0.707 0.290 -0.644
vn 0.711 0.205 -0.673
vn 0.717 0.176 -0.675
vn 0.720 0.061 -0.692
vn 0.713 -0.062 -0.698
vn 0.691 -0.183 -0.699
vn 0.684 -0.206 -0.700
vn 0.681 -0.289 -0.673
vn 0.670 -0.384 -0.635
vn 0.710 0.174 -0.682
vn 0.698 0.055 -0.714
vn 0.689 -0.063 -0.722
vn 0.684 -0.183 -0.706
vn -0.352 0.865 0.357
vn -0.699 0.253 0.668
vn -0.727 0.058 0.684
vn -0.736 -0.014 0.677
vn -0.737 -0.073 0.672
vn -0.713 -0.204 0.671
vn -0.667 -0.343 0.661
vn -0.440 0.803 0.402
vn -0.353 0.881 0.314
vn -0.705 0.244 0.665
vn -0.728 0.058 0.683
vn -0.738 -0.015 0.675
vn -0.739 -0.072 0.670
vn -0.720 -0.196 0.666
vn -0.681 -0.315 0.661
vn -0.619 -0.447 0.645
vn -0.651 -0.388 0.653
vn -0.026 1.000 0.017
vn -0.632 -0.439 0.639
vn -0.569 -0.594 0.569
vn -0.577 -0.582 0.573
vn 0.012 1.000 0.015
vn -0.572 -0.593 0.566
vn -0.452 -0.779 0.434
vn -0.511 -0.724 0.462
vn 0.008 1.000 0.013
vn -0.477 -0.776 0.413
vn -0.445 -0.818 0.364
vn 0.007 1.000 0.014
vn -0.377 -0.883 0.281
vn 0.009 1.000 0.015
vn -0.230 -0.960 0.161
vn -0.297 -0.934 0.199
vn 0.014 1.000 0.015
vn -0.244 -0.958 0.152
vn -0.212 -0.969 0.124
vn 0.018 1.000 0.012
vn -0.135 -0.989 0.064
vn 0.019 1.000 0.008
vn -0.067 -0.998 0.007
vn 0.017 1.000 0.006
vn 0.008 -0.998 -0.063
vn 0.015 1.000 0.009
vn 0.150 -0.973 -0.177
vn 0.097 -0.985 -0.146
vn 0.015 1.000 0.012
vn 0.194 -0.954 -0.229
vn 0.128 -0.977 -0.172
vn 0.017 1.000 0.015
vn 0.290 -0.901 -0.322
vn 0.019 1.000 0.016
vn 0.440 -0.771 -0.460
vn 0.390 -0.812 -0.434
vn 0.065 0.998 -0.025
vn 0.588 -0.540 -0.603
vn 0.503 -0.648 -0.572
vn 0.417 -0.780 -0.467
vn 0.555 0.650 -0.519
vn 0.433 0.806 -0.403
vn 0.699 0.289 -0.654
vn 0.662 -0.291 -0.691
vn 0.613 -0.398 -0.682
vn 0.593 -0.431 -0.680
vn 0.549 -0.554 -0.626
vn 0.552 0.647 -0.525
vn 0.686 0.277 -0.673
vn 0.694 0.145 -0.705
vn 0.694 0.172 -0.700
vn 0.685 0.035 -0.727
vn 0.676 -0.070 -0.734
vn 0.663 -0.167 -0.729
vn 0.660 -0.183 -0.728
vn 0.634 -0.291 -0.716
vn 0.604 -0.399 -0.690
vn 0.695 0.143 -0.705
vn 0.690 0.030 -0.723
vn 0.680 -0.073 -0.730
vn -0.441 0.807 0.393
vn -0.728 0.252 0.638
vn -0.757 0.053 0.652
vn -0.755 -0.017 0.656
vn -0.750 -0.061 0.659
vn -0.729 -0.175 0.662
vn -0.687 -0.303 0.660
vn -0.502 0.749 0.432
vn -0.476 0.779 0.408
vn -0.736 0.239 0.634
vn -0.760 0.055 0.648
vn -0.754 -0.015 0.657
vn -0.748 -0.057 0.661
vn -0.730 -0.166 0.663
vn -0.702 -0.286 0.652
vn -0.658 -0.426 0.621
vn -0.685 -0.353 0.637
vn -0.105 0.993 0.051
vn -0.663 -0.427 0.616
vn -0.598 -0.600 0.531
vn -0.613 -0.571 0.546
vn 0.006 1.000 0.011
vn -0.599 -0.603 0.527
vn -0.486 -0.781 0.392
vn -0.541 -0.716 0.442
vn 0.005 1.000 0.014
vn -0.488 -0.789 0.373
vn -0.473 -0.807 0.354
vn 0.007 1.000 0.019
vn -0.404 -0.870 0.282
vn 0.012 1.000 0.020
vn -0.237 -0.961 0.142
vn -0.328 -0.921 0.209
vn 0.016 1.000 0.014
vn -0.223 -0.967 0.120
vn -0.253 -0.958 0.139
vn 0.017 1.000 0.007
vn -0.222 -0.969 0.109
vn -0.189 -0.979 0.076
vn 0.015 1.000 0.005
vn -0.126 -0.992 0.016
vn 0.015 1.000 0.008
vn -0.043 -0.998 -0.052
vn 0.017 1.000 0.015
vn 0.060 -0.989 -0.136
vn 0.060 -0.989 -0.136
vn 0.021 1.000 0.019
vn 0.157 -0.959 -0.237
vn 0.060 -0.989 -0.136
vn 0.025 1.000 0.017
vn 0.242 -0.904 -0.353
vn 0.024 1.000 0.014
vn 0.339 -0.806 -0.486
vn 0.330 -0.812 -0.481
vn 0.060 0.998 -0.025
vn 0.505 -0.580 -0.639
vn 0.456 -0.643 -0.614
vn 0.335 -0.807 -0.486
vn 0.567 0.632 -0.529
vn 0.427 0.820 -0.382
vn 0.688 0.273 -0.673
vn 0.661 -0.184 -0.727
vn 0.642 -0.301 -0.705
vn 0.592 -0.433 -0.680
vn 0.590 -0.437 -0.679
vn 0.489 -0.594 -0.639
vn 0.580 0.619 -0.530
vn 0.707 0.261 -0.657
vn 0.727 0.132 -0.674
vn 0.724 0.179 -0.667
vn 0.731 0.023 -0.682
vn 0.726 -0.082 -0.682
vn 0.716 -0.180 -0.674
vn 0.711 -0.202 -0.673
vn 0.664 -0.319 -0.677
vn 0.592 -0.434 -0.679
vn 0.729 0.132 -0.672
vn 0.737 0.022 -0.675
vn 0.732 -0.084 -0.676
vn -0.500 0.752 0.429
vn -0.727 0.254 0.637
vn -0.744 0.079 0.663
vn -0.719 0.004 0.695
vn -0.709 -0.050 0.703
vn -0.706 -0.164 0.689
vn -0.696 -0.285 0.659
vn -0.358 0.882 0.307
vn -0.616 0.552 0.562
vn -0.728 0.268 0.631
vn -0.730 0.099 0.676
vn -0.699 0.018 0.715
vn -0.688 -0.048 0.724
vn -0.677 -0.169 0.717
vn -0.657 -0.303 0.691
vn -0.639 -0.447 0.626
vn -0.644 -0.368 0.671
vn -0.394 0.843 0.366
vn -0.144 0.981 0.128
vn -0.623 -0.463 0.631
vn -0.571 -0.640 0.514
vn -0.581 -0.601 0.550
vn 0.007 1.000 0.015
vn -0.560 -0.655 0.508
vn -0.482 -0.796 0.367
vn -0.518 -0.735 0.437
vn 0.008 1.000 0.022
vn -0.457 -0.818 0.350
vn -0.461 -0.813 0.354
vn 0.011 1.000 0.023
vn -0.456 -0.819 0.348
vn -0.401 -0.871 0.284
vn 0.013 1.000 0.017
vn -0.339 -0.918 0.208
vn 0.014 1.000 0.007
vn -0.209 -0.974 0.090
vn -0.284 -0.949 0.138
vn 0.015 1.000 0.004
vn -0.183 -0.982 0.054
vn -0.230 -0.969 0.086
vn 0.016 1.000 0.010
vn -0.140 -0.990 0.024
vn -0.160 -0.986 0.039
vn 0.019 1.000 0.019
vn 0.059 -0.989 -0.135
vn -0.063 -0.997 -0.033
vn 0.023 0.999 0.023
vn 0.042 -0.988 -0.146
vn 0.026 0.999 0.019
vn 0.136 -0.952 -0.275
vn 0.026 1.000 0.011
vn 0.222 -0.891 -0.397
vn 0.023 1.000 0.007
vn 0.330 -0.794 -0.511
vn 0.285 -0.836 -0.469
vn 0.053 0.999 -0.007
vn 0.480 -0.643 -0.597
vn 0.478 -0.647 -0.594
vn 0.588 0.606 -0.536
vn 0.382 0.860 -0.337
vn 0.709 0.261 -0.656
vn 0.713 -0.203 -0.672
vn 0.678 -0.337 -0.653
vn 0.625 -0.478 -0.618
vn 0.617 -0.488 -0.617
vn 0.480 -0.644 -0.595
vn 0.590 0.591 -0.550
vn 0.701 0.260 -0.664
vn 0.723 0.137 -0.678
vn 0.709 0.219 -0.670
vn 0.733 0.025 -0.680
vn 0.732 -0.084 -0.676
vn 0.722 -0.209 -0.660
vn 0.719 -0.229 -0.656
vn 0.690 -0.350 -0.633
vn 0.720 0.139 -0.680
vn 0.728 0.026 -0.685
vn 0.729 -0.083 -0.679
vn 0.722 -0.209 -0.660
vn -0.706 0.287 0.647
vn -0.685 0.149 0.713
vn -0.641 0.057 0.765
vn -0.628 -0.043 0.777
vn -0.630 -0.181 0.756
vn -0.639 -0.311 0.704
vn -0.357 0.864 0.355
vn -0.605 0.504 0.617
vn -0.669 0.323 0.669
vn -0.666 0.178 0.725
vn -0.631 0.069 0.772
vn -0.622 -0.041 0.782
vn -0.615 -0.188 0.765
vn -0.605 -0.344 0.718
vn -0.589 -0.505 0.631
vn -0.594 -0.449 0.668
vn -0.376 0.838 0.395
vn -0.153 0.974 0.168
vn -0.585 -0.523 0.620
vn -0.538 -0.690 0.485
vn -0.555 -0.650 0.519
vn 0.011 1.000 0.023
vn -0.534 -0.703 0.469
vn -0.507 -0.753 0.420
vn 0.010 1.000 0.025
vn -0.435 -0.838 0.331
vn -0.454 -0.819 0.350
vn 0.010 1.000 0.018
vn -0.430 -0.846 0.317
vn -0.398 -0.877 0.270
vn 0.012 1.000 0.009
vn -0.349 -0.917 0.192
vn 0.015 1.000 0.006
vn -0.302 -0.942 0.145
vn 0.018 1.000 0.012
vn -0.243 -0.962 0.120
vn 0.021 1.000 0.022
vn -0.162 -0.984 0.068
vn 0.022 0.999 0.026
vn -0.059 -0.997 -0.041
vn 0.023 1.000 0.020
vn 0.049 -0.982 -0.183
vn 0.024 1.000 0.010
vn 0.151 -0.939 -0.308
vn 0.023 1.000 0.004
vn 0.283 -0.850 -0.443
vn 0.258 -0.879 -0.400
vn 0.021 1.000 0.004
vn 0.395 -0.790 -0.469
vn 0.290 -0.860 -0.419
vn 0.031 1.000 -0.000
vn 0.619 -0.491 -0.613
vn 0.536 -0.668 -0.516
vn 0.525 -0.680 -0.513
vn 0.588 0.585 -0.559
vn 0.346 0.880 -0.324
vn 0.700 0.261 -0.665
vn 0.694 -0.350 -0.629
vn 0.646 -0.504 -0.573
vn 0.644 -0.509 -0.571
vn 0.588 0.578 -0.566
vn 0.685 0.257 -0.682
vn 0.700 0.140 -0.700
vn 0.689 0.227 -0.689
vn 0.710 0.032 -0.703
vn 0.715 -0.073 -0.696
vn 0.709 -0.194 -0.678
vn 0.704 -0.240 -0.669
vn 0.691 -0.340 -0.638
vn 0.647 -0.504 -0.573
vn 0.694 0.140 -0.706
vn 0.702 0.034 -0.712
vn 0.709 -0.070 -0.702
vn 0.707 -0.193 -0.681
vn -0.660 0.338 0.671
vn -0.654 0.223 0.723
vn -0.644 0.122 0.755
vn -0.641 0.104 0.761
vn -0.640 -0.039 0.767
vn -0.632 -0.203 0.748
vn -0.640 -0.131 0.757
vn -0.608 -0.361 0.707
vn -0.381 0.836 0.396
vn -0.605 0.516 0.606
vn -0.658 0.363 0.660
vn -0.657 0.235 0.716
vn -0.637 -0.205 0.743
vn -0.634 -0.384 0.671
vn -0.600 -0.559 0.572
vn -0.623 -0.510 0.594
vn -0.420 0.802 0.424
vn -0.185 0.965 0.185
vn -0.610 -0.566 0.554
vn -0.536 -0.715 0.449
vn -0.578 -0.658 0.483
vn 0.010 1.000 0.023
vn -0.539 -0.719 0.438
vn -0.518 -0.748 0.414
vn 0.008 1.000 0.018
vn -0.421 -0.857 0.298
vn -0.456 -0.824 0.337
vn 0.010 1.000 0.012
vn -0.406 -0.875 0.262
vn -0.398 -0.883 0.249
vn 0.015 1.000 0.010
vn -0.347 -0.917 0.197
vn 0.020 1.000 0.016
vn -0.295 -0.938 0.183
vn 0.021 1.000 0.023
vn -0.233 -0.960 0.154
vn 0.020 0.999 0.025
vn -0.147 -0.987 0.065
vn 0.019 1.000 0.020
vn -0.037 -0.997 -0.071
vn 0.019 1.000 0.011
vn 0.080 -0.977 -0.200
vn 0.021 1.000 0.004
vn 0.200 -0.937 -0.285
vn 0.021 1.000 0.001
vn 0.332 -0.876 -0.350
vn 0.325 -0.883 -0.337
vn 0.018 1.000 0.001
vn 0.529 -0.680 -0.507
vn 0.456 -0.799 -0.392
vn 0.338 -0.876 -0.343
vn 0.019 1.000 -0.002
vn 0.569 -0.672 -0.474
vn 0.564 -0.680 -0.467
vn 0.590 0.570 -0.572
vn 0.334 0.887 -0.319
vn 0.684 0.256 -0.683
vn 0.689 -0.332 -0.645
vn 0.646 -0.483 -0.591
vn 0.637 -0.509 -0.579
vn 0.570 -0.671 -0.474
vn 0.589 0.558 -0.584
vn 0.665 0.235 -0.709
vn 0.671 0.139 -0.728
vn 0.667 0.196 -0.719
vn 0.687 0.045 -0.725
vn 0.697 -0.059 -0.714
vn 0.689 -0.180 -0.702
vn 0.681 -0.231 -0.695
vn 0.670 -0.318 -0.670
vn 0.643 -0.479 -0.597
vn 0.666 0.138 -0.733
vn 0.678 0.050 -0.733
vn 0.690 -0.054 -0.722
vn 0.686 -0.180 -0.705
vn -0.643 0.105 0.759
vn -0.646 -0.039 0.762
vn -0.673 0.369 0.641
vn -0.703 0.255 0.664
vn -0.717 0.169 0.677
vn -0.714 0.117 0.690
vn -0.719 -0.046 0.694
vn -0.715 -0.224 0.662
vn -0.719 -0.199 0.666
vn -0.669 -0.399 0.627
vn -0.436 0.800 0.413
vn -0.664 0.461 0.589
vn -0.699 0.375 0.609
vn -0.713 0.257 0.653
vn -0.717 -0.225 0.660
vn -0.696 -0.410 0.590
vn -0.633 -0.575 0.518
vn -0.675 -0.496 0.547
vn -0.491 0.746 0.449
vn -0.255 0.942 0.219
vn -0.639 -0.574 0.512
vn -0.542 -0.719 0.435
vn -0.606 -0.631 0.484
vn -0.025 0.999 0.020
vn -0.544 -0.723 0.426
vn -0.535 -0.736 0.414
vn 0.009 1.000 0.016
vn -0.405 -0.878 0.255
vn -0.467 -0.824 0.321
vn 0.014 1.000 0.016
vn -0.386 -0.893 0.232
vn -0.403 -0.880 0.252
vn 0.019 1.000 0.019
vn -0.376 -0.895 0.239
vn -0.348 -0.908 0.232
vn 0.020 1.000 0.022
vn -0.297 -0.930 0.217
vn 0.017 1.000 0.023
vn -0.231 -0.960 0.156
vn 0.014 1.000 0.019
vn -0.137 -0.990 0.043
vn 0.013 1.000 0.012
vn -0.020 -0.997 -0.078
vn 0.015 1.000 0.005
vn 0.107 -0.981 -0.163
vn 0.016 1.000 0.000
vn 0.232 -0.948 -0.216
vn 0.016 1.000 -0.003
vn 0.372 -0.879 -0.298
vn 0.348 -0.897 -0.271
vn 0.012 1.000 -0.003
vn 0.453 -0.813 -0.367
vn 0.380 -0.876 -0.298
vn 0.013 1.000 -0.008
vn 0.554 -0.653 -0.516
vn 0.531 -0.683 -0.501
vn 0.587 0.544 -0.599
vn 0.335 0.874 -0.352
vn 0.664 0.233 -0.711
vn 0.660 -0.316 -0.681
vn 0.601 -0.467 -0.648
vn 0.585 -0.497 -0.640
vn 0.543 -0.651 -0.531
vn 0.562 0.547 -0.621
vn 0.634 0.214 -0.743
vn 0.631 0.142 -0.762
vn 0.631 0.148 -0.762
vn 0.649 0.068 -0.758
vn 0.661 -0.044 -0.750
vn 0.649 -0.180 -0.739
vn 0.643 -0.205 -0.738
vn 0.626 -0.321 -0.711
vn 0.592 -0.468 -0.656
vn 0.631 0.142 -0.763
vn 0.644 0.072 -0.761
vn 0.654 -0.040 -0.755
vn 0.647 -0.180 -0.741
vn -0.723 0.118 0.681
vn -0.731 -0.046 0.681
vn -0.711 0.373 0.596
vn -0.748 0.261 0.610
vn -0.768 0.121 0.629
vn -0.773 0.028 0.633
vn -0.772 -0.056 0.633
vn -0.755 -0.241 0.610
vn -0.772 -0.078 0.631
vn -0.710 -0.414 0.569
vn -0.502 0.752 0.427
vn -0.720 0.383 0.579
vn -0.728 0.364 0.581
vn -0.756 0.260 0.601
vn -0.768 0.121 0.628
vn -0.758 -0.244 0.605
vn -0.717 -0.416 0.559
vn -0.646 -0.570 0.507
vn -0.706 -0.448 0.549
vn -0.532 0.714 0.455
vn -0.364 0.879 0.308
vn -0.653 -0.565 0.505
vn -0.547 -0.723 0.422
vn -0.639 -0.594 0.488
vn -0.076 0.996 0.052
vn -0.556 -0.735 0.388
vn -0.573 -0.715 0.401
vn 0.014 1.000 0.020
vn -0.556 -0.738 0.383
vn -0.501 -0.803 0.323
vn 0.017 1.000 0.021
vn -0.373 -0.895 0.246
vn -0.433 -0.855 0.285
vn 0.016 1.000 0.021
vn -0.379 -0.886 0.267
vn -0.376 -0.888 0.267
vn 0.014 1.000 0.020
vn -0.321 -0.919 0.228
vn 0.010 1.000 0.016
vn -0.247 -0.958 0.144
vn 0.008 1.000 0.012
vn -0.147 -0.988 0.044
vn 0.008 1.000 0.007
vn -0.027 -0.999 -0.037
vn 0.009 1.000 0.001
vn 0.095 -0.991 -0.097
vn 0.011 1.000 -0.003
vn 0.209 -0.964 -0.167
vn 0.014 1.000 -0.004
vn 0.373 -0.873 -0.314
vn 0.309 -0.911 -0.272
vn 0.016 1.000 -0.002
vn 0.394 -0.814 -0.427
vn 0.353 -0.868 -0.349
vn 0.024 0.999 -0.044
vn 0.476 -0.646 -0.597
vn 0.459 -0.664 -0.590
vn 0.562 0.524 -0.640
vn 0.411 0.778 -0.474
vn 0.632 0.209 -0.747
vn 0.605 -0.327 -0.726
vn 0.529 -0.476 -0.702
vn 0.526 -0.486 -0.698
vn 0.465 -0.648 -0.603
vn 0.545 0.547 -0.635
vn 0.631 0.208 -0.747
vn 0.629 0.146 -0.764
vn 0.631 0.079 -0.772
vn 0.628 -0.038 -0.777
vn 0.631 0.051 -0.774
vn 0.625 -0.076 -0.777
vn 0.611 -0.191 -0.768
vn 0.578 -0.344 -0.740
vn 0.628 -0.038 -0.777
vn -0.773 -0.056 0.632
vn -0.728 0.364 0.581
vn -0.757 0.263 0.598
vn -0.779 0.128 0.614
vn -0.786 -0.061 0.615
vn -0.764 -0.254 0.593
vn -0.718 -0.418 0.556
vn -0.522 0.729 0.443
vn -0.722 0.357 0.593
vn -0.741 0.319 0.591
vn -0.761 0.257 0.595
vn -0.785 0.127 0.606
vn -0.792 -0.062 0.608
vn -0.775 -0.256 0.578
vn -0.733 -0.420 0.536
vn -0.747 -0.385 0.542
vn -0.657 -0.565 0.498
vn -0.546 0.687 0.480
vn -0.497 0.748 0.440
vn -0.729 0.350 0.589
vn -0.737 -0.418 0.531
vn -0.680 -0.567 0.464
vn -0.695 -0.544 0.470
vn -0.140 0.984 0.111
vn -0.684 -0.566 0.460
vn -0.558 -0.748 0.361
vn -0.631 -0.663 0.403
vn 0.013 1.000 0.021
vn -0.560 -0.745 0.363
vn -0.544 -0.760 0.356
vn 0.013 1.000 0.020
vn -0.379 -0.885 0.269
vn -0.467 -0.820 0.330
vn 0.011 1.000 0.017
vn -0.381 -0.883 0.274
vn -0.401 -0.869 0.290
vn 0.008 1.000 0.013
vn -0.379 -0.886 0.268
vn -0.340 -0.913 0.226
vn 0.005 1.000 0.010
vn -0.262 -0.954 0.148
vn 0.004 1.000 0.006
vn -0.162 -0.983 0.081
vn 0.004 1.000 0.003
vn -0.048 -0.999 0.020
vn 0.008 1.000 0.001
vn 0.068 -0.996 -0.058
vn 0.015 1.000 0.001
vn 0.177 -0.968 -0.177
vn 0.021 1.000 0.002
vn 0.329 -0.863 -0.384
vn 0.271 -0.899 -0.343
vn 0.025 1.000 0.005
vn 0.357 -0.776 -0.520
vn 0.302 -0.861 -0.408
vn 0.072 0.992 -0.103
vn 0.523 -0.487 -0.699
vn 0.444 -0.622 -0.645
vn 0.425 -0.660 -0.620
vn 0.585 0.495 -0.643
vn 0.559 0.563 -0.608
vn 0.627 0.210 -0.751
vn 0.632 0.146 -0.761
vn 0.631 0.079 -0.771
vn 0.609 -0.194 -0.769
vn 0.567 -0.358 -0.742
vn 0.542 -0.430 -0.722
vn 0.507 -0.513 -0.693
vn 0.586 0.500 -0.637
vn 0.642 0.219 -0.735
vn 0.665 0.148 -0.732
vn 0.674 0.066 -0.735
vn 0.660 -0.062 -0.749
vn 0.622 -0.218 -0.752
vn 0.569 -0.367 -0.736
vn -0.761 0.254 0.597
vn -0.798 0.118 0.591
vn -0.811 -0.073 0.581
vn -0.784 -0.263 0.562
vn -0.542 0.693 0.476
vn -0.731 0.343 0.590
vn -0.773 0.231 0.590
vn -0.776 0.221 0.591
vn -0.816 0.095 0.570
vn -0.830 -0.083 0.552
vn -0.811 -0.266 0.520
vn -0.755 -0.421 0.503
vn -0.810 -0.272 0.519
vn -0.537 0.694 0.479
vn -0.634 0.534 0.558
vn -0.733 0.336 0.591
vn -0.761 -0.416 0.498
vn -0.683 -0.574 0.451
vn -0.741 -0.462 0.488
vn -0.557 0.661 0.502
vn -0.204 0.963 0.176
vn -0.669 -0.575 0.471
vn -0.554 -0.747 0.367
vn -0.644 -0.609 0.464
vn -0.004 1.000 0.018
vn -0.520 -0.754 0.402
vn -0.536 -0.730 0.424
vn 0.007 1.000 0.015
vn -0.512 -0.756 0.407
vn -0.455 -0.812 0.366
vn 0.006 1.000 0.011
vn -0.365 -0.895 0.255
vn -0.394 -0.870 0.295
vn 0.005 1.000 0.007
vn -0.346 -0.906 0.244
vn -0.334 -0.914 0.231
vn 0.004 1.000 0.005
vn -0.255 -0.950 0.182
vn 0.005 1.000 0.006
vn -0.154 -0.979 0.133
vn 0.010 1.000 0.008
vn -0.037 -0.998 0.057
vn 0.016 1.000 0.009
vn 0.082 -0.994 -0.067
vn 0.023 1.000 0.008
vn 0.192 -0.952 -0.240
vn 0.027 1.000 0.007
vn 0.305 -0.849 -0.431
vn 0.299 -0.857 -0.419
vn 0.029 1.000 0.007
vn 0.432 -0.659 -0.615
vn 0.416 -0.726 -0.547
vn 0.308 -0.849 -0.429
vn 0.138 0.980 -0.144
vn 0.530 -0.512 -0.676
vn 0.528 -0.576 -0.624
vn 0.472 -0.663 -0.582
vn 0.615 0.485 -0.622
vn 0.670 0.233 -0.705
vn 0.646 0.395 -0.653
vn 0.685 0.150 -0.713
vn 0.687 0.063 -0.724
vn 0.671 -0.067 -0.738
vn 0.646 -0.229 -0.728
vn 0.622 -0.376 -0.686
vn 0.622 -0.393 -0.677
vn 0.567 -0.511 -0.647
vn 0.684 0.244 -0.688
vn 0.720 0.169 -0.674
vn 0.749 0.062 -0.660
vn 0.737 -0.098 -0.668
vn 0.689 -0.251 -0.680
vn 0.629 -0.377 -0.680
vn -0.776 0.220 0.591
vn -0.822 0.081 0.564
vn -0.835 -0.090 0.543
vn -0.811 -0.267 0.520
vn -0.727 0.334 0.600
vn -0.769 0.176 0.615
vn -0.804 0.036 0.594
vn -0.810 -0.106 0.577
vn -0.788 -0.266 0.555
vn -0.752 -0.417 0.510
vn -0.541 0.677 0.499
vn -0.671 0.417 0.613
vn -0.710 0.329 0.622
vn -0.760 0.167 0.629
vn -0.797 0.032 0.604
vn -0.798 -0.108 0.593
vn -0.754 -0.266 0.601
vn -0.682 -0.423 0.596
vn -0.687 -0.401 0.606
vn -0.650 -0.581 0.490
vn -0.550 0.650 0.524
vn -0.247 0.939 0.241
vn -0.676 -0.424 0.603
vn -0.573 -0.603 0.556
vn -0.568 -0.610 0.553
vn -0.030 0.999 0.026
vn -0.471 -0.778 0.416
vn -0.489 -0.745 0.453
vn 0.005 1.000 0.011
vn -0.462 -0.788 0.407
vn -0.436 -0.826 0.357
vn 0.006 1.000 0.008
vn -0.339 -0.910 0.241
vn -0.384 -0.874 0.297
vn 0.009 1.000 0.007
vn -0.302 -0.917 0.260
vn -0.310 -0.912 0.269
vn 0.012 1.000 0.009
vn -0.297 -0.917 0.266
vn -0.214 -0.947 0.241
vn 0.016 1.000 0.012
vn -0.099 -0.979 0.177
vn 0.018 1.000 0.014
vn 0.023 -0.998 0.053
vn 0.021 1.000 0.013
vn 0.141 -0.983 -0.118
vn 0.025 1.000 0.010
vn 0.267 -0.920 -0.287
vn 0.028 1.000 0.008
vn 0.410 -0.817 -0.405
vn 0.393 -0.832 -0.391
vn 0.031 0.999 0.008
vn 0.540 -0.644 -0.541
vn 0.546 -0.686 -0.481
vn 0.622 0.475 -0.622
vn 0.178 0.973 -0.150
vn 0.633 -0.488 -0.601
vn 0.644 -0.535 -0.547
vn 0.593 -0.625 -0.508
vn 0.651 0.468 -0.598
vn 0.711 0.261 -0.653
vn 0.675 0.403 -0.618
vn 0.735 0.178 -0.654
vn 0.757 0.062 -0.651
vn 0.748 -0.101 -0.656
vn 0.720 -0.260 -0.643
vn 0.705 -0.372 -0.604
vn 0.706 -0.389 -0.591
vn 0.671 -0.472 -0.571
vn 0.727 0.274 -0.630
vn 0.761 0.209 -0.614
vn 0.783 0.127 -0.609
vn 0.790 0.079 -0.608
vn 0.790 -0.114 -0.602
vn 0.788 -0.149 -0.597
vn 0.760 -0.273 -0.590
vn 0.715 -0.372 -0.591
vn 0.794 0.080 -0.603
vn 0.794 -0.114 -0.598
vn -0.698 0.330 0.636
vn -0.724 0.154 0.673
vn -0.728 0.024 0.686
vn -0.717 -0.097 0.691
vn -0.700 -0.257 0.666
vn -0.538 0.664 0.518
vn -0.665 0.401 0.630
vn -0.684 0.335 0.649
vn -0.711 0.158 0.685
vn -0.711 0.029 0.703
vn -0.693 -0.090 0.715
vn -0.654 -0.251 0.713
vn -0.599 -0.438 0.670
vn -0.601 -0.428 0.675
vn -0.568 -0.605 0.558
vn -0.545 0.656 0.522
vn -0.302 0.908 0.289
vn -0.599 -0.439 0.670
vn -0.549 -0.641 0.536
vn -0.546 -0.652 0.526
vn -0.066 0.997 0.049
vn -0.461 -0.801 0.381
vn -0.504 -0.759 0.412
vn 0.010 1.000 0.012
vn -0.464 -0.803 0.373
vn -0.446 -0.821 0.357
vn 0.015 1.000 0.011
vn -0.363 -0.862 0.354
vn 0.020 1.000 0.012
vn -0.249 -0.905 0.345
vn -0.251 -0.903 0.350
vn 0.022 1.000 0.014
vn -0.247 -0.904 0.348
vn -0.138 -0.946 0.292
vn 0.020 1.000 0.015
vn -0.024 -0.985 0.171
vn 0.019 1.000 0.015
vn 0.090 -0.996 0.008
vn 0.021 1.000 0.014
vn 0.215 -0.967 -0.139
vn 0.025 1.000 0.013
vn 0.406 -0.828 -0.386
vn 0.359 -0.901 -0.243
vn 0.031 0.999 0.012
vn 0.508 -0.790 -0.343
vn 0.500 -0.803 -0.326
vn 0.032 0.999 0.012
vn 0.636 -0.598 -0.488
vn 0.608 -0.675 -0.418
vn 0.520 -0.784 -0.340
vn 0.653 0.466 -0.597
vn 0.181 0.977 -0.113
vn 0.702 -0.453 -0.550
vn 0.685 -0.532 -0.498
vn 0.668 -0.570 -0.479
vn 0.685 0.453 -0.571
vn 0.669 0.496 -0.553
vn 0.744 0.286 -0.603
vn 0.765 0.213 -0.607
vn 0.772 -0.271 -0.574
vn 0.761 -0.365 -0.536
vn 0.754 -0.412 -0.511
vn 0.736 -0.445 -0.510
vn 0.690 0.453 -0.564
vn 0.779 0.297 -0.552
vn 0.805 0.247 -0.539
vn 0.808 0.226 -0.544
vn 0.825 0.091 -0.557
vn 0.836 -0.095 -0.541
vn 0.834 -0.250 -0.491
vn 0.834 -0.278 -0.477
vn 0.797 -0.360 -0.485
vn 0.816 0.226 -0.532
vn 0.851 0.100 -0.516
vn 0.867 -0.074 -0.493
vn 0.846 -0.243 -0.474
vn -0.681 0.340 0.649
vn -0.694 0.179 0.697
vn -0.677 0.058 0.733
vn -0.662 -0.067 0.746
vn -0.641 -0.247 0.727
vn -0.539 0.682 0.495
vn -0.679 0.406 0.611
vn -0.687 0.363 0.630
vn -0.695 0.197 0.691
vn -0.679 0.068 0.731
vn -0.667 -0.064 0.742
vn -0.658 -0.253 0.709
vn -0.639 -0.473 0.607
vn -0.551 -0.644 0.530
vn -0.638 -0.481 0.602
vn -0.544 0.671 0.504
vn -0.385 0.846 0.369
vn -0.580 -0.669 0.464
vn -0.587 -0.659 0.470
vn -0.076 0.993 0.091
vn -0.580 -0.670 0.464
vn -0.459 -0.804 0.378
vn -0.509 -0.742 0.436
vn 0.019 1.000 0.017
vn -0.418 -0.791 0.447
vn -0.396 -0.800 0.451
vn 0.024 1.000 0.015
vn -0.279 -0.846 0.454
vn 0.024 1.000 0.013
vn -0.212 -0.884 0.417
vn -0.176 -0.902 0.394
vn 0.022 1.000 0.012
vn -0.087 -0.958 0.272
vn 0.019 1.000 0.014
vn 0.010 -0.993 0.122
vn 0.019 1.000 0.016
vn 0.122 -0.992 -0.007
vn 0.022 1.000 0.017
vn 0.244 -0.965 -0.100
vn 0.025 1.000 0.015
vn 0.366 -0.911 -0.190
vn 0.027 1.000 0.012
vn 0.543 -0.762 -0.354
vn 0.478 -0.825 -0.303
vn 0.027 1.000 0.011
vn 0.670 -0.565 -0.482
vn 0.573 -0.709 -0.412
vn 0.544 -0.748 -0.379
vn 0.141 0.988 -0.062
vn 0.744 -0.446 -0.498
vn 0.678 -0.574 -0.459
vn 0.665 -0.593 -0.453
vn 0.702 0.533 -0.473
vn 0.545 0.769 -0.335
vn 0.796 0.301 -0.525
vn 0.824 -0.358 -0.440
vn 0.784 -0.467 -0.410
vn 0.759 -0.510 -0.405
vn 0.681 -0.580 -0.447
vn 0.756 0.494 -0.430
vn 0.833 0.352 -0.427
vn 0.846 0.300 -0.440
vn 0.858 0.225 -0.461
vn 0.874 0.107 -0.473
vn 0.890 -0.057 -0.452
vn 0.891 -0.211 -0.402
vn 0.868 -0.347 -0.356
vn 0.838 -0.424 -0.345
vn 0.794 -0.478 -0.375
vn 0.863 0.297 -0.409
vn 0.900 0.229 -0.371
vn 0.900 0.226 -0.372
vn 0.916 0.123 -0.383
vn 0.928 -0.023 -0.371
vn 0.922 -0.178 -0.343
vn 0.903 -0.283 -0.325
vn 0.881 -0.342 -0.326
vn 0.901 0.226 -0.369
vn 0.933 0.127 -0.338
vn 0.944 -0.013 -0.329
vn 0.929 -0.174 -0.328
vn -0.684 0.371 0.628
vn -0.685 0.228 0.691
vn -0.680 0.090 0.728
vn -0.690 -0.075 0.720
vn -0.683 -0.277 0.676
vn -0.640 -0.475 0.604
vn -0.517 0.692 0.504
vn -0.624 0.433 0.650
vn -0.630 0.410 0.660
vn -0.662 0.243 0.709
vn -0.674 0.091 0.733
vn -0.688 -0.079 0.721
vn -0.678 -0.297 0.673
vn -0.627 -0.520 0.580
vn -0.631 -0.497 0.595
vn -0.488 0.686 0.540
vn -0.361 0.823 0.439
vn -0.617 -0.524 0.587
vn -0.503 -0.688 0.523
vn -0.500 -0.665 0.555
vn -0.022 0.994 0.106
vn -0.471 -0.689 0.552
vn -0.392 -0.788 0.476
vn -0.371 -0.741 0.560
vn 0.022 1.000 0.016
vn -0.317 -0.774 0.549
vn -0.273 -0.796 0.540
vn 0.023 1.000 0.012
vn -0.212 -0.866 0.453
vn -0.217 -0.860 0.462
vn 0.022 1.000 0.010
vn -0.214 -0.865 0.455
vn -0.171 -0.923 0.345
vn 0.020 1.000 0.012
vn -0.101 -0.972 0.214
vn 0.019 1.000 0.016
vn -0.003 -0.995 0.102
vn 0.018 1.000 0.019
vn 0.103 -0.995 0.015
vn 0.017 1.000 0.017
vn 0.207 -0.976 -0.073
vn 0.018 1.000 0.014
vn 0.314 -0.931 -0.189
vn 0.019 1.000 0.012
vn 0.541 -0.745 -0.390
vn 0.429 -0.849 -0.309
vn 0.020 1.000 0.008
vn 0.548 -0.746 -0.378
vn 0.543 -0.752 -0.374
vn 0.087 0.996 0.007
vn 0.695 -0.609 -0.382
vn 0.641 -0.679 -0.357
vn 0.550 -0.747 -0.374
vn 0.768 0.519 -0.376
vn 0.270 0.961 -0.053
vn 0.805 -0.492 -0.331
vn 0.709 -0.635 -0.308
vn 0.708 -0.636 -0.308
vn 0.775 0.528 -0.346
vn 0.568 0.796 -0.209
vn 0.890 0.293 -0.350
vn 0.886 -0.341 -0.314
vn 0.810 -0.506 -0.295
vn 0.762 -0.582 -0.283
vn 0.709 -0.635 -0.307
vn 0.847 0.454 -0.275
vn 0.834 0.481 -0.271
vn 0.922 0.280 -0.266
vn 0.933 0.215 -0.290
vn 0.942 0.125 -0.312
vn 0.947 -0.012 -0.320
vn 0.933 -0.172 -0.316
vn 0.889 -0.343 -0.304
vn 0.813 -0.510 -0.280
vn 0.810 -0.517 -0.278
vn 0.853 0.449 -0.266
vn 0.921 0.326 -0.211
vn 0.938 0.270 -0.215
vn 0.950 0.194 -0.243
vn 0.955 0.104 -0.277
vn 0.954 -0.027 -0.299
vn 0.934 -0.183 -0.309
vn 0.888 -0.348 -0.302
vn 0.862 -0.415 -0.292
vn 0.814 -0.510 -0.279
vn 0.939 0.264 -0.219
vn 0.945 0.227 -0.236
vn 0.952 0.166 -0.256
vn 0.953 0.073 -0.295
vn 0.946 -0.051 -0.320
vn 0.923 -0.197 -0.332
vn 0.901 -0.282 -0.330
vn 0.882 -0.350 -0.315
vn 0.949 0.149 -0.278
vn 0.942 0.043 -0.333
vn 0.933 -0.070 -0.354
vn 0.916 -0.202 -0.347
vn -0.617 0.415 0.668
vn -0.584 0.261 0.769
vn -0.573 0.080 0.815
vn -0.592 -0.112 0.799
vn -0.612 -0.323 0.722
vn -0.442 0.681 0.583
vn -0.457 0.506 0.731
vn -0.483 0.445 0.754
vn -0.534 0.264 0.803
vn -0.570 0.080 0.818
vn -0.584 -0.113 0.804
vn -0.539 -0.332 0.774
vn -0.431 -0.547 0.718
vn -0.417 -0.565 0.712
vn -0.383 0.699 0.604
vn -0.151 0.933 0.327
vn -0.314 -0.690 0.653
vn -0.296 -0.702 0.647
vn 0.020 0.998 0.055
vn -0.251 -0.773 0.582
vn -0.250 -0.774 0.581
vn 0.020 1.000 0.012
vn -0.250 -0.837 0.487
vn 0.021 1.000 0.009
vn -0.250 -0.872 0.421
vn -0.247 -0.891 0.381
vn 0.022 1.000 0.011
vn -0.208 -0.935 0.285
vn 0.020 1.000 0.014
vn -0.124 -0.972 0.199
vn 0.015 1.000 0.016
vn -0.022 -0.993 0.116
vn 0.012 1.000 0.015
vn 0.021 -0.997 0.078
vn 0.118 -0.993 -0.005
vn 0.076 -0.997 0.029
vn 0.010 1.000 0.014
vn 0.190 -0.978 -0.083
vn 0.176 -0.982 -0.070
vn 0.012 1.000 0.013
vn 0.293 -0.940 -0.173
vn 0.199 -0.976 -0.091
vn 0.014 1.000 0.013
vn 0.421 -0.872 -0.251
vn 0.022 1.000 0.011
vn 0.571 -0.759 -0.313
vn 0.526 -0.804 -0.276
vn 0.026 1.000 0.011
vn 0.599 -0.758 -0.260
vn 0.592 -0.762 -0.262
vn 0.080 0.997 0.014
vn 0.712 -0.650 -0.265
vn 0.652 -0.721 -0.236
vn 0.162 0.987 0.017
vn 0.726 -0.645 -0.239
vn 0.701 -0.677 -0.225
vn 0.846 0.497 -0.192
vn 0.274 0.962 -0.012
vn 0.818 -0.504 -0.278
vn 0.741 -0.627 -0.242
vn 0.738 -0.631 -0.241
vn 0.826 0.514 -0.231
vn 0.428 0.901 -0.072
vn 0.937 0.263 -0.229
vn 0.878 -0.351 -0.326
vn 0.814 -0.494 -0.305
vn 0.779 -0.556 -0.291
vn 0.835 0.470 -0.286
vn 0.645 0.733 -0.214
vn 0.931 0.244 -0.270
vn 0.943 0.131 -0.305
vn 0.939 0.037 -0.342
vn 0.929 -0.073 -0.362
vn 0.907 -0.207 -0.367
vn 0.865 -0.351 -0.358
vn 0.809 -0.476 -0.344
vn 0.805 -0.488 -0.338
vn 0.865 0.423 -0.269
vn 0.866 0.422 -0.269
vn 0.934 0.223 -0.278
vn 0.945 0.098 -0.313
vn 0.940 0.012 -0.341
vn 0.931 -0.087 -0.354
vn 0.909 -0.216 -0.357
vn 0.865 -0.357 -0.352
vn 0.862 -0.365 -0.352
vn 0.953 0.206 -0.221
vn 0.947 0.236 -0.218
vn 0.968 0.075 -0.240
vn 0.968 -0.005 -0.252
vn 0.960 -0.103 -0.262
vn 0.936 -0.223 -0.271
vn 0.933 -0.232 -0.275
vn 0.866 -0.359 -0.347
vn 0.959 0.205 -0.195
vn 0.989 0.072 -0.132
vn 0.992 0.032 -0.118
vn 0.993 -0.012 -0.115
vn 0.992 -0.044 -0.117
vn 0.982 -0.116 -0.150
vn 0.997 -0.010 -0.075
vn -0.417 0.460 0.784
vn -0.385 0.384 0.839
vn -0.391 0.285 0.875
vn -0.394 0.079 0.916
vn -0.399 -0.124 0.908
vn -0.374 -0.330 0.867
vn -0.405 -0.546 0.734
vn -0.356 -0.401 0.844
vn -0.385 0.626 0.678
vn -0.374 0.650 0.662
vn -0.383 0.471 0.795
vn -0.325 -0.540 0.776
vn -0.289 -0.687 0.667
vn -0.283 -0.657 0.699
vn -0.050 0.989 0.142
vn -0.278 -0.690 0.668
vn -0.251 -0.774 0.582
vn -0.268 -0.759 0.593
vn 0.020 1.000 0.013
vn -0.275 -0.794 0.543
vn -0.282 -0.828 0.484
vn 0.022 1.000 0.011
vn -0.276 -0.880 0.387
vn -0.293 -0.872 0.391
vn 0.023 1.000 0.010
vn -0.286 -0.882 0.373
vn -0.270 -0.903 0.335
vn 0.020 1.000 0.009
vn -0.201 -0.936 0.287
vn 0.015 1.000 0.011
vn -0.111 -0.970 0.215
vn 0.010 1.000 0.012
vn -0.054 -0.986 0.158
vn -0.020 -0.992 0.126
vn 0.009 1.000 0.014
vn 0.065 -0.997 0.033
vn 0.010 1.000 0.016
vn 0.232 -0.965 -0.121
vn 0.155 -0.986 -0.055
vn 0.013 1.000 0.017
vn 0.267 -0.953 -0.141
vn 0.252 -0.959 -0.131
vn 0.018 1.000 0.018
vn 0.350 -0.919 -0.182
vn 0.271 -0.952 -0.141
vn 0.025 1.000 0.015
vn 0.591 -0.764 -0.258
vn 0.431 -0.880 -0.200
vn 0.027 1.000 0.012
vn 0.584 -0.782 -0.216
vn 0.498 -0.846 -0.189
vn 0.023 1.000 0.010
vn 0.591 -0.785 -0.187
vn 0.554 -0.814 -0.175
vn 0.016 1.000 0.010
vn 0.738 -0.630 -0.241
vn 0.606 -0.772 -0.193
vn 0.599 -0.778 -0.191
vn 0.037 0.999 0.011
vn 0.731 -0.625 -0.275
vn 0.652 -0.715 -0.252
vn 0.069 0.997 0.016
vn 0.803 -0.488 -0.342
vn 0.717 -0.619 -0.320
vn 0.693 -0.649 -0.315
vn 0.865 0.423 -0.269
vn 0.193 0.981 0.007
vn 0.799 -0.500 -0.335
vn 0.743 -0.585 -0.325
vn 0.715 -0.621 -0.321
vn 0.858 0.478 -0.191
vn 0.334 0.942 -0.018
vn 0.934 -0.233 -0.271
vn 0.884 -0.380 -0.272
vn 0.812 -0.519 -0.267
vn 0.801 -0.537 -0.266
vn 0.861 0.492 -0.129
vn 0.457 0.889 -0.027
vn 0.970 0.207 -0.126
vn 0.990 0.072 -0.122
vn 0.985 -0.119 -0.122
vn 0.955 -0.261 -0.141
vn 0.897 -0.410 -0.163
vn 0.845 -0.506 -0.171
vn 0.818 -0.528 -0.228
vn 0.869 0.489 -0.072
vn 0.522 0.853 -0.016
vn 0.974 0.220 -0.054
vn 0.995 0.090 -0.032
vn 1.000 -0.008 -0.015
vn 0.991 -0.135 -0.023
vn 0.955 -0.293 -0.051
vn 0.891 -0.445 -0.089
vn 0.857 -0.505 -0.102
vn 0.872 0.483 -0.075
vn 0.567 0.823 -0.044
vn 0.969 0.243 -0.043
vn 0.994 0.113 -0.014
vn 1.000 -0.003 0.000
vn 0.988 -0.152 -0.012
vn 0.945 -0.325 -0.044
vn 0.872 -0.482 -0.088
vn 0.847 -0.521 -0.101
vn 0.868 0.479 -0.129
vn 0.662 0.736 -0.137
vn 0.959 0.271 -0.086
vn 0.989 0.131 -0.064
vn 0.998 -0.006 -0.060
vn 0.982 -0.173 -0.077
vn 0.927 -0.360 -0.111
vn 0.839 -0.522 -0.153
vn 0.829 -0.536 -0.159
vn 0.861 0.470 -0.192
vn 0.804 0.558 -0.203
vn 0.940 0.290 -0.179
vn 0.974 0.133 -0.186
vn 0.981 -0.018 -0.194
vn 0.959 -0.194 -0.208
vn 0.895 -0.387 -0.222
vn 0.826 -0.513 -0.234
vn 0.826 -0.534 -0.182
vn 0.856 0.469 -0.217
vn 0.874 0.424 -0.236
vn 0.925 0.272 -0.267
vn 0.942 0.109 -0.318
vn 0.941 -0.030 -0.338
vn 0.922 -0.198 -0.333
vn 0.869 -0.388 -0.306
vn 0.857 -0.419 -0.300
vn 0.942 0.217 -0.258
vn 0.941 0.223 -0.256
vn 0.942 0.061 -0.329
vn 0.935 -0.039 -0.354
vn 0.925 -0.180 -0.335
vn 0.923 -0.198 -0.329
vn 0.874 -0.380 -0.303
vn 0.943 0.214 -0.254
vn 0.957 0.044 -0.288
vn 0.951 -0.039 -0.306
vn 0.930 -0.176 -0.324
vn -0.359 0.314 0.879
vn -0.328 0.189 0.926
vn -0.311 0.096 0.945
vn -0.328 -0.143 0.934
vn -0.357 -0.338 0.871
vn -0.334 -0.183 0.925
vn -0.388 0.625 0.677
vn -0.421 0.549 0.722
vn -0.404 0.512 0.758
vn -0.356 0.336 0.872
vn -0.362 -0.352 0.863
vn -0.378 -0.545 0.748
vn -0.375 -0.586 0.718
vn -0.422 0.682 0.598
vn -0.308 0.865 0.395
vn -0.370 -0.688 0.624
vn -0.367 -0.717 0.593
vn -0.047 0.996 0.080
vn -0.349 -0.803 0.484
vn -0.349 -0.803 0.483
vn 0.021 1.000 0.012
vn -0.322 -0.854 0.409
vn 0.022 1.000 0.009
vn -0.276 -0.886 0.372
vn -0.278 -0.883 0.379
vn 0.020 1.000 0.006
vn -0.272 -0.886 0.376
vn -0.228 -0.907 0.354
vn 0.016 1.000 0.006
vn -0.169 -0.941 0.294
vn 0.013 1.000 0.009
vn -0.108 -0.974 0.201
vn -0.110 -0.973 0.202
vn 0.011 1.000 0.014
vn -0.110 -0.973 0.201
vn -0.059 -0.993 0.105
vn 0.012 1.000 0.018
vn -0.011 -1.000 0.019
vn 0.013 1.000 0.021
vn 0.044 -0.998 -0.051
vn 0.016 1.000 0.022
vn 0.220 -0.965 -0.139
vn 0.112 -0.988 -0.102
vn 0.018 1.000 0.020
vn 0.190 -0.973 -0.128
vn 0.181 -0.975 -0.125
vn 0.021 1.000 0.013
vn 0.270 -0.954 -0.127
vn 0.021 1.000 0.006
vn 0.341 -0.933 -0.118
vn 0.018 1.000 0.004
vn 0.598 -0.778 -0.191
vn 0.407 -0.903 -0.135
vn 0.016 1.000 0.008
vn 0.582 -0.780 -0.229
vn 0.475 -0.859 -0.191
vn 0.014 1.000 0.014
vn 0.574 -0.773 -0.270
vn 0.548 -0.796 -0.258
vn 0.011 1.000 0.017
vn 0.711 -0.630 -0.314
vn 0.623 -0.731 -0.279
vn 0.577 -0.771 -0.269
vn 0.019 1.000 0.015
vn 0.722 -0.646 -0.247
vn 0.688 -0.686 -0.235
vn 0.032 0.999 0.009
vn 0.822 -0.543 -0.174
vn 0.734 -0.657 -0.171
vn 0.727 -0.665 -0.170
vn 0.036 0.999 0.007
vn 0.814 -0.568 -0.120
vn 0.741 -0.658 -0.134
vn 0.732 -0.663 -0.154
vn 0.038 0.999 0.013
vn 0.792 -0.595 -0.134
vn 0.737 -0.658 -0.157
vn 0.068 0.997 0.022
vn 0.757 -0.623 -0.197
vn 0.727 -0.653 -0.213
vn 0.151 0.988 0.014
vn 0.802 -0.551 -0.231
vn 0.734 -0.638 -0.234
vn 0.732 -0.640 -0.234
vn 0.841 0.491 -0.227
vn 0.280 0.960 0.002
vn 0.805 -0.541 -0.244
vn 0.769 -0.604 -0.209
vn 0.735 -0.638 -0.231
vn 0.854 0.483 -0.193
vn 0.424 0.906 0.004
vn 0.901 -0.347 -0.262
vn 0.851 -0.499 -0.165
vn 0.832 -0.538 -0.135
vn 0.896 0.430 -0.110
vn 0.531 0.848 -0.004
vn 0.975 0.156 -0.160
vn 0.979 0.018 -0.205
vn 0.975 -0.040 -0.218
vn 0.970 -0.143 -0.195
vn 0.948 -0.289 -0.134
vn 0.894 -0.446 -0.052
vn 0.881 -0.471 -0.036
vn 0.917 0.390 -0.087
vn 0.605 0.794 -0.064
vn 0.987 0.122 -0.100
vn 0.994 0.003 -0.109
vn 0.994 -0.032 -0.108
vn 0.989 -0.113 -0.098
vn 0.968 -0.241 -0.074
vn 0.916 -0.400 -0.040
vn 0.901 -0.432 -0.032
vn 0.909 0.381 -0.168
vn 0.721 0.667 -0.188
vn 0.982 0.124 -0.143
vn 0.992 0.009 -0.127
vn 0.993 -0.028 -0.119
vn 0.986 -0.110 -0.121
vn 0.962 -0.238 -0.130
vn 0.906 -0.400 -0.137
vn 0.902 -0.408 -0.138
vn 0.886 0.372 -0.277
vn 0.860 0.421 -0.289
vn 0.956 0.152 -0.249
vn 0.976 0.030 -0.215
vn 0.979 -0.026 -0.203
vn 0.968 -0.127 -0.216
vn 0.932 -0.264 -0.247
vn 0.904 -0.338 -0.262
vn 0.902 -0.403 -0.154
vn -0.337 0.103 0.936
vn -0.341 -0.151 0.928
vn -0.475 0.535 0.699
vn -0.527 0.490 0.694
vn -0.490 0.410 0.769
vn -0.437 0.122 0.891
vn -0.469 -0.201 0.860
vn -0.522 -0.406 0.750
vn -0.441 -0.549 0.710
vn -0.537 -0.466 0.703
vn -0.520 0.661 0.542
vn -0.584 0.578 0.570
vn -0.546 0.548 0.633
vn -0.545 -0.543 0.639
vn -0.445 -0.671 0.593
vn -0.536 -0.604 0.590
vn -0.549 0.653 0.522
vn -0.375 0.864 0.337
vn -0.511 -0.652 0.560
vn -0.350 -0.802 0.483
vn -0.476 -0.706 0.524
vn -0.073 0.994 0.078
vn -0.399 -0.782 0.479
vn -0.384 -0.796 0.468
vn 0.019 1.000 0.009
vn -0.305 -0.851 0.427
vn 0.020 1.000 0.003
vn -0.269 -0.878 0.397
vn -0.260 -0.884 0.389
vn 0.018 1.000 0.004
vn -0.242 -0.913 0.327
vn 0.017 1.000 0.007
vn -0.226 -0.946 0.233
vn 0.016 1.000 0.013
vn -0.217 -0.966 0.142
vn -0.215 -0.968 0.131
vn 0.015 1.000 0.018
vn -0.202 -0.978 0.049
vn 0.014 1.000 0.021
vn -0.176 -0.984 -0.005
vn 0.012 1.000 0.023
vn -0.124 -0.992 -0.038
vn 0.012 1.000 0.021
vn 0.138 -0.984 -0.111
vn -0.048 -0.998 -0.051
vn 0.013 1.000 0.015
vn 0.035 -0.998 -0.048
vn 0.026 -0.999 -0.048
vn 0.016 1.000 0.008
vn 0.114 -0.993 -0.043
vn 0.018 1.000 0.004
vn 0.183 -0.981 -0.059
vn 0.020 1.000 0.007
vn 0.260 -0.960 -0.106
vn 0.019 1.000 0.012
vn 0.350 -0.922 -0.164
vn 0.015 1.000 0.013
vn 0.569 -0.781 -0.256
vn 0.447 -0.873 -0.198
vn 0.010 1.000 0.010
vn 0.574 -0.793 -0.203
vn 0.526 -0.829 -0.189
vn 0.006 1.000 0.005
vn 0.573 -0.804 -0.160
vn 0.571 -0.805 -0.160
vn 0.003 1.000 0.004
vn 0.724 -0.677 -0.137
vn 0.586 -0.796 -0.152
vn 0.572 -0.805 -0.160
vn 0.000 1.000 0.009
vn 0.694 -0.701 -0.164
vn 0.590 -0.788 -0.178
vn -0.003 1.000 0.018
vn 0.663 -0.718 -0.213
vn 0.613 -0.762 -0.211
vn -0.007 1.000 0.026
vn 0.667 -0.716 -0.204
vn 0.661 -0.723 -0.201
vn 0.004 0.999 0.032
vn 0.752 -0.633 -0.184
vn 0.716 -0.685 -0.137
vn 0.679 -0.712 -0.181
vn 0.012 0.999 0.032
vn 0.792 -0.605 -0.087
vn 0.758 -0.650 -0.050
vn 0.017 0.999 0.029
vn 0.819 -0.574 -0.001
vn 0.776 -0.631 0.018
vn 0.031 0.999 0.017
vn 0.832 -0.554 -0.025
vn 0.772 -0.636 -0.024
vn 0.083 0.997 0.005
vn 0.811 -0.563 -0.159
vn 0.754 -0.634 -0.173
vn 0.197 0.980 -0.002
vn 0.856 -0.429 -0.289
vn 0.740 -0.584 -0.332
vn 0.721 -0.605 -0.339
vn -0.609 0.424 0.670
vn -0.741 0.145 0.655
vn -0.740 0.126 0.660
vn -0.712 -0.230 0.663
vn -0.749 0.059 0.660
vn -0.598 -0.411 0.688
vn -0.650 0.536 0.539
vn -0.708 0.469 0.528
vn -0.710 0.417 0.567
vn -0.741 -0.229 0.631
vn -0.718 -0.390 0.576
vn -0.633 -0.512 0.581
vn -0.708 -0.422 0.566
vn -0.591 0.648 0.480
vn -0.680 0.533 0.503
vn -0.686 0.522 0.508
vn -0.670 -0.482 0.564
vn -0.564 -0.614 0.552
vn -0.630 -0.532 0.565
vn -0.625 0.597 0.503
vn -0.521 0.737 0.431
vn -0.584 -0.589 0.559
vn -0.412 -0.772 0.484
vn -0.523 -0.659 0.540
vn -0.157 0.983 0.098
vn -0.455 -0.737 0.500
vn -0.425 -0.769 0.478
vn -0.024 1.000 0.005
vn -0.298 -0.870 0.392
vn -0.378 -0.835 0.399
vn 0.019 1.000 0.003
vn -0.374 -0.857 0.355
vn -0.375 -0.871 0.318
vn 0.019 1.000 0.006
vn -0.386 -0.895 0.222
vn 0.020 1.000 0.012
vn -0.227 -0.965 0.131
vn -0.391 -0.912 0.126
vn 0.016 1.000 0.016
vn -0.265 -0.963 0.052
vn -0.384 -0.921 0.060
vn 0.014 1.000 0.018
vn -0.253 -0.967 0.009
vn -0.357 -0.933 0.032
vn 0.011 1.000 0.021
vn -0.197 -0.980 -0.011
vn -0.304 -0.952 0.031
vn 0.009 1.000 0.020
vn -0.102 -0.994 -0.026
vn -0.226 -0.974 0.033
vn 0.009 1.000 0.016
vn -0.145 -0.989 0.034
vn 0.011 1.000 0.012
vn -0.077 -0.997 0.029
vn 0.015 1.000 0.008
vn -0.019 -1.000 0.012
vn 0.018 1.000 0.008
vn 0.043 -0.999 -0.025
vn 0.017 1.000 0.009
vn 0.123 -0.990 -0.072
vn 0.014 1.000 0.009
vn 0.216 -0.970 -0.109
vn 0.010 1.000 0.006
vn 0.299 -0.946 -0.127
vn 0.008 1.000 0.003
vn 0.353 -0.925 -0.137
vn 0.007 1.000 0.002
vn 0.529 -0.835 -0.151
vn 0.381 -0.912 -0.152
vn 0.007 1.000 0.006
vn 0.478 -0.862 -0.168
vn 0.403 -0.900 -0.164
vn 0.004 1.000 0.014
vn 0.464 -0.871 -0.160
vn 0.453 -0.878 -0.156
vn -0.001 1.000 0.023
vn 0.531 -0.838 -0.121
vn 0.473 -0.869 -0.147
vn -0.004 1.000 0.031
vn 0.698 -0.705 -0.124
vn 0.604 -0.795 -0.063
vn -0.005 0.999 0.034
vn 0.727 -0.685 -0.039
vn 0.643 -0.766 -0.010
vn -0.002 1.000 0.031
vn 0.741 -0.672 0.017
vn 0.652 -0.758 0.018
vn -0.002 1.000 0.019
vn 0.739 -0.673 -0.033
vn 0.635 -0.771 -0.056
vn 0.001 1.000 0.009
vn 0.694 -0.693 -0.195
vn 0.602 -0.766 -0.224
vn 0.004 1.000 0.006
vn 0.581 -0.710 -0.398
vn 0.553 -0.726 -0.408
vn -0.746 0.125 0.654
vn -0.755 0.398 0.521
vn -0.843 0.114 0.525
vn -0.819 -0.194 0.540
vn -0.742 -0.371 0.558
vn -0.709 0.501 0.496
vn -0.791 0.361 0.494
vn -0.797 0.344 0.496
vn -0.854 0.112 0.508
vn -0.834 -0.166 0.526
vn -0.774 -0.308 0.553
vn -0.788 -0.278 0.550
vn -0.691 -0.448 0.567
vn -0.632 0.591 0.501
vn -0.737 0.468 0.487
vn -0.739 0.466 0.487
vn -0.792 0.359 0.494
vn -0.777 -0.303 0.552
vn -0.719 -0.401 0.568
vn -0.616 -0.553 0.561
vn -0.696 -0.439 0.569
vn -0.713 0.528 0.461
vn -0.712 0.531 0.460
vn -0.660 -0.522 0.541
vn -0.495 -0.719 0.488
vn -0.629 -0.592 0.504
vn -0.383 0.898 0.215
vn -0.594 -0.681 0.428
vn -0.583 -0.707 0.400
vn -0.117 0.992 0.046
vn -0.444 -0.841 0.309
vn -0.561 -0.772 0.298
vn -0.017 1.000 0.007
vn -0.541 -0.816 0.203
vn -0.554 -0.807 0.202
vn 0.019 1.000 0.010
vn -0.550 -0.815 0.183
vn -0.540 -0.833 0.125
vn 0.016 1.000 0.013
vn -0.521 -0.850 0.084
vn 0.012 1.000 0.016
vn -0.479 -0.873 0.085
vn 0.011 1.000 0.017
vn -0.418 -0.902 0.105
vn 0.008 1.000 0.019
vn -0.344 -0.932 0.116
vn 0.008 1.000 0.018
vn -0.271 -0.957 0.104
vn 0.008 1.000 0.014
vn -0.225 -0.971 0.082
vn 0.009 1.000 0.011
vn -0.192 -0.980 0.060
vn 0.011 1.000 0.009
vn -0.149 -0.988 0.037
vn 0.011 1.000 0.008
vn -0.077 -0.997 0.009
vn 0.009 1.000 0.006
vn 0.015 -1.000 -0.024
vn 0.009 1.000 0.004
vn 0.101 -0.993 -0.058
vn 0.010 1.000 0.003
vn 0.157 -0.983 -0.093
vn 0.012 1.000 0.003
vn 0.195 -0.973 -0.121
vn 0.013 1.000 0.005
vn 0.261 -0.958 -0.120
vn 0.015 1.000 0.010
vn 0.379 -0.922 -0.082
vn 0.020 1.000 0.018
vn 0.530 -0.843 -0.096
vn 0.508 -0.861 -0.031
vn 0.030 0.999 0.028
vn 0.596 -0.803 -0.034
vn 0.577 -0.817 0.006
vn 0.036 0.999 0.035
vn 0.629 -0.778 0.003
vn 0.608 -0.794 0.021
vn 0.036 0.999 0.031
vn 0.638 -0.770 0.013
vn 0.616 -0.788 0.009
vn 0.024 1.000 0.019
vn 0.621 -0.781 -0.068
vn 0.592 -0.802 -0.087
vn 0.012 1.000 0.011
vn 0.584 -0.774 -0.245
vn 0.565 -0.784 -0.256
vn 0.004 1.000 0.008
vn 0.512 -0.737 -0.441
vn 0.548 -0.764 -0.340
vn -0.855 0.115 0.505
vn -0.837 -0.147 0.527
vn -0.742 0.463 0.485
vn -0.816 0.331 0.473
vn -0.875 0.118 0.469
vn -0.866 -0.100 0.490
vn -0.816 -0.246 0.524
vn -0.736 -0.383 0.558
vn -0.714 0.528 0.461
vn -0.781 0.435 0.448
vn -0.831 0.335 0.445
vn -0.840 0.306 0.448
vn -0.881 0.116 0.459
vn -0.875 -0.089 0.475
vn -0.847 -0.212 0.488
vn -0.807 -0.329 0.490
vn -0.823 -0.294 0.485
vn -0.703 -0.502 0.504
vn -0.691 0.599 0.404
vn -0.786 0.447 0.426
vn -0.795 0.424 0.433
vn -0.814 -0.325 0.482
vn -0.772 -0.474 0.424
vn -0.620 -0.674 0.403
vn -0.771 -0.475 0.423
vn -0.732 0.536 0.420
vn -0.688 0.603 0.403
vn -0.682 -0.660 0.315
vn -0.729 -0.600 0.329
vn -0.355 0.918 0.175
vn -0.693 -0.670 0.266
vn -0.679 -0.694 0.238
vn -0.129 0.991 0.044
vn -0.562 -0.816 0.131
vn -0.646 -0.746 0.162
vn -0.031 0.999 0.010
vn -0.553 -0.827 0.101
vn -0.608 -0.784 0.128
vn 0.004 1.000 0.013
vn -0.526 -0.842 0.121
vn -0.567 -0.811 0.149
vn 0.010 1.000 0.016
vn -0.488 -0.856 0.170
vn -0.502 -0.845 0.181
vn 0.010 1.000 0.017
vn -0.478 -0.859 0.184
vn -0.436 -0.880 0.189
vn 0.007 1.000 0.017
vn -0.383 -0.911 0.155
vn 0.006 1.000 0.013
vn -0.355 -0.929 0.107
vn 0.004 1.000 0.011
vn -0.344 -0.935 0.085
vn 0.003 1.000 0.010
vn -0.315 -0.945 0.090
vn 0.003 1.000 0.008
vn -0.237 -0.967 0.097
vn 0.004 1.000 0.007
vn -0.128 -0.989 0.072
vn 0.006 1.000 0.006
vn -0.034 -0.999 0.014
vn 0.010 1.000 0.005
vn 0.021 -0.999 -0.048
vn 0.013 1.000 0.005
vn 0.069 -0.996 -0.064
vn 0.019 1.000 0.009
vn 0.284 -0.959 0.001
vn 0.049 0.999 0.020
vn 0.566 -0.822 0.071
vn 0.111 0.993 0.035
vn 0.715 -0.694 0.088
vn 0.200 0.979 0.044
vn 0.756 -0.650 0.083
vn 0.782 -0.619 0.071
vn 0.788 -0.610 0.076
vn 0.250 0.967 0.040
vn 0.803 -0.595 0.041
vn 0.818 -0.574 0.045
vn 0.246 0.969 0.021
vn 0.803 -0.596 -0.002
vn 0.821 -0.570 -0.004
vn 0.186 0.983 0.000
vn 0.200 0.980 0.003
vn 0.191 0.982 -0.000
vn 0.791 -0.605 -0.096
vn 0.805 -0.585 -0.100
vn 0.177 0.984 -0.002
vn 0.101 0.995 -0.008
vn 0.781 -0.585 -0.218
vn 0.793 -0.585 -0.169
vn 0.017 1.000 -0.002
vn 0.678 -0.627 -0.383
vn 0.773 -0.536 -0.340
vn -0.844 0.299 0.445
vn -0.889 0.111 0.445
vn -0.889 -0.067 0.454
vn -0.860 -0.193 0.472
vn -0.796 0.422 0.433
vn -0.842 0.285 0.458
vn -0.878 0.101 0.468
vn -0.883 -0.056 0.467
vn -0.869 -0.174 0.464
vn -0.835 -0.315 0.452
vn -0.772 -0.474 0.424
vn -0.727 0.541 0.422
vn -0.791 0.429 0.437
vn -0.815 0.350 0.462
vn -0.835 0.285 0.470
vn -0.875 0.100 0.474
vn -0.880 -0.057 0.472
vn -0.866 -0.176 0.468
vn -0.837 -0.326 0.439
vn -0.785 -0.493 0.376
vn -0.837 -0.327 0.438
vn -0.697 0.605 0.384
vn -0.777 0.482 0.405
vn -0.790 0.437 0.430
vn -0.779 -0.534 0.328
vn -0.782 -0.527 0.332
vn -0.691 -0.680 0.247
vn -0.747 0.554 0.368
vn -0.707 0.615 0.348
vn -0.779 -0.537 0.324
vn -0.683 -0.706 0.189
vn -0.742 -0.629 0.233
vn -0.443 0.876 0.192
vn -0.662 -0.731 0.165
vn -0.695 -0.695 0.183
vn -0.224 0.973 0.062
vn -0.642 -0.741 0.194
vn -0.650 -0.734 0.197
vn -0.074 0.997 0.023
vn -0.640 -0.741 0.206
vn -0.602 -0.762 0.239
vn -0.016 1.000 0.015
vn -0.461 -0.864 0.203
vn -0.548 -0.802 0.239
vn 0.007 1.000 0.014
vn -0.469 -0.865 0.178
vn -0.511 -0.839 0.188
vn 0.004 1.000 0.011
vn -0.491 -0.862 0.125
vn -0.488 -0.865 0.117
vn 0.003 1.000 0.008
vn -0.479 -0.873 0.094
vn -0.000 1.000 0.008
vn -0.450 -0.881 0.145
vn -0.001 1.000 0.009
vn -0.367 -0.908 0.201
vn -0.000 1.000 0.009
vn -0.259 -0.949 0.181
vn 0.002 1.000 0.010
vn -0.166 -0.982 0.090
vn 0.006 1.000 0.009
vn -0.113 -0.994 0.006
vn 0.010 1.000 0.012
vn -0.041 -0.992 0.123
vn 0.020 0.999 0.038
vn 0.150 -0.942 0.300
vn 0.152 -0.942 0.300
vn 0.152 -0.941 0.302
vn 0.048 0.996 0.076
vn 0.483 -0.859 0.168
vn 0.321 -0.895 0.309
vn 0.086 0.989 0.117
vn 0.689 -0.716 0.107
vn 0.388 -0.883 0.263
vn 0.169 0.982 0.079
vn 0.100 0.988 0.115
vn 0.174 0.978 0.115
vn 0.428 -0.885 0.185
vn 0.232 0.972 0.045
vn 0.218 0.974 0.064
vn 0.434 -0.888 0.149
vn 0.490 -0.867 0.088
vn 0.451 -0.888 0.091
vn 0.243 0.970 0.020
vn 0.221 0.975 0.001
vn 0.515 -0.857 -0.015
vn 0.455 -0.890 -0.017
vn 0.194 0.979 -0.061
vn 0.460 -0.873 -0.158
vn 0.438 -0.884 -0.161
vn 0.100 0.995 -0.015
vn 0.124 0.987 -0.100
vn 0.750 -0.620 -0.232
vn 0.424 -0.848 -0.317
vn 0.432 -0.881 -0.195
vn 0.017 0.998 -0.056
vn 0.019 0.997 -0.069
vn 0.556 -0.721 -0.413
vn 0.415 -0.793 -0.447
vn -0.829 0.287 0.479
vn -0.859 0.096 0.503
vn -0.865 -0.064 0.498
vn -0.860 -0.183 0.477
vn -0.837 -0.326 0.439
vn -0.794 0.448 0.412
vn -0.844 0.301 0.444
vn -0.874 0.134 0.467
vn -0.875 0.098 0.474
vn -0.880 -0.076 0.468
vn -0.874 -0.210 0.439
vn -0.881 -0.096 0.463
vn -0.843 -0.367 0.392
vn -0.748 0.560 0.357
vn -0.816 0.459 0.350
vn -0.843 0.398 0.363
vn -0.856 0.308 0.415
vn -0.881 -0.220 0.418
vn -0.856 -0.406 0.320
vn -0.864 -0.384 0.327
vn -0.778 -0.573 0.259
vn -0.724 0.607 0.328
vn -0.818 0.480 0.318
vn -0.823 0.460 0.332
vn -0.856 -0.411 0.313
vn -0.766 -0.601 0.227
vn -0.817 -0.515 0.258
vn -0.763 0.568 0.307
vn -0.785 0.533 0.314
vn -0.745 -0.622 0.242
vn -0.754 -0.609 0.246
vn -0.769 0.552 0.321
vn -0.598 0.747 0.290
vn -0.744 -0.620 0.250
vn -0.630 -0.735 0.251
vn -0.711 -0.648 0.272
vn -0.328 0.937 0.121
vn -0.640 -0.723 0.261
vn -0.679 -0.684 0.266
vn -0.138 0.990 0.036
vn -0.663 -0.715 0.221
vn -0.657 -0.726 0.204
vn -0.042 0.999 0.008
vn -0.492 -0.862 0.118
vn -0.638 -0.758 0.138
vn -0.015 1.000 0.006
vn -0.500 -0.861 0.098
vn -0.603 -0.788 0.127
vn 0.000 1.000 0.006
vn -0.490 -0.856 0.166
vn -0.556 -0.806 0.203
vn -0.003 1.000 0.008
vn -0.471 -0.837 0.278
vn -0.484 -0.827 0.286
vn -0.003 1.000 0.010
vn -0.473 -0.834 0.285
vn -0.414 -0.870 0.269
vn -0.003 1.000 0.012
vn -0.357 -0.921 0.157
vn -0.000 1.000 0.014
vn -0.306 -0.945 0.117
vn 0.005 1.000 0.021
vn -0.174 -0.926 0.334
vn 0.010 0.998 0.064
vn -0.085 -0.908 0.410
vn -0.052 -0.896 0.442
vn 0.014 0.994 0.111
vn -0.004 -0.921 0.390
vn 0.052 0.989 0.142
vn 0.020 0.989 0.148
vn 0.025 0.984 0.174
vn 0.028 -0.936 0.351
vn 0.046 0.987 0.151
vn 0.031 -0.941 0.338
vn 0.359 -0.912 0.197
vn 0.050 -0.974 0.222
vn 0.052 0.996 0.072
vn 0.057 -0.993 0.107
vn 0.049 0.999 -0.006
vn 0.057 -0.998 -0.022
vn 0.044 0.995 -0.086
vn 0.054 -0.982 -0.179
vn 0.031 0.988 -0.154
vn 0.174 -0.919 -0.354
vn 0.053 -0.932 -0.358
vn 0.005 0.992 -0.129
vn 0.043 -0.867 -0.496
vn 0.049 -0.915 -0.399
vn -0.878 0.097 0.469
vn -0.882 -0.077 0.466
vn -0.870 0.317 0.377
vn -0.911 0.101 0.400
vn -0.913 -0.096 0.397
vn -0.896 -0.245 0.370
vn -0.826 0.462 0.323
vn -0.878 0.323 0.354
vn -0.924 0.101 0.368
vn -0.926 -0.105 0.363
vn -0.901 -0.269 0.339
vn -0.851 -0.439 0.289
vn -0.814 0.470 0.341
vn -0.865 0.345 0.365
vn -0.874 0.321 0.365
vn -0.925 0.100 0.366
vn -0.927 -0.108 0.359
vn -0.899 -0.283 0.335
vn -0.835 -0.464 0.297
vn -0.891 -0.313 0.331
vn -0.732 0.583 0.352
vn -0.802 0.476 0.361
vn -0.802 0.476 0.361
vn -0.830 -0.473 0.296
vn -0.834 -0.465 0.297
vn -0.739 -0.614 0.277
vn -0.723 0.604 0.336
vn -0.780 0.525 0.340
vn -0.831 -0.472 0.295
vn -0.759 -0.594 0.267
vn -0.805 -0.528 0.269
vn -0.759 0.567 0.320
vn -0.700 0.646 0.304
vn -0.783 -0.583 0.219
vn -0.785 -0.579 0.220
vn -0.670 -0.713 0.206
vn -0.475 0.861 0.182
vn -0.783 -0.583 0.216
vn -0.684 -0.714 0.150
vn -0.767 -0.616 0.178
vn -0.290 0.955 0.063
vn -0.670 -0.727 0.153
vn -0.727 -0.662 0.181
vn -0.144 0.989 0.021
vn -0.648 -0.725 0.235
vn -0.673 -0.699 0.243
vn -0.042 0.999 0.005
vn -0.651 -0.708 0.274
vn -0.625 -0.716 0.312
vn -0.011 1.000 0.009
vn -0.509 -0.813 0.283
vn -0.597 -0.747 0.292
vn -0.005 1.000 0.013
vn -0.583 -0.789 0.194
vn -0.581 -0.792 0.186
vn -0.003 1.000 0.017
vn -0.526 -0.817 0.235
vn 0.001 1.000 0.024
vn -0.349 -0.840 0.415
vn 0.003 0.998 0.056
vn -0.144 -0.873 0.465
vn -0.240 -0.851 0.466
vn -0.004 0.995 0.100
vn -0.232 -0.858 0.459
vn -0.221 -0.886 0.408
vn -0.009 0.990 0.141
vn -0.014 0.987 0.162
vn -0.204 -0.913 0.353
vn -0.046 0.988 0.146
vn -0.189 -0.937 0.293
vn -0.194 -0.951 0.242
vn -0.061 0.996 0.070
vn -0.202 -0.973 0.116
vn -0.067 0.998 -0.009
vn -0.208 -0.978 -0.024
vn -0.063 0.994 -0.085
vn -0.203 -0.961 -0.188
vn -0.043 0.988 -0.146
vn -0.145 -0.917 -0.371
vn -0.178 -0.912 -0.369
vn -0.178 -0.916 -0.359
vn -0.008 0.993 -0.115
vn -0.187 -0.844 -0.502
vn -0.872 0.320 0.370
vn -0.922 0.090 0.376
vn -0.925 -0.116 0.363
vn -0.897 -0.285 0.337
vn -0.802 0.476 0.361
vn -0.866 0.311 0.391
vn -0.918 0.069 0.391
vn -0.920 -0.134 0.367
vn -0.893 -0.303 0.333
vn -0.808 0.472 0.352
vn -0.880 0.296 0.372
vn -0.896 0.237 0.375
vn -0.922 0.052 0.384
vn -0.922 -0.157 0.354
vn -0.896 -0.321 0.307
vn -0.920 -0.194 0.342
vn -0.841 -0.467 0.274
vn -0.760 0.574 0.306
vn -0.833 0.465 0.300
vn -0.854 0.423 0.302
vn -0.883 0.295 0.366
vn -0.899 -0.338 0.280
vn -0.850 -0.473 0.231
vn -0.890 -0.379 0.255
vn -0.751 0.600 0.275
vn -0.842 0.481 0.247
vn -0.844 0.460 0.277
vn -0.852 -0.482 0.202
vn -0.867 -0.453 0.207
vn -0.790 -0.585 0.183
vn -0.787 0.565 0.248
vn -0.831 0.501 0.241
vn -0.853 -0.479 0.207
vn -0.781 -0.592 0.198
vn -0.844 -0.493 0.212
vn -0.812 0.522 0.260
vn -0.757 0.594 0.274
vn -0.775 -0.580 0.249
vn -0.815 -0.524 0.246
vn -0.529 0.827 0.191
vn -0.798 -0.540 0.269
vn -0.666 -0.681 0.305
vn -0.793 -0.544 0.274
vn -0.324 0.945 0.051
vn -0.730 -0.630 0.265
vn -0.787 -0.564 0.250
vn -0.191 0.981 0.020
vn -0.779 -0.590 0.214
vn -0.588 -0.788 0.186
vn -0.779 -0.591 0.213
vn -0.073 0.997 0.020
vn -0.563 -0.782 0.267
vn -0.647 -0.635 0.422
vn -0.021 0.999 0.027
vn -0.417 -0.751 0.513
vn -0.435 -0.736 0.519
vn -0.001 0.999 0.048
vn -0.426 -0.743 0.516
vn -0.340 -0.797 0.500
vn -0.005 0.996 0.086
vn -0.293 -0.835 0.465
vn -0.283 -0.851 0.442
vn -0.013 0.991 0.134
vn -0.017 0.989 0.147
vn -0.283 -0.888 0.362
vn -0.059 0.989 0.138
vn -0.224 -0.940 0.258
vn -0.258 -0.931 0.258
vn -0.079 0.995 0.066
vn -0.251 -0.946 0.203
vn -0.261 -0.958 0.122
vn -0.088 0.996 -0.011
vn -0.275 -0.961 -0.031
vn -0.080 0.993 -0.083
vn -0.267 -0.943 -0.198
vn -0.053 0.990 -0.134
vn -0.277 -0.890 -0.362
vn -0.262 -0.937 -0.231
vn -0.010 0.992 -0.129
vn -0.262 -0.824 -0.503
vn -0.927 0.046 0.371
vn -0.923 -0.161 0.349
vn -0.912 0.284 0.297
vn -0.954 0.033 0.299
vn -0.939 -0.186 0.289
vn -0.901 -0.347 0.261
vn -0.862 0.447 0.237
vn -0.939 0.270 0.215
vn -0.978 0.030 0.208
vn -0.958 -0.190 0.214
vn -0.909 -0.358 0.213
vn -0.889 0.408 0.210
vn -0.957 0.237 0.165
vn -0.989 0.026 0.145
vn -0.972 -0.169 0.162
vn -0.923 -0.336 0.190
vn -0.856 -0.473 0.210
vn -0.818 0.510 0.268
vn -0.910 0.358 0.207
vn -0.969 0.196 0.149
vn -0.979 0.148 0.143
vn -0.990 0.025 0.137
vn -0.979 -0.141 0.146
vn -0.938 -0.295 0.183
vn -0.978 -0.149 0.147
vn -0.867 -0.444 0.225
vn -0.814 0.507 0.285
vn -0.932 0.296 0.208
vn -0.958 0.224 0.181
vn -0.971 0.187 0.150
vn -0.951 -0.249 0.182
vn -0.958 -0.226 0.177
vn -0.892 -0.393 0.223
vn -0.805 -0.529 0.269
vn -0.852 0.469 0.233
vn -0.931 0.289 0.220
vn -0.941 0.267 0.208
vn -0.953 -0.244 0.182
vn -0.914 -0.352 0.201
vn -0.937 -0.292 0.193
vn -0.845 -0.483 0.229
vn -0.880 0.403 0.249
vn -0.873 0.417 0.252
vn -0.893 -0.334 0.301
vn -0.840 -0.447 0.306
vn -0.876 -0.343 0.338
vn -0.779 -0.589 0.213
vn -0.696 0.679 0.233
vn -0.727 -0.468 0.503
vn -0.647 -0.595 0.477
vn -0.692 -0.483 0.536
vn -0.460 0.881 0.114
vn -0.576 -0.579 0.577
vn -0.517 -0.619 0.591
vn -0.255 0.965 0.061
vn -0.437 -0.707 0.556
vn -0.411 -0.728 0.549
vn -0.109 0.991 0.071
vn -0.310 -0.826 0.471
vn -0.356 -0.807 0.472
vn -0.023 0.992 0.122
vn -0.022 0.992 0.123
vn -0.344 -0.822 0.453
vn -0.364 -0.853 0.374
vn -0.080 0.989 0.122
vn -0.366 -0.895 0.256
vn -0.114 0.992 0.059
vn -0.280 -0.952 0.124
vn -0.354 -0.928 0.118
vn -0.125 0.992 -0.013
vn -0.304 -0.952 -0.039
vn -0.360 -0.932 -0.042
vn -0.119 0.990 -0.076
vn -0.275 -0.940 -0.202
vn -0.379 -0.904 -0.200
vn -0.182 0.977 -0.112
vn -0.389 -0.850 -0.355
vn -0.344 0.878 -0.334
vn -0.232 0.934 -0.270
vn -0.350 0.873 -0.341
vn -0.336 -0.797 -0.502
vn -0.992 0.023 0.128
vn -0.980 -0.138 0.145
vn -0.975 0.153 0.158
vn -0.989 0.020 0.144
vn -0.981 -0.111 0.157
vn -0.946 0.245 0.212
vn -0.974 0.126 0.189
vn -0.982 0.020 0.187
vn -0.977 -0.096 0.190
vn -0.956 -0.224 0.191
vn -0.880 0.404 0.251
vn -0.946 0.226 0.234
vn -0.963 0.119 0.242
vn -0.958 0.020 0.286
vn -0.940 -0.098 0.327
vn -0.911 -0.219 0.350
vn -0.879 -0.328 0.347
vn -0.855 0.436 0.281
vn -0.925 0.238 0.296
vn -0.906 0.165 0.389
vn -0.886 0.107 0.450
vn -0.881 0.059 0.468
vn -0.877 -0.018 0.480
vn -0.829 -0.159 0.536
vn -0.855 -0.076 0.513
vn -0.761 -0.319 0.565
vn -0.693 -0.471 0.546
vn -0.806 0.499 0.318
vn -0.848 0.341 0.405
vn -0.849 0.340 0.405
vn -0.889 0.202 0.412
vn -0.887 0.109 0.449
vn -0.836 -0.152 0.528
vn -0.795 -0.271 0.542
vn -0.699 -0.400 0.593
vn -0.534 -0.577 0.618
vn -0.661 -0.437 0.609
vn -0.780 0.514 0.358
vn -0.794 0.491 0.359
vn -0.849 0.341 0.404
vn -0.635 -0.524 0.568
vn -0.436 -0.698 0.568
vn -0.580 -0.601 0.549
vn -0.788 0.502 0.357
vn -0.647 0.691 0.322
vn -0.554 -0.655 0.513
vn -0.549 -0.697 0.461
vn -0.055 0.990 0.130
vn -0.426 0.884 0.193
vn -0.460 -0.802 0.381
vn -0.502 -0.782 0.370
vn -0.406 0.899 0.167
vn -0.380 0.921 0.088
vn -0.491 -0.794 0.359
vn -0.537 -0.807 0.245
vn -0.380 0.924 0.041
vn -0.553 -0.828 0.099
vn -0.424 0.905 -0.024
vn -0.556 -0.830 -0.047
vn -0.506 0.841 -0.194
vn -0.548 -0.814 -0.193
vn -0.554 0.789 -0.266
vn -0.344 0.912 -0.222
vn -0.695 0.621 -0.361
vn -0.503 -0.789 -0.353
vn -0.703 0.551 -0.450
vn -0.346 -0.793 -0.502
vn -0.526 -0.716 -0.458
vn -0.489 -0.783 -0.385
vn -0.871 -0.012 0.491
vn -0.868 0.251 0.429
vn -0.919 0.117 0.375
vn -0.938 0.021 0.346
vn -0.923 -0.058 0.381
vn -0.857 -0.189 0.480
vn -0.704 -0.384 0.597
vn -0.874 0.335 0.351
vn -0.974 0.115 0.193
vn -0.995 0.015 0.099
vn -0.997 0.001 0.072
vn -0.997 0.000 0.079
vn -0.991 -0.012 0.131
vn -0.952 -0.144 0.272
vn -0.740 -0.458 0.492
vn -0.819 0.477 0.320
vn -0.980 0.153 0.124
vn -1.000 -0.000 0.015
vn -1.000 -0.002 0.001
vn -1.000 -0.000 0.000
vn -1.000 -0.000 -0.000
vn -1.000 -0.000 -0.000
vn -1.000 -0.000 0.012
vn -0.977 -0.155 0.146
vn -0.679 -0.595 0.431
vn -0.924 0.347 0.160
vn -0.999 0.036 -0.001
vn -1.000 -0.009 -0.002
vn -1.000 -0.000 -0.000
vn -1.000 -0.000 -0.000
vn -1.000 -0.000 -0.000
vn -1.000 -0.000 -0.000
vn -1.000 -0.000 -0.000
vn -1.000 -0.003 -0.000
vn -0.921 -0.361 0.147
vn -0.457 0.884 0.101
vn -0.971 0.235 0.048
vn -1.000 -0.001 -0.009
vn -1.000 -0.000 -0.000
vn -1.000 -0.000 -0.000
vn -1.000 -0.000 -0.000
vn -1.000 -0.000 -0.000
vn -1.000 -0.000 -0.000
vn -1.000 -0.000 -0.000
vn -1.000 -0.000 -0.000
vn -0.987 -0.162 0.003
vn -0.641 -0.732 0.232
vn -0.538 0.842 0.039
vn -0.983 0.182 -0.006
vn -1.000 -0.009 -0.000
vn -1.000 -0.000 -0.000
vn -1.000 -0.000 -0.000
vn -1.000 -0.000 -0.000
vn -1.000 -0.000 -0.000
vn -1.000 -0.000 -0.000
vn -1.000 -0.000 -0.000
vn -1.000 -0.000 -0.000
vn -0.998 -0.070 -0.000
vn -0.743 -0.663 0.085
vn -0.572 0.819 -0.058
vn -0.976 0.212 -0.050
vn -1.000 0.004 -0.000
vn -1.000 -0.000 -0.000
vn -1.000 -0.000 -0.000
vn -1.000 -0.000 -0.000
vn -1.000 -0.000 -0.000
vn -1.000 -0.000 -0.000
vn -1.000 -0.000 -0.000
vn -1.000 -0.000 -0.000
vn -0.998 -0.055 -0.000
vn -0.751 -0.659 -0.031
vn -0.569 0.792 -0.221
vn -0.943 0.305 -0.130
vn -0.999 0.041 -0.003
vn -1.000 -0.000 -0.000
vn -1.000 -0.000 -0.000
vn -1.000 -0.000 -0.000
vn -1.000 -0.000 -0.000
vn -1.000 -0.000 -0.000
vn -1.000 -0.000 -0.000
vn -1.000 -0.000 -0.000
vn -0.994 -0.110 -0.000
vn -0.674 -0.718 -0.172
vn -0.853 0.446 -0.271
vn -0.988 0.137 -0.067
vn -1.000 0.003 -0.000
vn -1.000 -0.000 -0.000
vn -1.000 -0.000 -0.000
vn -1.000 -0.000 -0.000
vn -1.000 -0.000 -0.000
vn -1.000 -0.000 -0.000
vn -1.000 -0.000 -0.000
vn -0.956 -0.290 -0.052
vn -0.522 -0.777 -0.352
vn -0.708 0.544 -0.450
vn -0.905 0.319 -0.282
vn -0.996 0.067 -0.063
vn -1.000 -0.000 -0.000
vn -1.000 -0.000 -0.000
vn -1.000 -0.000 -0.000
vn -1.000 -0.000 -0.000
vn -1.000 -0.000 -0.000
vn -0.998 -0.055 -0.035
vn -0.746 -0.557 -0.367
f 3//3 74//74 1//1
f 3//3 77//77 74//74
f 75//75 76//76 5//5
f 76//76 4//4 5//5
f 76//76 78//78 4//4
f 75//75 5//5 2//2
f 6//6 77//77 3//3
f 6//6 79//79 77//77
f 82//82 81//81 80//80
f 84//84 83//83 80//80
f 80//80 83//83 82//82
f 78//78 83//83 84//84
f 7//7 78//78 84//84
f 4//4 78//78 7//7
f 85//85 79//79 6//6
f 85//85 6//6 8//8
f 87//87 86//86 9//9
f 86//86 8//8 9//9
f 86//86 85//85 8//8
f 87//87 88//88 86//86
f 91//91 90//90 89//89
f 91//91 89//89 81//81
f 89//89 80//80 81//81
f 89//89 92//92 80//80
f 92//92 10//10 11//11
f 84//84 92//92 11//11
f 80//80 92//92 84//84
f 84//84 11//11 7//7
f 12//12 93//93 87//87
f 12//12 87//87 9//9
f 88//88 87//87 94//94
f 87//87 95//95 94//94
f 87//87 93//93 95//95
f 95//95 96//96 94//94
f 99//99 98//98 97//97
f 99//99 97//97 90//90
f 97//97 89//89 90//90
f 97//97 100//100 89//89
f 100//100 13//13 14//14
f 92//92 100//100 14//14
f 89//89 100//100 92//92
f 92//92 14//14 10//10
f 15//15 93//93 12//12
f 93//93 15//15 16//16
f 101//101 93//93 16//16
f 95//95 93//93 101//101
f 96//96 95//95 102//102
f 95//95 103//103 102//102
f 95//95 101//101 103//103
f 105//105 104//104 103//103
f 103//103 104//104 102//102
f 107//107 106//106 105//105
f 105//105 106//106 104//104
f 106//106 107//107 98//98
f 107//107 97//97 98//98
f 107//107 108//108 97//97
f 97//97 109//109 100//100
f 97//97 108//108 109//109
f 109//109 17//17 13//13
f 109//109 13//13 100//100
f 18//18 110//110 101//101
f 18//18 101//101 16//16
f 101//101 111//111 103//103
f 101//101 110//110 111//111
f 103//103 112//112 105//105
f 103//103 111//111 112//112
f 105//105 113//113 107//107
f 105//105 112//112 113//113
f 107//107 114//114 108//108
f 107//107 113//113 114//114
f 108//108 115//115 109//109
f 108//108 114//114 115//115
f 115//115 19//19 17//17
f 115//115 17//17 109//109
f 20//20 116//116 21//21
f 110//110 18//18 21//21
f 116//116 110//110 21//21
f 117//117 110//110 116//116
f 110//110 118//118 111//111
f 110//110 117//117 118//118
f 120//120 112//112 119//119
f 112//112 118//118 119//119
f 112//112 111//111 118//118
f 112//112 120//120 113//113
f 113//113 120//120 121//121
f 123//123 122//122 121//121
f 122//122 113//113 121//121
f 122//122 114//114 113//113
f 114//114 124//124 115//115
f 114//114 122//122 124//124
f 125//125 22//22 19//19
f 115//115 125//125 19//19
f 124//124 125//125 115//115
f 125//125 23//23 22//22
f 24//24 126//126 116//116
f 24//24 116//116 20//20
f 116//116 127//127 117//117
f 116//116 126//126 127//127
f 129//129 118//118 128//128
f 118//118 127//127 128//128
f 118//118 117//117 127//127
f 118//118 129//129 119//119
f 123//123 130//130 122//122
f 122//122 130//130 124//124
f 124//124 130//130 131//131
f 133//133 132//132 131//131
f 132//132 124//124 131//131
f 132//132 125//125 124//124
f 132//132 25//25 23//23
f 132//132 23//23 125//125
f 135//135 134//134 126//126
f 24//24 135//135 126//126
f 26//26 135//135 24//24
f 126//126 134//134 127//127
f 127//127 134//134 136//136
f 127//127 136//136 128//128
f 133//133 137//137 132//132
f 137//137 139//139 138//138
f 137//137 138//138 27//27
f 132//132 137//137 27//27
f 25//25 132//132 27//27
f 138//138 28//28 27//27
f 29//29 135//135 26//26
f 29//29 140//140 135//135
f 139//139 141//141 138//138
f 141//141 143//143 142//142
f 141//141 142//142 30//30
f 138//138 141//141 30//30
f 28//28 138//138 30//30
f 142//142 31//31 30//30
f 32//32 140//140 29//29
f 32//32 144//144 140//140
f 142//142 143//143 145//145
f 145//145 143//143 146//146
f 145//145 33//33 31//31
f 145//145 31//31 142//142
f 34//34 144//144 32//32
f 34//34 147//147 144//144
f 146//146 148//148 145//145
f 33//33 145//145 148//148
f 149//149 33//33 148//148
f 35//35 33//33 149//149
f 36//36 147//147 34//34
f 36//36 150//150 147//147
f 37//37 35//35 151//151
f 35//35 152//152 151//151
f 35//35 149//149 152//152
f 151//151 38//38 37//37
f 39//39 150//150 36//36
f 39//39 153//153 150//150
f 151//151 152//152 154//154
f 154//154 152//152 155//155
f 154//154 40//40 38//38
f 154//154 38//38 151//151
f 41//41 153//153 39//39
f 41//41 156//156 153//153
f 154//154 155//155 157//157
f 157//157 155//155 158//158
f 157//157 42//42 40//40
f 157//157 40//40 154//154
f 43//43 156//156 41//41
f 43//43 159//159 156//156
f 157//157 158//158 160//160
f 160//160 158//158 161//161
f 160//160 44//44 42//42
f 160//160 42//42 157//157
f 45//45 159//159 43//43
f 45//45 162//162 159//159
f 160//160 161//161 163//163
f 163//163 161//161 164//164
f 163//163 46//46 44//44
f 163//163 44//44 160//160
f 167//167 166//166 165//165
f 166//166 162//162 165//165
f 162//162 47//47 165//165
f 162//162 45//45 47//47
f 163//163 164//164 49//49
f 164//164 48//48 49//49
f 164//164 168//168 48//48
f 163//163 49//49 46//46
f 167//167 165//165 50//50
f 51//51 167//167 50//50
f 169//169 167//167 51//51
f 50//50 165//165 47//47
f 168//168 52//52 48//48
f 170//170 52//52 168//168
f 53//53 169//169 51//51
f 53//53 171//171 169//169
f 173//173 172//172 55//55
f 55//55 172//172 54//54
f 55//55 52//52 170//170
f 55//55 170//170 173//173
f 56//56 171//171 53//53
f 56//56 174//174 171//171
f 172//172 57//57 54//54
f 175//175 57//57 172//172
f 58//58 174//174 56//56
f 58//58 176//176 174//174
f 178//178 177//177 60//60
f 60//60 177//177 59//59
f 60//60 57//57 175//175
f 60//60 175//175 178//178
f 58//58 61//61 179//179
f 180//180 58//58 179//179
f 176//176 58//58 180//180
f 62//62 179//179 61//61
f 181//181 63//63 64//64
f 182//182 181//181 64//64
f 59//59 182//182 64//64
f 177//177 182//182 59//59
f 183//183 180//180 179//179
f 185//185 183//183 184//184
f 184//184 183//183 65//65
f 183//183 179//179 65//65
f 179//179 62//62 65//65
f 66//66 184//184 65//65
f 186//186 67//67 68//68
f 69//69 187//187 68//68
f 68//68 187//187 186//186
f 188//188 187//187 69//69
f 188//188 69//69 63//63
f 189//189 188//188 63//63
f 181//181 189//189 63//63
f 189//189 181//181 182//182
f 190//190 185//185 184//184
f 192//192 190//190 191//191
f 191//191 190//190 70//70
f 190//190 184//184 70//70
f 184//184 66//66 70//70
f 71//71 193//193 70//70
f 70//70 193//193 191//191
f 72//72 194//194 71//71
f 71//71 194//194 193//193
f 73//73 195//195 72//72
f 72//72 195//195 194//194
f 196//196 195//195 73//73
f 196//196 73//73 67//67
f 197//197 196//196 67//67
f 186//186 197//197 67//67
f 197//197 186//186 187//187
f 197//197 187//187 198//198
f 198//198 187//187 188//188
f 199//199 192//192 191//191
f 199//199 191//191 193//193
f 199//199 193//193 200//200
f 200//200 193//193 194//194
f 200//200 194//194 201//201
f 201//201 194//194 195//195
f 201//201 195//195 202//202
f 202//202 195//195 196//196
f 77//77 203//203 74//74
f 77//77 206//206 203//203
f 209//209 208//208 207//207
f 209//209 207//207 205//205
f 207//207 204//204 205//205
f 207//207 210//210 204//204
f 210//210 78//78 76//76
f 210//210 76//76 204//204
f 79//79 212//212 211//211
f 206//206 79//79 211//211
f 77//77 79//79 206//206
f 214//214 213//213 212//212
f 212//212 213//213 211//211
f 214//214 215//215 213//213
f 218//218 217//217 216//216
f 218//218 216//216 208//208
f 208//208 216//216 207//207
f 216//216 81//81 207//207
f 81//81 82//82 207//207
f 207//207 82//82 83//83
f 207//207 83//83 210//210
f 210//210 83//83 78//78
f 85//85 212//212 79//79
f 212//212 85//85 86//86
f 212//212 86//86 214//214
f 220//220 219//219 88//88
f 88//88 219//219 86//86
f 219//219 215//215 86//86
f 215//215 214//214 86//86
f 222//222 221//221 220//220
f 220//220 221//221 219//219
f 224//224 223//223 222//222
f 222//222 223//223 221//221
f 226//226 225//225 224//224
f 224//224 225//225 223//223
f 228//228 227//227 226//226
f 226//226 227//227 225//225
f 227//227 228//228 217//217
f 217//217 228//228 216//216
f 228//228 90//90 216//216
f 90//90 91//91 216//216
f 216//216 91//91 81//81
f 94//94 220//220 88//88
f 220//220 94//94 96//96
f 229//229 220//220 96//96
f 222//222 220//220 229//229
f 222//222 230//230 224//224
f 222//222 229//229 230//230
f 224//224 231//231 226//226
f 224//224 230//230 231//231
f 231//231 98//98 99//99
f 228//228 231//231 99//99
f 226//226 231//231 228//228
f 228//228 99//99 90//90
f 102//102 229//229 96//96
f 229//229 102//102 104//104
f 229//229 104//104 230//230
f 230//230 104//104 106//106
f 230//230 106//106 231//231
f 231//231 106//106 98//98
f 119//119 232//232 120//120
f 233//233 121//121 120//120
f 233//233 120//120 232//232
f 233//233 123//123 121//121
f 128//128 234//234 129//129
f 232//232 119//119 129//129
f 234//234 232//232 129//129
f 235//235 232//232 234//234
f 232//232 236//236 233//233
f 232//232 235//235 236//236
f 237//237 130//130 123//123
f 233//233 237//237 123//123
f 236//236 237//237 233//233
f 238//238 131//131 130//130
f 238//238 130//130 237//237
f 238//238 133//133 131//131
f 135//135 239//239 134//134
f 240//240 136//136 134//134
f 240//240 134//134 239//239
f 240//240 241//241 136//136
f 136//136 241//241 128//128
f 241//241 242//242 128//128
f 242//242 234//234 128//128
f 234//234 242//242 235//235
f 235//235 242//242 243//243
f 235//235 243//243 236//236
f 236//236 243//243 244//244
f 236//236 244//244 237//237
f 237//237 244//244 245//245
f 247//247 246//246 245//245
f 246//246 237//237 245//245
f 246//246 238//238 237//237
f 248//248 137//137 133//133
f 238//238 248//248 133//133
f 246//246 248//248 238//238
f 248//248 139//139 137//137
f 250//250 249//249 239//239
f 135//135 250//250 239//239
f 140//140 250//250 135//135
f 239//239 249//249 240//240
f 240//240 249//249 251//251
f 240//240 251//251 241//241
f 247//247 252//252 246//246
f 246//246 252//252 248//248
f 248//248 252//252 253//253
f 253//253 255//255 254//254
f 253//253 254//254 141//141
f 248//248 253//253 141//141
f 139//139 248//248 141//141
f 254//254 143//143 141//141
f 258//258 257//257 256//256
f 257//257 250//250 256//256
f 250//250 144//144 256//256
f 250//250 140//140 144//144
f 255//255 259//259 254//254
f 143//143 254//254 259//259
f 260//260 143//143 259//259
f 146//146 143//143 260//260
f 258//258 256//256 261//261
f 258//258 261//261 262//262
f 147//147 261//261 144//144
f 144//144 261//261 256//256
f 148//148 146//146 263//263
f 146//146 264//264 263//263
f 146//146 260//260 264//264
f 263//263 149//149 148//148
f 262//262 261//261 265//265
f 262//262 265//265 266//266
f 150//150 265//265 147//147
f 147//147 265//265 261//261
f 263//263 264//264 267//267
f 267//267 264//264 268//268
f 267//267 152//152 149//149
f 267//267 149//149 263//263
f 269//269 266//266 265//265
f 265//265 150//150 269//269
f 150//150 270//270 269//269
f 150//150 153//153 270//270
f 268//268 271//271 267//267
f 152//152 267//267 271//271
f 272//272 152//152 271//271
f 155//155 152//152 272//272
f 156//156 270//270 153//153
f 156//156 273//273 270//270
f 272//272 158//158 155//155
f 274//274 158//158 272//272
f 277//277 276//276 275//275
f 276//276 273//273 275//275
f 273//273 159//159 275//275
f 273//273 156//156 159//159
f 274//274 161//161 158//158
f 278//278 161//161 274//274
f 277//277 275//275 279//279
f 277//277 279//279 280//280
f 162//162 279//279 159//159
f 159//159 279//279 275//275
f 278//278 164//164 161//161
f 281//281 164//164 278//278
f 280//280 279//279 166//166
f 167//167 280//280 166//166
f 282//282 280//280 167//167
f 166//166 279//279 162//162
f 281//281 168//168 164//164
f 283//283 168//168 281//281
f 169//169 282//282 167//167
f 169//169 284//284 282//282
f 283//283 170//170 168//168
f 285//285 170//170 283//283
f 171//171 284//284 169//169
f 171//171 286//286 284//284
f 288//288 287//287 173//173
f 173//173 287//287 172//172
f 173//173 170//170 285//285
f 173//173 285//285 288//288
f 174//174 286//286 171//171
f 174//174 289//289 286//286
f 287//287 175//175 172//172
f 290//290 175//175 287//287
f 176//176 289//289 174//174
f 176//176 291//291 289//289
f 292//292 177//177 178//178
f 293//293 292//292 178//178
f 175//175 293//293 178//178
f 290//290 293//293 175//175
f 180//180 291//291 176//176
f 180//180 294//294 291//291
f 296//296 295//295 292//292
f 295//295 177//177 292//292
f 295//295 182//182 177//177
f 296//296 292//292 293//293
f 180//180 183//183 297//297
f 298//298 180//180 297//297
f 294//294 180//180 298//298
f 185//185 297//297 183//183
f 299//299 188//188 189//189
f 300//300 299//299 189//189
f 182//182 300//300 189//189
f 295//295 300//300 182//182
f 301//301 298//298 297//297
f 303//303 301//301 302//302
f 302//302 301//301 190//190
f 301//301 297//297 190//190
f 297//297 185//185 190//190
f 192//192 302//302 190//190
f 304//304 196//196 197//197
f 198//198 305//305 197//197
f 197//197 305//305 304//304
f 306//306 305//305 198//198
f 306//306 198//198 188//188
f 307//307 306//306 188//188
f 299//299 307//307 188//188
f 307//307 299//299 300//300
f 308//308 303//303 302//302
f 308//308 302//302 192//192
f 199//199 308//308 192//192
f 309//309 308//308 199//199
f 311//311 309//309 310//310
f 309//309 200//200 310//310
f 309//309 199//199 200//200
f 201//201 312//312 200//200
f 200//200 312//312 310//310
f 202//202 313//313 201//201
f 201//201 313//313 312//312
f 314//314 313//313 202//202
f 314//314 202//202 196//196
f 315//315 314//314 196//196
f 304//304 315//315 196//196
f 315//315 304//304 305//305
f 315//315 305//305 316//316
f 316//316 305//305 306//306
f 317//317 311//311 310//310
f 317//317 310//310 312//312
f 317//317 312//312 318//318
f 318//318 312//312 313//313
f 318//318 313//313 319//319
f 319//319 313//313 314//314
f 206//206 324//324 323//323
f 320//320 206//206 323//323
f 203//203 206//206 320//320
f 326//326 325//325 324//324
f 324//324 325//325 323//323
f 326//326 327//327 325//325
f 330//330 329//329 328//328
f 330//330 328//328 322//322
f 322//322 328//328 321//321
f 328//328 208//208 321//321
f 208//208 209//209 321//321
f 321//321 209//209 205//205
f 211//211 324//324 206//206
f 324//324 211//211 213//213
f 324//324 213//213 326//326
f 332//332 331//331 215//215
f 215//215 331//331 213//213
f 331//331 327//327 213//213
f 327//327 326//326 213//213
f 334//334 333//333 332//332
f 332//332 333//333 331//331
f 336//336 335//335 334//334
f 334//334 335//335 333//333
f 338//338 337//337 336//336
f 336//336 337//337 335//335
f 340//340 339//339 338//338
f 338//338 339//339 337//337
f 339//339 340//340 329//329
f 329//329 340//340 328//328
f 340//340 217//217 328//328
f 217//217 218//218 328//328
f 328//328 218//218 208//208
f 219//219 332//332 215//215
f 332//332 219//219 221//221
f 332//332 221//221 334//334
f 334//334 221//221 223//223
f 334//334 223//223 336//336
f 336//336 223//223 225//225
f 336//336 225//225 338//338
f 338//338 225//225 227//227
f 338//338 227//227 340//340
f 340//340 227//227 217//217
f 241//241 341//341 242//242
f 342//342 243//243 242//242
f 342//342 242//242 341//341
f 343//343 244//244 243//243
f 343//343 243//243 342//342
f 344//344 245//245 244//244
f 344//344 244//244 343//343
f 344//344 247//247 245//245
f 250//250 345//345 249//249
f 346//346 251//251 249//249
f 346//346 249//249 345//345
f 346//346 347//347 251//251
f 251//251 347//347 241//241
f 347//347 348//348 241//241
f 348//348 341//341 241//241
f 341//341 348//348 342//342
f 342//342 348//348 349//349
f 342//342 349//349 343//343
f 343//343 349//349 350//350
f 343//343 350//350 344//344
f 344//344 350//350 351//351
f 351//351 353//353 352//352
f 351//351 352//352 252//252
f 344//344 351//351 252//252
f 247//247 344//344 252//252
f 354//354 253//253 252//252
f 354//354 252//252 352//352
f 354//354 255//255 253//253
f 258//258 355//355 257//257
f 355//355 356//356 257//257
f 257//257 356//356 250//250
f 356//356 357//357 250//250
f 357//357 345//345 250//250
f 345//345 357//357 346//346
f 346//346 357//357 358//358
f 346//346 358//358 347//347
f 353//353 359//359 352//352
f 361//361 360//360 359//359
f 360//360 352//352 359//359
f 360//360 354//354 352//352
f 362//362 259//259 255//255
f 354//354 362//362 255//255
f 360//360 362//362 354//354
f 362//362 260//260 259//259
f 364//364 363//363 355//355
f 258//258 364//364 355//355
f 262//262 364//364 258//258
f 355//355 363//363 356//356
f 361//361 365//365 360//360
f 367//367 366//366 365//365
f 366//366 360//360 365//365
f 366//366 362//362 360//360
f 366//366 264//264 260//260
f 366//366 260//260 362//362
f 266//266 364//364 262//262
f 266//266 368//368 364//364
f 367//367 369//369 366//366
f 264//264 366//366 369//369
f 370//370 264//264 369//369
f 268//268 264//264 370//370
f 266//266 269//269 371//371
f 372//372 266//266 371//371
f 368//368 266//266 372//372
f 270//270 371//371 269//269
f 271//271 268//268 373//373
f 268//268 374//374 373//373
f 268//268 370//370 374//374
f 373//373 272//272 271//271
f 372//372 371//371 375//375
f 372//372 375//375 376//376
f 273//273 375//375 270//270
f 270//270 375//375 371//371
f 373//373 374//374 377//377
f 377//377 374//374 378//378
f 377//377 274//274 272//272
f 377//377 272//272 373//373
f 376//376 375//375 276//276
f 277//277 376//376 276//276
f 379//379 376//376 277//277
f 276//276 375//375 273//273
f 378//378 380//380 377//377
f 274//274 377//377 380//380
f 381//381 274//274 380//380
f 278//278 274//274 381//381
f 280//280 379//379 277//277
f 280//280 382//382 379//379
f 381//381 281//281 278//278
f 383//383 281//281 381//381
f 282//282 382//382 280//280
f 282//282 384//384 382//382
f 383//383 283//283 281//281
f 385//385 283//283 383//383
f 284//284 384//384 282//282
f 284//284 386//386 384//384
f 385//385 285//285 283//283
f 387//387 285//285 385//385
f 286//286 386//386 284//284
f 286//286 388//388 386//386
f 389//389 287//287 288//288
f 390//390 389//389 288//288
f 285//285 390//390 288//288
f 387//387 390//390 285//285
f 289//289 388//388 286//286
f 289//289 391//391 388//388
f 393//393 392//392 389//389
f 392//392 287//287 389//389
f 392//392 290//290 287//287
f 393//393 389//389 390//390
f 291//291 391//391 289//289
f 291//291 394//394 391//391
f 392//392 293//293 290//290
f 395//395 293//293 392//392
f 294//294 394//394 291//291
f 294//294 396//396 394//394
f 397//397 295//295 296//296
f 398//398 397//397 296//296
f 293//293 398//398 296//296
f 395//395 398//398 293//293
f 298//298 396//396 294//294
f 298//298 399//399 396//396
f 400//400 300//300 397//397
f 397//397 300//300 295//295
f 397//397 398//398 401//401
f 397//397 401//401 400//400
f 298//298 301//301 402//402
f 403//403 298//298 402//402
f 399//399 298//298 403//403
f 303//303 402//402 301//301
f 404//404 306//306 307//307
f 405//405 404//404 307//307
f 405//405 307//307 300//300
f 406//406 405//405 300//300
f 400//400 406//406 300//300
f 406//406 400//400 401//401
f 407//407 403//403 402//402
f 409//409 407//407 408//408
f 408//408 407//407 308//308
f 407//407 402//402 308//308
f 402//402 303//303 308//308
f 309//309 410//410 308//308
f 308//308 410//410 408//408
f 311//311 410//410 309//309
f 411//411 314//314 315//315
f 316//316 412//412 315//315
f 315//315 412//412 411//411
f 413//413 412//412 316//316
f 413//413 316//316 306//306
f 414//414 413//413 306//306
f 404//404 414//414 306//306
f 414//414 404//404 405//405
f 415//415 409//409 408//408
f 415//415 408//408 410//410
f 415//415 410//410 416//416
f 418//418 416//416 417//417
f 417//417 416//416 317//317
f 416//416 410//410 317//317
f 410//410 311//311 317//317
f 318//318 419//419 317//317
f 317//317 419//419 417//417
f 319//319 420//420 318//318
f 318//318 420//420 419//419
f 421//421 420//420 319//319
f 421//421 319//319 314//314
f 422//422 421//421 314//314
f 411//411 422//422 314//314
f 422//422 411//411 412//412
f 422//422 412//412 423//423
f 423//423 412//412 413//413
f 424//424 418//418 417//417
f 424//424 417//417 419//419
f 424//424 419//419 425//425
f 425//425 419//419 420//420
f 425//425 420//420 426//426
f 426//426 420//420 421//421
f 323//323 427//427 320//320
f 427//427 323//323 325//325
f 427//427 325//325 428//428
f 428//428 325//325 327//327
f 436//436 428//428 327//327
f 429//429 428//428 436//436
f 429//429 437//437 430//430
f 429//429 436//436 437//437
f 431//431 430//430 438//438
f 430//430 439//439 438//438
f 430//430 437//437 439//439
f 438//438 439//439 433//433
f 439//439 432//432 433//433
f 439//439 440//440 432//432
f 432//432 441//441 434//434
f 432//432 440//440 441//441
f 441//441 329//329 330//330
f 435//435 441//441 330//330
f 434//434 441//441 435//435
f 435//435 330//330 322//322
f 331//331 436//436 327//327
f 436//436 331//331 333//333
f 436//436 333//333 437//437
f 437//437 333//333 335//335
f 437//437 335//335 439//439
f 439//439 335//335 337//337
f 439//439 337//337 440//440
f 440//440 337//337 339//339
f 440//440 339//339 441//441
f 441//441 339//339 329//329
f 347//347 442//442 348//348
f 443//443 349//349 348//348
f 443//443 348//348 442//442
f 444//444 350//350 349//349
f 444//444 349//349 443//443
f 445//445 351//351 350//350
f 445//445 350//350 444//444
f 445//445 353//353 351//351
f 356//356 446//446 357//357
f 447//447 358//358 357//357
f 447//447 357//357 446//446
f 447//447 448//448 358//358
f 358//358 448//448 347//347
f 448//448 449//449 347//347
f 449//449 442//442 347//347
f 442//442 449//449 443//443
f 443//443 449//449 450//450
f 443//443 450//450 444//444
f 444//444 450//450 451//451
f 453//453 452//452 451//451
f 452//452 444//444 451//451
f 452//452 445//445 444//444
f 454//454 359//359 353//353
f 445//445 454//454 353//353
f 452//452 454//454 445//445
f 454//454 361//361 359//359
f 364//364 455//455 363//363
f 446//446 356//356 363//363
f 455//455 446//446 363//363
f 456//456 446//446 455//455
f 458//458 447//447 457//457
f 447//447 456//456 457//457
f 447//447 446//446 456//456
f 447//447 458//458 448//448
f 453//453 459//459 452//452
f 452//452 459//459 454//454
f 454//454 459//459 460//460
f 460//460 462//462 461//461
f 460//460 461//461 365//365
f 454//454 460//460 365//365
f 361//361 454//454 365//365
f 461//461 367//367 365//365
f 464//464 463//463 455//455
f 364//364 464//464 455//455
f 368//368 464//464 364//364
f 455//455 463//463 456//456
f 456//456 463//463 465//465
f 456//456 465//465 457//457
f 462//462 466//466 461//461
f 466//466 468//468 467//467
f 466//466 467//467 369//369
f 461//461 466//466 369//369
f 367//367 461//461 369//369
f 467//467 370//370 369//369
f 372//372 464//464 368//368
f 372//372 469//469 464//464
f 467//467 468//468 470//470
f 470//470 468//468 471//471
f 470//470 374//374 370//370
f 470//470 370//370 467//467
f 376//376 469//469 372//372
f 376//376 472//472 469//469
f 471//471 473//473 470//470
f 374//374 470//470 473//473
f 474//474 374//374 473//473
f 378//378 374//374 474//474
f 379//379 472//472 376//376
f 379//379 475//475 472//472
f 380//380 378//378 476//476
f 378//378 477//477 476//476
f 378//378 474//474 477//477
f 476//476 381//381 380//380
f 382//382 475//475 379//379
f 382//382 478//478 475//475
f 476//476 477//477 479//479
f 479//479 477//477 480//480
f 479//479 383//383 381//381
f 479//479 381//381 476//476
f 384//384 478//478 382//382
f 384//384 481//481 478//478
f 479//479 480//480 482//482
f 482//482 480//480 483//483
f 482//482 385//385 383//383
f 482//482 383//383 479//479
f 386//386 481//481 384//384
f 386//386 484//484 481//481
f 482//482 483//483 485//485
f 485//485 483//483 486//486
f 485//485 387//387 385//385
f 485//485 385//385 482//482
f 388//388 484//484 386//386
f 388//388 487//487 484//484
f 486//486 488//488 485//485
f 387//387 485//485 488//488
f 489//489 387//387 488//488
f 390//390 387//387 489//489
f 391//391 487//487 388//388
f 391//391 490//490 487//487
f 492//492 491//491 393//393
f 393//393 491//491 392//392
f 393//393 390//390 489//489
f 393//393 489//489 492//492
f 394//394 490//490 391//391
f 394//394 493//493 490//490
f 491//491 395//395 392//392
f 494//494 395//395 491//491
f 396//396 493//493 394//394
f 396//396 495//495 493//493
f 494//494 398//398 395//395
f 496//496 398//398 494//494
f 399//399 495//495 396//396
f 399//399 497//497 495//495
f 496//496 401//401 398//398
f 498//498 401//401 496//496
f 403//403 497//497 399//399
f 403//403 499//499 497//497
f 500//500 405//405 406//406
f 501//501 500//500 406//406
f 401//401 501//501 406//406
f 498//498 501//501 401//401
f 403//403 407//407 502//502
f 503//503 403//403 502//502
f 499//499 403//403 503//503
f 409//409 502//502 407//407
f 504//504 413//413 414//414
f 505//505 504//504 414//414
f 505//505 414//414 405//405
f 506//506 505//505 405//405
f 500//500 506//506 405//405
f 506//506 500//500 501//501
f 507//507 503//503 502//502
f 509//509 507//507 508//508
f 508//508 507//507 415//415
f 507//507 502//502 415//415
f 502//502 409//409 415//415
f 416//416 510//510 415//415
f 415//415 510//510 508//508
f 418//418 510//510 416//416
f 511//511 421//421 422//422
f 423//423 512//512 422//422
f 422//422 512//512 511//511
f 513//513 512//512 423//423
f 513//513 423//423 413//413
f 514//514 513//513 413//413
f 504//504 514//514 413//413
f 514//514 504//504 505//505
f 515//515 509//509 508//508
f 517//517 516//516 515//515
f 508//508 517//517 515//515
f 510//510 517//517 508//508
f 424//424 518//518 418//418
f 518//518 510//510 418//418
f 518//518 517//517 510//510
f 425//425 519//519 424//424
f 424//424 519//519 518//518
f 426//426 520//520 425//425
f 425//425 520//520 519//519
f 521//521 520//520 426//426
f 521//521 426//426 421//421
f 522//522 521//521 421//421
f 511//511 522//522 421//421
f 522//522 511//511 512//512
f 522//522 512//512 523//523
f 523//523 512//512 513//513
f 524//524 516//516 517//517
f 524//524 517//517 518//518
f 524//524 518//518 525//525
f 525//525 518//518 519//519
f 525//525 519//519 526//526
f 526//526 519//519 520//520
f 526//526 520//520 527//527
f 527//527 520//520 521//521
f 438//438 528//528 431//431
f 528//528 438//438 433//433
f 448//448 529//529 449//449
f 530//530 450//450 449//449
f 530//530 449//449 529//529
f 531//531 451//451 450//450
f 531//531 450//450 530//530
f 531//531 453//453 451//451
f 457//457 532//532 458//458
f 529//529 448//448 458//458
f 532//532 529//529 458//458
f 533//533 529//529 532//532
f 529//529 534//534 530//530
f 529//529 533//533 534//534
f 530//530 535//535 531//531
f 530//530 534//534 535//535
f 536//536 459//459 453//453
f 531//531 536//536 453//453
f 535//535 536//536 531//531
f 537//537 460//460 459//459
f 537//537 459//459 536//536
f 537//537 462//462 460//460
f 464//464 538//538 463//463
f 539//539 465//465 463//463
f 539//539 463//463 538//538
f 539//539 540//540 465//465
f 465//465 540//540 457//457
f 540//540 541//541 457//457
f 541//541 532//532 457//457
f 532//532 541//541 533//533
f 533//533 541//541 542//542
f 533//533 542//542 534//534
f 534//534 542//542 543//543
f 534//534 543//543 535//535
f 535//535 543//543 544//544
f 535//535 544//544 536//536
f 536//536 544//544 545//545
f 547//547 546//546 545//545
f 546//546 536//536 545//545
f 546//546 537//537 536//536
f 548//548 466//466 462//462
f 537//537 548//548 462//462
f 546//546 548//548 537//537
f 548//548 468//468 466//466
f 550//550 549//549 538//538
f 464//464 550//550 538//538
f 469//469 550//550 464//464
f 538//538 549//549 539//539
f 539//539 549//549 551//551
f 539//539 551//551 540//540
f 547//547 552//552 546//546
f 554//554 553//553 552//552
f 553//553 546//546 552//552
f 553//553 548//548 546//546
f 553//553 471//471 468//468
f 553//553 468//468 548//548
f 472//472 550//550 469//469
f 472//472 555//555 550//550
f 554//554 556//556 553//553
f 556//556 558//558 557//557
f 556//556 557//557 473//473
f 553//553 556//556 473//473
f 471//471 553//553 473//473
f 557//557 474//474 473//473
f 475//475 555//555 472//472
f 475//475 559//559 555//555
f 557//557 558//558 560//560
f 560//560 558//558 561//561
f 560//560 477//477 474//474
f 560//560 474//474 557//557
f 478//478 559//559 475//475
f 478//478 562//562 559//559
f 561//561 563//563 560//560
f 477//477 560//560 563//563
f 564//564 477//477 563//563
f 480//480 477//477 564//564
f 481//481 562//562 478//478
f 481//481 565//565 562//562
f 564//564 483//483 480//480
f 566//566 483//483 564//564
f 484//484 565//565 481//481
f 484//484 567//567 565//565
f 566//566 486//486 483//483
f 568//568 486//486 566//566
f 487//487 567//567 484//484
f 487//487 569//569 567//567
f 488//488 486//486 570//570
f 486//486 571//571 570//570
f 486//486 568//568 571//571
f 570//570 489//489 488//488
f 490//490 569//569 487//487
f 490//490 572//572 569//569
f 574//574 573//573 571//571
f 573//573 491//491 571//571
f 492//492 570//570 571//571
f 492//492 571//571 491//491
f 492//492 489//489 570//570
f 573//573 574//574 575//575
f 493//493 572//572 490//490
f 493//493 576//576 572//572
f 577//577 494//494 573//573
f 573//573 494//494 491//491
f 573//573 575//575 578//578
f 573//573 578//578 577//577
f 495//495 576//576 493//493
f 495//495 579//579 576//576
f 581//581 580//580 577//577
f 580//580 494//494 577//577
f 580//580 496//496 494//494
f 581//581 577//577 578//578
f 497//497 579//579 495//495
f 497//497 582//582 579//579
f 580//580 498//498 496//496
f 583//583 498//498 580//580
f 499//499 582//582 497//497
f 499//499 584//584 582//582
f 583//583 501//501 498//498
f 585//585 501//501 583//583
f 503//503 584//584 499//499
f 503//503 586//586 584//584
f 587//587 505//505 506//506
f 588//588 587//587 506//506
f 501//501 588//588 506//506
f 585//585 588//588 501//501
f 503//503 507//507 589//589
f 590//590 503//503 589//589
f 586//586 503//503 590//590
f 509//509 589//589 507//507
f 591//591 513//513 514//514
f 592//592 591//591 514//514
f 592//592 514//514 505//505
f 593//593 592//592 505//505
f 587//587 593//593 505//505
f 593//593 587//587 588//588
f 590//590 589//589 594//594
f 590//590 594//594 595//595
f 515//515 596//596 509//509
f 596//596 589//589 509//509
f 596//596 594//594 589//589
f 516//516 596//596 515//515
f 597//597 521//521 522//522
f 523//523 598//598 522//522
f 522//522 598//598 597//597
f 599//599 598//598 523//523
f 599//599 523//523 513//513
f 600//600 599//599 513//513
f 591//591 600//600 513//513
f 600//600 591//591 592//592
f 601//601 595//595 594//594
f 601//601 594//594 596//596
f 601//601 596//596 602//602
f 604//604 602//602 603//603
f 603//603 602//602 524//524
f 602//602 596//596 524//524
f 596//596 516//516 524//524
f 525//525 605//605 524//524
f 524//524 605//605 603//603
f 526//526 606//606 525//525
f 525//525 606//606 605//605
f 527//527 607//607 526//526
f 526//526 607//607 606//606
f 608//608 607//607 527//527
f 608//608 527//527 521//521
f 609//609 608//608 521//521
f 597//597 609//609 521//521
f 609//609 597//597 598//598
f 609//609 598//598 610//610
f 610//610 598//598 599//599
f 611//611 604//604 603//603
f 611//611 603//603 605//605
f 611//611 605//605 612//612
f 612//612 605//605 606//606
f 612//612 606//606 613//613
f 613//613 606//606 607//607
f 613//613 607//607 614//614
f 614//614 607//607 608//608
f 540//540 615//615 541//541
f 616//616 542//542 541//541
f 616//616 541//541 615//615
f 617//617 543//543 542//542
f 617//617 542//542 616//616
f 618//618 544//544 543//543
f 618//618 543//543 617//617
f 619//619 545//545 544//544
f 619//619 544//544 618//618
f 619//619 547//547 545//545
f 550//550 620//620 549//549
f 621//621 551//551 549//549
f 621//621 549//549 620//620
f 621//621 622//622 551//551
f 551//551 622//622 540//540
f 622//622 623//623 540//540
f 623//623 615//615 540//540
f 615//615 623//623 616//616
f 616//616 623//623 624//624
f 616//616 624//624 617//617
f 617//617 624//624 625//625
f 617//617 625//625 618//618
f 618//618 625//625 626//626
f 618//618 626//626 619//619
f 619//619 626//626 627//627
f 627//627 629//629 628//628
f 627//627 628//628 552//552
f 619//619 627//627 552//552
f 547//547 619//619 552//552
f 628//628 554//554 552//552
f 631//631 630//630 620//620
f 550//550 631//631 620//620
f 555//555 631//631 550//550
f 620//620 630//630 621//621
f 621//621 630//630 632//632
f 621//621 632//632 622//622
f 629//629 633//633 628//628
f 633//633 635//635 634//634
f 633//633 634//634 556//556
f 628//628 633//633 556//556
f 554//554 628//628 556//556
f 634//634 558//558 556//556
f 559//559 631//631 555//555
f 559//559 636//636 631//631
f 635//635 637//637 634//634
f 558//558 634//634 637//637
f 638//638 558//558 637//637
f 561//561 558//558 638//638
f 562//562 636//636 559//559
f 562//562 639//639 636//636
f 563//563 561//561 640//640
f 561//561 641//641 640//640
f 561//561 638//638 641//641
f 640//640 564//564 563//563
f 565//565 639//639 562//562
f 565//565 642//642 639//639
f 641//641 643//643 640//640
f 564//564 640//640 643//643
f 644//644 564//564 643//643
f 566//566 564//564 644//644
f 567//567 642//642 565//565
f 567//567 645//645 642//642
f 644//644 568//568 566//566
f 646//646 568//568 644//644
f 569//569 645//645 567//567
f 569//569 647//647 645//645
f 646//646 571//571 568//568
f 648//648 571//571 646//646
f 572//572 647//647 569//569
f 572//572 649//649 647//647
f 574//574 571//571 650//650
f 571//571 651//651 650//650
f 571//571 648//648 651//651
f 650//650 575//575 574//574
f 576//576 649//649 572//572
f 576//576 652//652 649//649
f 651//651 653//653 650//650
f 575//575 650//650 653//653
f 654//654 575//575 653//653
f 578//578 575//575 654//654
f 579//579 652//652 576//576
f 579//579 655//655 652//652
f 656//656 580//580 581//581
f 657//657 656//656 581//581
f 578//578 657//657 581//581
f 654//654 657//657 578//578
f 582//582 655//655 579//579
f 582//582 658//658 655//655
f 660//660 659//659 656//656
f 659//659 580//580 656//656
f 659//659 583//583 580//580
f 660//660 656//656 657//657
f 584//584 658//658 582//582
f 584//584 661//661 658//658
f 659//659 585//585 583//583
f 662//662 585//585 659//659
f 586//586 661//661 584//584
f 586//586 663//663 661//661
f 662//662 588//588 585//585
f 664//664 588//588 662//662
f 590//590 663//663 586//586
f 590//590 665//665 663//663
f 666//666 592//592 593//593
f 667//667 666//666 593//593
f 588//588 667//667 593//593
f 664//664 667//667 588//588
f 595//595 665//665 590//590
f 595//595 668//668 665//665
f 669//669 599//599 600//600
f 670//670 669//669 600//600
f 670//670 600//600 592//592
f 671//671 670//670 592//592
f 666//666 671//671 592//592
f 671//671 666//666 667//667
f 595//595 601//601 672//672
f 673//673 595//595 672//672
f 668//668 595//595 673//673
f 602//602 674//674 601//601
f 601//601 674//674 672//672
f 604//604 674//674 602//602
f 675//675 608//608 609//609
f 610//610 676//676 609//609
f 609//609 676//676 675//675
f 677//677 676//676 610//610
f 677//677 610//610 599//599
f 678//678 677//677 599//599
f 669//669 678//678 599//599
f 678//678 669//669 670//670
f 679//679 673//673 672//672
f 679//679 672//672 674//674
f 679//679 674//674 680//680
f 682//682 680//680 681//681
f 681//681 680//680 611//611
f 680//680 674//674 611//611
f 674//674 604//604 611//611
f 612//612 683//683 611//611
f 611//611 683//683 681//681
f 613//613 684//684 612//612
f 612//612 684//684 683//683
f 614//614 685//685 613//613
f 613//613 685//685 684//684
f 608//608 675//675 614//614
f 675//675 685//685 614//614
f 675//675 686//686 685//685
f 676//676 688//688 687//687
f 686//686 676//676 687//687
f 675//675 676//676 686//686
f 688//688 676//676 677//677
f 689//689 682//682 681//681
f 689//689 681//681 683//683
f 689//689 683//683 690//690
f 690//690 683//683 684//684
f 690//690 684//684 691//691
f 691//691 684//684 685//685
f 691//691 685//685 692//692
f 692//692 685//685 686//686
f 692//692 686//686 693//693
f 693//693 686//686 687//687
f 622//622 694//694 623//623
f 695//695 624//624 623//623
f 695//695 623//623 694//694
f 696//696 625//625 624//624
f 696//696 624//624 695//695
f 697//697 626//626 625//625
f 697//697 625//625 696//696
f 698//698 627//627 626//626
f 698//698 626//626 697//697
f 698//698 629//629 627//627
f 631//631 699//699 630//630
f 700//700 632//632 630//630
f 700//700 630//630 699//699
f 694//694 622//622 632//632
f 700//700 694//694 632//632
f 701//701 694//694 700//700
f 694//694 702//702 695//695
f 694//694 701//701 702//702
f 704//704 696//696 703//703
f 696//696 702//702 703//703
f 696//696 695//695 702//702
f 696//696 704//704 697//697
f 697//697 704//704 705//705
f 707//707 706//706 705//705
f 706//706 697//697 705//705
f 706//706 698//698 697//697
f 708//708 633//633 629//629
f 698//698 708//708 629//629
f 706//706 708//708 698//698
f 708//708 635//635 633//633
f 710//710 709//709 699//699
f 631//631 710//710 699//699
f 636//636 710//710 631//631
f 699//699 709//709 700//700
f 700//700 709//709 711//711
f 700//700 711//711 701//701
f 701//701 711//711 712//712
f 701//701 712//712 702//702
f 702//702 712//712 713//713
f 702//702 713//713 703//703
f 707//707 714//714 706//706
f 716//716 715//715 714//714
f 715//715 706//706 714//714
f 715//715 708//708 706//706
f 717//717 637//637 635//635
f 708//708 717//717 635//635
f 715//715 717//717 708//708
f 717//717 638//638 637//637
f 639//639 710//710 636//636
f 639//639 718//718 710//710
f 716//716 719//719 715//715
f 721//721 720//720 719//719
f 720//720 715//715 719//719
f 720//720 717//717 715//715
f 720//720 641//641 638//638
f 720//720 638//638 717//717
f 642//642 718//718 639//639
f 642//642 722//722 718//718
f 721//721 723//723 720//720
f 723//723 725//725 724//724
f 723//723 724//724 643//643
f 720//720 723//723 643//643
f 641//641 720//720 643//643
f 724//724 644//644 643//643
f 645//645 722//722 642//642
f 645//645 726//726 722//722
f 725//725 727//727 724//724
f 644//644 724//724 727//727
f 728//728 644//644 727//727
f 646//646 644//644 728//728
f 647//647 726//726 645//645
f 647//647 729//729 726//726
f 728//728 648//648 646//646
f 730//730 648//648 728//728
f 649//649 729//729 647//647
f 649//649 731//731 729//729
f 730//730 651//651 648//648
f 732//732 651//651 730//730
f 652//652 731//731 649//649
f 652//652 733//733 731//731
f 732//732 734//734 651//651
f 651//651 734//734 653//653
f 654//654 653//653 734//734
f 654//654 734//734 735//735
f 655//655 733//733 652//652
f 655//655 736//736 733//733
f 735//735 657//657 654//654
f 737//737 657//657 735//735
f 658//658 736//736 655//655
f 658//658 738//738 736//736
f 739//739 659//659 660//660
f 740//740 739//739 660//660
f 657//657 740//740 660//660
f 737//737 740//740 657//657
f 661//661 738//738 658//658
f 661//661 741//741 738//738
f 742//742 662//662 739//739
f 739//739 662//662 659//659
f 739//739 740//740 743//743
f 739//739 743//743 742//742
f 663//663 741//741 661//661
f 663//663 744//744 741//741
f 746//746 745//745 742//742
f 745//745 662//662 742//742
f 745//745 664//664 662//662
f 746//746 742//742 743//743
f 665//665 744//744 663//663
f 665//665 747//747 744//744
f 745//745 667//667 664//664
f 748//748 667//667 745//745
f 668//668 747//747 665//665
f 668//668 749//749 747//747
f 750//750 670//670 671//671
f 751//751 750//750 671//671
f 667//667 751//751 671//671
f 748//748 751//751 667//667
f 673//673 749//749 668//668
f 673//673 752//752 749//749
f 753//753 677//677 678//678
f 754//754 753//753 678//678
f 754//754 678//678 670//670
f 755//755 754//754 670//670
f 750//750 755//755 670//670
f 755//755 750//750 751//751
f 673//673 679//679 756//756
f 757//757 673//673 756//756
f 752//752 673//673 757//757
f 680//680 758//758 679//679
f 679//679 758//758 756//756
f 682//682 758//758 680//680
f 759//759 687//687 688//688
f 677//677 753//753 688//688
f 753//753 759//759 688//688
f 753//753 760//760 759//759
f 753//753 754//754 761//761
f 753//753 761//761 760//760
f 762//762 757//757 756//756
f 764//764 763//763 762//762
f 756//756 764//764 762//762
f 758//758 764//764 756//756
f 689//689 765//765 682//682
f 765//765 758//758 682//682
f 765//765 764//764 758//758
f 690//690 766//766 689//689
f 689//689 766//766 765//765
f 691//691 767//767 690//690
f 690//690 767//767 766//766
f 692//692 768//768 691//691
f 691//691 768//768 767//767
f 693//693 769//769 692//692
f 692//692 769//769 768//768
f 770//770 769//769 693//693
f 770//770 693//693 687//687
f 771//771 770//770 687//687
f 759//759 771//771 687//687
f 771//771 759//759 760//760
f 771//771 760//760 772//772
f 772//772 760//760 761//761
f 773//773 763//763 764//764
f 773//773 764//764 765//765
f 773//773 765//765 774//774
f 774//774 765//765 766//766
f 774//774 766//766 775//775
f 775//775 766//766 767//767
f 775//775 767//767 776//776
f 776//776 767//767 768//768
f 776//776 768//768 777//777
f 777//777 768//768 769//769
f 777//777 769//769 778//778
f 778//778 769//769 770//770
f 703//703 779//779 704//704
f 780//780 705//705 704//704
f 780//780 704//704 779//779
f 780//780 707//707 705//705
f 710//710 781//781 709//709
f 782//782 711//711 709//709
f 782//782 709//709 781//781
f 783//783 712//712 711//711
f 783//783 711//711 782//782
f 784//784 713//713 712//712
f 784//784 712//712 783//783
f 779//779 703//703 713//713
f 784//784 779//779 713//713
f 785//785 779//779 784//784
f 779//779 786//786 780//780
f 779//779 785//785 786//786
f 787//787 714//714 707//707
f 780//780 787//787 707//707
f 786//786 787//787 780//780
f 787//787 716//716 714//714
f 789//789 788//788 781//781
f 710//710 789//789 781//781
f 718//718 789//789 710//710
f 781//781 788//788 782//782
f 782//782 788//788 790//790
f 782//782 790//790 783//783
f 783//783 790//790 791//791
f 783//783 791//791 784//784
f 784//784 791//791 792//792
f 784//784 792//792 785//785
f 785//785 792//792 793//793
f 785//785 793//793 786//786
f 786//786 793//793 794//794
f 786//786 794//794 787//787
f 787//787 794//794 795//795
f 795//795 797//797 796//796
f 795//795 796//796 719//719
f 787//787 795//795 719//719
f 716//716 787//787 719//719
f 796//796 721//721 719//719
f 722//722 789//789 718//718
f 722//722 798//798 789//789
f 797//797 799//799 796//796
f 799//799 801//801 800//800
f 799//799 800//800 723//723
f 796//796 799//799 723//723
f 721//721 796//796 723//723
f 800//800 725//725 723//723
f 726//726 798//798 722//722
f 726//726 802//802 798//798
f 801//801 803//803 800//800
f 803//803 805//805 804//804
f 803//803 804//804 727//727
f 800//800 803//803 727//727
f 725//725 800//800 727//727
f 804//804 728//728 727//727
f 729//729 802//802 726//726
f 729//729 806//806 802//802
f 805//805 807//807 804//804
f 728//728 804//804 807//807
f 808//808 728//728 807//807
f 730//730 728//728 808//808
f 731//731 806//806 729//729
f 731//731 809//809 806//806
f 808//808 732//732 730//730
f 810//810 732//732 808//808
f 733//733 809//809 731//731
f 733//733 811//811 809//809
f 734//734 732//732 812//812
f 732//732 813//813 812//812
f 732//732 810//810 813//813
f 812//812 735//735 734//734
f 736//736 811//811 733//733
f 736//736 814//814 811//811
f 813//813 815//815 812//812
f 735//735 812//812 815//815
f 816//816 735//735 815//815
f 737//737 735//735 816//816
f 738//738 814//814 736//736
f 738//738 817//817 814//814
f 816//816 740//740 737//737
f 818//818 740//740 816//816
f 741//741 817//817 738//738
f 741//741 819//819 817//817
f 818//818 743//743 740//740
f 820//820 743//743 818//818
f 744//744 819//819 741//741
f 744//744 821//821 819//819
f 822//822 745//745 746//746
f 823//823 822//822 746//746
f 743//743 823//823 746//746
f 820//820 823//823 743//743
f 747//747 821//821 744//744
f 747//747 824//824 821//821
f 825//825 748//748 822//822
f 822//822 748//748 745//745
f 822//822 823//823 826//826
f 822//822 826//826 825//825
f 749//749 824//824 747//747
f 749//749 827//827 824//824
f 829//829 828//828 825//825
f 828//828 748//748 825//825
f 828//828 751//751 748//748
f 829//829 825//825 826//826
f 752//752 827//827 749//749
f 752//752 830//830 827//827
f 831//831 754//754 755//755
f 832//832 831//831 755//755
f 751//751 832//832 755//755
f 828//828 832//832 751//751
f 757//757 830//830 752//752
f 757//757 833//833 830//830
f 834//834 761//761 831//831
f 831//831 761//761 754//754
f 831//831 832//832 835//835
f 831//831 835//835 834//834
f 757//757 762//762 836//836
f 837//837 757//757 836//836
f 833//833 757//757 837//837
f 763//763 836//836 762//762
f 838//838 770//770 771//771
f 772//772 839//839 771//771
f 771//771 839//839 838//838
f 840//840 839//839 772//772
f 840//840 772//772 761//761
f 841//841 840//840 761//761
f 834//834 841//841 761//761
f 841//841 834//834 835//835
f 842//842 837//837 836//836
f 844//844 842//842 843//843
f 843//843 842//842 773//773
f 842//842 836//836 773//773
f 836//836 763//763 773//773
f 774//774 845//845 773//773
f 773//773 845//845 843//843
f 775//775 846//846 774//774
f 774//774 846//846 845//845
f 776//776 847//847 775//775
f 775//775 847//847 846//846
f 777//777 848//848 776//776
f 776//776 848//848 847//847
f 778//778 849//849 777//777
f 777//777 849//849 848//848
f 770//770 838//838 778//778
f 838//838 849//849 778//778
f 838//838 850//850 849//849
f 839//839 852//852 851//851
f 850//850 839//839 851//851
f 838//838 839//839 850//850
f 852//852 839//839 840//840
f 853//853 844//844 843//843
f 853//853 843//843 845//845
f 853//853 845//845 854//854
f 856//856 855//855 854//854
f 845//845 856//856 854//854
f 846//846 856//856 845//845
f 857//857 846//846 847//847
f 856//856 846//846 857//857
f 848//848 859//859 858//858
f 857//857 848//848 858//858
f 847//847 848//848 857//857
f 859//859 848//848 849//849
f 859//859 849//849 860//860
f 860//860 849//849 850//850
f 860//860 850//850 861//861
f 861//861 850//850 851//851
f 862//862 855//855 856//856
f 862//862 856//856 857//857
f 862//862 857//857 863//863
f 863//863 857//857 858//858
f 789//789 864//864 788//788
f 865//865 790//790 788//788
f 865//865 788//788 864//864
f 866//866 791//791 790//790
f 866//866 790//790 865//865
f 867//867 792//792 791//791
f 867//867 791//791 866//866
f 868//868 793//793 792//792
f 868//868 792//792 867//867
f 869//869 794//794 793//793
f 869//869 793//793 868//868
f 870//870 795//795 794//794
f 870//870 794//794 869//869
f 870//870 797//797 795//795
f 872//872 871//871 864//864
f 789//789 872//872 864//864
f 798//798 872//872 789//789
f 864//864 871//871 865//865
f 865//865 871//871 873//873
f 865//865 873//873 866//866
f 866//866 873//873 874//874
f 866//866 874//874 867//867
f 867//867 874//874 875//875
f 867//867 875//875 868//868
f 868//868 875//875 876//876
f 868//868 876//876 869//869
f 869//869 876//876 877//877
f 869//869 877//877 870//870
f 870//870 877//877 878//878
f 878//878 880//880 879//879
f 878//878 879//879 799//799
f 870//870 878//878 799//799
f 797//797 870//870 799//799
f 879//879 801//801 799//799
f 802//802 872//872 798//798
f 802//802 881//881 872//872
f 880//880 882//882 879//879
f 882//882 884//884 883//883
f 882//882 883//883 803//803
f 879//879 882//882 803//803
f 801//801 879//879 803//803
f 883//883 805//805 803//803
f 806//806 881//881 802//802
f 806//806 885//885 881//881
f 884//884 886//886 883//883
f 886//886 888//888 887//887
f 886//886 887//887 807//807
f 883//883 886//886 807//807
f 805//805 883//883 807//807
f 887//887 808//808 807//807
f 809//809 885//885 806//806
f 809//809 889//889 885//885
f 888//888 890//890 887//887
f 808//808 887//887 890//890
f 891//891 808//808 890//890
f 810//810 808//808 891//891
f 811//811 889//889 809//809
f 811//811 892//892 889//889
f 891//891 813//813 810//810
f 893//893 813//813 891//891
f 814//814 892//892 811//811
f 814//814 894//894 892//892
f 815//815 813//813 895//895
f 813//813 896//896 895//895
f 813//813 893//893 896//896
f 895//895 816//816 815//815
f 817//817 894//894 814//814
f 817//817 897//897 894//894
f 896//896 898//898 895//895
f 816//816 895//895 898//898
f 899//899 816//816 898//898
f 818//818 816//816 899//899
f 819//819 897//897 817//817
f 819//819 900//900 897//897
f 899//899 820//820 818//818
f 901//901 820//820 899//899
f 821//821 900//900 819//819
f 821//821 902//902 900//900
f 901//901 823//823 820//820
f 903//903 823//823 901//901
f 824//824 902//902 821//821
f 824//824 904//904 902//902
f 903//903 826//826 823//823
f 905//905 826//826 903//903
f 827//827 904//904 824//824
f 827//827 906//906 904//904
f 907//907 828//828 829//829
f 908//908 907//907 829//829
f 826//826 908//908 829//829
f 905//905 908//908 826//826
f 830//830 906//906 827//827
f 830//830 909//909 906//906
f 911//911 910//910 907//907
f 910//910 828//828 907//907
f 910//910 832//832 828//828
f 911//911 907//907 908//908
f 833//833 909//909 830//830
f 833//833 912//912 909//909
f 910//910 835//835 832//832
f 913//913 835//835 910//910
f 837//837 912//912 833//833
f 837//837 914//914 912//912
f 915//915 840//840 841//841
f 916//916 915//915 841//841
f 835//835 916//916 841//841
f 913//913 916//916 835//835
f 837//837 842//842 917//917
f 918//918 837//837 917//917
f 914//914 837//837 918//918
f 844//844 917//917 842//842
f 919//919 851//851 852//852
f 920//920 919//919 852//852
f 920//920 852//852 840//840
f 921//921 920//920 840//840
f 915//915 921//921 840//840
f 921//921 915//915 916//916
f 918//918 917//917 922//922
f 918//918 922//922 923//923
f 853//853 924//924 844//844
f 924//924 917//917 844//844
f 924//924 922//922 917//917
f 854//854 925//925 853//853
f 853//853 925//925 924//924
f 855//855 925//925 854//854
f 926//926 858//858 859//859
f 860//860 927//927 859//859
f 859//859 927//927 926//926
f 861//861 928//928 860//860
f 860//860 928//928 927//927
f 929//929 928//928 861//861
f 929//929 861//861 851//851
f 930//930 929//929 851//851
f 919//919 930//930 851//851
f 930//930 919//919 920//920
f 931//931 923//923 922//922
f 931//931 922//922 924//924
f 931//931 924//924 932//932
f 934//934 933//933 932//932
f 924//924 934//934 932//932
f 925//925 934//934 924//924
f 862//862 935//935 855//855
f 935//935 925//925 855//855
f 935//935 934//934 925//925
f 863//863 936//936 862//862
f 862//862 936//936 935//935
f 858//858 926//926 863//863
f 926//926 936//936 863//863
f 926//926 937//937 936//936
f 927//927 939//939 938//938
f 937//937 927//927 938//938
f 926//926 927//927 937//937
f 939//939 927//927 928//928
f 939//939 928//928 940//940
f 940//940 928//928 929//929
f 941//941 933//933 934//934
f 941//941 934//934 935//935
f 941//941 935//935 942//942
f 942//942 935//935 936//936
f 942//942 936//936 943//943
f 943//943 936//936 937//937
f 943//943 937//937 944//944
f 944//944 937//937 938//938
f 872//872 945//945 871//871
f 946//946 873//873 871//871
f 946//946 871//871 945//945
f 947//947 874//874 873//873
f 947//947 873//873 946//946
f 948//948 875//875 874//874
f 948//948 874//874 947//947
f 949//949 876//876 875//875
f 949//949 875//875 948//948
f 950//950 877//877 876//876
f 950//950 876//876 949//949
f 951//951 878//878 877//877
f 951//951 877//877 950//950
f 951//951 880//880 878//878
f 953//953 952//952 945//945
f 872//872 953//953 945//945
f 881//881 953//953 872//872
f 945//945 952//952 946//946
f 946//946 952//952 954//954
f 946//946 954//954 947//947
f 947//947 954//954 955//955
f 947//947 955//955 948//948
f 948//948 955//955 956//956
f 948//948 956//956 949//949
f 949//949 956//956 957//957
f 949//949 957//957 950//950
f 950//950 957//957 958//958
f 950//950 958//958 951//951
f 951//951 958//958 959//959
f 959//959 961//961 960//960
f 959//959 960//960 882//882
f 951//951 959//959 882//882
f 880//880 951//951 882//882
f 960//960 884//884 882//882
f 885//885 953//953 881//881
f 885//885 962//962 953//953
f 961//961 963//963 960//960
f 963//963 965//965 964//964
f 963//963 964//964 886//886
f 960//960 963//963 886//886
f 884//884 960//960 886//886
f 964//964 888//888 886//886
f 889//889 962//962 885//885
f 889//889 966//966 962//962
f 965//965 967//967 964//964
f 967//967 969//969 968//968
f 967//967 968//968 890//890
f 964//964 967//967 890//890
f 888//888 964//964 890//890
f 968//968 891//891 890//890
f 892//892 966//966 889//889
f 892//892 970//970 966//966
f 969//969 971//971 968//968
f 891//891 968//968 971//971
f 972//972 891//891 971//971
f 893//893 891//891 972//972
f 894//894 970//970 892//892
f 894//894 973//973 970//970
f 972//972 896//896 893//893
f 974//974 896//896 972//972
f 897//897 973//973 894//894
f 897//897 975//975 973//973
f 898//898 896//896 976//976
f 896//896 977//977 976//976
f 896//896 974//974 977//977
f 976//976 899//899 898//898
f 900//900 975//975 897//897
f 900//900 978//978 975//975
f 977//977 979//979 976//976
f 899//899 976//976 979//979
f 980//980 899//899 979//979
f 901//901 899//899 980//980
f 902//902 978//978 900//900
f 902//902 981//981 978//978
f 980//980 903//903 901//901
f 982//982 903//903 980//980
f 904//904 981//981 902//902
f 904//904 983//983 981//981
f 982//982 905//905 903//903
f 984//984 905//905 982//982
f 906//906 983//983 904//904
f 906//906 985//985 983//983
f 984//984 908//908 905//905
f 986//986 908//908 984//984
f 909//909 985//985 906//906
f 909//909 987//987 985//985
f 988//988 910//910 911//911
f 989//989 988//988 911//911
f 908//908 989//989 911//911
f 986//986 989//989 908//908
f 912//912 987//987 909//909
f 912//912 990//990 987//987
f 992//992 991//991 988//988
f 991//991 910//910 988//988
f 991//991 913//913 910//910
f 992//992 988//988 989//989
f 914//914 990//990 912//912
f 914//914 993//993 990//990
f 991//991 916//916 913//913
f 994//994 916//916 991//991
f 918//918 993//993 914//914
f 918//918 995//995 993//993
f 996//996 920//920 921//921
f 997//997 996//996 921//921
f 916//916 997//997 921//921
f 994//994 997//997 916//916
f 923//923 995//995 918//918
f 923//923 998//998 995//995
f 999//999 929//929 930//930
f 1000//1000 999//999 930//930
f 1000//1000 930//930 920//920
f 1001//1001 1000//1000 920//920
f 996//996 1001//1001 920//920
f 1001//1001 996//996 997//997
f 923//923 931//931 1002//1002
f 1003//1003 923//923 1002//1002
f 998//998 923//923 1003//1003
f 932//932 1004//1004 931//931
f 931//931 1004//1004 1002//1002
f 933//933 1004//1004 932//932
f 1005//1005 938//938 939//939
f 940//940 1006//1006 939//939
f 939//939 1006//1006 1005//1005
f 1007//1007 1006//1006 940//940
f 1007//1007 940//940 929//929
f 1008//1008 1007//1007 929//929
f 999//999 1008//1008 929//929
f 1008//1008 999//999 1000//1000
f 1009//1009 1003//1003 1002//1002
f 1009//1009 1002//1002 1004//1004
f 1009//1009 1004//1004 1010//1010
f 1012//1012 1010//1010 1011//1011
f 1011//1011 1010//1010 941//941
f 1010//1010 1004//1004 941//941
f 1004//1004 933//933 941//941
f 942//942 1013//1013 941//941
f 941//941 1013//1013 1011//1011
f 943//943 1014//1014 942//942
f 942//942 1014//1014 1013//1013
f 1014//1014 943//943 1015//1015
f 943//943 1016//1016 1015//1015
f 943//943 944//944 1016//1016
f 944//944 938//938 1005//1005
f 1017//1017 944//944 1005//1005
f 1016//1016 944//944 1017//1017
f 1017//1017 1005//1005 1006//1006
f 1017//1017 1006//1006 1018//1018
f 1018//1018 1006//1006 1007//1007
f 1019//1019 1012//1012 1011//1011
f 1019//1019 1011//1011 1013//1013
f 1019//1019 1013//1013 1020//1020
f 1020//1020 1013//1013 1014//1014
f 1020//1020 1014//1014 1021//1021
f 1021//1021 1014//1014 1015//1015
f 953//953 1022//1022 952//952
f 1023//1023 954//954 952//952
f 1023//1023 952//952 1022//1022
f 1024//1024 955//955 954//954
f 1024//1024 954//954 1023//1023
f 1025//1025 956//956 955//955
f 1025//1025 955//955 1024//1024
f 1026//1026 957//957 956//956
f 1026//1026 956//956 1025//1025
f 1027//1027 958//958 957//957
f 1027//1027 957//957 1026//1026
f 1028//1028 959//959 958//958
f 1028//1028 958//958 1027//1027
f 1028//1028 961//961 959//959
f 1030//1030 1029//1029 1022//1022
f 953//953 1030//1030 1022//1022
f 962//962 1030//1030 953//953
f 1022//1022 1029//1029 1023//1023
f 1023//1023 1029//1029 1031//1031
f 1023//1023 1031//1031 1024//1024
f 1024//1024 1031//1031 1032//1032
f 1024//1024 1032//1032 1025//1025
f 1025//1025 1032//1032 1033//1033
f 1025//1025 1033//1033 1026//1026
f 1026//1026 1033//1033 1034//1034
f 1026//1026 1034//1034 1027//1027
f 1027//1027 1034//1034 1035//1035
f 1027//1027 1035//1035 1028//1028
f 1028//1028 1035//1035 1036//1036
f 1036//1036 1038//1038 1037//1037
f 1036//1036 1037//1037 963//963
f 1028//1028 1036//1036 963//963
f 961//961 1028//1028 963//963
f 1037//1037 965//965 963//963
f 966//966 1030//1030 962//962
f 966//966 1039//1039 1030//1030
f 1038//1038 1040//1040 1037//1037
f 1040//1040 1042//1042 1041//1041
f 1040//1040 1041//1041 967//967
f 1037//1037 1040//1040 967//967
f 965//965 1037//1037 967//967
f 1041//1041 969//969 967//967
f 970//970 1039//1039 966//966
f 970//970 1043//1043 1039//1039
f 1042//1042 1044//1044 1041//1041
f 1044//1044 1046//1046 1045//1045
f 1044//1044 1045//1045 971//971
f 1041//1041 1044//1044 971//971
f 969//969 1041//1041 971//971
f 1045//1045 972//972 971//971
f 973//973 1043//1043 970//970
f 973//973 1047//1047 1043//1043
f 1046//1046 1048//1048 1045//1045
f 972//972 1045//1045 1048//1048
f 1049//1049 972//972 1048//1048
f 974//974 972//972 1049//1049
f 975//975 1047//1047 973//973
f 975//975 1050//1050 1047//1047
f 1049//1049 977//977 974//974
f 1051//1051 977//977 1049//1049
f 978//978 1050//1050 975//975
f 978//978 1052//1052 1050//1050
f 979//979 977//977 1053//1053
f 977//977 1054//1054 1053//1053
f 977//977 1051//1051 1054//1054
f 1053//1053 980//980 979//979
f 981//981 1052//1052 978//978
f 981//981 1055//1055 1052//1052
f 1053//1053 1054//1054 1056//1056
f 1056//1056 1054//1054 1057//1057
f 1056//1056 982//982 980//980
f 1056//1056 980//980 1053//1053
f 983//983 1055//1055 981//981
f 983//983 1058//1058 1055//1055
f 1057//1057 1059//1059 1056//1056
f 982//982 1056//1056 1059//1059
f 1060//1060 982//982 1059//1059
f 984//984 982//982 1060//1060
f 985//985 1058//1058 983//983
f 985//985 1061//1061 1058//1058
f 1060//1060 986//986 984//984
f 1062//1062 986//986 1060//1060
f 987//987 1061//1061 985//985
f 987//987 1063//1063 1061//1061
f 1062//1062 989//989 986//986
f 1064//1064 989//989 1062//1062
f 990//990 1063//1063 987//987
f 990//990 1065//1065 1063//1063
f 1066//1066 991//991 992//992
f 1067//1067 1066//1066 992//992
f 989//989 1067//1067 992//992
f 1064//1064 1067//1067 989//989
f 993//993 1065//1065 990//990
f 993//993 1068//1068 1065//1065
f 1070//1070 1069//1069 1066//1066
f 1069//1069 991//991 1066//1066
f 1069//1069 994//994 991//991
f 1070//1070 1066//1066 1067//1067
f 995//995 1068//1068 993//993
f 995//995 1071//1071 1068//1068
f 1069//1069 997//997 994//994
f 1072//1072 997//997 1069//1069
f 998//998 1071//1071 995//995
f 998//998 1073//1073 1071//1071
f 1074//1074 1000//1000 1001//1001
f 1075//1075 1074//1074 1001//1001
f 997//997 1075//1075 1001//1001
f 1072//1072 1075//1075 997//997
f 1003//1003 1073//1073 998//998
f 1003//1003 1076//1076 1073//1073
f 1077//1077 1007//1007 1008//1008
f 1078//1078 1077//1077 1008//1008
f 1078//1078 1008//1008 1000//1000
f 1079//1079 1078//1078 1000//1000
f 1074//1074 1079//1079 1000//1000
f 1079//1079 1074//1074 1075//1075
f 1003//1003 1009//1009 1080//1080
f 1081//1081 1003//1003 1080//1080
f 1076//1076 1003//1003 1081//1081
f 1010//1010 1082//1082 1009//1009
f 1009//1009 1082//1082 1080//1080
f 1012//1012 1082//1082 1010//1010
f 1083//1083 1015//1015 1016//1016
f 1017//1017 1084//1084 1016//1016
f 1016//1016 1084//1084 1083//1083
f 1018//1018 1085//1085 1017//1017
f 1017//1017 1085//1085 1084//1084
f 1086//1086 1085//1085 1018//1018
f 1086//1086 1018//1018 1007//1007
f 1087//1087 1086//1086 1007//1007
f 1077//1077 1087//1087 1007//1007
f 1087//1087 1077//1077 1078//1078
f 1088//1088 1081//1081 1080//1080
f 1088//1088 1080//1080 1082//1082
f 1088//1088 1082//1082 1089//1089
f 1091//1091 1089//1089 1090//1090
f 1090//1090 1089//1089 1019//1019
f 1089//1089 1082//1082 1019//1019
f 1082//1082 1012//1012 1019//1019
f 1020//1020 1092//1092 1019//1019
f 1019//1019 1092//1092 1090//1090
f 1021//1021 1093//1093 1020//1020
f 1020//1020 1093//1093 1092//1092
f 1094//1094 1093//1093 1021//1021
f 1094//1094 1021//1021 1015//1015
f 1095//1095 1094//1094 1015//1015
f 1083//1083 1095//1095 1015//1015
f 1095//1095 1083//1083 1084//1084
f 1095//1095 1084//1084 1096//1096
f 1096//1096 1084//1084 1085//1085
f 1096//1096 1085//1085 1097//1097
f 1097//1097 1085//1085 1086//1086
f 1098//1098 1091//1091 1090//1090
f 1098//1098 1090//1090 1092//1092
f 1098//1098 1092//1092 1099//1099
f 1099//1099 1092//1092 1093//1093
f 1099//1099 1093//1093 1100//1100
f 1100//1100 1093//1093 1094//1094
f 1030//1030 1101//1101 1029//1029
f 1102//1102 1031//1031 1029//1029
f 1102//1102 1029//1029 1101//1101
f 1103//1103 1032//1032 1031//1031
f 1103//1103 1031//1031 1102//1102
f 1104//1104 1033//1033 1032//1032
f 1104//1104 1032//1032 1103//1103
f 1105//1105 1034//1034 1033//1033
f 1105//1105 1033//1033 1104//1104
f 1106//1106 1035//1035 1034//1034
f 1106//1106 1034//1034 1105//1105
f 1107//1107 1036//1036 1035//1035
f 1107//1107 1035//1035 1106//1106
f 1107//1107 1038//1038 1036//1036
f 1039//1039 1108//1108 1101//1101
f 1039//1039 1101//1101 1030//1030
f 1110//1110 1102//1102 1109//1109
f 1102//1102 1108//1108 1109//1109
f 1102//1102 1101//1101 1108//1108
f 1102//1102 1110//1110 1103//1103
f 1103//1103 1110//1110 1111//1111
f 1103//1103 1111//1111 1104//1104
f 1104//1104 1111//1111 1112//1112
f 1104//1104 1112//1112 1105//1105
f 1105//1105 1112//1112 1113//1113
f 1105//1105 1113//1113 1106//1106
f 1106//1106 1113//1113 1114//1114
f 1106//1106 1114//1114 1107//1107
f 1107//1107 1114//1114 1115//1115
f 1115//1115 1117//1117 1116//1116
f 1115//1115 1116//1116 1040//1040
f 1107//1107 1115//1115 1040//1040
f 1038//1038 1107//1107 1040//1040
f 1116//1116 1042//1042 1040//1040
f 1119//1119 1118//1118 1108//1108
f 1039//1039 1119//1119 1108//1108
f 1043//1043 1119//1119 1039//1039
f 1108//1108 1118//1118 1109//1109
f 1117//1117 1120//1120 1116//1116
f 1120//1120 1122//1122 1121//1121
f 1120//1120 1121//1121 1044//1044
f 1116//1116 1120//1120 1044//1044
f 1042//1042 1116//1116 1044//1044
f 1121//1121 1046//1046 1044//1044
f 1047//1047 1119//1119 1043//1043
f 1047//1047 1123//1123 1119//1119
f 1122//1122 1124//1124 1121//1121
f 1124//1124 1126//1126 1125//1125
f 1124//1124 1125//1125 1048//1048
f 1121//1121 1124//1124 1048//1048
f 1046//1046 1121//1121 1048//1048
f 1125//1125 1049//1049 1048//1048
f 1050//1050 1123//1123 1047//1047
f 1050//1050 1127//1127 1123//1123
f 1125//1125 1126//1126 1128//1128
f 1128//1128 1126//1126 1129//1129
f 1128//1128 1051//1051 1049//1049
f 1128//1128 1049//1049 1125//1125
f 1052//1052 1127//1127 1050//1050
f 1052//1052 1130//1130 1127//1127
f 1129//1129 1131//1131 1128//1128
f 1051//1051 1128//1128 1131//1131
f 1132//1132 1051//1051 1131//1131
f 1054//1054 1051//1051 1132//1132
f 1055//1055 1130//1130 1052//1052
f 1055//1055 1133//1133 1130//1130
f 1132//1132 1057//1057 1054//1054
f 1134//1134 1057//1057 1132//1132
f 1058//1058 1133//1133 1055//1055
f 1058//1058 1135//1135 1133//1133
f 1059//1059 1057//1057 1136//1136
f 1057//1057 1137//1137 1136//1136
f 1057//1057 1134//1134 1137//1137
f 1136//1136 1060//1060 1059//1059
f 1061//1061 1135//1135 1058//1058
f 1061//1061 1138//1138 1135//1135
f 1136//1136 1137//1137 1139//1139
f 1139//1139 1137//1137 1140//1140
f 1139//1139 1062//1062 1060//1060
f 1139//1139 1060//1060 1136//1136
f 1063//1063 1138//1138 1061//1061
f 1063//1063 1141//1141 1138//1138
f 1139//1139 1140//1140 1142//1142
f 1142//1142 1140//1140 1143//1143
f 1142//1142 1064//1064 1062//1062
f 1142//1142 1062//1062 1139//1139
f 1065//1065 1141//1141 1063//1063
f 1065//1065 1144//1144 1141//1141
f 1142//1142 1143//1143 1145//1145
f 1145//1145 1143//1143 1146//1146
f 1145//1145 1067//1067 1064//1064
f 1145//1145 1064//1064 1142//1142
f 1068//1068 1144//1144 1065//1065
f 1068//1068 1147//1147 1144//1144
f 1145//1145 1146//1146 1070//1070
f 1146//1146 1069//1069 1070//1070
f 1146//1146 1148//1148 1069//1069
f 1145//1145 1070//1070 1067//1067
f 1071//1071 1147//1147 1068//1068
f 1071//1071 1149//1149 1147//1147
f 1148//1148 1072//1072 1069//1069
f 1150//1150 1072//1072 1148//1148
f 1073//1073 1149//1149 1071//1071
f 1073//1073 1151//1151 1149//1149
f 1150//1150 1075//1075 1072//1072
f 1152//1152 1075//1075 1150//1150
f 1076//1076 1151//1151 1073//1073
f 1076//1076 1153//1153 1151//1151
f 1155//1155 1154//1154 1079//1079
f 1079//1079 1154//1154 1078//1078
f 1079//1079 1075//1075 1152//1152
f 1079//1079 1152//1152 1155//1155
f 1081//1081 1153//1153 1076//1076
f 1081//1081 1156//1156 1153//1153
f 1157//1157 1086//1086 1087//1087
f 1158//1158 1157//1157 1087//1087
f 1078//1078 1158//1158 1087//1087
f 1154//1154 1158//1158 1078//1078
f 1081//1081 1088//1088 1159//1159
f 1160//1160 1081//1081 1159//1159
f 1156//1156 1081//1081 1160//1160
f 1089//1089 1161//1161 1088//1088
f 1088//1088 1161//1161 1159//1159
f 1091//1091 1161//1161 1089//1089
f 1162//1162 1094//1094 1095//1095
f 1096//1096 1163//1163 1095//1095
f 1095//1095 1163//1163 1162//1162
f 1163//1163 1096//1096 1164//1164
f 1096//1096 1165//1165 1164//1164
f 1096//1096 1097//1097 1165//1165
f 1097//1097 1086//1086 1157//1157
f 1166//1166 1097//1097 1157//1157
f 1165//1165 1097//1097 1166//1166
f 1166//1166 1157//1157 1158//1158
f 1167//1167 1160//1160 1159//1159
f 1167//1167 1159//1159 1161//1161
f 1167//1167 1161//1161 1168//1168
f 1170//1170 1168//1168 1169//1169
f 1169//1169 1168//1168 1098//1098
f 1168//1168 1161//1161 1098//1098
f 1161//1161 1091//1091 1098//1098
f 1099//1099 1171//1171 1098//1098
f 1098//1098 1171//1171 1169//1169
f 1100//1100 1172//1172 1099//1099
f 1099//1099 1172//1172 1171//1171
f 1094//1094 1162//1162 1100//1100
f 1162//1162 1172//1172 1100//1100
f 1162//1162 1173//1173 1172//1172
f 1163//1163 1175//1175 1174//1174
f 1173//1173 1163//1163 1174//1174
f 1162//1162 1163//1163 1173//1173
f 1175//1175 1163//1163 1164//1164
f 1176//1176 1170//1170 1169//1169
f 1176//1176 1169//1169 1171//1171
f 1176//1176 1171//1171 1177//1177
f 1177//1177 1171//1171 1172//1172
f 1177//1177 1172//1172 1178//1178
f 1178//1178 1172//1172 1173//1173
f 1178//1178 1173//1173 1179//1179
f 1179//1179 1173//1173 1174//1174
f 1109//1109 1180//1180 1110//1110
f 1181//1181 1111//1111 1110//1110
f 1181//1181 1110//1110 1180//1180
f 1182//1182 1112//1112 1111//1111
f 1182//1182 1111//1111 1181//1181
f 1183//1183 1113//1113 1112//1112
f 1183//1183 1112//1112 1182//1182
f 1184//1184 1114//1114 1113//1113
f 1184//1184 1113//1113 1183//1183
f 1185//1185 1115//1115 1114//1114
f 1185//1185 1114//1114 1184//1184
f 1185//1185 1117//1117 1115//1115
f 1119//1119 1186//1186 1118//1118
f 1186//1186 1187//1187 1118//1118
f 1118//1118 1187//1187 1109//1109
f 1187//1187 1188//1188 1109//1109
f 1188//1188 1180//1180 1109//1109
f 1180//1180 1188//1188 1181//1181
f 1181//1181 1188//1188 1189//1189
f 1181//1181 1189//1189 1182//1182
f 1182//1182 1189//1189 1190//1190
f 1182//1182 1190//1190 1183//1183
f 1183//1183 1190//1190 1191//1191
f 1183//1183 1191//1191 1184//1184
f 1184//1184 1191//1191 1192//1192
f 1184//1184 1192//1192 1185//1185
f 1185//1185 1192//1192 1193//1193
f 1193//1193 1195//1195 1194//1194
f 1193//1193 1194//1194 1120//1120
f 1185//1185 1193//1193 1120//1120
f 1117//1117 1185//1185 1120//1120
f 1194//1194 1122//1122 1120//1120
f 1197//1197 1196//1196 1186//1186
f 1119//1119 1197//1197 1186//1186
f 1123//1123 1197//1197 1119//1119
f 1186//1186 1196//1196 1187//1187
f 1195//1195 1198//1198 1194//1194
f 1198//1198 1200//1200 1199//1199
f 1198//1198 1199//1199 1124//1124
f 1194//1194 1198//1198 1124//1124
f 1122//1122 1194//1194 1124//1124
f 1199//1199 1126//1126 1124//1124
f 1127//1127 1197//1197 1123//1123
f 1127//1127 1201//1201 1197//1197
f 1200//1200 1202//1202 1199//1199
f 1126//1126 1199//1199 1202//1202
f 1203//1203 1126//1126 1202//1202
f 1129//1129 1126//1126 1203//1203
f 1130//1130 1201//1201 1127//1127
f 1130//1130 1204//1204 1201//1201
f 1131//1131 1129//1129 1205//1205
f 1129//1129 1206//1206 1205//1205
f 1129//1129 1203//1203 1206//1206
f 1205//1205 1132//1132 1131//1131
f 1133//1133 1204//1204 1130//1130
f 1133//1133 1207//1207 1204//1204
f 1206//1206 1208//1208 1205//1205
f 1132//1132 1205//1205 1208//1208
f 1209//1209 1132//1132 1208//1208
f 1134//1134 1132//1132 1209//1209
f 1135//1135 1207//1207 1133//1133
f 1135//1135 1210//1210 1207//1207
f 1209//1209 1137//1137 1134//1134
f 1211//1211 1137//1137 1209//1209
f 1138//1138 1210//1210 1135//1135
f 1138//1138 1212//1212 1210//1210
f 1211//1211 1140//1140 1137//1137
f 1213//1213 1140//1140 1211//1211
f 1141//1141 1212//1212 1138//1138
f 1141//1141 1214//1214 1212//1212
f 1213//1213 1143//1143 1140//1140
f 1215//1215 1143//1143 1213//1213
f 1144//1144 1214//1214 1141//1141
f 1144//1144 1216//1216 1214//1214
f 1215//1215 1146//1146 1143//1143
f 1217//1217 1146//1146 1215//1215
f 1147//1147 1216//1216 1144//1144
f 1147//1147 1218//1218 1216//1216
f 1217//1217 1148//1148 1146//1146
f 1219//1219 1148//1148 1217//1217
f 1149//1149 1218//1218 1147//1147
f 1149//1149 1220//1220 1218//1218
f 1219//1219 1150//1150 1148//1148
f 1221//1221 1150//1150 1219//1219
f 1151//1151 1220//1220 1149//1149
f 1151//1151 1222//1222 1220//1220
f 1221//1221 1152//1152 1150//1150
f 1223//1223 1152//1152 1221//1221
f 1153//1153 1222//1222 1151//1151
f 1153//1153 1224//1224 1222//1222
f 1225//1225 1154//1154 1155//1155
f 1226//1226 1225//1225 1155//1155
f 1152//1152 1226//1226 1155//1155
f 1223//1223 1226//1226 1152//1152
f 1156//1156 1224//1224 1153//1153
f 1156//1156 1227//1227 1224//1224
f 1229//1229 1228//1228 1225//1225
f 1228//1228 1154//1154 1225//1225
f 1228//1228 1158//1158 1154//1154
f 1229//1229 1225//1225 1226//1226
f 1160//1160 1227//1227 1156//1156
f 1160//1160 1230//1230 1227//1227
f 1231//1231 1164//1164 1165//1165
f 1231//1231 1165//1165 1232//1232
f 1165//1165 1233//1233 1232//1232
f 1165//1165 1166//1166 1233//1233
f 1166//1166 1158//1158 1228//1228
f 1166//1166 1228//1228 1233//1233
f 1160//1160 1167//1167 1234//1234
f 1235//1235 1160//1160 1234//1234
f 1230//1230 1160//1160 1235//1235
f 1168//1168 1236//1236 1167//1167
f 1167//1167 1236//1236 1234//1234
f 1170//1170 1236//1236 1168//1168
f 1237//1237 1174//1174 1175//1175
f 1164//1164 1231//1231 1175//1175
f 1231//1231 1237//1237 1175//1175
f 1231//1231 1238//1238 1237//1237
f 1231//1231 1232//1232 1239//1239
f 1231//1231 1239//1239 1238//1238
f 1240//1240 1235//1235 1234//1234
f 1240//1240 1234//1234 1236//1236
f 1240//1240 1236//1236 1241//1241
f 1243//1243 1241//1241 1242//1242
f 1242//1242 1241//1241 1176//1176
f 1241//1241 1236//1236 1176//1176
f 1236//1236 1170//1170 1176//1176
f 1177//1177 1244//1244 1176//1176
f 1176//1176 1244//1244 1242//1242
f 1178//1178 1245//1245 1177//1177
f 1177//1177 1245//1245 1244//1244
f 1179//1179 1246//1246 1178//1178
f 1178//1178 1246//1246 1245//1245
f 1247//1247 1246//1246 1179//1179
f 1247//1247 1179//1179 1174//1174
f 1248//1248 1247//1247 1174//1174
f 1237//1237 1248//1248 1174//1174
f 1248//1248 1237//1237 1238//1238
f 1248//1248 1238//1238 1249//1249
f 1249//1249 1238//1238 1239//1239
f 1250//1250 1243//1243 1242//1242
f 1250//1250 1242//1242 1244//1244
f 1250//1250 1244//1244 1251//1251
f 1251//1251 1244//1244 1245//1245
f 1251//1251 1245//1245 1252//1252
f 1252//1252 1245//1245 1246//1246
f 1252//1252 1246//1246 1253//1253
f 1253//1253 1246//1246 1247//1247
f 1187//1187 1254//1254 1188//1188
f 1255//1255 1189//1189 1188//1188
f 1255//1255 1188//1188 1254//1254
f 1189//1189 1255//1255 1256//1256
f 1257//1257 1189//1189 1256//1256
f 1190//1190 1189//1189 1257//1257
f 1190//1190 1258//1258 1191//1191
f 1257//1257 1258//1258 1190//1190
f 1258//1258 1260//1260 1259//1259
f 1192//1192 1258//1258 1259//1259
f 1191//1191 1258//1258 1192//1192
f 1261//1261 1193//1193 1192//1192
f 1261//1261 1192//1192 1259//1259
f 1261//1261 1195//1195 1193//1193
f 1197//1197 1262//1262 1196//1196
f 1262//1262 1263//1263 1196//1196
f 1196//1196 1263//1263 1187//1187
f 1263//1263 1264//1264 1187//1187
f 1264//1264 1254//1254 1187//1187
f 1254//1254 1264//1264 1255//1255
f 1255//1255 1264//1264 1265//1265
f 1255//1255 1265//1265 1256//1256
f 1260//1260 1266//1266 1259//1259
f 1259//1259 1266//1266 1261//1261
f 1261//1261 1266//1266 1267//1267
f 1267//1267 1269//1269 1268//1268
f 1267//1267 1268//1268 1198//1198
f 1261//1261 1267//1267 1198//1198
f 1195//1195 1261//1261 1198//1198
f 1268//1268 1200//1200 1198//1198
f 1271//1271 1270//1270 1262//1262
f 1197//1197 1271//1271 1262//1262
f 1201//1201 1271//1271 1197//1197
f 1262//1262 1270//1270 1263//1263
f 1269//1269 1272//1272 1268//1268
f 1272//1272 1274//1274 1273//1273
f 1272//1272 1273//1273 1202//1202
f 1268//1268 1272//1272 1202//1202
f 1200//1200 1268//1268 1202//1202
f 1273//1273 1203//1203 1202//1202
f 1204//1204 1271//1271 1201//1201
f 1204//1204 1275//1275 1271//1271
f 1274//1274 1276//1276 1273//1273
f 1203//1203 1273//1273 1276//1276
f 1277//1277 1203//1203 1276//1276
f 1206//1206 1203//1203 1277//1277
f 1207//1207 1275//1275 1204//1204
f 1207//1207 1278//1278 1275//1275
f 1208//1208 1206//1206 1279//1279
f 1206//1206 1280//1280 1279//1279
f 1206//1206 1277//1277 1280//1280
f 1279//1279 1209//1209 1208//1208
f 1210//1210 1278//1278 1207//1207
f 1210//1210 1281//1281 1278//1278
f 1280//1280 1282//1282 1279//1279
f 1209//1209 1279//1279 1282//1282
f 1283//1283 1209//1209 1282//1282
f 1211//1211 1209//1209 1283//1283
f 1212//1212 1281//1281 1210//1210
f 1212//1212 1284//1284 1281//1281
f 1283//1283 1213//1213 1211//1211
f 1285//1285 1213//1213 1283//1283
f 1214//1214 1284//1284 1212//1212
f 1214//1214 1286//1286 1284//1284
f 1285//1285 1215//1215 1213//1213
f 1287//1287 1215//1215 1285//1285
f 1216//1216 1286//1286 1214//1214
f 1216//1216 1288//1288 1286//1286
f 1287//1287 1217//1217 1215//1215
f 1289//1289 1217//1217 1287//1287
f 1218//1218 1288//1288 1216//1216
f 1218//1218 1290//1290 1288//1288
f 1289//1289 1219//1219 1217//1217
f 1291//1291 1219//1219 1289//1289
f 1220//1220 1290//1290 1218//1218
f 1220//1220 1292//1292 1290//1290
f 1291//1291 1221//1221 1219//1219
f 1293//1293 1221//1221 1291//1291
f 1222//1222 1292//1292 1220//1220
f 1222//1222 1294//1294 1292//1292
f 1293//1293 1223//1223 1221//1221
f 1295//1295 1223//1223 1293//1293
f 1224//1224 1294//1294 1222//1222
f 1224//1224 1296//1296 1294//1294
f 1295//1295 1226//1226 1223//1223
f 1297//1297 1226//1226 1295//1295
f 1227//1227 1296//1296 1224//1224
f 1227//1227 1298//1298 1296//1296
f 1299//1299 1228//1228 1229//1229
f 1300//1300 1299//1299 1229//1229
f 1226//1226 1300//1300 1229//1229
f 1297//1297 1300//1300 1226//1226
f 1230//1230 1298//1298 1227//1227
f 1230//1230 1301//1301 1298//1298
f 1302//1302 1232//1232 1233//1233
f 1303//1303 1302//1302 1233//1233
f 1303//1303 1233//1233 1228//1228
f 1304//1304 1303//1303 1228//1228
f 1299//1299 1304//1304 1228//1228
f 1304//1304 1299//1299 1300//1300
f 1235//1235 1301//1301 1230//1230
f 1235//1235 1305//1305 1301//1301
f 1306//1306 1239//1239 1302//1302
f 1302//1302 1239//1239 1232//1232
f 1302//1302 1303//1303 1307//1307
f 1302//1302 1307//1307 1306//1306
f 1235//1235 1240//1240 1308//1308
f 1309//1309 1235//1235 1308//1308
f 1305//1305 1235//1235 1309//1309
f 1241//1241 1310//1310 1240//1240
f 1240//1240 1310//1310 1308//1308
f 1243//1243 1310//1310 1241//1241
f 1311//1311 1247//1247 1248//1248
f 1249//1249 1312//1312 1248//1248
f 1248//1248 1312//1312 1311//1311
f 1313//1313 1312//1312 1249//1249
f 1313//1313 1249//1249 1239//1239
f 1314//1314 1313//1313 1239//1239
f 1306//1306 1314//1314 1239//1239
f 1314//1314 1306//1306 1307//1307
f 1315//1315 1309//1309 1308//1308
f 1315//1315 1308//1308 1310//1310
f 1315//1315 1310//1310 1316//1316
f 1318//1318 1316//1316 1317//1317
f 1317//1317 1316//1316 1250//1250
f 1316//1316 1310//1310 1250//1250
f 1310//1310 1243//1243 1250//1250
f 1251//1251 1319//1319 1250//1250
f 1250//1250 1319//1319 1317//1317
f 1252//1252 1320//1320 1251//1251
f 1251//1251 1320//1320 1319//1319
f 1253//1253 1321//1321 1252//1252
f 1252//1252 1321//1321 1320//1320
f 1322//1322 1321//1321 1253//1253
f 1322//1322 1253//1253 1247//1247
f 1323//1323 1322//1322 1247//1247
f 1311//1311 1323//1323 1247//1247
f 1323//1323 1311//1311 1312//1312
f 1323//1323 1312//1312 1324//1324
f 1324//1324 1312//1312 1313//1313
f 1325//1325 1318//1318 1317//1317
f 1325//1325 1317//1317 1319//1319
f 1325//1325 1319//1319 1326//1326
f 1326//1326 1319//1319 1320//1320
f 1326//1326 1320//1320 1327//1327
f 1327//1327 1320//1320 1321//1321
f 1327//1327 1321//1321 1328//1328
f 1328//1328 1321//1321 1322//1322
f 1256//1256 1329//1329 1257//1257
f 1330//1330 1258//1258 1257//1257
f 1330//1330 1257//1257 1329//1329
f 1330//1330 1260//1260 1258//1258
f 1263//1263 1331//1331 1264//1264
f 1332//1332 1265//1265 1264//1264
f 1332//1332 1264//1264 1331//1331
f 1332//1332 1333//1333 1265//1265
f 1265//1265 1333//1333 1256//1256
f 1333//1333 1334//1334 1256//1256
f 1334//1334 1329//1329 1256//1256
f 1329//1329 1334//1334 1330//1330
f 1330//1330 1334//1334 1335//1335
f 1335//1335 1337//1337 1336//1336
f 1335//1335 1336//1336 1266//1266
f 1330//1330 1335//1335 1266//1266
f 1260//1260 1330//1330 1266//1266
f 1338//1338 1267//1267 1266//1266
f 1338//1338 1266//1266 1336//1336
f 1338//1338 1269//1269 1267//1267
f 1271//1271 1339//1339 1270//1270
f 1339//1339 1340//1340 1270//1270
f 1270//1270 1340//1340 1263//1263
f 1340//1340 1341//1341 1263//1263
f 1341//1341 1331//1331 1263//1263
f 1331//1331 1341//1341 1332//1332
f 1332//1332 1341//1341 1342//1342
f 1332//1332 1342//1342 1333//1333
f 1337//1337 1343//1343 1336//1336
f 1336//1336 1343//1343 1338//1338
f 1338//1338 1343//1343 1344//1344
f 1344//1344 1346//1346 1345//1345
f 1344//1344 1345//1345 1272//1272
f 1338//1338 1344//1344 1272//1272
f 1269//1269 1338//1338 1272//1272
f 1345//1345 1274//1274 1272//1272
f 1348//1348 1347//1347 1339//1339
f 1271//1271 1348//1348 1339//1339
f 1275//1275 1348//1348 1271//1271
f 1339//1339 1347//1347 1340//1340
f 1346//1346 1349//1349 1345//1345
f 1349//1349 1351//1351 1350//1350
f 1349//1349 1350//1350 1276//1276
f 1345//1345 1349//1349 1276//1276
f 1274//1274 1345//1345 1276//1276
f 1350//1350 1277//1277 1276//1276
f 1278//1278 1348//1348 1275//1275
f 1278//1278 1352//1352 1348//1348
f 1351//1351 1353//1353 1350//1350
f 1277//1277 1350//1350 1353//1353
f 1354//1354 1277//1277 1353//1353
f 1280//1280 1277//1277 1354//1354
f 1281//1281 1352//1352 1278//1278
f 1281//1281 1355//1355 1352//1352
f 1282//1282 1280//1280 1356//1356
f 1280//1280 1357//1357 1356//1356
f 1280//1280 1354//1354 1357//1357
f 1356//1356 1283//1283 1282//1282
f 1284//1284 1355//1355 1281//1281
f 1284//1284 1358//1358 1355//1355
f 1356//1356 1357//1357 1359//1359
f 1359//1359 1357//1357 1360//1360
f 1359//1359 1285//1285 1283//1283
f 1359//1359 1283//1283 1356//1356
f 1286//1286 1358//1358 1284//1284
f 1286//1286 1361//1361 1358//1358
f 1360//1360 1362//1362 1359//1359
f 1285//1285 1359//1359 1362//1362
f 1363//1363 1285//1285 1362//1362
f 1287//1287 1285//1285 1363//1363
f 1288//1288 1361//1361 1286//1286
f 1288//1288 1364//1364 1361//1361
f 1363//1363 1289//1289 1287//1287
f 1365//1365 1289//1289 1363//1363
f 1290//1290 1364//1364 1288//1288
f 1290//1290 1366//1366 1364//1364
f 1365//1365 1291//1291 1289//1289
f 1367//1367 1291//1291 1365//1365
f 1292//1292 1366//1366 1290//1290
f 1292//1292 1368//1368 1366//1366
f 1367//1367 1293//1293 1291//1291
f 1369//1369 1293//1293 1367//1367
f 1294//1294 1368//1368 1292//1292
f 1294//1294 1370//1370 1368//1368
f 1369//1369 1295//1295 1293//1293
f 1371//1371 1295//1295 1369//1369
f 1296//1296 1370//1370 1294//1294
f 1296//1296 1372//1372 1370//1370
f 1371//1371 1297//1297 1295//1295
f 1373//1373 1297//1297 1371//1371
f 1298//1298 1372//1372 1296//1296
f 1298//1298 1374//1374 1372//1372
f 1373//1373 1300//1300 1297//1297
f 1375//1375 1300//1300 1373//1373
f 1301//1301 1374//1374 1298//1298
f 1301//1301 1376//1376 1374//1374
f 1377//1377 1303//1303 1304//1304
f 1378//1378 1377//1377 1304//1304
f 1300//1300 1378//1378 1304//1304
f 1375//1375 1378//1378 1300//1300
f 1305//1305 1376//1376 1301//1301
f 1305//1305 1379//1379 1376//1376
f 1381//1381 1380//1380 1377//1377
f 1380//1380 1303//1303 1377//1377
f 1380//1380 1307//1307 1303//1303
f 1381//1381 1377//1377 1378//1378
f 1309//1309 1379//1379 1305//1305
f 1309//1309 1382//1382 1379//1379
f 1383//1383 1313//1313 1314//1314
f 1384//1384 1383//1383 1314//1314
f 1307//1307 1384//1384 1314//1314
f 1380//1380 1384//1384 1307//1307
f 1309//1309 1315//1315 1385//1385
f 1386//1386 1309//1309 1385//1385
f 1382//1382 1309//1309 1386//1386
f 1316//1316 1387//1387 1315//1315
f 1315//1315 1387//1387 1385//1385
f 1318//1318 1387//1387 1316//1316
f 1388//1388 1322//1322 1323//1323
f 1324//1324 1389//1389 1323//1323
f 1323//1323 1389//1389 1388//1388
f 1390//1390 1389//1389 1324//1324
f 1390//1390 1324//1324 1313//1313
f 1391//1391 1390//1390 1313//1313
f 1383//1383 1391//1391 1313//1313
f 1391//1391 1383//1383 1384//1384
f 1392//1392 1386//1386 1385//1385
f 1392//1392 1385//1385 1387//1387
f 1392//1392 1387//1387 1393//1393
f 1395//1395 1393//1393 1394//1394
f 1394//1394 1393//1393 1325//1325
f 1393//1393 1387//1387 1325//1325
f 1387//1387 1318//1318 1325//1325
f 1326//1326 1396//1396 1325//1325
f 1325//1325 1396//1396 1394//1394
f 1327//1327 1397//1397 1326//1326
f 1326//1326 1397//1397 1396//1396
f 1328//1328 1398//1398 1327//1327
f 1327//1327 1398//1398 1397//1397
f 1399//1399 1398//1398 1328//1328
f 1399//1399 1328//1328 1322//1322
f 1400//1400 1399//1399 1322//1322
f 1388//1388 1400//1400 1322//1322
f 1400//1400 1388//1388 1389//1389
f 1400//1400 1389//1389 1401//1401
f 1401//1401 1389//1389 1390//1390
f 1402//1402 1395//1395 1394//1394
f 1402//1402 1394//1394 1396//1396
f 1402//1402 1396//1396 1403//1403
f 1403//1403 1396//1396 1397//1397
f 1403//1403 1397//1397 1404//1404
f 1404//1404 1397//1397 1398//1398
f 1404//1404 1398//1398 1405//1405
f 1405//1405 1398//1398 1399//1399
f 1333//1333 1406//1406 1334//1334
f 1407//1407 1335//1335 1334//1334
f 1407//1407 1334//1334 1406//1406
f 1407//1407 1337//1337 1335//1335
f 1340//1340 1408//1408 1341//1341
f 1409//1409 1342//1342 1341//1341
f 1409//1409 1341//1341 1408//1408
f 1406//1406 1333//1333 1342//1342
f 1409//1409 1406//1406 1342//1342
f 1410//1410 1406//1406 1409//1409
f 1412//1412 1407//1407 1411//1411
f 1407//1407 1410//1410 1411//1411
f 1407//1407 1406//1406 1410//1410
f 1412//1412 1414//1414 1413//1413
f 1412//1412 1413//1413 1343//1343
f 1407//1407 1412//1412 1343//1343
f 1337//1337 1407//1407 1343//1343
f 1415//1415 1344//1344 1343//1343
f 1415//1415 1343//1343 1413//1413
f 1415//1415 1346//1346 1344//1344
f 1348//1348 1416//1416 1347//1347
f 1416//1416 1417//1417 1347//1347
f 1347//1347 1417//1417 1340//1340
f 1417//1417 1418//1418 1340//1340
f 1418//1418 1408//1408 1340//1340
f 1408//1408 1418//1418 1409//1409
f 1409//1409 1418//1418 1419//1419
f 1409//1409 1419//1419 1410//1410
f 1410//1410 1419//1419 1420//1420
f 1410//1410 1420//1420 1411//1411
f 1414//1414 1421//1421 1413//1413
f 1413//1413 1421//1421 1415//1415
f 1415//1415 1421//1421 1422//1422
f 1422//1422 1424//1424 1423//1423
f 1422//1422 1423//1423 1349//1349
f 1415//1415 1422//1422 1349//1349
f 1346//1346 1415//1415 1349//1349
f 1423//1423 1351//1351 1349//1349
f 1426//1426 1425//1425 1416//1416
f 1348//1348 1426//1426 1416//1416
f 1352//1352 1426//1426 1348//1348
f 1416//1416 1425//1425 1417//1417
f 1424//1424 1427//1427 1423//1423
f 1427//1427 1429//1429 1428//1428
f 1427//1427 1428//1428 1353//1353
f 1423//1423 1427//1427 1353//1353
f 1351//1351 1423//1423 1353//1353
f 1428//1428 1354//1354 1353//1353
f 1355//1355 1426//1426 1352//1352
f 1355//1355 1430//1430 1426//1426
f 1428//1428 1429//1429 1431//1431
f 1431//1431 1429//1429 1432//1432
f 1431//1431 1357//1357 1354//1354
f 1431//1431 1354//1354 1428//1428
f 1358//1358 1430//1430 1355//1355
f 1358//1358 1433//1433 1430//1430
f 1432//1432 1434//1434 1431//1431
f 1357//1357 1431//1431 1434//1434
f 1435//1435 1357//1357 1434//1434
f 1360//1360 1357//1357 1435//1435
f 1361//1361 1433//1433 1358//1358
f 1361//1361 1436//1436 1433//1433
f 1362//1362 1360//1360 1437//1437
f 1360//1360 1438//1438 1437//1437
f 1360//1360 1435//1435 1438//1438
f 1437//1437 1363//1363 1362//1362
f 1364//1364 1436//1436 1361//1361
f 1364//1364 1439//1439 1436//1436
f 1438//1438 1440//1440 1437//1437
f 1363//1363 1437//1437 1440//1440
f 1441//1441 1363//1363 1440//1440
f 1365//1365 1363//1363 1441//1441
f 1366//1366 1439//1439 1364//1364
f 1366//1366 1442//1442 1439//1439
f 1441//1441 1367//1367 1365//1365
f 1443//1443 1367//1367 1441//1441
f 1368//1368 1442//1442 1366//1366
f 1368//1368 1444//1444 1442//1442
f 1443//1443 1369//1369 1367//1367
f 1445//1445 1369//1369 1443//1443
f 1370//1370 1444//1444 1368//1368
f 1370//1370 1446//1446 1444//1444
f 1445//1445 1371//1371 1369//1369
f 1447//1447 1371//1371 1445//1445
f 1372//1372 1446//1446 1370//1370
f 1372//1372 1448//1448 1446//1446
f 1447//1447 1373//1373 1371//1371
f 1449//1449 1373//1373 1447//1447
f 1374//1374 1448//1448 1372//1372
f 1374//1374 1450//1450 1448//1448
f 1449//1449 1375//1375 1373//1373
f 1451//1451 1375//1375 1449//1449
f 1376//1376 1450//1450 1374//1374
f 1376//1376 1452//1452 1450//1450
f 1451//1451 1378//1378 1375//1375
f 1453//1453 1378//1378 1451//1451
f 1379//1379 1452//1452 1376//1376
f 1379//1379 1454//1454 1452//1452
f 1455//1455 1380//1380 1381//1381
f 1456//1456 1455//1455 1381//1381
f 1378//1378 1456//1456 1381//1381
f 1453//1453 1456//1456 1378//1378
f 1382//1382 1454//1454 1379//1379
f 1382//1382 1457//1457 1454//1454
f 1459//1459 1458//1458 1455//1455
f 1458//1458 1380//1380 1455//1455
f 1458//1458 1384//1384 1380//1380
f 1459//1459 1455//1455 1456//1456
f 1386//1386 1457//1457 1382//1382
f 1386//1386 1460//1460 1457//1457
f 1461//1461 1390//1390 1391//1391
f 1462//1462 1461//1461 1391//1391
f 1384//1384 1462//1462 1391//1391
f 1458//1458 1462//1462 1384//1384
f 1386//1386 1392//1392 1463//1463
f 1464//1464 1386//1386 1463//1463
f 1460//1460 1386//1386 1464//1464
f 1393//1393 1465//1465 1392//1392
f 1392//1392 1465//1465 1463//1463
f 1395//1395 1465//1465 1393//1393
f 1466//1466 1399//1399 1400//1400
f 1466//1466 1400//1400 1467//1467
f 1400//1400 1468//1468 1467//1467
f 1400//1400 1401//1401 1468//1468
f 1401//1401 1390//1390 1461//1461
f 1469//1469 1401//1401 1461//1461
f 1468//1468 1401//1401 1469//1469
f 1469//1469 1461//1461 1462//1462
f 1470//1470 1464//1464 1463//1463
f 1470//1470 1463//1463 1465//1465
f 1470//1470 1465//1465 1471//1471
f 1471//1471 1465//1465 1395//1395
f 1402//1402 1471//1471 1395//1395
f 1472//1472 1471//1471 1402//1402
f 1473//1473 1402//1402 1403//1403
f 1473//1473 1472//1472 1402//1402
f 1475//1475 1473//1473 1474//1474
f 1473//1473 1404//1404 1474//1474
f 1473//1473 1403//1403 1404//1404
f 1474//1474 1404//1404 1476//1476
f 1404//1404 1477//1477 1476//1476
f 1404//1404 1405//1405 1477//1477
f 1405//1405 1399//1399 1466//1466
f 1478//1478 1405//1405 1466//1466
f 1477//1477 1405//1405 1478//1478
f 1478//1478 1466//1466 1467//1467
f 1479//1479 1475//1475 1474//1474
f 1479//1479 1474//1474 1476//1476
f 1411//1411 1480//1480 1412//1412
f 1480//1480 1414//1414 1412//1412
f 1417//1417 1481//1481 1418//1418
f 1482//1482 1419//1419 1418//1418
f 1482//1482 1418//1418 1481//1481
f 1483//1483 1420//1420 1419//1419
f 1483//1483 1419//1419 1482//1482
f 1480//1480 1411//1411 1420//1420
f 1483//1483 1480//1480 1420//1420
f 1484//1484 1480//1480 1483//1483
f 1485//1485 1421//1421 1414//1414
f 1480//1480 1485//1485 1414//1414
f 1484//1484 1485//1485 1480//1480
f 1486//1486 1422//1422 1421//1421
f 1486//1486 1421//1421 1485//1485
f 1486//1486 1424//1424 1422//1422
f 1426//1426 1487//1487 1425//1425
f 1481//1481 1417//1417 1425//1425
f 1487//1487 1481//1481 1425//1425
f 1488//1488 1481//1481 1487//1487
f 1490//1490 1482//1482 1489//1489
f 1482//1482 1488//1488 1489//1489
f 1482//1482 1481//1481 1488//1488
f 1482//1482 1490//1490 1483//1483
f 1483//1483 1490//1490 1491//1491
f 1483//1483 1491//1491 1484//1484
f 1484//1484 1491//1491 1492//1492
f 1484//1484 1492//1492 1485//1485
f 1485//1485 1492//1492 1493//1493
f 1495//1495 1494//1494 1493//1493
f 1494//1494 1485//1485 1493//1493
f 1494//1494 1486//1486 1485//1485
f 1496//1496 1427//1427 1424//1424
f 1486//1486 1496//1496 1424//1424
f 1494//1494 1496//1496 1486//1486
f 1496//1496 1429//1429 1427//1427
f 1498//1498 1497//1497 1487//1487
f 1426//1426 1498//1498 1487//1487
f 1430//1430 1498//1498 1426//1426
f 1487//1487 1497//1497 1488//1488
f 1488//1488 1497//1497 1499//1499
f 1488//1488 1499//1499 1489//1489
f 1495//1495 1500//1500 1494//1494
f 1502//1502 1501//1501 1500//1500
f 1501//1501 1494//1494 1500//1500
f 1501//1501 1496//1496 1494//1494
f 1501//1501 1432//1432 1429//1429
f 1501//1501 1429//1429 1496//1496
f 1433//1433 1498//1498 1430//1430
f 1433//1433 1503//1503 1498//1498
f 1502//1502 1504//1504 1501//1501
f 1504//1504 1506//1506 1505//1505
f 1504//1504 1505//1505 1434//1434
f 1501//1501 1504//1504 1434//1434
f 1432//1432 1501//1501 1434//1434
f 1505//1505 1435//1435 1434//1434
f 1436//1436 1503//1503 1433//1433
f 1436//1436 1507//1507 1503//1503
f 1506//1506 1508//1508 1505//1505
f 1435//1435 1505//1505 1508//1508
f 1509//1509 1435//1435 1508//1508
f 1438//1438 1435//1435 1509//1509
f 1439//1439 1507//1507 1436//1436
f 1439//1439 1510//1510 1507//1507
f 1440//1440 1438//1438 1511//1511
f 1438//1438 1512//1512 1511//1511
f 1438//1438 1509//1509 1512//1512
f 1511//1511 1441//1441 1440//1440
f 1442//1442 1510//1510 1439//1439
f 1442//1442 1513//1513 1510//1510
f 1511//1511 1512//1512 1514//1514
f 1514//1514 1512//1512 1515//1515
f 1514//1514 1443//1443 1441//1441
f 1514//1514 1441//1441 1511//1511
f 1444//1444 1513//1513 1442//1442
f 1444//1444 1516//1516 1513//1513
f 1515//1515 1517//1517 1514//1514
f 1443//1443 1514//1514 1517//1517
f 1518//1518 1443//1443 1517//1517
f 1445//1445 1443//1443 1518//1518
f 1446//1446 1516//1516 1444//1444
f 1446//1446 1519//1519 1516//1516
f 1518//1518 1447//1447 1445//1445
f 1520//1520 1447//1447 1518//1518
f 1448//1448 1519//1519 1446//1446
f 1448//1448 1521//1521 1519//1519
f 1520//1520 1449//1449 1447//1447
f 1522//1522 1449//1449 1520//1520
f 1450//1450 1521//1521 1448//1448
f 1450//1450 1523//1523 1521//1521
f 1522//1522 1451//1451 1449//1449
f 1524//1524 1451//1451 1522//1522
f 1452//1452 1523//1523 1450//1450
f 1452//1452 1525//1525 1523//1523
f 1524//1524 1453//1453 1451//1451
f 1526//1526 1453//1453 1524//1524
f 1454//1454 1525//1525 1452//1452
f 1454//1454 1527//1527 1525//1525
f 1526//1526 1456//1456 1453//1453
f 1528//1528 1456//1456 1526//1526
f 1457//1457 1527//1527 1454//1454
f 1457//1457 1529//1529 1527//1527
f 1530//1530 1458//1458 1459//1459
f 1531//1531 1530//1530 1459//1459
f 1456//1456 1531//1531 1459//1459
f 1528//1528 1531//1531 1456//1456
f 1460//1460 1529//1529 1457//1457
f 1460//1460 1532//1532 1529//1529
f 1534//1534 1533//1533 1530//1530
f 1533//1533 1458//1458 1530//1530
f 1533//1533 1462//1462 1458//1458
f 1534//1534 1530//1530 1531//1531
f 1464//1464 1532//1532 1460//1460
f 1464//1464 1535//1535 1532//1532
f 1536//1536 1467//1467 1468//1468
f 1536//1536 1468//1468 1537//1537
f 1468//1468 1538//1538 1537//1537
f 1468//1468 1469//1469 1538//1538
f 1469//1469 1462//1462 1533//1533
f 1469//1469 1533//1533 1538//1538
f 1464//1464 1470//1470 1539//1539
f 1540//1540 1464//1464 1539//1539
f 1535//1535 1464//1464 1540//1540
f 1471//1471 1541//1541 1470//1470
f 1470//1470 1541//1541 1539//1539
f 1472//1472 1542//1542 1471//1471
f 1471//1471 1542//1542 1541//1541
f 1473//1473 1543//1543 1472//1472
f 1472//1472 1543//1543 1542//1542
f 1475//1475 1543//1543 1473//1473
f 1544//1544 1476//1476 1477//1477
f 1478//1478 1545//1545 1477//1477
f 1477//1477 1545//1545 1544//1544
f 1546//1546 1545//1545 1478//1478
f 1546//1546 1478//1478 1467//1467
f 1547//1547 1546//1546 1467//1467
f 1536//1536 1547//1547 1467//1467
f 1547//1547 1536//1536 1537//1537
f 1548//1548 1540//1540 1539//1539
f 1548//1548 1539//1539 1541//1541
f 1548//1548 1541//1541 1549//1549
f 1549//1549 1541//1541 1542//1542
f 1549//1549 1542//1542 1550//1550
f 1550//1550 1542//1542 1543//1543
f 1550//1550 1543//1543 1551//1551
f 1551//1551 1543//1543 1475//1475
f 1479//1479 1551//1551 1475//1475
f 1552//1552 1551//1551 1479//1479
f 1479//1479 1476//1476 1544//1544
f 1553//1553 1479//1479 1544//1544
f 1552//1552 1479//1479 1553//1553
f 1553//1553 1544//1544 1545//1545
f 1553//1553 1545//1545 1554//1554
f 1554//1554 1545//1545 1546//1546
f 1489//1489 1555//1555 1490//1490
f 1556//1556 1491//1491 1490//1490
f 1556//1556 1490//1490 1555//1555
f 1557//1557 1492//1492 1491//1491
f 1557//1557 1491//1491 1556//1556
f 1558//1558 1493//1493 1492//1492
f 1558//1558 1492//1492 1557//1557
f 1558//1558 1495//1495 1493//1493
f 1498//1498 1559//1559 1497//1497
f 1560//1560 1499//1499 1497//1497
f 1560//1560 1497//1497 1559//1559
f 1560//1560 1561//1561 1499//1499
f 1499//1499 1561//1561 1489//1489
f 1561//1561 1562//1562 1489//1489
f 1562//1562 1555//1555 1489//1489
f 1555//1555 1562//1562 1556//1556
f 1556//1556 1562//1562 1563//1563
f 1556//1556 1563//1563 1557//1557
f 1557//1557 1563//1563 1564//1564
f 1557//1557 1564//1564 1558//1558
f 1558//1558 1564//1564 1565//1565
f 1565//1565 1567//1567 1566//1566
f 1565//1565 1566//1566 1500//1500
f 1558//1558 1565//1565 1500//1500
f 1495//1495 1558//1558 1500//1500
f 1566//1566 1502//1502 1500//1500
f 1503//1503 1568//1568 1559//1559
f 1503//1503 1559//1559 1498//1498
f 1570//1570 1560//1560 1569//1569
f 1560//1560 1568//1568 1569//1569
f 1560//1560 1559//1559 1568//1568
f 1560//1560 1570//1570 1561//1561
f 1567//1567 1571//1571 1566//1566
f 1571//1571 1573//1573 1572//1572
f 1571//1571 1572//1572 1504//1504
f 1566//1566 1571//1571 1504//1504
f 1502//1502 1566//1566 1504//1504
f 1572//1572 1506//1506 1504//1504
f 1575//1575 1574//1574 1568//1568
f 1503//1503 1575//1575 1568//1568
f 1507//1507 1575//1575 1503//1503
f 1568//1568 1574//1574 1569//1569
f 1573//1573 1576//1576 1572//1572
f 1576//1576 1578//1578 1577//1577
f 1576//1576 1577//1577 1508//1508
f 1572//1572 1576//1576 1508//1508
f 1506//1506 1572//1572 1508//1508
f 1577//1577 1509//1509 1508//1508
f 1510//1510 1575//1575 1507//1507
f 1510//1510 1579//1579 1575//1575
f 1577//1577 1578//1578 1580//1580
f 1580//1580 1578//1578 1581//1581
f 1580//1580 1512//1512 1509//1509
f 1580//1580 1509//1509 1577//1577
f 1513//1513 1579//1579 1510//1510
f 1513//1513 1582//1582 1579//1579
f 1581//1581 1583//1583 1580//1580
f 1512//1512 1580//1580 1583//1583
f 1584//1584 1512//1512 1583//1583
f 1515//1515 1512//1512 1584//1584
f 1516//1516 1582//1582 1513//1513
f 1516//1516 1585//1585 1582//1582
f 1517//1517 1515//1515 1586//1586
f 1515//1515 1587//1587 1586//1586
f 1515//1515 1584//1584 1587//1587
f 1586//1586 1518//1518 1517//1517
f 1519//1519 1585//1585 1516//1516
f 1519//1519 1588//1588 1585//1585
f 1587//1587 1589//1589 1586//1586
f 1518//1518 1586//1586 1589//1589
f 1590//1590 1518//1518 1589//1589
f 1520//1520 1518//1518 1590//1590
f 1521//1521 1588//1588 1519//1519
f 1521//1521 1591//1591 1588//1588
f 1590//1590 1522//1522 1520//1520
f 1592//1592 1522//1522 1590//1590
f 1523//1523 1591//1591 1521//1521
f 1523//1523 1593//1593 1591//1591
f 1592//1592 1524//1524 1522//1522
f 1594//1594 1524//1524 1592//1592
f 1525//1525 1593//1593 1523//1523
f 1525//1525 1595//1595 1593//1593
f 1594//1594 1526//1526 1524//1524
f 1596//1596 1526//1526 1594//1594
f 1527//1527 1595//1595 1525//1525
f 1527//1527 1597//1597 1595//1595
f 1596//1596 1528//1528 1526//1526
f 1598//1598 1528//1528 1596//1596
f 1529//1529 1597//1597 1527//1527
f 1529//1529 1599//1599 1597//1597
f 1598//1598 1531//1531 1528//1528
f 1600//1600 1531//1531 1598//1598
f 1532//1532 1599//1599 1529//1529
f 1532//1532 1601//1601 1599//1599
f 1602//1602 1533//1533 1534//1534
f 1603//1603 1602//1602 1534//1534
f 1531//1531 1603//1603 1534//1534
f 1600//1600 1603//1603 1531//1531
f 1535//1535 1601//1601 1532//1532
f 1535//1535 1604//1604 1601//1601
f 1605//1605 1537//1537 1538//1538
f 1606//1606 1605//1605 1538//1538
f 1606//1606 1538//1538 1533//1533
f 1607//1607 1606//1606 1533//1533
f 1602//1602 1607//1607 1533//1533
f 1607//1607 1602//1602 1603//1603
f 1540//1540 1604//1604 1535//1535
f 1540//1540 1608//1608 1604//1604
f 1609//1609 1546//1546 1547//1547
f 1610//1610 1609//1609 1547//1547
f 1610//1610 1547//1547 1537//1537
f 1611//1611 1610//1610 1537//1537
f 1605//1605 1611//1611 1537//1537
f 1611//1611 1605//1605 1606//1606
f 1612//1612 1608//1608 1540//1540
f 1612//1612 1540//1540 1548//1548
f 1614//1614 1612//1612 1613//1613
f 1612//1612 1549//1549 1613//1613
f 1612//1612 1548//1548 1549//1549
f 1550//1550 1615//1615 1549//1549
f 1549//1549 1615//1615 1613//1613
f 1551//1551 1616//1616 1550//1550
f 1550//1550 1616//1616 1615//1615
f 1552//1552 1617//1617 1551//1551
f 1551//1551 1617//1617 1616//1616
f 1553//1553 1618//1618 1552//1552
f 1552//1552 1618//1618 1617//1617
f 1554//1554 1619//1619 1553//1553
f 1553//1553 1619//1619 1618//1618
f 1620//1620 1619//1619 1554//1554
f 1620//1620 1554//1554 1546//1546
f 1621//1621 1620//1620 1546//1546
f 1609//1609 1621//1621 1546//1546
f 1621//1621 1609//1609 1610//1610
f 1622//1622 1614//1614 1613//1613
f 1622//1622 1613//1613 1615//1615
f 1622//1622 1615//1615 1623//1623
f 1623//1623 1615//1615 1616//1616
f 1623//1623 1616//1616 1624//1624
f 1624//1624 1616//1616 1617//1617
f 1624//1624 1617//1617 1625//1625
f 1625//1625 1617//1617 1618//1618
f 1625//1625 1618//1618 1626//1626
f 1626//1626 1618//1618 1619//1619
f 1626//1626 1619//1619 1627//1627
f 1627//1627 1619//1619 1620//1620
f 1561//1561 1628//1628 1562//1562
f 1629//1629 1563//1563 1562//1562
f 1629//1629 1562//1562 1628//1628
f 1630//1630 1564//1564 1563//1563
f 1630//1630 1563//1563 1629//1629
f 1631//1631 1565//1565 1564//1564
f 1631//1631 1564//1564 1630//1630
f 1631//1631 1567//1567 1565//1565
f 1569//1569 1632//1632 1570//1570
f 1628//1628 1561//1561 1570//1570
f 1632//1632 1628//1628 1570//1570
f 1633//1633 1628//1628 1632//1632
f 1628//1628 1634//1634 1629//1629
f 1628//1628 1633//1633 1634//1634
f 1629//1629 1635//1635 1630//1630
f 1629//1629 1634//1634 1635//1635
f 1630//1630 1636//1636 1631//1631
f 1630//1630 1635//1635 1636//1636
f 1637//1637 1571//1571 1567//1567
f 1631//1631 1637//1637 1567//1567
f 1636//1636 1637//1637 1631//1631
f 1637//1637 1573//1573 1571//1571
f 1575//1575 1638//1638 1574//1574
f 1638//1638 1639//1639 1574//1574
f 1574//1574 1639//1639 1569//1569
f 1639//1639 1640//1640 1569//1569
f 1640//1640 1632//1632 1569//1569
f 1632//1632 1640//1640 1633//1633
f 1633//1633 1640//1640 1641//1641
f 1633//1633 1641//1641 1634//1634
f 1634//1634 1641//1641 1642//1642
f 1634//1634 1642//1642 1635//1635
f 1635//1635 1642//1642 1643//1643
f 1635//1635 1643//1643 1636//1636
f 1636//1636 1643//1643 1644//1644
f 1646//1646 1645//1645 1644//1644
f 1645//1645 1636//1636 1644//1644
f 1645//1645 1637//1637 1636//1636
f 1647//1647 1576//1576 1573//1573
f 1637//1637 1647//1647 1573//1573
f 1645//1645 1647//1647 1637//1637
f 1647//1647 1578//1578 1576//1576
f 1649//1649 1648//1648 1638//1638
f 1575//1575 1649//1649 1638//1638
f 1579//1579 1649//1649 1575//1575
f 1638//1638 1648//1648 1639//1639
f 1646//1646 1650//1650 1645//1645
f 1645//1645 1650//1650 1647//1647
f 1647//1647 1650//1650 1651//1651
f 1578//1578 1647//1647 1651//1651
f 1652//1652 1578//1578 1651//1651
f 1581//1581 1578//1578 1652//1652
f 1582//1582 1649//1649 1579//1579
f 1582//1582 1653//1653 1649//1649
f 1583//1583 1581//1581 1654//1654
f 1581//1581 1655//1655 1654//1654
f 1581//1581 1652//1652 1655//1655
f 1654//1654 1584//1584 1583//1583
f 1585//1585 1653//1653 1582//1582
f 1585//1585 1656//1656 1653//1653
f 1655//1655 1657//1657 1654//1654
f 1584//1584 1654//1654 1657//1657
f 1658//1658 1584//1584 1657//1657
f 1587//1587 1584//1584 1658//1658
f 1588//1588 1656//1656 1585//1585
f 1588//1588 1659//1659 1656//1656
f 1589//1589 1587//1587 1660//1660
f 1587//1587 1661//1661 1660//1660
f 1587//1587 1658//1658 1661//1661
f 1660//1660 1590//1590 1589//1589
f 1591//1591 1659//1659 1588//1588
f 1591//1591 1662//1662 1659//1659
f 1660//1660 1661//1661 1663//1663
f 1663//1663 1661//1661 1664//1664
f 1663//1663 1592//1592 1590//1590
f 1663//1663 1590//1590 1660//1660
f 1593//1593 1662//1662 1591//1591
f 1593//1593 1665//1665 1662//1662
f 1664//1664 1666//1666 1663//1663
f 1592//1592 1663//1663 1666//1666
f 1667//1667 1592//1592 1666//1666
f 1594//1594 1592//1592 1667//1667
f 1595//1595 1665//1665 1593//1593
f 1595//1595 1668//1668 1665//1665
f 1667//1667 1596//1596 1594//1594
f 1669//1669 1596//1596 1667//1667
f 1597//1597 1668//1668 1595//1595
f 1597//1597 1670//1670 1668//1668
f 1669//1669 1598//1598 1596//1596
f 1671//1671 1598//1598 1669//1669
f 1599//1599 1670//1670 1597//1597
f 1599//1599 1672//1672 1670//1670
f 1671//1671 1600//1600 1598//1598
f 1673//1673 1600//1600 1671//1671
f 1601//1601 1672//1672 1599//1599
f 1601//1601 1674//1674 1672//1672
f 1673//1673 1603//1603 1600//1600
f 1675//1675 1603//1603 1673//1673
f 1604//1604 1674//1674 1601//1601
f 1604//1604 1676//1676 1674//1674
f 1678//1678 1677//1677 1607//1607
f 1607//1607 1677//1677 1606//1606
f 1607//1607 1603//1603 1675//1675
f 1607//1607 1675//1675 1678//1678
f 1608//1608 1676//1676 1604//1604
f 1608//1608 1679//1679 1676//1676
f 1680//1680 1610//1610 1611//1611
f 1681//1681 1680//1680 1611//1611
f 1606//1606 1681//1681 1611//1611
f 1677//1677 1681//1681 1606//1606
f 1608//1608 1612//1612 1682//1682
f 1683//1683 1608//1608 1682//1682
f 1679//1679 1608//1608 1683//1683
f 1614//1614 1682//1682 1612//1612
f 1684//1684 1620//1620 1621//1621
f 1685//1685 1684//1684 1621//1621
f 1685//1685 1621//1621 1610//1610
f 1686//1686 1685//1685 1610//1610
f 1680//1680 1686//1686 1610//1610
f 1686//1686 1680//1680 1681//1681
f 1687//1687 1683//1683 1682//1682
f 1689//1689 1687//1687 1688//1688
f 1688//1688 1687//1687 1622//1622
f 1687//1687 1682//1682 1622//1622
f 1682//1682 1614//1614 1622//1622
f 1623//1623 1690//1690 1622//1622
f 1622//1622 1690//1690 1688//1688
f 1624//1624 1691//1691 1623//1623
f 1623//1623 1691//1691 1690//1690
f 1625//1625 1692//1692 1624//1624
f 1624//1624 1692//1692 1691//1691
f 1626//1626 1693//1693 1625//1625
f 1625//1625 1693//1693 1692//1692
f 1627//1627 1694//1694 1626//1626
f 1626//1626 1694//1694 1693//1693
f 1695//1695 1694//1694 1627//1627
f 1695//1695 1627//1627 1620//1620
f 1696//1696 1695//1695 1620//1620
f 1684//1684 1696//1696 1620//1620
f 1696//1696 1684//1684 1685//1685
f 1697//1697 1689//1689 1688//1688
f 1697//1697 1688//1688 1690//1690
f 1697//1697 1690//1690 1698//1698
f 1700//1700 1699//1699 1698//1698
f 1690//1690 1700//1700 1698//1698
f 1691//1691 1700//1700 1690//1690
f 1701//1701 1691//1691 1692//1692
f 1700//1700 1691//1691 1701//1701
f 1693//1693 1703//1703 1702//1702
f 1701//1701 1693//1693 1702//1702
f 1692//1692 1693//1693 1701//1701
f 1703//1703 1693//1693 1694//1694
f 1703//1703 1694//1694 1704//1704
f 1704//1704 1694//1694 1695//1695
f 1705//1705 1699//1699 1700//1700
f 1705//1705 1700//1700 1701//1701
f 1705//1705 1701//1701 1706//1706
f 1706//1706 1701//1701 1702//1702
f 1639//1639 1707//1707 1640//1640
f 1708//1708 1641//1641 1640//1640
f 1708//1708 1640//1640 1707//1707
f 1709//1709 1642//1642 1641//1641
f 1709//1709 1641//1641 1708//1708
f 1710//1710 1643//1643 1642//1642
f 1710//1710 1642//1642 1709//1709
f 1711//1711 1644//1644 1643//1643
f 1711//1711 1643//1643 1710//1710
f 1711//1711 1646//1646 1644//1644
f 1649//1649 1712//1712 1648//1648
f 1712//1712 1713//1713 1648//1648
f 1648//1648 1713//1713 1639//1639
f 1713//1713 1714//1714 1639//1639
f 1714//1714 1707//1707 1639//1639
f 1707//1707 1714//1714 1708//1708
f 1708//1708 1714//1714 1715//1715
f 1708//1708 1715//1715 1709//1709
f 1709//1709 1715//1715 1716//1716
f 1709//1709 1716//1716 1710//1710
f 1710//1710 1716//1716 1717//1717
f 1710//1710 1717//1717 1711//1711
f 1711//1711 1717//1717 1718//1718
f 1718//1718 1720//1720 1719//1719
f 1718//1718 1719//1719 1650//1650
f 1711//1711 1718//1718 1650//1650
f 1646//1646 1711//1711 1650//1650
f 1721//1721 1651//1651 1650//1650
f 1721//1721 1650//1650 1719//1719
f 1721//1721 1652//1652 1651//1651
f 1723//1723 1722//1722 1712//1712
f 1649//1649 1723//1723 1712//1712
f 1653//1653 1723//1723 1649//1649
f 1712//1712 1722//1722 1713//1713
f 1720//1720 1724//1724 1719//1719
f 1719//1719 1724//1724 1721//1721
f 1721//1721 1724//1724 1725//1725
f 1652//1652 1721//1721 1725//1725
f 1726//1726 1652//1652 1725//1725
f 1655//1655 1652//1652 1726//1726
f 1656//1656 1723//1723 1653//1653
f 1656//1656 1727//1727 1723//1723
f 1657//1657 1655//1655 1728//1728
f 1655//1655 1729//1729 1728//1728
f 1655//1655 1726//1726 1729//1729
f 1728//1728 1658//1658 1657//1657
f 1659//1659 1727//1727 1656//1656
f 1659//1659 1730//1730 1727//1727
f 1729//1729 1731//1731 1728//1728
f 1658//1658 1728//1728 1731//1731
f 1732//1732 1658//1658 1731//1731
f 1661//1661 1658//1658 1732//1732
f 1662//1662 1730//1730 1659//1659
f 1662//1662 1733//1733 1730//1730
f 1732//1732 1664//1664 1661//1661
f 1734//1734 1664//1664 1732//1732
f 1665//1665 1733//1733 1662//1662
f 1665//1665 1735//1735 1733//1733
f 1666//1666 1664//1664 1736//1736
f 1664//1664 1737//1737 1736//1736
f 1664//1664 1734//1734 1737//1737
f 1736//1736 1667//1667 1666//1666
f 1668//1668 1735//1735 1665//1665
f 1668//1668 1738//1738 1735//1735
f 1737//1737 1739//1739 1736//1736
f 1667//1667 1736//1736 1739//1739
f 1740//1740 1667//1667 1739//1739
f 1669//1669 1667//1667 1740//1740
f 1670//1670 1738//1738 1668//1668
f 1670//1670 1741//1741 1738//1738
f 1740//1740 1671//1671 1669//1669
f 1742//1742 1671//1671 1740//1740
f 1672//1672 1741//1741 1670//1670
f 1672//1672 1743//1743 1741//1741
f 1742//1742 1673//1673 1671//1671
f 1744//1744 1673//1673 1742//1742
f 1674//1674 1743//1743 1672//1672
f 1674//1674 1745//1745 1743//1743
f 1744//1744 1675//1675 1673//1673
f 1746//1746 1675//1675 1744//1744
f 1676//1676 1745//1745 1674//1674
f 1676//1676 1747//1747 1745//1745
f 1748//1748 1677//1677 1678//1678
f 1749//1749 1748//1748 1678//1678
f 1675//1675 1749//1749 1678//1678
f 1746//1746 1749//1749 1675//1675
f 1679//1679 1747//1747 1676//1676
f 1679//1679 1750//1750 1747//1747
f 1751//1751 1681//1681 1748//1748
f 1748//1748 1681//1681 1677//1677
f 1748//1748 1749//1749 1752//1752
f 1748//1748 1752//1752 1751//1751
f 1683//1683 1750//1750 1679//1679
f 1683//1683 1753//1753 1750//1750
f 1754//1754 1685//1685 1686//1686
f 1755//1755 1754//1754 1686//1686
f 1755//1755 1686//1686 1681//1681
f 1756//1756 1755//1755 1681//1681
f 1751//1751 1756//1756 1681//1681
f 1756//1756 1751//1751 1752//1752
f 1683//1683 1687//1687 1757//1757
f 1758//1758 1683//1683 1757//1757
f 1753//1753 1683//1683 1758//1758
f 1689//1689 1757//1757 1687//1687
f 1759//1759 1695//1695 1696//1696
f 1760//1760 1759//1759 1696//1696
f 1760//1760 1696//1696 1685//1685
f 1761//1761 1760//1760 1685//1685
f 1754//1754 1761//1761 1685//1685
f 1761//1761 1754//1754 1755//1755
f 1758//1758 1757//1757 1762//1762
f 1758//1758 1762//1762 1763//1763
f 1697//1697 1764//1764 1689//1689
f 1764//1764 1757//1757 1689//1689
f 1764//1764 1762//1762 1757//1757
f 1698//1698 1765//1765 1697//1697
f 1697//1697 1765//1765 1764//1764
f 1699//1699 1765//1765 1698//1698
f 1766//1766 1702//1702 1703//1703
f 1704//1704 1767//1767 1703//1703
f 1703//1703 1767//1767 1766//1766
f 1768//1768 1767//1767 1704//1704
f 1768//1768 1704//1704 1695//1695
f 1769//1769 1768//1768 1695//1695
f 1759//1759 1769//1769 1695//1695
f 1769//1769 1759//1759 1760//1760
f 1770//1770 1763//1763 1762//1762
f 1770//1770 1762//1762 1764//1764
f 1770//1770 1764//1764 1771//1771
f 1773//1773 1772//1772 1771//1771
f 1764//1764 1773//1773 1771//1771
f 1765//1765 1773//1773 1764//1764
f 1705//1705 1774//1774 1699//1699
f 1774//1774 1765//1765 1699//1699
f 1774//1774 1773//1773 1765//1765
f 1706//1706 1775//1775 1705//1705
f 1705//1705 1775//1775 1774//1774
f 1702//1702 1766//1766 1706//1706
f 1766//1766 1775//1775 1706//1706
f 1766//1766 1776//1776 1775//1775
f 1767//1767 1778//1778 1777//1777
f 1776//1776 1767//1767 1777//1777
f 1766//1766 1767//1767 1776//1776
f 1778//1778 1767//1767 1768//1768
f 1779//1779 1772//1772 1773//1773
f 1779//1779 1773//1773 1774//1774
f 1779//1779 1774//1774 1780//1780
f 1780//1780 1774//1774 1775//1775
f 1780//1780 1775//1775 1781//1781
f 1781//1781 1775//1775 1776//1776
f 1781//1781 1776//1776 1782//1782
f 1782//1782 1776//1776 1777//1777
f 1713//1713 1783//1783 1714//1714
f 1784//1784 1715//1715 1714//1714
f 1784//1784 1714//1714 1783//1783
f 1785//1785 1716//1716 1715//1715
f 1785//1785 1715//1715 1784//1784
f 1786//1786 1717//1717 1716//1716
f 1786//1786 1716//1716 1785//1785
f 1787//1787 1718//1718 1717//1717
f 1787//1787 1717//1717 1786//1786
f 1787//1787 1720//1720 1718//1718
f 1723//1723 1788//1788 1722//1722
f 1788//1788 1789//1789 1722//1722
f 1722//1722 1789//1789 1713//1713
f 1789//1789 1790//1790 1713//1713
f 1790//1790 1783//1783 1713//1713
f 1783//1783 1790//1790 1784//1784
f 1784//1784 1790//1790 1791//1791
f 1784//1784 1791//1791 1785//1785
f 1785//1785 1791//1791 1792//1792
f 1785//1785 1792//1792 1786//1786
f 1786//1786 1792//1792 1793//1793
f 1786//1786 1793//1793 1787//1787
f 1787//1787 1793//1793 1794//1794
f 1787//1787 1794//1794 1720//1720
f 1794//1794 1724//1724 1720//1720
f 1794//1794 1795//1795 1724//1724
f 1795//1795 1797//1797 1796//1796
f 1725//1725 1795//1795 1796//1796
f 1724//1724 1795//1795 1725//1725
f 1796//1796 1726//1726 1725//1725
f 1799//1799 1798//1798 1788//1788
f 1723//1723 1799//1799 1788//1788
f 1727//1727 1799//1799 1723//1723
f 1788//1788 1798//1798 1789//1789
f 1796//1796 1797//1797 1800//1800
f 1800//1800 1797//1797 1801//1801
f 1800//1800 1729//1729 1726//1726
f 1800//1800 1726//1726 1796//1796
f 1730//1730 1799//1799 1727//1727
f 1730//1730 1802//1802 1799//1799
f 1801//1801 1803//1803 1800//1800
f 1803//1803 1805//1805 1804//1804
f 1803//1803 1804//1804 1731//1731
f 1800//1800 1803//1803 1731//1731
f 1729//1729 1800//1800 1731//1731
f 1804//1804 1732//1732 1731//1731
f 1733//1733 1802//1802 1730//1730
f 1733//1733 1806//1806 1802//1802
f 1805//1805 1807//1807 1804//1804
f 1732//1732 1804//1804 1807//1807
f 1808//1808 1732//1732 1807//1807
f 1734//1734 1732//1732 1808//1808
f 1735//1735 1806//1806 1733//1733
f 1735//1735 1809//1809 1806//1806
f 1808//1808 1737//1737 1734//1734
f 1810//1810 1737//1737 1808//1808
f 1738//1738 1809//1809 1735//1735
f 1738//1738 1811//1811 1809//1809
f 1810//1810 1812//1812 1737//1737
f 1737//1737 1812//1812 1739//1739
f 1740//1740 1739//1739 1812//1812
f 1740//1740 1812//1812 1813//1813
f 1741//1741 1811//1811 1738//1738
f 1741//1741 1814//1814 1811//1811
f 1813//1813 1742//1742 1740//1740
f 1815//1815 1742//1742 1813//1813
f 1743//1743 1814//1814 1741//1741
f 1743//1743 1816//1816 1814//1814
f 1815//1815 1744//1744 1742//1742
f 1817//1817 1744//1744 1815//1815
f 1745//1745 1816//1816 1743//1743
f 1745//1745 1818//1818 1816//1816
f 1817//1817 1746//1746 1744//1744
f 1819//1819 1746//1746 1817//1817
f 1747//1747 1818//1818 1745//1745
f 1747//1747 1820//1820 1818//1818
f 1819//1819 1749//1749 1746//1746
f 1821//1821 1749//1749 1819//1819
f 1750//1750 1820//1820 1747//1747
f 1750//1750 1822//1822 1820//1820
f 1821//1821 1752//1752 1749//1749
f 1823//1823 1752//1752 1821//1821
f 1753//1753 1822//1822 1750//1750
f 1753//1753 1824//1824 1822//1822
f 1825//1825 1755//1755 1756//1756
f 1826//1826 1825//1825 1756//1756
f 1752//1752 1826//1826 1756//1756
f 1823//1823 1826//1826 1752//1752
f 1758//1758 1824//1824 1753//1753
f 1758//1758 1827//1827 1824//1824
f 1828//1828 1760//1760 1761//1761
f 1829//1829 1828//1828 1761//1761
f 1829//1829 1761//1761 1755//1755
f 1830//1830 1829//1829 1755//1755
f 1825//1825 1830//1830 1755//1755
f 1830//1830 1825//1825 1826//1826
f 1763//1763 1827//1827 1758//1758
f 1763//1763 1831//1831 1827//1827
f 1832//1832 1768//1768 1769//1769
f 1760//1760 1828//1828 1769//1769
f 1828//1828 1832//1832 1769//1769
f 1828//1828 1833//1833 1832//1832
f 1828//1828 1829//1829 1834//1834
f 1828//1828 1834//1834 1833//1833
f 1763//1763 1770//1770 1835//1835
f 1836//1836 1763//1763 1835//1835
f 1831//1831 1763//1763 1836//1836
f 1771//1771 1837//1837 1770//1770
f 1770//1770 1837//1837 1835//1835
f 1772//1772 1837//1837 1771//1771
f 1838//1838 1777//1777 1778//1778
f 1768//1768 1832//1832 1778//1778
f 1832//1832 1838//1838 1778//1778
f 1832//1832 1839//1839 1838//1838
f 1833//1833 1841//1841 1840//1840
f 1839//1839 1833//1833 1840//1840
f 1832//1832 1833//1833 1839//1839
f 1841//1841 1833//1833 1834//1834
f 1842//1842 1836//1836 1835//1835
f 1844//1844 1843//1843 1842//1842
f 1835//1835 1844//1844 1842//1842
f 1837//1837 1844//1844 1835//1835
f 1779//1779 1845//1845 1772//1772
f 1845//1845 1837//1837 1772//1772
f 1845//1845 1844//1844 1837//1837
f 1780//1780 1846//1846 1779//1779
f 1779//1779 1846//1846 1845//1845
f 1781//1781 1847//1847 1780//1780
f 1780//1780 1847//1847 1846//1846
f 1782//1782 1848//1848 1781//1781
f 1781//1781 1848//1848 1847//1847
f 1777//1777 1838//1838 1782//1782
f 1838//1838 1848//1848 1782//1782
f 1838//1838 1849//1849 1848//1848
f 1839//1839 1851//1851 1850//1850
f 1849//1849 1839//1839 1850//1850
f 1838//1838 1839//1839 1849//1849
f 1851//1851 1839//1839 1840//1840
f 1852//1852 1843//1843 1844//1844
f 1854//1854 1853//1853 1852//1852
f 1844//1844 1854//1854 1852//1852
f 1845//1845 1854//1854 1844//1844
f 1855//1855 1845//1845 1846//1846
f 1854//1854 1845//1845 1855//1855
f 1856//1856 1846//1846 1847//1847
f 1855//1855 1846//1846 1856//1856
f 1857//1857 1847//1847 1848//1848
f 1856//1856 1847//1847 1857//1857
f 1849//1849 1859//1859 1858//1858
f 1857//1857 1849//1849 1858//1858
f 1848//1848 1849//1849 1857//1857
f 1859//1859 1849//1849 1850//1850
f 1860//1860 1853//1853 1854//1854
f 1860//1860 1854//1854 1855//1855
f 1860//1860 1855//1855 1861//1861
f 1861//1861 1855//1855 1856//1856
f 1861//1861 1856//1856 1862//1862
f 1862//1862 1856//1856 1857//1857
f 1862//1862 1857//1857 1863//1863
f 1863//1863 1857//1857 1858//1858
f 1789//1789 1864//1864 1790//1790
f 1865//1865 1791//1791 1790//1790
f 1865//1865 1790//1790 1864//1864
f 1866//1866 1792//1792 1791//1791
f 1866//1866 1791//1791 1865//1865
f 1867//1867 1793//1793 1792//1792
f 1867//1867 1792//1792 1866//1866
f 1868//1868 1794//1794 1793//1793
f 1868//1868 1793//1793 1867//1867
f 1869//1869 1795//1795 1794//1794
f 1869//1869 1794//1794 1868//1868
f 1869//1869 1797//1797 1795//1795
f 1799//1799 1870//1870 1798//1798
f 1870//1870 1871//1871 1798//1798
f 1798//1798 1871//1871 1789//1789
f 1871//1871 1872//1872 1789//1789
f 1872//1872 1864//1864 1789//1789
f 1864//1864 1872//1872 1865//1865
f 1865//1865 1872//1872 1873//1873
f 1865//1865 1873//1873 1866//1866
f 1866//1866 1873//1873 1874//1874
f 1866//1866 1874//1874 1867//1867
f 1867//1867 1874//1874 1875//1875
f 1867//1867 1875//1875 1868//1868
f 1868//1868 1875//1875 1876//1876
f 1878//1878 1877//1877 1876//1876
f 1877//1877 1868//1868 1876//1876
f 1877//1877 1869//1869 1868//1868
f 1877//1877 1801//1801 1797//1797
f 1877//1877 1797//1797 1869//1869
f 1880//1880 1879//1879 1870//1870
f 1799//1799 1880//1880 1870//1870
f 1802//1802 1880//1880 1799//1799
f 1870//1870 1879//1879 1871//1871
f 1878//1878 1881//1881 1877//1877
f 1881//1881 1883//1883 1882//1882
f 1881//1881 1882//1882 1803//1803
f 1877//1877 1881//1881 1803//1803
f 1801//1801 1877//1877 1803//1803
f 1882//1882 1805//1805 1803//1803
f 1806//1806 1880//1880 1802//1802
f 1806//1806 1884//1884 1880//1880
f 1883//1883 1885//1885 1882//1882
f 1885//1885 1887//1887 1886//1886
f 1885//1885 1886//1886 1807//1807
f 1882//1882 1885//1885 1807//1807
f 1805//1805 1882//1882 1807//1807
f 1886//1886 1808//1808 1807//1807
f 1809//1809 1884//1884 1806//1806
f 1809//1809 1888//1888 1884//1884
f 1887//1887 1889//1889 1886//1886
f 1808//1808 1886//1886 1889//1889
f 1890//1890 1808//1808 1889//1889
f 1810//1810 1808//1808 1890//1890
f 1811//1811 1888//1888 1809//1809
f 1811//1811 1891//1891 1888//1888
f 1812//1812 1810//1810 1892//1892
f 1810//1810 1893//1893 1892//1892
f 1810//1810 1890//1890 1893//1893
f 1892//1892 1813//1813 1812//1812
f 1814//1814 1891//1891 1811//1811
f 1814//1814 1894//1894 1891//1891
f 1893//1893 1895//1895 1892//1892
f 1813//1813 1892//1892 1895//1895
f 1896//1896 1813//1813 1895//1895
f 1815//1815 1813//1813 1896//1896
f 1816//1816 1894//1894 1814//1814
f 1816//1816 1897//1897 1894//1894
f 1896//1896 1817//1817 1815//1815
f 1898//1898 1817//1817 1896//1896
f 1818//1818 1897//1897 1816//1816
f 1818//1818 1899//1899 1897//1897
f 1898//1898 1819//1819 1817//1817
f 1900//1900 1819//1819 1898//1898
f 1820//1820 1899//1899 1818//1818
f 1820//1820 1901//1901 1899//1899
f 1900//1900 1821//1821 1819//1819
f 1902//1902 1821//1821 1900//1900
f 1822//1822 1901//1901 1820//1820
f 1822//1822 1903//1903 1901//1901
f 1902//1902 1823//1823 1821//1821
f 1904//1904 1823//1823 1902//1902
f 1824//1824 1903//1903 1822//1822
f 1824//1824 1905//1905 1903//1903
f 1904//1904 1826//1826 1823//1823
f 1906//1906 1826//1826 1904//1904
f 1827//1827 1905//1905 1824//1824
f 1827//1827 1907//1907 1905//1905
f 1908//1908 1829//1829 1830//1830
f 1909//1909 1908//1908 1830//1830
f 1826//1826 1909//1909 1830//1830
f 1906//1906 1909//1909 1826//1826
f 1831//1831 1907//1907 1827//1827
f 1831//1831 1910//1910 1907//1907
f 1911//1911 1834//1834 1908//1908
f 1908//1908 1834//1834 1829//1829
f 1908//1908 1909//1909 1912//1912
f 1908//1908 1912//1912 1911//1911
f 1836//1836 1910//1910 1831//1831
f 1836//1836 1913//1913 1910//1910
f 1914//1914 1840//1840 1841//1841
f 1915//1915 1914//1914 1841//1841
f 1915//1915 1841//1841 1834//1834
f 1916//1916 1915//1915 1834//1834
f 1911//1911 1916//1916 1834//1834
f 1916//1916 1911//1911 1912//1912
f 1836//1836 1842//1842 1917//1917
f 1918//1918 1836//1836 1917//1917
f 1913//1913 1836//1836 1918//1918
f 1843//1843 1917//1917 1842//1842
f 1919//1919 1850//1850 1851//1851
f 1840//1840 1914//1914 1851//1851
f 1914//1914 1919//1919 1851//1851
f 1914//1914 1920//1920 1919//1919
f 1914//1914 1915//1915 1921//1921
f 1914//1914 1921//1921 1920//1920
f 1918//1918 1917//1917 1922//1922
f 1918//1918 1922//1922 1923//1923
f 1852//1852 1924//1924 1843//1843
f 1924//1924 1917//1917 1843//1843
f 1924//1924 1922//1922 1917//1917
f 1853//1853 1924//1924 1852//1852
f 1925//1925 1858//1858 1859//1859
f 1850//1850 1919//1919 1859//1859
f 1919//1919 1925//1925 1859//1859
f 1919//1919 1926//1926 1925//1925
f 1920//1920 1928//1928 1927//1927
f 1926//1926 1920//1920 1927//1927
f 1919//1919 1920//1920 1926//1926
f 1928//1928 1920//1920 1921//1921
f 1923//1923 1922//1922 1929//1929
f 1923//1923 1929//1929 1930//1930
f 1931//1931 1922//1922 1924//1924
f 1929//1929 1922//1922 1931//1931
f 1860//1860 1932//1932 1853//1853
f 1932//1932 1924//1924 1853//1853
f 1932//1932 1931//1931 1924//1924
f 1861//1861 1933//1933 1860//1860
f 1860//1860 1933//1933 1932//1932
f 1862//1862 1934//1934 1861//1861
f 1861//1861 1934//1934 1933//1933
f 1863//1863 1935//1935 1862//1862
f 1862//1862 1935//1935 1934//1934
f 1858//1858 1925//1925 1863//1863
f 1925//1925 1935//1935 1863//1863
f 1925//1925 1936//1936 1935//1935
f 1937//1937 1925//1925 1926//1926
f 1936//1936 1925//1925 1937//1937
f 1926//1926 1927//1927 1938//1938
f 1926//1926 1938//1938 1937//1937
f 1939//1939 1930//1930 1929//1929
f 1941//1941 1940//1940 1939//1939
f 1929//1929 1941//1941 1939//1939
f 1931//1931 1941//1941 1929//1929
f 1942//1942 1931//1931 1932//1932
f 1941//1941 1931//1931 1942//1942
f 1943//1943 1932//1932 1933//1933
f 1942//1942 1932//1932 1943//1943
f 1944//1944 1933//1933 1934//1934
f 1943//1943 1933//1933 1944//1944
f 1945//1945 1934//1934 1935//1935
f 1944//1944 1934//1934 1945//1945
f 1946//1946 1935//1935 1936//1936
f 1945//1945 1935//1935 1946//1946
f 1937//1937 1948//1948 1947//1947
f 1946//1946 1937//1937 1947//1947
f 1936//1936 1937//1937 1946//1946
f 1948//1948 1937//1937 1938//1938
f 1949//1949 1940//1940 1941//1941
f 1951//1951 1950//1950 1949//1949
f 1941//1941 1951//1951 1949//1949
f 1942//1942 1951//1951 1941//1941
f 1952//1952 1942//1942 1943//1943
f 1951//1951 1942//1942 1952//1952
f 1953//1953 1943//1943 1944//1944
f 1952//1952 1943//1943 1953//1953
f 1954//1954 1944//1944 1945//1945
f 1953//1953 1944//1944 1954//1954
f 1946//1946 1956//1956 1955//1955
f 1954//1954 1946//1946 1955//1955
f 1945//1945 1946//1946 1954//1954
f 1956//1956 1946//1946 1947//1947
f 1957//1957 1950//1950 1951//1951
f 1957//1957 1951//1951 1952//1952
f 1957//1957 1952//1952 1958//1958
f 1958//1958 1952//1952 1953//1953
f 1958//1958 1953//1953 1959//1959
f 1959//1959 1953//1953 1954//1954
f 1959//1959 1954//1954 1960//1960
f 1960//1960 1954//1954 1955//1955
f 1871//1871 1961//1961 1872//1872
f 1962//1962 1873//1873 1872//1872
f 1962//1962 1872//1872 1961//1961
f 1963//1963 1874//1874 1873//1873
f 1963//1963 1873//1873 1962//1962
f 1964//1964 1875//1875 1874//1874
f 1964//1964 1874//1874 1963//1963
f 1965//1965 1876//1876 1875//1875
f 1965//1965 1875//1875 1964//1964
f 1965//1965 1878//1878 1876//1876
f 1880//1880 1966//1966 1879//1879
f 1966//1966 1967//1967 1879//1879
f 1879//1879 1967//1967 1871//1871
f 1967//1967 1968//1968 1871//1871
f 1968//1968 1961//1961 1871//1871
f 1961//1961 1968//1968 1962//1962
f 1962//1962 1968//1968 1969//1969
f 1962//1962 1969//1969 1963//1963
f 1963//1963 1969//1969 1970//1970
f 1963//1963 1970//1970 1964//1964
f 1964//1964 1970//1970 1971//1971
f 1964//1964 1971//1971 1965//1965
f 1965//1965 1971//1971 1972//1972
f 1965//1965 1972//1972 1878//1878
f 1972//1972 1881//1881 1878//1878
f 1972//1972 1973//1973 1881//1881
f 1883//1883 1881//1881 1973//1973
f 1883//1883 1973//1973 1974//1974
f 1976//1976 1975//1975 1966//1966
f 1880//1880 1976//1976 1966//1966
f 1884//1884 1976//1976 1880//1880
f 1966//1966 1975//1975 1967//1967
f 1974//1974 1977//1977 1883//1883
f 1883//1883 1977//1977 1885//1885
f 1887//1887 1885//1885 1977//1977
f 1887//1887 1977//1977 1978//1978
f 1888//1888 1976//1976 1884//1884
f 1888//1888 1979//1979 1976//1976
f 1978//1978 1980//1980 1887//1887
f 1887//1887 1980//1980 1889//1889
f 1890//1890 1889//1889 1980//1980
f 1890//1890 1980//1980 1981//1981
f 1891//1891 1979//1979 1888//1888
f 1891//1891 1982//1982 1979//1979
f 1981//1981 1893//1893 1890//1890
f 1983//1983 1893//1893 1981//1981
f 1894//1894 1982//1982 1891//1891
f 1894//1894 1984//1984 1982//1982
f 1983//1983 1985//1985 1893//1893
f 1893//1893 1985//1985 1895//1895
f 1896//1896 1895//1895 1985//1985
f 1896//1896 1985//1985 1986//1986
f 1897//1897 1984//1984 1894//1894
f 1897//1897 1987//1987 1984//1984
f 1986//1986 1898//1898 1896//1896
f 1988//1988 1898//1898 1986//1986
f 1899//1899 1987//1987 1897//1897
f 1899//1899 1989//1989 1987//1987
f 1988//1988 1900//1900 1898//1898
f 1990//1990 1900//1900 1988//1988
f 1901//1901 1989//1989 1899//1899
f 1901//1901 1991//1991 1989//1989
f 1990//1990 1902//1902 1900//1900
f 1992//1992 1902//1902 1990//1990
f 1903//1903 1991//1991 1901//1901
f 1903//1903 1993//1993 1991//1991
f 1995//1995 1904//1904 1994//1994
f 1904//1904 1992//1992 1994//1994
f 1904//1904 1902//1902 1992//1992
f 1996//1996 1995//1995 1994//1994
f 1905//1905 1993//1993 1903//1903
f 1905//1905 1997//1997 1993//1993
f 1998//1998 1906//1906 1995//1995
f 1995//1995 1906//1906 1904//1904
f 1995//1995 1996//1996 1999//1999
f 1995//1995 1999//1999 1998//1998
f 1907//1907 1997//1997 1905//1905
f 1907//1907 2000//2000 1997//1997
f 2002//2002 2001//2001 1998//1998
f 2001//2001 1906//1906 1998//1998
f 2001//2001 1909//1909 1906//1906
f 2002//2002 1998//1998 1999//1999
f 1910//1910 2000//2000 1907//1907
f 1910//1910 2003//2003 2000//2000
f 2001//2001 1912//1912 1909//1909
f 2004//2004 1912//1912 2001//2001
f 1913//1913 2003//2003 1910//1910
f 1913//1913 2005//2005 2003//2003
f 2006//2006 1915//1915 1916//1916
f 2007//2007 2006//2006 1916//1916
f 1912//1912 2007//2007 1916//1916
f 2004//2004 2007//2007 1912//1912
f 1918//1918 2005//2005 1913//1913
f 1918//1918 2008//2008 2005//2005
f 2010//2010 2009//2009 2006//2006
f 2009//2009 1915//1915 2006//2006
f 2009//2009 1921//1921 1915//1915
f 2010//2010 2006//2006 2007//2007
f 1923//1923 2008//2008 1918//1918
f 1923//1923 2011//2011 2008//2008
f 2012//2012 1927//1927 1928//1928
f 2013//2013 2012//2012 1928//1928
f 1921//1921 2013//2013 1928//1928
f 2009//2009 2013//2013 1921//1921
f 1930//1930 2011//2011 1923//1923
f 1930//1930 2014//2014 2011//2011
f 2015//2015 1938//1938 2012//2012
f 2012//2012 1938//1938 1927//1927
f 2012//2012 2013//2013 2016//2016
f 2012//2012 2016//2016 2015//2015
f 1930//1930 1939//1939 2017//2017
f 2018//2018 1930//1930 2017//2017
f 2014//2014 1930//1930 2018//2018
f 1940//1940 2017//2017 1939//1939
f 2019//2019 1947//1947 1948//1948
f 2020//2020 2019//2019 1948//1948
f 2020//2020 1948//1948 1938//1938
f 2021//2021 2020//2020 1938//1938
f 2015//2015 2021//2021 1938//1938
f 2021//2021 2015//2015 2016//2016
f 2018//2018 2017//2017 2022//2022
f 2018//2018 2022//2022 2023//2023
f 1949//1949 2024//2024 1940//1940
f 2024//2024 2017//2017 1940//1940
f 2024//2024 2022//2022 2017//2017
f 1950//1950 2024//2024 1949//1949
f 2025//2025 1955//1955 1956//1956
f 1947//1947 2019//2019 1956//1956
f 2019//2019 2025//2025 1956//1956
f 2019//2019 2026//2026 2025//2025
f 2019//2019 2020//2020 2027//2027
f 2019//2019 2027//2027 2026//2026
f 2023//2023 2022//2022 2028//2028
f 2023//2023 2028//2028 2029//2029
f 2030//2030 2022//2022 2024//2024
f 2028//2028 2022//2022 2030//2030
f 1957//1957 2031//2031 1950//1950
f 2031//2031 2024//2024 1950//1950
f 2031//2031 2030//2030 2024//2024
f 1958//1958 2032//2032 1957//1957
f 1957//1957 2032//2032 2031//2031
f 1959//1959 2033//2033 1958//1958
f 1958//1958 2033//2033 2032//2032
f 1960//1960 2034//2034 1959//1959
f 1959//1959 2034//2034 2033//2033
f 1955//1955 2025//2025 1960//1960
f 2025//2025 2034//2034 1960//1960
f 2025//2025 2035//2035 2034//2034
f 2026//2026 2037//2037 2036//2036
f 2035//2035 2026//2026 2036//2036
f 2025//2025 2026//2026 2035//2035
f 2037//2037 2026//2026 2027//2027
f 2038//2038 2029//2029 2028//2028
f 2040//2040 2039//2039 2038//2038
f 2028//2028 2040//2040 2038//2038
f 2030//2030 2040//2040 2028//2028
f 2041//2041 2030//2030 2031//2031
f 2040//2040 2030//2030 2041//2041
f 2042//2042 2031//2031 2032//2032
f 2041//2041 2031//2031 2042//2042
f 2043//2043 2032//2032 2033//2033
f 2042//2042 2032//2032 2043//2043
f 2044//2044 2033//2033 2034//2034
f 2043//2043 2033//2033 2044//2044
f 2045//2045 2034//2034 2035//2035
f 2044//2044 2034//2034 2045//2045
f 2035//2035 2036//2036 2046//2046
f 2035//2035 2046//2046 2045//2045
f 2039//2039 2040//2040 2047//2047
f 2039//2039 2047//2047 2048//2048
f 2049//2049 2040//2040 2041//2041
f 2047//2047 2040//2040 2049//2049
f 2050//2050 2041//2041 2042//2042
f 2049//2049 2041//2041 2050//2050
f 2051//2051 2042//2042 2043//2043
f 2050//2050 2042//2042 2051//2051
f 2044//2044 2053//2053 2052//2052
f 2051//2051 2044//2044 2052//2052
f 2043//2043 2044//2044 2051//2051
f 2053//2053 2044//2044 2045//2045
f 2053//2053 2045//2045 2054//2054
f 2054//2054 2045//2045 2046//2046
f 2055//2055 2048//2048 2047//2047
f 2055//2055 2047//2047 2049//2049
f 2055//2055 2049//2049 2056//2056
f 2058//2058 2057//2057 2056//2056
f 2049//2049 2058//2058 2056//2056
f 2050//2050 2058//2058 2049//2049
f 2051//2051 2060//2060 2059//2059
f 2058//2058 2051//2051 2059//2059
f 2050//2050 2051//2051 2058//2058
f 2060//2060 2051//2051 2052//2052
f 2061//2061 2057//2057 2058//2058
f 2061//2061 2058//2058 2059//2059
f 1967//1967 2062//2062 1968//1968
f 1968//1968 2062//2062 2063//2063
f 2064//2064 1968//1968 2063//2063
f 1969//1969 1968//1968 2064//2064
f 1969//1969 2065//2065 1970//1970
f 2064//2064 2065//2065 1969//1969
f 1970//1970 2066//2066 1971//1971
f 2065//2065 2066//2066 1970//1970
f 1971//1971 2067//2067 1972//1972
f 2066//2066 2067//2067 1971//1971
f 2067//2067 2069//2069 2068//2068
f 1973//1973 2067//2067 2068//2068
f 1972//1972 2067//2067 1973//1973
f 2068//2068 1974//1974 1973//1973
f 2071//2071 2070//2070 1975//1975
f 2071//2071 1975//1975 1976//1976
f 1967//1967 1975//1975 2062//2062
f 1975//1975 2072//2072 2062//2062
f 1975//1975 2070//2070 2072//2072
f 2062//2062 2072//2072 2063//2063
f 2069//2069 2073//2073 2068//2068
f 2073//2073 2075//2075 2074//2074
f 2073//2073 2074//2074 1977//1977
f 2068//2068 2073//2073 1977//1977
f 1974//1974 2068//2068 1977//1977
f 2074//2074 1978//1978 1977//1977
f 1979//1979 2071//2071 1976//1976
f 1979//1979 2076//2076 2071//2071
f 2075//2075 2077//2077 2074//2074
f 2077//2077 2079//2079 2078//2078
f 2077//2077 2078//2078 1980//1980
f 2074//2074 2077//2077 1980//1980
f 1978//1978 2074//2074 1980//1980
f 2078//2078 1981//1981 1980//1980
f 1982//1982 2076//2076 1979//1979
f 1982//1982 2080//2080 2076//2076
f 2079//2079 2081//2081 2078//2078
f 1981//1981 2078//2078 2081//2081
f 2082//2082 1981//1981 2081//2081
f 1983//1983 1981//1981 2082//2082
f 1984//1984 2080//2080 1982//1982
f 1984//1984 2083//2083 2080//2080
f 1985//1985 1983//1983 2084//2084
f 1983//1983 2085//2085 2084//2084
f 1983//1983 2082//2082 2085//2085
f 2084//2084 1986//1986 1985//1985
f 1987//1987 2083//2083 1984//1984
f 1987//1987 2086//2086 2083//2083
f 2085//2085 2087//2087 2084//2084
f 1986//1986 2084//2084 2087//2087
f 2088//2088 1986//1986 2087//2087
f 1988//1988 1986//1986 2088//2088
f 1989//1989 2086//2086 1987//1987
f 1989//1989 2089//2089 2086//2086
f 2088//2088 1990//1990 1988//1988
f 2090//2090 1990//1990 2088//2088
f 1991//1991 2089//2089 1989//1989
f 1991//1991 2091//2091 2089//2089
f 2090//2090 1992//1992 1990//1990
f 2092//2092 1992//1992 2090//2090
f 1993//1993 2091//2091 1991//1991
f 1993//1993 2093//2093 2091//2091
f 2092//2092 2094//2094 1992//1992
f 1992//1992 2094//2094 1994//1994
f 1996//1996 1994//1994 2094//2094
f 1996//1996 2094//2094 2095//2095
f 1997//1997 2093//2093 1993//1993
f 1997//1997 2096//2096 2093//2093
f 2095//2095 1999//1999 1996//1996
f 2097//2097 1999//1999 2095//2095
f 2000//2000 2096//2096 1997//1997
f 2000//2000 2098//2098 2096//2096
f 2099//2099 2001//2001 2002//2002
f 2100//2100 2099//2099 2002//2002
f 1999//1999 2100//2100 2002//2002
f 2097//2097 2100//2100 1999//1999
f 2003//2003 2098//2098 2000//2000
f 2003//2003 2101//2101 2098//2098
f 2102//2102 2004//2004 2099//2099
f 2099//2099 2004//2004 2001//2001
f 2099//2099 2100//2100 2103//2103
f 2099//2099 2103//2103 2102//2102
f 2005//2005 2101//2101 2003//2003
f 2005//2005 2104//2104 2101//2101
f 2106//2106 2105//2105 2102//2102
f 2105//2105 2004//2004 2102//2102
f 2105//2105 2007//2007 2004//2004
f 2106//2106 2102//2102 2103//2103
f 2008//2008 2104//2104 2005//2005
f 2008//2008 2107//2107 2104//2104
f 2108//2108 2009//2009 2010//2010
f 2109//2109 2108//2108 2010//2010
f 2007//2007 2109//2109 2010//2010
f 2105//2105 2109//2109 2007//2007
f 2011//2011 2107//2107 2008//2008
f 2011//2011 2110//2110 2107//2107
f 2111//2111 2013//2013 2108//2108
f 2108//2108 2013//2013 2009//2009
f 2108//2108 2109//2109 2112//2112
f 2108//2108 2112//2112 2111//2111
f 2014//2014 2110//2110 2011//2011
f 2014//2014 2113//2113 2110//2110
f 2114//2114 2016//2016 2111//2111
f 2111//2111 2016//2016 2013//2013
f 2111//2111 2112//2112 2115//2115
f 2111//2111 2115//2115 2114//2114
f 2018//2018 2113//2113 2014//2014
f 2018//2018 2116//2116 2113//2113
f 2117//2117 2020//2020 2021//2021
f 2118//2118 2117//2117 2021//2021
f 2118//2118 2021//2021 2016//2016
f 2119//2119 2118//2118 2016//2016
f 2114//2114 2119//2119 2016//2016
f 2119//2119 2114//2114 2115//2115
f 2023//2023 2116//2116 2018//2018
f 2023//2023 2120//2120 2116//2116
f 2121//2121 2027//2027 2117//2117
f 2117//2117 2027//2027 2020//2020
f 2117//2117 2118//2118 2122//2122
f 2117//2117 2122//2122 2121//2121
f 2029//2029 2120//2120 2023//2023
f 2029//2029 2123//2123 2120//2120
f 2124//2124 2036//2036 2037//2037
f 2027//2027 2121//2121 2037//2037
f 2121//2121 2124//2124 2037//2037
f 2121//2121 2125//2125 2124//2124
f 2121//2121 2122//2122 2126//2126
f 2121//2121 2126//2126 2125//2125
f 2029//2029 2038//2038 2127//2127
f 2128//2128 2029//2029 2127//2127
f 2123//2123 2029//2029 2128//2128
f 2039//2039 2127//2127 2038//2038
f 2129//2129 2046//2046 2124//2124
f 2124//2124 2046//2046 2036//2036
f 2125//2125 2131//2131 2130//2130
f 2129//2129 2125//2125 2130//2130
f 2124//2124 2125//2125 2129//2129
f 2131//2131 2125//2125 2126//2126
f 2128//2128 2127//2127 2132//2132
f 2128//2128 2132//2132 2133//2133
f 2048//2048 2132//2132 2039//2039
f 2039//2039 2132//2132 2127//2127
f 2134//2134 2052//2052 2053//2053
f 2054//2054 2135//2135 2053//2053
f 2053//2053 2135//2135 2134//2134
f 2046//2046 2129//2129 2054//2054
f 2129//2129 2135//2135 2054//2054
f 2129//2129 2136//2136 2135//2135
f 2129//2129 2130//2130 2137//2137
f 2129//2129 2137//2137 2136//2136
f 2133//2133 2132//2132 2138//2138
f 2133//2133 2138//2138 2139//2139
f 2055//2055 2140//2140 2048//2048
f 2140//2140 2132//2132 2048//2048
f 2140//2140 2138//2138 2132//2132
f 2056//2056 2141//2141 2055//2055
f 2055//2055 2141//2141 2140//2140
f 2057//2057 2141//2141 2056//2056
f 2142//2142 2059//2059 2060//2060
f 2052//2052 2134//2134 2060//2060
f 2134//2134 2142//2142 2060//2060
f 2134//2134 2143//2143 2142//2142
f 2144//2144 2134//2134 2135//2135
f 2143//2143 2134//2134 2144//2144
f 2136//2136 2146//2146 2145//2145
f 2144//2144 2136//2136 2145//2145
f 2135//2135 2136//2136 2144//2144
f 2146//2146 2136//2136 2137//2137
f 2139//2139 2138//2138 2147//2147
f 2139//2139 2147//2147 2148//2148
f 2149//2149 2138//2138 2140//2140
f 2147//2147 2138//2138 2149//2149
f 2150//2150 2140//2140 2141//2141
f 2149//2149 2140//2140 2150//2150
f 2061//2061 2151//2151 2057//2057
f 2151//2151 2141//2141 2057//2057
f 2151//2151 2150//2150 2141//2141
f 2059//2059 2142//2142 2061//2061
f 2142//2142 2151//2151 2061//2061
f 2142//2142 2152//2152 2151//2151
f 2153//2153 2142//2142 2143//2143
f 2152//2152 2142//2142 2153//2153
f 2154//2154 2143//2143 2144//2144
f 2153//2153 2143//2143 2154//2154
f 2144//2144 2145//2145 2155//2155
f 2144//2144 2155//2155 2154//2154
f 2148//2148 2147//2147 2156//2156
f 2148//2148 2156//2156 2157//2157
f 2158//2158 2147//2147 2149//2149
f 2156//2156 2147//2147 2158//2158
f 2159//2159 2149//2149 2150//2150
f 2158//2158 2149//2149 2159//2159
f 2160//2160 2150//2150 2151//2151
f 2159//2159 2150//2150 2160//2160
f 2161//2161 2151//2151 2152//2152
f 2160//2160 2151//2151 2161//2161
f 2162//2162 2152//2152 2153//2153
f 2161//2161 2152//2152 2162//2162
f 2163//2163 2153//2153 2154//2154
f 2162//2162 2153//2153 2163//2163
f 2154//2154 2155//2155 2164//2164
f 2154//2154 2164//2164 2163//2163
f 2157//2157 2156//2156 2165//2165
f 2157//2157 2165//2165 2166//2166
f 2167//2167 2156//2156 2158//2158
f 2165//2165 2156//2156 2167//2167
f 2168//2168 2158//2158 2159//2159
f 2167//2167 2158//2158 2168//2168
f 2169//2169 2159//2159 2160//2160
f 2168//2168 2159//2159 2169//2169
f 2170//2170 2160//2160 2161//2161
f 2169//2169 2160//2160 2170//2170
f 2171//2171 2161//2161 2162//2162
f 2170//2170 2161//2161 2171//2171
f 2172//2172 2162//2162 2163//2163
f 2171//2171 2162//2162 2172//2172
f 2163//2163 2164//2164 2173//2173
f 2163//2163 2173//2173 2172//2172
f 2166//2166 2165//2165 2174//2174
f 2166//2166 2174//2174 2175//2175
f 2176//2176 2165//2165 2167//2167
f 2174//2174 2165//2165 2176//2176
f 2177//2177 2167//2167 2168//2168
f 2176//2176 2167//2167 2177//2177
f 2178//2178 2168//2168 2169//2169
f 2177//2177 2168//2168 2178//2178
f 2179//2179 2169//2169 2170//2170
f 2178//2178 2169//2169 2179//2179
f 2180//2180 2170//2170 2171//2171
f 2179//2179 2170//2170 2180//2180
f 2172//2172 2182//2182 2181//2181
f 2180//2180 2172//2172 2181//2181
f 2171//2171 2172//2172 2180//2180
f 2182//2182 2172//2172 2173//2173
f 2183//2183 2175//2175 2174//2174
f 2185//2185 2184//2184 2183//2183
f 2174//2174 2185//2185 2183//2183
f 2176//2176 2185//2185 2174//2174
f 2186//2186 2176//2176 2177//2177
f 2185//2185 2176//2176 2186//2186
f 2187//2187 2177//2177 2178//2178
f 2186//2186 2177//2177 2187//2187
f 2188//2188 2178//2178 2179//2179
f 2187//2187 2178//2178 2188//2188
f 2189//2189 2179//2179 2180//2180
f 2188//2188 2179//2179 2189//2189
f 2180//2180 2181//2181 2190//2190
f 2180//2180 2190//2190 2189//2189
f 2184//2184 2185//2185 2191//2191
f 2184//2184 2191//2191 2192//2192
f 2193//2193 2185//2185 2186//2186
f 2191//2191 2185//2185 2193//2193
f 2194//2194 2186//2186 2187//2187
f 2193//2193 2186//2186 2194//2194
f 2195//2195 2187//2187 2188//2188
f 2194//2194 2187//2187 2195//2195
f 2189//2189 2197//2197 2196//2196
f 2195//2195 2189//2189 2196//2196
f 2188//2188 2189//2189 2195//2195
f 2197//2197 2189//2189 2190//2190
f 2198//2198 2192//2192 2191//2191
f 2198//2198 2191//2191 2193//2193
f 2198//2198 2193//2193 2199//2199
f 2199//2199 2193//2193 2194//2194
f 2199//2199 2194//2194 2200//2200
f 2200//2200 2194//2194 2195//2195
f 2200//2200 2195//2195 2201//2201
f 2201//2201 2195//2195 2196//2196
f 2063//2063 2202//2202 2064//2064
f 2064//2064 2202//2202 2203//2203
f 2204//2204 2064//2064 2203//2203
f 2065//2065 2064//2064 2204//2204
f 2065//2065 2205//2205 2066//2066
f 2204//2204 2205//2205 2065//2065
f 2205//2205 2207//2207 2206//2206
f 2067//2067 2205//2205 2206//2206
f 2066//2066 2205//2205 2067//2067
f 2206//2206 2069//2069 2067//2067
f 2071//2071 2208//2208 2070//2070
f 2070//2070 2208//2208 2209//2209
f 2210//2210 2070//2070 2209//2209
f 2072//2072 2070//2070 2210//2210
f 2063//2063 2072//2072 2202//2202
f 2072//2072 2211//2211 2202//2202
f 2072//2072 2210//2210 2211//2211
f 2202//2202 2211//2211 2203//2203
f 2207//2207 2212//2212 2206//2206
f 2206//2206 2212//2212 2069//2069
f 2212//2212 2073//2073 2069//2069
f 2212//2212 2213//2213 2073//2073
f 2075//2075 2073//2073 2213//2213
f 2075//2075 2213//2213 2214//2214
f 2216//2216 2215//2215 2208//2208
f 2071//2071 2216//2216 2208//2208
f 2076//2076 2216//2216 2071//2071
f 2208//2208 2215//2215 2209//2209
f 2214//2214 2217//2217 2075//2075
f 2075//2075 2217//2217 2077//2077
f 2079//2079 2077//2077 2217//2217
f 2079//2079 2217//2217 2218//2218
f 2080//2080 2216//2216 2076//2076
f 2080//2080 2219//2219 2216//2216
f 2218//2218 2220//2220 2079//2079
f 2079//2079 2220//2220 2081//2081
f 2082//2082 2081//2081 2220//2220
f 2082//2082 2220//2220 2221//2221
f 2083//2083 2219//2219 2080//2080
f 2083//2083 2222//2222 2219//2219
f 2221//2221 2085//2085 2082//2082
f 2223//2223 2085//2085 2221//2221
f 2086//2086 2222//2222 2083//2083
f 2086//2086 2224//2224 2222//2222
f 2087//2087 2085//2085 2225//2225
f 2085//2085 2226//2226 2225//2225
f 2085//2085 2223//2223 2226//2226
f 2225//2225 2088//2088 2087//2087
f 2089//2089 2224//2224 2086//2086
f 2089//2089 2227//2227 2224//2224
f 2226//2226 2228//2228 2225//2225
f 2088//2088 2225//2225 2228//2228
f 2229//2229 2088//2088 2228//2228
f 2090//2090 2088//2088 2229//2229
f 2091//2091 2227//2227 2089//2089
f 2091//2091 2230//2230 2227//2227
f 2229//2229 2092//2092 2090//2090
f 2231//2231 2092//2092 2229//2229
f 2093//2093 2230//2230 2091//2091
f 2093//2093 2232//2232 2230//2230
f 2094//2094 2092//2092 2233//2233
f 2092//2092 2234//2234 2233//2233
f 2092//2092 2231//2231 2234//2234
f 2233//2233 2095//2095 2094//2094
f 2096//2096 2232//2232 2093//2093
f 2096//2096 2235//2235 2232//2232
f 2234//2234 2236//2236 2233//2233
f 2095//2095 2233//2233 2236//2236
f 2237//2237 2095//2095 2236//2236
f 2097//2097 2095//2095 2237//2237
f 2098//2098 2235//2235 2096//2096
f 2098//2098 2238//2238 2235//2235
f 2237//2237 2100//2100 2097//2097
f 2239//2239 2100//2100 2237//2237
f 2101//2101 2238//2238 2098//2098
f 2101//2101 2240//2240 2238//2238
f 2239//2239 2103//2103 2100//2100
f 2241//2241 2103//2103 2239//2239
f 2104//2104 2240//2240 2101//2101
f 2104//2104 2242//2242 2240//2240
f 2243//2243 2105//2105 2106//2106
f 2244//2244 2243//2243 2106//2106
f 2103//2103 2244//2244 2106//2106
f 2241//2241 2244//2244 2103//2103
f 2107//2107 2242//2242 2104//2104
f 2107//2107 2245//2245 2242//2242
f 2247//2247 2246//2246 2243//2243
f 2246//2246 2105//2105 2243//2243
f 2246//2246 2109//2109 2105//2105
f 2247//2247 2243//2243 2244//2244
f 2110//2110 2245//2245 2107//2107
f 2110//2110 2248//2248 2245//2245
f 2246//2246 2112//2112 2109//2109
f 2249//2249 2112//2112 2246//2246
f 2113//2113 2248//2248 2110//2110
f 2113//2113 2250//2250 2248//2248
f 2249//2249 2115//2115 2112//2112
f 2251//2251 2115//2115 2249//2249
f 2116//2116 2250//2250 2113//2113
f 2116//2116 2252//2252 2250//2250
f 2253//2253 2118//2118 2119//2119
f 2254//2254 2253//2253 2119//2119
f 2115//2115 2254//2254 2119//2119
f 2251//2251 2254//2254 2115//2115
f 2120//2120 2252//2252 2116//2116
f 2120//2120 2255//2255 2252//2252
f 2256//2256 2122//2122 2253//2253
f 2253//2253 2122//2122 2118//2118
f 2253//2253 2254//2254 2257//2257
f 2253//2253 2257//2257 2256//2256
f 2123//2123 2255//2255 2120//2120
f 2123//2123 2258//2258 2255//2255
f 2259//2259 2126//2126 2256//2256
f 2256//2256 2126//2126 2122//2122
f 2256//2256 2257//2257 2260//2260
f 2256//2256 2260//2260 2259//2259
f 2128//2128 2258//2258 2123//2123
f 2128//2128 2261//2261 2258//2258
f 2262//2262 2130//2130 2131//2131
f 2263//2263 2262//2262 2131//2131
f 2263//2263 2131//2131 2126//2126
f 2264//2264 2263//2263 2126//2126
f 2259//2259 2264//2264 2126//2126
f 2264//2264 2259//2259 2260//2260
f 2133//2133 2261//2261 2128//2128
f 2133//2133 2265//2265 2261//2261
f 2266//2266 2137//2137 2262//2262
f 2262//2262 2137//2137 2130//2130
f 2262//2262 2263//2263 2267//2267
f 2262//2262 2267//2267 2266//2266
f 2139//2139 2265//2265 2133//2133
f 2139//2139 2268//2268 2265//2265
f 2269//2269 2145//2145 2146//2146
f 2137//2137 2266//2266 2146//2146
f 2266//2266 2269//2269 2146//2146
f 2266//2266 2270//2270 2269//2269
f 2266//2266 2267//2267 2271//2271
f 2266//2266 2271//2271 2270//2270
f 2148//2148 2268//2268 2139//2139
f 2148//2148 2272//2272 2268//2268
f 2273//2273 2155//2155 2269//2269
f 2269//2269 2155//2155 2145//2145
f 2270//2270 2275//2275 2274//2274
f 2273//2273 2270//2270 2274//2274
f 2269//2269 2270//2270 2273//2273
f 2275//2275 2270//2270 2271//2271
f 2157//2157 2272//2272 2148//2148
f 2157//2157 2276//2276 2272//2272
f 2277//2277 2164//2164 2273//2273
f 2273//2273 2164//2164 2155//2155
f 2273//2273 2274//2274 2278//2278
f 2273//2273 2278//2278 2277//2277
f 2166//2166 2276//2276 2157//2157
f 2166//2166 2279//2279 2276//2276
f 2280//2280 2173//2173 2277//2277
f 2277//2277 2173//2173 2164//2164
f 2277//2277 2278//2278 2281//2281
f 2277//2277 2281//2281 2280//2280
f 2175//2175 2279//2279 2166//2166
f 2175//2175 2282//2282 2279//2279
f 2283//2283 2181//2181 2182//2182
f 2173//2173 2280//2280 2182//2182
f 2280//2280 2283//2283 2182//2182
f 2280//2280 2284//2284 2283//2283
f 2280//2280 2281//2281 2285//2285
f 2280//2280 2285//2285 2284//2284
f 2175//2175 2183//2183 2286//2286
f 2287//2287 2175//2175 2286//2286
f 2282//2282 2175//2175 2287//2287
f 2184//2184 2286//2286 2183//2183
f 2288//2288 2190//2190 2283//2283
f 2283//2283 2190//2190 2181//2181
f 2284//2284 2290//2290 2289//2289
f 2288//2288 2284//2284 2289//2289
f 2283//2283 2284//2284 2288//2288
f 2290//2290 2284//2284 2285//2285
f 2287//2287 2286//2286 2291//2291
f 2287//2287 2291//2291 2292//2292
f 2192//2192 2291//2291 2184//2184
f 2184//2184 2291//2291 2286//2286
f 2293//2293 2196//2196 2197//2197
f 2190//2190 2288//2288 2197//2197
f 2288//2288 2293//2293 2197//2197
f 2288//2288 2294//2294 2293//2293
f 2288//2288 2289//2289 2295//2295
f 2288//2288 2295//2295 2294//2294
f 2292//2292 2291//2291 2296//2296
f 2292//2292 2296//2296 2297//2297
f 2198//2198 2298//2298 2192//2192
f 2298//2298 2291//2291 2192//2192
f 2298//2298 2296//2296 2291//2291
f 2199//2199 2299//2299 2198//2198
f 2198//2198 2299//2299 2298//2298
f 2200//2200 2300//2300 2199//2199
f 2199//2199 2300//2300 2299//2299
f 2201//2201 2301//2301 2200//2200
f 2200//2200 2301//2301 2300//2300
f 2196//2196 2293//2293 2201//2201
f 2293//2293 2301//2301 2201//2201
f 2293//2293 2302//2302 2301//2301
f 2303//2303 2293//2293 2294//2294
f 2302//2302 2293//2293 2303//2303
f 2294//2294 2295//2295 2304//2304
f 2294//2294 2304//2304 2303//2303
f 2297//2297 2296//2296 2305//2305
f 2297//2297 2305//2305 2306//2306
f 2307//2307 2296//2296 2298//2298
f 2305//2305 2296//2296 2307//2307
f 2308//2308 2298//2298 2299//2299
f 2307//2307 2298//2298 2308//2308
f 2309//2309 2299//2299 2300//2300
f 2308//2308 2299//2299 2309//2309
f 2310//2310 2300//2300 2301//2301
f 2309//2309 2300//2300 2310//2310
f 2311//2311 2301//2301 2302//2302
f 2310//2310 2301//2301 2311//2311
f 2312//2312 2302//2302 2303//2303
f 2311//2311 2302//2302 2312//2312
f 2303//2303 2304//2304 2313//2313
f 2303//2303 2313//2313 2312//2312
f 2306//2306 2305//2305 2314//2314
f 2306//2306 2314//2314 2315//2315
f 2316//2316 2305//2305 2307//2307
f 2314//2314 2305//2305 2316//2316
f 2317//2317 2307//2307 2308//2308
f 2316//2316 2307//2307 2317//2317
f 2318//2318 2308//2308 2309//2309
f 2317//2317 2308//2308 2318//2318
f 2319//2319 2309//2309 2310//2310
f 2318//2318 2309//2309 2319//2319
f 2320//2320 2310//2310 2311//2311
f 2319//2319 2310//2310 2320//2320
f 2321//2321 2311//2311 2312//2312
f 2320//2320 2311//2311 2321//2321
f 2312//2312 2313//2313 2322//2322
f 2312//2312 2322//2322 2321//2321
f 2315//2315 2314//2314 2323//2323
f 2315//2315 2323//2323 2324//2324
f 2325//2325 2314//2314 2316//2316
f 2323//2323 2314//2314 2325//2325
f 2326//2326 2316//2316 2317//2317
f 2325//2325 2316//2316 2326//2326
f 2327//2327 2317//2317 2318//2318
f 2326//2326 2317//2317 2327//2327
f 2328//2328 2318//2318 2319//2319
f 2327//2327 2318//2318 2328//2328
f 2329//2329 2319//2319 2320//2320
f 2328//2328 2319//2319 2329//2329
f 2321//2321 2331//2331 2330//2330
f 2329//2329 2321//2321 2330//2330
f 2320//2320 2321//2321 2329//2329
f 2331//2331 2321//2321 2322//2322
f 2203//2203 2332//2332 2204//2204
f 2333//2333 2205//2205 2204//2204
f 2333//2333 2204//2204 2332//2332
f 2333//2333 2207//2207 2205//2205
f 2209//2209 2334//2334 2210//2210
f 2210//2210 2334//2334 2335//2335
f 2336//2336 2210//2210 2335//2335
f 2211//2211 2210//2210 2336//2336
f 2203//2203 2211//2211 2332//2332
f 2211//2211 2337//2337 2332//2332
f 2211//2211 2336//2336 2337//2337
f 2332//2332 2337//2337 2333//2333
f 2333//2333 2337//2337 2338//2338
f 2333//2333 2338//2338 2207//2207
f 2338//2338 2212//2212 2207//2207
f 2338//2338 2339//2339 2212//2212
f 2339//2339 2341//2341 2340//2340
f 2213//2213 2339//2339 2340//2340
f 2212//2212 2339//2339 2213//2213
f 2340//2340 2214//2214 2213//2213
f 2216//2216 2342//2342 2215//2215
f 2342//2342 2343//2343 2215//2215
f 2215//2215 2343//2343 2209//2209
f 2343//2343 2344//2344 2209//2209
f 2344//2344 2334//2334 2209//2209
f 2334//2334 2344//2344 2335//2335
f 2341//2341 2345//2345 2340//2340
f 2345//2345 2347//2347 2346//2346
f 2345//2345 2346//2346 2217//2217
f 2340//2340 2345//2345 2217//2217
f 2214//2214 2340//2340 2217//2217
f 2346//2346 2218//2218 2217//2217
f 2349//2349 2348//2348 2342//2342
f 2216//2216 2349//2349 2342//2342
f 2219//2219 2349//2349 2216//2216
f 2342//2342 2348//2348 2343//2343
f 2347//2347 2350//2350 2346//2346
f 2350//2350 2352//2352 2351//2351
f 2350//2350 2351//2351 2220//2220
f 2346//2346 2350//2350 2220//2220
f 2218//2218 2346//2346 2220//2220
f 2351//2351 2221//2221 2220//2220
f 2222//2222 2349//2349 2219//2219
f 2222//2222 2353//2353 2349//2349
f 2352//2352 2354//2354 2351//2351
f 2221//2221 2351//2351 2354//2354
f 2355//2355 2221//2221 2354//2354
f 2223//2223 2221//2221 2355//2355
f 2224//2224 2353//2353 2222//2222
f 2224//2224 2356//2356 2353//2353
f 2355//2355 2226//2226 2223//2223
f 2357//2357 2226//2226 2355//2355
f 2227//2227 2356//2356 2224//2224
f 2227//2227 2358//2358 2356//2356
f 2357//2357 2359//2359 2226//2226
f 2226//2226 2359//2359 2228//2228
f 2229//2229 2228//2228 2359//2359
f 2229//2229 2359//2359 2360//2360
f 2230//2230 2358//2358 2227//2227
f 2230//2230 2361//2361 2358//2358
f 2360//2360 2231//2231 2229//2229
f 2362//2362 2231//2231 2360//2360
f 2232//2232 2361//2361 2230//2230
f 2232//2232 2363//2363 2361//2361
f 2362//2362 2234//2234 2231//2231
f 2364//2364 2234//2234 2362//2362
f 2235//2235 2363//2363 2232//2232
f 2235//2235 2365//2365 2363//2363
f 2364//2364 2366//2366 2234//2234
f 2234//2234 2366//2366 2236//2236
f 2237//2237 2236//2236 2366//2366
f 2237//2237 2366//2366 2367//2367
f 2238//2238 2365//2365 2235//2235
f 2238//2238 2368//2368 2365//2365
f 2367//2367 2239//2239 2237//2237
f 2369//2369 2239//2239 2367//2367
f 2240//2240 2368//2368 2238//2238
f 2240//2240 2370//2370 2368//2368
f 2369//2369 2241//2241 2239//2239
f 2371//2371 2241//2241 2369//2369
f 2242//2242 2370//2370 2240//2240
f 2242//2242 2372//2372 2370//2370
f 2371//2371 2244//2244 2241//2241
f 2373//2373 2244//2244 2371//2371
f 2245//2245 2372//2372 2242//2242
f 2245//2245 2374//2374 2372//2372
f 2375//2375 2246//2246 2247//2247
f 2376//2376 2375//2375 2247//2247
f 2244//2244 2376//2376 2247//2247
f 2373//2373 2376//2376 2244//2244
f 2248//2248 2374//2374 2245//2245
f 2248//2248 2377//2377 2374//2374
f 2379//2379 2378//2378 2375//2375
f 2378//2378 2246//2246 2375//2375
f 2378//2378 2249//2249 2246//2246
f 2379//2379 2375//2375 2376//2376
f 2250//2250 2377//2377 2248//2248
f 2250//2250 2380//2380 2377//2377
f 2378//2378 2251//2251 2249//2249
f 2381//2381 2251//2251 2378//2378
f 2252//2252 2380//2380 2250//2250
f 2252//2252 2382//2382 2380//2380
f 2381//2381 2254//2254 2251//2251
f 2383//2383 2254//2254 2381//2381
f 2255//2255 2382//2382 2252//2252
f 2255//2255 2384//2384 2382//2382
f 2383//2383 2257//2257 2254//2254
f 2385//2385 2257//2257 2383//2383
f 2258//2258 2384//2384 2255//2255
f 2258//2258 2386//2386 2384//2384
f 2385//2385 2260//2260 2257//2257
f 2387//2387 2260//2260 2385//2385
f 2261//2261 2386//2386 2258//2258
f 2261//2261 2388//2388 2386//2386
f 2389//2389 2263//2263 2264//2264
f 2390//2390 2389//2389 2264//2264
f 2260//2260 2390//2390 2264//2264
f 2387//2387 2390//2390 2260//2260
f 2265//2265 2388//2388 2261//2261
f 2265//2265 2391//2391 2388//2388
f 2392//2392 2267//2267 2389//2389
f 2389//2389 2267//2267 2263//2263
f 2389//2389 2390//2390 2393//2393
f 2389//2389 2393//2393 2392//2392
f 2268//2268 2391//2391 2265//2265
f 2268//2268 2394//2394 2391//2391
f 2395//2395 2271//2271 2392//2392
f 2392//2392 2271//2271 2267//2267
f 2392//2392 2393//2393 2396//2396
f 2392//2392 2396//2396 2395//2395
f 2272//2272 2394//2394 2268//2268
f 2272//2272 2397//2397 2394//2394
f 2398//2398 2274//2274 2275//2275
f 2399//2399 2398//2398 2275//2275
f 2399//2399 2275//2275 2271//2271
f 2400//2400 2399//2399 2271//2271
f 2395//2395 2400//2400 2271//2271
f 2400//2400 2395//2395 2396//2396
f 2276//2276 2397//2397 2272//2272
f 2276//2276 2401//2401 2397//2397
f 2402//2402 2278//2278 2398//2398
f 2398//2398 2278//2278 2274//2274
f 2398//2398 2399//2399 2403//2403
f 2398//2398 2403//2403 2402//2402
f 2279//2279 2401//2401 2276//2276
f 2279//2279 2404//2404 2401//2401
f 2405//2405 2281//2281 2402//2402
f 2402//2402 2281//2281 2278//2278
f 2402//2402 2403//2403 2406//2406
f 2402//2402 2406//2406 2405//2405
f 2282//2282 2404//2404 2279//2279
f 2282//2282 2407//2407 2404//2404
f 2408//2408 2285//2285 2405//2405
f 2405//2405 2285//2285 2281//2281
f 2405//2405 2406//2406 2409//2409
f 2405//2405 2409//2409 2408//2408
f 2287//2287 2407//2407 2282//2282
f 2287//2287 2410//2410 2407//2407
f 2411//2411 2289//2289 2290//2290
f 2412//2412 2411//2411 2290//2290
f 2412//2412 2290//2290 2285//2285
f 2413//2413 2412//2412 2285//2285
f 2408//2408 2413//2413 2285//2285
f 2413//2413 2408//2408 2409//2409
f 2292//2292 2410//2410 2287//2287
f 2292//2292 2414//2414 2410//2410
f 2415//2415 2295//2295 2411//2411
f 2411//2411 2295//2295 2289//2289
f 2411//2411 2412//2412 2416//2416
f 2411//2411 2416//2416 2415//2415
f 2297//2297 2414//2414 2292//2292
f 2297//2297 2417//2417 2414//2414
f 2418//2418 2304//2304 2415//2415
f 2415//2415 2304//2304 2295//2295
f 2415//2415 2416//2416 2419//2419
f 2415//2415 2419//2419 2418//2418
f 2306//2306 2417//2417 2297//2297
f 2306//2306 2420//2420 2417//2417
f 2421//2421 2313//2313 2418//2418
f 2418//2418 2313//2313 2304//2304
f 2418//2418 2419//2419 2422//2422
f 2418//2418 2422//2422 2421//2421
f 2315//2315 2420//2420 2306//2306
f 2315//2315 2423//2423 2420//2420
f 2424//2424 2322//2322 2421//2421
f 2421//2421 2322//2322 2313//2313
f 2421//2421 2422//2422 2425//2425
f 2421//2421 2425//2425 2424//2424
f 2324//2324 2423//2423 2315//2315
f 2324//2324 2426//2426 2423//2423
f 2427//2427 2330//2330 2331//2331
f 2322//2322 2424//2424 2331//2331
f 2424//2424 2427//2427 2331//2331
f 2424//2424 2428//2428 2427//2427
f 2424//2424 2425//2425 2429//2429
f 2424//2424 2429//2429 2428//2428
f 2335//2335 2430//2430 2336//2336
f 2336//2336 2430//2430 2431//2431
f 2432//2432 2336//2336 2431//2431
f 2337//2337 2336//2336 2432//2432
f 2432//2432 2434//2434 2433//2433
f 2338//2338 2432//2432 2433//2433
f 2337//2337 2432//2432 2338//2338
f 2435//2435 2339//2339 2338//2338
f 2435//2435 2338//2338 2433//2433
f 2435//2435 2341//2341 2339//2339
f 2343//2343 2436//2436 2344//2344
f 2436//2436 2437//2437 2344//2344
f 2344//2344 2437//2437 2335//2335
f 2437//2437 2438//2438 2335//2335
f 2438//2438 2430//2430 2335//2335
f 2430//2430 2438//2438 2431//2431
f 2434//2434 2439//2439 2433//2433
f 2433//2433 2439//2439 2435//2435
f 2435//2435 2439//2439 2440//2440
f 2440//2440 2442//2442 2441//2441
f 2440//2440 2441//2441 2345//2345
f 2435//2435 2440//2440 2345//2345
f 2341//2341 2435//2435 2345//2345
f 2441//2441 2347//2347 2345//2345
f 2349//2349 2443//2443 2348//2348
f 2443//2443 2444//2444 2348//2348
f 2348//2348 2444//2444 2343//2343
f 2444//2444 2445//2445 2343//2343
f 2445//2445 2436//2436 2343//2343
f 2436//2436 2445//2445 2437//2437
f 2442//2442 2446//2446 2441//2441
f 2446//2446 2448//2448 2447//2447
f 2446//2446 2447//2447 2350//2350
f 2441//2441 2446//2446 2350//2350
f 2347//2347 2441//2441 2350//2350
f 2447//2447 2352//2352 2350//2350
f 2450//2450 2449//2449 2443//2443
f 2349//2349 2450//2450 2443//2443
f 2353//2353 2450//2450 2349//2349
f 2443//2443 2449//2449 2444//2444
f 2448//2448 2451//2451 2447//2447
f 2451//2451 2453//2453 2452//2452
f 2451//2451 2452//2452 2354//2354
f 2447//2447 2451//2451 2354//2354
f 2352//2352 2447//2447 2354//2354
f 2452//2452 2355//2355 2354//2354
f 2356//2356 2450//2450 2353//2353
f 2356//2356 2454//2454 2450//2450
f 2453//2453 2455//2455 2452//2452
f 2355//2355 2452//2452 2455//2455
f 2456//2456 2355//2355 2455//2455
f 2357//2357 2355//2355 2456//2456
f 2358//2358 2454//2454 2356//2356
f 2358//2358 2457//2457 2454//2454
f 2359//2359 2357//2357 2458//2458
f 2357//2357 2459//2459 2458//2458
f 2357//2357 2456//2456 2459//2459
f 2458//2458 2360//2360 2359//2359
f 2361//2361 2457//2457 2358//2358
f 2361//2361 2460//2460 2457//2457
f 2459//2459 2461//2461 2458//2458
f 2360//2360 2458//2458 2461//2461
f 2462//2462 2360//2360 2461//2461
f 2362//2362 2360//2360 2462//2462
f 2363//2363 2460//2460 2361//2361
f 2363//2363 2463//2463 2460//2460
f 2462//2462 2364//2364 2362//2362
f 2464//2464 2364//2364 2462//2462
f 2365//2365 2463//2463 2363//2363
f 2365//2365 2465//2465 2463//2463
f 2366//2366 2364//2364 2466//2466
f 2364//2364 2467//2467 2466//2466
f 2364//2364 2464//2464 2467//2467
f 2466//2466 2367//2367 2366//2366
f 2368//2368 2465//2465 2365//2365
f 2368//2368 2468//2468 2465//2465
f 2466//2466 2467//2467 2469//2469
f 2469//2469 2467//2467 2470//2470
f 2469//2469 2369//2369 2367//2367
f 2469//2469 2367//2367 2466//2466
f 2370//2370 2468//2468 2368//2368
f 2370//2370 2471//2471 2468//2468
f 2469//2469 2470//2470 2472//2472
f 2472//2472 2470//2470 2473//2473
f 2472//2472 2371//2371 2369//2369
f 2472//2472 2369//2369 2469//2469
f 2372//2372 2471//2471 2370//2370
f 2372//2372 2474//2474 2471//2471
f 2472//2472 2473//2473 2475//2475
f 2475//2475 2473//2473 2476//2476
f 2475//2475 2373//2373 2371//2371
f 2475//2475 2371//2371 2472//2472
f 2374//2374 2474//2474 2372//2372
f 2374//2374 2477//2477 2474//2474
f 2475//2475 2476//2476 2478//2478
f 2478//2478 2476//2476 2479//2479
f 2478//2478 2376//2376 2373//2373
f 2478//2478 2373//2373 2475//2475
f 2377//2377 2477//2477 2374//2374
f 2377//2377 2480//2480 2477//2477
f 2478//2478 2479//2479 2379//2379
f 2479//2479 2378//2378 2379//2379
f 2479//2479 2481//2481 2378//2378
f 2478//2478 2379//2379 2376//2376
f 2380//2380 2480//2480 2377//2377
f 2380//2380 2482//2482 2480//2480
f 2481//2481 2381//2381 2378//2378
f 2483//2483 2381//2381 2481//2481
f 2382//2382 2482//2482 2380//2380
f 2382//2382 2484//2484 2482//2482
f 2483//2483 2383//2383 2381//2381
f 2485//2485 2383//2383 2483//2483
f 2384//2384 2484//2484 2382//2382
f 2384//2384 2486//2486 2484//2484
f 2485//2485 2385//2385 2383//2383
f 2487//2487 2385//2385 2485//2485
f 2386//2386 2486//2486 2384//2384
f 2386//2386 2488//2488 2486//2486
f 2487//2487 2387//2387 2385//2385
f 2489//2489 2387//2387 2487//2487
f 2388//2388 2488//2488 2386//2386
f 2388//2388 2490//2490 2488//2488
f 2489//2489 2390//2390 2387//2387
f 2491//2491 2390//2390 2489//2489
f 2391//2391 2490//2490 2388//2388
f 2391//2391 2492//2492 2490//2490
f 2491//2491 2393//2393 2390//2390
f 2493//2493 2393//2393 2491//2491
f 2394//2394 2492//2492 2391//2391
f 2394//2394 2494//2494 2492//2492
f 2493//2493 2396//2396 2393//2393
f 2495//2495 2396//2396 2493//2493
f 2397//2397 2494//2494 2394//2394
f 2397//2397 2496//2496 2494//2494
f 2497//2497 2399//2399 2400//2400
f 2498//2498 2497//2497 2400//2400
f 2396//2396 2498//2498 2400//2400
f 2495//2495 2498//2498 2396//2396
f 2401//2401 2496//2496 2397//2397
f 2401//2401 2499//2499 2496//2496
f 2500//2500 2403//2403 2497//2497
f 2497//2497 2403//2403 2399//2399
f 2497//2497 2498//2498 2501//2501
f 2497//2497 2501//2501 2500//2500
f 2404//2404 2499//2499 2401//2401
f 2404//2404 2502//2502 2499//2499
f 2503//2503 2406//2406 2500//2500
f 2500//2500 2406//2406 2403//2403
f 2500//2500 2501//2501 2504//2504
f 2500//2500 2504//2504 2503//2503
f 2407//2407 2502//2502 2404//2404
f 2407//2407 2505//2505 2502//2502
f 2507//2507 2506//2506 2503//2503
f 2506//2506 2406//2406 2503//2503
f 2506//2506 2409//2409 2406//2406
f 2507//2507 2503//2503 2504//2504
f 2410//2410 2505//2505 2407//2407
f 2410//2410 2508//2508 2505//2505
f 2509//2509 2412//2412 2413//2413
f 2510//2510 2509//2509 2413//2413
f 2409//2409 2510//2510 2413//2413
f 2506//2506 2510//2510 2409//2409
f 2414//2414 2508//2508 2410//2410
f 2414//2414 2511//2511 2508//2508
f 2512//2512 2416//2416 2509//2509
f 2509//2509 2416//2416 2412//2412
f 2509//2509 2510//2510 2513//2513
f 2509//2509 2513//2513 2512//2512
f 2417//2417 2511//2511 2414//2414
f 2417//2417 2514//2514 2511//2511
f 2515//2515 2419//2419 2512//2512
f 2512//2512 2419//2419 2416//2416
f 2512//2512 2513//2513 2516//2516
f 2512//2512 2516//2516 2515//2515
f 2420//2420 2514//2514 2417//2417
f 2420//2420 2517//2517 2514//2514
f 2518//2518 2422//2422 2515//2515
f 2515//2515 2422//2422 2419//2419
f 2515//2515 2516//2516 2519//2519
f 2515//2515 2519//2519 2518//2518
f 2423//2423 2517//2517 2420//2420
f 2423//2423 2520//2520 2517//2517
f 2521//2521 2425//2425 2518//2518
f 2518//2518 2425//2425 2422//2422
f 2518//2518 2519//2519 2522//2522
f 2518//2518 2522//2522 2521//2521
f 2426//2426 2520//2520 2423//2423
f 2426//2426 2523//2523 2520//2520
f 2524//2524 2429//2429 2521//2521
f 2521//2521 2429//2429 2425//2425
f 2521//2521 2522//2522 2525//2525
f 2521//2521 2525//2525 2524//2524
f 2431//2431 2526//2526 2432//2432
f 2526//2526 2434//2434 2432//2432
f 2437//2437 2527//2527 2438//2438
f 2526//2526 2431//2431 2438//2438
f 2527//2527 2526//2526 2438//2438
f 2528//2528 2526//2526 2527//2527
f 2529//2529 2439//2439 2434//2434
f 2526//2526 2529//2529 2434//2434
f 2528//2528 2529//2529 2526//2526
f 2530//2530 2440//2440 2439//2439
f 2530//2530 2439//2439 2529//2529
f 2530//2530 2442//2442 2440//2440
f 2444//2444 2531//2531 2445//2445
f 2527//2527 2437//2437 2445//2445
f 2531//2531 2527//2527 2445//2445
f 2532//2532 2527//2527 2531//2531
f 2534//2534 2528//2528 2533//2533
f 2528//2528 2532//2532 2533//2533
f 2528//2528 2527//2527 2532//2532
f 2528//2528 2534//2534 2529//2529
f 2529//2529 2534//2534 2535//2535
f 2537//2537 2536//2536 2535//2535
f 2536//2536 2529//2529 2535//2535
f 2536//2536 2530//2530 2529//2529
f 2538//2538 2446//2446 2442//2442
f 2530//2530 2538//2538 2442//2442
f 2536//2536 2538//2538 2530//2530
f 2538//2538 2448//2448 2446//2446
f 2450//2450 2539//2539 2449//2449
f 2539//2539 2540//2540 2449//2449
f 2449//2449 2540//2540 2444//2444
f 2540//2540 2541//2541 2444//2444
f 2541//2541 2531//2531 2444//2444
f 2531//2531 2541//2541 2532//2532
f 2532//2532 2541//2541 2542//2542
f 2532//2532 2542//2542 2533//2533
f 2537//2537 2543//2543 2536//2536
f 2536//2536 2543//2543 2538//2538
f 2538//2538 2543//2543 2544//2544
f 2544//2544 2546//2546 2545//2545
f 2544//2544 2545//2545 2451//2451
f 2538//2538 2544//2544 2451//2451
f 2448//2448 2538//2538 2451//2451
f 2545//2545 2453//2453 2451//2451
f 2548//2548 2547//2547 2539//2539
f 2450//2450 2548//2548 2539//2539
f 2454//2454 2548//2548 2450//2450
f 2539//2539 2547//2547 2540//2540
f 2546//2546 2549//2549 2545//2545
f 2549//2549 2551//2551 2550//2550
f 2549//2549 2550//2550 2455//2455
f 2545//2545 2549//2549 2455//2455
f 2453//2453 2545//2545 2455//2455
f 2550//2550 2456//2456 2455//2455
f 2457//2457 2548//2548 2454//2454
f 2457//2457 2552//2552 2548//2548
f 2551//2551 2553//2553 2550//2550
f 2456//2456 2550//2550 2553//2553
f 2554//2554 2456//2456 2553//2553
f 2459//2459 2456//2456 2554//2554
f 2460//2460 2552//2552 2457//2457
f 2460//2460 2555//2555 2552//2552
f 2461//2461 2459//2459 2556//2556
f 2459//2459 2557//2557 2556//2556
f 2459//2459 2554//2554 2557//2557
f 2556//2556 2462//2462 2461//2461
f 2463//2463 2555//2555 2460//2460
f 2463//2463 2558//2558 2555//2555
f 2556//2556 2557//2557 2559//2559
f 2559//2559 2557//2557 2560//2560
f 2559//2559 2464//2464 2462//2462
f 2559//2559 2462//2462 2556//2556
f 2465//2465 2558//2558 2463//2463
f 2465//2465 2561//2561 2558//2558
f 2560//2560 2562//2562 2559//2559
f 2464//2464 2559//2559 2562//2562
f 2563//2563 2464//2464 2562//2562
f 2467//2467 2464//2464 2563//2563
f 2468//2468 2561//2561 2465//2465
f 2468//2468 2564//2564 2561//2561
f 2563//2563 2470//2470 2467//2467
f 2565//2565 2470//2470 2563//2563
f 2471//2471 2564//2564 2468//2468
f 2471//2471 2566//2566 2564//2564
f 2565//2565 2473//2473 2470//2470
f 2567//2567 2473//2473 2565//2565
f 2474//2474 2566//2566 2471//2471
f 2474//2474 2568//2568 2566//2566
f 2567//2567 2476//2476 2473//2473
f 2569//2569 2476//2476 2567//2567
f 2477//2477 2568//2568 2474//2474
f 2477//2477 2570//2570 2568//2568
f 2569//2569 2479//2479 2476//2476
f 2571//2571 2479//2479 2569//2569
f 2480//2480 2570//2570 2477//2477
f 2480//2480 2572//2572 2570//2570
f 2571//2571 2481//2481 2479//2479
f 2573//2573 2481//2481 2571//2571
f 2482//2482 2572//2572 2480//2480
f 2482//2482 2574//2574 2572//2572
f 2573//2573 2483//2483 2481//2481
f 2575//2575 2483//2483 2573//2573
f 2484//2484 2574//2574 2482//2482
f 2484//2484 2576//2576 2574//2574
f 2575//2575 2485//2485 2483//2483
f 2577//2577 2485//2485 2575//2575
f 2486//2486 2576//2576 2484//2484
f 2486//2486 2578//2578 2576//2576
f 2577//2577 2487//2487 2485//2485
f 2579//2579 2487//2487 2577//2577
f 2488//2488 2578//2578 2486//2486
f 2488//2488 2580//2580 2578//2578
f 2579//2579 2489//2489 2487//2487
f 2581//2581 2489//2489 2579//2579
f 2490//2490 2580//2580 2488//2488
f 2490//2490 2582//2582 2580//2580
f 2581//2581 2491//2491 2489//2489
f 2583//2583 2491//2491 2581//2581
f 2492//2492 2582//2582 2490//2490
f 2492//2492 2584//2584 2582//2582
f 2583//2583 2493//2493 2491//2491
f 2585//2585 2493//2493 2583//2583
f 2494//2494 2584//2584 2492//2492
f 2494//2494 2586//2586 2584//2584
f 2585//2585 2495//2495 2493//2493
f 2587//2587 2495//2495 2585//2585
f 2496//2496 2586//2586 2494//2494
f 2496//2496 2588//2588 2586//2586
f 2587//2587 2498//2498 2495//2495
f 2589//2589 2498//2498 2587//2587
f 2499//2499 2588//2588 2496//2496
f 2499//2499 2590//2590 2588//2588
f 2589//2589 2501//2501 2498//2498
f 2591//2591 2501//2501 2589//2589
f 2502//2502 2590//2590 2499//2499
f 2502//2502 2592//2592 2590//2590
f 2591//2591 2504//2504 2501//2501
f 2593//2593 2504//2504 2591//2591
f 2505//2505 2592//2592 2502//2502
f 2505//2505 2594//2594 2592//2592
f 2595//2595 2506//2506 2507//2507
f 2596//2596 2595//2595 2507//2507
f 2504//2504 2596//2596 2507//2507
f 2593//2593 2596//2596 2504//2504
f 2508//2508 2594//2594 2505//2505
f 2508//2508 2597//2597 2594//2594
f 2598//2598 2510//2510 2595//2595
f 2595//2595 2510//2510 2506//2506
f 2595//2595 2596//2596 2599//2599
f 2595//2595 2599//2599 2598//2598
f 2511//2511 2597//2597 2508//2508
f 2511//2511 2600//2600 2597//2597
f 2601//2601 2513//2513 2598//2598
f 2598//2598 2513//2513 2510//2510
f 2598//2598 2599//2599 2602//2602
f 2598//2598 2602//2602 2601//2601
f 2514//2514 2600//2600 2511//2511
f 2514//2514 2603//2603 2600//2600
f 2604//2604 2516//2516 2601//2601
f 2601//2601 2516//2516 2513//2513
f 2601//2601 2602//2602 2605//2605
f 2601//2601 2605//2605 2604//2604
f 2517//2517 2603//2603 2514//2514
f 2517//2517 2606//2606 2603//2603
f 2607//2607 2519//2519 2604//2604
f 2604//2604 2519//2519 2516//2516
f 2604//2604 2605//2605 2608//2608
f 2604//2604 2608//2608 2607//2607
f 2520//2520 2606//2606 2517//2517
f 2520//2520 2609//2609 2606//2606
f 2610//2610 2522//2522 2607//2607
f 2607//2607 2522//2522 2519//2519
f 2607//2607 2608//2608 2611//2611
f 2607//2607 2611//2611 2610//2610
f 2523//2523 2609//2609 2520//2520
f 2523//2523 2612//2612 2609//2609
f 2614//2614 2613//2613 2610//2610
f 2613//2613 2522//2522 2610//2610
f 2613//2613 2525//2525 2522//2522
f 2614//2614 2610//2610 2611//2611
f 2533//2533 2615//2615 2534//2534
f 2616//2616 2535//2535 2534//2534
f 2616//2616 2534//2534 2615//2615
f 2616//2616 2537//2537 2535//2535
f 2540//2540 2617//2617 2541//2541
f 2618//2618 2542//2542 2541//2541
f 2618//2618 2541//2541 2617//2617
f 2615//2615 2533//2533 2542//2542
f 2618//2618 2615//2615 2542//2542
f 2619//2619 2615//2615 2618//2618
f 2615//2615 2620//2620 2616//2616
f 2615//2615 2619//2619 2620//2620
f 2621//2621 2543//2543 2537//2537
f 2616//2616 2621//2621 2537//2537
f 2620//2620 2621//2621 2616//2616
f 2622//2622 2544//2544 2543//2543
f 2622//2622 2543//2543 2621//2621
f 2622//2622 2546//2546 2544//2544
f 2548//2548 2623//2623 2547//2547
f 2617//2617 2540//2540 2547//2547
f 2623//2623 2617//2617 2547//2547
f 2624//2624 2617//2617 2623//2623
f 2626//2626 2618//2618 2625//2625
f 2618//2618 2624//2624 2625//2625
f 2618//2618 2617//2617 2624//2624
f 2618//2618 2626//2626 2619//2619
f 2619//2619 2626//2626 2627//2627
f 2619//2619 2627//2627 2620//2620
f 2620//2620 2627//2627 2628//2628
f 2620//2620 2628//2628 2621//2621
f 2621//2621 2628//2628 2629//2629
f 2631//2631 2630//2630 2629//2629
f 2630//2630 2621//2621 2629//2629
f 2630//2630 2622//2622 2621//2621
f 2632//2632 2549//2549 2546//2546
f 2622//2622 2632//2632 2546//2546
f 2630//2630 2632//2632 2622//2622
f 2632//2632 2551//2551 2549//2549
f 2552//2552 2633//2633 2623//2623
f 2552//2552 2623//2623 2548//2548
f 2635//2635 2624//2624 2634//2634
f 2624//2624 2633//2633 2634//2634
f 2624//2624 2623//2623 2633//2633
f 2624//2624 2635//2635 2625//2625
f 2631//2631 2636//2636 2630//2630
f 2630//2630 2636//2636 2632//2632
f 2632//2632 2636//2636 2637//2637
f 2637//2637 2639//2639 2638//2638
f 2637//2637 2638//2638 2553//2553
f 2632//2632 2637//2637 2553//2553
f 2551//2551 2632//2632 2553//2553
f 2638//2638 2554//2554 2553//2553
f 2641//2641 2640//2640 2633//2633
f 2552//2552 2641//2641 2633//2633
f 2555//2555 2641//2641 2552//2552
f 2633//2633 2640//2640 2634//2634
f 2638//2638 2639//2639 2642//2642
f 2642//2642 2639//2639 2643//2643
f 2642//2642 2557//2557 2554//2554
f 2642//2642 2554//2554 2638//2638
f 2558//2558 2641//2641 2555//2555
f 2558//2558 2644//2644 2641//2641
f 2643//2643 2645//2645 2642//2642
f 2557//2557 2642//2642 2645//2645
f 2646//2646 2557//2557 2645//2645
f 2560//2560 2557//2557 2646//2646
f 2561//2561 2644//2644 2558//2558
f 2561//2561 2647//2647 2644//2644
f 2562//2562 2560//2560 2648//2648
f 2560//2560 2649//2649 2648//2648
f 2560//2560 2646//2646 2649//2649
f 2648//2648 2563//2563 2562//2562
f 2564//2564 2647//2647 2561//2561
f 2564//2564 2650//2650 2647//2647
f 2648//2648 2649//2649 2651//2651
f 2651//2651 2649//2649 2652//2652
f 2651//2651 2565//2565 2563//2563
f 2651//2651 2563//2563 2648//2648
f 2566//2566 2650//2650 2564//2564
f 2566//2566 2653//2653 2650//2650
f 2651//2651 2652//2652 2654//2654
f 2654//2654 2652//2652 2655//2655
f 2654//2654 2567//2567 2565//2565
f 2654//2654 2565//2565 2651//2651
f 2568//2568 2653//2653 2566//2566
f 2568//2568 2656//2656 2653//2653
f 2654//2654 2655//2655 2657//2657
f 2657//2657 2655//2655 2658//2658
f 2657//2657 2569//2569 2567//2567
f 2657//2657 2567//2567 2654//2654
f 2570//2570 2656//2656 2568//2568
f 2570//2570 2659//2659 2656//2656
f 2658//2658 2660//2660 2657//2657
f 2569//2569 2657//2657 2660//2660
f 2661//2661 2569//2569 2660//2660
f 2571//2571 2569//2569 2661//2661
f 2572//2572 2659//2659 2570//2570
f 2572//2572 2662//2662 2659//2659
f 2661//2661 2573//2573 2571//2571
f 2663//2663 2573//2573 2661//2661
f 2574//2574 2662//2662 2572//2572
f 2574//2574 2664//2664 2662//2662
f 2663//2663 2575//2575 2573//2573
f 2665//2665 2575//2575 2663//2663
f 2576//2576 2664//2664 2574//2574
f 2576//2576 2666//2666 2664//2664
f 2665//2665 2577//2577 2575//2575
f 2667//2667 2577//2577 2665//2665
f 2578//2578 2666//2666 2576//2576
f 2578//2578 2668//2668 2666//2666
f 2667//2667 2579//2579 2577//2577
f 2669//2669 2579//2579 2667//2667
f 2580//2580 2668//2668 2578//2578
f 2580//2580 2670//2670 2668//2668
f 2669//2669 2581//2581 2579//2579
f 2671//2671 2581//2581 2669//2669
f 2582//2582 2670//2670 2580//2580
f 2582//2582 2672//2672 2670//2670
f 2671//2671 2583//2583 2581//2581
f 2673//2673 2583//2583 2671//2671
f 2584//2584 2672//2672 2582//2582
f 2584//2584 2674//2674 2672//2672
f 2673//2673 2585//2585 2583//2583
f 2675//2675 2585//2585 2673//2673
f 2586//2586 2674//2674 2584//2584
f 2586//2586 2676//2676 2674//2674
f 2675//2675 2587//2587 2585//2585
f 2677//2677 2587//2587 2675//2675
f 2588//2588 2676//2676 2586//2586
f 2588//2588 2678//2678 2676//2676
f 2677//2677 2589//2589 2587//2587
f 2679//2679 2589//2589 2677//2677
f 2590//2590 2678//2678 2588//2588
f 2590//2590 2680//2680 2678//2678
f 2679//2679 2591//2591 2589//2589
f 2681//2681 2591//2591 2679//2679
f 2592//2592 2680//2680 2590//2590
f 2592//2592 2682//2682 2680//2680
f 2681//2681 2593//2593 2591//2591
f 2683//2683 2593//2593 2681//2681
f 2594//2594 2682//2682 2592//2592
f 2594//2594 2684//2684 2682//2682
f 2683//2683 2596//2596 2593//2593
f 2685//2685 2596//2596 2683//2683
f 2597//2597 2684//2684 2594//2594
f 2597//2597 2686//2686 2684//2684
f 2688//2688 2599//2599 2687//2687
f 2599//2599 2685//2685 2687//2687
f 2599//2599 2596//2596 2685//2685
f 2689//2689 2688//2688 2687//2687
f 2600//2600 2686//2686 2597//2597
f 2600//2600 2690//2690 2686//2686
f 2691//2691 2602//2602 2688//2688
f 2688//2688 2602//2602 2599//2599
f 2688//2688 2689//2689 2692//2692
f 2688//2688 2692//2692 2691//2691
f 2603//2603 2690//2690 2600//2600
f 2603//2603 2693//2693 2690//2690
f 2694//2694 2605//2605 2691//2691
f 2691//2691 2605//2605 2602//2602
f 2691//2691 2692//2692 2695//2695
f 2691//2691 2695//2695 2694//2694
f 2698//2698 2697//2697 2696//2696
f 2697//2697 2693//2693 2696//2696
f 2693//2693 2606//2606 2696//2696
f 2693//2693 2603//2603 2606//2606
f 2699//2699 2608//2608 2694//2694
f 2694//2694 2608//2608 2605//2605
f 2694//2694 2695//2695 2700//2700
f 2694//2694 2700//2700 2699//2699
f 2701//2701 2698//2698 2696//2696
f 2696//2696 2606//2606 2701//2701
f 2606//2606 2702//2702 2701//2701
f 2606//2606 2609//2609 2702//2702
f 2704//2704 2703//2703 2699//2699
f 2703//2703 2608//2608 2699//2699
f 2703//2703 2611//2611 2608//2608
f 2704//2704 2699//2699 2700//2700
f 2612//2612 2702//2702 2609//2609
f 2612//2612 2705//2705 2702//2702
f 2706//2706 2613//2613 2614//2614
f 2707//2707 2706//2706 2614//2614
f 2611//2611 2707//2707 2614//2614
f 2703//2703 2707//2707 2611//2611
f 2625//2625 2708//2708 2626//2626
f 2709//2709 2627//2627 2626//2626
f 2709//2709 2626//2626 2708//2708
f 2710//2710 2628//2628 2627//2627
f 2710//2710 2627//2627 2709//2709
f 2711//2711 2629//2629 2628//2628
f 2711//2711 2628//2628 2710//2710
f 2711//2711 2631//2631 2629//2629
f 2634//2634 2712//2712 2635//2635
f 2708//2708 2625//2625 2635//2635
f 2712//2712 2708//2708 2635//2635
f 2713//2713 2708//2708 2712//2712
f 2708//2708 2714//2714 2709//2709
f 2708//2708 2713//2713 2714//2714
f 2709//2709 2715//2715 2710//2710
f 2709//2709 2714//2714 2715//2715
f 2710//2710 2716//2716 2711//2711
f 2710//2710 2715//2715 2716//2716
f 2717//2717 2636//2636 2631//2631
f 2711//2711 2717//2717 2631//2631
f 2716//2716 2717//2717 2711//2711
f 2718//2718 2637//2637 2636//2636
f 2718//2718 2636//2636 2717//2717
f 2718//2718 2639//2639 2637//2637
f 2641//2641 2719//2719 2640//2640
f 2712//2712 2634//2634 2640//2640
f 2719//2719 2712//2712 2640//2640
f 2720//2720 2712//2712 2719//2719
f 2722//2722 2713//2713 2721//2721
f 2713//2713 2720//2720 2721//2721
f 2713//2713 2712//2712 2720//2720
f 2713//2713 2722//2722 2714//2714
f 2714//2714 2722//2722 2723//2723
f 2714//2714 2723//2723 2715//2715
f 2715//2715 2723//2723 2724//2724
f 2715//2715 2724//2724 2716//2716
f 2716//2716 2724//2724 2725//2725
f 2716//2716 2725//2725 2717//2717
f 2717//2717 2725//2725 2726//2726
f 2728//2728 2727//2727 2726//2726
f 2727//2727 2717//2717 2726//2726
f 2727//2727 2718//2718 2717//2717
f 2727//2727 2643//2643 2639//2639
f 2727//2727 2639//2639 2718//2718
f 2644//2644 2729//2729 2719//2719
f 2644//2644 2719//2719 2641//2641
f 2731//2731 2720//2720 2730//2730
f 2720//2720 2729//2729 2730//2730
f 2720//2720 2719//2719 2729//2729
f 2720//2720 2731//2731 2721//2721
f 2727//2727 2728//2728 2732//2732
f 2732//2732 2728//2728 2733//2733
f 2734//2734 2645//2645 2643//2643
f 2727//2727 2734//2734 2643//2643
f 2732//2732 2734//2734 2727//2727
f 2734//2734 2646//2646 2645//2645
f 2736//2736 2735//2735 2729//2729
f 2644//2644 2736//2736 2729//2729
f 2647//2647 2736//2736 2644//2644
f 2729//2729 2735//2735 2730//2730
f 2733//2733 2737//2737 2732//2732
f 2739//2739 2738//2738 2737//2737
f 2738//2738 2732//2732 2737//2737
f 2738//2738 2734//2734 2732//2732
f 2738//2738 2649//2649 2646//2646
f 2738//2738 2646//2646 2734//2734
f 2650//2650 2736//2736 2647//2647
f 2650//2650 2740//2740 2736//2736
f 2738//2738 2739//2739 2741//2741
f 2741//2741 2739//2739 2742//2742
f 2741//2741 2652//2652 2649//2649
f 2741//2741 2649//2649 2738//2738
f 2653//2653 2740//2740 2650//2650
f 2653//2653 2743//2743 2740//2740
f 2741//2741 2742//2742 2744//2744
f 2744//2744 2742//2742 2745//2745
f 2744//2744 2655//2655 2652//2652
f 2744//2744 2652//2652 2741//2741
f 2656//2656 2743//2743 2653//2653
f 2656//2656 2746//2746 2743//2743
f 2745//2745 2747//2747 2744//2744
f 2655//2655 2744//2744 2747//2747
f 2748//2748 2655//2655 2747//2747
f 2658//2658 2655//2655 2748//2748
f 2659//2659 2746//2746 2656//2656
f 2659//2659 2749//2749 2746//2746
f 2660//2660 2658//2658 2750//2750
f 2658//2658 2751//2751 2750//2750
f 2658//2658 2748//2748 2751//2751
f 2750//2750 2661//2661 2660//2660
f 2662//2662 2749//2749 2659//2659
f 2662//2662 2752//2752 2749//2749
f 2750//2750 2751//2751 2753//2753
f 2753//2753 2751//2751 2754//2754
f 2753//2753 2663//2663 2661//2661
f 2753//2753 2661//2661 2750//2750
f 2664//2664 2752//2752 2662//2662
f 2664//2664 2755//2755 2752//2752
f 2754//2754 2756//2756 2753//2753
f 2663//2663 2753//2753 2756//2756
f 2757//2757 2663//2663 2756//2756
f 2665//2665 2663//2663 2757//2757
f 2666//2666 2755//2755 2664//2664
f 2666//2666 2758//2758 2755//2755
f 2757//2757 2667//2667 2665//2665
f 2759//2759 2667//2667 2757//2757
f 2668//2668 2758//2758 2666//2666
f 2668//2668 2760//2760 2758//2758
f 2759//2759 2669//2669 2667//2667
f 2761//2761 2669//2669 2759//2759
f 2670//2670 2760//2760 2668//2668
f 2670//2670 2762//2762 2760//2760
f 2761//2761 2671//2671 2669//2669
f 2763//2763 2671//2671 2761//2761
f 2672//2672 2762//2762 2670//2670
f 2672//2672 2764//2764 2762//2762
f 2763//2763 2673//2673 2671//2671
f 2765//2765 2673//2673 2763//2763
f 2674//2674 2764//2764 2672//2672
f 2674//2674 2766//2766 2764//2764
f 2765//2765 2675//2675 2673//2673
f 2767//2767 2675//2675 2765//2765
f 2676//2676 2766//2766 2674//2674
f 2676//2676 2768//2768 2766//2766
f 2767//2767 2677//2677 2675//2675
f 2769//2769 2677//2677 2767//2767
f 2678//2678 2768//2768 2676//2676
f 2678//2678 2770//2770 2768//2768
f 2769//2769 2679//2679 2677//2677
f 2771//2771 2679//2679 2769//2769
f 2680//2680 2770//2770 2678//2678
f 2680//2680 2772//2772 2770//2770
f 2774//2774 2681//2681 2773//2773
f 2681//2681 2771//2771 2773//2773
f 2681//2681 2679//2679 2771//2771
f 2775//2775 2774//2774 2773//2773
f 2682//2682 2772//2772 2680//2680
f 2682//2682 2776//2776 2772//2772
f 2777//2777 2683//2683 2774//2774
f 2774//2774 2683//2683 2681//2681
f 2774//2774 2775//2775 2778//2778
f 2774//2774 2778//2778 2777//2777
f 2684//2684 2776//2776 2682//2682
f 2684//2684 2779//2779 2776//2776
f 2780//2780 2685//2685 2777//2777
f 2777//2777 2685//2685 2683//2683
f 2777//2777 2778//2778 2781//2781
f 2777//2777 2781//2781 2780//2780
f 2784//2784 2783//2783 2782//2782
f 2783//2783 2779//2779 2782//2782
f 2779//2779 2686//2686 2782//2782
f 2779//2779 2684//2684 2686//2686
f 2780//2780 2687//2687 2685//2685
f 2689//2689 2687//2687 2780//2780
f 2781//2781 2689//2689 2780//2780
f 2785//2785 2689//2689 2781//2781
f 2784//2784 2782//2782 2786//2786
f 2784//2784 2786//2786 2787//2787
f 2690//2690 2786//2786 2686//2686
f 2686//2686 2786//2786 2782//2782
f 2789//2789 2692//2692 2788//2788
f 2692//2692 2785//2785 2788//2788
f 2692//2692 2689//2689 2785//2785
f 2790//2790 2789//2789 2788//2788
f 2787//2787 2786//2786 2791//2791
f 2787//2787 2791//2791 2792//2792
f 2693//2693 2791//2791 2690//2690
f 2690//2690 2791//2791 2786//2786
f 2793//2793 2695//2695 2789//2789
f 2789//2789 2695//2695 2692//2692
f 2789//2789 2790//2790 2794//2794
f 2789//2789 2794//2794 2793//2793
f 2792//2792 2791//2791 2697//2697
f 2698//2698 2792//2792 2697//2697
f 2795//2795 2792//2792 2698//2698
f 2697//2697 2791//2791 2693//2693
f 2796//2796 2700//2700 2793//2793
f 2793//2793 2700//2700 2695//2695
f 2793//2793 2794//2794 2797//2797
f 2793//2793 2797//2797 2796//2796
f 2698//2698 2701//2701 2798//2798
f 2799//2799 2698//2698 2798//2798
f 2795//2795 2698//2698 2799//2799
f 2702//2702 2798//2798 2701//2701
f 2800//2800 2703//2703 2704//2704
f 2801//2801 2800//2800 2704//2704
f 2801//2801 2704//2704 2700//2700
f 2802//2802 2801//2801 2700//2700
f 2796//2796 2802//2802 2700//2700
f 2802//2802 2796//2796 2797//2797
f 2799//2799 2798//2798 2803//2803
f 2799//2799 2803//2803 2804//2804
f 2705//2705 2803//2803 2702//2702
f 2702//2702 2803//2803 2798//2798
f 2805//2805 2707//2707 2800//2800
f 2800//2800 2707//2707 2703//2703
f 2800//2800 2801//2801 2806//2806
f 2800//2800 2806//2806 2805//2805
f 2721//2721 2807//2807 2722//2722
f 2808//2808 2723//2723 2722//2722
f 2808//2808 2722//2722 2807//2807
f 2809//2809 2724//2724 2723//2723
f 2809//2809 2723//2723 2808//2808
f 2810//2810 2725//2725 2724//2724
f 2810//2810 2724//2724 2809//2809
f 2811//2811 2726//2726 2725//2725
f 2811//2811 2725//2725 2810//2810
f 2811//2811 2728//2728 2726//2726
f 2730//2730 2812//2812 2731//2731
f 2807//2807 2721//2721 2731//2731
f 2812//2812 2807//2807 2731//2731
f 2813//2813 2807//2807 2812//2812
f 2815//2815 2808//2808 2814//2814
f 2808//2808 2813//2813 2814//2814
f 2808//2808 2807//2807 2813//2813
f 2808//2808 2815//2815 2809//2809
f 2809//2809 2815//2815 2816//2816
f 2818//2818 2817//2817 2816//2816
f 2817//2817 2809//2809 2816//2816
f 2817//2817 2810//2810 2809//2809
f 2810//2810 2819//2819 2811//2811
f 2810//2810 2817//2817 2819//2819
f 2819//2819 2733//2733 2728//2728
f 2819//2819 2728//2728 2811//2811
f 2736//2736 2820//2820 2735//2735
f 2812//2812 2730//2730 2735//2735
f 2820//2820 2812//2812 2735//2735
f 2821//2821 2812//2812 2820//2820
f 2823//2823 2813//2813 2822//2822
f 2813//2813 2821//2821 2822//2822
f 2813//2813 2812//2812 2821//2821
f 2813//2813 2823//2823 2814//2814
f 2818//2818 2824//2824 2817//2817
f 2826//2826 2825//2825 2824//2824
f 2825//2825 2817//2817 2824//2824
f 2825//2825 2819//2819 2817//2817
f 2827//2827 2737//2737 2733//2733
f 2819//2819 2827//2827 2733//2733
f 2825//2825 2827//2827 2819//2819
f 2827//2827 2739//2739 2737//2737
f 2740//2740 2828//2828 2820//2820
f 2740//2740 2820//2820 2736//2736
f 2830//2830 2821//2821 2829//2829
f 2821//2821 2828//2828 2829//2829
f 2821//2821 2820//2820 2828//2828
f 2821//2821 2830//2830 2822//2822
f 2826//2826 2831//2831 2825//2825
f 2833//2833 2832//2832 2831//2831
f 2832//2832 2825//2825 2831//2831
f 2832//2832 2827//2827 2825//2825
f 2832//2832 2742//2742 2739//2739
f 2832//2832 2739//2739 2827//2827
f 2743//2743 2834//2834 2828//2828
f 2743//2743 2828//2828 2740//2740
f 2829//2829 2828//2828 2835//2835
f 2835//2835 2828//2828 2834//2834
f 2832//2832 2833//2833 2836//2836
f 2836//2836 2833//2833 2837//2837
f 2836//2836 2745//2745 2742//2742
f 2836//2836 2742//2742 2832//2832
f 2839//2839 2838//2838 2834//2834
f 2743//2743 2839//2839 2834//2834
f 2746//2746 2839//2839 2743//2743
f 2834//2834 2838//2838 2835//2835
f 2837//2837 2840//2840 2836//2836
f 2840//2840 2842//2842 2841//2841
f 2840//2840 2841//2841 2747//2747
f 2836//2836 2840//2840 2747//2747
f 2745//2745 2836//2836 2747//2747
f 2841//2841 2748//2748 2747//2747
f 2749//2749 2839//2839 2746//2746
f 2749//2749 2843//2843 2839//2839
f 2841//2841 2842//2842 2844//2844
f 2844//2844 2842//2842 2845//2845
f 2844//2844 2751//2751 2748//2748
f 2844//2844 2748//2748 2841//2841
f 2752//2752 2843//2843 2749//2749
f 2752//2752 2846//2846 2843//2843
f 2845//2845 2847//2847 2844//2844
f 2751//2751 2844//2844 2847//2847
f 2848//2848 2751//2751 2847//2847
f 2754//2754 2751//2751 2848//2848
f 2755//2755 2846//2846 2752//2752
f 2755//2755 2849//2849 2846//2846
f 2756//2756 2754//2754 2850//2850
f 2754//2754 2851//2851 2850//2850
f 2754//2754 2848//2848 2851//2851
f 2850//2850 2757//2757 2756//2756
f 2758//2758 2849//2849 2755//2755
f 2758//2758 2852//2852 2849//2849
f 2850//2850 2851//2851 2853//2853
f 2853//2853 2851//2851 2854//2854
f 2853//2853 2759//2759 2757//2757
f 2853//2853 2757//2757 2850//2850
f 2760//2760 2852//2852 2758//2758
f 2760//2760 2855//2855 2852//2852
f 2853//2853 2854//2854 2856//2856
f 2856//2856 2854//2854 2857//2857
f 2856//2856 2761//2761 2759//2759
f 2856//2856 2759//2759 2853//2853
f 2762//2762 2855//2855 2760//2760
f 2762//2762 2858//2858 2855//2855
f 2856//2856 2857//2857 2859//2859
f 2859//2859 2857//2857 2860//2860
f 2859//2859 2763//2763 2761//2761
f 2859//2859 2761//2761 2856//2856
f 2764//2764 2858//2858 2762//2762
f 2764//2764 2861//2861 2858//2858
f 2860//2860 2862//2862 2859//2859
f 2763//2763 2859//2859 2862//2862
f 2863//2863 2763//2763 2862//2862
f 2765//2765 2763//2763 2863//2863
f 2766//2766 2861//2861 2764//2764
f 2766//2766 2864//2864 2861//2861
f 2863//2863 2767//2767 2765//2765
f 2865//2865 2767//2767 2863//2863
f 2768//2768 2864//2864 2766//2766
f 2768//2768 2866//2866 2864//2864
f 2865//2865 2769//2769 2767//2767
f 2867//2867 2769//2769 2865//2865
f 2770//2770 2866//2866 2768//2768
f 2770//2770 2868//2868 2866//2866
f 2867//2867 2771//2771 2769//2769
f 2869//2869 2771//2771 2867//2867
f 2772//2772 2868//2868 2770//2770
f 2772//2772 2870//2870 2868//2868
f 2869//2869 2871//2871 2771//2771
f 2771//2771 2871//2871 2773//2773
f 2775//2775 2773//2773 2871//2871
f 2775//2775 2871//2871 2872//2872
f 2776//2776 2870//2870 2772//2772
f 2776//2776 2873//2873 2870//2870
f 2872//2872 2778//2778 2775//2775
f 2874//2874 2778//2778 2872//2872
f 2877//2877 2876//2876 2875//2875
f 2876//2876 2873//2873 2875//2875
f 2873//2873 2779//2779 2875//2875
f 2873//2873 2776//2776 2779//2779
f 2874//2874 2781//2781 2778//2778
f 2878//2878 2781//2781 2874//2874
f 2877//2877 2875//2875 2783//2783
f 2784//2784 2877//2877 2783//2783
f 2879//2879 2877//2877 2784//2784
f 2783//2783 2875//2875 2779//2779
f 2881//2881 2785//2785 2880//2880
f 2785//2785 2878//2878 2880//2880
f 2785//2785 2781//2781 2878//2878
f 2882//2882 2881//2881 2880//2880
f 2787//2787 2879//2879 2784//2784
f 2787//2787 2883//2883 2879//2879
f 2881//2881 2788//2788 2785//2785
f 2790//2790 2788//2788 2881//2881
f 2882//2882 2790//2790 2881//2881
f 2884//2884 2790//2790 2882//2882
f 2792//2792 2883//2883 2787//2787
f 2792//2792 2885//2885 2883//2883
f 2884//2884 2794//2794 2790//2790
f 2886//2886 2794//2794 2884//2884
f 2795//2795 2885//2885 2792//2792
f 2795//2795 2887//2887 2885//2885
f 2886//2886 2797//2797 2794//2794
f 2888//2888 2797//2797 2886//2886
f 2799//2799 2887//2887 2795//2795
f 2799//2799 2889//2889 2887//2887
f 2890//2890 2801//2801 2802//2802
f 2891//2891 2890//2890 2802//2802
f 2797//2797 2891//2891 2802//2802
f 2888//2888 2891//2891 2797//2797
f 2804//2804 2889//2889 2799//2799
f 2804//2804 2892//2892 2889//2889
f 2894//2894 2893//2893 2890//2890
f 2893//2893 2801//2801 2890//2890
f 2893//2893 2806//2806 2801//2801
f 2894//2894 2890//2890 2891//2891
f 2814//2814 2895//2895 2815//2815
f 2896//2896 2816//2816 2815//2815
f 2896//2896 2815//2815 2895//2895
f 2896//2896 2818//2818 2816//2816
f 2822//2822 2897//2897 2823//2823
f 2895//2895 2814//2814 2823//2823
f 2897//2897 2895//2895 2823//2823
f 2898//2898 2895//2895 2897//2897
f 2895//2895 2899//2899 2896//2896
f 2895//2895 2898//2898 2899//2899
f 2900//2900 2824//2824 2818//2818
f 2896//2896 2900//2900 2818//2818
f 2899//2899 2900//2900 2896//2896
f 2900//2900 2826//2826 2824//2824
f 2829//2829 2901//2901 2830//2830
f 2897//2897 2822//2822 2830//2830
f 2901//2901 2897//2897 2830//2830
f 2902//2902 2897//2897 2901//2901
f 2897//2897 2903//2903 2898//2898
f 2897//2897 2902//2902 2903//2903
f 2898//2898 2904//2904 2899//2899
f 2898//2898 2903//2903 2904//2904
f 2899//2899 2905//2905 2900//2900
f 2899//2899 2904//2904 2905//2905
f 2906//2906 2831//2831 2826//2826
f 2900//2900 2906//2906 2826//2826
f 2905//2905 2906//2906 2900//2900
f 2906//2906 2833//2833 2831//2831
f 2835//2835 2907//2907 2901//2901
f 2835//2835 2901//2901 2829//2829
f 2909//2909 2902//2902 2908//2908
f 2902//2902 2907//2907 2908//2908
f 2902//2902 2901//2901 2907//2907
f 2902//2902 2909//2909 2903//2903
f 2903//2903 2909//2909 2910//2910
f 2903//2903 2910//2910 2904//2904
f 2904//2904 2910//2910 2911//2911
f 2904//2904 2911//2911 2905//2905
f 2905//2905 2911//2911 2912//2912
f 2914//2914 2913//2913 2912//2912
f 2913//2913 2905//2905 2912//2912
f 2913//2913 2906//2906 2905//2905
f 2913//2913 2837//2837 2833//2833
f 2913//2913 2833//2833 2906//2906
f 2839//2839 2915//2915 2838//2838
f 2915//2915 2916//2916 2838//2838
f 2838//2838 2916//2916 2835//2835
f 2916//2916 2917//2917 2835//2835
f 2917//2917 2907//2907 2835//2835
f 2907//2907 2917//2917 2908//2908
f 2913//2913 2914//2914 2918//2918
f 2918//2918 2914//2914 2919//2919
f 2920//2920 2840//2840 2837//2837
f 2913//2913 2920//2920 2837//2837
f 2918//2918 2920//2920 2913//2913
f 2920//2920 2842//2842 2840//2840
f 2843//2843 2921//2921 2915//2915
f 2843//2843 2915//2915 2839//2839
f 2916//2916 2915//2915 2922//2922
f 2922//2922 2915//2915 2921//2921
f 2919//2919 2923//2923 2918//2918
f 2925//2925 2924//2924 2923//2923
f 2924//2924 2918//2918 2923//2923
f 2924//2924 2920//2920 2918//2918
f 2924//2924 2845//2845 2842//2842
f 2924//2924 2842//2842 2920//2920
f 2927//2927 2926//2926 2921//2921
f 2843//2843 2927//2927 2921//2921
f 2846//2846 2927//2927 2843//2843
f 2921//2921 2926//2926 2922//2922
f 2924//2924 2925//2925 2928//2928
f 2928//2928 2925//2925 2929//2929
f 2930//2930 2847//2847 2845//2845
f 2924//2924 2930//2930 2845//2845
f 2928//2928 2930//2930 2924//2924
f 2930//2930 2848//2848 2847//2847
f 2849//2849 2927//2927 2846//2846
f 2849//2849 2931//2931 2927//2927
f 2929//2929 2932//2932 2928//2928
f 2934//2934 2933//2933 2932//2932
f 2933//2933 2928//2928 2932//2932
f 2933//2933 2930//2930 2928//2928
f 2933//2933 2851//2851 2848//2848
f 2933//2933 2848//2848 2930//2930
f 2852//2852 2931//2931 2849//2849
f 2852//2852 2935//2935 2931//2931
f 2933//2933 2934//2934 2936//2936
f 2936//2936 2934//2934 2937//2937
f 2936//2936 2854//2854 2851//2851
f 2936//2936 2851//2851 2933//2933
f 2855//2855 2935//2935 2852//2852
f 2855//2855 2938//2938 2935//2935
f 2936//2936 2937//2937 2939//2939
f 2939//2939 2937//2937 2940//2940
f 2939//2939 2857//2857 2854//2854
f 2939//2939 2854//2854 2936//2936
f 2858//2858 2938//2938 2855//2855
f 2858//2858 2941//2941 2938//2938
f 2940//2940 2942//2942 2939//2939
f 2857//2857 2939//2939 2942//2942
f 2943//2943 2857//2857 2942//2942
f 2860//2860 2857//2857 2943//2943
f 2861//2861 2941//2941 2858//2858
f 2861//2861 2944//2944 2941//2941
f 2862//2862 2860//2860 2945//2945
f 2860//2860 2946//2946 2945//2945
f 2860//2860 2943//2943 2946//2946
f 2945//2945 2863//2863 2862//2862
f 2864//2864 2944//2944 2861//2861
f 2864//2864 2947//2947 2944//2944
f 2946//2946 2948//2948 2945//2945
f 2863//2863 2945//2945 2948//2948
f 2949//2949 2863//2863 2948//2948
f 2865//2865 2863//2863 2949//2949
f 2866//2866 2947//2947 2864//2864
f 2866//2866 2950//2950 2947//2947
f 2949//2949 2867//2867 2865//2865
f 2951//2951 2867//2867 2949//2949
f 2868//2868 2950//2950 2866//2866
f 2868//2868 2952//2952 2950//2950
f 2951//2951 2869//2869 2867//2867
f 2953//2953 2869//2869 2951//2951
f 2870//2870 2952//2952 2868//2868
f 2870//2870 2954//2954 2952//2952
f 2871//2871 2869//2869 2955//2955
f 2869//2869 2956//2956 2955//2955
f 2869//2869 2953//2953 2956//2956
f 2955//2955 2872//2872 2871//2871
f 2873//2873 2954//2954 2870//2870
f 2873//2873 2957//2957 2954//2954
f 2956//2956 2958//2958 2955//2955
f 2872//2872 2955//2955 2958//2958
f 2959//2959 2872//2872 2958//2958
f 2874//2874 2872//2872 2959//2959
f 2961//2961 2960//2960 2876//2876
f 2961//2961 2876//2876 2877//2877
f 2873//2873 2876//2876 2957//2957
f 2957//2957 2876//2876 2960//2960
f 2959//2959 2878//2878 2874//2874
f 2962//2962 2878//2878 2959//2959
f 2879//2879 2961//2961 2877//2877
f 2879//2879 2963//2963 2961//2961
f 2962//2962 2964//2964 2878//2878
f 2878//2878 2964//2964 2880//2880
f 2882//2882 2880//2880 2964//2964
f 2882//2882 2964//2964 2965//2965
f 2883//2883 2963//2963 2879//2879
f 2883//2883 2966//2966 2963//2963
f 2965//2965 2884//2884 2882//2882
f 2967//2967 2884//2884 2965//2965
f 2885//2885 2966//2966 2883//2883
f 2885//2885 2968//2968 2966//2966
f 2967//2967 2886//2886 2884//2884
f 2969//2969 2886//2886 2967//2967
f 2887//2887 2968//2968 2885//2885
f 2887//2887 2970//2970 2968//2968
f 2969//2969 2888//2888 2886//2886
f 2971//2971 2888//2888 2969//2969
f 2889//2889 2970//2970 2887//2887
f 2889//2889 2972//2972 2970//2970
f 2975//2975 2974//2974 2973//2973
f 2971//2971 2975//2975 2973//2973
f 2891//2891 2971//2971 2973//2973
f 2888//2888 2971//2971 2891//2891
f 2892//2892 2972//2972 2889//2889
f 2892//2892 2976//2976 2972//2972
f 2973//2973 2974//2974 2894//2894
f 2974//2974 2893//2893 2894//2894
f 2974//2974 2977//2977 2893//2893
f 2973//2973 2894//2894 2891//2891
f 2908//2908 2978//2978 2909//2909
f 2979//2979 2910//2910 2909//2909
f 2979//2979 2909//2909 2978//2978
f 2980//2980 2911//2911 2910//2910
f 2980//2980 2910//2910 2979//2979
f 2981//2981 2912//2912 2911//2911
f 2981//2981 2911//2911 2980//2980
f 2981//2981 2914//2914 2912//2912
f 2916//2916 2982//2982 2917//2917
f 2978//2978 2908//2908 2917//2917
f 2982//2982 2978//2978 2917//2917
f 2983//2983 2978//2978 2982//2982
f 2978//2978 2984//2984 2979//2979
f 2978//2978 2983//2983 2984//2984
f 2979//2979 2985//2985 2980//2980
f 2979//2979 2984//2984 2985//2985
f 2980//2980 2986//2986 2981//2981
f 2980//2980 2985//2985 2986//2986
f 2986//2986 2919//2919 2914//2914
f 2986//2986 2914//2914 2981//2981
f 2922//2922 2987//2987 2982//2982
f 2922//2922 2982//2982 2916//2916
f 2982//2982 2988//2988 2983//2983
f 2982//2982 2987//2987 2988//2988
f 2990//2990 2984//2984 2989//2989
f 2984//2984 2988//2988 2989//2989
f 2984//2984 2983//2983 2988//2988
f 2984//2984 2990//2990 2985//2985
f 2985//2985 2990//2990 2991//2991
f 2993//2993 2992//2992 2991//2991
f 2992//2992 2985//2985 2991//2991
f 2992//2992 2986//2986 2985//2985
f 2994//2994 2923//2923 2919//2919
f 2986//2986 2994//2994 2919//2919
f 2992//2992 2994//2994 2986//2986
f 2994//2994 2925//2925 2923//2923
f 2927//2927 2995//2995 2926//2926
f 2987//2987 2922//2922 2926//2926
f 2995//2995 2987//2987 2926//2926
f 2996//2996 2987//2987 2995//2995
f 2998//2998 2988//2988 2997//2997
f 2988//2988 2996//2996 2997//2997
f 2988//2988 2987//2987 2996//2996
f 2988//2988 2998//2998 2989//2989
f 2993//2993 2999//2999 2992//2992
f 3001//3001 3000//3000 2999//2999
f 3000//3000 2992//2992 2999//2999
f 3000//3000 2994//2994 2992//2992
f 3000//3000 2929//2929 2925//2925
f 3000//3000 2925//2925 2994//2994
f 2931//2931 3002//3002 2995//2995
f 2931//2931 2995//2995 2927//2927
f 3004//3004 2996//2996 3003//3003
f 2996//2996 3002//3002 3003//3003
f 2996//2996 2995//2995 3002//3002
f 2996//2996 3004//3004 2997//2997
f 3000//3000 3001//3001 3005//3005
f 3005//3005 3001//3001 3006//3006
f 3007//3007 2932//2932 2929//2929
f 3000//3000 3007//3007 2929//2929
f 3005//3005 3007//3007 3000//3000
f 3007//3007 2934//2934 2932//2932
f 2935//2935 3008//3008 3002//3002
f 2935//2935 3002//3002 2931//2931
f 3003//3003 3002//3002 3009//3009
f 3009//3009 3002//3002 3008//3008
f 3006//3006 3010//3010 3005//3005
f 3012//3012 3011//3011 3010//3010
f 3011//3011 3005//3005 3010//3010
f 3011//3011 3007//3007 3005//3005
f 3011//3011 2937//2937 2934//2934
f 3011//3011 2934//2934 3007//3007
f 3014//3014 3013//3013 3008//3008
f 2935//2935 3014//3014 3008//3008
f 2938//2938 3014//3014 2935//2935
f 3008//3008 3013//3013 3009//3009
f 3011//3011 3012//3012 3015//3015
f 3015//3015 3012//3012 3016//3016
f 3015//3015 2940//2940 2937//2937
f 3015//3015 2937//2937 3011//3011
f 2941//2941 3014//3014 2938//2938
f 2941//2941 3017//3017 3014//3014
f 3016//3016 3018//3018 3015//3015
f 3018//3018 3020//3020 3019//3019
f 3018//3018 3019//3019 2942//2942
f 3015//3015 3018//3018 2942//2942
f 2940//2940 3015//3015 2942//2942
f 3019//3019 2943//2943 2942//2942
f 2944//2944 3017//3017 2941//2941
f 2944//2944 3021//3021 3017//3017
f 3019//3019 3020//3020 3022//3022
f 3022//3022 3020//3020 3023//3023
f 3022//3022 2946//2946 2943//2943
f 3022//3022 2943//2943 3019//3019
f 2947//2947 3021//3021 2944//2944
f 2947//2947 3024//3024 3021//3021
f 3023//3023 3025//3025 3022//3022
f 3025//3025 3027//3027 3026//3026
f 3025//3025 3026//3026 2948//2948
f 3022//3022 3025//3025 2948//2948
f 2946//2946 3022//3022 2948//2948
f 3026//3026 2949//2949 2948//2948
f 2950//2950 3024//3024 2947//2947
f 2950//2950 3028//3028 3024//3024
f 3026//3026 3027//3027 3029//3029
f 3029//3029 3027//3027 3030//3030
f 3029//3029 2951//2951 2949//2949
f 3029//3029 2949//2949 3026//3026
f 2952//2952 3028//3028 2950//2950
f 2952//2952 3031//3031 3028//3028
f 3029//3029 3030//3030 3032//3032
f 3032//3032 3030//3030 3033//3033
f 3032//3032 2953//2953 2951//2951
f 3032//3032 2951//2951 3029//3029
f 2954//2954 3031//3031 2952//2952
f 2954//2954 3034//3034 3031//3031
f 3033//3033 3035//3035 3032//3032
f 2953//2953 3032//3032 3035//3035
f 3036//3036 2953//2953 3035//3035
f 2956//2956 2953//2953 3036//3036
f 2957//2957 3034//3034 2954//2954
f 2957//2957 3037//3037 3034//3034
f 3036//3036 3038//3038 2956//2956
f 2956//2956 3038//3038 2958//2958
f 2959//2959 2958//2958 3038//3038
f 2959//2959 3038//3038 3039//3039
f 3041//3041 3040//3040 2960//2960
f 3041//3041 2960//2960 2961//2961
f 2957//2957 2960//2960 3037//3037
f 3037//3037 2960//2960 3040//3040
f 3039//3039 2962//2962 2959//2959
f 3042//3042 2962//2962 3039//3039
f 2963//2963 3041//3041 2961//2961
f 2963//2963 3043//3043 3041//3041
f 2964//2964 2962//2962 3044//3044
f 2962//2962 3045//3045 3044//3044
f 2962//2962 3042//3042 3045//3045
f 3044//3044 2965//2965 2964//2964
f 2966//2966 3043//3043 2963//2963
f 2966//2966 3046//3046 3043//3043
f 3045//3045 3047//3047 3044//3044
f 2965//2965 3044//3044 3047//3047
f 3048//3048 2965//2965 3047//3047
f 2967//2967 2965//2965 3048//3048
f 2968//2968 3046//3046 2966//2966
f 2968//2968 3049//3049 3046//3046
f 3048//3048 2969//2969 2967//2967
f 3050//3050 2969//2969 3048//3048
f 2970//2970 3049//3049 2968//2968
f 2970//2970 3051//3051 3049//3049
f 3050//3050 2971//2971 2969//2969
f 3052//3052 2971//2971 3050//3050
f 2972//2972 3051//3051 2970//2970
f 2972//2972 3053//3053 3051//3051
f 3055//3055 3054//3054 2975//2975
f 2975//2975 3054//3054 2974//2974
f 2975//2975 2971//2971 3052//3052
f 2975//2975 3052//3052 3055//3055
f 2976//2976 3053//3053 2972//2972
f 2976//2976 3056//3056 3053//3053
f 3054//3054 2977//2977 2974//2974
f 3057//3057 2977//2977 3054//3054
f 2989//2989 3058//3058 2990//2990
f 3059//3059 2991//2991 2990//2990
f 3059//3059 2990//2990 3058//3058
f 3059//3059 2993//2993 2991//2991
f 2997//2997 3060//3060 2998//2998
f 3058//3058 2989//2989 2998//2998
f 3060//3060 3058//3058 2998//2998
f 3061//3061 3058//3058 3060//3060
f 3058//3058 3062//3062 3059//3059
f 3058//3058 3061//3061 3062//3062
f 3063//3063 2999//2999 2993//2993
f 3059//3059 3063//3063 2993//2993
f 3062//3062 3063//3063 3059//3059
f 3063//3063 3001//3001 2999//2999
f 3003//3003 3064//3064 3004//3004
f 3060//3060 2997//2997 3004//3004
f 3064//3064 3060//3060 3004//3004
f 3065//3065 3060//3060 3064//3064
f 3060//3060 3066//3066 3061//3061
f 3060//3060 3065//3065 3066//3066
f 3061//3061 3067//3067 3062//3062
f 3061//3061 3066//3066 3067//3067
f 3062//3062 3068//3068 3063//3063
f 3062//3062 3067//3067 3068//3068
f 3068//3068 3006//3006 3001//3001
f 3068//3068 3001//3001 3063//3063
f 3009//3009 3069//3069 3064//3064
f 3009//3009 3064//3064 3003//3003
f 3064//3064 3070//3070 3065//3065
f 3064//3064 3069//3069 3070//3070
f 3065//3065 3071//3071 3066//3066
f 3065//3065 3070//3070 3071//3071
f 3066//3066 3072//3072 3067//3067
f 3066//3066 3071//3071 3072//3072
f 3067//3067 3073//3073 3068//3068
f 3067//3067 3072//3072 3073//3073
f 3074//3074 3010//3010 3006//3006
f 3068//3068 3074//3074 3006//3006
f 3073//3073 3074//3074 3068//3068
f 3074//3074 3012//3012 3010//3010
f 3014//3014 3075//3075 3013//3013
f 3069//3069 3009//3009 3013//3013
f 3075//3075 3069//3069 3013//3013
f 3076//3076 3069//3069 3075//3075
f 3069//3069 3077//3077 3070//3070
f 3069//3069 3076//3076 3077//3077
f 3079//3079 3071//3071 3078//3078
f 3071//3071 3077//3077 3078//3078
f 3071//3071 3070//3070 3077//3077
f 3071//3071 3079//3079 3072//3072
f 3072//3072 3079//3079 3080//3080
f 3082//3082 3081//3081 3080//3080
f 3081//3081 3072//3072 3080//3080
f 3081//3081 3073//3073 3072//3072
f 3073//3073 3083//3083 3074//3074
f 3073//3073 3081//3081 3083//3083
f 3083//3083 3016//3016 3012//3012
f 3083//3083 3012//3012 3074//3074
f 3017//3017 3084//3084 3075//3075
f 3017//3017 3075//3075 3014//3014
f 3075//3075 3085//3085 3076//3076
f 3075//3075 3084//3084 3085//3085
f 3087//3087 3077//3077 3086//3086
f 3077//3077 3085//3085 3086//3086
f 3077//3077 3076//3076 3085//3085
f 3077//3077 3087//3087 3078//3078
f 3081//3081 3082//3082 3088//3088
f 3088//3088 3082//3082 3089//3089
f 3081//3081 3090//3090 3083//3083
f 3081//3081 3088//3088 3090//3090
f 3091//3091 3018//3018 3016//3016
f 3083//3083 3091//3091 3016//3016
f 3090//3090 3091//3091 3083//3083
f 3091//3091 3020//3020 3018//3018
f 3021//3021 3092//3092 3084//3084
f 3021//3021 3084//3084 3017//3017
f 3094//3094 3085//3085 3093//3093
f 3085//3085 3092//3092 3093//3093
f 3085//3085 3084//3084 3092//3092
f 3085//3085 3094//3094 3086//3086
f 3089//3089 3095//3095 3088//3088
f 3097//3097 3096//3096 3095//3095
f 3096//3096 3088//3088 3095//3095
f 3096//3096 3090//3090 3088//3088
f 3090//3090 3098//3098 3091//3091
f 3090//3090 3096//3096 3098//3098
f 3098//3098 3023//3023 3020//3020
f 3098//3098 3020//3020 3091//3091
f 3100//3100 3099//3099 3092//3092
f 3021//3021 3100//3100 3092//3092
f 3024//3024 3100//3100 3021//3021
f 3092//3092 3099//3099 3093//3093
f 3097//3097 3101//3101 3096//3096
f 3103//3103 3102//3102 3101//3101
f 3102//3102 3096//3096 3101//3101
f 3102//3102 3098//3098 3096//3096
f 3104//3104 3025//3025 3023//3023
f 3098//3098 3104//3104 3023//3023
f 3102//3102 3104//3104 3098//3098
f 3104//3104 3027//3027 3025//3025
f 3028//3028 3100//3100 3024//3024
f 3028//3028 3105//3105 3100//3100
f 3103//3103 3106//3106 3102//3102
f 3108//3108 3107//3107 3106//3106
f 3107//3107 3102//3102 3106//3106
f 3107//3107 3104//3104 3102//3102
f 3107//3107 3030//3030 3027//3027
f 3107//3107 3027//3027 3104//3104
f 3031//3031 3105//3105 3028//3028
f 3031//3031 3109//3109 3105//3105
f 3108//3108 3110//3110 3107//3107
f 3030//3030 3107//3107 3110//3110
f 3111//3111 3030//3030 3110//3110
f 3033//3033 3030//3030 3111//3111
f 3034//3034 3109//3109 3031//3031
f 3034//3034 3112//3112 3109//3109
f 3111//3111 3113//3113 3033//3033
f 3033//3033 3113//3113 3035//3035
f 3036//3036 3035//3035 3113//3113
f 3036//3036 3113//3113 3114//3114
f 3037//3037 3112//3112 3034//3034
f 3037//3037 3115//3115 3112//3112
f 3038//3038 3036//3036 3116//3116
f 3036//3036 3117//3117 3116//3116
f 3036//3036 3114//3114 3117//3117
f 3116//3116 3039//3039 3038//3038
f 3119//3119 3118//3118 3040//3040
f 3119//3119 3040//3040 3041//3041
f 3037//3037 3040//3040 3115//3115
f 3115//3115 3040//3040 3118//3118
f 3117//3117 3120//3120 3116//3116
f 3039//3039 3116//3116 3120//3120
f 3121//3121 3039//3039 3120//3120
f 3042//3042 3039//3039 3121//3121
f 3043//3043 3119//3119 3041//3041
f 3043//3043 3122//3122 3119//3119
f 3121//3121 3045//3045 3042//3042
f 3123//3123 3045//3045 3121//3121
f 3046//3046 3122//3122 3043//3043
f 3046//3046 3124//3124 3122//3122
f 3047//3047 3045//3045 3125//3125
f 3045//3045 3126//3126 3125//3125
f 3045//3045 3123//3123 3126//3126
f 3125//3125 3048//3048 3047//3047
f 3049//3049 3124//3124 3046//3046
f 3049//3049 3127//3127 3124//3124
f 3125//3125 3126//3126 3128//3128
f 3128//3128 3126//3126 3129//3129
f 3128//3128 3050//3050 3048//3048
f 3128//3128 3048//3048 3125//3125
f 3051//3051 3127//3127 3049//3049
f 3051//3051 3130//3130 3127//3127
f 3128//3128 3129//3129 3131//3131
f 3131//3131 3129//3129 3132//3132
f 3131//3131 3052//3052 3050//3050
f 3131//3131 3050//3050 3128//3128
f 3053//3053 3130//3130 3051//3051
f 3053//3053 3133//3133 3130//3130
f 3131//3131 3132//3132 3055//3055
f 3132//3132 3054//3054 3055//3055
f 3132//3132 3134//3134 3054//3054
f 3131//3131 3055//3055 3052//3052
f 3056//3056 3136//3136 3135//3135
f 3133//3133 3056//3056 3135//3135
f 3053//3053 3056//3056 3133//3133
f 3136//3136 3137//3137 3135//3135
f 3134//3134 3057//3057 3054//3054
f 3138//3138 3057//3057 3134//3134
f 3078//3078 3139//3139 3079//3079
f 3140//3140 3080//3080 3079//3079
f 3140//3140 3079//3079 3139//3139
f 3140//3140 3082//3082 3080//3080
f 3086//3086 3141//3141 3087//3087
f 3139//3139 3078//3078 3087//3087
f 3141//3141 3139//3139 3087//3087
f 3142//3142 3139//3139 3141//3141
f 3139//3139 3143//3143 3140//3140
f 3139//3139 3142//3142 3143//3143
f 3143//3143 3089//3089 3082//3082
f 3143//3143 3082//3082 3140//3140
f 3093//3093 3144//3144 3094//3094
f 3141//3141 3086//3086 3094//3094
f 3144//3144 3141//3141 3094//3094
f 3145//3145 3141//3141 3144//3144
f 3141//3141 3146//3146 3142//3142
f 3141//3141 3145//3145 3146//3146
f 3142//3142 3147//3147 3143//3143
f 3142//3142 3146//3146 3147//3147
f 3148//3148 3095//3095 3089//3089
f 3143//3143 3148//3148 3089//3089
f 3147//3147 3148//3148 3143//3143
f 3148//3148 3097//3097 3095//3095
f 3100//3100 3149//3149 3099//3099
f 3144//3144 3093//3093 3099//3099
f 3149//3149 3144//3144 3099//3099
f 3150//3150 3144//3144 3149//3149
f 3144//3144 3151//3151 3145//3145
f 3144//3144 3150//3150 3151//3151
f 3145//3145 3152//3152 3146//3146
f 3145//3145 3151//3151 3152//3152
f 3146//3146 3153//3153 3147//3147
f 3146//3146 3152//3152 3153//3153
f 3147//3147 3154//3154 3148//3148
f 3147//3147 3153//3153 3154//3154
f 3155//3155 3101//3101 3097//3097
f 3148//3148 3155//3155 3097//3097
f 3154//3154 3155//3155 3148//3148
f 3155//3155 3103//3103 3101//3101
f 3105//3105 3156//3156 3149//3149
f 3105//3105 3149//3149 3100//3100
f 3149//3149 3157//3157 3150//3150
f 3149//3149 3156//3156 3157//3157
f 3150//3150 3158//3158 3151//3151
f 3150//3150 3157//3157 3158//3158
f 3151//3151 3159//3159 3152//3152
f 3151//3151 3158//3158 3159//3159
f 3161//3161 3153//3153 3160//3160
f 3153//3153 3159//3159 3160//3160
f 3153//3153 3152//3152 3159//3159
f 3163//3163 3162//3162 3161//3161
f 3162//3162 3153//3153 3161//3161
f 3162//3162 3154//3154 3153//3153
f 3154//3154 3164//3164 3155//3155
f 3154//3154 3162//3162 3164//3164
f 3165//3165 3106//3106 3103//3103
f 3155//3155 3165//3165 3103//3103
f 3164//3164 3165//3165 3155//3155
f 3165//3165 3108//3108 3106//3106
f 3109//3109 3166//3166 3156//3156
f 3109//3109 3156//3156 3105//3105
f 3156//3156 3167//3167 3157//3157
f 3156//3156 3166//3166 3167//3167
f 3169//3169 3158//3158 3168//3168
f 3158//3158 3167//3167 3168//3168
f 3158//3158 3157//3157 3167//3167
f 3158//3158 3169//3169 3159//3159
f 3159//3159 3169//3169 3170//3170
f 3159//3159 3170//3170 3160//3160
f 3163//3163 3171//3171 3162//3162
f 3162//3162 3171//3171 3164//3164
f 3164//3164 3171//3171 3172//3172
f 3164//3164 3172//3172 3165//3165
f 3165//3165 3172//3172 3173//3173
f 3173//3173 3175//3175 3174//3174
f 3173//3173 3174//3174 3110//3110
f 3165//3165 3173//3173 3110//3110
f 3108//3108 3165//3165 3110//3110
f 3174//3174 3111//3111 3110//3110
f 3112//3112 3176//3176 3166//3166
f 3112//3112 3166//3166 3109//3109
f 3178//3178 3167//3167 3177//3177
f 3167//3167 3176//3176 3177//3177
f 3167//3167 3166//3166 3176//3176
f 3167//3167 3178//3178 3168//3168
f 3175//3175 3179//3179 3174//3174
f 3179//3179 3181//3181 3180//3180
f 3179//3179 3180//3180 3113//3113
f 3174//3174 3179//3179 3113//3113
f 3111//3111 3174//3174 3113//3113
f 3180//3180 3114//3114 3113//3113
f 3183//3183 3182//3182 3176//3176
f 3112//3112 3183//3183 3176//3176
f 3115//3115 3183//3183 3112//3112
f 3176//3176 3182//3182 3177//3177
f 3181//3181 3184//3184 3180//3180
f 3114//3114 3180//3180 3184//3184
f 3185//3185 3114//3114 3184//3184
f 3117//3117 3114//3114 3185//3185
f 3119//3119 3186//3186 3118//3118
f 3186//3186 3187//3187 3118//3118
f 3187//3187 3115//3115 3118//3118
f 3187//3187 3183//3183 3115//3115
f 3120//3120 3117//3117 3188//3188
f 3117//3117 3189//3189 3188//3188
f 3117//3117 3185//3185 3189//3189
f 3188//3188 3121//3121 3120//3120
f 3191//3191 3190//3190 3186//3186
f 3119//3119 3191//3191 3186//3186
f 3122//3122 3191//3191 3119//3119
f 3186//3186 3190//3190 3187//3187
f 3189//3189 3192//3192 3188//3188
f 3121//3121 3188//3188 3192//3192
f 3193//3193 3121//3121 3192//3192
f 3123//3123 3121//3121 3193//3193
f 3124//3124 3191//3191 3122//3122
f 3124//3124 3194//3194 3191//3191
f 3193//3193 3126//3126 3123//3123
f 3195//3195 3126//3126 3193//3193
f 3127//3127 3194//3194 3124//3124
f 3127//3127 3196//3196 3194//3194
f 3195//3195 3129//3129 3126//3126
f 3197//3197 3129//3129 3195//3195
f 3130//3130 3196//3196 3127//3127
f 3130//3130 3198//3198 3196//3196
f 3197//3197 3132//3132 3129//3129
f 3199//3199 3132//3132 3197//3197
f 3133//3133 3201//3201 3200//3200
f 3198//3198 3133//3133 3200//3200
f 3130//3130 3133//3133 3198//3198
f 3201//3201 3202//3202 3200//3200
f 3199//3199 3134//3134 3132//3132
f 3203//3203 3134//3134 3199//3199
f 3135//3135 3201//3201 3133//3133
f 3135//3135 3137//3137 3201//3201
f 3137//3137 3202//3202 3201//3201
f 3137//3137 3204//3204 3202//3202
f 3207//3207 3206//3206 3205//3205
f 3203//3203 3207//3207 3205//3205
f 3138//3138 3203//3203 3205//3205
f 3134//3134 3203//3203 3138//3138
f 3160//3160 3208//3208 3161//3161
f 3208//3208 3163//3163 3161//3161
f 3168//3168 3209//3209 3169//3169
f 3210//3210 3170//3170 3169//3169
f 3210//3210 3169//3169 3209//3209
f 3208//3208 3160//3160 3170//3170
f 3210//3210 3208//3208 3170//3170
f 3211//3211 3208//3208 3210//3210
f 3212//3212 3171//3171 3163//3163
f 3208//3208 3212//3212 3163//3163
f 3211//3211 3212//3212 3208//3208
f 3213//3213 3172//3172 3171//3171
f 3213//3213 3171//3171 3212//3212
f 3214//3214 3173//3173 3172//3172
f 3214//3214 3172//3172 3213//3213
f 3214//3214 3175//3175 3173//3173
f 3177//3177 3215//3215 3178//3178
f 3209//3209 3168//3168 3178//3178
f 3215//3215 3209//3209 3178//3178
f 3216//3216 3209//3209 3215//3215
f 3209//3209 3217//3217 3210//3210
f 3209//3209 3216//3216 3217//3217
f 3210//3210 3218//3218 3211//3211
f 3210//3210 3217//3217 3218//3218
f 3211//3211 3219//3219 3212//3212
f 3211//3211 3218//3218 3219//3219
f 3212//3212 3220//3220 3213//3213
f 3212//3212 3219//3219 3220//3220
f 3213//3213 3221//3221 3214//3214
f 3213//3213 3220//3220 3221//3221
f 3222//3222 3179//3179 3175//3175
f 3214//3214 3222//3222 3175//3175
f 3221//3221 3222//3222 3214//3214
f 3222//3222 3181//3181 3179//3179
f 3183//3183 3223//3223 3182//3182
f 3215//3215 3177//3177 3182//3182
f 3223//3223 3215//3215 3182//3182
f 3224//3224 3215//3215 3223//3223
f 3215//3215 3225//3225 3216//3216
f 3215//3215 3224//3224 3225//3225
f 3216//3216 3226//3226 3217//3217
f 3216//3216 3225//3225 3226//3226
f 3217//3217 3227//3227 3218//3218
f 3217//3217 3226//3226 3227//3227
f 3218//3218 3228//3228 3219//3219
f 3218//3218 3227//3227 3228//3228
f 3219//3219 3229//3229 3220//3220
f 3219//3219 3228//3228 3229//3229
f 3220//3220 3230//3230 3221//3221
f 3220//3220 3229//3229 3230//3230
f 3221//3221 3231//3231 3222//3222
f 3221//3221 3230//3230 3231//3231
f 3232//3232 3184//3184 3181//3181
f 3222//3222 3232//3232 3181//3181
f 3231//3231 3232//3232 3222//3222
f 3232//3232 3185//3185 3184//3184
f 3187//3187 3233//3233 3223//3223
f 3187//3187 3223//3223 3183//3183
f 3223//3223 3234//3234 3224//3224
f 3223//3223 3233//3233 3234//3234
f 3224//3224 3235//3235 3225//3225
f 3224//3224 3234//3234 3235//3235
f 3225//3225 3236//3236 3226//3226
f 3225//3225 3235//3235 3236//3236
f 3226//3226 3237//3237 3227//3227
f 3226//3226 3236//3236 3237//3237
f 3227//3227 3238//3238 3228//3228
f 3227//3227 3237//3237 3238//3238
f 3228//3228 3239//3239 3229//3229
f 3228//3228 3238//3238 3239//3239
f 3229//3229 3240//3240 3230//3230
f 3229//3229 3239//3239 3240//3240
f 3230//3230 3241//3241 3231//3231
f 3230//3230 3240//3240 3241//3241
f 3231//3231 3242//3242 3232//3232
f 3231//3231 3241//3241 3242//3242
f 3242//3242 3189//3189 3185//3185
f 3242//3242 3185//3185 3232//3232
f 3191//3191 3243//3243 3190//3190
f 3233//3233 3187//3187 3190//3190
f 3243//3243 3233//3233 3190//3190
f 3244//3244 3233//3233 3243//3243
f 3233//3233 3245//3245 3234//3234
f 3233//3233 3244//3244 3245//3245
f 3234//3234 3246//3246 3235//3235
f 3234//3234 3245//3245 3246//3246
f 3235//3235 3247//3247 3236//3236
f 3235//3235 3246//3246 3247//3247
f 3236//3236 3248//3248 3237//3237
f 3236//3236 3247//3247 3248//3248
f 3237//3237 3249//3249 3238//3238
f 3237//3237 3248//3248 3249//3249
f 3238//3238 3250//3250 3239//3239
f 3238//3238 3249//3249 3250//3250
f 3239//3239 3251//3251 3240//3240
f 3239//3239 3250//3250 3251//3251
f 3240//3240 3252//3252 3241//3241
f 3240//3240 3251//3251 3252//3252
f 3241//3241 3253//3253 3242//3242
f 3241//3241 3252//3252 3253//3253
f 3254//3254 3192//3192 3189//3189
f 3242//3242 3254//3254 3189//3189
f 3253//3253 3254//3254 3242//3242
f 3254//3254 3193//3193 3192//3192
f 3194//3194 3255//3255 3243//3243
f 3194//3194 3243//3243 3191//3191
f 3243//3243 3256//3256 3244//3244
f 3243//3243 3255//3255 3256//3256
f 3244//3244 3257//3257 3245//3245
f 3244//3244 3256//3256 3257//3257
f 3245//3245 3258//3258 3246//3246
f 3245//3245 3257//3257 3258//3258
f 3246//3246 3259//3259 3247//3247
f 3246//3246 3258//3258 3259//3259
f 3247//3247 3260//3260 3248//3248
f 3247//3247 3259//3259 3260//3260
f 3248//3248 3261//3261 3249//3249
f 3248//3248 3260//3260 3261//3261
f 3249//3249 3262//3262 3250//3250
f 3249//3249 3261//3261 3262//3262
f 3250//3250 3263//3263 3251//3251
f 3250//3250 3262//3262 3263//3263
f 3251//3251 3264//3264 3252//3252
f 3251//3251 3263//3263 3264//3264
f 3252//3252 3265//3265 3253//3253
f 3252//3252 3264//3264 3265//3265
f 3253//3253 3266//3266 3254//3254
f 3253//3253 3265//3265 3266//3266
f 3266//3266 3195//3195 3193//3193
f 3266//3266 3193//3193 3254//3254
f 3196//3196 3267//3267 3255//3255
f 3196//3196 3255//3255 3194//3194
f 3255//3255 3268//3268 3256//3256
f 3255//3255 3267//3267 3268//3268
f 3256//3256 3269//3269 3257//3257
f 3256//3256 3268//3268 3269//3269
f 3257//3257 3270//3270 3258//3258
f 3257//3257 3269//3269 3270//3270
f 3258//3258 3271//3271 3259//3259
f 3258//3258 3270//3270 3271//3271
f 3259//3259 3272//3272 3260//3260
f 3259//3259 3271//3271 3272//3272
f 3260//3260 3273//3273 3261//3261
f 3260//3260 3272//3272 3273//3273
f 3261//3261 3274//3274 3262//3262
f 3261//3261 3273//3273 3274//3274
f 3262//3262 3275//3275 3263//3263
f 3262//3262 3274//3274 3275//3275
f 3263//3263 3276//3276 3264//3264
f 3263//3263 3275//3275 3276//3276
f 3264//3264 3277//3277 3265//3265
f 3264//3264 3276//3276 3277//3277
f 3265//3265 3278//3278 3266//3266
f 3265//3265 3277//3277 3278//3278
f 3278//3278 3197//3197 3195//3195
f 3278//3278 3195//3195 3266//3266
f 3198//3198 3279//3279 3267//3267
f 3198//3198 3267//3267 3196//3196
f 3267//3267 3280//3280 3268//3268
f 3267//3267 3279//3279 3280//3280
f 3268//3268 3281//3281 3269//3269
f 3268//3268 3280//3280 3281//3281
f 3269//3269 3282//3282 3270//3270
f 3269//3269 3281//3281 3282//3282
f 3270//3270 3283//3283 3271//3271
f 3270//3270 3282//3282 3283//3283
f 3271//3271 3284//3284 3272//3272
f 3271//3271 3283//3283 3284//3284
f 3272//3272 3285//3285 3273//3273
f 3272//3272 3284//3284 3285//3285
f 3273//3273 3286//3286 3274//3274
f 3273//3273 3285//3285 3286//3286
f 3274//3274 3287//3287 3275//3275
f 3274//3274 3286//3286 3287//3287
f 3275//3275 3288//3288 3276//3276
f 3275//3275 3287//3287 3288//3288
f 3276//3276 3289//3289 3277//3277
f 3276//3276 3288//3288 3289//3289
f 3277//3277 3290//3290 3278//3278
f 3277//3277 3289//3289 3290//3290
f 3290//3290 3199//3199 3197//3197
f 3290//3290 3197//3197 3278//3278
f 3200//3200 3279//3279 3198//3198
f 3279//3279 3200//3200 3202//3202
f 3291//3291 3279//3279 3202//3202
f 3280//3280 3279//3279 3291//3291
f 3280//3280 3292//3292 3281//3281
f 3280//3280 3291//3291 3292//3292
f 3281//3281 3293//3293 3282//3282
f 3281//3281 3292//3292 3293//3293
f 3282//3282 3294//3294 3283//3283
f 3282//3282 3293//3293 3294//3294
f 3283//3283 3295//3295 3284//3284
f 3283//3283 3294//3294 3295//3295
f 3284//3284 3296//3296 3285//3285
f 3284//3284 3295//3295 3296//3296
f 3285//3285 3297//3297 3286//3286
f 3285//3285 3296//3296 3297//3297
f 3286//3286 3298//3298 3287//3287
f 3286//3286 3297//3297 3298//3298
f 3287//3287 3299//3299 3288//3288
f 3287//3287 3298//3298 3299//3299
f 3288//3288 3300//3300 3289//3289
f 3288//3288 3299//3299 3300//3300
f 3289//3289 3301//3301 3290//3290
f 3289//3289 3300//3300 3301//3301
f 3301//3301 3203//3203 3199//3199
f 3301//3301 3199//3199 3290//3290
f 3204//3204 3302//3302 3291//3291
f 3204//3204 3291//3291 3202//3202
f 3291//3291 3303//3303 3292//3292
f 3291//3291 3302//3302 3303//3303
f 3292//3292 3304//3304 3293//3293
f 3292//3292 3303//3303 3304//3304
f 3293//3293 3305//3305 3294//3294
f 3293//3293 3304//3304 3305//3305
f 3294//3294 3306//3306 3295//3295
f 3294//3294 3305//3305 3306//3306
f 3295//3295 3307//3307 3296//3296
f 3295//3295 3306//3306 3307//3307
f 3296//3296 3308//3308 3297//3297
f 3296//3296 3307//3307 3308//3308
f 3297//3297 3309//3309 3298//3298
f 3297//3297 3308//3308 3309//3309
f 3298//3298 3310//3310 3299//3299
f 3298//3298 3309//3309 3310//3310
f 3299//3299 3311//3311 3300//3300
f 3299//3299 3310//3310 3311//3311
f 3311//3311 3206//3206 3207//3207
f 3301//3301 3311//3311 3207//3207
f 3300//3300 3311//3311 3301//3301
f 3301//3301 3207//3207 3203//3203
