# generated by tools/gen_cave.py
o cave_13
v 25.461 0.500 50.750
v 25.500 0.500 50.612
v 25.500 0.255 50.750
v 25.455 0.750 50.750
v 25.500 0.750 50.601
v 25.494 1.000 50.750
v 25.500 1.000 50.728
v 25.500 1.019 50.750
v 25.496 0.000 51.000
v 25.500 0.000 50.978
v 25.500 -0.014 51.000
v 25.440 0.250 51.000
v 25.500 0.250 50.753
v 25.388 0.500 51.000
v 25.379 0.750 51.000
v 25.426 1.000 51.000
v 25.500 1.193 51.000
v 25.479 0.000 51.250
v 25.500 -0.063 51.250
v 25.416 0.250 51.250
v 25.360 0.500 51.250
v 25.351 0.750 51.250
v 25.400 1.000 51.250
v 25.500 1.250 51.227
v 25.498 1.250 51.250
v 25.500 1.254 51.250
v 25.492 0.000 51.500
v 25.500 -0.024 51.500
v 25.429 0.250 51.500
v 25.378 0.500 51.500
v 25.368 0.750 51.500
v 25.412 1.000 51.500
v 25.500 1.243 51.500
v 25.500 1.250 51.366
v 25.500 0.000 51.535
v 25.500 0.233 51.750
v 25.496 0.250 51.750
v 25.455 0.500 51.750
v 25.446 0.750 51.750
v 25.481 1.000 51.750
v 25.500 1.062 51.750
v 25.500 0.250 51.761
v 25.500 0.500 51.857
v 25.500 0.750 51.878
v 25.500 1.000 51.801
v 25.726 0.000 48.000
v 25.750 -0.092 48.000
v 25.674 0.250 48.000
v 25.642 0.500 48.000
v 25.656 0.750 48.000
v 25.719 1.000 48.000
v 25.750 1.080 48.000
v 25.750 -0.250 48.250
v 25.750 -0.250 48.248
v 25.750 -0.251 48.250
v 25.680 0.000 48.250
v 25.626 0.250 48.250
v 25.593 0.500 48.250
v 25.605 0.750 48.250
v 25.665 1.000 48.250
v 25.750 1.223 48.250
v 25.725 -0.250 48.500
v 25.750 -0.313 48.500
v 25.653 0.000 48.500
v 25.600 0.250 48.500
v 25.566 0.500 48.500
v 25.573 0.750 48.500
v 25.624 1.000 48.500
v 25.750 1.250 48.304
v 25.710 1.250 48.500
v 25.750 1.342 48.500
v 25.720 -0.250 48.750
v 25.750 -0.327 48.750
v 25.645 0.000 48.750
v 25.592 0.250 48.750
v 25.557 0.500 48.750
v 25.560 0.750 48.750
v 25.601 1.000 48.750
v 25.679 1.250 48.750
v 25.750 1.420 48.750
v 25.719 -0.250 49.000
v 25.750 -0.328 49.000
v 25.645 0.000 49.000
v 25.592 0.250 49.000
v 25.557 0.500 49.000
v 25.558 0.750 49.000
v 25.596 1.000 49.000
v 25.669 1.250 49.000
v 25.750 1.448 49.000
v 25.718 -0.250 49.250
v 25.750 -0.328 49.250
v 25.644 0.000 49.250
v 25.592 0.250 49.250
v 25.555 0.500 49.250
v 25.557 0.750 49.250
v 25.597 1.000 49.250
v 25.671 1.250 49.250
v 25.750 1.445 49.250
v 25.715 -0.250 49.500
v 25.750 -0.334 49.500
v 25.642 0.000 49.500
v 25.591 0.250 49.500
v 25.555 0.500 49.500
v 25.559 0.750 49.500
v 25.603 1.000 49.500
v 25.682 1.250 49.500
v 25.750 1.416 49.500
v 25.715 -0.250 49.750
v 25.750 -0.329 49.750
v 25.641 0.000 49.750
v 25.593 0.250 49.750
v 25.558 0.500 49.750
v 25.563 0.750 49.750
v 25.608 1.000 49.750
v 25.688 1.250 49.750
v 25.750 1.396 49.750
v 25.713 -0.250 50.000
v 25.750 -0.326 50.000
v 25.637 0.000 50.000
v 25.595 0.250 50.000
v 25.565 0.500 50.000
v 25.570 0.750 50.000
v 25.611 1.000 50.000
v 25.691 1.250 50.000
v 25.750 1.380 50.000
v 25.708 -0.250 50.250
v 25.750 -0.329 50.250
v 25.627 0.000 50.250
v 25.590 0.250 50.250
v 25.564 0.500 50.250
v 25.566 0.750 50.250
v 25.601 1.000 50.250
v 25.678 1.250 50.250
v 25.750 1.398 50.250
v 25.681 -0.250 50.500
v 25.750 -0.371 50.500
v 25.596 0.000 50.500
v 25.559 0.250 50.500
v 25.530 0.500 50.500
v 25.530 0.750 50.500
v 25.564 1.000 50.500
v 25.644 1.250 50.500
v 25.750 1.446 50.500
v 25.635 -0.250 50.750
v 25.750 -0.439 50.750
v 25.548 0.000 50.750
v 25.501 0.250 50.750
v 25.583 1.250 50.750
v 25.750 1.500 50.640
v 25.725 1.500 50.750
v 25.750 1.535 50.750
v 25.586 -0.250 51.000
v 25.750 -0.473 51.000
v 25.525 1.250 51.000
v 25.674 1.500 51.000
v 25.750 1.605 51.000
v 25.571 -0.250 51.250
v 25.750 -0.458 51.250
v 25.635 1.500 51.250
v 25.750 1.674 51.250
v 25.589 -0.250 51.500
v 25.750 -0.449 51.500
v 25.503 1.250 51.500
v 25.630 1.500 51.500
v 25.750 1.684 51.500
v 25.654 -0.250 51.750
v 25.750 -0.396 51.750
v 25.553 0.000 51.750
v 25.552 1.250 51.750
v 25.659 1.500 51.750
v 25.750 1.651 51.750
v 25.747 -0.250 52.000
v 25.750 -0.255 52.000
v 25.640 0.000 52.000
v 25.587 0.250 52.000
v 25.557 0.500 52.000
v 25.547 0.750 52.000
v 25.567 1.000 52.000
v 25.622 1.250 52.000
v 25.726 1.500 52.000
v 25.750 1.539 52.000
v 25.750 -0.250 52.007
v 25.750 0.000 52.216
v 25.750 0.079 52.250
v 25.712 0.250 52.250
v 25.681 0.500 52.250
v 25.667 0.750 52.250
v 25.680 1.000 52.250
v 25.731 1.250 52.250
v 25.750 1.298 52.250
v 25.750 1.500 52.056
v 25.750 0.250 52.316
v 25.750 0.500 52.374
v 25.750 0.750 52.405
v 25.750 1.000 52.382
v 25.750 1.250 52.285
v 25.909 -0.500 48.000
v 26.000 -0.589 48.000
v 25.796 -0.250 48.000
v 25.823 1.250 48.000
v 25.954 1.500 48.000
v 26.000 1.574 48.000
v 25.876 -0.500 48.250
v 26.000 -0.597 48.250
v 25.762 1.250 48.250
v 25.889 1.500 48.250
v 26.000 1.675 48.250
v 25.871 -0.500 48.500
v 26.000 -0.580 48.500
v 25.830 1.500 48.500
v 26.000 1.750 48.456
v 25.989 1.750 48.500
v 26.000 1.765 48.500
v 25.879 -0.500 48.750
v 26.000 -0.567 48.750
v 25.791 1.500 48.750
v 25.947 1.750 48.750
v 26.000 1.818 48.750
v 25.889 -0.500 49.000
v 26.000 -0.557 49.000
v 25.776 1.500 49.000
v 25.926 1.750 49.000
v 26.000 1.850 49.000
v 25.904 -0.500 49.250
v 26.000 -0.545 49.250
v 25.776 1.500 49.250
v 25.917 1.750 49.250
v 26.000 1.868 49.250
v 25.910 -0.500 49.500
v 26.000 -0.539 49.500
v 25.787 1.500 49.500
v 25.922 1.750 49.500
v 26.000 1.864 49.500
v 25.930 -0.500 49.750
v 26.000 -0.529 49.750
v 25.795 1.500 49.750
v 25.931 1.750 49.750
v 26.000 1.851 49.750
v 25.945 -0.500 50.000
v 26.000 -0.522 50.000
v 25.804 1.500 50.000
v 25.950 1.750 50.000
v 26.000 1.819 50.000
v 25.976 -0.500 50.250
v 26.000 -0.508 50.250
v 25.799 1.500 50.250
v 25.959 1.750 50.250
v 26.000 1.803 50.250
v 25.998 -0.500 50.500
v 26.000 -0.500 50.500
v 25.779 1.500 50.500
v 25.956 1.750 50.500
v 26.000 1.803 50.500
v 26.000 -0.500 50.510
v 26.000 -0.487 50.750
v 25.909 1.750 50.750
v 26.000 1.854 50.750
v 26.000 -0.479 51.000
v 25.859 1.750 51.000
v 26.000 1.908 51.000
v 26.000 -0.466 51.250
v 25.804 1.750 51.250
v 26.000 1.972 51.250
v 26.000 -0.459 51.500
v 25.794 1.750 51.500
v 26.000 1.987 51.500
v 26.000 -0.449 51.750
v 25.811 1.750 51.750
v 26.000 1.976 51.750
v 26.000 -0.442 52.000
v 25.875 1.750 52.000
v 26.000 1.902 52.000
v 25.873 -0.250 52.250
v 26.000 -0.400 52.250
v 25.767 0.000 52.250
v 25.823 1.500 52.250
v 25.973 1.750 52.250
v 26.000 1.784 52.250
v 26.000 -0.250 52.451
v 26.000 -0.176 52.500
v 25.921 0.000 52.500
v 25.860 0.250 52.500
v 25.822 0.500 52.500
v 25.802 0.750 52.500
v 25.812 1.000 52.500
v 25.862 1.250 52.500
v 25.965 1.500 52.500
v 26.000 1.555 52.500
v 26.000 1.750 52.296
v 26.000 0.000 52.606
v 26.000 0.250 52.688
v 26.000 0.500 52.743
v 26.000 0.546 52.750
v 25.976 0.750 52.750
v 25.984 1.000 52.750
v 26.000 1.074 52.750
v 26.000 1.250 52.699
v 26.000 1.500 52.550
v 26.000 0.750 52.782
v 26.000 1.000 52.771
v 26.250 -0.614 48.000
v 26.142 1.750 48.000
v 26.250 1.854 48.000
v 26.250 -0.600 48.250
v 26.062 1.750 48.250
v 26.250 1.924 48.250
v 26.250 -0.587 48.500
v 26.250 1.992 48.500
v 26.250 -0.573 48.750
v 26.250 2.000 48.531
v 26.185 2.000 48.750
v 26.250 2.051 48.750
v 26.250 -0.561 49.000
v 26.142 2.000 49.000
v 26.250 2.089 49.000
v 26.250 -0.548 49.250
v 26.123 2.000 49.250
v 26.250 2.107 49.250
v 26.250 -0.539 49.500
v 26.126 2.000 49.500
v 26.250 2.105 49.500
v 26.250 -0.527 49.750
v 26.137 2.000 49.750
v 26.250 2.098 49.750
v 26.250 -0.518 50.000
v 26.163 2.000 50.000
v 26.250 2.079 50.000
v 26.250 -0.507 50.250
v 26.174 2.000 50.250
v 26.250 2.070 50.250
v 26.250 -0.500 50.413
v 26.031 -0.500 50.500
v 26.250 -0.496 50.500
v 26.175 2.000 50.500
v 26.250 2.070 50.500
v 26.250 -0.486 50.750
v 26.138 2.000 50.750
v 26.250 2.095 50.750
v 26.250 -0.474 51.000
v 26.090 2.000 51.000
v 26.250 2.130 51.000
v 26.250 -0.464 51.250
v 26.029 2.000 51.250
v 26.250 2.165 51.250
v 26.250 -0.452 51.500
v 26.014 2.000 51.500
v 26.250 2.184 51.500
v 26.250 -0.444 51.750
v 26.025 2.000 51.750
v 26.250 2.176 51.750
v 26.250 -0.432 52.000
v 26.095 2.000 52.000
v 26.250 2.134 52.000
v 26.250 -0.426 52.250
v 26.205 2.000 52.250
v 26.250 2.039 52.250
v 26.033 -0.250 52.500
v 26.250 -0.415 52.500
v 26.124 1.750 52.500
v 26.250 1.893 52.500
v 26.250 2.000 52.324
v 26.215 -0.250 52.750
v 26.250 -0.296 52.750
v 26.108 0.000 52.750
v 26.047 0.250 52.750
v 26.005 0.500 52.750
v 26.035 1.250 52.750
v 26.136 1.500 52.750
v 26.250 1.674 52.750
v 26.250 1.750 52.679
v 26.250 -0.250 52.795
v 26.250 0.000 52.928
v 26.250 0.250 52.996
v 26.250 0.268 53.000
v 26.208 0.500 53.000
v 26.170 0.750 53.000
v 26.173 1.000 53.000
v 26.223 1.250 53.000
v 26.250 1.313 53.000
v 26.250 1.500 52.899
v 26.250 0.500 53.049
v 26.250 0.750 53.097
v 26.250 1.000 53.098
v 26.250 1.250 53.034
v 26.500 -0.620 48.000
v 26.450 2.000 48.000
v 26.500 2.033 48.000
v 26.500 -0.607 48.250
v 26.367 2.000 48.250
v 26.500 2.077 48.250
v 26.500 -0.594 48.500
v 26.262 2.000 48.500
v 26.500 2.133 48.500
v 26.500 -0.581 48.750
v 26.500 2.186 48.750
v 26.500 -0.566 49.000
v 26.500 2.221 49.000
v 26.500 -0.553 49.250
v 26.500 2.227 49.250
v 26.500 -0.542 49.500
v 26.500 2.222 49.500
v 26.500 -0.528 49.750
v 26.500 2.220 49.750
v 26.500 -0.516 50.000
v 26.500 2.221 50.000
v 26.500 -0.505 50.250
v 26.500 2.229 50.250
v 26.500 -0.500 50.350
v 26.500 -0.491 50.500
v 26.500 2.244 50.500
v 26.500 -0.482 50.750
v 26.500 2.250 50.614
v 26.488 2.250 50.750
v 26.500 2.256 50.750
v 26.500 -0.468 51.000
v 26.448 2.250 51.000
v 26.500 2.276 51.000
v 26.500 -0.459 51.250
v 26.409 2.250 51.250
v 26.500 2.291 51.250
v 26.500 -0.445 51.500
v 26.371 2.250 51.500
v 26.500 2.312 51.500
v 26.500 -0.436 51.750
v 26.381 2.250 51.750
v 26.500 2.311 51.750
v 26.500 -0.425 52.000
v 26.437 2.250 52.000
v 26.500 2.285 52.000
v 26.500 -0.416 52.250
v 26.500 2.212 52.250
v 26.500 2.250 52.123
v 26.500 -0.407 52.500
v 26.363 2.000 52.500
v 26.500 2.104 52.500
v 26.500 -0.397 52.750
v 26.303 1.750 52.750
v 26.500 1.951 52.750
v 26.500 2.000 52.679
v 26.408 -0.250 53.000
v 26.500 -0.344 53.000
v 26.307 0.000 53.000
v 26.253 0.250 53.000
v 26.325 1.500 53.000
v 26.493 1.750 53.000
v 26.500 1.758 53.000
v 26.500 -0.250 53.119
v 26.500 0.000 53.236
v 26.500 0.052 53.250
v 26.455 0.250 53.250
v 26.409 0.500 53.250
v 26.366 0.750 53.250
v 26.365 1.000 53.250
v 26.415 1.250 53.250
v 26.500 1.440 53.250
v 26.500 1.500 53.218
v 26.500 1.750 53.009
v 26.500 0.250 53.304
v 26.500 0.500 53.362
v 26.500 0.750 53.421
v 26.500 1.000 53.421
v 26.500 1.250 53.355
v 26.750 -0.625 48.000
v 26.750 2.171 48.000
v 26.750 -0.614 48.250
v 26.750 2.195 48.250
v 26.750 -0.602 48.500
v 26.750 2.230 48.500
v 26.750 -0.589 48.750
v 26.750 2.250 48.645
v 26.702 2.250 48.750
v 26.750 2.263 48.750
v 26.750 -0.575 49.000
v 26.619 2.250 49.000
v 26.750 2.278 49.000
v 26.750 -0.560 49.250
v 26.609 2.250 49.250
v 26.750 2.277 49.250
v 26.750 -0.544 49.500
v 26.631 2.250 49.500
v 26.750 2.274 49.500
v 26.750 -0.529 49.750
v 26.633 2.250 49.750
v 26.750 2.276 49.750
v 26.750 -0.515 50.000
v 26.600 2.250 50.000
v 26.750 2.291 50.000
v 26.750 -0.502 50.250
v 26.559 2.250 50.250
v 26.750 2.311 50.250
v 26.750 -0.500 50.279
v 26.750 -0.487 50.500
v 26.514 2.250 50.500
v 26.750 2.332 50.500
v 26.750 -0.475 50.750
v 26.750 2.341 50.750
v 26.750 -0.464 51.000
v 26.750 2.351 51.000
v 26.750 -0.451 51.250
v 26.750 2.365 51.250
v 26.750 -0.441 51.500
v 26.750 2.382 51.500
v 26.750 -0.429 51.750
v 26.750 2.393 51.750
v 26.750 -0.419 52.000
v 26.750 2.376 52.000
v 26.750 -0.408 52.250
v 26.577 2.250 52.250
v 26.750 2.328 52.250
v 26.750 -0.399 52.500
v 26.750 2.242 52.500
v 26.750 2.250 52.478
v 26.750 -0.387 52.750
v 26.556 2.000 52.750
v 26.750 2.136 52.750
v 26.750 -0.377 53.000
v 26.750 1.999 53.000
v 26.750 2.000 52.999
v 26.603 -0.250 53.250
v 26.750 -0.360 53.250
v 26.511 0.000 53.250
v 26.526 1.500 53.250
v 26.695 1.750 53.250
v 26.750 1.811 53.250
v 26.750 -0.250 53.445
v 26.750 -0.121 53.500
v 26.710 0.000 53.500
v 26.655 0.250 53.500
v 26.605 0.500 53.500
v 26.559 0.750 53.500
v 26.560 1.000 53.500
v 26.617 1.250 53.500
v 26.734 1.500 53.500
v 26.750 1.524 53.500
v 26.750 1.750 53.318
v 26.750 0.000 53.554
v 26.750 0.250 53.627
v 26.750 0.500 53.693
v 26.750 0.713 53.750
v 26.742 0.750 53.750
v 26.749 1.000 53.750
v 26.750 1.003 53.750
v 26.750 1.250 53.669
v 26.750 1.500 53.520
v 26.750 0.750 53.761
v 26.750 1.000 53.751
v 27.000 -0.631 48.000
v 26.949 2.250 48.000
v 27.000 2.268 48.000
v 27.000 -0.621 48.250
v 26.904 2.250 48.250
v 27.000 2.281 48.250
v 27.000 -0.609 48.500
v 26.822 2.250 48.500
v 27.000 2.294 48.500
v 27.000 -0.597 48.750
v 27.000 2.300 48.750
v 27.000 -0.583 49.000
v 27.000 2.298 49.000
v 27.000 -0.567 49.250
v 27.000 2.294 49.250
v 27.000 -0.549 49.500
v 27.000 2.292 49.500
v 27.000 -0.532 49.750
v 27.000 2.300 49.750
v 27.000 -0.515 50.000
v 27.000 2.318 50.000
v 27.000 -0.500 50.231
v 26.893 -0.500 50.250
v 27.000 -0.499 50.250
v 27.000 2.339 50.250
v 27.000 -0.483 50.500
v 27.000 2.355 50.500
v 27.000 -0.469 50.750
v 27.000 2.365 50.750
v 27.000 -0.456 51.000
v 27.000 2.375 51.000
v 27.000 -0.444 51.250
v 27.000 2.393 51.250
v 27.000 -0.433 51.500
v 27.000 2.416 51.500
v 27.000 -0.422 51.750
v 27.000 2.433 51.750
v 27.000 -0.412 52.000
v 27.000 2.427 52.000
v 27.000 -0.402 52.250
v 27.000 2.394 52.250
v 27.000 -0.390 52.500
v 26.769 2.250 52.500
v 27.000 2.338 52.500
v 27.000 -0.379 52.750
v 26.976 2.250 52.750
v 27.000 2.262 52.750
v 27.000 -0.366 53.000
v 26.751 2.000 53.000
v 27.000 2.174 53.000
v 27.000 2.250 52.785
v 27.000 -0.355 53.250
v 26.935 2.000 53.250
v 27.000 2.054 53.250
v 26.811 -0.250 53.500
v 27.000 -0.343 53.500
v 26.895 1.750 53.500
v 27.000 1.877 53.500
v 27.000 2.000 53.342
v 26.967 -0.250 53.750
v 27.000 -0.280 53.750
v 26.892 0.000 53.750
v 26.841 0.250 53.750
v 26.793 0.500 53.750
v 26.812 1.250 53.750
v 26.928 1.500 53.750
v 27.000 1.616 53.750
v 27.000 1.750 53.639
v 27.000 -0.250 53.803
v 27.000 0.000 53.918
v 27.000 0.250 53.986
v 27.000 0.320 54.000
v 26.975 0.500 54.000
v 26.923 0.750 54.000
v 26.930 1.000 54.000
v 26.994 1.250 54.000
v 27.000 1.263 54.000
v 27.000 1.500 53.850
v 27.000 0.500 54.036
v 27.000 0.750 54.107
v 27.000 1.000 54.097
v 27.000 1.250 54.008
v 27.250 -0.638 48.000
v 27.250 2.321 48.000
v 27.250 -0.627 48.250
v 27.250 2.328 48.250
v 27.250 -0.615 48.500
v 27.250 2.327 48.500
v 27.250 -0.603 48.750
v 27.250 2.318 48.750
v 27.250 -0.588 49.000
v 27.250 2.305 49.000
v 27.250 -0.572 49.250
v 27.250 2.295 49.250
v 27.250 -0.553 49.500
v 27.250 2.290 49.500
v 27.250 -0.534 49.750
v 27.250 2.293 49.750
v 27.250 -0.515 50.000
v 27.250 2.302 50.000
v 27.250 -0.500 50.212
v 27.250 -0.497 50.250
v 27.250 2.313 50.250
v 27.250 -0.479 50.500
v 27.250 2.324 50.500
v 27.250 -0.465 50.750
v 27.250 2.333 50.750
v 27.250 -0.450 51.000
v 27.250 2.351 51.000
v 27.250 -0.438 51.250
v 27.250 2.380 51.250
v 27.250 -0.427 51.500
v 27.250 2.414 51.500
v 27.250 -0.416 51.750
v 27.250 2.440 51.750
v 27.250 -0.405 52.000
v 27.250 2.446 52.000
v 27.250 -0.395 52.250
v 27.250 2.429 52.250
v 27.250 -0.384 52.500
v 27.250 2.397 52.500
v 27.250 -0.371 52.750
v 27.250 2.356 52.750
v 27.250 -0.359 53.000
v 27.145 2.250 53.000
v 27.250 2.302 53.000
v 27.250 -0.346 53.250
v 27.250 2.230 53.250
v 27.250 2.250 53.183
v 27.250 -0.336 53.500
v 27.112 2.000 53.500
v 27.250 2.117 53.500
v 27.250 -0.328 53.750
v 27.083 1.750 53.750
v 27.250 1.956 53.750
v 27.250 2.000 53.694
v 27.133 -0.250 54.000
v 27.250 -0.322 54.000
v 27.053 0.000 54.000
v 27.010 0.250 54.000
v 27.106 1.500 54.000
v 27.250 1.732 54.000
v 27.250 1.750 53.984
v 27.250 -0.250 54.195
v 27.250 -0.148 54.250
v 27.207 0.000 54.250
v 27.171 0.250 54.250
v 27.153 0.500 54.250
v 27.104 0.750 54.250
v 27.110 1.000 54.250
v 27.169 1.250 54.250
v 27.250 1.439 54.250
v 27.250 1.500 54.211
v 27.250 0.000 54.316
v 27.250 0.250 54.366
v 27.250 0.500 54.380
v 27.250 0.750 54.444
v 27.250 1.000 54.440
v 27.250 1.250 54.365
v 27.500 -0.645 48.000
v 27.500 2.335 48.000
v 27.500 -0.633 48.250
v 27.500 2.338 48.250
v 27.500 -0.620 48.500
v 27.500 2.333 48.500
v 27.500 -0.606 48.750
v 27.500 2.320 48.750
v 27.500 -0.592 49.000
v 27.500 2.298 49.000
v 27.500 -0.575 49.250
v 27.500 2.273 49.250
v 27.500 -0.556 49.500
v 27.500 2.250 49.500
v 27.500 -0.537 49.750
v 27.430 2.250 49.750
v 27.500 2.234 49.750
v 27.500 2.250 49.502
v 27.500 -0.517 50.000
v 27.418 2.250 50.000
v 27.500 2.225 50.000
v 27.500 -0.500 50.213
v 27.500 -0.497 50.250
v 27.431 2.250 50.250
v 27.500 2.225 50.250
v 27.500 -0.477 50.500
v 27.462 2.250 50.500
v 27.500 2.236 50.500
v 27.500 -0.459 50.750
v 27.500 2.250 50.670
v 27.500 2.257 50.750
v 27.500 -0.447 51.000
v 27.500 2.286 51.000
v 27.500 -0.433 51.250
v 27.500 2.334 51.250
v 27.500 -0.421 51.500
v 27.500 2.384 51.500
v 27.500 -0.410 51.750
v 27.500 2.421 51.750
v 27.500 -0.399 52.000
v 27.500 2.439 52.000
v 27.500 -0.388 52.250
v 27.500 2.440 52.250
v 27.500 -0.376 52.500
v 27.500 2.432 52.500
v 27.500 -0.364 52.750
v 27.500 2.420 52.750
v 27.500 -0.351 53.000
v 27.500 2.398 53.000
v 27.500 -0.340 53.250
v 27.288 2.250 53.250
v 27.500 2.353 53.250
v 27.500 -0.330 53.500
v 27.444 2.250 53.500
v 27.500 2.283 53.500
v 27.500 -0.324 53.750
v 27.291 2.000 53.750
v 27.500 2.174 53.750
v 27.500 2.250 53.583
v 27.500 -0.317 54.000
v 27.272 1.750 54.000
v 27.500 1.978 54.000
v 27.500 2.000 53.986
v 27.312 -0.250 54.250
v 27.500 -0.311 54.250
v 27.370 1.250 54.250
v 27.500 1.070 54.250
v 27.500 1.250 54.195
v 27.500 1.500 54.141
v 27.500 1.750 54.092
v 27.455 -0.250 54.500
v 27.500 -0.280 54.500
v 27.374 0.000 54.500
v 27.366 0.250 54.500
v 27.500 0.440 54.500
v 27.500 0.500 54.472
v 27.500 0.750 54.375
v 27.500 1.000 54.289
v 27.500 -0.250 54.559
v 27.500 0.000 54.666
v 27.500 0.250 54.611
v 27.750 -0.652 48.000
v 27.750 2.315 48.000
v 27.750 -0.638 48.250
v 27.750 2.313 48.250
v 27.750 -0.623 48.500
v 27.750 2.305 48.500
v 27.750 -0.609 48.750
v 27.750 2.288 48.750
v 27.750 -0.594 49.000
v 27.750 2.257 49.000
v 27.750 -0.578 49.250
v 27.594 2.250 49.250
v 27.750 2.212 49.250
v 27.750 2.250 49.039
v 27.750 -0.559 49.500
v 27.500 2.250 49.500
v 27.750 2.161 49.500
v 27.750 -0.540 49.750
v 27.750 2.115 49.750
v 27.750 -0.519 50.000
v 27.750 2.084 50.000
v 27.750 -0.500 50.230
v 27.750 -0.498 50.250
v 27.750 2.073 50.250
v 27.750 -0.477 50.500
v 27.750 2.089 50.500
v 27.750 -0.458 50.750
v 27.514 2.250 50.750
v 27.750 2.129 50.750
v 27.750 -0.442 51.000
v 27.591 2.250 51.000
v 27.750 2.185 51.000
v 27.750 -0.430 51.250
v 27.748 2.250 51.250
v 27.750 2.249 51.250
v 27.750 -0.416 51.500
v 27.750 2.250 51.252
v 27.750 2.322 51.500
v 27.750 -0.403 51.750
v 27.750 2.378 51.750
v 27.750 -0.392 52.000
v 27.750 2.412 52.000
v 27.750 -0.381 52.250
v 27.750 2.433 52.250
v 27.750 -0.369 52.500
v 27.750 2.448 52.500
v 27.750 -0.358 52.750
v 27.750 2.460 52.750
v 27.750 -0.346 53.000
v 27.750 2.463 53.000
v 27.750 -0.335 53.250
v 27.750 2.444 53.250
v 27.750 -0.326 53.500
v 27.750 2.397 53.500
v 27.750 -0.319 53.750
v 27.617 2.250 53.750
v 27.750 2.326 53.750
v 27.750 -0.313 54.000
v 27.747 1.000 54.000
v 27.750 0.997 54.000
v 27.750 1.000 53.999
v 27.750 1.250 53.940
v 27.645 1.250 54.000
v 27.750 1.500 53.928
v 27.615 1.500 54.000
v 27.750 1.750 53.956
v 27.624 1.750 54.000
v 27.561 2.000 54.000
v 27.750 1.944 54.000
v 27.750 2.150 54.000
v 27.750 2.250 53.951
v 27.750 -0.305 54.250
v 27.580 0.750 54.250
v 27.750 0.566 54.250
v 27.750 0.750 54.129
v 27.512 1.000 54.250
v 27.750 2.000 54.018
v 27.750 -0.296 54.500
v 27.750 0.313 54.500
v 27.750 0.500 54.310
v 27.677 -0.250 54.750
v 27.750 -0.286 54.750
v 27.572 0.000 54.750
v 27.750 0.090 54.750
v 27.750 0.250 54.588
v 27.750 -0.250 54.833
v 27.750 0.000 54.898
v 28.000 -0.658 48.000
v 28.000 2.268 48.000
v 28.000 -0.643 48.250
v 28.000 2.253 48.250
v 28.000 -0.628 48.500
v 27.942 2.250 48.500
v 28.000 2.232 48.500
v 28.000 2.250 48.282
v 28.000 -0.614 48.750
v 27.862 2.250 48.750
v 28.000 2.201 48.750
v 28.000 -0.598 49.000
v 27.768 2.250 49.000
v 28.000 2.155 49.000
v 28.000 -0.581 49.250
v 28.000 2.092 49.250
v 28.000 -0.563 49.500
v 28.000 2.021 49.500
v 28.000 -0.543 49.750
v 27.930 2.000 49.750
v 28.000 1.950 49.750
v 28.000 2.000 49.578
v 28.000 -0.522 50.000
v 27.866 2.000 50.000
v 28.000 1.891 50.000
v 27.973 -0.500 50.250
v 28.000 -0.500 50.250
v 27.843 2.000 50.250
v 28.000 1.859 50.250
v 28.000 -0.500 50.252
v 28.000 -0.478 50.500
v 27.861 2.000 50.500
v 28.000 1.874 50.500
v 28.000 -0.457 50.750
v 27.923 2.000 50.750
v 28.000 1.936 50.750
v 28.000 -0.441 51.000
v 28.000 2.000 50.928
v 28.000 2.025 51.000
v 28.000 -0.425 51.250
v 28.000 2.124 51.250
v 28.000 -0.410 51.500
v 27.929 2.250 51.500
v 28.000 2.221 51.500
v 28.000 -0.398 51.750
v 28.000 2.250 51.587
v 28.000 2.303 51.750
v 28.000 -0.384 52.000
v 28.000 2.366 52.000
v 28.000 -0.373 52.250
v 28.000 2.409 52.250
v 28.000 -0.362 52.500
v 28.000 2.445 52.500
v 28.000 -0.351 52.750
v 28.000 2.476 52.750
v 28.000 -0.340 53.000
v 28.000 2.496 53.000
v 28.000 -0.329 53.250
v 28.000 2.497 53.250
v 28.000 -0.321 53.500
v 28.000 2.476 53.500
v 28.000 -0.314 53.750
v 28.000 2.434 53.750
v 28.000 -0.306 54.000
v 27.754 1.000 54.000
v 27.920 1.250 54.000
v 27.939 1.500 54.000
v 27.850 1.750 54.000
v 27.784 2.250 54.000
v 28.000 2.371 54.000
v 28.000 -0.298 54.250
v 28.000 0.726 54.250
v 28.000 0.750 54.236
v 28.000 1.000 54.129
v 28.000 1.250 54.058
v 28.000 1.500 54.045
v 28.000 1.750 54.093
v 28.000 2.000 54.166
v 28.000 2.250 54.188
v 28.000 -0.288 54.500
v 28.000 0.446 54.500
v 28.000 0.500 54.452
v 28.000 -0.278 54.750
v 27.969 0.250 54.750
v 28.000 0.275 54.750
v 27.947 -0.250 55.000
v 28.000 -0.270 55.000
v 27.862 0.000 55.000
v 28.000 0.098 55.000
v 28.000 0.250 54.790
v 28.000 -0.250 55.048
v 28.000 0.000 55.148
v 28.250 -0.671 48.000
v 28.250 2.291 48.000
v 28.250 -0.654 48.250
v 28.036 2.250 48.250
v 28.250 2.242 48.250
v 28.250 2.250 48.197
v 28.250 -0.635 48.500
v 28.250 2.193 48.500
v 28.250 -0.619 48.750
v 28.250 2.127 48.750
v 28.250 -0.603 49.000
v 28.250 2.035 49.000
v 28.250 -0.586 49.250
v 28.135 2.000 49.250
v 28.250 1.940 49.250
v 28.250 2.000 49.088
v 28.250 -0.568 49.500
v 28.031 2.000 49.500
v 28.250 1.842 49.500
v 28.250 -0.548 49.750
v 28.246 1.750 49.750
v 28.250 1.746 49.750
v 28.250 1.750 49.742
v 28.250 -0.525 50.000
v 28.156 1.750 50.000
v 28.250 1.644 50.000
v 28.250 -0.503 50.250
v 28.109 1.750 50.250
v 28.250 1.576 50.250
v 28.250 -0.500 50.279
v 28.250 -0.470 50.500
v 28.117 1.750 50.500
v 28.250 1.581 50.500
v 28.250 -0.457 50.750
v 28.183 1.750 50.750
v 28.250 1.670 50.750
v 28.250 -0.440 51.000
v 28.250 1.750 50.896
v 28.029 2.000 51.000
v 28.250 1.800 51.000
v 28.250 -0.424 51.250
v 28.172 2.000 51.250
v 28.250 1.939 51.250
v 28.250 -0.407 51.500
v 28.250 2.000 51.357
v 28.250 2.075 51.500
v 28.250 -0.390 51.750
v 28.124 2.250 51.750
v 28.250 2.195 51.750
v 28.250 -0.377 52.000
v 28.250 2.250 51.893
v 28.250 2.290 52.000
v 28.250 -0.365 52.250
v 28.250 2.366 52.250
v 28.250 -0.355 52.500
v 28.250 2.423 52.500
v 28.250 -0.345 52.750
v 28.250 2.467 52.750
v 28.250 -0.334 53.000
v 28.250 2.498 53.000
v 28.250 -0.324 53.250
v 28.250 2.500 53.031
v 28.039 2.500 53.250
v 28.250 2.516 53.250
v 28.250 -0.314 53.500
v 28.136 2.500 53.500
v 28.250 2.520 53.500
v 28.250 -0.306 53.750
v 28.219 2.500 53.750
v 28.250 2.509 53.750
v 28.250 -0.298 54.000
v 28.250 2.479 54.000
v 28.250 2.500 53.828
v 28.250 -0.290 54.250
v 28.032 0.750 54.250
v 28.216 1.000 54.250
v 28.249 1.250 54.250
v 28.247 1.500 54.250
v 28.207 1.750 54.250
v 28.108 2.000 54.250
v 28.058 2.250 54.250
v 28.250 2.410 54.250
v 28.250 -0.281 54.500
v 28.077 0.500 54.500
v 28.249 0.750 54.500
v 28.250 1.000 54.500
v 28.250 1.250 54.500
v 28.250 1.500 54.500
v 28.250 1.750 54.500
v 28.241 2.000 54.500
v 28.212 2.250 54.500
v 28.250 2.303 54.500
v 28.250 -0.271 54.750
v 28.235 0.500 54.750
v 28.250 0.750 54.750
v 28.250 1.000 54.750
v 28.250 1.250 54.750
v 28.250 1.500 54.750
v 28.250 1.750 54.750
v 28.250 2.000 54.750
v 28.250 2.000 54.750
v 28.250 2.250 54.736
v 28.250 -0.263 55.000
v 28.149 0.250 55.000
v 28.250 0.500 55.000
v 28.250 0.750 55.000
v 28.250 1.000 55.000
v 28.250 1.250 55.000
v 28.250 1.500 55.000
v 28.250 1.750 55.000
v 28.250 2.000 55.000
v 28.250 2.000 55.000
v 28.231 -0.250 55.250
v 28.250 -0.257 55.250
v 28.095 0.000 55.250
v 28.221 0.250 55.250
v 28.250 0.500 55.250
v 28.250 0.750 55.250
v 28.250 1.000 55.250
v 28.250 1.250 55.250
v 28.250 1.500 55.250
v 28.250 1.750 55.250
v 28.250 2.000 55.250
v 28.250 2.250 55.250
v 28.250 2.250 55.250
v 28.250 2.250 55.250
v 28.250 -0.250 55.264
v 28.250 0.000 55.451
v 28.250 0.248 55.500
v 28.250 0.250 55.500
v 28.250 0.500 55.500
v 28.250 0.750 55.500
v 28.250 1.000 55.500
v 28.250 1.250 55.500
v 28.250 1.500 55.500
v 28.250 1.750 55.500
v 28.250 2.000 55.500
v 28.250 2.250 55.500
v 28.250 2.250 55.500
v 28.250 0.250 55.502
v 28.250 0.500 55.750
v 28.250 0.500 55.750
v 28.250 0.750 55.750
v 28.250 1.000 55.750
v 28.250 1.250 55.750
v 28.250 1.500 55.750
v 28.250 1.750 55.750
v 28.250 2.000 55.750
v 28.250 2.250 55.750
v 28.250 2.250 55.750
v 28.250 0.500 56.000
v 28.250 0.500 56.000
v 28.250 0.750 56.000
v 28.250 1.000 56.000
v 28.250 1.250 56.000
v 28.250 1.500 56.000
v 28.250 1.750 56.000
v 28.250 2.000 56.000
v 28.250 2.000 56.000
v 28.250 2.250 55.750
v 28.250 0.500 56.000
v 28.250 0.750 56.250
v 28.250 0.750 56.250
v 28.250 1.000 56.250
v 28.250 1.250 56.250
v 28.250 1.500 56.250
v 28.250 1.750 56.250
v 28.250 2.000 56.250
v 28.250 2.000 56.250
v 28.250 0.750 56.250
v 28.250 1.000 56.500
v 28.250 1.000 56.500
v 28.250 1.250 56.500
v 28.250 1.500 56.500
v 28.250 1.750 56.500
v 28.250 1.750 56.500
v 28.250 2.000 56.250
v 28.250 1.000 56.500
v 28.250 1.250 56.500
v 28.250 1.500 56.500
v 28.250 1.750 56.500
v 28.500 -0.687 48.000
v 28.500 2.341 48.000
v 28.500 -0.667 48.250
v 28.312 2.250 48.250
v 28.500 2.275 48.250
v 28.500 -0.641 48.500
v 28.500 2.201 48.500
v 28.500 2.250 48.308
v 28.500 -0.625 48.750
v 28.500 2.122 48.750
v 28.500 -0.609 49.000
v 28.429 2.000 49.000
v 28.500 1.994 49.000
v 28.500 2.000 48.989
v 28.500 -0.552 49.250
v 28.500 1.872 49.250
v 28.500 -0.500 49.401
v 28.430 -0.500 49.500
v 28.500 -0.450 49.500
v 28.372 1.750 49.500
v 28.500 1.696 49.500
v 28.500 1.750 49.437
v 28.338 -0.500 49.750
v 28.500 -0.324 49.750
v 28.470 1.500 49.750
v 28.500 1.472 49.750
v 28.500 1.500 49.732
v 28.287 -0.500 50.000
v 28.500 -0.250 49.893
v 28.466 -0.250 50.000
v 28.500 -0.170 50.000
v 28.367 1.500 50.000
v 28.500 1.282 50.000
v 28.253 -0.500 50.250
v 28.418 -0.250 50.250
v 28.500 -0.038 50.250
v 28.452 1.250 50.250
v 28.500 1.130 50.250
v 28.500 1.250 50.067
v 28.307 1.500 50.250
v 28.417 -0.250 50.500
v 28.500 -0.030 50.500
v 28.456 1.250 50.500
v 28.500 1.133 50.500
v 28.312 1.500 50.500
v 28.475 -0.250 50.750
v 28.500 -0.189 50.750
v 28.500 1.250 50.649
v 28.386 1.500 50.750
v 28.500 1.304 50.750
v 28.500 -0.250 50.817
v 28.500 -0.358 51.000
v 28.500 1.500 50.982
v 28.300 1.750 51.000
v 28.500 1.511 51.000
v 28.500 -0.416 51.250
v 28.456 1.750 51.250
v 28.500 1.701 51.250
v 28.500 -0.400 51.500
v 28.500 1.750 51.311
v 28.354 2.000 51.500
v 28.500 1.880 51.500
v 28.500 -0.386 51.750
v 28.500 2.000 51.679
v 28.500 2.044 51.750
v 28.500 -0.371 52.000
v 28.354 2.250 52.000
v 28.500 2.188 52.000
v 28.500 -0.360 52.250
v 28.500 2.250 52.135
v 28.500 2.298 52.250
v 28.500 -0.349 52.500
v 28.500 2.378 52.500
v 28.500 -0.339 52.750
v 28.500 2.434 52.750
v 28.500 -0.328 53.000
v 28.500 2.474 53.000
v 28.500 -0.318 53.250
v 28.500 2.500 53.206
v 28.500 2.506 53.250
v 28.500 -0.308 53.500
v 28.500 2.534 53.500
v 28.500 -0.299 53.750
v 28.500 2.554 53.750
v 28.500 -0.291 54.000
v 28.317 2.500 54.000
v 28.500 2.556 54.000
v 28.500 -0.283 54.250
v 28.434 2.500 54.250
v 28.500 2.526 54.250
v 28.500 -0.274 54.500
v 28.500 2.494 54.500
v 28.500 2.500 54.447
v 28.500 -0.266 54.750
v 28.252 2.250 54.750
v 28.500 2.500 54.640
v 28.492 2.500 54.750
v 28.500 2.504 54.750
v 28.500 -0.258 55.000
v 28.251 2.250 55.000
v 28.447 2.500 55.000
v 28.500 2.523 55.000
v 28.500 -0.251 55.250
v 28.421 2.500 55.250
v 28.500 2.533 55.250
v 28.500 -0.250 55.298
v 28.286 0.000 55.500
v 28.500 -0.241 55.500
v 28.432 2.500 55.500
v 28.500 2.528 55.500
v 28.476 0.000 55.750
v 28.500 -0.028 55.750
v 28.279 0.250 55.750
v 28.499 2.500 55.750
v 28.500 2.500 55.750
v 28.500 0.000 55.776
v 28.500 0.126 56.000
v 28.351 0.250 56.000
v 28.257 2.250 56.000
v 28.500 2.413 56.000
v 28.500 2.500 55.751
v 28.500 0.250 56.218
v 28.264 0.500 56.250
v 28.500 0.270 56.250
v 28.346 2.250 56.250
v 28.500 2.325 56.250
v 28.410 0.500 56.500
v 28.500 0.438 56.500
v 28.250 0.750 56.500
v 28.276 2.000 56.500
v 28.500 2.173 56.500
v 28.500 2.250 56.400
v 28.500 0.500 56.570
v 28.500 0.680 56.750
v 28.412 0.750 56.750
v 28.275 1.000 56.750
v 28.251 1.250 56.750
v 28.253 1.500 56.750
v 28.308 1.750 56.750
v 28.500 1.958 56.750
v 28.500 2.000 56.713
v 28.500 0.750 56.808
v 28.500 1.000 56.938
v 28.500 1.207 57.000
v 28.484 1.250 57.000
v 28.500 1.408 57.000
v 28.500 1.500 56.991
v 28.500 1.750 56.886
v 28.500 1.250 57.009
v 28.750 -0.691 48.000
v 28.750 2.322 48.000
v 28.750 -0.670 48.250
v 28.702 2.250 48.250
v 28.750 2.247 48.250
v 28.750 2.250 48.236
v 28.750 -0.640 48.500
v 28.750 2.175 48.500
v 28.750 -0.508 48.750
v 28.750 2.086 48.750
v 28.750 -0.500 48.761
v 28.630 -0.500 49.000
v 28.750 -0.359 49.000
v 28.750 1.950 49.000
v 28.750 2.000 48.909
v 28.546 -0.500 49.250
v 28.750 -0.250 49.153
v 28.697 -0.250 49.250
v 28.750 -0.200 49.250
v 28.750 1.806 49.250
v 28.620 -0.250 49.500
v 28.750 0.000 49.473
v 28.724 0.000 49.500
v 28.750 0.027 49.500
v 28.750 1.592 49.500
v 28.750 1.750 49.330
v 28.542 -0.250 49.750
v 28.645 0.000 49.750
v 28.750 0.250 49.716
v 28.715 0.250 49.750
v 28.750 0.333 49.750
v 28.739 1.250 49.750
v 28.750 1.235 49.750
v 28.750 1.250 49.746
v 28.750 1.500 49.600
v 28.566 0.000 50.000
v 28.631 0.250 50.000
v 28.750 0.500 49.866
v 28.667 0.500 50.000
v 28.750 0.750 49.913
v 28.660 0.750 50.000
v 28.750 1.000 49.878
v 28.609 1.000 50.000
v 28.516 1.250 50.000
v 28.514 0.000 50.250
v 28.571 0.250 50.250
v 28.605 0.500 50.250
v 28.598 0.750 50.250
v 28.548 1.000 50.250
v 28.511 0.000 50.500
v 28.566 0.250 50.500
v 28.596 0.500 50.500
v 28.592 0.750 50.500
v 28.547 1.000 50.500
v 28.575 0.000 50.750
v 28.630 0.250 50.750
v 28.655 0.500 50.750
v 28.653 0.750 50.750
v 28.613 1.000 50.750
v 28.529 1.250 50.750
v 28.569 -0.250 51.000
v 28.677 0.000 51.000
v 28.732 0.250 51.000
v 28.750 0.476 51.000
v 28.750 0.500 50.995
v 28.750 0.750 50.996
v 28.719 1.000 51.000
v 28.750 0.763 51.000
v 28.644 1.250 51.000
v 28.509 1.500 51.000
v 28.700 -0.250 51.250
v 28.750 -0.145 51.250
v 28.750 0.000 51.134
v 28.750 0.250 51.033
v 28.750 1.000 51.058
v 28.750 1.250 51.193
v 28.655 1.500 51.250
v 28.750 1.315 51.250
v 28.750 -0.250 51.327
v 28.750 -0.367 51.500
v 28.750 1.500 51.392
v 28.635 1.750 51.500
v 28.750 1.605 51.500
v 28.750 -0.380 51.750
v 28.750 1.750 51.643
v 28.564 2.000 51.750
v 28.750 1.844 51.750
v 28.750 -0.367 52.000
v 28.750 2.000 51.938
v 28.750 2.046 52.000
v 28.750 -0.355 52.250
v 28.633 2.250 52.250
v 28.750 2.201 52.250
v 28.750 -0.345 52.500
v 28.750 2.250 52.359
v 28.750 2.304 52.500
v 28.750 -0.335 52.750
v 28.750 2.374 52.750
v 28.750 -0.325 53.000
v 28.750 2.426 53.000
v 28.750 -0.313 53.250
v 28.545 2.500 53.250
v 28.750 2.474 53.250
v 28.750 -0.303 53.500
v 28.750 2.500 53.388
v 28.750 2.522 53.500
v 28.750 -0.293 53.750
v 28.750 2.566 53.750
v 28.750 -0.285 54.000
v 28.750 2.592 54.000
v 28.750 -0.277 54.250
v 28.750 2.588 54.250
v 28.750 -0.269 54.500
v 28.516 2.500 54.500
v 28.750 2.581 54.500
v 28.750 -0.261 54.750
v 28.750 2.597 54.750
v 28.750 -0.253 55.000
v 28.750 2.609 55.000
v 28.750 -0.250 55.119
v 28.564 -0.250 55.250
v 28.750 -0.246 55.250
v 28.750 2.618 55.250
v 28.750 -0.241 55.500
v 28.750 2.612 55.500
v 28.750 -0.230 55.750
v 28.750 2.587 55.750
v 28.689 0.000 56.000
v 28.750 -0.071 56.000
v 28.658 2.500 56.000
v 28.750 2.533 56.000
v 28.750 0.000 56.062
v 28.523 0.250 56.250
v 28.750 0.100 56.250
v 28.750 2.430 56.250
v 28.750 2.500 56.083
v 28.750 0.250 56.443
v 28.750 0.289 56.500
v 28.613 2.250 56.500
v 28.750 2.305 56.500
v 28.750 0.500 56.747
v 28.750 0.503 56.750
v 28.542 2.000 56.750
v 28.750 2.108 56.750
v 28.750 2.250 56.580
v 28.750 0.750 56.960
v 28.580 1.000 57.000
v 28.750 0.821 57.000
v 28.510 1.500 57.000
v 28.674 1.750 57.000
v 28.750 1.809 57.000
v 28.750 2.000 56.865
v 28.750 1.000 57.097
v 28.750 1.250 57.147
v 28.750 1.500 57.131
v 28.750 1.750 57.043
v 29.000 -0.687 48.000
v 29.000 2.260 48.000
v 29.000 -0.641 48.250
v 29.000 2.196 48.250
v 29.000 2.250 48.029
v 29.000 -0.500 48.420
v 28.926 -0.500 48.500
v 29.000 -0.467 48.500
v 29.000 2.121 48.500
v 28.755 -0.500 48.750
v 29.000 -0.338 48.750
v 29.000 2.018 48.750
v 29.000 -0.250 48.854
v 28.834 -0.250 49.000
v 29.000 -0.164 49.000
v 29.000 1.877 49.000
v 29.000 2.000 48.783
v 29.000 0.000 49.216
v 28.952 0.000 49.250
v 29.000 0.030 49.250
v 28.886 1.750 49.250
v 29.000 1.699 49.250
v 29.000 1.750 49.194
v 29.000 0.250 49.469
v 28.951 0.250 49.500
v 29.000 0.298 49.500
v 28.908 1.500 49.500
v 29.000 1.431 49.500
v 29.000 1.500 49.456
v 29.000 0.500 49.629
v 28.812 0.500 49.750
v 29.000 0.750 49.692
v 28.897 0.750 49.750
v 29.000 1.000 49.689
v 28.882 1.000 49.750
v 29.000 1.250 49.618
v 28.752 0.500 51.000
v 28.752 0.750 51.000
v 28.818 0.000 51.250
v 28.874 0.250 51.250
v 28.888 0.500 51.250
v 28.887 0.750 51.250
v 28.855 1.000 51.250
v 28.782 1.250 51.250
v 28.876 -0.250 51.500
v 29.000 -0.015 51.500
v 29.000 0.000 51.490
v 29.000 0.250 51.416
v 29.000 0.500 51.400
v 29.000 0.750 51.405
v 29.000 1.000 51.457
v 28.954 1.250 51.500
v 29.000 1.104 51.500
v 28.827 1.500 51.500
v 29.000 -0.250 51.650
v 29.000 -0.332 51.750
v 29.000 1.250 51.559
v 29.000 1.500 51.716
v 28.845 1.750 51.750
v 29.000 1.544 51.750
v 29.000 -0.363 52.000
v 29.000 1.750 51.910
v 28.819 2.000 52.000
v 29.000 1.848 52.000
v 29.000 -0.353 52.250
v 29.000 2.000 52.171
v 29.000 2.056 52.250
v 29.000 -0.342 52.500
v 28.875 2.250 52.500
v 29.000 2.188 52.500
v 29.000 -0.332 52.750
v 29.000 2.250 52.667
v 29.000 2.278 52.750
v 29.000 -0.321 53.000
v 29.000 2.351 53.000
v 29.000 -0.310 53.250
v 29.000 2.420 53.250
v 29.000 -0.299 53.500
v 28.901 2.500 53.500
v 29.000 2.486 53.500
v 29.000 -0.290 53.750
v 29.000 2.500 53.562
v 29.000 2.543 53.750
v 29.000 -0.282 54.000
v 29.000 2.583 54.000
v 29.000 -0.273 54.250
v 29.000 2.601 54.250
v 29.000 -0.265 54.500
v 29.000 2.626 54.500
v 29.000 -0.257 54.750
v 29.000 2.653 54.750
v 29.000 -0.250 54.975
v 28.953 -0.250 55.000
v 29.000 -0.249 55.000
v 29.000 2.668 55.000
v 29.000 -0.244 55.250
v 29.000 2.679 55.250
v 29.000 -0.239 55.500
v 29.000 2.678 55.500
v 29.000 -0.234 55.750
v 29.000 2.656 55.750
v 29.000 -0.221 56.000
v 29.000 2.611 56.000
v 28.943 0.000 56.250
v 29.000 -0.081 56.250
v 28.963 2.500 56.250
v 29.000 2.514 56.250
v 29.000 0.000 56.319
v 28.827 0.250 56.500
v 29.000 0.109 56.500
v 29.000 2.389 56.500
v 29.000 2.500 56.272
v 29.000 0.250 56.621
v 28.754 0.500 56.750
v 29.000 0.354 56.750
v 29.000 2.212 56.750
v 29.000 2.250 56.705
v 29.000 0.500 56.889
v 28.831 0.750 57.000
v 29.000 0.636 57.000
v 29.000 1.966 57.000
v 29.000 2.000 56.976
v 29.000 0.750 57.100
v 29.000 1.000 57.212
v 28.984 1.250 57.250
v 29.000 1.211 57.250
v 29.000 1.344 57.250
v 29.000 1.500 57.239
v 29.000 1.750 57.159
v 29.000 1.250 57.264
v 28.992 1.750 60.500
v 29.000 1.750 60.446
v 29.000 1.517 60.500
v 29.000 1.849 60.500
v 28.974 1.500 60.750
v 29.000 1.500 60.506
v 29.000 1.335 60.750
v 28.967 1.750 60.750
v 29.000 2.000 60.620
v 28.986 2.000 60.750
v 29.000 2.089 60.750
v 28.997 1.250 61.000
v 29.000 1.250 60.955
v 29.000 1.239 61.000
v 28.961 1.500 61.000
v 28.953 1.750 61.000
v 28.967 2.000 61.000
v 29.000 2.240 61.000
v 28.995 1.250 61.250
v 29.000 1.230 61.250
v 28.956 1.500 61.250
v 28.942 1.750 61.250
v 28.951 2.000 61.250
v 29.000 2.250 61.017
v 28.981 2.250 61.250
v 29.000 2.346 61.250
v 29.000 1.250 61.393
v 29.000 1.271 61.500
v 28.960 1.500 61.500
v 28.939 1.750 61.500
v 28.942 2.000 61.500
v 28.970 2.250 61.500
v 29.000 2.395 61.500
v 28.976 1.500 61.750
v 29.000 1.369 61.750
v 28.951 1.750 61.750
v 28.951 2.000 61.750
v 28.978 2.250 61.750
v 29.000 2.360 61.750
v 28.998 1.500 62.000
v 29.000 1.490 62.000
v 28.977 1.750 62.000
v 28.978 2.000 62.000
v 29.000 2.230 62.000
v 29.000 2.250 61.980
v 29.000 1.500 62.018
v 29.000 1.750 62.197
v 29.000 2.000 62.166
v 29.250 -0.618 48.000
v 29.033 2.250 48.000
v 29.250 2.191 48.000
v 29.250 -0.500 48.137
v 29.153 -0.500 48.250
v 29.250 -0.453 48.250
v 29.250 2.133 48.250
v 29.250 -0.340 48.500
v 29.250 2.058 48.500
v 29.250 -0.250 48.640
v 29.122 -0.250 48.750
v 29.250 -0.188 48.750
v 29.063 2.000 48.750
v 29.250 1.936 48.750
v 29.250 2.000 48.634
v 29.250 -0.033 49.000
v 29.250 1.795 49.000
v 29.250 0.000 49.041
v 29.250 0.185 49.250
v 29.250 1.581 49.250
v 29.250 1.750 49.066
v 29.250 0.250 49.313
v 29.250 0.500 49.472
v 29.204 0.500 49.500
v 29.250 0.577 49.500
v 29.225 1.250 49.500
v 29.250 1.206 49.500
v 29.250 1.250 49.486
v 29.250 1.500 49.330
v 29.250 0.750 49.555
v 29.250 1.000 49.559
v 29.008 0.000 51.500
v 29.069 0.250 51.500
v 29.081 0.500 51.500
v 29.075 0.750 51.500
v 29.033 1.000 51.500
v 29.087 -0.250 51.750
v 29.234 0.000 51.750
v 29.250 0.050 51.750
v 29.250 0.250 51.690
v 29.250 0.500 51.677
v 29.250 0.750 51.688
v 29.250 1.000 51.742
v 29.165 1.250 51.750
v 29.250 1.021 51.750
v 29.030 1.500 51.750
v 29.250 -0.250 51.944
v 29.250 -0.297 52.000
v 29.250 0.000 51.768
v 29.250 1.250 51.841
v 29.250 1.500 51.975
v 29.093 1.750 52.000
v 29.250 1.539 52.000
v 29.250 -0.350 52.250
v 29.250 1.750 52.160
v 29.074 2.000 52.250
v 29.250 1.840 52.250
v 29.250 -0.339 52.500
v 29.250 2.000 52.471
v 29.250 2.017 52.500
v 29.250 -0.328 52.750
v 29.052 2.250 52.750
v 29.250 2.135 52.750
v 29.250 -0.317 53.000
v 29.227 2.250 53.000
v 29.250 2.239 53.000
v 29.250 -0.306 53.250
v 29.250 2.250 53.028
v 29.250 2.337 53.250
v 29.250 -0.296 53.500
v 29.250 2.424 53.500
v 29.250 -0.288 53.750
v 29.200 2.500 53.750
v 29.250 2.490 53.750
v 29.250 -0.279 54.000
v 29.250 2.500 53.800
v 29.250 2.540 54.000
v 29.250 -0.271 54.250
v 29.250 2.577 54.250
v 29.250 -0.262 54.500
v 29.250 2.637 54.500
v 29.250 -0.254 54.750
v 29.250 2.682 54.750
v 29.250 -0.250 54.872
v 29.250 -0.247 55.000
v 29.250 2.703 55.000
v 29.250 -0.242 55.250
v 29.250 2.721 55.250
v 29.250 -0.239 55.500
v 29.250 2.724 55.500
v 29.250 -0.232 55.750
v 29.250 2.708 55.750
v 29.250 -0.222 56.000
v 29.250 2.668 56.000
v 29.250 -0.201 56.250
v 29.250 2.596 56.250
v 29.170 0.000 56.500
v 29.250 -0.104 56.500
v 29.250 2.452 56.500
v 29.250 2.500 56.401
v 29.250 0.000 56.609
v 29.220 0.250 56.750
v 29.250 0.191 56.750
v 29.110 2.250 56.750
v 29.250 2.308 56.750
v 29.250 0.250 56.795
v 29.241 0.500 57.000
v 29.250 0.484 57.000
v 29.065 2.000 57.000
v 29.250 2.089 57.000
v 29.250 2.250 56.823
v 29.250 0.500 57.014
v 29.250 0.750 57.223
v 29.099 1.000 57.250
v 29.250 0.818 57.250
v 29.030 1.500 57.250
v 29.250 1.748 57.250
v 29.250 1.750 57.249
v 29.250 2.000 57.108
v 29.250 1.000 57.423
v 29.250 1.250 57.459
v 29.250 1.500 57.427
v 29.205 1.500 59.750
v 29.250 1.500 59.634
v 29.250 1.270 59.750
v 29.195 1.750 59.750
v 29.250 1.750 59.618
v 29.218 2.000 59.750
v 29.250 2.000 59.676
v 29.250 2.165 59.750
v 29.170 1.250 60.000
v 29.250 1.250 59.761
v 29.250 1.037 60.000
v 29.115 1.500 60.000
v 29.103 1.750 60.000
v 29.126 2.000 60.000
v 29.250 2.250 59.792
v 29.175 2.250 60.000
v 29.240 2.500 60.000
v 29.250 2.500 59.972
v 29.250 2.531 60.000
v 29.196 1.000 60.250
v 29.250 1.000 60.050
v 29.250 0.882 60.250
v 29.101 1.250 60.250
v 29.046 1.500 60.250
v 29.033 1.750 60.250
v 29.057 2.000 60.250
v 29.106 2.250 60.250
v 29.170 2.500 60.250
v 29.250 2.750 60.238
v 29.247 2.750 60.250
v 29.250 2.759 60.250
v 29.138 1.000 60.500
v 29.250 0.754 60.500
v 29.049 1.250 60.500
v 29.001 1.500 60.500
v 29.014 2.000 60.500
v 29.059 2.250 60.500
v 29.119 2.500 60.500
v 29.190 2.750 60.500
v 29.250 2.918 60.500
v 29.202 0.750 60.750
v 29.250 0.750 60.510
v 29.250 0.622 60.750
v 29.094 1.000 60.750
v 29.014 1.250 60.750
v 29.026 2.250 60.750
v 29.079 2.500 60.750
v 29.146 2.750 60.750
v 29.250 3.000 60.667
v 29.235 3.000 60.750
v 29.250 3.032 60.750
v 29.167 0.750 61.000
v 29.250 0.540 61.000
v 29.068 1.000 61.000
v 29.001 2.250 61.000
v 29.050 2.500 61.000
v 29.114 2.750 61.000
v 29.203 3.000 61.000
v 29.250 3.098 61.000
v 29.154 0.750 61.250
v 29.250 0.513 61.250
v 29.062 1.000 61.250
v 29.030 2.500 61.250
v 29.097 2.750 61.250
v 29.188 3.000 61.250
v 29.250 3.128 61.250
v 29.157 0.750 61.500
v 29.250 0.522 61.500
v 29.070 1.000 61.500
v 29.004 1.250 61.500
v 29.021 2.500 61.500
v 29.092 2.750 61.500
v 29.185 3.000 61.500
v 29.250 3.132 61.500
v 29.170 0.750 61.750
v 29.250 0.555 61.750
v 29.086 1.000 61.750
v 29.022 1.250 61.750
v 29.028 2.500 61.750
v 29.100 2.750 61.750
v 29.193 3.000 61.750
v 29.250 3.118 61.750
v 29.186 0.750 62.000
v 29.250 0.593 62.000
v 29.103 1.000 62.000
v 29.040 1.250 62.000
v 29.002 2.250 62.000
v 29.047 2.500 62.000
v 29.114 2.750 62.000
v 29.204 3.000 62.000
v 29.250 3.101 62.000
v 29.209 0.750 62.250
v 29.250 0.650 62.250
v 29.122 1.000 62.250
v 29.059 1.250 62.250
v 29.021 1.500 62.250
v 29.006 1.750 62.250
v 29.011 2.000 62.250
v 29.033 2.250 62.250
v 29.073 2.500 62.250
v 29.134 2.750 62.250
v 29.220 3.000 62.250
v 29.250 3.069 62.250
v 29.246 0.750 62.500
v 29.250 0.741 62.500
v 29.151 1.000 62.500
v 29.083 1.250 62.500
v 29.043 1.500 62.500
v 29.030 1.750 62.500
v 29.037 2.000 62.500
v 29.060 2.250 62.500
v 29.099 2.500 62.500
v 29.161 2.750 62.500
v 29.248 3.000 62.500
v 29.250 3.005 62.500
v 29.250 0.750 62.516
v 29.250 0.891 62.750
v 29.203 1.000 62.750
v 29.120 1.250 62.750
v 29.071 1.500 62.750
v 29.051 1.750 62.750
v 29.056 2.000 62.750
v 29.081 2.250 62.750
v 29.127 2.500 62.750
v 29.200 2.750 62.750
v 29.250 2.878 62.750
v 29.250 3.000 62.512
v 29.250 1.000 62.898
v 29.250 1.093 63.000
v 29.185 1.250 63.000
v 29.115 1.500 63.000
v 29.082 1.750 63.000
v 29.080 2.000 63.000
v 29.108 2.250 63.000
v 29.167 2.500 63.000
v 29.250 2.726 63.000
v 29.250 2.750 62.966
v 29.250 1.250 63.210
v 29.250 1.290 63.250
v 29.175 1.500 63.250
v 29.127 1.750 63.250
v 29.118 2.000 63.250
v 29.149 2.250 63.250
v 29.220 2.500 63.250
v 29.250 2.570 63.250
v 29.219 1.500 63.500
v 29.250 1.412 63.500
v 29.172 1.750 63.500
v 29.166 2.000 63.500
v 29.199 2.250 63.500
v 29.250 2.426 63.500
v 29.250 2.500 63.394
v 29.249 1.500 63.750
v 29.250 1.495 63.750
v 29.215 1.750 63.750
v 29.217 2.000 63.750
v 29.250 2.229 63.750
v 29.250 2.250 63.735
v 29.250 1.500 63.750
v 29.250 1.750 63.756
v 29.250 2.000 63.756
v 29.354 -0.500 48.000
v 29.500 -0.400 48.000
v 29.500 2.103 48.000
v 29.500 -0.309 48.250
v 29.500 2.054 48.250
v 29.500 -0.250 48.379
v 29.407 -0.250 48.500
v 29.500 -0.187 48.500
v 29.443 2.000 48.500
v 29.500 1.964 48.500
v 29.500 2.000 48.434
v 29.500 -0.060 48.750
v 29.500 1.837 48.750
v 29.500 0.000 48.844
v 29.311 0.000 49.000
v 29.500 0.124 49.000
v 29.375 1.750 49.000
v 29.500 1.669 49.000
v 29.500 1.750 48.905
v 29.500 0.250 49.142
v 29.357 0.250 49.250
v 29.500 0.382 49.250
v 29.410 1.500 49.250
v 29.500 1.413 49.250
v 29.500 1.500 49.183
v 29.500 0.500 49.324
v 29.500 0.750 49.404
v 29.355 0.750 49.500
v 29.500 1.000 49.412
v 29.367 1.000 49.500
v 29.500 1.250 49.343
v 29.308 0.250 51.750
v 29.324 0.500 51.750
v 29.313 0.750 51.750
v 29.258 1.000 51.750
v 29.293 -0.250 52.000
v 29.440 0.000 52.000
v 29.500 0.182 52.000
v 29.500 0.250 51.974
v 29.500 0.500 51.949
v 29.500 0.750 51.955
v 29.496 1.000 52.000
v 29.500 0.976 52.000
v 29.408 1.250 52.000
v 29.276 1.500 52.000
v 29.438 -0.250 52.250
v 29.500 -0.176 52.250
v 29.500 0.000 52.093
v 29.500 1.000 52.006
v 29.500 1.250 52.104
v 29.500 1.500 52.245
v 29.329 1.750 52.250
v 29.500 1.507 52.250
v 29.500 -0.250 52.331
v 29.500 -0.323 52.500
v 29.500 1.750 52.479
v 29.269 2.000 52.500
v 29.500 1.766 52.500
v 29.500 -0.322 52.750
v 29.428 2.000 52.750
v 29.500 1.937 52.750
v 29.500 -0.312 53.000
v 29.500 2.000 52.848
v 29.500 2.088 53.000
v 29.500 -0.302 53.250
v 29.442 2.250 53.250
v 29.500 2.223 53.250
v 29.500 -0.293 53.500
v 29.500 2.250 53.309
v 29.500 2.335 53.500
v 29.500 -0.285 53.750
v 29.500 2.418 53.750
v 29.500 -0.277 54.000
v 29.417 2.500 54.000
v 29.500 2.481 54.000
v 29.500 -0.269 54.250
v 29.500 2.500 54.085
v 29.500 2.536 54.250
v 29.500 -0.260 54.500
v 29.500 2.627 54.500
v 29.500 -0.251 54.750
v 29.500 2.689 54.750
v 29.500 -0.250 54.788
v 29.500 -0.244 55.000
v 29.500 2.717 55.000
v 29.500 -0.240 55.250
v 29.500 2.739 55.250
v 29.500 -0.236 55.500
v 29.500 2.748 55.500
v 29.500 -0.230 55.750
v 29.500 2.737 55.750
v 29.500 -0.218 56.000
v 29.500 2.705 56.000
v 29.500 -0.198 56.250
v 29.500 2.648 56.250
v 29.500 -0.179 56.500
v 29.500 2.500 56.500
v 29.500 2.500 56.499
v 29.353 0.000 56.750
v 29.500 -0.134 56.750
v 29.500 2.394 56.750
v 29.500 0.000 56.997
v 29.385 0.250 57.000
v 29.500 0.004 57.000
v 29.500 2.191 57.000
v 29.500 2.250 56.935
v 29.490 0.250 57.250
v 29.500 0.229 57.250
v 29.400 0.500 57.250
v 29.307 0.750 57.250
v 29.252 1.750 57.250
v 29.500 1.984 57.250
v 29.500 2.000 57.240
v 29.500 0.250 57.282
v 29.500 0.409 57.500
v 29.462 0.500 57.500
v 29.378 0.750 57.500
v 29.317 1.000 57.500
v 29.306 1.250 57.500
v 29.346 1.500 57.500
v 29.434 1.750 57.500
v 29.500 1.883 57.500
v 29.500 0.500 57.673
v 29.500 0.548 57.750
v 29.430 0.750 57.750
v 29.379 1.000 57.750
v 29.376 1.250 57.750
v 29.411 1.500 57.750
v 29.477 1.750 57.750
v 29.500 1.811 57.750
v 29.487 0.750 58.000
v 29.500 0.714 58.000
v 29.436 1.000 58.000
v 29.432 1.250 58.000
v 29.458 1.500 58.000
v 29.500 1.712 58.000
v 29.500 1.750 57.938
v 29.500 0.750 58.042
v 29.500 0.982 58.250
v 29.495 1.000 58.250
v 29.474 1.250 58.250
v 29.487 1.500 58.250
v 29.500 1.577 58.250
v 29.500 1.000 58.272
v 29.500 1.250 58.459
v 29.500 1.500 58.435
v 29.496 1.500 58.750
v 29.500 1.500 58.634
v 29.500 1.426 58.750
v 29.500 1.529 58.750
v 29.487 1.250 59.000
v 29.500 1.250 58.857
v 29.500 1.206 59.000
v 29.463 1.500 59.000
v 29.500 1.750 58.922
v 29.486 1.750 59.000
v 29.500 1.810 59.000
v 29.437 1.250 59.250
v 29.500 1.055 59.250
v 29.403 1.500 59.250
v 29.412 1.750 59.250
v 29.500 2.000 59.132
v 29.456 2.000 59.250
v 29.500 2.150 59.250
v 29.439 1.000 59.500
v 29.500 1.000 59.308
v 29.500 0.866 59.500
v 29.353 1.250 59.500
v 29.309 1.500 59.500
v 29.306 1.750 59.500
v 29.336 2.000 59.500
v 29.500 2.250 59.306
v 29.396 2.250 59.500
v 29.483 2.500 59.500
v 29.500 2.500 59.471
v 29.500 2.537 59.500
v 29.467 0.750 59.750
v 29.500 0.750 59.652
v 29.500 0.663 59.750
v 29.350 1.000 59.750
v 29.254 1.250 59.750
v 29.269 2.250 59.750
v 29.348 2.500 59.750
v 29.500 2.750 59.666
v 29.452 2.750 59.750
v 29.500 2.839 59.750
v 29.486 0.500 60.000
v 29.500 0.500 59.954
v 29.500 0.471 60.000
v 29.388 0.750 60.000
v 29.265 1.000 60.000
v 29.334 2.750 60.000
v 29.500 3.000 59.917
v 29.458 3.000 60.000
v 29.500 3.064 60.000
v 29.416 0.500 60.250
v 29.500 0.331 60.250
v 29.317 0.750 60.250
v 29.360 3.000 60.250
v 29.500 3.222 60.250
v 29.481 0.250 60.500
v 29.500 0.250 60.424
v 29.500 0.225 60.500
v 29.353 0.500 60.500
v 29.252 0.750 60.500
v 29.286 3.000 60.500
v 29.500 3.250 60.306
v 29.436 3.250 60.500
v 29.500 3.333 60.500
v 29.434 0.250 60.750
v 29.500 0.160 60.750
v 29.303 0.500 60.750
v 29.378 3.250 60.750
v 29.500 3.413 60.750
v 29.405 0.250 61.000
v 29.500 0.120 61.000
v 29.268 0.500 61.000
v 29.339 3.250 61.000
v 29.500 3.469 61.000
v 29.398 0.250 61.250
v 29.500 0.109 61.250
v 29.256 0.500 61.250
v 29.322 3.250 61.250
v 29.500 3.496 61.250
v 29.406 0.250 61.500
v 29.500 0.118 61.500
v 29.260 0.500 61.500
v 29.318 3.250 61.500
v 29.500 3.500 61.349
v 29.496 3.500 61.500
v 29.500 3.505 61.500
v 29.421 0.250 61.750
v 29.500 0.137 61.750
v 29.276 0.500 61.750
v 29.322 3.250 61.750
v 29.492 3.500 61.750
v 29.500 3.511 61.750
v 29.436 0.250 62.000
v 29.500 0.155 62.000
v 29.294 0.500 62.000
v 29.326 3.250 62.000
v 29.480 3.500 62.000
v 29.500 3.529 62.000
v 29.458 0.250 62.250
v 29.500 0.186 62.250
v 29.320 0.500 62.250
v 29.334 3.250 62.250
v 29.473 3.500 62.250
v 29.500 3.543 62.250
v 29.498 0.250 62.500
v 29.500 0.247 62.500
v 29.362 0.500 62.500
v 29.358 3.250 62.500
v 29.486 3.500 62.500
v 29.500 3.523 62.500
v 29.500 0.250 62.508
v 29.500 0.375 62.750
v 29.433 0.500 62.750
v 29.314 0.750 62.750
v 29.296 3.000 62.750
v 29.408 3.250 62.750
v 29.500 3.428 62.750
v 29.500 3.500 62.570
v 29.500 0.500 62.932
v 29.500 0.558 63.000
v 29.409 0.750 63.000
v 29.287 1.000 63.000
v 29.258 2.750 63.000
v 29.365 3.000 63.000
v 29.485 3.250 63.000
v 29.500 3.278 63.000
v 29.500 0.750 63.239
v 29.500 0.759 63.250
v 29.374 1.000 63.250
v 29.263 1.250 63.250
v 29.322 2.750 63.250
v 29.443 3.000 63.250
v 29.500 3.108 63.250
v 29.500 3.250 63.047
v 29.425 1.000 63.500
v 29.500 0.862 63.500
v 29.305 1.250 63.500
v 29.273 2.500 63.500
v 29.383 2.750 63.500
v 29.500 2.969 63.500
v 29.500 3.000 63.449
v 29.453 1.000 63.750
v 29.500 0.916 63.750
v 29.331 1.250 63.750
v 29.253 2.250 63.750
v 29.331 2.500 63.750
v 29.445 2.750 63.750
v 29.500 2.847 63.750
v 29.500 1.000 63.758
v 29.500 1.250 63.775
v 29.500 1.500 63.785
v 29.500 1.750 63.790
v 29.500 2.000 63.789
v 29.500 2.250 63.783
v 29.500 2.500 63.773
v 29.500 2.750 63.757
v 29.695 -0.250 48.000
v 29.750 -0.119 48.000
v 29.736 2.000 48.000
v 29.750 1.946 48.000
v 29.594 -0.250 48.250
v 29.750 -0.060 48.250
v 29.646 2.000 48.250
v 29.750 1.834 48.250
v 29.750 -0.006 48.500
v 29.750 1.787 48.500
v 29.750 0.000 48.515
v 29.610 0.000 48.750
v 29.750 0.184 48.750
v 29.693 1.750 48.750
v 29.750 1.619 48.750
v 29.750 1.750 48.616
v 29.750 0.250 48.858
v 29.684 0.250 49.000
v 29.750 0.392 49.000
v 29.742 1.500 49.000
v 29.750 1.466 49.000
v 29.750 1.500 48.966
v 29.750 0.500 49.071
v 29.624 0.500 49.250
v 29.750 0.750 49.181
v 29.731 0.750 49.250
v 29.750 1.000 49.216
v 29.742 1.000 49.250
v 29.750 1.250 49.093
v 29.664 1.250 49.250
v 29.520 0.250 52.000
v 29.541 0.500 52.000
v 29.538 0.750 52.000
v 29.591 0.000 52.250
v 29.663 0.250 52.250
v 29.683 0.500 52.250
v 29.692 0.750 52.250
v 29.672 1.000 52.250
v 29.613 1.250 52.250
v 29.504 1.500 52.250
v 29.585 -0.250 52.500
v 29.715 0.000 52.500
v 29.750 0.125 52.500
v 29.750 0.250 52.430
v 29.750 0.500 52.392
v 29.750 0.750 52.364
v 29.750 1.000 52.388
v 29.750 1.250 52.471
v 29.672 1.500 52.500
v 29.750 1.295 52.500
v 29.513 1.750 52.500
v 29.691 -0.250 52.750
v 29.750 -0.198 52.750
v 29.750 0.000 52.564
v 29.750 1.500 52.622
v 29.672 1.750 52.750
v 29.750 1.633 52.750
v 29.750 -0.250 52.822
v 29.750 -0.305 53.000
v 29.750 1.750 52.853
v 29.614 2.000 53.000
v 29.750 1.877 53.000
v 29.750 -0.297 53.250
v 29.750 2.000 53.149
v 29.750 2.073 53.250
v 29.750 -0.289 53.500
v 29.693 2.250 53.500
v 29.750 2.223 53.500
v 29.750 -0.281 53.750
v 29.750 2.250 53.558
v 29.750 2.332 53.750
v 29.750 -0.274 54.000
v 29.750 2.417 54.000
v 29.750 -0.266 54.250
v 29.695 2.500 54.250
v 29.750 2.492 54.250
v 29.750 -0.258 54.500
v 29.750 2.500 54.276
v 29.750 2.580 54.500
v 29.750 -0.250 54.726
v 29.655 -0.250 54.750
v 29.750 -0.249 54.750
v 29.750 2.655 54.750
v 29.750 -0.241 55.000
v 29.750 2.698 55.000
v 29.750 -0.233 55.250
v 29.750 2.729 55.250
v 29.750 -0.226 55.500
v 29.750 2.745 55.500
v 29.750 -0.217 55.750
v 29.750 2.744 55.750
v 29.750 -0.206 56.000
v 29.750 2.718 56.000
v 29.750 -0.189 56.250
v 29.750 2.670 56.250
v 29.750 -0.175 56.500
v 29.504 2.500 56.500
v 29.750 2.573 56.500
v 29.750 -0.163 56.750
v 29.750 2.473 56.750
v 29.750 2.500 56.677
v 29.502 0.000 57.000
v 29.750 -0.150 57.000
v 29.625 2.250 57.000
v 29.750 2.383 57.000
v 29.623 0.000 57.250
v 29.750 -0.102 57.250
v 29.515 2.000 57.250
v 29.691 2.250 57.250
v 29.750 2.320 57.250
v 29.731 0.000 57.500
v 29.750 -0.019 57.500
v 29.573 0.250 57.500
v 29.558 2.000 57.500
v 29.720 2.250 57.500
v 29.750 2.286 57.500
v 29.750 0.000 57.548
v 29.750 0.117 57.750
v 29.659 0.250 57.750
v 29.519 0.500 57.750
v 29.577 2.000 57.750
v 29.724 2.250 57.750
v 29.750 2.283 57.750
v 29.746 0.250 58.000
v 29.750 0.244 58.000
v 29.595 0.500 58.000
v 29.508 1.750 58.000
v 29.593 2.000 58.000
v 29.728 2.250 58.000
v 29.750 2.279 58.000
v 29.750 0.250 58.025
v 29.750 0.321 58.250
v 29.665 0.500 58.250
v 29.569 0.750 58.250
v 29.530 1.750 58.250
v 29.607 2.000 58.250
v 29.729 2.250 58.250
v 29.750 2.281 58.250
v 29.728 0.500 58.500
v 29.750 0.450 58.500
v 29.637 0.750 58.500
v 29.550 1.000 58.500
v 29.505 1.250 58.500
v 29.504 1.500 58.500
v 29.543 1.750 58.500
v 29.617 2.000 58.500
v 29.725 2.250 58.500
v 29.750 2.295 58.500
v 29.750 0.500 58.649
v 29.750 0.540 58.750
v 29.675 0.750 58.750
v 29.572 1.000 58.750
v 29.509 1.250 58.750
v 29.529 1.750 58.750
v 29.601 2.000 58.750
v 29.701 2.250 58.750
v 29.750 2.351 58.750
v 29.674 0.750 59.000
v 29.750 0.541 59.000
v 29.562 1.000 59.000
v 29.546 2.000 59.000
v 29.634 2.250 59.000
v 29.750 2.500 58.983
v 29.744 2.500 59.000
v 29.750 2.511 59.000
v 29.730 0.500 59.250
v 29.750 0.500 59.112
v 29.750 0.457 59.250
v 29.636 0.750 59.250
v 29.518 1.000 59.250
v 29.530 2.250 59.250
v 29.629 2.500 59.250
v 29.750 2.730 59.250
v 29.662 0.500 59.500
v 29.750 0.332 59.500
v 29.559 0.750 59.500
v 29.611 2.750 59.500
v 29.750 2.750 59.270
v 29.750 2.950 59.500
v 29.714 0.250 59.750
v 29.750 0.250 59.640
v 29.750 0.207 59.750
v 29.572 0.500 59.750
v 29.608 3.000 59.750
v 29.750 3.000 59.552
v 29.750 3.157 59.750
v 29.629 0.250 60.000
v 29.750 0.110 60.000
v 29.663 3.250 60.000
v 29.750 3.250 59.875
v 29.750 3.329 60.000
v 29.549 0.250 60.250
v 29.750 0.019 60.250
v 29.524 3.250 60.250
v 29.750 3.466 60.250
v 29.693 0.000 60.500
v 29.750 0.000 60.307
v 29.750 -0.048 60.500
v 29.664 3.500 60.500
v 29.750 3.500 60.323
v 29.750 3.577 60.500
v 29.636 0.000 60.750
v 29.750 -0.099 60.750
v 29.579 3.500 60.750
v 29.750 3.666 60.750
v 29.599 0.000 61.000
v 29.750 -0.136 61.000
v 29.526 3.500 61.000
v 29.750 3.733 61.000
v 29.588 0.000 61.250
v 29.750 -0.154 61.250
v 29.503 3.500 61.250
v 29.750 3.750 61.109
v 29.730 3.750 61.250
v 29.750 3.770 61.250
v 29.592 0.000 61.500
v 29.750 -0.158 61.500
v 29.681 2.750 61.500
v 29.750 2.667 61.500
v 29.750 2.750 61.468
v 29.750 3.000 61.481
v 29.707 3.000 61.500
v 29.750 3.045 61.500
v 29.713 3.750 61.500
v 29.750 3.789 61.500
v 29.605 0.000 61.750
v 29.750 -0.151 61.750
v 29.750 2.750 61.663
v 29.750 3.000 61.603
v 29.699 3.750 61.750
v 29.750 3.806 61.750
v 29.617 0.000 62.000
v 29.750 -0.140 62.000
v 29.674 3.750 62.000
v 29.750 3.836 62.000
v 29.639 0.000 62.250
v 29.750 -0.118 62.250
v 29.653 3.750 62.250
v 29.750 3.862 62.250
v 29.682 0.000 62.500
v 29.750 -0.073 62.500
v 29.658 3.750 62.500
v 29.750 3.860 62.500
v 29.750 0.000 62.742
v 29.570 0.250 62.750
v 29.750 0.003 62.750
v 29.539 3.500 62.750
v 29.706 3.750 62.750
v 29.750 3.806 62.750
v 29.659 0.250 63.000
v 29.750 0.122 63.000
v 29.526 0.500 63.000
v 29.620 3.500 63.000
v 29.750 3.699 63.000
v 29.750 3.750 62.892
v 29.747 0.250 63.250
v 29.750 0.245 63.250
v 29.612 0.500 63.250
v 29.504 0.750 63.250
v 29.569 3.250 63.250
v 29.710 3.500 63.250
v 29.750 3.562 63.250
v 29.750 0.250 63.262
v 29.750 0.374 63.500
v 29.676 0.500 63.500
v 29.557 0.750 63.500
v 29.515 3.000 63.500
v 29.650 3.250 63.500
v 29.750 3.419 63.500
v 29.750 3.500 63.370
v 29.730 0.500 63.750
v 29.750 0.470 63.750
v 29.592 0.750 63.750
v 29.587 3.000 63.750
v 29.737 3.250 63.750
v 29.750 3.271 63.750
v 29.750 0.500 63.753
v 29.750 0.750 63.774
v 29.750 1.000 63.791
v 29.750 1.250 63.804
v 29.750 1.500 63.811
v 29.750 1.750 63.814
v 29.750 2.000 63.813
v 29.750 2.250 63.808
v 29.750 2.500 63.799
v 29.750 2.750 63.786
v 29.750 3.000 63.771
v 29.750 3.250 63.752
v 29.800 0.000 48.000
v 29.800 0.250 48.000
v 29.800 0.500 48.000
v 29.800 0.750 48.000
v 29.800 1.000 48.000
v 29.800 1.250 48.000
v 29.800 1.500 48.000
v 29.800 1.750 48.000
v 29.799 0.000 48.250
v 29.800 0.250 48.250
v 29.800 0.500 48.250
v 29.800 0.750 48.250
v 29.800 1.000 48.250
v 29.800 1.250 48.250
v 29.800 1.500 48.250
v 29.800 1.750 48.250
v 29.759 0.000 48.500
v 29.800 0.250 48.500
v 29.800 0.500 48.500
v 29.800 0.750 48.500
v 29.800 1.000 48.500
v 29.800 1.250 48.500
v 29.800 1.500 48.500
v 29.798 1.750 48.500
v 29.799 0.250 48.750
v 29.800 0.500 48.750
v 29.800 0.750 48.750
v 29.800 1.000 48.750
v 29.800 1.250 48.750
v 29.800 1.500 48.750
v 29.799 0.500 49.000
v 29.800 0.750 49.000
v 29.800 1.000 49.000
v 29.800 1.250 49.000
v 29.784 0.250 52.500
v 29.802 0.500 52.500
v 29.820 0.750 52.500
v 29.811 1.000 52.500
v 29.767 1.250 52.500
v 29.857 0.000 52.750
v 29.937 0.250 52.750
v 29.964 0.500 52.750
v 29.987 0.750 52.750
v 29.977 1.000 52.750
v 29.930 1.250 52.750
v 29.833 1.500 52.750
v 29.861 -0.250 53.000
v 30.000 -0.095 53.000
v 30.000 0.000 52.932
v 30.000 0.250 52.824
v 30.000 0.500 52.789
v 30.000 0.750 52.764
v 30.000 1.000 52.775
v 30.000 1.250 52.831
v 30.000 1.500 52.950
v 29.873 1.750 53.000
v 30.000 1.570 53.000
v 30.000 -0.250 53.155
v 30.000 -0.292 53.250
v 30.000 1.750 53.128
v 29.855 2.000 53.250
v 30.000 1.880 53.250
v 30.000 -0.285 53.500
v 30.000 2.000 53.383
v 30.000 2.089 53.500
v 30.000 -0.278 53.750
v 29.956 2.250 53.750
v 30.000 2.231 53.750
v 30.000 -0.270 54.000
v 30.000 2.250 53.790
v 30.000 2.343 54.000
v 30.000 -0.263 54.250
v 30.000 2.438 54.250
v 30.000 -0.255 54.500
v 30.000 2.500 54.440
v 30.000 2.520 54.500
v 30.000 -0.250 54.669
v 30.000 -0.247 54.750
v 30.000 2.588 54.750
v 30.000 -0.238 55.000
v 30.000 2.645 55.000
v 30.000 -0.226 55.250
v 30.000 2.696 55.250
v 30.000 -0.213 55.500
v 30.000 2.740 55.500
v 30.000 -0.202 55.750
v 30.000 2.750 55.606
v 29.856 2.750 55.750
v 30.000 2.766 55.750
v 30.000 -0.192 56.000
v 29.944 2.750 56.000
v 30.000 2.767 56.000
v 30.000 -0.182 56.250
v 30.000 2.740 56.250
v 30.000 2.750 56.162
v 30.000 -0.173 56.500
v 30.000 2.694 56.500
v 30.000 -0.160 56.750
v 29.798 2.500 56.750
v 30.000 2.648 56.750
v 30.000 -0.147 57.000
v 29.871 2.500 57.000
v 30.000 2.604 57.000
v 30.000 -0.133 57.250
v 29.918 2.500 57.250
v 30.000 2.570 57.250
v 30.000 -0.122 57.500
v 29.950 2.500 57.500
v 30.000 2.541 57.500
v 29.838 0.000 57.750
v 30.000 -0.097 57.750
v 29.958 2.500 57.750
v 30.000 2.534 57.750
v 29.922 0.000 58.000
v 30.000 -0.059 58.000
v 29.946 2.500 58.000
v 30.000 2.547 58.000
v 29.984 0.000 58.250
v 30.000 -0.014 58.250
v 29.789 0.250 58.250
v 29.917 2.500 58.250
v 30.000 2.586 58.250
v 30.000 0.000 58.357
v 30.000 0.027 58.500
v 29.844 0.250 58.500
v 29.874 2.500 58.500
v 30.000 2.667 58.500
v 29.871 0.250 58.750
v 30.000 0.056 58.750
v 29.764 0.500 58.750
v 29.824 2.500 58.750
v 30.000 2.750 58.680
v 29.976 2.750 58.750
v 30.000 2.782 58.750
v 29.872 0.250 59.000
v 30.000 0.062 59.000
v 29.764 0.500 59.000
v 29.879 2.750 59.000
v 30.000 2.924 59.000
v 29.846 0.250 59.250
v 30.000 0.043 59.250
v 29.761 2.750 59.250
v 30.000 3.000 59.119
v 29.934 3.000 59.250
v 30.000 3.074 59.250
v 29.997 0.000 59.500
v 30.000 0.000 59.479
v 30.000 -0.003 59.500
v 29.793 0.250 59.500
v 29.786 3.000 59.500
v 30.000 3.229 59.500
v 29.932 0.000 59.750
v 30.000 -0.055 59.750
v 29.843 3.250 59.750
v 30.000 3.250 59.532
v 30.000 3.379 59.750
v 29.851 0.000 60.000
v 30.000 -0.116 60.000
v 29.963 3.500 60.000
v 30.000 3.500 59.952
v 30.000 3.527 60.000
v 29.768 0.000 60.250
v 30.000 -0.178 60.250
v 29.791 3.500 60.250
v 30.000 3.657 60.250
v 30.000 -0.236 60.500
v 29.972 3.750 60.500
v 30.000 3.750 60.454
v 30.000 3.769 60.500
v 29.949 -0.250 60.750
v 30.000 -0.250 60.569
v 30.000 -0.282 60.750
v 29.848 3.750 60.750
v 30.000 3.861 60.750
v 29.925 -0.250 61.000
v 30.000 -0.288 61.000
v 29.768 3.750 61.000
v 30.000 3.933 61.000
v 29.923 -0.250 61.250
v 30.000 -0.284 61.250
v 30.000 3.985 61.250
v 29.929 -0.250 61.500
v 30.000 -0.279 61.500
v 29.788 2.750 61.500
v 29.773 3.000 61.500
v 30.000 4.000 61.345
v 29.973 4.000 61.500
v 30.000 4.022 61.500
v 29.940 -0.250 61.750
v 30.000 -0.275 61.750
v 29.944 4.000 61.750
v 30.000 4.049 61.750
v 29.948 -0.250 62.000
v 30.000 -0.273 62.000
v 29.915 4.000 62.000
v 30.000 4.074 62.000
v 29.958 -0.250 62.250
v 30.000 -0.271 62.250
v 29.892 4.000 62.250
v 30.000 4.091 62.250
v 29.969 -0.250 62.500
v 30.000 -0.269 62.500
v 29.893 4.000 62.500
v 30.000 4.090 62.500
v 30.000 -0.250 62.705
v 29.752 0.000 62.750
v 30.000 -0.245 62.750
v 29.932 4.000 62.750
v 30.000 4.062 62.750
v 29.844 0.000 63.000
v 30.000 -0.162 63.000
v 29.787 3.750 63.000
v 30.000 4.000 63.000
v 30.000 4.000 63.000
v 29.937 0.000 63.250
v 30.000 -0.066 63.250
v 29.882 3.750 63.250
v 30.000 3.898 63.250
v 30.000 4.000 63.000
v 30.000 0.000 63.422
v 29.824 0.250 63.500
v 30.000 0.035 63.500
v 29.799 3.500 63.500
v 29.974 3.750 63.500
v 30.000 3.781 63.500
v 29.901 0.250 63.750
v 30.000 0.138 63.750
v 29.891 3.500 63.750
v 30.000 3.649 63.750
v 30.000 3.750 63.568
v 30.000 0.250 63.765
v 30.000 0.500 63.788
v 30.000 0.750 63.804
v 30.000 1.000 63.817
v 30.000 1.250 63.826
v 30.000 1.500 63.832
v 30.000 1.750 63.834
v 30.000 2.000 63.833
v 30.000 2.250 63.828
v 30.000 2.500 63.821
v 30.000 2.750 63.810
v 30.000 3.000 63.798
v 30.000 3.250 63.784
v 30.000 3.500 63.765
v 30.065 0.000 53.000
v 30.185 0.250 53.000
v 30.249 0.500 53.000
v 30.250 0.509 53.000
v 30.250 0.750 52.973
v 30.250 1.000 52.988
v 30.189 1.250 53.000
v 30.250 1.048 53.000
v 30.054 1.500 53.000
v 30.098 -0.250 53.250
v 30.250 -0.115 53.250
v 30.250 0.000 53.171
v 30.250 0.250 53.055
v 30.250 0.500 53.001
v 30.250 1.250 53.047
v 30.250 1.500 53.156
v 30.152 1.750 53.250
v 30.250 1.644 53.250
v 30.250 -0.250 53.419
v 30.250 -0.281 53.500
v 30.250 1.750 53.328
v 30.145 2.000 53.500
v 30.250 1.926 53.500
v 30.250 -0.274 53.750
v 30.250 2.000 53.590
v 30.250 2.112 53.750
v 30.250 -0.268 54.000
v 30.250 2.250 53.999
v 30.250 2.250 54.000
v 30.250 -0.261 54.250
v 30.250 2.369 54.250
v 30.250 -0.254 54.500
v 30.091 2.500 54.500
v 30.250 2.465 54.500
v 30.250 -0.250 54.632
v 30.250 -0.246 54.750
v 30.250 2.500 54.608
v 30.250 2.546 54.750
v 30.250 -0.237 55.000
v 30.250 2.618 55.000
v 30.250 -0.225 55.250
v 30.250 2.687 55.250
v 30.250 -0.211 55.500
v 30.250 2.749 55.500
v 30.250 -0.199 55.750
v 30.250 2.750 55.506
v 30.250 2.798 55.750
v 30.250 -0.189 56.000
v 30.250 2.820 56.000
v 30.250 -0.179 56.250
v 30.028 2.750 56.250
v 30.250 2.823 56.250
v 30.250 -0.169 56.500
v 30.119 2.750 56.500
v 30.250 2.805 56.500
v 30.250 -0.156 56.750
v 30.175 2.750 56.750
v 30.250 2.788 56.750
v 30.250 -0.142 57.000
v 30.218 2.750 57.000
v 30.250 2.768 57.000
v 30.250 -0.129 57.250
v 30.250 2.749 57.250
v 30.250 2.750 57.234
v 30.250 -0.118 57.500
v 30.250 2.727 57.500
v 30.250 -0.112 57.750
v 30.250 2.715 57.750
v 30.250 -0.116 58.000
v 30.250 2.741 58.000
v 30.250 -0.124 58.250
v 30.250 2.750 58.035
v 30.177 2.750 58.250
v 30.250 2.811 58.250
v 30.022 0.000 58.500
v 30.250 -0.136 58.500
v 30.069 2.750 58.500
v 30.250 2.933 58.500
v 30.041 0.000 58.750
v 30.250 -0.146 58.750
v 30.176 3.000 58.750
v 30.250 3.000 58.616
v 30.250 3.074 58.750
v 30.045 0.000 59.000
v 30.250 -0.167 59.000
v 30.057 3.000 59.000
v 30.250 3.203 59.000
v 30.032 0.000 59.250
v 30.250 -0.196 59.250
v 30.163 3.250 59.250
v 30.250 3.250 59.090
v 30.250 3.328 59.250
v 30.250 -0.221 59.500
v 30.020 3.250 59.500
v 30.250 3.455 59.500
v 30.235 -0.250 59.750
v 30.250 -0.250 59.676
v 30.250 -0.260 59.750
v 30.141 3.500 59.750
v 30.250 3.500 59.585
v 30.250 3.587 59.750
v 30.168 -0.250 60.000
v 30.250 -0.304 60.000
v 30.250 3.720 60.000
v 30.094 -0.250 60.250
v 30.250 -0.350 60.250
v 30.250 3.750 60.059
v 30.122 3.750 60.250
v 30.250 3.839 60.250
v 30.019 -0.250 60.500
v 30.250 -0.378 60.500
v 30.250 3.939 60.500
v 30.250 -0.372 60.750
v 30.250 4.000 60.685
v 30.215 4.000 60.750
v 30.250 4.019 60.750
v 30.250 -0.368 61.000
v 30.100 4.000 61.000
v 30.250 4.084 61.000
v 30.250 -0.366 61.250
v 30.020 4.000 61.250
v 30.250 4.143 61.250
v 30.250 -0.365 61.500
v 30.250 4.194 61.500
v 30.250 -0.364 61.750
v 30.250 4.231 61.750
v 30.250 -0.363 62.000
v 30.250 4.250 61.947
v 30.242 4.250 62.000
v 30.250 4.255 62.000
v 30.250 -0.362 62.250
v 30.225 4.250 62.250
v 30.250 4.266 62.250
v 30.250 -0.359 62.500
v 30.227 4.250 62.500
v 30.250 4.265 62.500
v 30.009 -0.250 62.750
v 30.250 -0.358 62.750
v 30.250 4.248 62.750
v 30.250 4.250 62.728
v 30.099 -0.250 63.000
v 30.250 -0.355 63.000
v 30.250 4.206 63.000
v 30.201 -0.250 63.250
v 30.250 -0.289 63.250
v 30.098 4.000 63.250
v 30.250 4.134 63.250
v 30.250 -0.250 63.370
v 30.031 0.000 63.500
v 30.250 -0.203 63.500
v 30.203 4.000 63.500
v 30.250 4.042 63.500
v 30.124 0.000 63.750
v 30.250 -0.118 63.750
v 30.073 3.750 63.750
v 30.250 3.938 63.750
v 30.250 4.000 63.608
v 30.250 0.000 63.768
v 30.250 0.250 63.796
v 30.250 0.500 63.815
v 30.250 0.750 63.828
v 30.250 1.000 63.838
v 30.250 1.250 63.845
v 30.250 1.500 63.849
v 30.250 1.750 63.851
v 30.250 2.000 63.850
v 30.250 2.250 63.847
v 30.250 2.500 63.840
v 30.250 2.750 63.831
v 30.250 3.000 63.821
v 30.250 3.250 63.810
v 30.250 3.500 63.795
v 30.250 3.750 63.774
v 30.289 0.750 53.000
v 30.268 1.000 53.000
v 30.341 0.000 53.250
v 30.492 0.250 53.250
v 30.500 0.269 53.250
v 30.500 0.500 53.178
v 30.500 0.750 53.142
v 30.500 1.000 53.151
v 30.500 1.250 53.211
v 30.389 1.500 53.250
v 30.500 1.335 53.250
v 30.335 -0.250 53.500
v 30.500 -0.132 53.500
v 30.500 0.000 53.397
v 30.500 0.250 53.257
v 30.500 1.500 53.332
v 30.476 1.750 53.500
v 30.500 1.726 53.500
v 30.500 -0.250 53.684
v 30.500 -0.272 53.750
v 30.500 1.750 53.521
v 30.438 2.000 53.750
v 30.500 1.957 53.750
v 30.500 -0.265 54.000
v 30.500 2.000 53.806
v 30.251 2.250 54.000
v 30.500 2.131 54.000
v 30.500 -0.259 54.250
v 30.500 2.250 54.213
v 30.500 2.270 54.250
v 30.500 -0.253 54.500
v 30.500 2.387 54.500
v 30.500 -0.250 54.597
v 30.500 -0.246 54.750
v 30.438 2.500 54.750
v 30.500 2.484 54.750
v 30.500 -0.236 55.000
v 30.500 2.500 54.791
v 30.500 2.579 55.000
v 30.500 -0.226 55.250
v 30.500 2.667 55.250
v 30.500 -0.213 55.500
v 30.500 2.746 55.500
v 30.500 -0.200 55.750
v 30.500 2.750 55.517
v 30.500 2.810 55.750
v 30.500 -0.188 56.000
v 30.500 2.853 56.000
v 30.500 -0.177 56.250
v 30.500 2.875 56.250
v 30.500 -0.165 56.500
v 30.500 2.883 56.500
v 30.500 -0.152 56.750
v 30.500 2.885 56.750
v 30.500 -0.138 57.000
v 30.500 2.888 57.000
v 30.500 -0.126 57.250
v 30.252 2.750 57.250
v 30.500 2.884 57.250
v 30.500 -0.117 57.500
v 30.284 2.750 57.500
v 30.500 2.879 57.500
v 30.500 -0.118 57.750
v 30.299 2.750 57.750
v 30.500 2.884 57.750
v 30.500 -0.123 58.000
v 30.262 2.750 58.000
v 30.500 2.921 58.000
v 30.500 -0.134 58.250
v 30.481 3.000 58.250
v 30.500 3.000 58.213
v 30.500 3.014 58.250
v 30.500 -0.152 58.500
v 30.325 3.000 58.500
v 30.500 3.139 58.500
v 30.500 -0.175 58.750
v 30.461 3.250 58.750
v 30.500 3.250 58.697
v 30.500 3.279 58.750
v 30.500 -0.205 59.000
v 30.302 3.250 59.000
v 30.500 3.401 59.000
v 30.500 -0.240 59.250
v 30.467 3.500 59.250
v 30.500 3.500 59.201
v 30.500 3.524 59.250
v 30.354 -0.250 59.500
v 30.500 -0.250 59.311
v 30.500 -0.280 59.500
v 30.304 3.500 59.500
v 30.500 3.650 59.500
v 30.500 -0.325 59.750
v 30.461 3.750 59.750
v 30.500 3.750 59.696
v 30.500 3.778 59.750
v 30.500 -0.372 60.000
v 30.288 3.750 60.000
v 30.500 3.903 60.000
v 30.500 -0.396 60.250
v 30.484 4.000 60.250
v 30.500 4.000 60.225
v 30.500 4.009 60.250
v 30.500 -0.392 60.500
v 30.343 4.000 60.500
v 30.500 4.090 60.500
v 30.500 -0.388 60.750
v 30.500 4.155 60.750
v 30.500 -0.385 61.000
v 30.500 4.215 61.000
v 30.500 -0.382 61.250
v 30.500 4.250 61.147
v 30.452 4.250 61.250
v 30.500 4.273 61.250
v 30.500 -0.380 61.500
v 30.351 4.250 61.500
v 30.500 4.325 61.500
v 30.500 -0.380 61.750
v 30.283 4.250 61.750
v 30.500 4.365 61.750
v 30.500 -0.380 62.000
v 30.500 4.391 62.000
v 30.500 -0.382 62.250
v 30.500 4.403 62.250
v 30.500 -0.384 62.500
v 30.500 4.400 62.500
v 30.500 -0.388 62.750
v 30.253 4.250 62.750
v 30.500 4.380 62.750
v 30.500 -0.392 63.000
v 30.323 4.250 63.000
v 30.500 4.341 63.000
v 30.500 -0.389 63.250
v 30.431 4.250 63.250
v 30.500 4.286 63.250
v 30.324 -0.250 63.500
v 30.500 -0.334 63.500
v 30.500 4.219 63.500
v 30.500 4.250 63.394
v 30.457 -0.250 63.750
v 30.500 -0.271 63.750
v 30.314 4.000 63.750
v 30.500 4.145 63.750
v 30.500 -0.250 63.755
v 30.500 0.000 63.798
v 30.500 0.250 63.821
v 30.500 0.500 63.837
v 30.500 0.750 63.848
v 30.500 1.000 63.856
v 30.500 1.250 63.861
v 30.500 1.500 63.865
v 30.500 1.750 63.867
v 30.500 2.000 63.866
v 30.500 2.250 63.863
v 30.500 2.500 63.857
v 30.500 2.750 63.850
v 30.500 3.000 63.841
v 30.500 3.250 63.831
v 30.500 3.500 63.819
v 30.500 3.750 63.800
v 30.500 4.000 63.773
v 30.590 0.500 53.250
v 30.641 0.750 53.250
v 30.634 1.000 53.250
v 30.553 1.250 53.250
v 30.600 0.000 53.500
v 30.745 0.250 53.500
v 30.750 0.261 53.500
v 30.750 0.500 53.401
v 30.750 0.750 53.349
v 30.750 1.000 53.353
v 30.750 1.250 53.419
v 30.696 1.500 53.500
v 30.750 1.405 53.500
v 30.551 -0.250 53.750
v 30.750 -0.091 53.750
v 30.750 0.000 53.669
v 30.750 0.250 53.505
v 30.750 1.500 53.553
v 30.743 1.750 53.750
v 30.750 1.742 53.750
v 30.750 -0.250 53.967
v 30.750 -0.263 54.000
v 30.750 1.750 53.757
v 30.703 2.000 54.000
v 30.750 1.963 54.000
v 30.750 -0.257 54.250
v 30.750 2.000 54.048
v 30.539 2.250 54.250
v 30.750 2.136 54.250
v 30.750 -0.252 54.500
v 30.750 2.250 54.455
v 30.750 2.273 54.500
v 30.750 -0.250 54.554
v 30.750 -0.244 54.750
v 30.750 2.398 54.750
v 30.750 -0.236 55.000
v 30.750 2.500 54.967
v 30.750 2.515 55.000
v 30.750 -0.225 55.250
v 30.750 2.630 55.250
v 30.750 -0.214 55.500
v 30.750 2.727 55.500
v 30.750 -0.201 55.750
v 30.750 2.750 55.574
v 30.750 2.805 55.750
v 30.750 -0.188 56.000
v 30.750 2.863 56.000
v 30.750 -0.174 56.250
v 30.750 2.903 56.250
v 30.750 -0.161 56.500
v 30.750 2.932 56.500
v 30.750 -0.147 56.750
v 30.750 2.954 56.750
v 30.750 -0.135 57.000
v 30.750 2.975 57.000
v 30.750 -0.123 57.250
v 30.750 2.995 57.250
v 30.750 -0.118 57.500
v 30.750 3.000 57.322
v 30.725 3.000 57.500
v 30.750 3.013 57.500
v 30.750 -0.124 57.750
v 30.677 3.000 57.750
v 30.750 3.046 57.750
v 30.750 -0.133 58.000
v 30.606 3.000 58.000
v 30.750 3.103 58.000
v 30.750 -0.148 58.250
v 30.750 3.199 58.250
v 30.750 -0.169 58.500
v 30.750 3.250 58.362
v 30.656 3.250 58.500
v 30.750 3.311 58.500
v 30.750 -0.194 58.750
v 30.750 3.432 58.750
v 30.750 -0.225 59.000
v 30.750 3.500 58.892
v 30.661 3.500 59.000
v 30.750 3.551 59.000
v 30.605 -0.250 59.250
v 30.750 -0.250 59.163
v 30.750 -0.263 59.250
v 30.750 3.667 59.250
v 30.750 -0.308 59.500
v 30.750 3.750 59.417
v 30.672 3.750 59.500
v 30.750 3.793 59.500
v 30.750 -0.361 59.750
v 30.750 3.925 59.750
v 30.750 -0.399 60.000
v 30.750 4.000 59.896
v 30.658 4.000 60.000
v 30.750 4.049 60.000
v 30.750 -0.396 60.250
v 30.750 4.150 60.250
v 30.750 -0.392 60.500
v 30.750 4.228 60.500
v 30.750 -0.389 60.750
v 30.750 4.250 60.586
v 30.674 4.250 60.750
v 30.750 4.288 60.750
v 30.750 -0.386 61.000
v 30.566 4.250 61.000
v 30.750 4.339 61.000
v 30.750 -0.383 61.250
v 30.750 4.390 61.250
v 30.750 -0.381 61.500
v 30.750 4.437 61.500
v 30.750 -0.380 61.750
v 30.750 4.477 61.750
v 30.750 -0.381 62.000
v 30.735 3.000 62.000
v 30.750 2.967 62.000
v 30.750 3.000 61.987
v 30.750 3.250 61.917
v 30.658 3.250 62.000
v 30.750 3.500 61.922
v 30.663 3.500 62.000
v 30.750 3.750 61.998
v 30.747 3.750 62.000
v 30.750 3.756 62.000
v 30.750 4.500 61.970
v 30.743 4.500 62.000
v 30.750 4.503 62.000
v 30.750 -0.382 62.250
v 30.750 3.000 62.019
v 30.750 3.250 62.111
v 30.750 3.500 62.104
v 30.750 3.750 62.003
v 30.712 4.500 62.250
v 30.750 4.517 62.250
v 30.750 -0.385 62.500
v 30.721 4.500 62.500
v 30.750 4.512 62.500
v 30.750 -0.389 62.750
v 30.750 4.486 62.750
v 30.750 4.500 62.618
v 30.750 -0.393 63.000
v 30.750 4.440 63.000
v 30.750 -0.397 63.250
v 30.750 4.389 63.250
v 30.750 -0.387 63.500
v 30.556 4.250 63.500
v 30.750 4.340 63.500
v 30.750 -0.322 63.750
v 30.671 4.250 63.750
v 30.750 4.292 63.750
v 30.750 -0.250 63.765
v 30.750 0.000 63.804
v 30.750 0.250 63.832
v 30.750 0.500 63.852
v 30.750 0.750 63.863
v 30.750 1.000 63.870
v 30.750 1.250 63.876
v 30.750 1.500 63.879
v 30.750 1.750 63.880
v 30.750 2.000 63.880
v 30.750 2.250 63.877
v 30.750 2.500 63.872
v 30.750 2.750 63.865
v 30.750 3.000 63.857
v 30.750 3.250 63.848
v 30.750 3.500 63.836
v 30.750 3.750 63.819
v 30.750 4.000 63.795
v 30.750 4.250 63.758
v 30.841 0.500 53.500
v 30.890 0.750 53.500
v 30.885 1.000 53.500
v 30.824 1.250 53.500
v 30.818 0.000 53.750
v 30.959 0.250 53.750
v 31.000 0.363 53.750
v 31.000 0.500 53.690
v 31.000 0.750 53.636
v 31.000 1.000 53.641
v 31.000 1.250 53.709
v 30.926 1.500 53.750
v 31.000 1.331 53.750
v 30.774 -0.250 54.000
v 31.000 -0.033 54.000
v 31.000 0.000 53.969
v 31.000 0.250 53.799
v 31.000 1.500 53.837
v 30.975 1.750 54.000
v 31.000 1.716 54.000
v 31.000 -0.250 54.241
v 31.000 -0.255 54.250
v 31.000 1.750 54.028
v 30.942 2.000 54.250
v 31.000 1.950 54.250
v 31.000 -0.250 54.420
v 30.856 -0.250 54.500
v 31.000 -0.247 54.500
v 31.000 2.000 54.312
v 30.793 2.250 54.500
v 31.000 2.127 54.500
v 31.000 -0.241 54.750
v 31.000 2.250 54.691
v 31.000 2.284 54.750
v 31.000 -0.233 55.000
v 30.795 2.500 55.000
v 31.000 2.429 55.000
v 31.000 -0.222 55.250
v 31.000 2.500 55.119
v 31.000 2.571 55.250
v 31.000 -0.212 55.500
v 31.000 2.687 55.500
v 31.000 -0.199 55.750
v 31.000 2.750 55.666
v 31.000 2.781 55.750
v 31.000 -0.185 56.000
v 31.000 2.855 56.000
v 31.000 -0.171 56.250
v 31.000 2.913 56.250
v 31.000 -0.158 56.500
v 31.000 2.958 56.500
v 31.000 -0.145 56.750
v 31.000 2.995 56.750
v 31.000 -0.133 57.000
v 31.000 3.000 56.788
v 30.861 3.000 57.000
v 31.000 3.031 57.000
v 31.000 -0.123 57.250
v 30.766 3.000 57.250
v 31.000 3.073 57.250
v 31.000 -0.124 57.500
v 31.000 3.121 57.500
v 31.000 -0.130 57.750
v 31.000 3.186 57.750
v 31.000 -0.142 58.000
v 31.000 3.250 57.951
v 30.973 3.250 58.000
v 31.000 3.266 58.000
v 31.000 -0.161 58.250
v 30.826 3.250 58.250
v 31.000 3.355 58.250
v 31.000 -0.184 58.500
v 31.000 3.454 58.500
v 31.000 -0.212 58.750
v 31.000 3.500 58.615
v 30.886 3.500 58.750
v 31.000 3.553 58.750
v 31.000 -0.244 59.000
v 31.000 3.655 59.000
v 31.000 -0.250 59.034
v 31.000 -0.285 59.250
v 31.000 3.750 59.224
v 30.969 3.750 59.250
v 31.000 3.761 59.250
v 31.000 -0.333 59.500
v 31.000 3.888 59.500
v 31.000 -0.391 59.750
v 31.000 4.000 59.699
v 30.928 4.000 59.750
v 31.000 4.027 59.750
v 31.000 -0.399 60.000
v 31.000 4.156 60.000
v 31.000 -0.395 60.250
v 31.000 4.250 60.214
v 30.966 4.250 60.250
v 31.000 4.264 60.250
v 31.000 -0.391 60.500
v 30.793 4.250 60.500
v 31.000 4.345 60.500
v 31.000 -0.388 60.750
v 31.000 4.406 60.750
v 31.000 -0.386 61.000
v 31.000 4.457 61.000
v 31.000 -0.384 61.250
v 31.000 4.500 61.244
v 30.998 4.500 61.250
v 31.000 4.501 61.250
v 31.000 -0.382 61.500
v 30.899 4.500 61.500
v 31.000 4.541 61.500
v 31.000 -0.381 61.750
v 30.808 4.500 61.750
v 31.000 4.576 61.750
v 31.000 -0.382 62.000
v 30.766 3.000 62.000
v 30.846 3.250 62.000
v 30.841 3.500 62.000
v 30.753 3.750 62.000
v 31.000 4.600 62.000
v 31.000 -0.384 62.250
v 31.000 4.613 62.250
v 31.000 -0.386 62.500
v 31.000 4.607 62.500
v 31.000 -0.390 62.750
v 30.789 4.500 62.750
v 31.000 4.576 62.750
v 31.000 -0.394 63.000
v 30.916 4.500 63.000
v 31.000 4.529 63.000
v 31.000 -0.398 63.250
v 31.000 4.477 63.250
v 31.000 4.500 63.141
v 31.000 -0.401 63.500
v 31.000 4.432 63.500
v 31.000 -0.372 63.750
v 31.000 4.387 63.750
v 31.000 -0.250 63.774
v 31.000 0.000 63.811
v 31.000 0.250 63.837
v 31.000 0.500 63.856
v 31.000 0.750 63.870
v 31.000 1.000 63.881
v 31.000 1.250 63.887
v 31.000 1.500 63.891
v 31.000 1.750 63.892
v 31.000 2.000 63.891
v 31.000 2.250 63.888
v 31.000 2.500 63.883
v 31.000 2.750 63.877
v 31.000 3.000 63.869
v 31.000 3.250 63.860
v 31.000 3.500 63.847
v 31.000 3.750 63.831
v 31.000 4.000 63.808
v 31.000 4.250 63.775
v 31.049 0.500 53.750
v 31.090 0.750 53.750
v 31.085 1.000 53.750
v 31.033 1.250 53.750
v 31.026 0.000 54.000
v 31.173 0.250 54.000
v 31.250 0.499 54.000
v 31.250 0.500 54.000
v 31.250 0.750 53.961
v 31.250 1.000 53.962
v 31.240 1.250 54.000
v 31.250 1.191 54.000
v 31.145 1.500 54.000
v 31.008 -0.250 54.250
v 31.244 0.000 54.250
v 31.250 0.010 54.250
v 31.250 0.250 54.089
v 31.250 1.250 54.012
v 31.250 1.500 54.119
v 31.205 1.750 54.250
v 31.250 1.686 54.250
v 31.250 0.000 54.264
v 31.250 -0.224 54.500
v 31.250 1.750 54.299
v 31.184 2.000 54.500
v 31.250 1.942 54.500
v 31.250 -0.231 54.750
v 31.250 2.000 54.565
v 31.064 2.250 54.750
v 31.250 2.136 54.750
v 31.250 -0.227 55.000
v 31.250 2.250 54.896
v 31.250 2.321 55.000
v 31.250 -0.219 55.250
v 31.199 2.500 55.250
v 31.250 2.480 55.250
v 31.250 -0.206 55.500
v 31.250 2.500 55.283
v 31.250 2.622 55.500
v 31.250 -0.195 55.750
v 31.174 2.750 55.750
v 31.250 2.736 55.750
v 31.250 -0.181 56.000
v 31.250 2.750 55.788
v 31.250 2.828 56.000
v 31.250 -0.169 56.250
v 31.250 2.901 56.250
v 31.250 -0.156 56.500
v 31.250 2.960 56.500
v 31.250 -0.143 56.750
v 31.250 3.000 56.709
v 31.098 3.000 56.750
v 31.250 3.008 56.750
v 31.250 -0.131 57.000
v 31.250 3.059 57.000
v 31.250 -0.123 57.250
v 31.250 3.122 57.250
v 31.250 -0.126 57.500
v 31.250 3.199 57.500
v 31.250 -0.134 57.750
v 31.250 3.250 57.649
v 31.158 3.250 57.750
v 31.250 3.285 57.750
v 31.250 -0.148 58.000
v 31.250 3.374 58.000
v 31.250 -0.169 58.250
v 31.250 3.462 58.250
v 31.250 -0.195 58.500
v 31.250 3.500 58.354
v 31.111 3.500 58.500
v 31.250 3.552 58.500
v 31.250 -0.227 58.750
v 31.250 3.640 58.750
v 31.075 -0.250 59.000
v 31.250 -0.250 58.911
v 31.250 -0.263 59.000
v 31.250 3.729 59.000
v 31.250 -0.306 59.250
v 31.250 3.750 59.054
v 31.250 3.828 59.250
v 31.250 -0.358 59.500
v 31.250 3.956 59.500
v 31.250 -0.401 59.750
v 31.250 4.000 59.573
v 31.250 4.102 59.750
v 31.250 -0.397 60.000
v 31.250 4.240 60.000
v 31.250 -0.393 60.250
v 31.250 4.250 60.021
v 31.250 4.352 60.250
v 31.250 -0.389 60.500
v 31.250 4.440 60.500
v 31.250 -0.387 60.750
v 31.250 4.500 60.721
v 31.230 4.500 60.750
v 31.250 4.508 60.750
v 31.250 -0.385 61.000
v 31.103 4.500 61.000
v 31.250 4.558 61.000
v 31.250 -0.383 61.250
v 31.250 4.599 61.250
v 31.250 -0.383 61.500
v 31.250 4.634 61.500
v 31.250 -0.383 61.750
v 31.250 4.663 61.750
v 31.250 -0.383 62.000
v 31.250 4.683 62.000
v 31.250 -0.385 62.250
v 31.250 4.693 62.250
v 31.250 -0.387 62.500
v 31.250 4.685 62.500
v 31.250 -0.391 62.750
v 31.250 4.654 62.750
v 31.250 -0.394 63.000
v 31.250 4.608 63.000
v 31.250 -0.398 63.250
v 31.072 4.500 63.250
v 31.250 4.555 63.250
v 31.250 -0.402 63.500
v 31.237 4.500 63.500
v 31.250 4.504 63.500
v 31.250 -0.403 63.750
v 31.250 4.450 63.750
v 31.250 4.500 63.518
v 31.250 -0.250 63.783
v 31.250 0.000 63.817
v 31.250 0.250 63.842
v 31.250 0.500 63.860
v 31.250 0.750 63.874
v 31.250 1.000 63.885
v 31.250 1.250 63.895
v 31.250 1.500 63.900
v 31.250 1.750 63.854
v 31.250 2.000 63.846
v 31.250 2.250 63.840
v 31.250 2.500 63.837
v 31.250 2.750 63.836
v 31.250 3.000 63.839
v 31.250 3.250 63.844
v 31.250 3.500 63.851
v 31.250 3.750 63.839
v 31.250 4.000 63.816
v 31.250 4.250 63.785
v 31.250 0.500 54.000
v 31.282 0.750 54.000
v 31.282 1.000 54.000
v 31.396 0.250 54.250
v 31.461 0.500 54.250
v 31.484 0.750 54.250
v 31.491 1.000 54.250
v 31.462 1.250 54.250
v 31.373 1.500 54.250
v 31.419 0.000 54.500
v 31.500 0.073 54.500
v 31.500 0.250 54.367
v 31.500 0.500 54.295
v 31.500 0.750 54.269
v 31.500 1.000 54.261
v 31.500 1.250 54.295
v 31.500 1.500 54.394
v 31.435 1.750 54.500
v 31.500 1.651 54.500
v 31.500 0.000 54.576
v 31.500 -0.182 54.750
v 31.500 1.750 54.568
v 31.440 2.000 54.750
v 31.500 1.943 54.750
v 31.500 -0.222 55.000
v 31.500 2.000 54.805
v 31.373 2.250 55.000
v 31.500 2.162 55.000
v 31.500 -0.212 55.250
v 31.500 2.250 55.105
v 31.500 2.355 55.250
v 31.500 -0.202 55.500
v 31.500 2.500 55.472
v 31.500 2.517 55.500
v 31.500 -0.189 55.750
v 31.500 2.658 55.750
v 31.500 -0.178 56.000
v 31.500 2.750 55.949
v 31.500 2.772 56.000
v 31.500 -0.166 56.250
v 31.500 2.862 56.250
v 31.500 -0.154 56.500
v 31.500 2.934 56.500
v 31.500 -0.142 56.750
v 31.394 3.000 56.750
v 31.500 2.994 56.750
v 31.500 -0.130 57.000
v 31.500 3.000 56.774
v 31.500 3.061 57.000
v 31.500 -0.123 57.250
v 31.500 3.143 57.250
v 31.500 -0.127 57.500
v 31.500 3.237 57.500
v 31.500 -0.135 57.750
v 31.500 3.250 57.533
v 31.500 3.333 57.750
v 31.500 -0.150 58.000
v 31.500 3.424 58.000
v 31.500 -0.173 58.250
v 31.500 3.500 58.212
v 31.429 3.500 58.250
v 31.500 3.514 58.250
v 31.500 -0.203 58.500
v 31.500 3.604 58.500
v 31.500 -0.239 58.750
v 31.500 3.694 58.750
v 31.500 -0.250 58.815
v 31.500 -0.280 59.000
v 31.500 3.750 58.908
v 31.345 3.750 59.000
v 31.500 3.782 59.000
v 31.500 -0.327 59.250
v 31.500 3.883 59.250
v 31.500 -0.382 59.500
v 31.500 4.000 59.474
v 31.439 4.000 59.500
v 31.500 4.014 59.500
v 31.500 -0.400 59.750
v 31.500 4.166 59.750
v 31.500 -0.395 60.000
v 31.500 4.250 59.894
v 31.286 4.250 60.000
v 31.500 4.306 60.000
v 31.500 -0.391 60.250
v 31.500 4.422 60.250
v 31.500 -0.388 60.500
v 31.500 4.500 60.457
v 31.447 4.500 60.500
v 31.500 4.515 60.500
v 31.500 -0.385 60.750
v 31.500 4.587 60.750
v 31.500 -0.384 61.000
v 31.500 4.641 61.000
v 31.500 -0.384 61.250
v 31.500 4.682 61.250
v 31.500 -0.384 61.500
v 31.500 4.714 61.500
v 31.500 -0.384 61.750
v 31.500 4.738 61.750
v 31.500 -0.385 62.000
v 31.500 4.750 61.959
v 31.491 4.750 62.000
v 31.500 4.752 62.000
v 31.500 -0.387 62.250
v 31.477 4.750 62.250
v 31.500 4.756 62.250
v 31.500 -0.389 62.500
v 31.500 4.744 62.500
v 31.500 4.750 62.370
v 31.500 -0.392 62.750
v 31.500 4.713 62.750
v 31.500 -0.395 63.000
v 31.500 4.667 63.000
v 31.500 -0.399 63.250
v 31.500 4.613 63.250
v 31.500 -0.402 63.500
v 31.500 4.553 63.500
v 31.500 -0.405 63.750
v 31.500 4.489 63.750
v 31.500 4.500 63.710
v 31.500 -0.250 63.783
v 31.500 0.000 63.822
v 31.500 0.250 63.846
v 31.500 0.500 63.864
v 31.500 0.750 63.878
v 31.500 1.000 63.889
v 31.500 1.250 63.898
v 31.500 1.500 63.905
v 31.500 1.750 63.839
v 31.500 2.000 63.827
v 31.500 2.250 63.817
v 31.500 2.500 63.810
v 31.500 2.750 63.809
v 31.500 3.000 63.814
v 31.500 3.250 63.823
v 31.500 3.500 63.835
v 31.500 3.750 63.843
v 31.500 4.000 63.821
v 31.500 4.250 63.791
v 31.620 0.250 54.500
v 31.684 0.500 54.500
v 31.704 0.750 54.500
v 31.707 1.000 54.500
v 31.677 1.250 54.500
v 31.592 1.500 54.500
v 31.656 0.000 54.750
v 31.750 0.110 54.750
v 31.750 0.250 54.651
v 31.750 0.500 54.574
v 31.750 0.750 54.551
v 31.750 1.000 54.548
v 31.750 1.250 54.585
v 31.750 1.500 54.684
v 31.663 1.750 54.750
v 31.750 1.600 54.750
v 31.750 0.000 54.837
v 31.750 -0.145 55.000
v 31.750 1.750 54.845
v 31.688 2.000 55.000
v 31.750 1.929 55.000
v 31.750 -0.208 55.250
v 31.750 2.000 55.063
v 31.651 2.250 55.250
v 31.750 2.166 55.250
v 31.750 -0.197 55.500
v 31.750 2.250 55.347
v 31.532 2.500 55.500
v 31.750 2.366 55.500
v 31.750 -0.186 55.750
v 31.750 2.500 55.686
v 31.750 2.542 55.750
v 31.750 -0.176 56.000
v 31.565 2.750 56.000
v 31.750 2.681 56.000
v 31.750 -0.165 56.250
v 31.750 2.750 56.151
v 31.750 2.791 56.250
v 31.750 -0.154 56.500
v 31.750 2.875 56.500
v 31.750 -0.141 56.750
v 31.750 2.952 56.750
v 31.750 -0.129 57.000
v 31.750 3.000 56.905
v 31.750 3.033 57.000
v 31.750 -0.122 57.250
v 31.750 3.130 57.250
v 31.750 -0.126 57.500
v 31.750 3.231 57.500
v 31.750 -0.134 57.750
v 31.750 3.250 57.547
v 31.750 3.328 57.750
v 31.750 -0.150 58.000
v 31.750 3.419 58.000
v 31.750 -0.175 58.250
v 31.750 3.500 58.213
v 31.750 3.514 58.250
v 31.750 -0.209 58.500
v 31.750 3.616 58.500
v 31.744 -0.250 58.750
v 31.750 -0.250 58.748
v 31.750 -0.250 58.750
v 31.750 3.720 58.750
v 31.750 -0.296 59.000
v 31.750 3.750 58.825
v 31.750 3.819 59.000
v 31.750 -0.346 59.250
v 31.750 3.929 59.250
v 31.750 -0.397 59.500
v 31.750 4.000 59.381
v 31.750 4.063 59.500
v 31.750 -0.399 59.750
v 31.750 4.216 59.750
v 31.750 -0.394 60.000
v 31.750 4.250 59.806
v 31.750 4.358 60.000
v 31.750 -0.390 60.250
v 31.750 4.480 60.250
v 31.750 -0.388 60.500
v 31.750 4.500 60.302
v 31.750 4.575 60.500
v 31.750 -0.386 60.750
v 31.750 4.649 60.750
v 31.750 -0.386 61.000
v 31.750 4.706 61.000
v 31.750 -0.385 61.250
v 31.750 4.749 61.250
v 31.750 -0.386 61.500
v 31.750 4.750 61.258
v 31.636 4.750 61.500
v 31.750 4.779 61.500
v 31.750 -0.387 61.750
v 31.551 4.750 61.750
v 31.750 4.798 61.750
v 31.750 -0.388 62.000
v 31.750 4.806 62.000
v 31.750 -0.389 62.250
v 31.750 4.802 62.250
v 31.750 -0.391 62.500
v 31.539 4.750 62.500
v 31.750 4.783 62.500
v 31.750 -0.394 62.750
v 31.750 4.747 62.750
v 31.750 4.750 62.730
v 31.750 -0.397 63.000
v 31.750 4.697 63.000
v 31.750 -0.400 63.250
v 31.750 4.639 63.250
v 31.750 -0.403 63.500
v 31.750 4.576 63.500
v 31.750 -0.406 63.750
v 31.647 4.500 63.750
v 31.750 4.507 63.750
v 31.750 -0.250 63.783
v 31.750 0.000 63.822
v 31.750 0.250 63.850
v 31.750 0.500 63.868
v 31.750 0.750 63.882
v 31.750 1.000 63.892
v 31.750 1.250 63.900
v 31.750 1.500 63.907
v 31.750 1.750 63.828
v 31.750 2.000 63.813
v 31.750 2.250 63.796
v 31.750 2.500 63.784
v 31.750 2.750 63.782
v 31.750 3.000 63.791
v 31.750 3.250 63.807
v 31.750 3.500 63.823
v 31.750 3.750 63.846
v 31.750 4.000 63.824
v 31.750 4.250 63.794
v 31.750 4.500 63.752
v 31.829 0.250 54.750
v 31.896 0.500 54.750
v 31.917 0.750 54.750
v 31.916 1.000 54.750
v 31.882 1.250 54.750
v 31.802 1.500 54.750
v 31.869 0.000 55.000
v 32.000 0.223 55.000
v 32.000 0.250 54.979
v 32.000 0.500 54.882
v 32.000 0.750 54.851
v 32.000 1.000 54.852
v 32.000 1.250 54.895
v 32.000 1.500 54.991
v 31.881 1.750 55.000
v 32.000 1.515 55.000
v 32.000 0.000 55.190
v 32.000 -0.051 55.250
v 32.000 1.750 55.148
v 31.908 2.000 55.250
v 32.000 1.870 55.250
v 32.000 -0.182 55.500
v 32.000 2.000 55.356
v 31.894 2.250 55.500
v 32.000 2.144 55.500
v 32.000 -0.186 55.750
v 32.000 2.250 55.609
v 31.816 2.500 55.750
v 32.000 2.365 55.750
v 32.000 -0.175 56.000
v 32.000 2.500 55.928
v 32.000 2.546 56.000
v 32.000 -0.164 56.250
v 31.847 2.750 56.250
v 32.000 2.681 56.250
v 32.000 -0.152 56.500
v 32.000 2.750 56.416
v 32.000 2.782 56.500
v 32.000 -0.139 56.750
v 32.000 2.875 56.750
v 32.000 -0.127 57.000
v 31.876 3.000 57.000
v 32.000 2.968 57.000
v 32.000 -0.119 57.250
v 32.000 3.000 57.078
v 32.000 3.075 57.250
v 32.000 -0.124 57.500
v 32.000 3.180 57.500
v 32.000 -0.133 57.750
v 32.000 3.250 57.677
v 32.000 3.278 57.750
v 32.000 -0.151 58.000
v 32.000 3.373 58.000
v 32.000 -0.178 58.250
v 31.845 3.500 58.250
v 32.000 3.476 58.250
v 32.000 -0.215 58.500
v 32.000 3.500 58.302
v 32.000 3.594 58.500
v 32.000 -0.250 58.700
v 32.000 -0.259 58.750
v 32.000 3.719 58.750
v 32.000 -0.307 59.000
v 32.000 3.750 58.814
v 32.000 3.838 59.000
v 32.000 -0.360 59.250
v 32.000 3.960 59.250
v 32.000 -0.403 59.500
v 32.000 4.000 59.322
v 32.000 4.095 59.500
v 32.000 -0.399 59.750
v 32.000 4.246 59.750
v 32.000 -0.394 60.000
v 32.000 4.250 59.757
v 32.000 4.393 60.000
v 32.000 -0.391 60.250
v 31.841 3.750 60.250
v 32.000 3.549 60.250
v 32.000 3.750 60.202
v 32.000 3.871 60.250
v 32.000 4.500 60.208
v 31.873 4.500 60.250
v 32.000 4.520 60.250
v 32.000 -0.390 60.500
v 31.932 3.750 60.500
v 32.000 3.664 60.500
v 32.000 3.801 60.500
v 32.000 4.618 60.500
v 32.000 -0.389 60.750
v 32.000 3.750 60.518
v 32.000 4.693 60.750
v 32.000 -0.389 61.000
v 32.000 4.750 60.988
v 31.985 4.750 61.000
v 32.000 4.753 61.000
v 32.000 -0.389 61.250
v 31.755 4.750 61.250
v 32.000 4.798 61.250
v 32.000 -0.389 61.500
v 32.000 4.828 61.500
v 32.000 -0.389 61.750
v 32.000 4.844 61.750
v 32.000 -0.391 62.000
v 32.000 4.845 62.000
v 32.000 -0.392 62.250
v 32.000 4.832 62.250
v 32.000 -0.394 62.500
v 32.000 4.803 62.500
v 32.000 -0.396 62.750
v 31.823 4.750 62.750
v 32.000 4.757 62.750
v 32.000 -0.399 63.000
v 32.000 4.698 63.000
v 32.000 4.750 62.781
v 32.000 -0.401 63.250
v 32.000 4.634 63.250
v 32.000 -0.404 63.500
v 32.000 4.568 63.500
v 32.000 -0.407 63.750
v 31.943 4.500 63.750
v 32.000 4.498 63.750
v 32.000 4.500 63.743
v 32.000 -0.250 63.784
v 32.000 0.000 63.822
v 32.000 0.250 63.850
v 32.000 0.500 63.871
v 32.000 0.750 63.885
v 32.000 1.000 63.894
v 32.000 1.250 63.902
v 32.000 1.500 63.908
v 32.000 1.750 63.828
v 32.000 2.000 63.813
v 32.000 2.250 63.797
v 32.000 2.500 63.784
v 32.000 2.750 63.782
v 32.000 3.000 63.792
v 32.000 3.250 63.807
v 32.000 3.500 63.823
v 32.000 3.750 63.847
v 32.000 4.000 63.824
v 32.000 4.250 63.793
vn 0.957 0.088 0.277
vn 0.967 0.071 0.246
vn 0.958 0.162 0.237
vn 0.955 -0.059 0.291
vn 0.964 -0.061 0.259
vn 0.936 -0.232 0.266
vn 0.937 -0.230 0.263
vn 0.933 -0.245 0.263
vn 0.954 0.270 0.131
vn 0.954 0.268 0.137
vn 0.952 0.278 0.131
vn 0.963 0.211 0.165
vn 0.958 0.164 0.235
vn 0.973 0.119 0.196
vn 0.977 -0.071 0.202
vn 0.946 -0.270 0.178
vn 0.904 -0.398 0.159
vn 0.958 0.288 0.008
vn 0.947 0.322 0.004
vn 0.972 0.235 0.021
vn 0.991 0.131 0.021
vn 0.997 -0.076 0.024
vn 0.960 -0.278 0.028
vn 0.905 -0.424 0.047
vn 0.906 -0.422 0.037
vn 0.905 -0.424 0.037
vn 0.946 0.292 -0.139
vn 0.942 0.306 -0.141
vn 0.964 0.221 -0.147
vn 0.977 0.122 -0.175
vn 0.983 -0.062 -0.175
vn 0.957 -0.251 -0.145
vn 0.914 -0.390 -0.107
vn 0.911 -0.411 -0.028
vn 0.943 0.292 -0.159
vn 0.936 0.186 -0.299
vn 0.937 0.180 -0.300
vn 0.936 0.092 -0.340
vn 0.940 -0.044 -0.339
vn 0.936 -0.196 -0.293
vn 0.933 -0.230 -0.278
vn 0.936 0.178 -0.304
vn 0.924 0.081 -0.374
vn 0.925 -0.032 -0.377
vn 0.932 -0.185 -0.311
vn 0.949 0.227 0.219
vn 0.942 0.260 0.214
vn 0.960 0.161 0.230
vn 0.971 0.035 0.237
vn 0.960 -0.146 0.240
vn 0.923 -0.304 0.237
vn 0.912 -0.336 0.237
vn 0.935 0.330 0.131
vn 0.935 0.330 0.131
vn 0.935 0.330 0.131
vn 0.961 0.238 0.141
vn 0.975 0.167 0.145
vn 0.988 0.042 0.149
vn 0.978 -0.135 0.162
vn 0.939 -0.292 0.183
vn 0.902 -0.383 0.200
vn 0.940 0.337 0.058
vn 0.921 0.386 0.059
vn 0.968 0.243 0.066
vn 0.984 0.168 0.066
vn 0.996 0.052 0.069
vn 0.990 -0.109 0.087
vn 0.958 -0.259 0.121
vn 0.901 -0.390 0.192
vn 0.915 -0.372 0.154
vn 0.900 -0.404 0.162
vn 0.940 0.342 0.012
vn 0.914 0.405 0.012
vn 0.969 0.246 0.016
vn 0.985 0.170 0.014
vn 0.998 0.063 0.017
vn 0.996 -0.083 0.029
vn 0.973 -0.225 0.053
vn 0.933 -0.350 0.079
vn 0.901 -0.425 0.090
vn 0.941 0.339 0.002
vn 0.913 0.407 0.001
vn 0.970 0.245 0.001
vn 0.985 0.170 0.000
vn 0.998 0.066 0.004
vn 0.997 -0.074 0.006
vn 0.977 -0.211 0.009
vn 0.942 -0.336 0.014
vn 0.904 -0.426 0.020
vn 0.939 0.344 0.007
vn 0.911 0.413 0.005
vn 0.969 0.245 0.004
vn 0.985 0.175 0.002
vn 0.998 0.069 0.005
vn 0.997 -0.080 -0.001
vn 0.976 -0.219 -0.014
vn 0.942 -0.335 -0.024
vn 0.911 -0.412 -0.026
vn 0.937 0.349 0.006
vn 0.905 0.426 0.001
vn 0.970 0.241 0.006
vn 0.985 0.174 -0.002
vn 0.998 0.064 -0.006
vn 0.995 -0.096 -0.013
vn 0.971 -0.237 -0.022
vn 0.939 -0.343 -0.032
vn 0.917 -0.396 -0.038
vn 0.932 0.364 0.003
vn 0.899 0.439 -0.007
vn 0.971 0.237 0.010
vn 0.986 0.166 -0.008
vn 0.998 0.059 -0.021
vn 0.995 -0.099 -0.022
vn 0.971 -0.240 -0.016
vn 0.938 -0.347 -0.017
vn 0.919 -0.393 -0.028
vn 0.925 0.379 0.013
vn 0.890 0.456 0.000
vn 0.973 0.229 0.027
vn 0.990 0.144 0.005
vn 0.999 0.050 -0.012
vn 0.996 -0.092 -0.007
vn 0.973 -0.232 0.011
vn 0.934 -0.356 0.016
vn 0.913 -0.407 0.001
vn 0.912 0.405 0.058
vn 0.866 0.497 0.047
vn 0.971 0.226 0.077
vn 0.990 0.125 0.069
vn 0.997 0.048 0.067
vn 0.994 -0.073 0.077
vn 0.973 -0.213 0.089
vn 0.928 -0.363 0.082
vn 0.896 -0.439 0.058
vn 0.892 0.430 0.138
vn 0.782 0.610 0.127
vn 0.961 0.229 0.154
vn 0.976 0.128 0.176
vn 0.977 0.058 0.206
vn 0.973 -0.063 0.223
vn 0.954 -0.214 0.210
vn 0.906 -0.386 0.174
vn 0.855 -0.500 0.138
vn 0.874 0.451 0.180
vn 0.585 0.801 0.128
vn 0.951 0.246 0.188
vn 0.958 0.164 0.236
vn 0.891 -0.403 0.211
vn 0.830 -0.535 0.157
vn 0.824 -0.539 0.176
vn 0.815 -0.552 0.174
vn 0.876 0.467 0.124
vn 0.406 0.914 0.015
vn 0.889 -0.433 0.152
vn 0.825 -0.544 0.152
vn 0.798 -0.580 0.162
vn 0.874 0.485 -0.006
vn 0.364 0.931 -0.032
vn 0.855 -0.514 0.071
vn 0.813 -0.575 0.092
vn 0.851 0.501 -0.158
vn 0.407 0.910 -0.080
vn 0.913 -0.394 -0.105
vn 0.868 -0.494 -0.044
vn 0.822 -0.568 -0.023
vn 0.817 0.497 -0.292
vn 0.592 0.763 -0.259
vn 0.920 0.286 -0.269
vn 0.919 -0.329 -0.217
vn 0.880 -0.448 -0.159
vn 0.844 -0.517 -0.146
vn 0.808 0.459 -0.370
vn 0.804 0.465 -0.371
vn 0.886 0.277 -0.372
vn 0.909 0.150 -0.388
vn 0.910 0.073 -0.408
vn 0.915 -0.017 -0.403
vn 0.920 -0.138 -0.367
vn 0.906 -0.279 -0.320
vn 0.860 -0.424 -0.284
vn 0.851 -0.444 -0.282
vn 0.807 0.459 -0.372
vn 0.851 0.272 -0.449
vn 0.857 0.231 -0.462
vn 0.874 0.145 -0.463
vn 0.886 0.077 -0.457
vn 0.897 0.003 -0.443
vn 0.899 -0.108 -0.425
vn 0.881 -0.248 -0.403
vn 0.874 -0.277 -0.399
vn 0.855 -0.418 -0.305
vn 0.863 0.148 -0.482
vn 0.869 0.085 -0.488
vn 0.876 0.010 -0.483
vn 0.879 -0.106 -0.466
vn 0.875 -0.248 -0.416
vn 0.730 0.660 0.178
vn 0.480 0.873 0.085
vn 0.921 0.331 0.205
vn 0.884 -0.406 0.234
vn 0.831 -0.503 0.239
vn 0.805 -0.543 0.239
vn 0.708 0.703 0.070
vn 0.338 0.941 -0.022
vn 0.897 -0.394 0.201
vn 0.848 -0.486 0.211
vn 0.778 -0.589 0.218
vn 0.648 0.762 -0.001
vn 0.271 0.961 -0.062
vn 0.866 -0.472 0.167
vn 0.761 -0.622 0.186
vn 0.766 -0.618 0.177
vn 0.757 -0.629 0.178
vn 0.592 0.805 -0.022
vn 0.243 0.969 -0.049
vn 0.881 -0.464 0.094
vn 0.795 -0.597 0.105
vn 0.758 -0.642 0.112
vn 0.541 0.841 -0.028
vn 0.222 0.974 -0.045
vn 0.892 -0.452 0.025
vn 0.816 -0.575 0.051
vn 0.770 -0.635 0.064
vn 0.480 0.877 -0.023
vn 0.207 0.978 -0.035
vn 0.899 -0.437 -0.022
vn 0.830 -0.558 0.005
vn 0.778 -0.628 0.016
vn 0.444 0.896 -0.025
vn 0.191 0.981 -0.033
vn 0.901 -0.431 -0.034
vn 0.835 -0.549 -0.024
vn 0.786 -0.617 -0.021
vn 0.373 0.927 -0.033
vn 0.184 0.982 -0.037
vn 0.899 -0.436 -0.030
vn 0.832 -0.553 -0.048
vn 0.790 -0.610 -0.055
vn 0.316 0.948 -0.037
vn 0.176 0.983 -0.042
vn 0.886 -0.464 -0.009
vn 0.817 -0.574 -0.049
vn 0.793 -0.606 -0.059
vn 0.220 0.975 -0.037
vn 0.166 0.985 -0.043
vn 0.869 -0.494 0.041
vn 0.803 -0.596 -0.011
vn 0.788 -0.615 -0.021
vn 0.119 0.992 -0.041
vn 0.115 0.992 -0.042
vn 0.840 -0.529 0.126
vn 0.785 -0.615 0.075
vn 0.774 -0.630 0.065
vn 0.112 0.993 -0.042
vn 0.046 0.998 -0.042
vn 0.767 -0.624 0.151
vn 0.740 -0.659 0.140
vn -0.002 0.999 -0.041
vn 0.765 -0.623 0.164
vn 0.715 -0.681 0.158
vn 0.009 0.999 -0.038
vn 0.790 -0.605 0.101
vn 0.688 -0.717 0.109
vn -0.001 0.999 -0.032
vn 0.800 -0.599 -0.012
vn 0.693 -0.720 0.005
vn 0.048 0.998 -0.034
vn 0.806 -0.576 -0.133
vn 0.697 -0.707 -0.116
vn 0.182 0.981 -0.074
vn 0.779 -0.571 -0.259
vn 0.724 -0.646 -0.244
vn 0.720 0.517 -0.462
vn 0.454 0.828 -0.330
vn 0.844 0.272 -0.462
vn 0.828 -0.405 -0.388
vn 0.746 -0.552 -0.371
vn 0.735 -0.568 -0.370
vn 0.721 0.465 -0.514
vn 0.754 0.387 -0.531
vn 0.791 0.269 -0.550
vn 0.819 0.160 -0.552
vn 0.838 0.097 -0.537
vn 0.853 0.017 -0.521
vn 0.850 -0.102 -0.517
vn 0.822 -0.247 -0.513
vn 0.772 -0.396 -0.497
vn 0.760 -0.424 -0.492
vn 0.739 -0.550 -0.390
vn 0.778 0.265 -0.569
vn 0.788 0.163 -0.594
vn 0.790 0.112 -0.603
vn 0.792 0.098 -0.602
vn 0.805 0.032 -0.592
vn 0.808 -0.094 -0.582
vn 0.804 -0.137 -0.579
vn 0.795 -0.240 -0.557
vn 0.767 -0.393 -0.507
vn 0.800 0.034 -0.599
vn 0.805 -0.094 -0.586
vn 0.056 0.997 -0.051
vn 0.709 -0.666 0.229
vn 0.638 -0.741 0.209
vn 0.021 0.998 -0.056
vn 0.731 -0.647 0.218
vn 0.587 -0.782 0.210
vn 0.028 0.998 -0.055
vn 0.560 -0.803 0.205
vn 0.029 0.998 -0.052
vn 0.561 -0.803 0.201
vn 0.618 -0.771 0.151
vn 0.566 -0.808 0.162
vn 0.019 0.998 -0.051
vn 0.664 -0.743 0.082
vn 0.571 -0.815 0.093
vn 0.017 0.999 -0.044
vn 0.677 -0.736 0.021
vn 0.556 -0.831 0.026
vn 0.004 0.999 -0.043
vn 0.675 -0.738 -0.020
vn 0.553 -0.833 -0.015
vn -0.003 0.999 -0.044
vn 0.670 -0.740 -0.052
vn 0.564 -0.825 -0.043
vn -0.011 0.999 -0.043
vn 0.672 -0.739 -0.052
vn 0.603 -0.797 -0.045
vn -0.006 0.999 -0.046
vn 0.683 -0.730 -0.017
vn 0.632 -0.775 -0.015
vn -0.014 0.999 -0.042
vn 0.099 0.994 -0.042
vn -0.018 0.999 -0.040
vn 0.693 -0.720 0.049
vn 0.651 -0.758 0.039
vn -0.010 0.999 -0.043
vn 0.674 -0.729 0.119
vn 0.611 -0.786 0.096
vn -0.021 0.999 -0.042
vn 0.668 -0.730 0.144
vn 0.574 -0.811 0.113
vn -0.014 0.999 -0.042
vn 0.669 -0.736 0.106
vn 0.521 -0.849 0.090
vn -0.027 0.999 -0.039
vn 0.684 -0.730 0.005
vn 0.531 -0.847 0.019
vn -0.026 0.999 -0.039
vn 0.679 -0.725 -0.113
vn 0.543 -0.836 -0.082
vn -0.034 0.999 -0.036
vn 0.664 -0.711 -0.231
vn 0.583 -0.784 -0.213
vn 0.016 0.999 -0.035
vn 0.621 -0.705 -0.343
vn 0.599 -0.725 -0.339
vn 0.715 0.484 -0.505
vn 0.220 0.962 -0.160
vn 0.700 -0.544 -0.462
vn 0.648 -0.622 -0.440
vn 0.611 -0.702 -0.366
vn 0.663 0.462 -0.589
vn 0.617 0.548 -0.565
vn 0.766 0.257 -0.589
vn 0.780 0.162 -0.605
vn 0.789 0.112 -0.604
vn 0.788 -0.238 -0.567
vn 0.743 -0.390 -0.544
vn 0.696 -0.491 -0.524
vn 0.679 -0.541 -0.497
vn 0.664 0.459 -0.590
vn 0.758 0.244 -0.605
vn 0.765 0.150 -0.626
vn 0.765 0.148 -0.627
vn 0.767 0.120 -0.631
vn 0.782 0.051 -0.621
vn 0.790 -0.079 -0.608
vn 0.777 -0.230 -0.586
vn 0.769 -0.269 -0.580
vn 0.736 -0.389 -0.554
vn 0.767 0.121 -0.631
vn 0.782 0.059 -0.620
vn 0.789 -0.072 -0.610
vn 0.776 -0.229 -0.588
vn 0.021 0.999 -0.049
vn 0.542 -0.827 0.149
vn 0.523 -0.842 0.135
vn 0.028 0.998 -0.052
vn 0.522 -0.830 0.196
vn 0.462 -0.869 0.174
vn 0.032 0.998 -0.052
vn 0.552 -0.808 0.206
vn 0.416 -0.889 0.192
vn 0.032 0.998 -0.057
vn 0.374 -0.914 0.158
vn 0.029 0.998 -0.057
vn 0.331 -0.941 0.074
vn 0.025 0.998 -0.050
vn 0.303 -0.953 0.001
vn 0.009 0.999 -0.054
vn 0.303 -0.953 -0.014
vn 0.004 0.999 -0.053
vn 0.320 -0.947 -0.003
vn -0.007 0.999 -0.046
vn 0.374 -0.927 0.016
vn -0.010 0.999 -0.050
vn 0.417 -0.908 0.042
vn -0.013 0.999 -0.048
vn -0.018 0.999 -0.046
vn 0.442 -0.896 0.049
vn -0.022 0.999 -0.045
vn 0.431 -0.901 0.053
vn 0.426 -0.903 0.060
vn 0.418 -0.907 0.059
vn -0.019 0.999 -0.044
vn 0.416 -0.906 0.074
vn 0.381 -0.922 0.066
vn -0.026 0.999 -0.044
vn 0.407 -0.910 0.072
vn 0.355 -0.932 0.067
vn -0.023 0.999 -0.044
vn 0.441 -0.897 0.025
vn 0.356 -0.934 0.038
vn -0.031 0.999 -0.039
vn 0.460 -0.885 -0.066
vn 0.390 -0.920 -0.047
vn -0.026 0.999 -0.039
vn 0.463 -0.867 -0.184
vn 0.423 -0.890 -0.173
vn -0.036 0.999 -0.037
vn 0.470 -0.831 -0.298
vn 0.447 -0.863 -0.236
vn -0.032 0.999 -0.037
vn 0.584 -0.699 -0.413
vn 0.514 -0.763 -0.392
vn 0.095 0.990 -0.101
vn 0.670 -0.542 -0.507
vn 0.587 -0.668 -0.458
vn 0.563 -0.702 -0.436
vn 0.642 0.541 -0.543
vn 0.466 0.779 -0.420
vn 0.754 0.241 -0.611
vn 0.765 0.150 -0.626
vn 0.731 -0.391 -0.559
vn 0.658 -0.543 -0.522
vn 0.655 -0.548 -0.520
vn 0.657 0.517 -0.548
vn 0.754 0.224 -0.618
vn 0.757 0.208 -0.620
vn 0.764 0.151 -0.628
vn 0.771 0.133 -0.623
vn 0.785 0.067 -0.616
vn 0.785 -0.072 -0.615
vn 0.759 -0.236 -0.607
vn 0.723 -0.359 -0.590
vn 0.711 -0.397 -0.580
vn 0.657 -0.543 -0.522
vn 0.767 0.151 -0.624
vn 0.779 0.138 -0.611
vn 0.796 0.072 -0.601
vn 0.790 -0.078 -0.609
vn 0.757 -0.241 -0.608
vn 0.022 0.999 -0.046
vn 0.420 -0.904 0.081
vn 0.028 0.999 -0.045
vn 0.372 -0.922 0.110
vn 0.030 0.998 -0.051
vn 0.299 -0.946 0.128
vn 0.032 0.998 -0.055
vn 0.248 -0.963 0.107
vn 0.241 -0.965 0.104
vn 0.213 -0.973 0.091
vn 0.035 0.998 -0.057
vn 0.240 -0.970 0.051
vn 0.148 -0.989 0.027
vn 0.027 0.998 -0.063
vn 0.223 -0.975 -0.004
vn 0.128 -0.992 -0.008
vn 0.015 0.998 -0.064
vn 0.212 -0.977 -0.009
vn 0.135 -0.991 -0.002
vn 0.008 0.998 -0.060
vn 0.230 -0.973 0.017
vn 0.155 -0.987 0.034
vn -0.003 0.998 -0.057
vn 0.297 -0.954 0.041
vn 0.187 -0.980 0.071
vn -0.014 0.998 -0.057
vn 0.365 -0.929 0.053
vn 0.209 -0.975 0.080
vn -0.014 0.998 -0.056
vn -0.016 0.999 -0.051
vn 0.428 -0.903 0.050
vn 0.210 -0.976 0.058
vn -0.025 0.999 -0.044
vn 0.207 -0.978 0.038
vn -0.023 0.999 -0.046
vn 0.188 -0.981 0.047
vn -0.029 0.999 -0.045
vn 0.194 -0.979 0.062
vn -0.024 0.999 -0.044
vn 0.198 -0.979 0.055
vn -0.028 0.999 -0.042
vn 0.233 -0.972 -0.010
vn -0.026 0.999 -0.041
vn 0.266 -0.956 -0.124
vn -0.028 0.999 -0.040
vn 0.425 -0.860 -0.282
vn 0.326 -0.913 -0.245
vn -0.033 0.999 -0.042
vn 0.390 -0.861 -0.327
vn 0.384 -0.866 -0.320
vn -0.037 0.998 -0.044
vn 0.558 -0.705 -0.439
vn 0.478 -0.791 -0.382
vn 0.027 0.998 -0.054
vn 0.566 -0.701 -0.435
vn 0.565 -0.701 -0.435
vn 0.643 0.567 -0.514
vn 0.297 0.921 -0.251
vn 0.752 0.225 -0.620
vn 0.709 -0.397 -0.583
vn 0.659 -0.534 -0.530
vn 0.649 -0.564 -0.511
vn 0.642 0.531 -0.553
vn 0.732 0.329 -0.596
vn 0.770 0.214 -0.601
vn 0.776 0.163 -0.610
vn 0.782 0.150 -0.605
vn 0.797 0.073 -0.599
vn 0.789 -0.086 -0.609
vn 0.751 -0.256 -0.608
vn 0.709 -0.398 -0.583
vn 0.706 -0.408 -0.579
vn 0.664 -0.528 -0.530
vn 0.778 0.210 -0.592
vn 0.790 0.161 -0.591
vn 0.792 0.156 -0.590
vn 0.805 0.083 -0.587
vn 0.806 0.071 -0.587
vn 0.799 -0.108 -0.592
vn 0.799 -0.110 -0.592
vn 0.761 -0.269 -0.591
vn 0.710 -0.398 -0.581
vn 0.807 0.071 -0.587
vn 0.799 -0.108 -0.592
vn 0.027 0.999 -0.044
vn 0.309 -0.949 0.060
vn 0.280 -0.958 0.056
vn 0.026 0.999 -0.044
vn 0.299 -0.952 0.072
vn 0.252 -0.966 0.051
vn 0.026 0.999 -0.047
vn 0.266 -0.959 0.101
vn 0.187 -0.982 0.038
vn 0.028 0.998 -0.052
vn 0.109 -0.994 0.009
vn 0.027 0.998 -0.060
vn 0.055 -0.998 -0.012
vn 0.023 0.997 -0.069
vn 0.035 -0.999 -0.012
vn 0.019 0.997 -0.072
vn 0.032 -0.999 0.013
vn 0.010 0.997 -0.071
vn 0.034 -0.998 0.053
vn 0.001 0.998 -0.068
vn 0.022 -0.997 0.078
vn -0.008 0.998 -0.063
vn -0.011 0.998 -0.060
vn -0.009 0.998 -0.063
vn 0.002 -0.997 0.072
vn -0.015 0.998 -0.057
vn -0.016 -0.999 0.051
vn -0.020 0.998 -0.052
vn -0.015 -0.999 0.039
vn -0.027 0.998 -0.048
vn 0.003 -0.998 0.056
vn -0.026 0.999 -0.045
vn 0.030 -0.996 0.082
vn -0.028 0.999 -0.043
vn 0.063 -0.995 0.082
vn -0.025 0.999 -0.042
vn 0.091 -0.996 0.024
vn -0.028 0.999 -0.039
vn 0.133 -0.988 -0.076
vn -0.026 0.999 -0.044
vn 0.192 -0.966 -0.172
vn -0.031 0.998 -0.046
vn 0.381 -0.867 -0.321
vn 0.282 -0.927 -0.246
vn -0.033 0.998 -0.050
vn 0.385 -0.875 -0.294
vn 0.376 -0.882 -0.285
vn -0.039 0.998 -0.051
vn 0.565 -0.701 -0.435
vn 0.485 -0.810 -0.330
vn 0.390 -0.874 -0.289
vn -0.030 0.998 -0.048
vn 0.597 -0.678 -0.428
vn 0.579 -0.709 -0.402
vn 0.620 0.587 -0.521
vn 0.173 0.975 -0.137
vn 0.681 -0.508 -0.527
vn 0.661 -0.570 -0.488
vn 0.609 -0.666 -0.431
vn 0.631 0.612 -0.477
vn 0.559 0.707 -0.434
vn 0.807 0.202 -0.555
vn 0.804 0.158 -0.573
vn 0.794 0.156 -0.588
vn 0.767 -0.273 -0.580
vn 0.735 -0.397 -0.549
vn 0.722 -0.441 -0.533
vn 0.694 -0.500 -0.518
vn 0.642 0.601 -0.476
vn 0.824 0.192 -0.532
vn 0.828 0.128 -0.546
vn 0.822 0.129 -0.555
vn 0.803 0.139 -0.580
vn 0.806 0.071 -0.587
vn 0.804 -0.111 -0.584
vn 0.784 -0.273 -0.558
vn 0.782 -0.279 -0.557
vn 0.743 -0.397 -0.539
vn 0.803 0.134 -0.581
vn 0.804 0.069 -0.591
vn 0.803 -0.109 -0.586
vn 0.784 -0.272 -0.558
vn 0.028 0.999 -0.045
vn 0.128 -0.991 0.043
vn 0.023 0.999 -0.045
vn 0.111 -0.994 0.013
vn 0.021 0.999 -0.048
vn 0.076 -0.997 -0.019
vn 0.018 0.998 -0.054
vn 0.039 -0.998 -0.044
vn 0.017 0.998 -0.062
vn -0.002 -0.999 -0.048
vn 0.016 0.997 -0.071
vn -0.040 -0.999 -0.030
vn 0.015 0.997 -0.076
vn -0.082 -0.997 -0.002
vn 0.011 0.997 -0.078
vn -0.129 -0.991 0.024
vn 0.004 0.997 -0.076
vn -0.180 -0.983 0.038
vn -0.002 0.997 -0.072
vn -0.003 0.997 -0.072
vn -0.216 -0.976 0.041
vn -0.012 0.998 -0.062
vn -0.224 -0.974 0.038
vn -0.019 0.998 -0.055
vn -0.203 -0.978 0.053
vn -0.018 0.998 -0.052
vn -0.166 -0.982 0.093
vn -0.022 0.999 -0.046
vn -0.111 -0.986 0.127
vn -0.025 0.999 -0.043
vn -0.060 -0.991 0.119
vn -0.024 0.999 -0.043
vn -0.024 -0.998 0.062
vn -0.027 0.999 -0.043
vn 0.022 -1.000 -0.021
vn -0.029 0.999 -0.044
vn 0.089 -0.991 -0.096
vn -0.029 0.998 -0.049
vn 0.182 -0.973 -0.144
vn -0.031 0.998 -0.052
vn 0.294 -0.939 -0.180
vn -0.031 0.998 -0.053
vn 0.428 -0.865 -0.262
vn 0.393 -0.892 -0.222
vn -0.032 0.998 -0.048
vn 0.482 -0.826 -0.291
vn 0.456 -0.848 -0.269
vn -0.029 0.999 -0.040
vn 0.621 -0.648 -0.440
vn 0.567 -0.726 -0.388
vn 0.068 0.997 -0.032
vn 0.696 -0.501 -0.514
vn 0.644 -0.606 -0.467
vn 0.627 -0.636 -0.450
vn 0.612 0.686 -0.393
vn 0.298 0.936 -0.187
vn 0.820 0.199 -0.536
vn 0.830 0.126 -0.544
vn 0.689 -0.438 -0.577
vn 0.603 -0.563 -0.566
vn 0.610 -0.564 -0.556
vn 0.600 0.645 -0.474
vn 0.735 0.414 -0.537
vn 0.829 0.179 -0.530
vn 0.829 0.087 -0.552
vn 0.770 0.115 -0.627
vn 0.736 0.078 -0.673
vn 0.676 -0.126 -0.726
vn 0.481 -0.371 -0.794
vn 0.247 -0.549 -0.799
vn 0.321 -0.574 -0.753
vn 0.823 0.176 -0.541
vn 0.805 0.071 -0.589
vn 0.681 0.111 -0.724
vn 0.359 0.109 -0.927
vn 0.292 -0.139 -0.946
vn 0.247 -0.393 -0.886
vn 0.027 0.998 -0.050
vn -0.012 -1.000 0.028
vn 0.020 0.999 -0.051
vn -0.032 -0.999 -0.003
vn 0.015 0.999 -0.052
vn -0.044 -0.998 -0.037
vn 0.013 0.998 -0.056
vn -0.061 -0.996 -0.071
vn 0.011 0.998 -0.062
vn -0.094 -0.991 -0.092
vn 0.012 0.997 -0.071
vn -0.160 -0.983 -0.093
vn 0.013 0.997 -0.077
vn -0.245 -0.966 -0.077
vn 0.011 0.997 -0.081
vn -0.275 -0.961 -0.028
vn -0.330 -0.943 -0.049
vn -0.246 -0.966 -0.076
vn 0.008 0.997 -0.081
vn -0.324 -0.946 0.003
vn -0.392 -0.920 -0.016
vn 0.003 0.997 -0.079
vn 0.002 0.997 -0.078
vn -0.365 -0.931 0.028
vn -0.422 -0.906 0.020
vn -0.004 0.997 -0.073
vn -0.384 -0.922 0.055
vn -0.413 -0.909 0.057
vn -0.013 0.998 -0.059
vn -0.382 -0.921 0.080
vn -0.366 -0.926 0.092
vn -0.017 0.999 -0.051
vn -0.306 -0.941 0.145
vn -0.015 0.999 -0.051
vn -0.242 -0.952 0.188
vn -0.021 0.999 -0.046
vn -0.176 -0.970 0.168
vn -0.026 0.999 -0.044
vn -0.121 -0.987 0.106
vn -0.027 0.999 -0.045
vn -0.066 -0.997 0.037
vn -0.029 0.999 -0.046
vn 0.008 -1.000 -0.013
vn -0.029 0.998 -0.048
vn 0.101 -0.994 -0.040
vn -0.027 0.998 -0.052
vn 0.205 -0.976 -0.067
vn -0.027 0.998 -0.051
vn 0.303 -0.945 -0.126
vn -0.024 0.999 -0.046
vn 0.465 -0.842 -0.274
vn 0.383 -0.900 -0.206
vn -0.022 0.999 -0.037
vn 0.476 -0.823 -0.309
vn 0.455 -0.841 -0.292
vn -0.018 0.999 -0.029
vn 0.627 -0.629 -0.460
vn 0.538 -0.746 -0.393
vn 0.479 -0.818 -0.317
vn -0.019 0.999 -0.028
vn 0.551 -0.565 -0.614
vn 0.350 -0.544 -0.763
vn 0.411 -0.564 -0.716
vn 0.551 0.713 -0.434
vn 0.129 0.988 -0.081
vn -0.579 -0.308 -0.755
vn -0.779 -0.239 -0.580
vn -0.760 -0.209 -0.615
vn -0.674 -0.176 -0.717
vn -0.379 -0.269 -0.885
vn 0.532 0.722 -0.442
vn 0.427 0.825 -0.370
vn 0.793 0.135 -0.594
vn 0.642 -0.106 -0.759
vn -0.305 -0.390 -0.869
vn -0.411 -0.379 -0.829
vn -0.682 -0.224 -0.696
vn -0.781 -0.232 -0.579
vn 0.530 0.709 -0.465
vn 0.763 0.028 -0.645
vn 0.261 -0.377 -0.889
vn 0.024 0.998 -0.055
vn -0.130 -0.992 -0.002
vn 0.020 0.998 -0.056
vn -0.165 -0.986 -0.019
vn 0.016 0.998 -0.056
vn -0.193 -0.980 -0.048
vn 0.015 0.998 -0.058
vn -0.224 -0.970 -0.093
vn 0.012 0.998 -0.063
vn -0.266 -0.953 -0.146
vn 0.013 0.998 -0.069
vn -0.225 -0.966 -0.128
vn -0.332 -0.926 -0.180
vn -0.276 -0.949 -0.152
vn 0.014 0.997 -0.076
vn -0.246 -0.966 -0.077
vn -0.409 -0.896 -0.174
vn 0.013 0.997 -0.082
vn -0.484 -0.865 -0.133
vn 0.011 0.996 -0.085
vn -0.547 -0.834 -0.071
vn 0.007 0.996 -0.083
vn 0.006 0.996 -0.083
vn -0.583 -0.813 0.008
vn 0.001 0.997 -0.078
vn -0.577 -0.811 0.091
vn -0.003 0.998 -0.068
vn -0.375 -0.922 0.095
vn -0.529 -0.833 0.162
vn -0.012 0.998 -0.054
vn -0.359 -0.918 0.169
vn -0.451 -0.866 0.214
vn -0.015 0.999 -0.051
vn -0.372 -0.894 0.248
vn -0.373 -0.894 0.249
vn -0.020 0.998 -0.054
vn -0.372 -0.894 0.249
vn -0.299 -0.925 0.235
vn -0.025 0.998 -0.049
vn -0.225 -0.960 0.170
vn -0.030 0.998 -0.046
vn -0.144 -0.984 0.106
vn -0.030 0.998 -0.046
vn -0.062 -0.996 0.071
vn -0.029 0.998 -0.047
vn 0.027 -0.998 0.056
vn -0.027 0.998 -0.049
vn 0.112 -0.993 0.031
vn -0.025 0.998 -0.050
vn 0.193 -0.981 -0.032
vn -0.024 0.999 -0.043
vn 0.274 -0.954 -0.124
vn -0.021 0.999 -0.034
vn 0.351 -0.912 -0.212
vn -0.022 0.999 -0.028
vn 0.484 -0.810 -0.330
vn 0.434 -0.855 -0.285
vn -0.024 0.999 -0.032
vn -0.065 -0.366 -0.928
vn -0.061 -0.368 -0.928
vn -0.061 -0.366 -0.928
vn -0.053 -0.178 -0.983
vn -0.265 -0.191 -0.945
vn -0.001 0.022 -1.000
vn -0.262 -0.055 -0.964
vn 0.097 0.163 -0.982
vn -0.026 0.031 -0.999
vn 0.391 -0.359 -0.847
vn 0.237 0.145 -0.961
vn 0.490 -0.251 -0.835
vn 0.560 -0.629 -0.540
vn -0.029 0.999 -0.040
vn -0.418 -0.403 -0.814
vn 0.022 -0.607 -0.795
vn -0.017 -0.516 -0.856
vn -0.754 -0.261 -0.603
vn 0.301 0.133 -0.944
vn 0.015 0.999 -0.044
vn 0.142 -0.680 -0.719
vn 0.055 -0.637 -0.769
vn 0.451 0.783 -0.428
vn 0.272 0.921 -0.278
vn 0.714 -0.172 -0.679
vn 0.367 -0.658 -0.658
vn 0.193 -0.702 -0.686
vn 0.450 0.762 -0.466
vn 0.534 -0.541 -0.650
vn 0.040 0.998 -0.057
vn -0.032 -0.998 -0.050
vn 0.033 0.998 -0.059
vn -0.159 -0.985 -0.068
vn 0.023 0.998 -0.058
vn -0.278 -0.957 -0.085
vn -0.279 -0.955 -0.097
vn -0.177 -0.982 -0.071
vn 0.020 0.998 -0.059
vn -0.314 -0.943 -0.115
vn -0.375 -0.916 -0.142
vn 0.018 0.998 -0.064
vn -0.282 -0.948 -0.150
vn -0.440 -0.877 -0.194
vn 0.018 0.998 -0.068
vn -0.496 -0.838 -0.227
vn 0.017 0.997 -0.075
vn -0.526 -0.819 -0.231
vn 0.016 0.996 -0.083
vn -0.546 -0.818 -0.182
vn -0.578 -0.790 -0.205
vn -0.539 -0.812 -0.222
vn 0.013 0.996 -0.088
vn -0.587 -0.804 -0.101
vn -0.648 -0.749 -0.140
vn 0.009 0.996 -0.087
vn 0.009 0.996 -0.088
vn -0.622 -0.783 -0.005
vn -0.701 -0.713 -0.027
vn 0.009 0.996 -0.088
vn -0.009 0.997 -0.083
vn -0.633 -0.768 0.098
vn -0.705 -0.700 0.111
vn -0.000 0.997 -0.072
vn -0.618 -0.760 0.200
vn -0.657 -0.720 0.222
vn -0.003 0.998 -0.063
vn -0.602 -0.751 0.270
vn -0.582 -0.760 0.289
vn -0.013 0.998 -0.060
vn -0.499 -0.805 0.321
vn -0.019 0.998 -0.056
vn -0.385 -0.877 0.286
vn -0.418 -0.855 0.306
vn -0.026 0.998 -0.053
vn -0.387 -0.876 0.289
vn -0.328 -0.909 0.258
vn -0.030 0.998 -0.050
vn -0.230 -0.953 0.198
vn -0.032 0.998 -0.045
vn -0.130 -0.979 0.156
vn -0.030 0.999 -0.046
vn -0.050 -0.990 0.133
vn -0.028 0.998 -0.047
vn 0.013 -0.995 0.102
vn -0.026 0.999 -0.047
vn 0.069 -0.997 0.043
vn -0.024 0.999 -0.042
vn 0.142 -0.989 -0.038
vn -0.026 0.999 -0.035
vn 0.235 -0.964 -0.121
vn -0.030 0.999 -0.032
vn 0.335 -0.922 -0.191
vn -0.034 0.999 -0.035
vn -0.056 -0.367 -0.929
vn 0.264 -0.167 -0.950
vn 0.341 0.057 -0.938
vn 0.220 0.201 -0.954
vn 0.574 -0.576 -0.582
vn 0.470 -0.811 -0.348
vn -0.034 0.999 -0.040
vn 0.452 -0.490 -0.746
vn 0.453 -0.479 -0.752
vn 0.499 -0.332 -0.800
vn 0.498 -0.148 -0.854
vn 0.518 0.052 -0.854
vn 0.574 0.183 -0.798
vn 0.648 0.181 -0.740
vn 0.705 -0.316 -0.634
vn -0.034 0.998 -0.045
vn 0.516 -0.582 -0.628
vn 0.502 -0.576 -0.646
vn -0.034 0.998 -0.044
vn 0.501 -0.657 -0.563
vn 0.577 -0.620 -0.531
vn 0.350 0.839 -0.416
vn 0.219 0.931 -0.290
vn 0.572 -0.501 -0.650
vn 0.701 -0.481 -0.527
vn 0.579 -0.622 -0.527
vn 0.327 0.854 -0.406
vn 0.700 -0.327 -0.634
vn 0.059 0.997 -0.058
vn 0.166 -0.977 -0.132
vn 0.045 0.997 -0.066
vn -0.115 -0.989 -0.094
vn 0.078 -0.978 -0.196
vn 0.092 -0.979 -0.181
vn 0.024 0.998 -0.064
vn -0.014 -0.968 -0.249
vn 0.021 0.998 -0.060
vn -0.114 -0.948 -0.297
vn 0.021 0.998 -0.064
vn -0.262 -0.904 -0.339
vn -0.043 0.997 -0.069
vn -0.515 -0.819 -0.253
vn -0.422 -0.843 -0.333
vn -0.322 -0.886 -0.332
vn -0.122 0.990 -0.077
vn -0.537 -0.811 -0.231
vn -0.554 -0.765 -0.327
vn -0.239 0.967 -0.092
vn -0.672 -0.687 -0.276
vn -0.673 -0.685 -0.279
vn -0.667 -0.690 -0.281
vn -0.356 0.929 -0.102
vn -0.703 -0.686 -0.189
vn -0.744 -0.630 -0.221
vn -0.422 0.900 -0.104
vn -0.740 -0.670 -0.052
vn -0.805 -0.588 -0.079
vn -0.420 0.902 -0.103
vn -0.420 0.905 -0.071
vn -0.745 -0.658 0.110
vn -0.802 -0.585 0.119
vn -0.267 0.962 -0.052
vn -0.714 -0.650 0.259
vn -0.741 -0.612 0.277
vn -0.096 0.993 -0.067
vn -0.692 -0.644 0.326
vn -0.591 -0.750 0.297
vn -0.662 -0.657 0.360
vn -0.019 0.998 -0.067
vn -0.557 -0.743 0.371
vn -0.587 -0.707 0.394
vn -0.021 0.998 -0.067
vn -0.552 -0.736 0.392
vn -0.510 -0.766 0.391
vn -0.024 0.998 -0.060
vn -0.372 -0.875 0.309
vn -0.422 -0.833 0.357
vn -0.028 0.998 -0.052
vn -0.358 -0.874 0.330
vn -0.311 -0.899 0.307
vn -0.028 0.999 -0.046
vn -0.209 -0.946 0.249
vn -0.028 0.999 -0.044
vn -0.130 -0.972 0.195
vn -0.026 0.999 -0.046
vn -0.083 -0.986 0.147
vn -0.025 0.999 -0.046
vn -0.044 -0.994 0.097
vn -0.024 0.999 -0.043
vn -0.036 -0.995 0.090
vn 0.122 -0.992 -0.025
vn 0.016 -0.999 0.045
vn -0.029 0.999 -0.039
vn 0.169 -0.984 -0.062
vn 0.113 -0.994 -0.012
vn -0.034 0.999 -0.036
vn 0.245 -0.965 -0.091
vn 0.232 -0.970 -0.077
vn -0.035 0.999 -0.035
vn 0.344 -0.925 -0.163
vn 0.266 -0.959 -0.102
vn -0.035 0.999 -0.039
vn 0.467 -0.481 -0.742
vn 0.701 -0.283 -0.655
vn 0.851 -0.052 -0.522
vn 0.874 0.071 -0.481
vn 0.817 0.204 -0.540
vn 0.729 0.219 -0.649
vn 0.746 -0.244 -0.620
vn 0.550 -0.778 -0.304
vn -0.032 0.999 -0.042
vn 0.564 -0.562 -0.605
vn 0.897 -0.264 -0.356
vn 0.998 -0.001 -0.068
vn 1.000 -0.000 -0.002
vn 1.000 -0.000 -0.007
vn 0.996 0.018 -0.082
vn 0.971 0.061 -0.233
vn 0.925 -0.236 -0.296
vn 0.873 -0.415 -0.255
vn -0.029 0.999 -0.040
vn 0.895 -0.354 -0.270
vn 1.000 -0.030 -0.001
vn 1.000 -0.000 -0.000
vn 1.000 -0.000 -0.000
vn 1.000 -0.000 -0.000
vn 1.000 -0.000 -0.000
vn 1.000 -0.003 -0.018
vn 1.000 -0.003 -0.018
vn 0.958 -0.278 -0.073
vn -0.028 0.999 -0.035
vn 0.815 -0.455 -0.358
vn 0.983 -0.179 -0.029
vn 1.000 -0.000 -0.000
vn 1.000 -0.000 -0.000
vn 1.000 -0.000 -0.000
vn 1.000 -0.000 -0.000
vn 1.000 -0.000 -0.000
vn 1.000 -0.003 -0.000
vn 1.000 -0.003 -0.000
vn 0.255 0.896 -0.364
vn 0.216 0.921 -0.324
vn 0.765 -0.176 -0.620
vn 0.957 -0.222 -0.188
vn 0.999 -0.054 -0.000
vn 1.000 -0.000 -0.000
vn 1.000 -0.000 -0.000
vn 1.000 -0.000 -0.000
vn 1.000 -0.000 -0.000
vn 1.000 -0.000 -0.000
vn 1.000 -0.000 -0.000
vn 0.965 -0.261 0.003
vn 0.965 -0.261 0.003
vn 0.965 -0.261 0.003
vn 0.247 0.902 -0.356
vn 0.774 0.229 -0.590
vn 0.992 0.052 -0.117
vn 0.992 0.051 -0.113
vn 1.000 -0.000 -0.000
vn 1.000 -0.000 -0.000
vn 1.000 -0.000 -0.000
vn 1.000 -0.000 -0.000
vn 1.000 -0.000 -0.000
vn 1.000 -0.000 -0.000
vn 1.000 -0.000 -0.000
vn 0.956 -0.292 -0.000
vn 0.956 -0.292 -0.000
vn 0.992 0.052 -0.114
vn 0.999 0.054 -0.000
vn 0.999 0.054 -0.000
vn 1.000 -0.000 -0.000
vn 1.000 -0.000 -0.000
vn 1.000 -0.000 -0.000
vn 1.000 -0.000 -0.000
vn 1.000 -0.000 -0.000
vn 1.000 -0.000 -0.000
vn 0.922 -0.388 -0.013
vn 0.922 -0.388 -0.013
vn 0.983 0.179 -0.027
vn 0.983 0.179 -0.027
vn 1.000 -0.000 -0.000
vn 1.000 -0.000 -0.000
vn 1.000 -0.000 -0.000
vn 1.000 -0.000 -0.000
vn 1.000 -0.000 -0.000
vn 1.000 -0.014 -0.000
vn 1.000 -0.014 -0.000
vn 0.922 -0.388 -0.013
vn 0.983 0.179 -0.027
vn 1.000 0.028 -0.001
vn 1.000 0.028 -0.001
vn 1.000 -0.000 -0.000
vn 1.000 -0.000 -0.000
vn 1.000 -0.000 -0.000
vn 1.000 -0.000 -0.000
vn 0.982 -0.181 -0.050
vn 0.982 -0.181 -0.050
vn 1.000 0.028 -0.001
vn 0.999 0.001 -0.049
vn 0.999 0.001 -0.049
vn 1.000 -0.000 -0.002
vn 1.000 -0.000 -0.007
vn 0.992 -0.051 -0.113
vn 0.992 -0.051 -0.113
vn 0.982 -0.181 -0.050
vn 0.999 0.001 -0.049
vn 1.000 -0.000 -0.002
vn 1.000 -0.000 -0.007
vn 0.992 -0.051 -0.113
vn 0.034 0.997 -0.063
vn 0.016 -0.986 -0.164
vn 0.026 0.996 -0.080
vn 0.037 -0.975 -0.221
vn -0.013 -0.965 -0.263
vn 0.007 0.997 -0.073
vn -0.063 -0.940 -0.334
vn -0.027 -0.960 -0.280
vn -0.108 0.992 -0.057
vn -0.097 -0.919 -0.383
vn -0.313 0.942 -0.122
vn -0.167 -0.880 -0.445
vn -0.147 -0.871 -0.468
vn -0.143 -0.874 -0.464
vn -0.539 0.803 -0.254
vn -0.225 -0.832 -0.507
vn -0.661 0.689 -0.298
vn -0.568 0.788 -0.238
vn -0.741 0.604 -0.294
vn -0.474 -0.748 -0.464
vn -0.361 -0.725 -0.586
vn -0.314 -0.769 -0.557
vn -0.471 0.868 -0.159
vn -0.830 0.487 -0.273
vn -0.603 -0.554 -0.573
vn -0.576 -0.539 -0.614
vn -0.552 -0.566 -0.612
vn -0.461 0.879 -0.122
vn -0.867 0.435 -0.245
vn -0.864 0.451 -0.224
vn -0.892 0.390 -0.230
vn -0.799 -0.546 -0.251
vn -0.820 -0.407 -0.401
vn -0.433 0.895 -0.105
vn -0.881 0.465 -0.089
vn -0.947 0.304 -0.104
vn -0.901 -0.421 -0.103
vn -0.928 -0.353 -0.117
vn -0.849 -0.402 -0.343
vn -0.829 -0.552 -0.084
vn -0.866 0.488 0.110
vn -0.948 0.296 0.114
vn -0.902 -0.410 0.137
vn -0.931 -0.339 0.133
vn -0.826 -0.549 0.126
vn -0.849 0.465 0.250
vn -0.879 0.394 0.271
vn -0.883 -0.397 0.252
vn -0.788 -0.536 0.304
vn -0.849 -0.418 0.324
vn -0.841 0.452 0.297
vn -0.665 0.681 0.306
vn -0.757 -0.513 0.405
vn -0.674 -0.639 0.370
vn -0.752 -0.516 0.410
vn -0.297 0.954 0.036
vn -0.654 -0.620 0.434
vn -0.675 -0.591 0.442
vn -0.066 0.996 -0.060
vn -0.654 -0.614 0.442
vn -0.538 -0.731 0.420
vn -0.597 -0.661 0.454
vn -0.022 0.998 -0.060
vn -0.526 -0.719 0.455
vn -0.499 -0.737 0.455
vn -0.021 0.998 -0.054
vn -0.339 -0.872 0.354
vn -0.390 -0.820 0.419
vn -0.021 0.999 -0.045
vn -0.331 -0.864 0.379
vn -0.290 -0.895 0.341
vn -0.021 0.999 -0.044
vn -0.222 -0.941 0.254
vn -0.021 0.999 -0.044
vn -0.178 -0.967 0.183
vn -0.020 0.999 -0.045
vn -0.138 -0.980 0.140
vn -0.023 0.999 -0.046
vn -0.092 -0.988 0.121
vn -0.082 -0.990 0.117
vn -0.026 0.999 -0.044
vn 0.003 -0.995 0.097
vn -0.028 0.999 -0.038
vn 0.112 -0.993 0.044
vn -0.029 0.999 -0.036
vn 0.309 -0.943 -0.127
vn 0.218 -0.974 -0.054
vn -0.030 0.999 -0.037
vn 0.341 -0.929 -0.144
vn 0.306 -0.944 -0.122
vn -0.027 0.999 -0.038
vn 0.405 -0.914 -0.034
vn 0.378 -0.925 -0.051
vn -0.024 0.999 -0.036
vn 0.958 -0.279 -0.062
vn 0.437 -0.899 0.030
vn 0.468 -0.881 0.068
vn 0.461 -0.885 0.067
vn -0.022 0.999 -0.032
vn 0.964 -0.266 0.004
vn 0.520 -0.852 0.067
vn 0.480 -0.875 0.060
vn -0.023 0.999 -0.029
vn 0.546 -0.838 0.013
vn 0.492 -0.871 0.006
vn 0.025 0.997 -0.079
vn 0.760 0.309 -0.572
vn 0.253 0.917 -0.308
vn 0.526 -0.846 -0.082
vn 0.488 -0.869 -0.085
vn 0.630 0.591 -0.504
vn 0.618 0.604 -0.503
vn 0.930 0.319 -0.185
vn 0.461 -0.864 -0.202
vn 0.461 -0.864 -0.202
vn 0.619 0.605 -0.500
vn 0.644 0.628 -0.438
vn 0.749 0.559 -0.356
vn 0.819 -0.554 -0.152
vn 0.505 -0.810 -0.297
vn 0.461 -0.864 -0.203
vn 0.563 0.674 -0.479
vn 0.871 0.412 -0.267
vn 0.564 0.670 -0.482
vn 0.595 -0.695 -0.404
vn 0.504 -0.754 -0.421
vn 0.580 0.604 -0.547
vn 0.553 0.620 -0.557
vn 0.917 0.277 -0.287
vn 0.758 -0.499 -0.419
vn 0.480 -0.703 -0.525
vn 0.462 -0.733 -0.499
vn 0.538 0.612 -0.579
vn 0.538 0.552 -0.637
vn 0.576 0.519 -0.631
vn 0.815 0.256 -0.520
vn 0.909 0.039 -0.416
vn 0.889 -0.100 -0.448
vn 0.715 -0.395 -0.577
vn 0.484 -0.600 -0.636
vn 0.483 -0.616 -0.622
vn 0.552 0.517 -0.654
vn 0.590 0.324 -0.740
vn 0.585 0.128 -0.801
vn 0.594 0.080 -0.800
vn 0.582 -0.104 -0.807
vn 0.576 -0.204 -0.792
vn 0.570 -0.431 -0.700
vn 0.594 0.079 -0.801
vn 0.001 0.998 -0.064
vn -0.145 -0.970 -0.193
vn -0.032 0.996 -0.089
vn -0.121 -0.947 -0.299
vn -0.149 -0.941 -0.305
vn -0.147 -0.943 -0.299
vn -0.225 0.957 -0.183
vn -0.187 -0.909 -0.373
vn -0.522 0.764 -0.380
vn -0.198 -0.882 -0.427
vn -0.533 0.756 -0.380
vn -0.622 0.736 -0.266
vn -0.606 0.683 -0.407
vn -0.226 -0.833 -0.504
vn -0.204 -0.854 -0.479
vn -0.647 0.703 -0.295
vn -0.645 0.666 -0.374
vn -0.733 0.603 -0.315
vn -0.676 0.625 -0.390
vn -0.267 -0.778 -0.568
vn -0.861 0.434 -0.267
vn -0.706 0.523 -0.478
vn -0.744 0.491 -0.454
vn -0.711 0.503 -0.491
vn -0.352 -0.645 -0.678
vn -0.287 -0.753 -0.593
vn -0.859 0.435 -0.270
vn -0.908 0.305 -0.288
vn -0.758 0.327 -0.564
vn -0.809 0.270 -0.522
vn -0.750 0.265 -0.606
vn -0.485 -0.408 -0.774
vn -0.488 -0.393 -0.779
vn -0.483 -0.406 -0.776
vn -0.394 -0.585 -0.708
vn -0.922 0.300 -0.246
vn -0.943 0.190 -0.272
vn -0.769 0.178 -0.613
vn -0.923 0.051 -0.381
vn -0.738 -0.016 -0.675
vn -0.856 -0.097 -0.508
vn -0.640 -0.201 -0.742
vn -0.818 -0.235 -0.525
vn -0.820 -0.387 -0.421
vn -0.953 0.284 -0.105
vn -0.975 0.180 -0.128
vn -0.989 0.053 -0.141
vn -0.984 -0.112 -0.136
vn -0.954 -0.275 -0.123
vn -0.953 0.279 0.116
vn -0.979 0.168 0.117
vn -0.993 0.051 0.103
vn -0.989 -0.098 0.112
vn -0.958 -0.257 0.128
vn -0.911 0.281 0.301
vn -0.937 0.153 0.314
vn -0.952 0.044 0.302
vn -0.948 -0.078 0.308
vn -0.919 -0.225 0.323
vn -0.864 -0.384 0.327
vn -0.772 0.493 0.402
vn -0.864 0.283 0.416
vn -0.894 0.134 0.428
vn -0.908 0.045 0.417
vn -0.910 0.035 0.413
vn -0.908 -0.059 0.415
vn -0.886 -0.188 0.423
vn -0.907 -0.065 0.417
vn -0.836 -0.346 0.426
vn -0.755 -0.510 0.411
vn -0.732 0.522 0.437
vn -0.785 0.381 0.489
vn -0.836 0.282 0.470
vn -0.887 0.132 0.442
vn -0.878 -0.183 0.442
vn -0.819 -0.322 0.475
vn -0.743 -0.478 0.469
vn -0.797 -0.357 0.487
vn -0.718 0.523 0.459
vn -0.435 0.858 0.272
vn -0.734 -0.461 0.499
vn -0.640 -0.592 0.490
vn -0.690 -0.505 0.518
vn -0.085 0.996 -0.005
vn -0.629 -0.572 0.527
vn -0.516 -0.711 0.478
vn -0.584 -0.609 0.537
vn -0.015 0.999 -0.050
vn -0.498 -0.690 0.525
vn -0.473 -0.716 0.514
vn -0.013 0.999 -0.045
vn -0.338 -0.861 0.380
vn -0.388 -0.822 0.417
vn -0.014 0.999 -0.043
vn -0.362 -0.858 0.365
vn -0.335 -0.892 0.303
vn -0.014 0.999 -0.044
vn -0.287 -0.931 0.225
vn -0.016 0.999 -0.047
vn -0.231 -0.954 0.190
vn -0.019 0.999 -0.049
vn -0.096 -0.987 0.129
vn -0.164 -0.969 0.185
vn -0.019 0.999 -0.044
vn -0.124 -0.975 0.184
vn -0.093 -0.979 0.181
vn -0.019 0.999 -0.039
vn -0.025 -0.990 0.138
vn -0.020 0.999 -0.036
vn 0.049 -0.998 0.043
vn -0.020 0.999 -0.035
vn 0.134 -0.991 -0.023
vn -0.020 0.999 -0.035
vn 0.384 -0.923 -0.024
vn 0.237 -0.971 0.030
vn -0.019 0.999 -0.033
vn 0.312 -0.948 0.060
vn -0.017 0.999 -0.030
vn 0.346 -0.937 0.048
vn -0.017 0.999 -0.028
vn -0.021 0.999 -0.028
vn -0.014 1.000 -0.025
vn 0.372 -0.928 0.003
vn -0.004 1.000 -0.029
vn 0.387 -0.918 -0.080
vn 0.246 0.944 -0.221
vn 0.388 -0.902 -0.187
vn 0.540 0.684 -0.491
vn 0.530 0.697 -0.483
vn 0.374 -0.868 -0.328
vn 0.361 -0.879 -0.313
vn 0.536 0.693 -0.483
vn 0.539 0.683 -0.492
vn 0.526 0.697 -0.487
vn 0.377 -0.817 -0.436
vn 0.350 -0.863 -0.364
vn 0.463 0.684 -0.563
vn 0.464 0.670 -0.580
vn 0.385 -0.747 -0.542
vn 0.364 -0.768 -0.528
vn 0.419 0.633 -0.650
vn 0.419 0.633 -0.651
vn 0.445 -0.626 -0.641
vn 0.392 -0.675 -0.625
vn 0.363 -0.746 -0.558
vn 0.455 0.521 -0.723
vn 0.521 0.337 -0.784
vn 0.456 0.471 -0.755
vn 0.565 -0.206 -0.799
vn 0.452 -0.451 -0.770
vn 0.434 -0.491 -0.755
vn 0.414 -0.625 -0.662
vn 0.518 0.321 -0.793
vn 0.550 0.068 -0.832
vn 0.532 -0.208 -0.821
vn 0.455 -0.445 -0.771
vn -0.096 0.991 -0.092
vn -0.242 -0.944 -0.223
vn -0.334 0.888 -0.317
vn -0.269 -0.909 -0.317
vn -0.241 -0.941 -0.236
vn -0.469 0.782 -0.411
vn -0.450 0.809 -0.379
vn -0.504 0.752 -0.425
vn -0.280 -0.877 -0.389
vn -0.526 0.760 -0.382
vn -0.482 0.735 -0.477
vn -0.261 -0.849 -0.459
vn -0.468 0.738 -0.487
vn -0.525 0.725 -0.447
vn -0.488 0.716 -0.500
vn -0.308 -0.793 -0.525
vn -0.262 -0.844 -0.468
vn -0.486 0.658 -0.575
vn -0.492 0.650 -0.580
vn -0.492 0.641 -0.589
vn -0.284 -0.748 -0.599
vn -0.338 -0.715 -0.612
vn -0.325 -0.742 -0.587
vn -0.525 0.524 -0.671
vn -0.528 0.515 -0.675
vn -0.528 0.487 -0.696
vn -0.365 -0.595 -0.716
vn -0.410 -0.537 -0.737
vn -0.398 -0.590 -0.703
vn -0.579 0.322 -0.749
vn -0.650 0.245 -0.720
vn -0.579 0.105 -0.809
vn -0.577 0.085 -0.813
vn -0.545 -0.151 -0.825
vn -0.528 -0.169 -0.832
vn -0.486 -0.388 -0.783
vn -0.909 0.035 0.415
vn -0.907 -0.059 0.416
vn -0.808 0.276 0.520
vn -0.833 0.114 0.542
vn -0.845 0.022 0.534
vn -0.847 -0.055 0.529
vn -0.841 -0.171 0.514
vn -0.811 -0.315 0.493
vn -0.650 0.571 0.501
vn -0.737 0.291 0.610
vn -0.741 0.279 0.610
vn -0.780 0.108 0.616
vn -0.794 0.013 0.607
vn -0.798 -0.065 0.599
vn -0.787 -0.180 0.591
vn -0.765 -0.305 0.567
vn -0.772 -0.232 0.592
vn -0.721 -0.446 0.531
vn -0.630 0.578 0.520
vn -0.479 0.788 0.387
vn -0.752 -0.307 0.584
vn -0.684 -0.422 0.595
vn -0.617 -0.552 0.561
vn -0.668 -0.438 0.601
vn -0.103 0.994 0.027
vn -0.600 -0.527 0.602
vn -0.499 -0.682 0.534
vn -0.567 -0.576 0.590
vn -0.011 0.999 -0.043
vn -0.524 -0.678 0.516
vn -0.509 -0.719 0.473
vn -0.012 0.999 -0.044
vn -0.400 -0.858 0.322
vn -0.464 -0.814 0.349
vn -0.014 0.999 -0.045
vn -0.429 -0.854 0.294
vn -0.411 -0.869 0.275
vn -0.016 0.999 -0.049
vn -0.334 -0.907 0.257
vn -0.015 0.999 -0.048
vn -0.252 -0.934 0.254
vn -0.014 0.999 -0.044
vn -0.150 -0.965 0.214
vn -0.186 -0.954 0.237
vn -0.013 0.999 -0.039
vn -0.176 -0.958 0.225
vn -0.148 -0.971 0.187
vn -0.012 0.999 -0.036
vn -0.105 -0.988 0.113
vn -0.013 0.999 -0.036
vn -0.024 -0.996 0.087
vn -0.014 0.999 -0.035
vn 0.098 -0.989 0.113
vn -0.015 0.999 -0.034
vn 0.191 -0.978 0.088
vn -0.014 1.000 -0.028
vn -0.015 0.999 -0.028
vn -0.014 1.000 -0.027
vn 0.241 -0.968 0.064
vn -0.009 1.000 -0.021
vn 0.277 -0.961 0.024
vn -0.005 1.000 -0.023
vn 0.304 -0.951 -0.062
vn 0.003 0.999 -0.036
vn 0.319 -0.932 -0.169
vn 0.173 0.972 -0.157
vn 0.314 -0.907 -0.281
vn 0.489 0.723 -0.487
vn 0.470 0.746 -0.472
vn 0.287 -0.852 -0.438
vn 0.284 -0.856 -0.432
vn 0.502 0.715 -0.486
vn 0.435 0.683 -0.587
vn 0.486 0.681 -0.547
vn 0.312 -0.805 -0.504
vn 0.282 -0.853 -0.440
vn 0.444 0.675 -0.590
vn 0.417 0.634 -0.652
vn 0.436 0.645 -0.628
vn 0.313 -0.725 -0.614
vn 0.306 -0.744 -0.594
vn 0.427 0.607 -0.670
vn 0.420 0.522 -0.743
vn 0.423 0.540 -0.727
vn 0.348 -0.603 -0.718
vn 0.345 -0.626 -0.700
vn 0.446 0.488 -0.750
vn 0.481 0.305 -0.822
vn 0.476 0.059 -0.878
vn 0.476 0.094 -0.875
vn 0.470 -0.047 -0.881
vn 0.458 -0.220 -0.861
vn 0.431 -0.435 -0.791
vn 0.483 0.057 -0.874
vn 0.991 -0.024 0.129
vn 0.989 -0.024 0.145
vn 0.985 0.101 0.137
vn 0.989 -0.067 0.131
vn 0.993 0.093 0.078
vn 0.985 0.110 0.136
vn 0.980 0.178 0.091
vn 0.997 -0.023 0.078
vn 0.986 -0.125 0.112
vn 0.989 -0.117 0.090
vn 0.985 -0.140 0.098
vn 0.979 0.202 0.036
vn 0.978 0.205 0.047
vn 0.978 0.206 0.037
vn 0.995 0.089 0.035
vn 0.999 -0.012 0.049
vn 0.993 -0.097 0.070
vn 0.983 -0.160 0.087
vn 0.979 0.202 -0.013
vn 0.978 0.209 -0.013
vn 0.994 0.106 0.002
vn 1.000 0.012 0.027
vn 0.996 -0.078 0.050
vn 0.983 -0.162 0.085
vn 0.986 -0.157 0.061
vn 0.982 -0.182 0.058
vn 0.978 0.208 -0.036
vn 0.977 0.205 -0.052
vn 0.991 0.129 -0.039
vn 0.999 0.036 -0.018
vn 0.998 -0.064 -0.002
vn 0.988 -0.157 0.006
vn 0.979 -0.202 0.004
vn 0.987 0.140 -0.077
vn 0.981 0.180 -0.075
vn 0.996 0.048 -0.077
vn 0.996 -0.054 -0.073
vn 0.986 -0.152 -0.063
vn 0.980 -0.189 -0.057
vn 0.988 0.126 -0.090
vn 0.988 0.129 -0.089
vn 0.993 0.039 -0.108
vn 0.992 -0.050 -0.117
vn 0.986 -0.129 -0.109
vn 0.985 -0.137 -0.105
vn 0.988 0.124 -0.089
vn 0.994 0.025 -0.103
vn 0.992 -0.052 -0.114
vn -0.488 0.777 -0.398
vn -0.247 -0.942 -0.226
vn -0.336 -0.914 -0.227
vn -0.521 0.734 -0.436
vn -0.468 0.776 -0.423
vn -0.536 0.729 -0.426
vn -0.346 -0.883 -0.318
vn -0.489 0.750 -0.445
vn -0.322 -0.859 -0.399
vn -0.449 0.750 -0.486
vn -0.434 0.745 -0.507
vn -0.458 0.731 -0.506
vn -0.263 -0.844 -0.467
vn -0.320 -0.821 -0.473
vn -0.302 -0.845 -0.442
vn -0.430 0.712 -0.555
vn -0.336 -0.762 -0.553
vn -0.429 0.703 -0.567
vn -0.453 0.612 -0.648
vn -0.381 -0.651 -0.657
vn -0.341 -0.745 -0.574
vn -0.462 0.581 -0.670
vn -0.486 0.391 -0.782
vn -0.478 0.387 -0.788
vn -0.486 0.321 -0.813
vn -0.439 -0.393 -0.808
vn -0.450 -0.351 -0.821
vn -0.446 -0.393 -0.804
vn -0.406 -0.599 -0.691
vn -0.517 0.149 -0.843
vn -0.507 -0.131 -0.852
vn -0.739 0.279 0.613
vn -0.751 0.108 0.652
vn -0.755 0.008 0.655
vn -0.763 -0.073 0.642
vn -0.772 -0.183 0.608
vn -0.615 0.593 0.520
vn -0.711 0.305 0.634
vn -0.715 0.269 0.645
vn -0.725 0.121 0.678
vn -0.723 0.003 0.690
vn -0.723 -0.091 0.685
vn -0.708 -0.206 0.675
vn -0.699 -0.309 0.645
vn -0.706 -0.215 0.675
vn -0.676 -0.418 0.607
vn -0.624 0.595 0.507
vn -0.558 0.706 0.436
vn -0.713 0.307 0.630
vn -0.686 -0.306 0.660
vn -0.648 -0.399 0.648
vn -0.601 -0.519 0.608
vn -0.643 -0.415 0.644
vn -0.207 0.977 0.055
vn -0.625 -0.524 0.579
vn -0.546 -0.682 0.486
vn -0.619 -0.581 0.529
vn -0.038 0.998 -0.044
vn -0.588 -0.696 0.411
vn -0.584 -0.707 0.398
vn -0.021 0.999 -0.046
vn -0.436 -0.853 0.287
vn -0.522 -0.781 0.344
vn -0.020 0.999 -0.047
vn -0.426 -0.844 0.325
vn -0.435 -0.836 0.333
vn -0.017 0.999 -0.045
vn -0.425 -0.842 0.332
vn -0.344 -0.881 0.325
vn -0.013 0.999 -0.041
vn -0.276 -0.919 0.282
vn -0.011 0.999 -0.037
vn -0.217 -0.953 0.212
vn -0.234 -0.947 0.219
vn -0.010 0.999 -0.035
vn -0.225 -0.952 0.208
vn -0.193 -0.967 0.166
vn -0.010 0.999 -0.036
vn -0.103 -0.977 0.188
vn -0.011 0.999 -0.037
vn -0.001 -0.977 0.212
vn -0.012 0.999 -0.034
vn 0.080 -0.987 0.139
vn -0.012 0.999 -0.031
vn -0.011 1.000 -0.024
vn 0.128 -0.987 0.099
vn -0.009 1.000 -0.018
vn 0.161 -0.985 0.057
vn -0.008 1.000 -0.022
vn 0.190 -0.981 -0.035
vn -0.008 0.999 -0.035
vn 0.217 -0.965 -0.150
vn -0.007 0.998 -0.060
vn 0.233 -0.940 -0.250
vn 0.103 0.986 -0.134
vn 0.231 -0.892 -0.388
vn 0.530 0.703 -0.475
vn 0.449 0.786 -0.425
vn 0.242 -0.842 -0.482
vn 0.226 -0.863 -0.452
vn 0.593 0.645 -0.483
vn 0.477 0.657 -0.584
vn 0.516 0.638 -0.572
vn 0.273 -0.744 -0.609
vn 0.266 -0.769 -0.581
vn 0.515 0.637 -0.573
vn 0.461 0.562 -0.687
vn 0.473 0.559 -0.681
vn 0.323 -0.627 -0.709
vn 0.314 -0.663 -0.680
vn 0.275 -0.749 -0.604
vn 0.473 0.557 -0.682
vn 0.540 0.399 -0.741
vn 0.469 0.297 -0.832
vn 0.539 0.344 -0.769
vn 0.448 -0.221 -0.866
vn 0.414 -0.421 -0.807
vn 0.414 -0.423 -0.806
vn 0.359 -0.614 -0.703
vn 0.700 0.219 -0.680
vn 0.688 -0.012 -0.726
vn 0.616 -0.217 -0.758
vn 0.924 0.114 0.366
vn 0.922 0.100 0.375
vn 0.909 0.246 0.337
vn 0.924 -0.026 0.382
vn 0.916 -0.036 0.399
vn 0.911 -0.137 0.388
vn 0.904 -0.141 0.404
vn 0.899 -0.193 0.393
vn 0.916 0.280 0.288
vn 0.907 0.259 0.332
vn 0.892 0.364 0.269
vn 0.944 0.130 0.303
vn 0.951 -0.020 0.309
vn 0.941 -0.139 0.308
vn 0.898 -0.222 0.380
vn 0.925 -0.222 0.307
vn 0.906 -0.284 0.314
vn 0.902 -0.285 0.325
vn 0.903 -0.292 0.317
vn 0.894 0.385 0.230
vn 0.888 0.381 0.258
vn 0.894 0.383 0.232
vn 0.933 0.280 0.226
vn 0.968 0.128 0.217
vn 0.977 -0.020 0.212
vn 0.967 -0.139 0.214
vn 0.950 -0.220 0.221
vn 0.933 -0.274 0.234
vn 0.908 -0.333 0.256
vn 0.909 -0.332 0.253
vn 0.908 -0.335 0.253
vn 0.909 0.372 0.188
vn 0.899 0.388 0.205
vn 0.953 0.257 0.162
vn 0.984 0.111 0.137
vn 0.982 -0.132 0.135
vn 0.967 -0.206 0.153
vn 0.951 -0.255 0.175
vn 0.930 -0.312 0.195
vn 0.904 -0.376 0.203
vn 0.908 0.387 0.160
vn 0.899 0.388 0.203
vn 0.903 0.400 0.154
vn 0.930 0.345 0.131
vn 0.970 0.224 0.098
vn 0.977 -0.183 0.112
vn 0.963 -0.233 0.134
vn 0.943 -0.298 0.148
vn 0.898 -0.406 0.169
vn 0.902 -0.403 0.151
vn 0.895 -0.420 0.151
vn 0.922 0.378 0.089
vn 0.904 0.420 0.081
vn 0.947 0.315 0.059
vn 0.983 -0.162 0.087
vn 0.971 -0.219 0.095
vn 0.952 -0.291 0.095
vn 0.912 -0.400 0.091
vn 0.888 -0.451 0.089
vn 0.931 0.365 0.019
vn 0.900 0.435 0.012
vn 0.955 0.297 -0.005
vn 0.971 -0.231 0.056
vn 0.946 -0.322 0.045
vn 0.915 -0.403 0.032
vn 0.884 -0.466 0.031
vn 0.934 0.355 -0.031
vn 0.899 0.437 -0.035
vn 0.957 0.288 -0.047
vn 0.976 0.212 -0.053
vn 0.969 -0.247 0.002
vn 0.922 -0.387 -0.008
vn 0.844 -0.537 -0.016
vn 0.834 -0.552 -0.011
vn 0.935 0.350 -0.057
vn 0.903 0.425 -0.057
vn 0.957 0.282 -0.064
vn 0.974 0.216 -0.072
vn 0.966 -0.252 -0.054
vn 0.920 -0.388 -0.053
vn 0.856 -0.514 -0.045
vn 0.848 -0.530 -0.033
vn 0.933 0.352 -0.075
vn 0.910 0.408 -0.076
vn 0.957 0.280 -0.070
vn 0.976 0.206 -0.074
vn 0.985 -0.136 -0.108
vn 0.970 -0.227 -0.089
vn 0.946 -0.317 -0.069
vn 0.921 -0.386 -0.050
vn 0.905 -0.422 -0.042
vn 0.925 0.364 -0.111
vn 0.912 0.393 -0.115
vn 0.953 0.288 -0.090
vn 0.977 0.199 -0.081
vn 0.990 0.107 -0.087
vn 0.994 0.022 -0.103
vn 0.992 -0.053 -0.114
vn 0.986 -0.123 -0.112
vn 0.975 -0.199 -0.099
vn 0.955 -0.285 -0.088
vn 0.926 -0.370 -0.080
vn 0.918 -0.390 -0.077
vn 0.905 0.383 -0.183
vn 0.904 0.385 -0.184
vn 0.939 0.311 -0.144
vn 0.971 0.210 -0.112
vn 0.990 0.105 -0.094
vn 0.996 0.013 -0.088
vn 0.994 -0.059 -0.089
vn 0.988 -0.122 -0.094
vn 0.975 -0.197 -0.103
vn 0.951 -0.286 -0.120
vn 0.921 -0.364 -0.137
vn 0.921 -0.365 -0.137
vn 0.904 0.385 -0.188
vn 0.890 0.374 -0.262
vn 0.906 0.350 -0.239
vn 0.951 0.250 -0.183
vn 0.982 0.135 -0.134
vn 0.995 0.029 -0.099
vn 0.995 -0.058 -0.083
vn 0.986 -0.138 -0.092
vn 0.966 -0.227 -0.125
vn 0.932 -0.317 -0.174
vn 0.915 -0.351 -0.197
vn 0.921 -0.365 -0.140
vn 0.882 0.375 -0.285
vn 0.884 0.360 -0.299
vn 0.915 0.307 -0.261
vn 0.961 0.191 -0.199
vn 0.987 0.068 -0.147
vn 0.991 -0.050 -0.121
vn 0.978 -0.163 -0.129
vn 0.946 -0.276 -0.171
vn 0.907 -0.358 -0.222
vn 0.907 -0.359 -0.219
vn 0.905 0.351 -0.242
vn 0.911 0.343 -0.228
vn 0.948 0.245 -0.206
vn 0.977 0.104 -0.185
vn 0.984 -0.041 -0.175
vn 0.966 -0.186 -0.181
vn 0.925 -0.322 -0.200
vn 0.913 -0.351 -0.207
vn 0.957 0.251 -0.142
vn 0.945 0.301 -0.132
vn 0.980 0.099 -0.175
vn 0.979 -0.050 -0.199
vn 0.958 -0.198 -0.207
vn 0.933 -0.300 -0.200
vn 0.921 -0.333 -0.202
vn 0.319 0.073 -0.945
vn 0.319 0.074 -0.945
vn 0.322 0.021 -0.946
vn 0.315 -0.024 -0.949
vn 0.300 -0.062 -0.952
vn 0.316 -0.068 -0.946
vn 0.318 0.073 -0.945
vn 0.297 0.019 -0.955
vn 0.293 -0.024 -0.956
vn -0.559 0.716 -0.418
vn -0.667 0.661 -0.343
vn -0.476 -0.856 -0.204
vn -0.590 0.720 -0.366
vn -0.443 -0.844 -0.304
vn -0.534 0.744 -0.401
vn -0.476 0.758 -0.446
vn -0.540 0.729 -0.420
vn -0.357 -0.844 -0.401
vn -0.404 -0.828 -0.388
vn -0.392 -0.839 -0.377
vn -0.511 0.709 -0.486
vn -0.432 -0.770 -0.469
vn -0.485 0.707 -0.515
vn -0.419 0.712 -0.564
vn -0.500 0.662 -0.558
vn -0.350 -0.747 -0.565
vn -0.428 -0.708 -0.563
vn -0.412 -0.737 -0.536
vn -0.502 0.598 -0.625
vn -0.441 0.601 -0.667
vn -0.507 0.523 -0.685
vn -0.407 -0.606 -0.684
vn -0.464 -0.551 -0.694
vn -0.459 -0.597 -0.658
vn -0.539 0.416 -0.732
vn -0.568 0.167 -0.806
vn -0.495 0.162 -0.854
vn -0.563 -0.123 -0.817
vn -0.490 -0.128 -0.862
vn -0.528 -0.397 -0.750
vn -0.726 0.130 0.675
vn -0.723 0.007 0.691
vn -0.718 -0.093 0.690
vn -0.707 -0.207 0.676
vn -0.629 0.606 0.486
vn -0.764 0.337 0.550
vn -0.797 0.206 0.568
vn -0.796 0.156 0.585
vn -0.791 0.024 0.611
vn -0.774 -0.077 0.629
vn -0.745 -0.188 0.640
vn -0.750 -0.177 0.638
vn -0.694 -0.299 0.655
vn -0.649 -0.400 0.647
vn -0.635 0.661 0.400
vn -0.741 0.485 0.464
vn -0.789 0.337 0.513
vn -0.747 -0.187 0.638
vn -0.727 -0.282 0.626
vn -0.715 -0.400 0.573
vn -0.647 -0.535 0.544
vn -0.716 -0.404 0.570
vn -0.660 0.633 0.404
vn -0.434 0.885 0.171
vn -0.692 -0.548 0.470
vn -0.592 -0.698 0.403
vn -0.690 -0.557 0.462
vn -0.157 0.987 -0.023
vn -0.590 -0.703 0.397
vn -0.622 -0.660 0.421
vn -0.025 0.999 -0.043
vn -0.581 -0.700 0.416
vn -0.522 -0.741 0.422
vn -0.020 0.999 -0.039
vn -0.403 -0.830 0.385
vn -0.422 -0.812 0.404
vn -0.016 0.999 -0.037
vn -0.403 -0.828 0.391
vn -0.347 -0.874 0.341
vn -0.013 0.999 -0.035
vn -0.288 -0.919 0.270
vn -0.012 0.999 -0.034
vn -0.215 -0.955 0.203
vn -0.223 -0.944 0.243
vn -0.011 0.999 -0.035
vn -0.183 -0.954 0.239
vn -0.124 -0.958 0.258
vn -0.010 0.999 -0.036
vn -0.082 -0.956 0.280
vn -0.009 0.999 -0.035
vn -0.040 -0.982 0.186
vn -0.010 0.999 -0.034
vn -0.012 1.000 -0.023
vn 0.004 -0.992 0.129
vn -0.017 1.000 -0.019
vn 0.032 -0.996 0.086
vn -0.024 0.999 -0.023
vn 0.062 -0.998 -0.006
vn -0.028 0.999 -0.038
vn 0.095 -0.989 -0.117
vn -0.030 0.998 -0.063
vn 0.122 -0.970 -0.212
vn -0.021 0.997 -0.076
vn 0.135 -0.934 -0.330
vn 0.061 0.993 -0.097
vn 0.180 -0.881 -0.438
vn 0.180 -0.881 -0.438
vn 0.674 0.573 -0.466
vn 0.383 0.879 -0.284
vn 0.247 -0.824 -0.510
vn 0.741 0.529 -0.413
vn 0.804 0.408 -0.433
vn 0.744 0.525 -0.413
vn 0.361 -0.710 -0.604
vn 0.324 -0.753 -0.572
vn 0.869 0.375 -0.322
vn 0.861 0.392 -0.324
vn 0.872 0.306 -0.383
vn 0.596 0.358 -0.719
vn 0.414 -0.423 -0.806
vn 0.604 -0.523 -0.601
vn 0.592 -0.543 -0.595
vn 0.868 0.384 -0.315
vn 0.894 0.381 -0.235
vn 0.913 0.346 -0.215
vn 0.936 0.267 -0.229
vn 0.868 0.126 -0.481
vn 0.775 -0.043 -0.631
vn 0.774 -0.200 -0.602
vn 0.857 -0.365 -0.363
vn 0.874 -0.433 -0.221
vn 0.898 0.380 -0.220
vn 0.902 0.371 -0.221
vn 0.942 0.261 -0.209
vn 0.968 0.104 -0.230
vn 0.968 -0.061 -0.244
vn 0.957 -0.196 -0.216
vn 0.941 -0.309 -0.140
vn 0.934 -0.338 -0.118
vn 0.922 0.281 -0.266
vn 0.914 0.304 -0.270
vn 0.967 0.108 -0.231
vn 0.980 -0.044 -0.195
vn 0.977 -0.152 -0.151
vn 0.965 -0.237 -0.110
vn 0.957 -0.266 -0.112
vn 0.918 0.290 -0.270
vn 0.955 0.186 -0.230
vn 0.958 0.176 -0.225
vn 0.989 0.015 -0.146
vn 0.990 -0.110 -0.091
vn 0.986 -0.145 -0.085
vn 0.959 0.182 -0.219
vn 0.994 0.075 -0.081
vn 0.996 -0.084 -0.036
vn 0.996 -0.040 0.080
vn 0.998 -0.057 0.034
vn 0.998 0.015 0.066
vn 0.995 -0.059 0.083
vn 0.972 0.189 0.137
vn 0.983 0.166 0.077
vn 0.967 0.218 0.131
vn 0.984 0.002 0.178
vn 0.967 -0.172 0.186
vn 0.962 -0.157 0.223
vn 0.954 -0.186 0.234
vn 0.944 0.212 0.253
vn 0.916 0.326 0.234
vn 0.955 0.047 0.292
vn 0.937 -0.097 0.336
vn 0.913 -0.241 0.329
vn 0.901 -0.209 0.380
vn 0.876 -0.262 0.404
vn 0.881 0.357 0.309
vn 0.899 0.358 0.251
vn 0.874 0.373 0.311
vn 0.913 0.233 0.336
vn 0.923 0.085 0.374
vn 0.913 -0.048 0.404
vn 0.890 -0.157 0.428
vn 0.855 -0.287 0.431
vn 0.857 -0.249 0.451
vn 0.808 -0.340 0.480
vn 0.807 -0.346 0.480
vn 0.799 -0.355 0.485
vn 0.872 0.385 0.302
vn 0.869 0.386 0.309
vn 0.867 0.394 0.305
vn 0.880 0.366 0.304
vn 0.907 0.258 0.334
vn 0.891 -0.223 0.395
vn 0.859 -0.305 0.412
vn 0.777 -0.414 0.475
vn 0.800 -0.400 0.447
vn 0.767 -0.444 0.464
vn 0.871 0.410 0.270
vn 0.868 0.412 0.276
vn 0.862 0.429 0.270
vn 0.884 0.385 0.264
vn 0.886 0.379 0.266
vn 0.868 -0.362 0.341
vn 0.757 -0.502 0.418
vn 0.786 -0.486 0.381
vn 0.753 -0.527 0.393
vn 0.884 0.403 0.235
vn 0.831 0.505 0.232
vn 0.892 0.387 0.233
vn 0.849 -0.446 0.283
vn 0.745 -0.590 0.311
vn 0.818 0.544 0.187
vn 0.813 0.547 0.200
vn 0.805 0.564 0.186
vn 0.893 0.404 0.200
vn 0.899 0.388 0.205
vn 0.885 -0.416 0.210
vn 0.743 -0.601 0.294
vn 0.788 -0.572 0.230
vn 0.746 -0.621 0.241
vn 0.831 0.541 0.130
vn 0.788 0.602 0.128
vn 0.898 0.414 0.149
vn 0.821 -0.548 0.159
vn 0.755 -0.632 0.174
vn 0.837 0.543 0.059
vn 0.782 0.620 0.061
vn 0.900 0.428 0.080
vn 0.839 -0.536 0.092
vn 0.766 -0.634 0.103
vn 0.837 0.547 -0.003
vn 0.786 0.618 0.002
vn 0.899 0.439 0.012
vn 0.839 -0.543 0.035
vn 0.773 -0.633 0.044
vn 0.835 0.549 -0.039
vn 0.794 0.607 -0.033
vn 0.895 0.446 -0.035
vn 0.862 -0.507 -0.003
vn 0.776 -0.630 0.033
vn 0.782 -0.623 0.018
vn 0.780 -0.625 0.018
vn 0.836 0.547 -0.050
vn 0.804 0.594 -0.043
vn 0.892 0.448 -0.057
vn 0.868 -0.497 -0.016
vn 0.796 -0.604 0.027
vn 0.794 -0.607 0.029
vn 0.840 0.540 -0.062
vn 0.813 0.580 -0.056
vn 0.893 0.445 -0.076
vn 0.870 -0.493 -0.021
vn 0.822 -0.569 0.032
vn 0.815 -0.578 0.038
vn 0.841 0.531 -0.106
vn 0.822 0.560 -0.104
vn 0.889 0.441 -0.118
vn 0.892 -0.449 -0.056
vn 0.848 -0.529 -0.013
vn 0.839 -0.544 -0.005
vn 0.832 0.523 -0.187
vn 0.831 0.524 -0.187
vn 0.877 0.441 -0.192
vn 0.894 -0.429 -0.128
vn 0.859 -0.500 -0.111
vn 0.854 -0.508 -0.110
vn 0.831 0.523 -0.190
vn 0.836 0.473 -0.277
vn 0.856 0.437 -0.278
vn 0.872 0.405 -0.276
vn 0.901 -0.380 -0.208
vn 0.878 -0.426 -0.218
vn 0.855 -0.468 -0.224
vn 0.856 -0.498 -0.142
vn 0.851 0.428 -0.306
vn 0.850 0.419 -0.319
vn 0.851 0.412 -0.325
vn 0.868 0.390 -0.309
vn 0.903 -0.365 -0.226
vn 0.878 -0.403 -0.257
vn 0.859 -0.431 -0.277
vn 0.856 -0.436 -0.279
vn 0.870 0.416 -0.266
vn 0.871 0.416 -0.262
vn 0.872 0.421 -0.250
vn 0.904 0.359 -0.231
vn 0.887 -0.402 -0.229
vn 0.867 -0.426 -0.258
vn 0.861 -0.432 -0.267
vn 0.857 -0.434 -0.278
vn 0.885 0.444 -0.140
vn 0.884 0.443 -0.147
vn 0.917 0.377 -0.131
vn 0.918 -0.340 -0.203
vn 0.878 -0.427 -0.218
vn 0.859 -0.454 -0.237
vn 0.860 -0.449 -0.244
vn 0.306 0.159 -0.939
vn 0.305 0.162 -0.938
vn 0.312 0.124 -0.942
vn 0.299 -0.065 -0.952
vn 0.280 -0.104 -0.955
vn 0.262 -0.135 -0.956
vn 0.258 -0.142 -0.956
vn 0.282 0.147 -0.948
vn 0.230 0.094 -0.969
vn 0.201 0.048 -0.979
vn 0.188 0.011 -0.982
vn 0.186 -0.022 -0.982
vn 0.193 -0.053 -0.980
vn 0.208 -0.087 -0.974
vn 0.238 -0.125 -0.963
vn -0.739 0.635 -0.227
vn -0.880 0.456 -0.129
vn -0.637 -0.755 -0.153
vn -0.719 -0.682 -0.134
vn -0.598 0.725 -0.340
vn -0.848 0.504 -0.164
vn -0.505 -0.814 -0.287
vn -0.808 -0.571 -0.146
vn -0.756 0.587 -0.289
vn -0.739 -0.630 -0.238
vn -0.749 0.591 -0.299
vn -0.536 0.699 -0.472
vn -0.810 0.492 -0.319
vn -0.550 -0.703 -0.450
vn -0.770 -0.541 -0.339
vn -0.689 -0.642 -0.335
vn -0.786 0.480 -0.390
vn -0.616 0.581 -0.532
vn -0.792 0.418 -0.445
vn -0.670 -0.538 -0.512
vn -0.710 -0.502 -0.494
vn -0.712 -0.513 -0.480
vn -0.826 0.303 -0.475
vn -0.583 0.428 -0.691
vn -0.825 0.139 -0.548
vn -0.744 0.173 -0.645
vn -0.797 -0.091 -0.597
vn -0.759 -0.101 -0.643
vn -0.832 -0.260 -0.490
vn -0.604 -0.396 -0.691
vn -0.805 0.159 0.572
vn -0.812 0.031 0.583
vn -0.791 -0.070 0.607
vn -0.825 0.339 0.452
vn -0.874 0.160 0.459
vn -0.888 0.052 0.456
vn -0.875 -0.018 0.484
vn -0.841 -0.131 0.525
vn -0.785 -0.264 0.560
vn -0.717 -0.401 0.570
vn -0.637 0.702 0.319
vn -0.833 0.333 0.443
vn -0.861 0.237 0.449
vn -0.877 0.151 0.455
vn -0.887 0.058 0.459
vn -0.877 0.001 0.481
vn -0.856 -0.103 0.507
vn -0.830 -0.230 0.509
vn -0.773 -0.392 0.499
vn -0.825 -0.256 0.504
vn -0.695 -0.549 0.465
vn -0.573 0.748 0.335
vn -0.695 0.560 0.450
vn -0.829 0.328 0.453
vn -0.772 -0.383 0.507
vn -0.687 -0.544 0.482
vn -0.727 -0.459 0.510
vn -0.570 0.737 0.363
vn -0.242 0.964 0.112
vn -0.671 -0.537 0.511
vn -0.552 -0.692 0.465
vn -0.601 -0.604 0.523
vn -0.021 0.999 -0.034
vn -0.527 -0.683 0.506
vn -0.486 -0.721 0.495
vn -0.017 0.999 -0.033
vn -0.385 -0.831 0.401
vn -0.398 -0.816 0.419
vn -0.014 0.999 -0.032
vn -0.381 -0.833 0.401
vn -0.327 -0.881 0.341
vn -0.014 0.999 -0.032
vn -0.241 -0.914 0.326
vn -0.011 0.999 -0.033
vn -0.149 -0.949 0.278
vn -0.167 -0.943 0.289
vn -0.010 0.999 -0.034
vn -0.164 -0.944 0.285
vn -0.173 -0.943 0.284
vn -0.008 0.999 -0.036
vn -0.008 0.999 -0.036
vn -0.008 0.999 -0.036
vn -0.189 -0.957 0.220
vn -0.015 0.999 -0.032
vn -0.141 -0.977 0.161
vn -0.033 0.999 -0.030
vn -0.087 -0.990 0.114
vn -0.050 0.998 -0.034
vn -0.021 -0.999 0.042
vn -0.061 0.997 -0.041
vn 0.060 -0.996 -0.063
vn -0.053 0.997 -0.054
vn 0.117 -0.980 -0.163
vn -0.029 0.998 -0.060
vn 0.162 -0.952 -0.258
vn -0.013 0.999 -0.048
vn 0.181 -0.881 -0.437
vn 0.291 -0.899 -0.328
vn 0.035 0.998 -0.049
vn 0.479 -0.824 -0.301
vn 0.434 -0.851 -0.298
vn 0.741 0.530 -0.412
vn 0.171 0.979 -0.108
vn 0.531 -0.715 -0.455
vn 0.653 -0.711 -0.262
vn 0.666 0.657 -0.353
vn 0.400 0.883 -0.244
vn 0.631 -0.529 -0.567
vn 0.779 -0.610 -0.146
vn 0.760 -0.636 -0.132
vn 0.686 0.652 -0.324
vn 0.655 0.685 -0.318
vn 0.847 0.448 -0.285
vn 0.867 -0.486 -0.108
vn 0.800 -0.598 -0.054
vn 0.785 -0.618 -0.052
vn 0.685 0.656 -0.317
vn 0.752 0.593 -0.288
vn 0.814 0.507 -0.284
vn 0.889 0.397 -0.228
vn 0.901 -0.429 -0.062
vn 0.811 -0.585 -0.012
vn 0.794 -0.608 -0.009
vn 0.833 0.511 -0.211
vn 0.831 0.515 -0.210
vn 0.867 0.424 -0.262
vn 0.962 -0.252 -0.103
vn 0.921 -0.386 -0.056
vn 0.828 -0.560 -0.009
vn 0.813 -0.582 -0.002
vn 0.835 0.511 -0.206
vn 0.862 0.474 -0.180
vn 0.891 0.394 -0.227
vn 0.911 0.315 -0.266
vn 0.972 -0.226 -0.065
vn 0.932 -0.361 -0.044
vn 0.856 -0.517 0.005
vn 0.844 -0.536 0.016
vn 0.910 0.373 -0.183
vn 0.901 0.397 -0.177
vn 0.924 0.333 -0.189
vn 0.958 0.250 -0.141
vn 0.994 0.087 -0.068
vn 0.997 -0.075 -0.017
vn 0.976 -0.218 0.002
vn 0.939 -0.344 0.013
vn 0.889 -0.455 0.050
vn 0.879 -0.473 0.064
vn 0.924 0.366 -0.113
vn 0.931 0.360 -0.067
vn 0.930 0.361 -0.067
vn 0.949 0.315 -0.024
vn 0.988 0.149 0.034
vn 0.973 -0.202 0.108
vn 0.938 -0.322 0.130
vn 0.901 -0.404 0.161
vn 0.885 -0.431 0.179
vn 0.924 0.376 0.066
vn 0.929 0.365 0.060
vn 0.932 0.348 0.096
vn 0.924 -0.274 0.265
vn 0.887 -0.352 0.301
vn 0.851 -0.420 0.315
vn 0.850 -0.416 0.324
vn 0.848 -0.420 0.324
vn 0.908 0.378 0.181
vn 0.922 0.370 0.112
vn 0.900 0.400 0.173
vn 0.902 0.382 0.201
vn 0.906 0.357 0.226
vn 0.860 -0.297 0.414
vn 0.824 -0.378 0.422
vn 0.784 -0.462 0.414
vn 0.874 0.398 0.279
vn 0.836 0.494 0.241
vn 0.872 0.384 0.302
vn 0.758 -0.440 0.481
vn 0.778 -0.467 0.419
vn 0.704 -0.535 0.467
vn 0.788 0.557 0.262
vn 0.798 0.550 0.247
vn 0.766 0.590 0.254
vn 0.861 0.411 0.299
vn 0.709 -0.526 0.469
vn 0.688 -0.553 0.469
vn 0.634 -0.615 0.469
vn 0.789 0.559 0.256
vn 0.711 0.662 0.239
vn 0.652 -0.640 0.407
vn 0.615 -0.653 0.441
vn 0.606 -0.679 0.415
vn 0.802 0.552 0.229
vn 0.672 0.710 0.213
vn 0.729 -0.608 0.314
vn 0.607 -0.713 0.351
vn 0.680 0.710 0.181
vn 0.665 0.718 0.205
vn 0.653 0.735 0.182
vn 0.663 -0.697 0.274
vn 0.611 -0.719 0.333
vn 0.623 -0.726 0.292
vn 0.705 0.698 0.131
vn 0.649 0.748 0.139
vn 0.722 -0.666 0.189
vn 0.649 -0.727 0.226
vn 0.726 0.684 0.067
vn 0.639 0.764 0.087
vn 0.757 -0.645 0.107
vn 0.674 -0.724 0.148
vn 0.738 0.675 0.009
vn 0.618 0.786 0.035
vn 0.773 -0.633 0.044
vn 0.686 -0.718 0.117
vn 0.707 -0.703 0.075
vn 0.699 -0.710 0.079
vn 0.743 0.668 -0.026
vn 0.611 0.792 -0.005
vn 0.078 -0.366 -0.927
vn 0.368 -0.521 -0.770
vn 0.338 -0.286 -0.896
vn 0.353 0.437 -0.827
vn 0.279 0.484 -0.830
vn 0.369 0.538 -0.758
vn 0.731 -0.681 0.045
vn 0.720 -0.692 0.051
vn 0.748 0.663 -0.038
vn 0.624 0.781 -0.027
vn 0.521 -0.423 0.741
vn 0.635 0.771 0.050
vn 0.746 -0.663 0.059
vn 0.733 -0.677 0.064
vn 0.751 0.659 -0.053
vn 0.643 0.764 -0.050
vn 0.760 -0.646 0.071
vn 0.734 -0.675 0.076
vn 0.752 0.651 -0.099
vn 0.677 0.729 -0.099
vn 0.777 -0.629 0.025
vn 0.732 -0.680 0.032
vn 0.748 0.641 -0.173
vn 0.713 0.680 -0.170
vn 0.786 -0.612 -0.085
vn 0.739 -0.669 -0.074
vn 0.738 0.632 -0.238
vn 0.816 0.516 -0.261
vn 0.738 0.630 -0.241
vn 0.842 -0.492 -0.220
vn 0.776 -0.597 -0.202
vn 0.758 -0.622 -0.196
vn 0.811 0.510 -0.286
vn 0.776 0.566 -0.278
vn 0.851 0.423 -0.312
vn 0.820 -0.499 -0.279
vn 0.780 -0.563 -0.271
vn 0.771 -0.590 -0.239
vn 0.814 0.517 -0.267
vn 0.812 0.519 -0.267
vn 0.865 0.426 -0.264
vn 0.871 0.416 -0.262
vn 0.846 -0.454 -0.280
vn 0.811 -0.508 -0.289
vn 0.802 -0.522 -0.290
vn 0.813 0.518 -0.265
vn 0.833 0.506 -0.224
vn 0.865 0.459 -0.205
vn 0.881 0.444 -0.162
vn 0.856 -0.457 -0.243
vn 0.834 -0.475 -0.281
vn 0.815 -0.500 -0.292
vn 0.809 -0.512 -0.290
vn 0.298 0.181 -0.937
vn 0.296 0.185 -0.937
vn 0.307 0.167 -0.937
vn 0.257 -0.150 -0.955
vn 0.262 -0.158 -0.952
vn 0.262 -0.159 -0.952
vn 0.289 0.175 -0.941
vn 0.238 0.129 -0.963
vn 0.193 0.096 -0.977
vn 0.161 0.062 -0.985
vn 0.142 0.032 -0.989
vn 0.135 0.006 -0.991
vn 0.135 -0.019 -0.991
vn 0.141 -0.043 -0.989
vn 0.152 -0.068 -0.986
vn 0.172 -0.091 -0.981
vn 0.205 -0.116 -0.972
vn 0.257 -0.154 -0.954
vn -0.978 0.207 -0.002
vn -1.000 -0.000 -0.000
vn -1.000 -0.000 -0.000
vn -1.000 -0.000 -0.000
vn -1.000 -0.000 -0.000
vn -1.000 -0.000 -0.000
vn -1.000 -0.000 -0.000
vn -0.992 -0.125 -0.000
vn -0.923 0.377 -0.076
vn -1.000 0.002 -0.000
vn -1.000 -0.000 -0.000
vn -1.000 -0.000 -0.000
vn -1.000 -0.000 -0.000
vn -1.000 -0.000 -0.000
vn -1.000 -0.000 -0.000
vn -0.959 -0.283 -0.003
vn -0.765 0.579 -0.283
vn -0.997 0.082 -0.002
vn -1.000 -0.000 -0.000
vn -1.000 -0.000 -0.000
vn -1.000 -0.000 -0.000
vn -1.000 -0.000 -0.000
vn -1.000 -0.003 -0.000
vn -0.828 -0.534 -0.173
vn -0.918 0.338 -0.209
vn -1.000 0.002 -0.003
vn -1.000 -0.000 -0.000
vn -1.000 -0.000 -0.000
vn -1.000 -0.000 -0.000
vn -0.973 -0.203 -0.112
vn -0.925 0.210 -0.318
vn -0.991 0.003 -0.136
vn -0.993 -0.000 -0.114
vn -0.960 -0.111 -0.257
vn -0.872 0.150 0.465
vn -0.875 0.063 0.479
vn -0.865 0.016 0.502
vn -0.854 -0.090 0.513
vn -0.831 -0.228 0.508
vn -0.778 0.338 0.530
vn -0.778 0.172 0.604
vn -0.755 0.082 0.651
vn -0.746 0.021 0.666
vn -0.754 -0.094 0.650
vn -0.761 -0.228 0.607
vn -0.745 -0.380 0.547
vn -0.466 0.810 0.357
vn -0.656 0.446 0.609
vn -0.696 0.363 0.620
vn -0.737 0.190 0.649
vn -0.730 0.088 0.678
vn -0.737 0.020 0.676
vn -0.740 -0.097 0.666
vn -0.718 -0.238 0.654
vn -0.656 -0.386 0.649
vn -0.617 -0.533 0.579
vn -0.630 -0.422 0.652
vn -0.413 0.830 0.375
vn -0.214 0.957 0.194
vn -0.570 -0.533 0.625
vn -0.498 -0.682 0.536
vn -0.519 -0.606 0.603
vn -0.016 0.999 -0.029
vn -0.473 -0.688 0.551
vn -0.439 -0.742 0.507
vn -0.014 0.999 -0.030
vn -0.358 -0.843 0.402
vn -0.365 -0.833 0.416
vn -0.012 0.999 -0.031
vn -0.354 -0.842 0.406
vn -0.292 -0.884 0.365
vn -0.011 0.999 -0.031
vn -0.258 -0.910 0.323
vn -0.007 0.999 -0.032
vn -0.229 -0.930 0.287
vn -0.228 -0.934 0.277
vn -0.006 0.999 -0.034
vn -0.006 0.999 -0.035
vn -0.261 -0.938 0.229
vn -0.009 0.999 -0.042
vn -0.233 -0.951 0.204
vn -0.021 0.999 -0.048
vn -0.146 -0.972 0.187
vn -0.038 0.998 -0.047
vn -0.004 -0.990 0.142
vn -0.044 0.998 -0.042
vn 0.060 -0.992 0.107
vn 0.091 -0.996 -0.023
vn 0.119 -0.991 0.056
vn -0.037 0.999 -0.039
vn 0.245 -0.967 -0.075
vn 0.253 -0.966 -0.047
vn -0.019 0.999 -0.038
vn 0.356 -0.925 -0.131
vn 0.326 -0.940 -0.100
vn -0.011 0.999 -0.044
vn 0.441 -0.883 -0.161
vn -0.014 0.999 -0.052
vn 0.539 -0.806 -0.243
vn 0.536 -0.831 -0.150
vn -0.017 0.998 -0.054
vn 0.652 -0.742 -0.153
vn 0.597 -0.793 -0.124
vn 0.040 0.998 -0.049
vn 0.674 -0.731 -0.106
vn 0.633 -0.767 -0.100
vn 0.126 0.989 -0.074
vn 0.671 -0.739 -0.056
vn 0.647 -0.760 -0.059
vn 0.622 0.739 -0.259
vn 0.295 0.947 -0.130
vn 0.659 -0.752 0.005
vn 0.638 -0.770 0.008
vn 0.622 0.754 -0.211
vn 0.487 0.858 -0.162
vn 0.686 -0.725 0.059
vn 0.661 -0.747 0.076
vn 0.672 0.725 -0.148
vn 0.651 0.745 -0.143
vn 0.843 0.511 -0.169
vn 0.745 -0.658 0.113
vn 0.705 -0.691 0.162
vn 0.697 0.707 -0.119
vn 0.745 0.661 -0.086
vn 0.858 0.496 -0.135
vn 0.817 -0.556 0.150
vn 0.753 -0.613 0.238
vn 0.876 0.479 -0.047
vn 0.779 0.625 -0.039
vn 0.930 0.361 -0.066
vn 0.855 -0.471 0.217
vn 0.771 -0.572 0.281
vn 0.787 -0.547 0.286
vn 0.777 -0.558 0.293
vn 0.874 0.484 0.040
vn 0.781 0.624 0.015
vn 0.930 0.363 0.059
vn 0.799 -0.498 0.338
vn 0.753 -0.565 0.338
vn 0.853 0.505 0.131
vn 0.755 0.651 0.077
vn 0.781 -0.469 0.413
vn 0.729 -0.585 0.356
vn 0.724 -0.573 0.385
vn 0.705 -0.603 0.373
vn 0.708 0.692 0.139
vn 0.711 0.691 0.133
vn 0.707 0.693 0.138
vn 0.817 0.534 0.217
vn 0.694 -0.556 0.457
vn 0.644 -0.650 0.403
vn 0.681 0.706 0.194
vn 0.664 0.726 0.181
vn 0.610 -0.654 0.447
vn 0.635 -0.658 0.405
vn 0.591 -0.690 0.419
vn 0.665 0.715 0.215
vn 0.626 0.755 0.195
vn 0.566 -0.719 0.403
vn 0.566 -0.718 0.405
vn 0.563 -0.722 0.402
vn 0.663 0.718 0.210
vn 0.595 0.781 0.188
vn 0.596 -0.721 0.353
vn 0.561 -0.746 0.359
vn 0.571 0.803 0.170
vn 0.565 -0.763 0.314
vn 0.559 -0.763 0.324
vn 0.557 -0.769 0.315
vn 0.508 0.855 0.105
vn 0.544 0.825 0.150
vn 0.467 0.880 0.089
vn 0.614 -0.751 0.243
vn 0.552 -0.793 0.258
vn 0.459 0.888 0.029
vn 0.387 0.922 0.003
vn 0.668 -0.729 0.151
vn 0.559 -0.806 0.195
vn 0.426 0.904 -0.003
vn 0.357 0.934 -0.018
vn 0.588 -0.797 0.139
vn 0.417 0.909 -0.013
vn 0.355 0.935 -0.016
vn 0.594 -0.300 -0.747
vn 0.498 0.442 -0.745
vn 0.602 -0.789 0.124
vn 0.635 -0.766 0.094
vn 0.623 -0.776 0.100
vn 0.418 0.909 -0.015
vn 0.363 0.932 -0.011
vn 0.667 -0.741 0.077
vn 0.643 -0.762 0.082
vn 0.423 0.906 -0.016
vn 0.373 0.928 -0.007
vn 0.672 -0.737 0.071
vn 0.636 -0.769 0.065
vn 0.437 0.899 -0.021
vn 0.393 0.919 -0.007
vn 0.669 -0.742 0.030
vn 0.621 -0.783 0.025
vn 0.482 0.874 -0.061
vn 0.449 0.893 -0.044
vn 0.671 -0.740 -0.057
vn 0.620 -0.783 -0.044
vn 0.547 0.825 -0.144
vn 0.737 0.632 -0.240
vn 0.568 0.806 -0.166
vn 0.679 -0.718 -0.153
vn 0.648 -0.749 -0.135
vn 0.729 0.630 -0.267
vn 0.668 0.700 -0.250
vn 0.767 -0.584 -0.266
vn 0.689 -0.690 -0.222
vn 0.689 -0.690 -0.222
vn 0.718 0.642 -0.269
vn 0.694 0.667 -0.270
vn 0.761 -0.584 -0.282
vn 0.719 -0.636 -0.278
vn 0.689 -0.690 -0.222
vn 0.704 0.657 -0.268
vn 0.794 0.557 -0.245
vn 0.713 0.649 -0.267
vn 0.804 -0.519 -0.292
vn 0.750 -0.592 -0.294
vn 0.740 -0.603 -0.297
vn 0.283 0.221 -0.933
vn 0.277 0.242 -0.930
vn 0.269 -0.178 -0.947
vn 0.266 -0.199 -0.943
vn 0.571 -0.457 -0.682
vn 0.245 0.195 -0.950
vn 0.201 0.126 -0.972
vn 0.169 0.090 -0.981
vn 0.141 0.065 -0.988
vn 0.122 0.042 -0.992
vn 0.112 0.022 -0.994
vn 0.108 0.003 -0.994
vn 0.109 -0.016 -0.994
vn 0.115 -0.035 -0.993
vn 0.124 -0.054 -0.991
vn 0.139 -0.069 -0.988
vn 0.159 -0.083 -0.984
vn 0.189 -0.105 -0.976
vn 0.231 -0.151 -0.961
vn -0.661 0.375 0.650
vn -0.633 0.238 0.737
vn -0.588 0.126 0.799
vn -0.588 0.122 0.800
vn -0.588 0.019 0.809
vn -0.578 -0.118 0.807
vn -0.591 -0.258 0.765
vn -0.574 -0.145 0.806
vn -0.622 -0.390 0.679
vn -0.392 0.836 0.384
vn -0.587 0.504 0.634
vn -0.608 0.410 0.680
vn -0.616 0.255 0.746
vn -0.588 0.126 0.799
vn -0.565 -0.265 0.782
vn -0.540 -0.412 0.734
vn -0.521 -0.544 0.658
vn -0.520 -0.489 0.701
vn -0.337 0.882 0.331
vn -0.182 0.969 0.167
vn -0.505 -0.554 0.662
vn -0.458 -0.699 0.550
vn -0.475 -0.657 0.586
vn -0.012 1.000 -0.028
vn -0.453 -0.705 0.546
vn -0.417 -0.766 0.489
vn -0.011 1.000 -0.028
vn -0.350 -0.836 0.424
vn -0.350 -0.836 0.424
vn -0.007 1.000 -0.028
vn -0.295 -0.879 0.375
vn -0.006 1.000 -0.029
vn -0.236 -0.927 0.293
vn -0.245 -0.914 0.324
vn -0.004 0.999 -0.032
vn -0.003 0.999 -0.035
vn -0.221 -0.926 0.307
vn -0.194 -0.939 0.285
vn -0.002 0.999 -0.042
vn -0.128 -0.955 0.267
vn -0.000 0.999 -0.050
vn -0.056 -0.966 0.254
vn 0.000 0.999 -0.052
vn 0.012 -0.976 0.217
vn -0.004 0.999 -0.045
vn 0.014 -0.976 0.215
vn 0.086 -0.987 0.139
vn -0.007 0.999 -0.039
vn 0.167 -0.985 0.050
vn -0.010 0.999 -0.039
vn 0.353 -0.928 -0.118
vn 0.257 -0.966 -0.028
vn -0.016 0.999 -0.046
vn 0.404 -0.908 -0.112
vn 0.349 -0.935 -0.067
vn -0.016 0.998 -0.055
vn 0.453 -0.887 -0.090
vn 0.420 -0.905 -0.067
vn -0.017 0.998 -0.055
vn 0.496 -0.865 -0.076
vn 0.483 -0.873 -0.070
vn -0.014 0.999 -0.049
vn 0.519 -0.852 -0.070
vn 0.517 -0.853 -0.070
vn -0.012 0.999 -0.034
vn 0.551 -0.833 -0.056
vn 0.042 0.999 -0.003
vn 0.569 -0.822 0.017
vn 0.104 0.994 0.024
vn 0.587 -0.796 0.147
vn 0.181 0.983 0.042
vn 0.592 -0.789 0.166
vn 0.639 -0.727 0.251
vn 0.620 -0.733 0.280
vn 0.709 0.701 -0.077
vn 0.258 0.965 0.048
vn 0.717 -0.638 0.283
vn 0.632 -0.682 0.367
vn 0.717 0.696 -0.034
vn 0.334 0.941 0.059
vn 0.680 -0.642 0.354
vn 0.638 -0.674 0.372
vn 0.645 -0.670 0.368
vn 0.725 0.689 0.014
vn 0.399 0.913 0.088
vn 0.723 -0.599 0.344
vn 0.637 -0.686 0.351
vn 0.723 0.687 0.072
vn 0.439 0.893 0.092
vn 0.644 -0.675 0.361
vn 0.629 -0.693 0.352
vn 0.621 -0.698 0.357
vn 0.461 0.881 0.107
vn 0.638 -0.658 0.399
vn 0.599 -0.709 0.373
vn 0.467 0.871 0.149
vn 0.452 0.881 0.136
vn 0.452 0.879 0.149
vn 0.580 -0.711 0.398
vn 0.589 -0.714 0.379
vn 0.578 -0.719 0.386
vn 0.504 0.846 0.172
vn 0.433 0.886 0.166
vn 0.562 -0.737 0.376
vn 0.532 0.829 0.176
vn 0.381 0.914 0.141
vn 0.559 -0.743 0.368
vn 0.553 -0.755 0.352
vn 0.542 -0.771 0.334
vn 0.551 0.819 0.161
vn 0.255 0.966 0.037
vn 0.516 -0.808 0.284
vn 0.194 0.981 -0.019
vn 0.494 -0.832 0.253
vn 0.493 -0.834 0.245
vn 0.486 -0.840 0.243
vn 0.185 0.983 -0.013
vn 0.521 -0.829 0.203
vn 0.474 -0.854 0.213
vn 0.189 0.982 -0.006
vn 0.579 -0.803 0.143
vn 0.485 -0.855 0.185
vn 0.193 0.981 -0.003
vn 0.506 -0.850 0.147
vn 0.200 0.980 -0.002
vn 0.521 -0.847 0.103
vn 0.206 0.979 -0.004
vn 0.526 -0.848 0.068
vn 0.530 -0.846 0.059
vn 0.527 -0.848 0.059
vn 0.215 0.977 -0.009
vn 0.532 -0.847 0.017
vn 0.523 -0.852 0.017
vn 0.226 0.974 -0.008
vn 0.529 -0.848 -0.030
vn 0.521 -0.853 -0.030
vn 0.558 0.815 -0.160
vn 0.259 0.966 -0.008
vn 0.528 -0.844 -0.093
vn 0.527 -0.845 -0.087
vn 0.581 0.787 -0.207
vn 0.380 0.918 -0.113
vn 0.548 -0.817 -0.178
vn 0.577 0.773 -0.264
vn 0.538 0.803 -0.256
vn 0.675 -0.688 -0.267
vn 0.583 -0.772 -0.255
vn 0.561 0.784 -0.264
vn 0.698 0.665 -0.265
vn 0.587 0.766 -0.263
vn 0.648 -0.705 -0.288
vn 0.624 -0.727 -0.288
vn 0.269 0.268 -0.925
vn 0.249 0.289 -0.925
vn 0.263 -0.217 -0.940
vn 0.248 -0.257 -0.934
vn 0.415 -0.461 -0.785
vn 0.226 0.229 -0.947
vn 0.178 0.145 -0.973
vn 0.148 0.094 -0.985
vn 0.127 0.066 -0.990
vn 0.110 0.048 -0.993
vn 0.099 0.031 -0.995
vn 0.093 0.017 -0.995
vn 0.092 0.003 -0.996
vn 0.093 -0.012 -0.996
vn 0.098 -0.028 -0.995
vn 0.105 -0.043 -0.994
vn 0.116 -0.055 -0.992
vn 0.129 -0.064 -0.990
vn 0.146 -0.079 -0.986
vn 0.168 -0.112 -0.979
vn 0.204 -0.176 -0.963
vn -0.578 0.022 0.816
vn -0.573 -0.117 0.811
vn -0.608 0.422 0.673
vn -0.630 0.307 0.713
vn -0.630 0.298 0.717
vn -0.609 0.175 0.773
vn -0.593 0.041 0.804
vn -0.577 -0.112 0.809
vn -0.562 -0.277 0.780
vn -0.535 -0.425 0.731
vn -0.559 -0.330 0.761
vn -0.341 0.885 0.317
vn -0.604 0.550 0.576
vn -0.631 0.438 0.640
vn -0.632 0.308 0.712
vn -0.551 -0.434 0.713
vn -0.529 -0.571 0.628
vn -0.537 -0.557 0.633
vn -0.330 0.907 0.263
vn -0.216 0.966 0.145
vn -0.533 -0.572 0.624
vn -0.469 -0.708 0.528
vn -0.491 -0.681 0.542
vn -0.009 1.000 -0.025
vn -0.476 -0.706 0.525
vn -0.350 -0.836 0.424
vn -0.434 -0.765 0.476
vn -0.008 1.000 -0.025
vn -0.383 -0.819 0.428
vn -0.376 -0.826 0.420
vn -0.005 1.000 -0.027
vn -0.329 -0.868 0.371
vn -0.005 1.000 -0.029
vn -0.004 0.999 -0.032
vn -0.246 -0.911 0.330
vn -0.264 -0.901 0.345
vn -0.001 0.999 -0.041
vn -0.250 -0.905 0.344
vn -0.188 -0.922 0.337
vn 0.001 0.999 -0.047
vn -0.107 -0.943 0.316
vn 0.005 0.999 -0.051
vn -0.043 -0.961 0.272
vn 0.004 0.999 -0.050
vn -0.039 -0.963 0.267
vn 0.013 -0.979 0.206
vn -0.003 0.999 -0.046
vn 0.082 -0.989 0.127
vn -0.010 0.999 -0.047
vn 0.155 -0.986 0.061
vn -0.017 0.999 -0.050
vn 0.242 -0.970 0.021
vn -0.018 0.998 -0.053
vn 0.314 -0.949 0.008
vn -0.014 0.999 -0.052
vn 0.378 -0.926 -0.002
vn -0.011 0.999 -0.044
vn 0.518 -0.853 -0.069
vn 0.440 -0.898 -0.015
vn 0.001 1.000 -0.016
vn 0.540 -0.840 -0.049
vn 0.495 -0.869 -0.001
vn 0.023 1.000 0.014
vn 0.562 -0.827 0.026
vn 0.552 -0.831 0.067
vn 0.035 0.999 0.032
vn 0.586 -0.797 0.150
vn 0.578 -0.791 0.202
vn 0.050 0.997 0.058
vn 0.582 -0.745 0.328
vn 0.580 -0.752 0.312
vn 0.579 -0.746 0.330
vn 0.067 0.994 0.083
vn 0.604 -0.699 0.382
vn 0.552 -0.735 0.393
vn 0.091 0.990 0.107
vn 0.544 -0.741 0.393
vn 0.533 -0.748 0.396
vn 0.528 -0.751 0.395
vn 0.101 0.986 0.131
vn 0.609 -0.708 0.358
vn 0.525 -0.763 0.378
vn 0.109 0.983 0.149
vn 0.526 -0.762 0.378
vn 0.515 -0.769 0.379
vn 0.513 -0.769 0.382
vn 0.317 0.939 0.133
vn 0.117 0.981 0.153
vn 0.151 0.974 0.166
vn 0.578 -0.724 0.376
vn 0.513 -0.764 0.392
vn 0.181 0.967 0.178
vn 0.524 -0.755 0.393
vn 0.513 -0.762 0.396
vn 0.512 -0.764 0.392
vn 0.175 0.974 0.143
vn 0.556 -0.742 0.375
vn 0.508 -0.783 0.358
vn 0.073 0.997 0.035
vn 0.503 -0.810 0.303
vn 0.501 -0.809 0.307
vn 0.500 -0.812 0.301
vn 0.025 1.000 -0.017
vn 0.502 -0.822 0.270
vn 0.482 -0.841 0.246
vn 0.029 0.999 -0.014
vn 0.462 -0.861 0.213
vn 0.032 0.999 -0.012
vn 0.441 -0.875 0.202
vn 0.031 0.999 -0.009
vn 0.433 -0.880 0.195
vn 0.437 -0.879 0.191
vn 0.429 -0.882 0.193
vn 0.030 1.000 -0.005
vn 0.469 -0.869 0.155
vn 0.428 -0.889 0.165
vn 0.029 1.000 -0.000
vn 0.512 -0.853 0.105
vn 0.442 -0.889 0.121
vn 0.031 1.000 0.004
vn 0.428 -0.900 0.081
vn 0.036 0.999 0.009
vn 0.463 -0.886 0.017
vn 0.046 0.999 0.013
vn 0.442 -0.896 -0.041
vn 0.054 0.998 0.015
vn 0.527 -0.845 -0.093
vn 0.425 -0.899 -0.106
vn 0.065 0.998 0.003
vn 0.508 -0.844 -0.173
vn 0.414 -0.895 -0.169
vn 0.169 0.980 -0.106
vn 0.473 -0.851 -0.227
vn 0.433 -0.875 -0.216
vn 0.496 0.829 -0.257
vn 0.296 0.927 -0.229
vn 0.489 -0.840 -0.236
vn 0.464 -0.856 -0.229
vn 0.147 0.366 -0.919
vn 0.128 0.379 -0.916
vn 0.238 -0.272 -0.932
vn 0.212 -0.306 -0.928
vn 0.126 0.362 -0.924
vn 0.104 0.199 -0.974
vn 0.101 0.115 -0.988
vn 0.103 0.074 -0.992
vn 0.098 0.051 -0.994
vn 0.089 0.038 -0.995
vn 0.083 0.026 -0.996
vn 0.080 0.014 -0.997
vn 0.078 0.003 -0.997
vn 0.079 -0.010 -0.997
vn 0.081 -0.023 -0.996
vn 0.087 -0.035 -0.996
vn 0.094 -0.045 -0.995
vn 0.102 -0.053 -0.993
vn 0.110 -0.066 -0.992
vn 0.121 -0.092 -0.988
vn 0.140 -0.140 -0.980
vn 0.176 -0.227 -0.958
vn -0.641 0.192 0.743
vn -0.650 0.057 0.758
vn -0.636 -0.104 0.765
vn -0.585 -0.277 0.762
vn -0.655 0.443 0.612
vn -0.703 0.331 0.630
vn -0.705 0.326 0.631
vn -0.705 0.211 0.677
vn -0.701 0.067 0.710
vn -0.696 -0.097 0.711
vn -0.685 -0.268 0.677
vn -0.636 -0.426 0.644
vn -0.672 -0.364 0.645
vn -0.318 0.917 0.239
vn -0.654 0.516 0.553
vn -0.679 0.450 0.580
vn -0.704 0.331 0.629
vn -0.655 -0.420 0.628
vn -0.596 -0.556 0.579
vn -0.600 -0.551 0.580
vn -0.343 0.907 0.245
vn -0.285 0.940 0.188
vn -0.598 -0.555 0.578
vn -0.509 -0.692 0.512
vn -0.532 -0.667 0.522
vn -0.009 1.000 -0.023
vn -0.517 -0.688 0.510
vn -0.390 -0.816 0.426
vn -0.473 -0.749 0.464
vn -0.010 1.000 -0.025
vn -0.421 -0.800 0.428
vn -0.412 -0.808 0.421
vn -0.010 1.000 -0.027
vn -0.010 0.999 -0.031
vn -0.339 -0.847 0.411
vn -0.007 0.999 -0.038
vn -0.267 -0.872 0.410
vn -0.258 -0.875 0.409
vn -0.006 0.999 -0.045
vn -0.173 -0.907 0.384
vn -0.003 0.999 -0.049
vn -0.109 -0.939 0.325
vn -0.001 0.999 -0.053
vn -0.092 -0.949 0.303
vn -0.056 -0.965 0.258
vn -0.005 0.999 -0.053
vn 0.004 -0.982 0.190
vn -0.011 0.999 -0.054
vn 0.073 -0.988 0.137
vn -0.014 0.998 -0.053
vn 0.144 -0.984 0.102
vn -0.014 0.999 -0.052
vn 0.211 -0.974 0.083
vn -0.011 0.999 -0.049
vn 0.269 -0.960 0.077
vn -0.006 0.999 -0.035
vn 0.346 -0.936 0.070
vn 0.016 1.000 0.000
vn 0.369 -0.926 0.075
vn 0.436 -0.897 0.080
vn 0.430 -0.899 0.089
vn 0.024 0.999 0.031
vn 0.523 -0.843 0.126
vn 0.511 -0.846 0.150
vn 0.039 0.998 0.050
vn 0.569 -0.792 0.222
vn 0.552 -0.797 0.244
vn 0.056 0.996 0.072
vn 0.533 -0.780 0.328
vn 0.065 0.994 0.093
vn 0.515 -0.782 0.350
vn 0.514 -0.769 0.382
vn 0.492 -0.787 0.372
vn 0.074 0.991 0.113
vn 0.442 -0.808 0.388
vn 0.078 0.987 0.138
vn 0.426 -0.819 0.385
vn 0.451 -0.806 0.383
vn 0.414 -0.825 0.386
vn 0.097 0.983 0.155
vn 0.084 0.984 0.155
vn 0.088 0.982 0.164
vn 0.388 -0.829 0.403
vn 0.104 0.976 0.191
vn 0.383 -0.823 0.419
vn 0.421 -0.805 0.418
vn 0.379 -0.822 0.425
vn 0.128 0.974 0.186
vn 0.393 -0.818 0.419
vn 0.049 0.997 0.064
vn 0.404 -0.825 0.395
vn 0.446 -0.816 0.369
vn 0.410 -0.832 0.374
vn -0.003 1.000 -0.015
vn 0.429 -0.852 0.301
vn -0.001 1.000 -0.015
vn 0.437 -0.868 0.236
vn 0.001 1.000 -0.012
vn 0.437 -0.872 0.221
vn 0.443 -0.874 0.199
vn 0.438 -0.878 0.195
vn 0.002 1.000 -0.010
vn 0.435 -0.879 0.196
vn 0.427 -0.886 0.181
vn 0.004 1.000 -0.009
vn 0.408 -0.896 0.176
vn 0.004 1.000 -0.006
vn 0.390 -0.907 0.158
vn 0.004 1.000 -0.001
vn 0.398 -0.911 0.110
vn 0.004 1.000 0.004
vn -0.214 -0.912 -0.351
vn -0.055 -0.937 -0.345
vn -0.054 -0.881 -0.470
vn -0.040 -0.229 -0.973
vn -0.930 -0.244 -0.275
vn -0.042 0.300 -0.953
vn -0.902 0.322 -0.288
vn -0.055 0.929 -0.367
vn -0.082 0.935 -0.345
vn -0.055 0.937 -0.344
vn 0.442 -0.892 0.093
vn 0.451 -0.888 0.087
vn 0.450 -0.889 0.088
vn 0.004 1.000 0.008
vn -0.061 -0.985 -0.160
vn -0.051 -0.273 0.961
vn -0.055 0.368 0.928
vn -0.056 0.948 -0.314
vn 0.403 -0.915 0.018
vn 0.396 -0.918 0.018
vn 0.003 1.000 0.013
vn 0.385 -0.921 -0.055
vn 0.379 -0.924 -0.058
vn 0.003 1.000 0.016
vn 0.358 -0.924 -0.131
vn 0.369 -0.925 -0.092
vn 0.004 1.000 0.016
vn 0.343 -0.923 -0.177
vn 0.016 1.000 -0.011
vn 0.348 -0.919 -0.185
vn 0.129 0.981 -0.144
vn 0.462 -0.858 -0.224
vn 0.382 -0.907 -0.178
vn 0.077 0.381 -0.921
vn 0.177 -0.333 -0.926
vn 0.162 -0.343 -0.925
vn 0.066 0.327 -0.943
vn 0.042 0.205 -0.978
vn 0.045 0.135 -0.990
vn 0.049 0.082 -0.995
vn 0.057 0.048 -0.997
vn 0.068 0.033 -0.997
vn 0.068 0.023 -0.997
vn 0.066 0.012 -0.998
vn 0.064 0.002 -0.998
vn 0.063 -0.009 -0.998
vn 0.064 -0.020 -0.998
vn 0.067 -0.030 -0.997
vn 0.072 -0.039 -0.997
vn 0.076 -0.048 -0.996
vn 0.079 -0.060 -0.995
vn 0.082 -0.083 -0.993
vn 0.091 -0.122 -0.988
vn 0.110 -0.190 -0.976
vn 0.151 -0.313 -0.938
vn -0.732 0.216 0.646
vn -0.757 0.067 0.650
vn -0.756 -0.098 0.647
vn -0.718 -0.263 0.645
vn -0.682 0.454 0.574
vn -0.720 0.330 0.611
vn -0.741 0.272 0.614
vn -0.758 0.205 0.619
vn -0.782 0.062 0.620
vn -0.783 -0.092 0.616
vn -0.757 -0.238 0.609
vn -0.695 -0.389 0.605
vn -0.742 -0.281 0.608
vn -0.334 0.912 0.237
vn -0.668 0.490 0.560
vn -0.678 0.470 0.565
vn -0.721 0.329 0.610
vn -0.703 -0.377 0.603
vn -0.624 -0.531 0.573
vn -0.638 -0.507 0.580
vn -0.355 0.892 0.278
vn -0.338 0.904 0.261
vn -0.626 -0.529 0.573
vn -0.534 -0.678 0.505
vn -0.559 -0.645 0.521
vn -0.130 0.989 0.067
vn -0.014 1.000 -0.028
vn -0.027 0.999 -0.029
vn -0.535 -0.674 0.510
vn -0.421 -0.798 0.432
vn -0.479 -0.730 0.487
vn -0.020 0.999 -0.026
vn -0.417 -0.774 0.476
vn -0.402 -0.784 0.474
vn -0.019 0.999 -0.038
vn -0.267 -0.867 0.421
vn -0.316 -0.821 0.476
vn -0.014 0.999 -0.043
vn -0.285 -0.841 0.459
vn -0.256 -0.860 0.441
vn -0.016 0.999 -0.046
vn -0.186 -0.907 0.377
vn -0.013 0.999 -0.053
vn -0.145 -0.932 0.332
vn -0.128 -0.941 0.312
vn -0.012 0.998 -0.056
vn -0.066 -0.965 0.253
vn -0.011 0.998 -0.055
vn -0.005 -0.980 0.201
vn -0.010 0.999 -0.053
vn 0.053 -0.985 0.163
vn -0.008 0.999 -0.050
vn 0.104 -0.984 0.142
vn -0.008 0.999 -0.044
vn 0.112 -0.983 0.143
vn 0.219 -0.970 0.109
vn 0.161 -0.975 0.150
vn -0.001 1.000 -0.018
vn 0.338 -0.938 0.077
vn 0.241 -0.956 0.170
vn 0.015 1.000 0.014
vn 0.339 -0.918 0.206
vn 0.020 0.999 0.037
vn 0.415 -0.874 0.253
vn 0.030 0.997 0.064
vn 0.447 -0.849 0.282
vn 0.465 -0.838 0.285
vn 0.453 -0.844 0.288
vn 0.042 0.996 0.084
vn 0.506 -0.799 0.326
vn 0.436 -0.842 0.318
vn 0.053 0.993 0.103
vn 0.404 -0.850 0.338
vn 0.066 0.990 0.122
vn 0.382 -0.858 0.343
vn 0.397 -0.841 0.367
vn 0.357 -0.866 0.351
vn 0.075 0.987 0.145
vn 0.311 -0.877 0.367
vn 0.076 0.986 0.149
vn 0.084 0.981 0.175
vn 0.281 -0.873 0.400
vn 0.290 -0.867 0.404
vn 0.277 -0.872 0.404
vn 0.097 0.974 0.207
vn 0.267 -0.851 0.452
vn 0.079 0.989 0.126
vn 0.287 -0.842 0.457
vn 0.319 -0.836 0.447
vn 0.292 -0.842 0.454
vn -0.005 1.000 0.007
vn 0.320 -0.858 0.402
vn -0.007 1.000 -0.015
vn 0.344 -0.876 0.337
vn 0.358 -0.876 0.323
vn 0.349 -0.878 0.327
vn -0.005 1.000 -0.013
vn 0.425 -0.873 0.239
vn 0.376 -0.891 0.254
vn -0.004 1.000 -0.011
vn 0.392 -0.898 0.200
vn -0.002 1.000 -0.009
vn 0.395 -0.903 0.169
vn 0.000 1.000 -0.007
vn 0.383 -0.911 0.152
vn 0.383 -0.911 0.152
vn 0.383 -0.911 0.152
vn 0.003 1.000 -0.005
vn 0.374 -0.916 0.144
vn 0.364 -0.921 0.137
vn 0.005 1.000 -0.000
vn 0.374 -0.920 0.118
vn 0.346 -0.932 0.111
vn 0.005 1.000 0.004
vn 0.114 -0.927 -0.357
vn 0.925 -0.251 -0.286
vn 0.894 0.333 -0.300
vn -0.026 0.938 -0.346
vn 0.372 -0.925 0.079
vn 0.005 1.000 0.008
vn 0.341 -0.940 0.013
vn 0.004 1.000 0.012
vn 0.324 -0.943 -0.070
vn 0.004 1.000 0.016
vn 0.351 -0.927 -0.133
vn 0.317 -0.937 -0.147
vn 0.003 1.000 0.016
vn 0.318 -0.931 -0.181
vn 0.310 -0.932 -0.185
vn 0.003 1.000 0.014
vn 0.307 -0.934 -0.181
vn 0.307 -0.934 -0.182
vn 0.027 0.999 -0.046
vn 0.303 -0.938 -0.167
vn 0.067 0.396 -0.916
vn 0.113 -0.361 -0.926
vn 0.060 0.299 -0.953
vn 0.038 0.189 -0.981
vn 0.028 0.126 -0.992
vn 0.023 0.087 -0.996
vn 0.028 0.067 -0.997
vn 0.036 0.044 -0.998
vn 0.047 0.023 -0.999
vn 0.054 0.010 -0.999
vn -0.046 -0.000 -0.999
vn -0.055 -0.010 -0.998
vn -0.060 -0.019 -0.998
vn -0.060 -0.027 -0.998
vn -0.053 -0.036 -0.998
vn -0.037 -0.046 -0.998
vn -0.009 -0.059 -0.998
vn 0.041 -0.080 -0.996
vn 0.056 -0.113 -0.992
vn 0.066 -0.169 -0.983
vn 0.090 -0.270 -0.959
vn -0.761 0.200 0.618
vn -0.789 0.056 0.612
vn -0.785 -0.088 0.613
vn -0.756 -0.233 0.611
vn -0.675 0.472 0.567
vn -0.713 0.318 0.626
vn -0.762 0.164 0.627
vn -0.762 0.163 0.627
vn -0.787 0.048 0.615
vn -0.778 -0.067 0.625
vn -0.743 -0.197 0.639
vn -0.752 -0.165 0.638
vn -0.696 -0.359 0.622
vn -0.354 0.893 0.277
vn -0.702 0.528 0.478
vn -0.705 0.518 0.483
vn -0.725 0.318 0.611
vn -0.743 -0.196 0.640
vn -0.691 -0.349 0.633
vn -0.623 -0.521 0.584
vn -0.642 -0.475 0.601
vn -0.700 0.529 0.479
vn -0.440 0.823 0.358
vn -0.622 -0.517 0.587
vn -0.533 -0.661 0.528
vn -0.560 -0.624 0.546
vn -0.077 0.997 -0.004
vn -0.532 -0.651 0.541
vn -0.415 -0.767 0.489
vn -0.468 -0.703 0.536
vn -0.022 1.000 -0.022
vn -0.421 -0.740 0.525
vn -0.395 -0.758 0.518
vn -0.022 0.999 -0.042
vn -0.322 -0.819 0.475
vn -0.341 -0.806 0.484
vn -0.020 0.999 -0.048
vn -0.333 -0.814 0.477
vn -0.285 -0.854 0.435
vn -0.021 0.999 -0.049
vn -0.185 -0.918 0.351
vn -0.213 -0.905 0.369
vn -0.015 0.999 -0.052
vn -0.203 -0.911 0.360
vn -0.154 -0.939 0.309
vn -0.010 0.999 -0.051
vn -0.097 -0.962 0.253
vn -0.007 0.999 -0.051
vn -0.047 -0.977 0.209
vn -0.005 0.999 -0.049
vn -0.009 -0.981 0.193
vn 0.062 -0.985 0.161
vn -0.001 -0.982 0.191
vn -0.005 0.999 -0.041
vn 0.059 -0.974 0.217
vn 0.000 1.000 -0.012
vn 0.135 -0.955 0.265
vn 0.006 1.000 0.021
vn 0.216 -0.928 0.303
vn 0.011 0.999 0.045
vn 0.247 -0.916 0.316
vn 0.320 -0.899 0.301
vn 0.264 -0.910 0.320
vn 0.015 0.997 0.072
vn 0.278 -0.906 0.318
vn 0.024 0.995 0.096
vn 0.276 -0.906 0.320
vn 0.039 0.992 0.117
vn 0.272 -0.907 0.322
vn 0.345 -0.878 0.331
vn 0.267 -0.907 0.324
vn 0.055 0.989 0.135
vn 0.253 -0.911 0.325
vn 0.074 0.986 0.148
vn 0.065 0.987 0.149
vn 0.070 0.985 0.156
vn 0.230 -0.912 0.340
vn 0.082 0.979 0.186
vn 0.226 -0.908 0.352
vn 0.213 -0.891 0.402
vn 0.095 0.976 0.196
vn 0.212 -0.854 0.476
vn 0.017 0.997 0.070
vn 0.218 -0.848 0.483
vn 0.231 -0.846 0.481
vn -0.007 1.000 -0.016
vn 0.257 -0.867 0.426
vn -0.008 1.000 -0.015
vn 0.259 -0.870 0.420
vn 0.281 -0.891 0.355
vn -0.007 1.000 -0.012
vn 0.308 -0.909 0.281
vn -0.006 1.000 -0.009
vn 0.327 -0.918 0.225
vn 0.334 -0.918 0.216
vn 0.329 -0.919 0.218
vn -0.003 1.000 -0.006
vn 0.372 -0.913 0.169
vn 0.340 -0.925 0.171
vn -0.001 1.000 -0.004
vn 0.338 -0.931 0.141
vn 0.003 1.000 -0.002
vn 0.324 -0.939 0.119
vn 0.005 1.000 0.001
vn 0.305 -0.948 0.093
vn 0.006 1.000 0.005
vn 0.288 -0.956 0.057
vn 0.007 1.000 0.008
vn 0.271 -0.962 0.004
vn 0.006 1.000 0.011
vn 0.262 -0.962 -0.073
vn 0.005 1.000 0.014
vn 0.261 -0.954 -0.146
vn 0.003 1.000 0.016
vn 0.263 -0.946 -0.188
vn 0.002 1.000 0.015
vn 0.291 -0.939 -0.185
vn 0.257 -0.946 -0.198
vn 0.003 1.000 0.009
vn 0.233 -0.952 -0.197
vn 0.229 -0.953 -0.199
vn 0.027 0.434 -0.900
vn 0.074 -0.369 -0.927
vn 0.218 -0.917 -0.333
vn 0.030 0.294 -0.955
vn 0.033 0.178 -0.984
vn 0.026 0.120 -0.992
vn 0.023 0.085 -0.996
vn 0.022 0.065 -0.998
vn 0.019 0.053 -0.998
vn 0.025 0.037 -0.999
vn 0.035 -0.066 -0.997
vn -0.172 -0.200 -0.965
vn -0.216 -0.037 -0.976
vn -0.241 -0.027 -0.970
vn -0.243 -0.012 -0.970
vn -0.218 0.006 -0.976
vn -0.166 0.023 -0.986
vn -0.100 0.035 -0.994
vn -0.031 -0.013 -0.999
vn 0.035 -0.095 -0.995
vn 0.040 -0.158 -0.987
vn 0.053 -0.244 -0.968
vn -0.762 0.163 0.627
vn -0.785 0.048 0.618
vn -0.774 -0.061 0.630
vn -0.724 0.310 0.617
vn -0.743 0.132 0.656
vn -0.757 0.046 0.652
vn -0.754 -0.031 0.656
vn -0.736 -0.168 0.656
vn -0.693 -0.344 0.634
vn -0.608 0.581 0.541
vn -0.622 0.508 0.595
vn -0.689 0.325 0.648
vn -0.740 0.128 0.660
vn -0.755 0.045 0.654
vn -0.753 -0.031 0.657
vn -0.736 -0.165 0.656
vn -0.702 -0.334 0.630
vn -0.637 -0.501 0.586
vn -0.670 -0.432 0.604
vn -0.572 0.577 0.583
vn -0.453 0.789 0.416
vn -0.640 -0.489 0.593
vn -0.545 -0.618 0.566
vn -0.574 -0.580 0.578
vn -0.107 0.994 0.014
vn -0.555 -0.606 0.570
vn -0.443 -0.721 0.532
vn -0.503 -0.668 0.548
vn -0.020 0.999 -0.040
vn -0.475 -0.702 0.530
vn -0.445 -0.733 0.514
vn -0.018 0.999 -0.045
vn -0.399 -0.781 0.480
vn -0.393 -0.787 0.476
vn -0.017 0.999 -0.047
vn -0.321 -0.844 0.430
vn -0.011 0.999 -0.046
vn -0.269 -0.887 0.375
vn -0.258 -0.896 0.361
vn -0.008 0.999 -0.048
vn -0.203 -0.932 0.301
vn -0.004 0.999 -0.048
vn -0.160 -0.954 0.252
vn -0.004 0.999 -0.048
vn -0.063 -0.974 0.219
vn -0.108 -0.965 0.239
vn -0.005 0.999 -0.039
vn -0.103 -0.965 0.242
vn -0.048 -0.959 0.279
vn -0.003 1.000 -0.007
vn 0.016 -0.943 0.333
vn 0.000 1.000 0.024
vn 0.061 -0.931 0.359
vn 0.002 0.999 0.047
vn 0.065 -0.931 0.359
vn 0.079 -0.935 0.347
vn 0.005 0.997 0.077
vn 0.080 -0.940 0.333
vn 0.013 0.994 0.108
vn 0.090 -0.937 0.336
vn 0.143 -0.932 0.334
vn 0.092 -0.937 0.337
vn 0.029 0.991 0.134
vn 0.116 -0.934 0.339
vn 0.047 0.987 0.153
vn 0.144 -0.933 0.331
vn 0.051 0.986 0.158
vn 0.065 0.983 0.172
vn 0.157 -0.928 0.338
vn 0.205 -0.918 0.341
vn 0.164 -0.924 0.346
vn 0.079 0.977 0.199
vn 0.179 -0.893 0.414
vn 0.077 0.986 0.146
vn 0.184 -0.854 0.486
vn 0.192 -0.851 0.489
vn 0.184 -0.851 0.492
vn -0.003 1.000 0.022
vn 0.190 -0.847 0.497
vn -0.005 1.000 -0.018
vn 0.199 -0.863 0.465
vn 0.249 -0.869 0.428
vn 0.207 -0.872 0.443
vn -0.005 1.000 -0.015
vn 0.239 -0.889 0.391
vn -0.003 1.000 -0.011
vn 0.244 -0.917 0.315
vn 0.259 -0.919 0.298
vn 0.247 -0.920 0.303
vn -0.001 1.000 -0.007
vn 0.265 -0.935 0.235
vn 0.002 1.000 -0.004
vn 0.277 -0.944 0.179
vn 0.004 1.000 -0.001
vn 0.281 -0.950 0.138
vn 0.006 1.000 0.001
vn 0.274 -0.956 0.104
vn 0.008 1.000 0.003
vn 0.257 -0.964 0.073
vn 0.009 1.000 0.005
vn 0.240 -0.970 0.042
vn 0.238 -0.971 0.036
vn 0.236 -0.971 0.035
vn 0.009 1.000 0.008
vn 0.217 -0.976 -0.014
vn 0.212 -0.977 -0.016
vn 0.008 1.000 0.010
vn 0.191 -0.978 -0.082
vn 0.202 -0.978 -0.047
vn 0.006 1.000 0.013
vn 0.179 -0.973 -0.148
vn 0.004 1.000 0.014
vn 0.172 -0.966 -0.193
vn 0.003 1.000 0.014
vn 0.161 -0.962 -0.219
vn 0.003 1.000 0.013
vn 0.139 -0.961 -0.238
vn 0.003 0.446 -0.895
vn 0.042 -0.371 -0.928
vn 0.050 -0.426 -0.903
vn 0.003 0.313 -0.950
vn 0.015 0.184 -0.983
vn 0.022 0.119 -0.993
vn 0.021 0.084 -0.996
vn 0.021 0.063 -0.998
vn 0.018 0.049 -0.999
vn 0.014 0.040 -0.999
vn 0.016 -0.079 -0.997
vn -0.070 -0.330 -0.941
vn -0.101 -0.064 -0.993
vn -0.132 -0.052 -0.990
vn -0.159 -0.025 -0.987
vn -0.164 0.012 -0.986
vn -0.143 0.044 -0.989
vn -0.111 0.061 -0.992
vn -0.083 0.057 -0.995
vn 0.022 -0.031 -0.999
vn 0.023 -0.152 -0.988
vn 0.028 -0.229 -0.973
vn -0.697 0.332 0.636
vn -0.739 0.125 0.662
vn -0.743 0.036 0.668
vn -0.750 -0.040 0.660
vn -0.746 -0.169 0.644
vn -0.711 -0.332 0.619
vn -0.595 0.545 0.591
vn -0.674 0.433 0.598
vn -0.717 0.316 0.621
vn -0.744 0.129 0.656
vn -0.744 0.035 0.667
vn -0.751 -0.043 0.659
vn -0.749 -0.170 0.640
vn -0.725 -0.317 0.611
vn -0.663 -0.461 0.591
vn -0.709 -0.369 0.601
vn -0.637 0.527 0.562
vn -0.551 0.719 0.424
vn -0.675 -0.445 0.589
vn -0.595 -0.570 0.567
vn -0.627 -0.526 0.575
vn -0.194 0.980 0.053
vn -0.611 -0.558 0.561
vn -0.519 -0.674 0.525
vn -0.572 -0.623 0.534
vn -0.033 0.998 -0.045
vn -0.541 -0.656 0.526
vn -0.406 -0.776 0.482
vn -0.499 -0.693 0.520
vn -0.007 0.999 -0.042
vn -0.451 -0.745 0.492
vn -0.437 -0.761 0.480
vn -0.006 0.999 -0.042
vn -0.287 -0.882 0.373
vn -0.371 -0.832 0.412
vn -0.005 0.999 -0.045
vn -0.336 -0.868 0.365
vn -0.316 -0.886 0.339
vn -0.004 0.999 -0.047
vn -0.274 -0.916 0.294
vn -0.006 0.999 -0.049
vn -0.221 -0.931 0.290
vn -0.006 0.999 -0.039
vn -0.188 -0.932 0.311
vn -0.168 -0.930 0.327
vn -0.007 1.000 -0.007
vn -0.123 -0.922 0.368
vn -0.007 1.000 0.026
vn -0.105 -0.923 0.371
vn -0.003 0.999 0.050
vn -0.104 -0.924 0.368
vn -0.104 -0.932 0.348
vn 0.002 0.997 0.084
vn -0.095 -0.935 0.342
vn 0.011 0.993 0.120
vn -0.074 -0.930 0.361
vn -0.069 -0.929 0.365
vn 0.024 0.988 0.150
vn -0.018 -0.924 0.381
vn 0.039 0.985 0.170
vn 0.039 0.985 0.171
vn 0.039 0.985 0.171
vn 0.044 -0.926 0.376
vn 0.053 0.981 0.189
vn 0.062 -0.924 0.377
vn 0.103 -0.918 0.384
vn 0.066 0.977 0.203
vn 0.136 -0.889 0.436
vn 0.040 0.994 0.099
vn 0.139 -0.870 0.473
vn 0.139 -0.856 0.497
vn -0.002 1.000 -0.006
vn 0.134 -0.859 0.494
vn -0.001 1.000 -0.018
vn 0.138 -0.853 0.504
vn 0.159 -0.861 0.483
vn 0.001 1.000 -0.013
vn 0.177 -0.900 0.399
vn 0.004 1.000 -0.008
vn 0.184 -0.905 0.384
vn 0.210 -0.914 0.347
vn 0.008 1.000 -0.005
vn 0.203 -0.947 0.249
vn 0.010 1.000 -0.002
vn 0.212 -0.959 0.190
vn 0.010 1.000 0.000
vn 0.222 -0.965 0.141
vn 0.010 1.000 0.002
vn 0.222 -0.965 0.140
vn 0.243 -0.965 0.100
vn 0.220 -0.971 0.096
vn 0.011 1.000 0.004
vn 0.246 -0.967 0.069
vn 0.206 -0.977 0.053
vn 0.011 1.000 0.006
vn 0.182 -0.983 0.008
vn 0.011 1.000 0.007
vn 0.151 -0.987 -0.045
vn 0.010 1.000 0.009
vn 0.180 -0.980 -0.086
vn 0.118 -0.987 -0.109
vn 0.009 1.000 0.011
vn 0.085 -0.982 -0.169
vn 0.088 -0.983 -0.164
vn 0.007 1.000 0.012
vn 0.059 -0.976 -0.209
vn 0.005 1.000 0.013
vn 0.040 -0.971 -0.235
vn 0.004 1.000 0.012
vn 0.029 -0.966 -0.255
vn 0.002 0.446 -0.895
vn 0.021 -0.370 -0.929
vn 0.006 -0.369 -0.929
vn 0.001 0.312 -0.950
vn 0.001 0.197 -0.980
vn 0.012 0.126 -0.992
vn 0.017 0.085 -0.996
vn 0.017 0.061 -0.998
vn 0.013 0.046 -0.999
vn 0.010 0.036 -0.999
vn 0.008 -0.089 -0.996
vn -0.029 -0.420 -0.907
vn -0.046 -0.095 -0.994
vn -0.067 -0.088 -0.994
vn -0.088 -0.048 -0.995
vn -0.092 0.024 -0.995
vn -0.075 0.079 -0.994
vn -0.053 0.095 -0.994
vn -0.036 0.121 -0.992
vn 0.009 0.002 -1.000
vn 0.006 -0.152 -0.988
vn 0.004 -0.224 -0.975
vn 0.006 -0.364 -0.932
vn -0.734 0.320 0.599
vn -0.777 0.137 0.614
vn -0.779 0.032 0.626
vn -0.779 -0.054 0.625
vn -0.769 -0.174 0.616
vn -0.733 -0.313 0.604
vn -0.685 0.514 0.516
vn -0.771 0.340 0.538
vn -0.775 0.322 0.544
vn -0.794 0.148 0.590
vn -0.792 0.037 0.609
vn -0.792 -0.053 0.609
vn -0.785 -0.168 0.596
vn -0.763 -0.290 0.577
vn -0.698 -0.424 0.577
vn -0.762 -0.296 0.576
vn -0.723 0.499 0.478
vn -0.698 0.549 0.460
vn -0.727 -0.403 0.556
vn -0.651 -0.527 0.546
vn -0.703 -0.452 0.550
vn -0.349 0.921 0.173
vn -0.666 -0.505 0.549
vn -0.565 -0.626 0.537
vn -0.621 -0.560 0.549
vn -0.070 0.997 -0.016
vn -0.584 -0.605 0.542
vn -0.467 -0.735 0.491
vn -0.551 -0.650 0.523
vn -0.005 0.999 -0.044
vn -0.503 -0.718 0.481
vn -0.488 -0.741 0.462
vn -0.006 0.999 -0.046
vn -0.364 -0.862 0.353
vn -0.441 -0.814 0.378
vn -0.008 0.999 -0.049
vn -0.411 -0.847 0.338
vn -0.396 -0.859 0.325
vn -0.009 0.999 -0.050
vn -0.353 -0.878 0.324
vn -0.007 0.999 -0.040
vn -0.236 -0.909 0.342
vn -0.307 -0.883 0.355
vn -0.008 1.000 -0.008
vn -0.294 -0.883 0.366
vn -0.276 -0.883 0.379
vn -0.011 1.000 0.028
vn -0.254 -0.896 0.366
vn -0.006 0.998 0.055
vn -0.242 -0.903 0.354
vn -0.238 -0.906 0.349
vn -0.000 0.996 0.091
vn -0.212 -0.909 0.358
vn 0.008 0.992 0.130
vn -0.110 -0.919 0.378
vn -0.177 -0.901 0.397
vn 0.015 0.987 0.161
vn -0.167 -0.899 0.405
vn -0.117 -0.893 0.435
vn 0.022 0.984 0.177
vn 0.023 0.983 0.182
vn -0.045 -0.896 0.442
vn 0.030 0.979 0.200
vn -0.025 -0.897 0.442
vn 0.028 -0.900 0.436
vn 0.036 0.980 0.198
vn 0.062 -0.888 0.456
vn 0.010 0.998 0.069
vn 0.063 -0.882 0.468
vn 0.060 -0.866 0.496
vn -0.001 1.000 -0.016
vn 0.055 -0.859 0.510
vn 0.002 1.000 -0.015
vn 0.056 -0.857 0.512
vn 0.089 -0.871 0.483
vn 0.006 1.000 -0.009
vn -0.603 0.136 -0.786
vn 0.479 -0.545 -0.689
vn 0.452 0.115 -0.885
vn 0.491 0.507 -0.708
vn 0.113 -0.882 0.458
vn 0.150 -0.896 0.419
vn 0.119 -0.886 0.449
vn 0.009 1.000 -0.004
vn 0.078 0.124 0.989
vn 0.448 -0.134 0.884
vn 0.438 0.242 0.866
vn 0.144 -0.915 0.376
vn 0.013 1.000 -0.001
vn 0.416 0.104 0.903
vn 0.138 -0.955 0.264
vn 0.015 1.000 -0.001
vn 0.143 -0.968 0.204
vn 0.148 -0.968 0.201
vn 0.144 -0.969 0.202
vn 0.014 1.000 -0.000
vn 0.220 -0.965 0.141
vn 0.154 -0.977 0.149
vn 0.012 1.000 0.001
vn 0.154 -0.984 0.090
vn 0.011 1.000 0.004
vn 0.139 -0.990 0.033
vn 0.011 1.000 0.006
vn 0.112 -0.993 -0.023
vn 0.011 1.000 0.007
vn 0.079 -0.993 -0.083
vn 0.011 1.000 0.008
vn 0.041 -0.988 -0.149
vn 0.009 1.000 0.009
vn 0.061 -0.982 -0.180
vn 0.002 -0.979 -0.205
vn 0.008 1.000 0.010
vn -0.034 -0.971 -0.237
vn -0.003 -0.978 -0.209
vn 0.006 1.000 0.012
vn -0.062 -0.966 -0.250
vn 0.005 1.000 0.012
vn -0.079 -0.962 -0.262
vn 0.002 0.446 -0.895
vn -0.025 -0.367 -0.930
vn -0.034 -0.366 -0.930
vn -0.035 -0.375 -0.926
vn 0.002 0.312 -0.950
vn 0.002 0.199 -0.980
vn 0.004 0.133 -0.991
vn 0.009 0.089 -0.996
vn 0.009 0.060 -0.998
vn 0.007 0.043 -0.999
vn 0.005 0.034 -0.999
vn 0.003 -0.089 -0.996
vn 0.030 -0.427 -0.904
vn 0.049 -0.094 -0.994
vn 0.071 -0.087 -0.994
vn 0.093 -0.047 -0.995
vn 0.097 0.024 -0.995
vn 0.079 0.078 -0.994
vn 0.056 0.094 -0.994
vn 0.038 0.121 -0.992
vn -0.006 0.001 -1.000
vn -0.012 -0.157 -0.988
vn -0.021 -0.230 -0.973
f 3//3 2//2 1//1
f 5//5 4//4 1//1
f 5//5 1//1 2//2
f 7//7 6//6 4//4
f 7//7 4//4 5//5
f 8//8 6//6 7//7
f 11//11 10//10 9//9
f 13//13 12//12 9//9
f 13//13 9//9 10//10
f 12//12 13//13 3//3
f 1//1 12//12 3//3
f 14//14 12//12 1//1
f 15//15 1//1 4//4
f 14//14 1//1 15//15
f 16//16 4//4 6//6
f 15//15 4//4 16//16
f 6//6 8//8 17//17
f 6//6 17//17 16//16
f 11//11 9//9 18//18
f 11//11 18//18 19//19
f 20//20 9//9 12//12
f 18//18 9//9 20//20
f 21//21 12//12 14//14
f 20//20 12//12 21//21
f 22//22 14//14 15//15
f 21//21 14//14 22//22
f 23//23 15//15 16//16
f 22//22 15//15 23//23
f 16//16 17//17 24//24
f 25//25 16//16 24//24
f 23//23 16//16 25//25
f 26//26 25//25 24//24
f 19//19 18//18 27//27
f 19//19 27//27 28//28
f 29//29 18//18 20//20
f 27//27 18//18 29//29
f 30//30 20//20 21//21
f 29//29 20//20 30//30
f 31//31 21//21 22//22
f 30//30 21//21 31//31
f 32//32 22//22 23//23
f 31//31 22//22 32//32
f 25//25 34//34 33//33
f 32//32 25//25 33//33
f 23//23 25//25 32//32
f 34//34 25//25 26//26
f 35//35 28//28 27//27
f 37//37 36//36 35//35
f 27//27 37//37 35//35
f 29//29 37//37 27//27
f 38//38 29//29 30//30
f 37//37 29//29 38//38
f 39//39 30//30 31//31
f 38//38 30//30 39//39
f 40//40 31//31 32//32
f 39//39 31//31 40//40
f 32//32 33//33 41//41
f 32//32 41//41 40//40
f 42//42 36//36 37//37
f 42//42 37//37 38//38
f 42//42 38//38 43//43
f 43//43 38//38 39//39
f 43//43 39//39 44//44
f 44//44 39//39 40//40
f 44//44 40//40 45//45
f 45//45 40//40 41//41
f 55//55 54//54 53//53
f 53//53 54//54 47//47
f 46//46 53//53 47//47
f 56//56 53//53 46//46
f 57//57 46//46 48//48
f 56//56 46//46 57//57
f 58//58 48//48 49//49
f 57//57 48//48 58//58
f 59//59 49//49 50//50
f 58//58 49//49 59//59
f 60//60 50//50 51//51
f 59//59 50//50 60//60
f 51//51 52//52 61//61
f 51//51 61//61 60//60
f 55//55 53//53 62//62
f 55//55 62//62 63//63
f 64//64 53//53 56//56
f 62//62 53//53 64//64
f 65//65 56//56 57//57
f 64//64 56//56 65//65
f 66//66 57//57 58//58
f 65//65 57//57 66//66
f 67//67 58//58 59//59
f 66//66 58//58 67//67
f 68//68 59//59 60//60
f 67//67 59//59 68//68
f 60//60 61//61 69//69
f 70//70 60//60 69//69
f 68//68 60//60 70//70
f 71//71 70//70 69//69
f 63//63 62//62 72//72
f 63//63 72//72 73//73
f 74//74 62//62 64//64
f 72//72 62//62 74//74
f 75//75 64//64 65//65
f 74//74 64//64 75//75
f 76//76 65//65 66//66
f 75//75 65//65 76//76
f 77//77 66//66 67//67
f 76//76 66//66 77//77
f 78//78 67//67 68//68
f 77//77 67//67 78//78
f 79//79 68//68 70//70
f 78//78 68//68 79//79
f 70//70 71//71 80//80
f 70//70 80//80 79//79
f 73//73 72//72 81//81
f 73//73 81//81 82//82
f 83//83 72//72 74//74
f 81//81 72//72 83//83
f 84//84 74//74 75//75
f 83//83 74//74 84//84
f 85//85 75//75 76//76
f 84//84 75//75 85//85
f 86//86 76//76 77//77
f 85//85 76//76 86//86
f 87//87 77//77 78//78
f 86//86 77//77 87//87
f 88//88 78//78 79//79
f 87//87 78//78 88//88
f 79//79 80//80 89//89
f 79//79 89//89 88//88
f 82//82 81//81 90//90
f 82//82 90//90 91//91
f 92//92 81//81 83//83
f 90//90 81//81 92//92
f 93//93 83//83 84//84
f 92//92 83//83 93//93
f 94//94 84//84 85//85
f 93//93 84//84 94//94
f 95//95 85//85 86//86
f 94//94 85//85 95//95
f 96//96 86//86 87//87
f 95//95 86//86 96//96
f 97//97 87//87 88//88
f 96//96 87//87 97//97
f 88//88 89//89 98//98
f 88//88 98//98 97//97
f 91//91 90//90 99//99
f 91//91 99//99 100//100
f 101//101 90//90 92//92
f 99//99 90//90 101//101
f 102//102 92//92 93//93
f 101//101 92//92 102//102
f 103//103 93//93 94//94
f 102//102 93//93 103//103
f 104//104 94//94 95//95
f 103//103 94//94 104//104
f 105//105 95//95 96//96
f 104//104 95//95 105//105
f 106//106 96//96 97//97
f 105//105 96//96 106//106
f 97//97 98//98 107//107
f 97//97 107//107 106//106
f 100//100 99//99 108//108
f 100//100 108//108 109//109
f 110//110 99//99 101//101
f 108//108 99//99 110//110
f 111//111 101//101 102//102
f 110//110 101//101 111//111
f 112//112 102//102 103//103
f 111//111 102//102 112//112
f 113//113 103//103 104//104
f 112//112 103//103 113//113
f 114//114 104//104 105//105
f 113//113 104//104 114//114
f 115//115 105//105 106//106
f 114//114 105//105 115//115
f 106//106 107//107 116//116
f 106//106 116//116 115//115
f 109//109 108//108 117//117
f 109//109 117//117 118//118
f 119//119 108//108 110//110
f 117//117 108//108 119//119
f 120//120 110//110 111//111
f 119//119 110//110 120//120
f 121//121 111//111 112//112
f 120//120 111//111 121//121
f 122//122 112//112 113//113
f 121//121 112//112 122//122
f 123//123 113//113 114//114
f 122//122 113//113 123//123
f 124//124 114//114 115//115
f 123//123 114//114 124//124
f 115//115 116//116 125//125
f 115//115 125//125 124//124
f 118//118 117//117 126//126
f 118//118 126//126 127//127
f 128//128 117//117 119//119
f 126//126 117//117 128//128
f 129//129 119//119 120//120
f 128//128 119//119 129//129
f 130//130 120//120 121//121
f 129//129 120//120 130//130
f 131//131 121//121 122//122
f 130//130 121//121 131//131
f 132//132 122//122 123//123
f 131//131 122//122 132//132
f 133//133 123//123 124//124
f 132//132 123//123 133//133
f 124//124 125//125 134//134
f 124//124 134//134 133//133
f 127//127 126//126 135//135
f 127//127 135//135 136//136
f 137//137 126//126 128//128
f 135//135 126//126 137//137
f 138//138 128//128 129//129
f 137//137 128//128 138//138
f 139//139 129//129 130//130
f 138//138 129//129 139//139
f 140//140 130//130 131//131
f 139//139 130//130 140//140
f 141//141 131//131 132//132
f 140//140 131//131 141//141
f 142//142 132//132 133//133
f 141//141 132//132 142//142
f 133//133 134//134 143//143
f 133//133 143//143 142//142
f 136//136 135//135 144//144
f 136//136 144//144 145//145
f 146//146 135//135 137//137
f 144//144 135//135 146//146
f 147//147 137//137 138//138
f 146//146 137//137 147//147
f 3//3 147//147 2//2
f 147//147 139//139 2//2
f 147//147 138//138 139//139
f 2//2 139//139 5//5
f 5//5 139//139 140//140
f 5//5 140//140 7//7
f 7//7 140//140 141//141
f 7//7 141//141 8//8
f 141//141 148//148 8//8
f 141//141 142//142 148//148
f 142//142 143//143 149//149
f 150//150 142//142 149//149
f 148//148 142//142 150//150
f 151//151 150//150 149//149
f 145//145 144//144 152//152
f 145//145 152//152 153//153
f 11//11 152//152 10//10
f 152//152 146//146 10//10
f 152//152 144//144 146//146
f 10//10 146//146 13//13
f 13//13 146//146 147//147
f 13//13 147//147 3//3
f 154//154 17//17 148//148
f 148//148 17//17 8//8
f 155//155 148//148 150//150
f 154//154 148//148 155//155
f 150//150 151//151 156//156
f 150//150 156//156 155//155
f 153//153 152//152 157//157
f 153//153 157//157 158//158
f 19//19 157//157 11//11
f 11//11 157//157 152//152
f 154//154 24//24 17//17
f 24//24 154//154 26//26
f 154//154 159//159 26//26
f 154//154 155//155 159//159
f 155//155 156//156 160//160
f 155//155 160//160 159//159
f 158//158 157//157 161//161
f 158//158 161//161 162//162
f 28//28 161//161 19//19
f 19//19 161//161 157//157
f 163//163 33//33 34//34
f 26//26 159//159 34//34
f 159//159 163//163 34//34
f 159//159 164//164 163//163
f 159//159 160//160 165//165
f 159//159 165//165 164//164
f 162//162 161//161 166//166
f 162//162 166//166 167//167
f 35//35 168//168 28//28
f 168//168 161//161 28//28
f 168//168 166//166 161//161
f 36//36 168//168 35//35
f 169//169 41//41 163//163
f 163//163 41//41 33//33
f 170//170 163//163 164//164
f 169//169 163//163 170//170
f 164//164 165//165 171//171
f 164//164 171//171 170//170
f 167//167 166//166 172//172
f 167//167 172//172 173//173
f 174//174 166//166 168//168
f 172//172 166//166 174//174
f 42//42 175//175 36//36
f 175//175 168//168 36//36
f 175//175 174//174 168//168
f 43//43 176//176 42//42
f 42//42 176//176 175//175
f 44//44 177//177 43//43
f 43//43 177//177 176//176
f 45//45 178//178 44//44
f 44//44 178//178 177//177
f 41//41 169//169 45//45
f 169//169 178//178 45//45
f 169//169 179//179 178//178
f 180//180 169//169 170//170
f 179//179 169//169 180//180
f 170//170 171//171 181//181
f 170//170 181//181 180//180
f 182//182 173//173 172//172
f 182//182 172//172 174//174
f 182//182 174//174 183//183
f 185//185 184//184 183//183
f 174//174 185//185 183//183
f 175//175 185//185 174//174
f 186//186 175//175 176//176
f 185//185 175//175 186//186
f 187//187 176//176 177//177
f 186//186 176//176 187//187
f 188//188 177//177 178//178
f 187//187 177//177 188//188
f 189//189 178//178 179//179
f 188//188 178//178 189//189
f 180//180 191//191 190//190
f 189//189 180//180 190//190
f 179//179 180//180 189//189
f 191//191 180//180 181//181
f 192//192 184//184 185//185
f 192//192 185//185 186//186
f 192//192 186//186 193//193
f 193//193 186//186 187//187
f 193//193 187//187 194//194
f 194//194 187//187 188//188
f 194//194 188//188 195//195
f 195//195 188//188 189//189
f 195//195 189//189 196//196
f 196//196 189//189 190//190
f 198//198 197//197 203//203
f 198//198 203//203 204//204
f 55//55 203//203 54//54
f 203//203 199//199 54//54
f 203//203 197//197 199//199
f 54//54 199//199 47//47
f 205//205 61//61 200//200
f 200//200 61//61 52//52
f 206//206 200//200 201//201
f 205//205 200//200 206//206
f 201//201 202//202 207//207
f 201//201 207//207 206//206
f 204//204 203//203 208//208
f 204//204 208//208 209//209
f 63//63 208//208 55//55
f 55//55 208//208 203//203
f 205//205 69//69 61//61
f 69//69 205//205 71//71
f 205//205 210//210 71//71
f 205//205 206//206 210//210
f 206//206 207//207 211//211
f 212//212 206//206 211//211
f 210//210 206//206 212//212
f 213//213 212//212 211//211
f 209//209 208//208 214//214
f 209//209 214//214 215//215
f 73//73 214//214 63//63
f 63//63 214//214 208//208
f 216//216 80//80 210//210
f 210//210 80//80 71//71
f 217//217 210//210 212//212
f 216//216 210//210 217//217
f 212//212 213//213 218//218
f 212//212 218//218 217//217
f 215//215 214//214 219//219
f 215//215 219//219 220//220
f 82//82 219//219 73//73
f 73//73 219//219 214//214
f 221//221 89//89 216//216
f 216//216 89//89 80//80
f 222//222 216//216 217//217
f 221//221 216//216 222//222
f 217//217 218//218 223//223
f 217//217 223//223 222//222
f 220//220 219//219 224//224
f 220//220 224//224 225//225
f 91//91 224//224 82//82
f 82//82 224//224 219//219
f 226//226 98//98 221//221
f 221//221 98//98 89//89
f 227//227 221//221 222//222
f 226//226 221//221 227//227
f 222//222 223//223 228//228
f 222//222 228//228 227//227
f 225//225 224//224 229//229
f 225//225 229//229 230//230
f 100//100 229//229 91//91
f 91//91 229//229 224//224
f 231//231 107//107 226//226
f 226//226 107//107 98//98
f 232//232 226//226 227//227
f 231//231 226//226 232//232
f 227//227 228//228 233//233
f 227//227 233//233 232//232
f 230//230 229//229 234//234
f 230//230 234//234 235//235
f 109//109 234//234 100//100
f 100//100 234//234 229//229
f 236//236 116//116 231//231
f 231//231 116//116 107//107
f 237//237 231//231 232//232
f 236//236 231//231 237//237
f 232//232 233//233 238//238
f 232//232 238//238 237//237
f 235//235 234//234 239//239
f 235//235 239//239 240//240
f 118//118 239//239 109//109
f 109//109 239//239 234//234
f 241//241 125//125 236//236
f 236//236 125//125 116//116
f 242//242 236//236 237//237
f 241//241 236//236 242//242
f 237//237 238//238 243//243
f 237//237 243//243 242//242
f 240//240 239//239 244//244
f 240//240 244//244 245//245
f 127//127 244//244 118//118
f 118//118 244//244 239//239
f 246//246 134//134 241//241
f 241//241 134//134 125//125
f 247//247 241//241 242//242
f 246//246 241//241 247//247
f 242//242 243//243 248//248
f 242//242 248//248 247//247
f 245//245 244//244 249//249
f 245//245 249//249 250//250
f 136//136 249//249 127//127
f 127//127 249//249 244//244
f 251//251 143//143 246//246
f 246//246 143//143 134//134
f 252//252 246//246 247//247
f 251//251 246//246 252//252
f 247//247 248//248 253//253
f 247//247 253//253 252//252
f 254//254 250//250 249//249
f 249//249 136//136 254//254
f 136//136 255//255 254//254
f 136//136 145//145 255//255
f 251//251 149//149 143//143
f 149//149 251//251 151//151
f 251//251 256//256 151//151
f 251//251 252//252 256//256
f 252//252 253//253 257//257
f 252//252 257//257 256//256
f 153//153 255//255 145//145
f 153//153 258//258 255//255
f 259//259 156//156 256//256
f 256//256 156//156 151//151
f 256//256 257//257 260//260
f 256//256 260//260 259//259
f 158//158 258//258 153//153
f 158//158 261//261 258//258
f 262//262 160//160 259//259
f 259//259 160//160 156//156
f 259//259 260//260 263//263
f 259//259 263//263 262//262
f 162//162 261//261 158//158
f 162//162 264//264 261//261
f 265//265 165//165 262//262
f 262//262 165//165 160//160
f 262//262 263//263 266//266
f 262//262 266//266 265//265
f 167//167 264//264 162//162
f 167//167 267//267 264//264
f 268//268 171//171 265//265
f 265//265 171//171 165//165
f 265//265 266//266 269//269
f 265//265 269//269 268//268
f 173//173 267//267 167//167
f 173//173 270//270 267//267
f 271//271 181//181 268//268
f 268//268 181//181 171//171
f 268//268 269//269 272//272
f 268//268 272//272 271//271
f 173//173 182//182 273//273
f 274//274 173//173 273//273
f 270//270 173//173 274//274
f 183//183 275//275 182//182
f 182//182 275//275 273//273
f 184//184 275//275 183//183
f 276//276 190//190 191//191
f 181//181 271//271 191//191
f 271//271 276//276 191//191
f 271//271 277//277 276//276
f 271//271 272//272 278//278
f 271//271 278//278 277//277
f 279//279 274//274 273//273
f 281//281 280//280 279//279
f 273//273 281//281 279//279
f 275//275 281//281 273//273
f 192//192 282//282 184//184
f 282//282 275//275 184//184
f 282//282 281//281 275//275
f 193//193 283//283 192//192
f 192//192 283//283 282//282
f 194//194 284//284 193//193
f 193//193 284//284 283//283
f 195//195 285//285 194//194
f 194//194 285//285 284//284
f 196//196 286//286 195//195
f 195//195 286//286 285//285
f 190//190 276//276 196//196
f 276//276 286//286 196//196
f 276//276 287//287 286//286
f 277//277 289//289 288//288
f 287//287 277//277 288//288
f 276//276 277//277 287//287
f 289//289 277//277 278//278
f 290//290 280//280 281//281
f 290//290 281//281 282//282
f 290//290 282//282 291//291
f 291//291 282//282 283//283
f 291//291 283//283 292//292
f 294//294 293//293 292//292
f 283//283 294//294 292//292
f 284//284 294//294 283//283
f 295//295 284//284 285//285
f 294//294 284//284 295//295
f 286//286 297//297 296//296
f 295//295 286//286 296//296
f 285//285 286//286 295//295
f 297//297 286//286 287//287
f 297//297 287//287 298//298
f 298//298 287//287 288//288
f 299//299 293//293 294//294
f 299//299 294//294 295//295
f 299//299 295//295 300//300
f 300//300 295//295 296//296
f 204//204 301//301 198//198
f 204//204 304//304 301//301
f 305//305 207//207 302//302
f 302//302 207//207 202//202
f 302//302 303//303 306//306
f 302//302 306//306 305//305
f 209//209 304//304 204//204
f 209//209 307//307 304//304
f 305//305 211//211 207//207
f 213//213 211//211 305//305
f 306//306 213//213 305//305
f 308//308 213//213 306//306
f 215//215 307//307 209//209
f 215//215 309//309 307//307
f 311//311 218//218 310//310
f 218//218 308//308 310//310
f 218//218 213//213 308//308
f 312//312 311//311 310//310
f 220//220 309//309 215//215
f 220//220 313//313 309//309
f 314//314 223//223 311//311
f 311//311 223//223 218//218
f 311//311 312//312 315//315
f 311//311 315//315 314//314
f 225//225 313//313 220//220
f 225//225 316//316 313//313
f 317//317 228//228 314//314
f 314//314 228//228 223//223
f 314//314 315//315 318//318
f 314//314 318//318 317//317
f 230//230 316//316 225//225
f 230//230 319//319 316//316
f 320//320 233//233 317//317
f 317//317 233//233 228//228
f 317//317 318//318 321//321
f 317//317 321//321 320//320
f 235//235 319//319 230//230
f 235//235 322//322 319//319
f 323//323 238//238 320//320
f 320//320 238//238 233//233
f 320//320 321//321 324//324
f 320//320 324//324 323//323
f 240//240 322//322 235//235
f 240//240 325//325 322//322
f 326//326 243//243 323//323
f 323//323 243//243 238//238
f 323//323 324//324 327//327
f 323//323 327//327 326//326
f 245//245 325//325 240//240
f 245//245 328//328 325//325
f 329//329 248//248 326//326
f 326//326 248//248 243//243
f 326//326 327//327 330//330
f 326//326 330//330 329//329
f 250//250 332//332 331//331
f 328//328 250//250 331//331
f 245//245 250//250 328//328
f 332//332 333//333 331//331
f 334//334 253//253 329//329
f 329//329 253//253 248//248
f 329//329 330//330 335//335
f 329//329 335//335 334//334
f 254//254 332//332 250//250
f 254//254 255//255 332//332
f 255//255 333//333 332//332
f 255//255 336//336 333//333
f 337//337 257//257 334//334
f 334//334 257//257 253//253
f 334//334 335//335 338//338
f 334//334 338//338 337//337
f 258//258 336//336 255//255
f 258//258 339//339 336//336
f 340//340 260//260 337//337
f 337//337 260//260 257//257
f 337//337 338//338 341//341
f 337//337 341//341 340//340
f 261//261 339//339 258//258
f 261//261 342//342 339//339
f 343//343 263//263 340//340
f 340//340 263//263 260//260
f 340//340 341//341 344//344
f 340//340 344//344 343//343
f 264//264 342//342 261//261
f 264//264 345//345 342//342
f 346//346 266//266 343//343
f 343//343 266//266 263//263
f 343//343 344//344 347//347
f 343//343 347//347 346//346
f 267//267 345//345 264//264
f 267//267 348//348 345//345
f 349//349 269//269 346//346
f 346//346 269//269 266//266
f 346//346 347//347 350//350
f 346//346 350//350 349//349
f 270//270 348//348 267//267
f 270//270 351//351 348//348
f 352//352 272//272 349//349
f 349//349 272//272 269//269
f 349//349 350//350 353//353
f 349//349 353//353 352//352
f 274//274 351//351 270//270
f 274//274 354//354 351//351
f 355//355 278//278 352//352
f 352//352 278//278 272//272
f 352//352 353//353 356//356
f 352//352 356//356 355//355
f 274//274 279//279 357//357
f 358//358 274//274 357//357
f 354//354 274//274 358//358
f 280//280 357//357 279//279
f 359//359 288//288 289//289
f 360//360 359//359 289//289
f 360//360 289//289 278//278
f 361//361 360//360 278//278
f 355//355 361//361 278//278
f 361//361 355//355 356//356
f 358//358 357//357 362//362
f 358//358 362//362 363//363
f 290//290 364//364 280//280
f 364//364 357//357 280//280
f 364//364 362//362 357//357
f 291//291 365//365 290//290
f 290//290 365//365 364//364
f 292//292 366//366 291//291
f 291//291 366//366 365//365
f 293//293 366//366 292//292
f 367//367 296//296 297//297
f 298//298 368//368 297//297
f 297//297 368//368 367//367
f 369//369 368//368 298//298
f 369//369 298//298 288//288
f 370//370 369//369 288//288
f 359//359 370//370 288//288
f 370//370 359//359 360//360
f 371//371 363//363 362//362
f 371//371 362//362 364//364
f 371//371 364//364 372//372
f 372//372 364//364 365//365
f 372//372 365//365 373//373
f 375//375 374//374 373//373
f 365//365 375//375 373//373
f 366//366 375//375 365//365
f 299//299 376//376 293//293
f 376//376 366//366 293//293
f 376//376 375//375 366//366
f 300//300 377//377 299//299
f 299//299 377//377 376//376
f 296//296 367//367 300//300
f 367//367 377//377 300//300
f 367//367 378//378 377//377
f 368//368 380//380 379//379
f 378//378 368//368 379//379
f 367//367 368//368 378//378
f 380//380 368//368 369//369
f 381//381 374//374 375//375
f 381//381 375//375 376//376
f 381//381 376//376 382//382
f 382//382 376//376 377//377
f 382//382 377//377 383//383
f 383//383 377//377 378//378
f 383//383 378//378 384//384
f 384//384 378//378 379//379
f 304//304 385//385 301//301
f 304//304 388//388 385//385
f 389//389 306//306 386//386
f 386//386 306//306 303//303
f 386//386 387//387 390//390
f 386//386 390//390 389//389
f 307//307 388//388 304//304
f 307//307 391//391 388//388
f 392//392 308//308 389//389
f 389//389 308//308 306//306
f 389//389 390//390 393//393
f 389//389 393//393 392//392
f 309//309 391//391 307//307
f 309//309 394//394 391//391
f 392//392 310//310 308//308
f 312//312 310//310 392//392
f 393//393 312//312 392//392
f 395//395 312//312 393//393
f 313//313 394//394 309//309
f 313//313 396//396 394//394
f 395//395 315//315 312//312
f 397//397 315//315 395//395
f 316//316 396//396 313//313
f 316//316 398//398 396//396
f 397//397 318//318 315//315
f 399//399 318//318 397//397
f 319//319 398//398 316//316
f 319//319 400//400 398//398
f 399//399 321//321 318//318
f 401//401 321//321 399//399
f 322//322 400//400 319//319
f 322//322 402//402 400//400
f 401//401 324//324 321//321
f 403//403 324//324 401//401
f 325//325 402//402 322//322
f 325//325 404//404 402//402
f 403//403 327//327 324//324
f 405//405 327//327 403//403
f 328//328 404//404 325//325
f 328//328 406//406 404//404
f 405//405 330//330 327//327
f 407//407 330//330 405//405
f 408//408 406//406 328//328
f 408//408 328//328 331//331
f 331//331 333//333 408//408
f 408//408 333//333 409//409
f 407//407 335//335 330//330
f 410//410 335//335 407//407
f 336//336 409//409 333//333
f 336//336 411//411 409//409
f 413//413 338//338 412//412
f 338//338 410//410 412//412
f 338//338 335//335 410//410
f 414//414 413//413 412//412
f 339//339 411//411 336//336
f 339//339 415//415 411//411
f 416//416 341//341 413//413
f 413//413 341//341 338//338
f 413//413 414//414 417//417
f 413//413 417//417 416//416
f 342//342 415//415 339//339
f 342//342 418//418 415//415
f 419//419 344//344 416//416
f 416//416 344//344 341//341
f 416//416 417//417 420//420
f 416//416 420//420 419//419
f 345//345 418//418 342//342
f 345//345 421//421 418//418
f 422//422 347//347 419//419
f 419//419 347//347 344//344
f 419//419 420//420 423//423
f 419//419 423//423 422//422
f 348//348 421//421 345//345
f 348//348 424//424 421//421
f 425//425 350//350 422//422
f 422//422 350//350 347//347
f 422//422 423//423 426//426
f 422//422 426//426 425//425
f 351//351 424//424 348//348
f 351//351 427//427 424//424
f 428//428 353//353 425//425
f 425//425 353//353 350//350
f 425//425 426//426 429//429
f 425//425 429//429 428//428
f 354//354 427//427 351//351
f 354//354 430//430 427//427
f 432//432 431//431 428//428
f 431//431 353//353 428//428
f 431//431 356//356 353//353
f 432//432 428//428 429//429
f 358//358 430//430 354//354
f 358//358 433//433 430//430
f 434//434 360//360 361//361
f 435//435 434//434 361//361
f 356//356 435//435 361//361
f 431//431 435//435 356//356
f 363//363 433//433 358//358
f 363//363 436//436 433//433
f 437//437 369//369 370//370
f 438//438 437//437 370//370
f 438//438 370//370 360//360
f 439//439 438//438 360//360
f 434//434 439//439 360//360
f 439//439 434//434 435//435
f 363//363 371//371 440//440
f 441//441 363//363 440//440
f 436//436 363//363 441//441
f 372//372 442//442 371//371
f 371//371 442//442 440//440
f 373//373 443//443 372//372
f 372//372 443//443 442//442
f 374//374 443//443 373//373
f 444//444 379//379 380//380
f 369//369 437//437 380//380
f 437//437 444//444 380//380
f 437//437 445//445 444//444
f 437//437 438//438 446//446
f 437//437 446//446 445//445
f 447//447 441//441 440//440
f 447//447 440//440 442//442
f 447//447 442//442 448//448
f 450//450 449//449 448//448
f 442//442 450//450 448//448
f 443//443 450//450 442//442
f 381//381 451//451 374//374
f 451//451 443//443 374//374
f 451//451 450//450 443//443
f 382//382 452//452 381//381
f 381//381 452//452 451//451
f 383//383 453//453 382//382
f 382//382 453//453 452//452
f 384//384 454//454 383//383
f 383//383 454//454 453//453
f 455//455 454//454 384//384
f 455//455 384//384 379//379
f 456//456 455//455 379//379
f 444//444 456//456 379//379
f 456//456 444//444 445//445
f 456//456 445//445 457//457
f 457//457 445//445 446//446
f 458//458 449//449 450//450
f 458//458 450//450 451//451
f 458//458 451//451 459//459
f 459//459 451//451 452//452
f 459//459 452//452 460//460
f 460//460 452//452 453//453
f 460//460 453//453 461//461
f 461//461 453//453 454//454
f 461//461 454//454 462//462
f 462//462 454//454 455//455
f 388//388 463//463 385//385
f 388//388 465//465 463//463
f 464//464 390//390 387//387
f 466//466 390//390 464//464
f 391//391 465//465 388//388
f 391//391 467//467 465//465
f 466//466 393//393 390//390
f 468//468 393//393 466//466
f 394//394 467//467 391//391
f 394//394 469//469 467//467
f 471//471 395//395 470//470
f 395//395 468//468 470//470
f 395//395 393//393 468//468
f 472//472 471//471 470//470
f 396//396 469//469 394//394
f 396//396 473//473 469//469
f 474//474 397//397 471//471
f 471//471 397//397 395//395
f 471//471 472//472 475//475
f 471//471 475//475 474//474
f 398//398 473//473 396//396
f 398//398 476//476 473//473
f 477//477 399//399 474//474
f 474//474 399//399 397//397
f 474//474 475//475 478//478
f 474//474 478//478 477//477
f 400//400 476//476 398//398
f 400//400 479//479 476//476
f 480//480 401//401 477//477
f 477//477 401//401 399//399
f 477//477 478//478 481//481
f 477//477 481//481 480//480
f 402//402 479//479 400//400
f 402//402 482//482 479//479
f 483//483 403//403 480//480
f 480//480 403//403 401//401
f 480//480 481//481 484//484
f 480//480 484//484 483//483
f 404//404 482//482 402//402
f 404//404 485//485 482//482
f 486//486 405//405 483//483
f 483//483 405//405 403//403
f 483//483 484//484 487//487
f 483//483 487//487 486//486
f 406//406 485//485 404//404
f 406//406 488//488 485//485
f 489//489 407//407 486//486
f 486//486 407//407 405//405
f 486//486 487//487 490//490
f 486//486 490//490 489//489
f 491//491 488//488 406//406
f 491//491 406//406 408//408
f 408//408 409//409 491//491
f 491//491 409//409 492//492
f 493//493 410//410 489//489
f 489//489 410//410 407//407
f 489//489 490//490 494//494
f 489//489 494//494 493//493
f 411//411 492//492 409//409
f 411//411 495//495 492//492
f 493//493 412//412 410//410
f 414//414 412//412 493//493
f 494//494 414//414 493//493
f 496//496 414//414 494//494
f 415//415 495//495 411//411
f 415//415 497//497 495//495
f 496//496 417//417 414//414
f 498//498 417//417 496//496
f 418//418 497//497 415//415
f 418//418 499//499 497//497
f 498//498 420//420 417//417
f 500//500 420//420 498//498
f 421//421 499//499 418//418
f 421//421 501//501 499//499
f 500//500 423//423 420//420
f 502//502 423//423 500//500
f 424//424 501//501 421//421
f 424//424 503//503 501//501
f 502//502 426//426 423//423
f 504//504 426//426 502//502
f 427//427 503//503 424//424
f 427//427 505//505 503//503
f 504//504 429//429 426//426
f 506//506 429//429 504//504
f 430//430 505//505 427//427
f 430//430 507//507 505//505
f 508//508 431//431 432//432
f 509//509 508//508 432//432
f 429//429 509//509 432//432
f 506//506 509//509 429//429
f 433//433 507//507 430//430
f 433//433 510//510 507//507
f 512//512 511//511 508//508
f 511//511 431//431 508//508
f 511//511 435//435 431//431
f 512//512 508//508 509//509
f 436//436 510//510 433//433
f 436//436 513//513 510//510
f 514//514 438//438 439//439
f 515//515 514//514 439//439
f 435//435 515//515 439//439
f 511//511 515//515 435//435
f 441//441 513//513 436//436
f 441//441 516//516 513//513
f 518//518 517//517 514//514
f 517//517 438//438 514//514
f 517//517 446//446 438//438
f 518//518 514//514 515//515
f 441//441 447//447 519//519
f 520//520 441//441 519//519
f 516//516 441//441 520//520
f 448//448 521//521 447//447
f 447//447 521//521 519//519
f 449//449 521//521 448//448
f 522//522 455//455 456//456
f 457//457 523//523 456//456
f 456//456 523//523 522//522
f 524//524 523//523 457//457
f 446//446 524//524 457//457
f 517//517 524//524 446//446
f 525//525 520//520 519//519
f 527//527 526//526 525//525
f 519//519 527//527 525//525
f 521//521 527//527 519//519
f 458//458 528//528 449//449
f 528//528 521//521 449//449
f 528//528 527//527 521//521
f 459//459 529//529 458//458
f 458//458 529//529 528//528
f 460//460 530//530 459//459
f 459//459 530//530 529//529
f 461//461 531//531 460//460
f 460//460 531//531 530//530
f 462//462 532//532 461//461
f 461//461 532//532 531//531
f 455//455 522//522 462//462
f 522//522 532//532 462//462
f 522//522 533//533 532//532
f 523//523 535//535 534//534
f 533//533 523//523 534//534
f 522//522 523//523 533//533
f 535//535 523//523 524//524
f 536//536 526//526 527//527
f 536//536 527//527 528//528
f 536//536 528//528 537//537
f 537//537 528//528 529//529
f 537//537 529//529 538//538
f 540//540 539//539 538//538
f 529//529 540//540 538//538
f 530//530 540//540 529//529
f 541//541 530//530 531//531
f 540//540 530//530 541//541
f 532//532 543//543 542//542
f 541//541 532//532 542//542
f 531//531 532//532 541//541
f 543//543 532//532 533//533
f 543//543 533//533 544//544
f 544//544 533//533 534//534
f 545//545 539//539 540//540
f 545//545 540//540 541//541
f 545//545 541//541 546//546
f 546//546 541//541 542//542
f 465//465 547//547 463//463
f 465//465 550//550 547//547
f 551//551 466//466 548//548
f 548//548 466//466 464//464
f 548//548 549//549 552//552
f 548//548 552//552 551//551
f 467//467 550//550 465//465
f 467//467 553//553 550//550
f 554//554 468//468 551//551
f 551//551 468//468 466//466
f 551//551 552//552 555//555
f 551//551 555//555 554//554
f 469//469 553//553 467//467
f 469//469 556//556 553//553
f 554//554 470//470 468//468
f 472//472 470//470 554//554
f 555//555 472//472 554//554
f 557//557 472//472 555//555
f 473//473 556//556 469//469
f 473//473 558//558 556//556
f 557//557 475//475 472//472
f 559//559 475//475 557//557
f 476//476 558//558 473//473
f 476//476 560//560 558//558
f 559//559 478//478 475//475
f 561//561 478//478 559//559
f 479//479 560//560 476//476
f 479//479 562//562 560//560
f 561//561 481//481 478//478
f 563//563 481//481 561//561
f 482//482 562//562 479//479
f 482//482 564//564 562//562
f 563//563 484//484 481//481
f 565//565 484//484 563//563
f 485//485 564//564 482//482
f 485//485 566//566 564//564
f 565//565 487//487 484//484
f 567//567 487//487 565//565
f 488//488 569//569 568//568
f 566//566 488//488 568//568
f 485//485 488//488 566//566
f 569//569 570//570 568//568
f 567//567 490//490 487//487
f 571//571 490//490 567//567
f 491//491 569//569 488//488
f 491//491 492//492 569//569
f 492//492 570//570 569//569
f 492//492 572//572 570//570
f 571//571 494//494 490//490
f 573//573 494//494 571//571
f 495//495 572//572 492//492
f 495//495 574//574 572//572
f 573//573 496//496 494//494
f 575//575 496//496 573//573
f 497//497 574//574 495//495
f 497//497 576//576 574//574
f 575//575 498//498 496//496
f 577//577 498//498 575//575
f 499//499 576//576 497//497
f 499//499 578//578 576//576
f 577//577 500//500 498//498
f 579//579 500//500 577//577
f 501//501 578//578 499//499
f 501//501 580//580 578//578
f 579//579 502//502 500//500
f 581//581 502//502 579//579
f 503//503 580//580 501//501
f 503//503 582//582 580//580
f 581//581 504//504 502//502
f 583//583 504//504 581//581
f 505//505 582//582 503//503
f 505//505 584//584 582//582
f 583//583 506//506 504//504
f 585//585 506//506 583//583
f 507//507 584//584 505//505
f 507//507 586//586 584//584
f 585//585 509//509 506//506
f 587//587 509//509 585//585
f 510//510 586//586 507//507
f 510//510 588//588 586//586
f 589//589 511//511 512//512
f 590//590 589//589 512//512
f 509//509 590//590 512//512
f 587//587 590//590 509//509
f 513//513 588//588 510//510
f 513//513 591//591 588//588
f 592//592 515//515 589//589
f 589//589 515//515 511//511
f 589//589 590//590 593//593
f 589//589 593//593 592//592
f 516//516 591//591 513//513
f 516//516 594//594 591//591
f 595//595 517//517 518//518
f 596//596 595//595 518//518
f 596//596 518//518 515//515
f 597//597 596//596 515//515
f 592//592 597//597 515//515
f 597//597 592//592 593//593
f 520//520 594//594 516//516
f 520//520 598//598 594//594
f 599//599 524//524 595//595
f 595//595 524//524 517//517
f 595//595 596//596 600//600
f 595//595 600//600 599//599
f 520//520 525//525 601//601
f 602//602 520//520 601//601
f 598//598 520//520 602//602
f 526//526 601//601 525//525
f 603//603 534//534 535//535
f 604//604 603//603 535//535
f 604//604 535//535 524//524
f 605//605 604//604 524//524
f 599//599 605//605 524//524
f 605//605 599//599 600//600
f 602//602 601//601 606//606
f 602//602 606//606 607//607
f 536//536 608//608 526//526
f 608//608 601//601 526//526
f 608//608 606//606 601//601
f 537//537 609//609 536//536
f 536//536 609//609 608//608
f 538//538 610//610 537//537
f 537//537 610//610 609//609
f 539//539 610//610 538//538
f 611//611 542//542 543//543
f 544//544 612//612 543//543
f 543//543 612//612 611//611
f 613//613 612//612 544//544
f 613//613 544//544 534//534
f 614//614 613//613 534//534
f 603//603 614//614 534//534
f 614//614 603//603 604//604
f 615//615 607//607 606//606
f 615//615 606//606 608//608
f 615//615 608//608 616//616
f 616//616 608//608 609//609
f 616//616 609//609 617//617
f 619//619 618//618 617//617
f 609//609 619//619 617//617
f 610//610 619//619 609//609
f 545//545 620//620 539//539
f 620//620 610//610 539//539
f 620//620 619//619 610//610
f 546//546 621//621 545//545
f 545//545 621//621 620//620
f 542//542 611//611 546//546
f 611//611 621//621 546//546
f 611//611 622//622 621//621
f 612//612 624//624 623//623
f 622//622 612//612 623//623
f 611//611 612//612 622//622
f 624//624 612//612 613//613
f 625//625 618//618 619//619
f 625//625 619//619 620//620
f 625//625 620//620 626//626
f 626//626 620//620 621//621
f 626//626 621//621 627//627
f 627//627 621//621 622//622
f 627//627 622//622 628//628
f 628//628 622//622 623//623
f 550//550 629//629 547//547
f 550//550 631//631 629//629
f 630//630 552//552 549//549
f 632//632 552//552 630//630
f 553//553 631//631 550//550
f 553//553 633//633 631//631
f 632//632 555//555 552//552
f 634//634 555//555 632//632
f 556//556 633//633 553//553
f 556//556 635//635 633//633
f 634//634 557//557 555//555
f 636//636 557//557 634//634
f 558//558 635//635 556//556
f 558//558 637//637 635//635
f 636//636 559//559 557//557
f 638//638 559//559 636//636
f 560//560 637//637 558//558
f 560//560 639//639 637//637
f 638//638 561//561 559//559
f 640//640 561//561 638//638
f 562//562 639//639 560//560
f 562//562 641//641 639//639
f 640//640 563//563 561//561
f 642//642 563//563 640//640
f 564//564 641//641 562//562
f 564//564 643//643 641//641
f 642//642 565//565 563//563
f 644//644 565//565 642//642
f 566//566 643//643 564//564
f 566//566 645//645 643//643
f 644//644 567//567 565//565
f 646//646 567//567 644//644
f 647//647 645//645 566//566
f 647//647 566//566 568//568
f 568//568 570//570 647//647
f 647//647 570//570 648//648
f 646//646 571//571 567//567
f 649//649 571//571 646//646
f 572//572 648//648 570//570
f 572//572 650//650 648//648
f 649//649 573//573 571//571
f 651//651 573//573 649//649
f 574//574 650//650 572//572
f 574//574 652//652 650//650
f 651//651 575//575 573//573
f 653//653 575//575 651//651
f 576//576 652//652 574//574
f 576//576 654//654 652//652
f 653//653 577//577 575//575
f 655//655 577//577 653//653
f 578//578 654//654 576//576
f 578//578 656//656 654//654
f 655//655 579//579 577//577
f 657//657 579//579 655//655
f 580//580 656//656 578//578
f 580//580 658//658 656//656
f 657//657 581//581 579//579
f 659//659 581//581 657//657
f 582//582 658//658 580//580
f 582//582 660//660 658//658
f 659//659 583//583 581//581
f 661//661 583//583 659//659
f 584//584 660//660 582//582
f 584//584 662//662 660//660
f 661//661 585//585 583//583
f 663//663 585//585 661//661
f 586//586 662//662 584//584
f 586//586 664//664 662//662
f 663//663 587//587 585//585
f 665//665 587//587 663//663
f 588//588 664//664 586//586
f 588//588 666//666 664//664
f 665//665 590//590 587//587
f 667//667 590//590 665//665
f 591//591 666//666 588//588
f 591//591 668//668 666//666
f 667//667 593//593 590//590
f 669//669 593//593 667//667
f 594//594 668//668 591//591
f 594//594 670//670 668//668
f 671//671 596//596 597//597
f 672//672 671//671 597//597
f 593//593 672//672 597//597
f 669//669 672//672 593//593
f 598//598 670//670 594//594
f 598//598 673//673 670//670
f 675//675 674//674 671//671
f 674//674 596//596 671//671
f 674//674 600//600 596//596
f 675//675 671//671 672//672
f 602//602 673//673 598//598
f 602//602 676//676 673//673
f 677//677 604//604 605//605
f 678//678 677//677 605//605
f 600//600 678//678 605//605
f 674//674 678//678 600//600
f 607//607 676//676 602//602
f 607//607 679//679 676//676
f 680//680 613//613 614//614
f 681//681 680//680 614//614
f 681//681 614//614 604//604
f 682//682 681//681 604//604
f 677//677 682//682 604//604
f 682//682 677//677 678//678
f 607//607 615//615 683//683
f 684//684 607//607 683//683
f 679//679 607//607 684//684
f 616//616 685//685 615//615
f 615//615 685//685 683//683
f 617//617 686//686 616//616
f 616//616 686//686 685//685
f 618//618 686//686 617//617
f 687//687 623//623 624//624
f 688//688 687//687 624//624
f 688//688 624//624 613//613
f 689//689 688//688 613//613
f 680//680 689//689 613//613
f 689//689 680//680 681//681
f 690//690 684//684 683//683
f 692//692 691//691 690//690
f 683//683 692//692 690//690
f 685//685 692//692 683//683
f 693//693 685//685 686//686
f 692//692 685//685 693//693
f 625//625 694//694 618//618
f 694//694 686//686 618//618
f 694//694 693//693 686//686
f 626//626 695//695 625//625
f 625//625 695//695 694//694
f 627//627 696//696 626//626
f 626//626 696//696 695//695
f 628//628 697//697 627//627
f 627//627 697//697 696//696
f 698//698 697//697 628//628
f 698//698 628//628 623//623
f 699//699 698//698 623//623
f 687//687 699//699 623//623
f 699//699 687//687 688//688
f 700//700 691//691 692//692
f 700//700 692//692 693//693
f 700//700 693//693 701//701
f 701//701 693//693 694//694
f 701//701 694//694 702//702
f 702//702 694//694 695//695
f 702//702 695//695 703//703
f 703//703 695//695 696//696
f 703//703 696//696 704//704
f 704//704 696//696 697//697
f 704//704 697//697 705//705
f 705//705 697//697 698//698
f 631//631 706//706 629//629
f 631//631 708//708 706//706
f 707//707 632//632 630//630
f 709//709 632//632 707//707
f 633//633 708//708 631//631
f 633//633 710//710 708//708
f 709//709 634//634 632//632
f 711//711 634//634 709//709
f 635//635 710//710 633//633
f 635//635 712//712 710//710
f 711//711 636//636 634//634
f 713//713 636//636 711//711
f 637//637 712//712 635//635
f 637//637 714//714 712//712
f 713//713 638//638 636//636
f 715//715 638//638 713//713
f 639//639 714//714 637//637
f 639//639 716//716 714//714
f 715//715 640//640 638//638
f 717//717 640//640 715//715
f 641//641 716//716 639//639
f 641//641 718//718 716//716
f 717//717 642//642 640//640
f 719//719 642//642 717//717
f 643//643 718//718 641//641
f 643//643 720//720 718//718
f 723//723 722//722 721//721
f 719//719 723//723 721//721
f 644//644 719//719 721//721
f 642//642 719//719 644//644
f 645//645 720//720 643//643
f 645//645 724//724 720//720
f 721//721 722//722 725//725
f 725//725 722//722 726//726
f 725//725 646//646 644//644
f 725//725 644//644 721//721
f 727//727 724//724 645//645
f 727//727 645//645 647//647
f 647//647 648//648 727//727
f 727//727 648//648 728//728
f 725//725 726//726 729//729
f 729//729 726//726 730//730
f 729//729 649//649 646//646
f 729//729 646//646 725//725
f 650//650 728//728 648//648
f 650//650 731//731 728//728
f 729//729 730//730 732//732
f 732//732 730//730 733//733
f 732//732 651//651 649//649
f 732//732 649//649 729//729
f 652//652 731//731 650//650
f 652//652 734//734 731//731
f 733//733 735//735 732//732
f 651//651 732//732 735//735
f 736//736 651//651 735//735
f 653//653 651//651 736//736
f 654//654 734//734 652//652
f 654//654 737//737 734//734
f 736//736 655//655 653//653
f 738//738 655//655 736//736
f 656//656 737//737 654//654
f 656//656 739//739 737//737
f 738//738 657//657 655//655
f 740//740 657//657 738//738
f 658//658 739//739 656//656
f 658//658 741//741 739//739
f 740//740 659//659 657//657
f 742//742 659//659 740//740
f 660//660 741//741 658//658
f 660//660 743//743 741//741
f 742//742 661//661 659//659
f 744//744 661//661 742//742
f 662//662 743//743 660//660
f 662//662 745//745 743//743
f 744//744 663//663 661//661
f 746//746 663//663 744//744
f 664//664 745//745 662//662
f 664//664 747//747 745//745
f 746//746 665//665 663//663
f 748//748 665//665 746//746
f 666//666 747//747 664//664
f 666//666 749//749 747//747
f 748//748 667//667 665//665
f 750//750 667//667 748//748
f 668//668 749//749 666//666
f 668//668 751//751 749//749
f 750//750 669//669 667//667
f 752//752 669//669 750//750
f 670//670 751//751 668//668
f 670//670 753//753 751//751
f 752//752 672//672 669//669
f 754//754 672//672 752//752
f 673//673 753//753 670//670
f 673//673 755//755 753//753
f 756//756 674//674 675//675
f 757//757 756//756 675//675
f 672//672 757//757 675//675
f 754//754 757//757 672//672
f 676//676 755//755 673//673
f 676//676 758//758 755//755
f 759//759 678//678 756//756
f 756//756 678//678 674//674
f 756//756 757//757 760//760
f 756//756 760//760 759//759
f 679//679 758//758 676//676
f 679//679 761//761 758//758
f 762//762 681//681 682//682
f 763//763 762//762 682//682
f 763//763 682//682 678//678
f 764//764 763//763 678//678
f 759//759 764//764 678//678
f 764//764 759//759 760//760
f 684//684 761//761 679//679
f 684//684 765//765 761//761
f 766//766 688//688 689//689
f 767//767 766//766 689//689
f 767//767 689//689 681//681
f 768//768 767//767 681//681
f 762//762 768//768 681//681
f 768//768 762//762 763//763
f 684//684 690//690 769//769
f 770//770 684//684 769//769
f 765//765 684//684 770//770
f 691//691 769//769 690//690
f 773//773 772//772 771//771
f 698//698 699//699 771//771
f 699//699 773//773 771//771
f 699//699 774//774 773//773
f 699//699 688//688 766//766
f 775//775 699//699 766//766
f 774//774 699//699 775//775
f 775//775 766//766 767//767
f 770//770 769//769 776//776
f 770//770 776//776 777//777
f 700//700 778//778 691//691
f 778//778 769//769 691//691
f 778//778 776//776 769//769
f 701//701 779//779 700//700
f 700//700 779//779 778//778
f 779//779 701//701 780//780
f 701//701 781//781 780//780
f 701//701 702//702 781//781
f 782//782 702//702 703//703
f 782//782 781//781 702//702
f 783//783 703//703 704//704
f 783//783 782//782 703//703
f 705//705 771//771 772//772
f 783//783 705//705 772//772
f 704//704 705//705 783//783
f 771//771 705//705 698//698
f 784//784 777//777 776//776
f 784//784 776//776 778//778
f 784//784 778//778 785//785
f 785//785 778//778 779//779
f 785//785 779//779 786//786
f 786//786 779//779 780//780
f 708//708 787//787 706//706
f 708//708 789//789 787//787
f 788//788 709//709 707//707
f 790//790 709//709 788//788
f 710//710 789//789 708//708
f 710//710 791//791 789//789
f 790//790 711//711 709//709
f 792//792 711//711 790//790
f 712//712 791//791 710//710
f 712//712 793//793 791//791
f 792//792 713//713 711//711
f 794//794 713//713 792//792
f 714//714 793//793 712//712
f 714//714 795//795 793//793
f 794//794 715//715 713//713
f 796//796 715//715 794//794
f 716//716 795//795 714//714
f 716//716 797//797 795//795
f 800//800 799//799 798//798
f 796//796 800//800 798//798
f 717//717 796//796 798//798
f 715//715 796//796 717//717
f 718//718 797//797 716//716
f 718//718 801//801 797//797
f 798//798 799//799 802//802
f 802//802 799//799 803//803
f 802//802 719//719 717//717
f 802//802 717//717 798//798
f 720//720 801//801 718//718
f 720//720 804//804 801//801
f 802//802 803//803 723//723
f 803//803 722//722 723//723
f 803//803 805//805 722//722
f 802//802 723//723 719//719
f 724//724 804//804 720//720
f 724//724 806//806 804//804
f 805//805 726//726 722//722
f 807//807 726//726 805//805
f 808//808 806//806 724//724
f 808//808 724//724 727//727
f 727//727 728//728 808//808
f 808//808 728//728 809//809
f 807//807 730//730 726//726
f 810//810 730//730 807//807
f 731//731 809//809 728//728
f 731//731 811//811 809//809
f 810//810 733//733 730//730
f 812//812 733//733 810//810
f 734//734 811//811 731//731
f 734//734 813//813 811//811
f 735//735 733//733 814//814
f 733//733 815//815 814//814
f 733//733 812//812 815//815
f 814//814 736//736 735//735
f 737//737 813//813 734//734
f 737//737 816//816 813//813
f 814//814 815//815 817//817
f 817//817 815//815 818//818
f 817//817 738//738 736//736
f 817//817 736//736 814//814
f 739//739 816//816 737//737
f 739//739 819//819 816//816
f 817//817 818//818 820//820
f 820//820 818//818 821//821
f 820//820 740//740 738//738
f 820//820 738//738 817//817
f 741//741 819//819 739//739
f 741//741 822//822 819//819
f 821//821 823//823 820//820
f 740//740 820//820 823//823
f 824//824 740//740 823//823
f 742//742 740//740 824//824
f 743//743 822//822 741//741
f 743//743 825//825 822//822
f 824//824 744//744 742//742
f 826//826 744//744 824//824
f 745//745 825//825 743//743
f 745//745 827//827 825//825
f 826//826 746//746 744//744
f 828//828 746//746 826//826
f 747//747 827//827 745//745
f 747//747 829//829 827//827
f 828//828 748//748 746//746
f 830//830 748//748 828//828
f 749//749 829//829 747//747
f 749//749 831//831 829//829
f 830//830 750//750 748//748
f 832//832 750//750 830//830
f 751//751 831//831 749//749
f 751//751 833//833 831//831
f 832//832 752//752 750//750
f 834//834 752//752 832//832
f 753//753 833//833 751//751
f 753//753 835//835 833//833
f 834//834 754//754 752//752
f 836//836 754//754 834//834
f 755//755 835//835 753//753
f 755//755 837//837 835//835
f 836//836 757//757 754//754
f 838//838 757//757 836//836
f 758//758 837//837 755//755
f 758//758 839//839 837//837
f 838//838 760//760 757//757
f 840//840 760//760 838//838
f 761//761 839//839 758//758
f 761//761 841//841 839//839
f 842//842 763//763 764//764
f 843//843 842//842 764//764
f 760//760 843//843 764//764
f 840//840 843//843 760//760
f 765//765 841//841 761//761
f 765//765 844//844 841//841
f 847//847 846//846 845//845
f 849//849 848//848 845//845
f 845//845 848//848 847//847
f 851//851 850//850 849//849
f 849//849 850//850 848//848
f 853//853 852//852 851//851
f 851//851 852//852 850//850
f 767//767 768//768 854//854
f 852//852 853//853 855//855
f 856//856 854//854 768//768
f 856//856 768//768 763//763
f 857//857 856//856 763//763
f 842//842 857//857 763//763
f 857//857 842//842 843//843
f 770//770 844//844 765//765
f 770//770 858//858 844//844
f 861//861 860//860 859//859
f 861//861 859//859 846//846
f 859//859 845//845 846//846
f 859//859 862//862 845//845
f 862//862 772//772 773//773
f 849//849 862//862 773//773
f 845//845 862//862 849//849
f 849//849 773//773 774//774
f 849//849 774//774 851//851
f 851//851 774//774 775//775
f 851//851 775//775 853//853
f 775//775 855//855 853//853
f 775//775 863//863 855//855
f 775//775 767//767 854//854
f 863//863 775//775 854//854
f 863//863 854//854 856//856
f 777//777 858//858 770//770
f 777//777 864//864 858//858
f 866//866 865//865 781//781
f 781//781 865//865 780//780
f 782//782 859//859 860//860
f 866//866 782//782 860//860
f 781//781 782//782 866//866
f 859//859 782//782 783//783
f 859//859 783//783 862//862
f 862//862 783//783 772//772
f 777//777 784//784 867//867
f 868//868 777//777 867//867
f 864//864 777//777 868//868
f 785//785 869//869 784//784
f 784//784 869//869 867//867
f 869//869 785//785 870//870
f 785//785 871//871 870//870
f 785//785 786//786 871//871
f 786//786 780//780 865//865
f 786//786 865//865 871//871
f 872//872 868//868 867//867
f 872//872 867//867 869//869
f 872//872 869//869 873//873
f 873//873 869//869 870//870
f 789//789 874//874 787//787
f 789//789 876//876 874//874
f 875//875 790//790 788//788
f 877//877 790//790 875//875
f 791//791 876//876 789//789
f 791//791 878//878 876//876
f 881//881 880//880 879//879
f 877//877 881//881 879//879
f 792//792 877//877 879//879
f 790//790 877//877 792//792
f 793//793 878//878 791//791
f 793//793 882//882 878//878
f 879//879 880//880 883//883
f 883//883 880//880 884//884
f 883//883 794//794 792//792
f 883//883 792//792 879//879
f 795//795 882//882 793//793
f 795//795 885//885 882//882
f 883//883 884//884 886//886
f 886//886 884//884 887//887
f 886//886 796//796 794//794
f 886//886 794//794 883//883
f 797//797 885//885 795//795
f 797//797 888//888 885//885
f 886//886 887//887 800//800
f 887//887 799//799 800//800
f 887//887 889//889 799//799
f 886//886 800//800 796//796
f 801//801 888//888 797//797
f 801//801 890//890 888//888
f 889//889 803//803 799//799
f 891//891 803//803 889//889
f 804//804 890//890 801//801
f 804//804 892//892 890//890
f 895//895 894//894 893//893
f 891//891 895//895 893//893
f 805//805 891//891 893//893
f 803//803 891//891 805//805
f 806//806 892//892 804//804
f 806//806 896//896 892//892
f 893//893 894//894 897//897
f 897//897 894//894 898//898
f 897//897 807//807 805//805
f 897//897 805//805 893//893
f 806//806 808//808 899//899
f 900//900 806//806 899//899
f 896//896 806//806 900//900
f 809//809 899//899 808//808
f 897//897 898//898 901//901
f 901//901 898//898 902//902
f 901//901 810//810 807//807
f 901//901 807//807 897//897
f 903//903 900//900 899//899
f 899//899 809//809 903//903
f 809//809 904//904 903//903
f 809//809 811//811 904//904
f 901//901 902//902 905//905
f 905//905 902//902 906//906
f 905//905 812//812 810//810
f 905//905 810//810 901//901
f 813//813 904//904 811//811
f 813//813 907//907 904//904
f 905//905 906//906 908//908
f 908//908 906//906 909//909
f 908//908 815//815 812//812
f 908//908 812//812 905//905
f 816//816 907//907 813//813
f 816//816 910//910 907//907
f 909//909 911//911 908//908
f 815//815 908//908 911//911
f 912//912 815//815 911//911
f 818//818 815//815 912//912
f 819//819 910//910 816//816
f 819//819 913//913 910//910
f 912//912 821//821 818//818
f 914//914 821//821 912//912
f 822//822 913//913 819//819
f 822//822 915//915 913//913
f 823//823 821//821 916//916
f 821//821 917//917 916//916
f 821//821 914//914 917//917
f 916//916 824//824 823//823
f 825//825 915//915 822//822
f 825//825 918//918 915//915
f 917//917 919//919 916//916
f 824//824 916//916 919//919
f 920//920 824//824 919//919
f 826//826 824//824 920//920
f 827//827 918//918 825//825
f 827//827 921//921 918//918
f 920//920 828//828 826//826
f 922//922 828//828 920//920
f 829//829 921//921 827//827
f 829//829 923//923 921//921
f 922//922 830//830 828//828
f 924//924 830//830 922//922
f 831//831 923//923 829//829
f 831//831 925//925 923//923
f 924//924 832//832 830//830
f 926//926 832//832 924//924
f 833//833 925//925 831//831
f 833//833 927//927 925//925
f 926//926 834//834 832//832
f 928//928 834//834 926//926
f 835//835 927//927 833//833
f 835//835 929//929 927//927
f 928//928 836//836 834//834
f 930//930 836//836 928//928
f 837//837 929//929 835//835
f 837//837 931//931 929//929
f 930//930 838//838 836//836
f 932//932 838//838 930//930
f 839//839 931//931 837//837
f 839//839 933//933 931//931
f 932//932 840//840 838//838
f 934//934 840//840 932//932
f 841//841 933//933 839//839
f 841//841 935//935 933//933
f 934//934 843//843 840//840
f 936//936 843//843 934//934
f 844//844 935//935 841//841
f 844//844 937//937 935//935
f 938//938 846//846 847//847
f 848//848 939//939 847//847
f 847//847 939//939 938//938
f 850//850 940//940 848//848
f 848//848 940//940 939//939
f 852//852 941//941 850//850
f 850//850 941//941 940//940
f 855//855 941//941 852//852
f 942//942 856//856 857//857
f 943//943 942//942 857//857
f 843//843 943//943 857//857
f 936//936 943//943 843//843
f 858//858 937//937 844//844
f 858//858 944//944 937//937
f 946//946 945//945 861//861
f 861//861 945//945 860//860
f 861//861 846//846 938//938
f 947//947 861//861 938//938
f 946//946 861//861 947//947
f 947//947 938//938 939//939
f 947//947 939//939 948//948
f 948//948 939//939 940//940
f 948//948 940//940 949//949
f 949//949 940//940 941//941
f 949//949 941//941 950//950
f 950//950 941//941 855//855
f 863//863 950//950 855//855
f 951//951 950//950 863//863
f 863//863 856//856 942//942
f 952//952 863//863 942//942
f 951//951 863//863 952//952
f 952//952 942//942 943//943
f 864//864 944//944 858//858
f 864//864 953//953 944//944
f 955//955 954//954 866//866
f 866//866 954//954 865//865
f 866//866 860//860 945//945
f 866//866 945//945 955//955
f 868//868 953//953 864//864
f 868//868 956//956 953//953
f 957//957 870//870 871//871
f 958//958 957//957 871//871
f 865//865 958//958 871//871
f 954//954 958//958 865//865
f 868//868 872//872 959//959
f 960//960 868//868 959//959
f 956//956 868//868 960//960
f 873//873 961//961 872//872
f 872//872 961//961 959//959
f 962//962 961//961 873//873
f 962//962 873//873 870//870
f 963//963 962//962 870//870
f 957//957 963//963 870//870
f 963//963 957//957 958//958
f 964//964 960//960 959//959
f 964//964 959//959 961//961
f 964//964 961//961 965//965
f 965//965 961//961 962//962
f 876//876 966//966 874//874
f 876//876 968//968 966//966
f 971//971 970//970 969//969
f 967//967 971//971 969//969
f 877//877 967//967 969//969
f 875//875 967//967 877//877
f 878//878 968//968 876//876
f 878//878 972//972 968//968
f 969//969 970//970 881//881
f 970//970 880//880 881//881
f 970//970 973//973 880//880
f 969//969 881//881 877//877
f 882//882 972//972 878//878
f 882//882 974//974 972//972
f 973//973 884//884 880//880
f 975//975 884//884 973//973
f 885//885 974//974 882//882
f 885//885 976//976 974//974
f 975//975 887//887 884//884
f 977//977 887//887 975//975
f 888//888 976//976 885//885
f 888//888 978//978 976//976
f 981//981 980//980 979//979
f 977//977 981//981 979//979
f 889//889 977//977 979//979
f 887//887 977//977 889//889
f 890//890 978//978 888//888
f 890//890 982//982 978//978
f 979//979 980//980 983//983
f 983//983 980//980 984//984
f 983//983 891//891 889//889
f 983//983 889//889 979//979
f 892//892 982//982 890//890
f 892//892 985//985 982//982
f 988//988 987//987 986//986
f 988//988 986//986 984//984
f 984//984 986//986 983//983
f 986//986 894//894 983//983
f 894//894 895//895 983//983
f 983//983 895//895 891//891
f 896//896 985//985 892//892
f 896//896 989//989 985//985
f 986//986 987//987 990//990
f 990//990 987//987 991//991
f 990//990 898//898 894//894
f 990//990 894//894 986//986
f 900//900 989//989 896//896
f 900//900 992//992 989//989
f 990//990 991//991 993//993
f 993//993 991//991 994//994
f 993//993 902//902 898//898
f 993//993 898//898 990//990
f 995//995 992//992 900//900
f 995//995 900//900 903//903
f 903//903 904//904 995//995
f 995//995 904//904 996//996
f 993//993 994//994 997//997
f 997//997 994//994 998//998
f 997//997 906//906 902//902
f 997//997 902//902 993//993
f 907//907 996//996 904//904
f 907//907 999//999 996//996
f 997//997 998//998 1000//1000
f 1000//1000 998//998 1001//1001
f 1000//1000 909//909 906//906
f 1000//1000 906//906 997//997
f 910//910 999//999 907//907
f 910//910 1002//1002 999//999
f 1001//1001 1003//1003 1000//1000
f 1003//1003 1005//1005 1004//1004
f 1003//1003 1004//1004 911//911
f 1000//1000 1003//1003 911//911
f 909//909 1000//1000 911//911
f 1004//1004 912//912 911//911
f 913//913 1002//1002 910//910
f 913//913 1006//1006 1002//1002
f 1004//1004 1005//1005 1007//1007
f 1007//1007 1005//1005 1008//1008
f 1007//1007 914//914 912//912
f 1007//1007 912//912 1004//1004
f 915//915 1006//1006 913//913
f 915//915 1009//1009 1006//1006
f 1008//1008 1010//1010 1007//1007
f 914//914 1007//1007 1010//1010
f 1011//1011 914//914 1010//1010
f 917//917 914//914 1011//1011
f 918//918 1009//1009 915//915
f 918//918 1012//1012 1009//1009
f 919//919 917//917 1013//1013
f 917//917 1014//1014 1013//1013
f 917//917 1011//1011 1014//1014
f 1013//1013 920//920 919//919
f 921//921 1012//1012 918//918
f 921//921 1015//1015 1012//1012
f 1014//1014 1016//1016 1013//1013
f 920//920 1013//1013 1016//1016
f 1017//1017 920//920 1016//1016
f 922//922 920//920 1017//1017
f 923//923 1015//1015 921//921
f 923//923 1018//1018 1015//1015
f 1017//1017 924//924 922//922
f 1019//1019 924//924 1017//1017
f 925//925 1018//1018 923//923
f 925//925 1020//1020 1018//1018
f 1019//1019 926//926 924//924
f 1021//1021 926//926 1019//1019
f 927//927 1020//1020 925//925
f 927//927 1022//1022 1020//1020
f 1021//1021 928//928 926//926
f 1023//1023 928//928 1021//1021
f 929//929 1022//1022 927//927
f 929//929 1024//1024 1022//1022
f 1023//1023 930//930 928//928
f 1025//1025 930//930 1023//1023
f 931//931 1024//1024 929//929
f 931//931 1026//1026 1024//1024
f 1028//1028 932//932 1027//1027
f 932//932 1025//1025 1027//1027
f 932//932 930//930 1025//1025
f 1029//1029 1028//1028 1027//1027
f 933//933 1026//1026 931//931
f 933//933 1030//1030 1026//1026
f 1031//1031 934//934 1028//1028
f 1028//1028 934//934 932//932
f 1028//1028 1029//1029 1032//1032
f 1028//1028 1032//1032 1031//1031
f 935//935 1030//1030 933//933
f 935//935 1033//1033 1030//1030
f 1034//1034 936//936 1031//1031
f 1031//1031 936//936 934//934
f 1031//1031 1032//1032 1035//1035
f 1031//1031 1035//1035 1034//1034
f 937//937 1033//1033 935//935
f 937//937 1036//1036 1033//1033
f 1038//1038 1037//1037 1034//1034
f 1037//1037 936//936 1034//1034
f 1037//1037 943//943 936//936
f 1038//1038 1034//1034 1035//1035
f 944//944 1036//1036 937//937
f 944//944 1039//1039 1036//1036
f 1040//1040 945//945 946//946
f 947//947 1041//1041 946//946
f 946//946 1041//1041 1040//1040
f 948//948 1042//1042 947//947
f 947//947 1042//1042 1041//1041
f 949//949 1043//1043 948//948
f 948//948 1043//1043 1042//1042
f 950//950 1044//1044 949//949
f 949//949 1044//1044 1043//1043
f 951//951 1045//1045 950//950
f 950//950 1045//1045 1044//1044
f 952//952 1046//1046 951//951
f 951//951 1046//1046 1045//1045
f 1047//1047 1046//1046 952//952
f 943//943 1047//1047 952//952
f 1037//1037 1047//1047 943//943
f 953//953 1039//1039 944//944
f 953//953 1048//1048 1039//1039
f 1049//1049 954//954 955//955
f 945//945 1040//1040 955//955
f 1040//1040 1049//1049 955//955
f 1040//1040 1050//1050 1049//1049
f 1051//1051 1040//1040 1041//1041
f 1050//1050 1040//1040 1051//1051
f 1052//1052 1041//1041 1042//1042
f 1051//1051 1041//1041 1052//1052
f 1053//1053 1042//1042 1043//1043
f 1052//1052 1042//1042 1053//1053
f 1054//1054 1043//1043 1044//1044
f 1053//1053 1043//1043 1054//1054
f 1055//1055 1044//1044 1045//1045
f 1054//1054 1044//1044 1055//1055
f 1056//1056 1045//1045 1046//1046
f 1055//1055 1045//1045 1056//1056
f 1046//1046 1047//1047 1057//1057
f 1046//1046 1057//1057 1056//1056
f 956//956 1048//1048 953//953
f 956//956 1058//1058 1048//1048
f 1059//1059 958//958 1049//1049
f 1049//1049 958//958 954//954
f 1060//1060 1049//1049 1050//1050
f 1059//1059 1049//1049 1060//1060
f 1061//1061 1050//1050 1051//1051
f 1060//1060 1050//1050 1061//1061
f 1062//1062 1051//1051 1052//1052
f 1061//1061 1051//1051 1062//1062
f 1063//1063 1052//1052 1053//1053
f 1062//1062 1052//1052 1063//1063
f 1064//1064 1053//1053 1054//1054
f 1063//1063 1053//1053 1064//1064
f 1065//1065 1054//1054 1055//1055
f 1064//1064 1054//1054 1065//1065
f 1056//1056 1067//1067 1066//1066
f 1065//1065 1056//1056 1066//1066
f 1055//1055 1056//1056 1065//1065
f 1067//1067 1056//1056 1057//1057
f 960//960 1058//1058 956//956
f 960//960 1068//1068 1058//1058
f 1069//1069 962//962 963//963
f 958//958 1059//1059 963//963
f 1059//1059 1069//1069 963//963
f 1059//1059 1070//1070 1069//1069
f 1071//1071 1059//1059 1060//1060
f 1070//1070 1059//1059 1071//1071
f 1072//1072 1060//1060 1061//1061
f 1071//1071 1060//1060 1072//1072
f 1073//1073 1061//1061 1062//1062
f 1072//1072 1061//1061 1073//1073
f 1074//1074 1062//1062 1063//1063
f 1073//1073 1062//1062 1074//1074
f 1075//1075 1063//1063 1064//1064
f 1074//1074 1063//1063 1075//1075
f 1076//1076 1064//1064 1065//1065
f 1075//1075 1064//1064 1076//1076
f 1065//1065 1066//1066 1077//1077
f 1065//1065 1077//1077 1076//1076
f 960//960 964//964 1078//1078
f 1079//1079 960//960 1078//1078
f 1068//1068 960//960 1079//1079
f 965//965 1080//1080 964//964
f 964//964 1080//1080 1078//1078
f 962//962 1069//1069 965//965
f 1069//1069 1080//1080 965//965
f 1069//1069 1081//1081 1080//1080
f 1082//1082 1069//1069 1070//1070
f 1081//1081 1069//1069 1082//1082
f 1083//1083 1070//1070 1071//1071
f 1082//1082 1070//1070 1083//1083
f 1084//1084 1071//1071 1072//1072
f 1083//1083 1071//1071 1084//1084
f 1085//1085 1072//1072 1073//1073
f 1084//1084 1072//1072 1085//1085
f 1086//1086 1073//1073 1074//1074
f 1085//1085 1073//1073 1086//1086
f 1087//1087 1074//1074 1075//1075
f 1086//1086 1074//1074 1087//1087
f 1088//1088 1075//1075 1076//1076
f 1087//1087 1075//1075 1088//1088
f 1076//1076 1077//1077 1089//1089
f 1090//1090 1076//1076 1089//1089
f 1088//1088 1076//1076 1090//1090
f 1091//1091 1090//1090 1089//1089
f 1092//1092 1079//1079 1078//1078
f 1092//1092 1078//1078 1080//1080
f 1092//1092 1080//1080 1093//1093
f 1095//1095 1094//1094 1093//1093
f 1080//1080 1095//1095 1093//1093
f 1081//1081 1095//1095 1080//1080
f 1096//1096 1081//1081 1082//1082
f 1095//1095 1081//1081 1096//1096
f 1097//1097 1082//1082 1083//1083
f 1096//1096 1082//1082 1097//1097
f 1098//1098 1083//1083 1084//1084
f 1097//1097 1083//1083 1098//1098
f 1099//1099 1084//1084 1085//1085
f 1098//1098 1084//1084 1099//1099
f 1100//1100 1085//1085 1086//1086
f 1099//1099 1085//1085 1100//1100
f 1101//1101 1086//1086 1087//1087
f 1100//1100 1086//1086 1101//1101
f 1102//1102 1087//1087 1088//1088
f 1101//1101 1087//1087 1102//1102
f 1103//1103 1088//1088 1090//1090
f 1102//1102 1088//1088 1103//1103
f 1090//1090 1091//1091 1104//1104
f 1090//1090 1104//1104 1103//1103
f 1105//1105 1094//1094 1095//1095
f 1107//1107 1106//1106 1105//1105
f 1095//1095 1107//1107 1105//1105
f 1096//1096 1107//1107 1095//1095
f 1108//1108 1096//1096 1097//1097
f 1107//1107 1096//1096 1108//1108
f 1109//1109 1097//1097 1098//1098
f 1108//1108 1097//1097 1109//1109
f 1110//1110 1098//1098 1099//1099
f 1109//1109 1098//1098 1110//1110
f 1111//1111 1099//1099 1100//1100
f 1110//1110 1099//1099 1111//1111
f 1112//1112 1100//1100 1101//1101
f 1111//1111 1100//1100 1112//1112
f 1113//1113 1101//1101 1102//1102
f 1112//1112 1101//1101 1113//1113
f 1114//1114 1102//1102 1103//1103
f 1113//1113 1102//1102 1114//1114
f 1103//1103 1104//1104 1115//1115
f 1103//1103 1115//1115 1114//1114
f 1106//1106 1107//1107 1116//1116
f 1106//1106 1116//1116 1117//1117
f 1118//1118 1107//1107 1108//1108
f 1116//1116 1107//1107 1118//1118
f 1119//1119 1108//1108 1109//1109
f 1118//1118 1108//1108 1119//1119
f 1120//1120 1109//1109 1110//1110
f 1119//1119 1109//1109 1120//1120
f 1121//1121 1110//1110 1111//1111
f 1120//1120 1110//1110 1121//1121
f 1122//1122 1111//1111 1112//1112
f 1121//1121 1111//1111 1122//1122
f 1123//1123 1112//1112 1113//1113
f 1122//1122 1112//1112 1123//1123
f 1114//1114 1125//1125 1124//1124
f 1123//1123 1114//1114 1124//1124
f 1113//1113 1114//1114 1123//1123
f 1125//1125 1114//1114 1115//1115
f 1126//1126 1117//1117 1116//1116
f 1128//1128 1127//1127 1126//1126
f 1116//1116 1128//1128 1126//1126
f 1118//1118 1128//1128 1116//1116
f 1129//1129 1118//1118 1119//1119
f 1128//1128 1118//1118 1129//1129
f 1130//1130 1119//1119 1120//1120
f 1129//1129 1119//1119 1130//1130
f 1131//1131 1120//1120 1121//1121
f 1130//1130 1120//1120 1131//1131
f 1132//1132 1121//1121 1122//1122
f 1131//1131 1121//1121 1132//1132
f 1133//1133 1122//1122 1123//1123
f 1132//1132 1122//1122 1133//1133
f 1123//1123 1124//1124 1134//1134
f 1123//1123 1134//1134 1133//1133
f 1135//1135 1127//1127 1128//1128
f 1137//1137 1136//1136 1135//1135
f 1128//1128 1137//1137 1135//1135
f 1129//1129 1137//1137 1128//1128
f 1138//1138 1129//1129 1130//1130
f 1137//1137 1129//1129 1138//1138
f 1139//1139 1130//1130 1131//1131
f 1138//1138 1130//1130 1139//1139
f 1140//1140 1131//1131 1132//1132
f 1139//1139 1131//1131 1140//1140
f 1133//1133 1142//1142 1141//1141
f 1140//1140 1133//1133 1141//1141
f 1132//1132 1133//1133 1140//1140
f 1142//1142 1133//1133 1134//1134
f 1143//1143 1136//1136 1137//1137
f 1143//1143 1137//1137 1138//1138
f 1143//1143 1138//1138 1144//1144
f 1144//1144 1138//1138 1139//1139
f 1144//1144 1139//1139 1145//1145
f 1145//1145 1139//1139 1140//1140
f 1145//1145 1140//1140 1146//1146
f 1146//1146 1140//1140 1141//1141
f 968//968 1147//1147 966//966
f 968//968 1149//1149 1147//1147
f 1150//1150 970//970 971//971
f 1151//1151 1150//1150 971//971
f 967//967 1151//1151 971//971
f 1148//1148 1151//1151 967//967
f 972//972 1149//1149 968//968
f 972//972 1152//1152 1149//1149
f 1154//1154 1153//1153 1150//1150
f 1153//1153 970//970 1150//1150
f 1153//1153 973//973 970//970
f 1154//1154 1150//1150 1151//1151
f 974//974 1152//1152 972//972
f 974//974 1155//1155 1152//1152
f 1153//1153 975//975 973//973
f 1156//1156 975//975 1153//1153
f 976//976 1155//1155 974//974
f 976//976 1157//1157 1155//1155
f 1160//1160 1159//1159 1158//1158
f 1156//1156 1160//1160 1158//1158
f 977//977 1156//1156 1158//1158
f 975//975 1156//1156 977//977
f 978//978 1157//1157 976//976
f 978//978 1161//1161 1157//1157
f 1158//1158 1159//1159 981//981
f 1159//1159 980//980 981//981
f 1159//1159 1162//1162 980//980
f 1158//1158 981//981 977//977
f 982//982 1164//1164 1163//1163
f 1161//1161 982//982 1163//1163
f 978//978 982//982 1161//1161
f 1164//1164 1165//1165 1163//1163
f 1168//1168 1167//1167 1166//1166
f 1162//1162 1168//1168 1166//1166
f 984//984 1162//1162 1166//1166
f 980//980 1162//1162 984//984
f 985//985 1169//1169 1164//1164
f 985//985 1164//1164 982//982
f 1165//1165 1164//1164 1170//1170
f 1170//1170 1164//1164 1169//1169
f 1173//1173 1172//1172 1171//1171
f 1173//1173 1171//1171 1167//1167
f 1167//1167 1171//1171 1166//1166
f 1171//1171 987//987 1166//1166
f 987//987 988//988 1166//1166
f 1166//1166 988//988 984//984
f 989//989 1174//1174 1169//1169
f 989//989 1169//1169 985//985
f 1170//1170 1169//1169 1175//1175
f 1169//1169 1176//1176 1175//1175
f 1169//1169 1174//1174 1176//1176
f 1176//1176 1177//1177 1175//1175
f 1171//1171 1172//1172 1178//1178
f 1178//1178 1172//1172 1179//1179
f 1178//1178 991//991 987//987
f 1178//1178 987//987 1171//1171
f 992//992 1180//1180 1174//1174
f 992//992 1174//1174 989//989
f 1174//1174 1181//1181 1176//1176
f 1174//1174 1180//1180 1181//1181
f 1177//1177 1176//1176 1182//1182
f 1182//1182 1176//1176 1181//1181
f 1185//1185 1184//1184 1183//1183
f 1185//1185 1183//1183 1179//1179
f 1183//1183 1178//1178 1179//1179
f 1183//1183 1186//1186 1178//1178
f 1186//1186 994//994 991//991
f 1186//1186 991//991 1178//1178
f 995//995 1180//1180 992//992
f 1180//1180 995//995 996//996
f 1187//1187 1180//1180 996//996
f 1181//1181 1180//1180 1187//1187
f 1182//1182 1181//1181 1188//1188
f 1188//1188 1181//1181 1187//1187
f 1183//1183 1184//1184 1189//1189
f 1189//1189 1184//1184 1190//1190
f 1183//1183 1191//1191 1186//1186
f 1183//1183 1189//1189 1191//1191
f 1191//1191 998//998 994//994
f 1191//1191 994//994 1186//1186
f 999//999 1192//1192 1187//1187
f 999//999 1187//1187 996//996
f 1188//1188 1187//1187 1193//1193
f 1193//1193 1187//1187 1192//1192
f 1190//1190 1194//1194 1189//1189
f 1196//1196 1195//1195 1194//1194
f 1195//1195 1189//1189 1194//1194
f 1195//1195 1191//1191 1189//1189
f 1195//1195 1001//1001 998//998
f 1195//1195 998//998 1191//1191
f 1198//1198 1197//1197 1192//1192
f 999//999 1198//1198 1192//1192
f 1002//1002 1198//1198 999//999
f 1192//1192 1197//1197 1193//1193
f 1196//1196 1199//1199 1195//1195
f 1199//1199 1201//1201 1200//1200
f 1199//1199 1200//1200 1003//1003
f 1195//1195 1199//1199 1003//1003
f 1001//1001 1195//1195 1003//1003
f 1200//1200 1005//1005 1003//1003
f 1006//1006 1198//1198 1002//1002
f 1006//1006 1202//1202 1198//1198
f 1200//1200 1201//1201 1203//1203
f 1203//1203 1201//1201 1204//1204
f 1203//1203 1008//1008 1005//1005
f 1203//1203 1005//1005 1200//1200
f 1009//1009 1202//1202 1006//1006
f 1009//1009 1205//1205 1202//1202
f 1204//1204 1206//1206 1203//1203
f 1206//1206 1208//1208 1207//1207
f 1206//1206 1207//1207 1010//1010
f 1203//1203 1206//1206 1010//1010
f 1008//1008 1203//1203 1010//1010
f 1207//1207 1011//1011 1010//1010
f 1012//1012 1205//1205 1009//1009
f 1012//1012 1209//1209 1205//1205
f 1208//1208 1210//1210 1207//1207
f 1011//1011 1207//1207 1210//1210
f 1211//1211 1011//1011 1210//1210
f 1014//1014 1011//1011 1211//1211
f 1015//1015 1209//1209 1012//1012
f 1015//1015 1212//1212 1209//1209
f 1016//1016 1014//1014 1213//1213
f 1014//1014 1214//1214 1213//1213
f 1014//1014 1211//1211 1214//1214
f 1213//1213 1017//1017 1016//1016
f 1018//1018 1212//1212 1015//1015
f 1018//1018 1215//1215 1212//1212
f 1214//1214 1216//1216 1213//1213
f 1017//1017 1213//1213 1216//1216
f 1217//1217 1017//1017 1216//1216
f 1019//1019 1017//1017 1217//1217
f 1020//1020 1215//1215 1018//1018
f 1020//1020 1218//1218 1215//1215
f 1217//1217 1021//1021 1019//1019
f 1219//1219 1021//1021 1217//1217
f 1022//1022 1218//1218 1020//1020
f 1022//1022 1220//1220 1218//1218
f 1219//1219 1023//1023 1021//1021
f 1221//1221 1023//1023 1219//1219
f 1024//1024 1220//1220 1022//1022
f 1024//1024 1222//1222 1220//1220
f 1221//1221 1025//1025 1023//1023
f 1223//1223 1025//1025 1221//1221
f 1026//1026 1222//1222 1024//1024
f 1026//1026 1224//1224 1222//1222
f 1223//1223 1225//1225 1025//1025
f 1025//1025 1225//1225 1027//1027
f 1029//1029 1027//1027 1225//1225
f 1029//1029 1225//1225 1226//1226
f 1030//1030 1224//1224 1026//1026
f 1030//1030 1227//1227 1224//1224
f 1226//1226 1032//1032 1029//1029
f 1228//1228 1032//1032 1226//1226
f 1033//1033 1227//1227 1030//1030
f 1033//1033 1229//1229 1227//1227
f 1228//1228 1035//1035 1032//1032
f 1230//1230 1035//1035 1228//1228
f 1036//1036 1229//1229 1033//1033
f 1036//1036 1231//1231 1229//1229
f 1232//1232 1037//1037 1038//1038
f 1233//1233 1232//1232 1038//1038
f 1035//1035 1233//1233 1038//1038
f 1230//1230 1233//1233 1035//1035
f 1039//1039 1231//1231 1036//1036
f 1039//1039 1234//1234 1231//1231
f 1235//1235 1047//1047 1232//1232
f 1232//1232 1047//1047 1037//1037
f 1232//1232 1233//1233 1236//1236
f 1232//1232 1236//1236 1235//1235
f 1048//1048 1234//1234 1039//1039
f 1048//1048 1237//1237 1234//1234
f 1239//1239 1238//1238 1235//1235
f 1238//1238 1047//1047 1235//1235
f 1238//1238 1057//1057 1047//1047
f 1239//1239 1235//1235 1236//1236
f 1058//1058 1237//1237 1048//1048
f 1058//1058 1240//1240 1237//1237
f 1241//1241 1066//1066 1067//1067
f 1057//1057 1238//1238 1242//1242
f 1241//1241 1057//1057 1242//1242
f 1243//1243 1241//1241 1242//1242
f 1067//1067 1057//1057 1241//1241
f 1244//1244 1243//1243 1242//1242
f 1068//1068 1240//1240 1058//1058
f 1068//1068 1245//1245 1240//1240
f 1246//1246 1077//1077 1241//1241
f 1241//1241 1077//1077 1066//1066
f 1247//1247 1241//1241 1243//1243
f 1246//1246 1241//1241 1247//1247
f 1243//1243 1244//1244 1248//1248
f 1243//1243 1248//1248 1247//1247
f 1079//1079 1245//1245 1068//1068
f 1079//1079 1249//1249 1245//1245
f 1246//1246 1089//1089 1077//1077
f 1089//1089 1246//1246 1091//1091
f 1246//1246 1250//1250 1091//1091
f 1246//1246 1247//1247 1250//1250
f 1247//1247 1248//1248 1251//1251
f 1247//1247 1251//1251 1250//1250
f 1252//1252 1249//1249 1079//1079
f 1252//1252 1079//1079 1092//1092
f 1254//1254 1252//1252 1253//1253
f 1252//1252 1093//1093 1253//1253
f 1252//1252 1092//1092 1093//1093
f 1094//1094 1253//1253 1093//1093
f 1255//1255 1104//1104 1250//1250
f 1250//1250 1104//1104 1091//1091
f 1250//1250 1251//1251 1256//1256
f 1250//1250 1256//1256 1255//1255
f 1254//1254 1253//1253 1257//1257
f 1254//1254 1257//1257 1258//1258
f 1105//1105 1259//1259 1094//1094
f 1259//1259 1253//1253 1094//1094
f 1259//1259 1257//1257 1253//1253
f 1106//1106 1259//1259 1105//1105
f 1260//1260 1115//1115 1255//1255
f 1255//1255 1115//1115 1104//1104
f 1255//1255 1256//1256 1261//1261
f 1255//1255 1261//1261 1260//1260
f 1262//1262 1258//1258 1257//1257
f 1264//1264 1263//1263 1262//1262
f 1257//1257 1264//1264 1262//1262
f 1259//1259 1264//1264 1257//1257
f 1117//1117 1264//1264 1106//1106
f 1106//1106 1264//1264 1259//1259
f 1265//1265 1124//1124 1125//1125
f 1266//1266 1265//1265 1125//1125
f 1266//1266 1125//1125 1115//1115
f 1267//1267 1266//1266 1115//1115
f 1260//1260 1267//1267 1115//1115
f 1267//1267 1260//1260 1261//1261
f 1268//1268 1263//1263 1264//1264
f 1270//1270 1268//1268 1269//1269
f 1269//1269 1268//1268 1126//1126
f 1268//1268 1264//1264 1126//1126
f 1264//1264 1117//1117 1126//1126
f 1127//1127 1269//1269 1126//1126
f 1271//1271 1134//1134 1265//1265
f 1265//1265 1134//1134 1124//1124
f 1265//1265 1266//1266 1272//1272
f 1265//1265 1272//1272 1271//1271
f 1270//1270 1269//1269 1273//1273
f 1270//1270 1273//1273 1274//1274
f 1135//1135 1275//1275 1127//1127
f 1275//1275 1269//1269 1127//1127
f 1275//1275 1273//1273 1269//1269
f 1136//1136 1275//1275 1135//1135
f 1276//1276 1141//1141 1142//1142
f 1277//1277 1276//1276 1142//1142
f 1277//1277 1142//1142 1134//1134
f 1278//1278 1277//1277 1134//1134
f 1271//1271 1278//1278 1134//1134
f 1278//1278 1271//1271 1272//1272
f 1279//1279 1274//1274 1273//1273
f 1281//1281 1280//1280 1279//1279
f 1273//1273 1281//1281 1279//1279
f 1275//1275 1281//1281 1273//1273
f 1143//1143 1282//1282 1136//1136
f 1282//1282 1275//1275 1136//1136
f 1282//1282 1281//1281 1275//1275
f 1144//1144 1283//1283 1143//1143
f 1143//1143 1283//1283 1282//1282
f 1145//1145 1284//1284 1144//1144
f 1144//1144 1284//1284 1283//1283
f 1146//1146 1285//1285 1145//1145
f 1145//1145 1285//1285 1284//1284
f 1286//1286 1285//1285 1146//1146
f 1286//1286 1146//1146 1141//1141
f 1287//1287 1286//1286 1141//1141
f 1276//1276 1287//1287 1141//1141
f 1287//1287 1276//1276 1277//1277
f 1288//1288 1280//1280 1281//1281
f 1288//1288 1281//1281 1282//1282
f 1288//1288 1282//1282 1289//1289
f 1291//1291 1290//1290 1289//1289
f 1282//1282 1291//1291 1289//1289
f 1283//1283 1291//1291 1282//1282
f 1284//1284 1293//1293 1292//1292
f 1291//1291 1284//1284 1292//1292
f 1283//1283 1284//1284 1291//1291
f 1293//1293 1284//1284 1285//1285
f 1293//1293 1285//1285 1294//1294
f 1294//1294 1285//1285 1286//1286
f 1295//1295 1290//1290 1291//1291
f 1295//1295 1291//1291 1292//1292
f 1149//1149 1296//1296 1147//1147
f 1149//1149 1298//1298 1296//1296
f 1301//1301 1300//1300 1299//1299
f 1297//1297 1301//1301 1299//1299
f 1151//1151 1297//1297 1299//1299
f 1148//1148 1297//1297 1151//1151
f 1152//1152 1298//1298 1149//1149
f 1152//1152 1302//1302 1298//1298
f 1299//1299 1300//1300 1154//1154
f 1300//1300 1153//1153 1154//1154
f 1300//1300 1303//1303 1153//1153
f 1299//1299 1154//1154 1151//1151
f 1155//1155 1302//1302 1152//1152
f 1155//1155 1304//1304 1302//1302
f 1303//1303 1156//1156 1153//1153
f 1305//1305 1156//1156 1303//1303
f 1157//1157 1307//1307 1306//1306
f 1304//1304 1157//1157 1306//1306
f 1155//1155 1157//1157 1304//1304
f 1307//1307 1308//1308 1306//1306
f 1310//1310 1309//1309 1160//1160
f 1160//1160 1309//1309 1159//1159
f 1160//1160 1156//1156 1305//1305
f 1160//1160 1305//1305 1310//1310
f 1161//1161 1311//1311 1307//1307
f 1161//1161 1307//1307 1157//1157
f 1308//1308 1307//1307 1312//1312
f 1307//1307 1313//1313 1312//1312
f 1307//1307 1311//1311 1313//1313
f 1313//1313 1314//1314 1312//1312
f 1309//1309 1162//1162 1159//1159
f 1315//1315 1162//1162 1309//1309
f 1163//1163 1311//1311 1161//1161
f 1311//1311 1163//1163 1165//1165
f 1316//1316 1311//1311 1165//1165
f 1313//1313 1311//1311 1316//1316
f 1314//1314 1313//1313 1317//1317
f 1313//1313 1318//1318 1317//1317
f 1313//1313 1316//1316 1318//1318
f 1318//1318 1319//1319 1317//1317
f 1321//1321 1320//1320 1168//1168
f 1168//1168 1320//1320 1167//1167
f 1168//1168 1162//1162 1315//1315
f 1168//1168 1315//1315 1321//1321
f 1170//1170 1322//1322 1316//1316
f 1170//1170 1316//1316 1165//1165
f 1316//1316 1323//1323 1318//1318
f 1316//1316 1322//1322 1323//1323
f 1319//1319 1318//1318 1324//1324
f 1318//1318 1325//1325 1324//1324
f 1318//1318 1323//1323 1325//1325
f 1325//1325 1326//1326 1324//1324
f 1329//1329 1328//1328 1327//1327
f 1172//1172 1173//1173 1327//1327
f 1173//1173 1329//1329 1327//1327
f 1173//1173 1330//1330 1329//1329
f 1173//1173 1167//1167 1320//1320
f 1173//1173 1320//1320 1330//1330
f 1175//1175 1322//1322 1170//1170
f 1322//1322 1175//1175 1177//1177
f 1331//1331 1322//1322 1177//1177
f 1323//1323 1322//1322 1331//1331
f 1323//1323 1332//1332 1325//1325
f 1323//1323 1331//1331 1332//1332
f 1326//1326 1325//1325 1333//1333
f 1325//1325 1334//1334 1333//1333
f 1325//1325 1332//1332 1334//1334
f 1336//1336 1335//1335 1334//1334
f 1334//1334 1335//1335 1333//1333
f 1338//1338 1337//1337 1336//1336
f 1336//1336 1337//1337 1335//1335
f 1337//1337 1338//1338 1328//1328
f 1338//1338 1327//1327 1328//1328
f 1338//1338 1339//1339 1327//1327
f 1339//1339 1179//1179 1172//1172
f 1339//1339 1172//1172 1327//1327
f 1182//1182 1340//1340 1331//1331
f 1182//1182 1331//1331 1177//1177
f 1331//1331 1341//1341 1332//1332
f 1331//1331 1340//1340 1341//1341
f 1332//1332 1342//1342 1334//1334
f 1332//1332 1341//1341 1342//1342
f 1334//1334 1343//1343 1336//1336
f 1334//1334 1342//1342 1343//1343
f 1336//1336 1344//1344 1338//1338
f 1336//1336 1343//1343 1344//1344
f 1344//1344 1184//1184 1185//1185
f 1339//1339 1344//1344 1185//1185
f 1338//1338 1344//1344 1339//1339
f 1339//1339 1185//1185 1179//1179
f 1188//1188 1345//1345 1340//1340
f 1188//1188 1340//1340 1182//1182
f 1340//1340 1346//1346 1341//1341
f 1340//1340 1345//1345 1346//1346
f 1341//1341 1347//1347 1342//1342
f 1341//1341 1346//1346 1347//1347
f 1342//1342 1348//1348 1343//1343
f 1342//1342 1347//1347 1348//1348
f 1343//1343 1349//1349 1344//1344
f 1343//1343 1348//1348 1349//1349
f 1349//1349 1190//1190 1184//1184
f 1349//1349 1184//1184 1344//1344
f 1193//1193 1350//1350 1345//1345
f 1193//1193 1345//1345 1188//1188
f 1345//1345 1351//1351 1346//1346
f 1345//1345 1350//1350 1351//1351
f 1346//1346 1352//1352 1347//1347
f 1346//1346 1351//1351 1352//1352
f 1347//1347 1353//1353 1348//1348
f 1347//1347 1352//1352 1353//1353
f 1348//1348 1354//1354 1349//1349
f 1348//1348 1353//1353 1354//1354
f 1355//1355 1194//1194 1190//1190
f 1349//1349 1355//1355 1190//1190
f 1354//1354 1355//1355 1349//1349
f 1355//1355 1196//1196 1194//1194
f 1198//1198 1356//1356 1197//1197
f 1350//1350 1193//1193 1197//1197
f 1356//1356 1350//1350 1197//1197
f 1357//1357 1350//1350 1356//1356
f 1350//1350 1358//1358 1351//1351
f 1350//1350 1357//1357 1358//1358
f 1360//1360 1352//1352 1359//1359
f 1352//1352 1358//1358 1359//1359
f 1352//1352 1351//1351 1358//1358
f 1352//1352 1360//1360 1353//1353
f 1353//1353 1360//1360 1361//1361
f 1363//1363 1362//1362 1361//1361
f 1362//1362 1353//1353 1361//1361
f 1362//1362 1354//1354 1353//1353
f 1354//1354 1364//1364 1355//1355
f 1354//1354 1362//1362 1364//1364
f 1365//1365 1199//1199 1196//1196
f 1355//1355 1365//1365 1196//1196
f 1364//1364 1365//1365 1355//1355
f 1365//1365 1201//1201 1199//1199
f 1202//1202 1366//1366 1356//1356
f 1202//1202 1356//1356 1198//1198
f 1368//1368 1357//1357 1367//1367
f 1357//1357 1366//1366 1367//1367
f 1357//1357 1356//1356 1366//1366
f 1357//1357 1368//1368 1358//1358
f 1358//1358 1368//1368 1369//1369
f 1358//1358 1369//1369 1359//1359
f 1363//1363 1370//1370 1362//1362
f 1362//1362 1370//1370 1364//1364
f 1364//1364 1370//1370 1371//1371
f 1373//1373 1372//1372 1371//1371
f 1372//1372 1364//1364 1371//1371
f 1372//1372 1365//1365 1364//1364
f 1372//1372 1204//1204 1201//1201
f 1372//1372 1201//1201 1365//1365
f 1375//1375 1374//1374 1366//1366
f 1202//1202 1375//1375 1366//1366
f 1205//1205 1375//1375 1202//1202
f 1366//1366 1374//1374 1367//1367
f 1373//1373 1376//1376 1372//1372
f 1376//1376 1378//1378 1377//1377
f 1376//1376 1377//1377 1206//1206
f 1372//1372 1376//1376 1206//1206
f 1204//1204 1372//1372 1206//1206
f 1377//1377 1208//1208 1206//1206
f 1209//1209 1375//1375 1205//1205
f 1209//1209 1379//1379 1375//1375
f 1378//1378 1380//1380 1377//1377
f 1380//1380 1382//1382 1381//1381
f 1380//1380 1381//1381 1210//1210
f 1377//1377 1380//1380 1210//1210
f 1208//1208 1377//1377 1210//1210
f 1381//1381 1211//1211 1210//1210
f 1212//1212 1379//1379 1209//1209
f 1212//1212 1383//1383 1379//1379
f 1382//1382 1384//1384 1381//1381
f 1211//1211 1381//1381 1384//1384
f 1385//1385 1211//1211 1384//1384
f 1214//1214 1211//1211 1385//1385
f 1215//1215 1383//1383 1212//1212
f 1215//1215 1386//1386 1383//1383
f 1216//1216 1214//1214 1387//1387
f 1214//1214 1388//1388 1387//1387
f 1214//1214 1385//1385 1388//1388
f 1387//1387 1217//1217 1216//1216
f 1218//1218 1386//1386 1215//1215
f 1218//1218 1389//1389 1386//1386
f 1388//1388 1390//1390 1387//1387
f 1217//1217 1387//1387 1390//1390
f 1391//1391 1217//1217 1390//1390
f 1219//1219 1217//1217 1391//1391
f 1220//1220 1389//1389 1218//1218
f 1220//1220 1392//1392 1389//1389
f 1391//1391 1221//1221 1219//1219
f 1393//1393 1221//1221 1391//1391
f 1222//1222 1392//1392 1220//1220
f 1222//1222 1394//1394 1392//1392
f 1393//1393 1223//1223 1221//1221
f 1395//1395 1223//1223 1393//1393
f 1224//1224 1394//1394 1222//1222
f 1224//1224 1396//1396 1394//1394
f 1225//1225 1223//1223 1397//1397
f 1223//1223 1398//1398 1397//1397
f 1223//1223 1395//1395 1398//1398
f 1397//1397 1226//1226 1225//1225
f 1227//1227 1396//1396 1224//1224
f 1227//1227 1399//1399 1396//1396
f 1398//1398 1400//1400 1397//1397
f 1226//1226 1397//1397 1400//1400
f 1401//1401 1226//1226 1400//1400
f 1228//1228 1226//1226 1401//1401
f 1229//1229 1399//1399 1227//1227
f 1229//1229 1402//1402 1399//1399
f 1401//1401 1230//1230 1228//1228
f 1403//1403 1230//1230 1401//1401
f 1231//1231 1402//1402 1229//1229
f 1231//1231 1404//1404 1402//1402
f 1403//1403 1233//1233 1230//1230
f 1405//1405 1233//1233 1403//1403
f 1234//1234 1404//1404 1231//1231
f 1234//1234 1406//1406 1404//1404
f 1405//1405 1236//1236 1233//1233
f 1407//1407 1236//1236 1405//1405
f 1237//1237 1406//1406 1234//1234
f 1237//1237 1408//1408 1406//1406
f 1409//1409 1238//1238 1239//1239
f 1410//1410 1409//1409 1239//1239
f 1236//1236 1410//1410 1239//1239
f 1407//1407 1410//1410 1236//1236
f 1240//1240 1408//1408 1237//1237
f 1240//1240 1411//1411 1408//1408
f 1409//1409 1242//1242 1238//1238
f 1244//1244 1242//1242 1409//1409
f 1410//1410 1244//1244 1409//1409
f 1412//1412 1244//1244 1410//1410
f 1245//1245 1411//1411 1240//1240
f 1245//1245 1413//1413 1411//1411
f 1412//1412 1248//1248 1244//1244
f 1414//1414 1248//1248 1412//1412
f 1249//1249 1416//1416 1415//1415
f 1413//1413 1249//1249 1415//1415
f 1245//1245 1249//1249 1413//1413
f 1416//1416 1417//1417 1415//1415
f 1414//1414 1251//1251 1248//1248
f 1418//1418 1251//1251 1414//1414
f 1252//1252 1416//1416 1249//1249
f 1252//1252 1254//1254 1416//1416
f 1254//1254 1417//1417 1416//1416
f 1254//1254 1419//1419 1417//1417
f 1418//1418 1256//1256 1251//1251
f 1420//1420 1256//1256 1418//1418
f 1258//1258 1419//1419 1254//1254
f 1258//1258 1421//1421 1419//1419
f 1420//1420 1261//1261 1256//1256
f 1422//1422 1261//1261 1420//1420
f 1258//1258 1262//1262 1423//1423
f 1424//1424 1258//1258 1423//1423
f 1421//1421 1258//1258 1424//1424
f 1263//1263 1423//1423 1262//1262
f 1425//1425 1266//1266 1267//1267
f 1426//1426 1425//1425 1267//1267
f 1261//1261 1426//1426 1267//1267
f 1422//1422 1426//1426 1261//1261
f 1427//1427 1424//1424 1423//1423
f 1429//1429 1427//1427 1428//1428
f 1428//1428 1427//1427 1268//1268
f 1427//1427 1423//1423 1268//1268
f 1423//1423 1263//1263 1268//1268
f 1270//1270 1428//1428 1268//1268
f 1431//1431 1430//1430 1425//1425
f 1430//1430 1266//1266 1425//1425
f 1430//1430 1272//1272 1266//1266
f 1431//1431 1425//1425 1426//1426
f 1432//1432 1429//1429 1428//1428
f 1428//1428 1270//1270 1432//1432
f 1270//1270 1433//1433 1432//1432
f 1270//1270 1274//1274 1433//1433
f 1434//1434 1277//1277 1278//1278
f 1435//1435 1434//1434 1278//1278
f 1272//1272 1435//1435 1278//1278
f 1430//1430 1435//1435 1272//1272
f 1436//1436 1433//1433 1274//1274
f 1436//1436 1274//1274 1279//1279
f 1279//1279 1280//1280 1436//1436
f 1436//1436 1280//1280 1437//1437
f 1438//1438 1286//1286 1287//1287
f 1439//1439 1438//1438 1287//1287
f 1439//1439 1287//1287 1277//1277
f 1440//1440 1439//1439 1277//1277
f 1434//1434 1440//1440 1277//1277
f 1440//1440 1434//1434 1435//1435
f 1441//1441 1437//1437 1280//1280
f 1441//1441 1280//1280 1288//1288
f 1443//1443 1441//1441 1442//1442
f 1441//1441 1289//1289 1442//1442
f 1441//1441 1288//1288 1289//1289
f 1290//1290 1442//1442 1289//1289
f 1444//1444 1292//1292 1293//1293
f 1294//1294 1445//1445 1293//1293
f 1293//1293 1445//1445 1444//1444
f 1446//1446 1445//1445 1294//1294
f 1446//1446 1294//1294 1286//1286
f 1447//1447 1446//1446 1286//1286
f 1438//1438 1447//1447 1286//1286
f 1447//1447 1438//1438 1439//1439
f 1448//1448 1443//1443 1442//1442
f 1448//1448 1442//1442 1290//1290
f 1295//1295 1448//1448 1290//1290
f 1449//1449 1448//1448 1295//1295
f 1295//1295 1292//1292 1444//1444
f 1450//1450 1295//1295 1444//1444
f 1449//1449 1295//1295 1450//1450
f 1450//1450 1444//1444 1445//1445
f 1450//1450 1445//1445 1451//1451
f 1451//1451 1445//1445 1446//1446
f 1298//1298 1452//1452 1296//1296
f 1298//1298 1454//1454 1452//1452
f 1456//1456 1455//1455 1301//1301
f 1301//1301 1455//1455 1300//1300
f 1301//1301 1297//1297 1453//1453
f 1301//1301 1453//1453 1456//1456
f 1302//1302 1458//1458 1457//1457
f 1454//1454 1302//1302 1457//1457
f 1298//1298 1302//1302 1454//1454
f 1458//1458 1459//1459 1457//1457
f 1455//1455 1303//1303 1300//1300
f 1460//1460 1303//1303 1455//1455
f 1304//1304 1461//1461 1458//1458
f 1304//1304 1458//1458 1302//1302
f 1459//1459 1458//1458 1462//1462
f 1462//1462 1458//1458 1461//1461
f 1460//1460 1305//1305 1303//1303
f 1463//1463 1305//1305 1460//1460
f 1306//1306 1461//1461 1304//1304
f 1465//1465 1464//1464 1308//1308
f 1308//1308 1464//1464 1306//1306
f 1464//1464 1462//1462 1306//1306
f 1462//1462 1461//1461 1306//1306
f 1465//1465 1466//1466 1464//1464
f 1468//1468 1467//1467 1310//1310
f 1310//1310 1467//1467 1309//1309
f 1310//1310 1305//1305 1463//1463
f 1310//1310 1463//1463 1468//1468
f 1312//1312 1465//1465 1308//1308
f 1470//1470 1469//1469 1314//1314
f 1314//1314 1469//1469 1312//1312
f 1469//1469 1466//1466 1312//1312
f 1466//1466 1465//1465 1312//1312
f 1470//1470 1471//1471 1469//1469
f 1474//1474 1473//1473 1472//1472
f 1467//1467 1474//1474 1472//1472
f 1315//1315 1467//1467 1472//1472
f 1309//1309 1467//1467 1315//1315
f 1317//1317 1470//1470 1314//1314
f 1476//1476 1475//1475 1319//1319
f 1319//1319 1475//1475 1317//1317
f 1475//1475 1471//1471 1317//1317
f 1471//1471 1470//1470 1317//1317
f 1476//1476 1477//1477 1475//1475
f 1480//1480 1479//1479 1478//1478
f 1480//1480 1478//1478 1473//1473
f 1473//1473 1478//1478 1472//1472
f 1478//1478 1320//1320 1472//1472
f 1320//1320 1321//1321 1472//1472
f 1472//1472 1321//1321 1315//1315
f 1324//1324 1476//1476 1319//1319
f 1482//1482 1481//1481 1326//1326
f 1326//1326 1481//1481 1324//1324
f 1481//1481 1477//1477 1324//1324
f 1477//1477 1476//1476 1324//1324
f 1484//1484 1483//1483 1482//1482
f 1482//1482 1483//1483 1481//1481
f 1486//1486 1485//1485 1484//1484
f 1484//1484 1485//1485 1483//1483
f 1328//1328 1329//1329 1486//1486
f 1329//1329 1485//1485 1486//1486
f 1329//1329 1487//1487 1485//1485
f 1330//1330 1478//1478 1479//1479
f 1487//1487 1330//1330 1479//1479
f 1329//1329 1330//1330 1487//1487
f 1478//1478 1330//1330 1320//1320
f 1333//1333 1482//1482 1326//1326
f 1482//1482 1333//1333 1335//1335
f 1482//1482 1335//1335 1484//1484
f 1484//1484 1335//1335 1337//1337
f 1484//1484 1337//1337 1486//1486
f 1486//1486 1337//1337 1328//1328
f 1359//1359 1488//1488 1360//1360
f 1489//1489 1361//1361 1360//1360
f 1489//1489 1360//1360 1488//1488
f 1489//1489 1363//1363 1361//1361
f 1367//1367 1490//1490 1368//1368
f 1491//1491 1369//1369 1368//1368
f 1491//1491 1368//1368 1490//1490
f 1488//1488 1359//1359 1369//1369
f 1491//1491 1488//1488 1369//1369
f 1492//1492 1488//1488 1491//1491
f 1488//1488 1493//1493 1489//1489
f 1488//1488 1492//1492 1493//1493
f 1494//1494 1370//1370 1363//1363
f 1489//1489 1494//1494 1363//1363
f 1493//1493 1494//1494 1489//1489
f 1495//1495 1371//1371 1370//1370
f 1495//1495 1370//1370 1494//1494
f 1495//1495 1373//1373 1371//1371
f 1375//1375 1496//1496 1374//1374
f 1496//1496 1497//1497 1374//1374
f 1374//1374 1497//1497 1367//1367
f 1497//1497 1498//1498 1367//1367
f 1498//1498 1490//1490 1367//1367
f 1490//1490 1498//1498 1491//1491
f 1491//1491 1498//1498 1499//1499
f 1491//1491 1499//1499 1492//1492
f 1492//1492 1499//1499 1500//1500
f 1492//1492 1500//1500 1493//1493
f 1493//1493 1500//1500 1501//1501
f 1493//1493 1501//1501 1494//1494
f 1494//1494 1501//1501 1502//1502
f 1504//1504 1503//1503 1502//1502
f 1503//1503 1494//1494 1502//1502
f 1503//1503 1495//1495 1494//1494
f 1505//1505 1376//1376 1373//1373
f 1495//1495 1505//1505 1373//1373
f 1503//1503 1505//1505 1495//1495
f 1505//1505 1378//1378 1376//1376
f 1507//1507 1506//1506 1496//1496
f 1375//1375 1507//1507 1496//1496
f 1379//1379 1507//1507 1375//1375
f 1496//1496 1506//1506 1497//1497
f 1504//1504 1508//1508 1503//1503
f 1503//1503 1508//1508 1505//1505
f 1505//1505 1508//1508 1509//1509
f 1509//1509 1511//1511 1510//1510
f 1509//1509 1510//1510 1380//1380
f 1505//1505 1509//1509 1380//1380
f 1378//1378 1505//1505 1380//1380
f 1510//1510 1382//1382 1380//1380
f 1383//1383 1507//1507 1379//1379
f 1383//1383 1512//1512 1507//1507
f 1511//1511 1513//1513 1510//1510
f 1513//1513 1515//1515 1514//1514
f 1513//1513 1514//1514 1384//1384
f 1510//1510 1513//1513 1384//1384
f 1382//1382 1510//1510 1384//1384
f 1514//1514 1385//1385 1384//1384
f 1386//1386 1512//1512 1383//1383
f 1386//1386 1516//1516 1512//1512
f 1515//1515 1517//1517 1514//1514
f 1385//1385 1514//1514 1517//1517
f 1518//1518 1385//1385 1517//1517
f 1388//1388 1385//1385 1518//1518
f 1389//1389 1516//1516 1386//1386
f 1389//1389 1519//1519 1516//1516
f 1390//1390 1388//1388 1520//1520
f 1388//1388 1521//1521 1520//1520
f 1388//1388 1518//1518 1521//1521
f 1520//1520 1391//1391 1390//1390
f 1392//1392 1519//1519 1389//1389
f 1392//1392 1522//1522 1519//1519
f 1521//1521 1523//1523 1520//1520
f 1391//1391 1520//1520 1523//1523
f 1524//1524 1391//1391 1523//1523
f 1393//1393 1391//1391 1524//1524
f 1394//1394 1522//1522 1392//1392
f 1394//1394 1525//1525 1522//1522
f 1524//1524 1395//1395 1393//1393
f 1526//1526 1395//1395 1524//1524
f 1396//1396 1525//1525 1394//1394
f 1396//1396 1527//1527 1525//1525
f 1526//1526 1398//1398 1395//1395
f 1528//1528 1398//1398 1526//1526
f 1399//1399 1527//1527 1396//1396
f 1399//1399 1529//1529 1527//1527
f 1400//1400 1398//1398 1530//1530
f 1398//1398 1531//1531 1530//1530
f 1398//1398 1528//1528 1531//1531
f 1530//1530 1401//1401 1400//1400
f 1402//1402 1529//1529 1399//1399
f 1402//1402 1532//1532 1529//1529
f 1531//1531 1533//1533 1530//1530
f 1401//1401 1530//1530 1533//1533
f 1534//1534 1401//1401 1533//1533
f 1403//1403 1401//1401 1534//1534
f 1404//1404 1532//1532 1402//1402
f 1404//1404 1535//1535 1532//1532
f 1534//1534 1405//1405 1403//1403
f 1536//1536 1405//1405 1534//1534
f 1406//1406 1535//1535 1404//1404
f 1406//1406 1537//1537 1535//1535
f 1536//1536 1407//1407 1405//1405
f 1538//1538 1407//1407 1536//1536
f 1408//1408 1537//1537 1406//1406
f 1408//1408 1539//1539 1537//1537
f 1538//1538 1410//1410 1407//1407
f 1540//1540 1410//1410 1538//1538
f 1411//1411 1539//1539 1408//1408
f 1411//1411 1541//1541 1539//1539
f 1540//1540 1412//1412 1410//1410
f 1542//1542 1412//1412 1540//1540
f 1413//1413 1544//1544 1543//1543
f 1541//1541 1413//1413 1543//1543
f 1411//1411 1413//1413 1541//1541
f 1544//1544 1545//1545 1543//1543
f 1542//1542 1414//1414 1412//1412
f 1546//1546 1414//1414 1542//1542
f 1415//1415 1544//1544 1413//1413
f 1415//1415 1417//1417 1544//1544
f 1417//1417 1545//1545 1544//1544
f 1417//1417 1547//1547 1545//1545
f 1546//1546 1418//1418 1414//1414
f 1548//1548 1418//1418 1546//1546
f 1419//1419 1547//1547 1417//1417
f 1419//1419 1549//1549 1547//1547
f 1548//1548 1420//1420 1418//1418
f 1550//1550 1420//1420 1548//1548
f 1421//1421 1549//1549 1419//1419
f 1421//1421 1551//1551 1549//1549
f 1550//1550 1422//1422 1420//1420
f 1552//1552 1422//1422 1550//1550
f 1424//1424 1551//1551 1421//1421
f 1424//1424 1553//1553 1551//1551
f 1552//1552 1426//1426 1422//1422
f 1554//1554 1426//1426 1552//1552
f 1424//1424 1427//1427 1555//1555
f 1556//1556 1424//1424 1555//1555
f 1553//1553 1424//1424 1556//1556
f 1429//1429 1555//1555 1427//1427
f 1557//1557 1430//1430 1431//1431
f 1558//1558 1557//1557 1431//1431
f 1426//1426 1558//1558 1431//1431
f 1554//1554 1558//1558 1426//1426
f 1559//1559 1556//1556 1555//1555
f 1561//1561 1559//1559 1560//1560
f 1560//1560 1559//1559 1432//1432
f 1559//1559 1555//1555 1432//1432
f 1555//1555 1429//1429 1432//1432
f 1433//1433 1560//1560 1432//1432
f 1563//1563 1562//1562 1557//1557
f 1562//1562 1430//1430 1557//1557
f 1562//1562 1435//1435 1430//1430
f 1563//1563 1557//1557 1558//1558
f 1564//1564 1561//1561 1560//1560
f 1566//1566 1564//1564 1565//1565
f 1565//1565 1564//1564 1436//1436
f 1564//1564 1560//1560 1436//1436
f 1560//1560 1433//1433 1436//1436
f 1437//1437 1565//1565 1436//1436
f 1568//1568 1567//1567 1440//1440
f 1440//1440 1567//1567 1439//1439
f 1440//1440 1435//1435 1562//1562
f 1440//1440 1562//1562 1568//1568
f 1569//1569 1566//1566 1565//1565
f 1571//1571 1569//1569 1570//1570
f 1570//1570 1569//1569 1441//1441
f 1569//1569 1565//1565 1441//1441
f 1565//1565 1437//1437 1441//1441
f 1443//1443 1570//1570 1441//1441
f 1573//1573 1572//1572 1447//1447
f 1447//1447 1572//1572 1446//1446
f 1447//1447 1439//1439 1567//1567
f 1447//1447 1567//1567 1573//1573
f 1574//1574 1571//1571 1570//1570
f 1574//1574 1570//1570 1443//1443
f 1448//1448 1574//1574 1443//1443
f 1575//1575 1574//1574 1448//1448
f 1577//1577 1575//1575 1576//1576
f 1575//1575 1449//1449 1576//1576
f 1575//1575 1448//1448 1449//1449
f 1576//1576 1449//1449 1578//1578
f 1449//1449 1579//1579 1578//1578
f 1449//1449 1450//1450 1579//1579
f 1580//1580 1450//1450 1451//1451
f 1580//1580 1579//1579 1450//1450
f 1451//1451 1446//1446 1572//1572
f 1451//1451 1572//1572 1580//1580
f 1581//1581 1577//1577 1576//1576
f 1581//1581 1576//1576 1578//1578
f 1584//1584 1583//1583 1582//1582
f 1585//1585 1582//1582 1583//1583
f 1588//1588 1587//1587 1586//1586
f 1586//1586 1587//1587 1584//1584
f 1582//1582 1586//1586 1584//1584
f 1589//1589 1586//1586 1582//1582
f 1582//1582 1585//1585 1590//1590
f 1591//1591 1582//1582 1590//1590
f 1589//1589 1582//1582 1591//1591
f 1592//1592 1591//1591 1590//1590
f 1595//1595 1594//1594 1593//1593
f 1593//1593 1594//1594 1588//1588
f 1586//1586 1593//1593 1588//1588
f 1596//1596 1593//1593 1586//1586
f 1597//1597 1586//1586 1589//1589
f 1596//1596 1586//1586 1597//1597
f 1598//1598 1589//1589 1591//1591
f 1597//1597 1589//1589 1598//1598
f 1591//1591 1592//1592 1599//1599
f 1591//1591 1599//1599 1598//1598
f 1595//1595 1593//1593 1600//1600
f 1595//1595 1600//1600 1601//1601
f 1602//1602 1593//1593 1596//1596
f 1600//1600 1593//1593 1602//1602
f 1603//1603 1596//1596 1597//1597
f 1602//1602 1596//1596 1603//1603
f 1604//1604 1597//1597 1598//1598
f 1603//1603 1597//1597 1604//1604
f 1598//1598 1599//1599 1605//1605
f 1606//1606 1598//1598 1605//1605
f 1604//1604 1598//1598 1606//1606
f 1607//1607 1606//1606 1605//1605
f 1608//1608 1601//1601 1600//1600
f 1610//1610 1609//1609 1608//1608
f 1600//1600 1610//1610 1608//1608
f 1602//1602 1610//1610 1600//1600
f 1611//1611 1602//1602 1603//1603
f 1610//1610 1602//1602 1611//1611
f 1612//1612 1603//1603 1604//1604
f 1611//1611 1603//1603 1612//1612
f 1613//1613 1604//1604 1606//1606
f 1612//1612 1604//1604 1613//1613
f 1606//1606 1607//1607 1614//1614
f 1606//1606 1614//1614 1613//1613
f 1609//1609 1610//1610 1615//1615
f 1609//1609 1615//1615 1616//1616
f 1617//1617 1610//1610 1611//1611
f 1615//1615 1610//1610 1617//1617
f 1618//1618 1611//1611 1612//1612
f 1617//1617 1611//1611 1618//1618
f 1619//1619 1612//1612 1613//1613
f 1618//1618 1612//1612 1619//1619
f 1613//1613 1614//1614 1620//1620
f 1613//1613 1620//1620 1619//1619
f 1616//1616 1615//1615 1621//1621
f 1616//1616 1621//1621 1622//1622
f 1623//1623 1615//1615 1617//1617
f 1621//1621 1615//1615 1623//1623
f 1624//1624 1617//1617 1618//1618
f 1623//1623 1617//1617 1624//1624
f 1619//1619 1626//1626 1625//1625
f 1624//1624 1619//1619 1625//1625
f 1618//1618 1619//1619 1624//1624
f 1626//1626 1619//1619 1620//1620
f 1627//1627 1622//1622 1621//1621
f 1627//1627 1621//1621 1623//1623
f 1627//1627 1623//1623 1628//1628
f 1628//1628 1623//1623 1624//1624
f 1628//1628 1624//1624 1629//1629
f 1629//1629 1624//1624 1625//1625
f 1454//1454 1634//1634 1633//1633
f 1630//1630 1454//1454 1633//1633
f 1452//1452 1454//1454 1630//1630
f 1634//1634 1635//1635 1633//1633
f 1631//1631 1632//1632 1456//1456
f 1632//1632 1455//1455 1456//1456
f 1632//1632 1636//1636 1455//1455
f 1631//1631 1456//1456 1453//1453
f 1457//1457 1634//1634 1454//1454
f 1457//1457 1459//1459 1634//1634
f 1459//1459 1635//1635 1634//1634
f 1459//1459 1637//1637 1635//1635
f 1636//1636 1460//1460 1455//1455
f 1638//1638 1460//1460 1636//1636
f 1462//1462 1640//1640 1639//1639
f 1637//1637 1462//1462 1639//1639
f 1459//1459 1462//1462 1637//1637
f 1640//1640 1641//1641 1639//1639
f 1644//1644 1643//1643 1642//1642
f 1638//1638 1644//1644 1642//1642
f 1463//1463 1638//1638 1642//1642
f 1460//1460 1638//1638 1463//1463
f 1464//1464 1640//1640 1462//1462
f 1464//1464 1466//1466 1640//1640
f 1466//1466 1641//1641 1640//1640
f 1466//1466 1645//1645 1641//1641
f 1642//1642 1643//1643 1468//1468
f 1643//1643 1467//1467 1468//1468
f 1643//1643 1646//1646 1467//1467
f 1642//1642 1468//1468 1463//1463
f 1647//1647 1645//1645 1466//1466
f 1647//1647 1466//1466 1469//1469
f 1469//1469 1471//1471 1647//1647
f 1647//1647 1471//1471 1648//1648
f 1650//1650 1649//1649 1474//1474
f 1474//1474 1649//1649 1473//1473
f 1474//1474 1467//1467 1646//1646
f 1474//1474 1646//1646 1650//1650
f 1651//1651 1648//1648 1471//1471
f 1651//1651 1471//1471 1475//1475
f 1653//1653 1652//1652 1477//1477
f 1652//1652 1475//1475 1477//1477
f 1652//1652 1651//1651 1475//1475
f 1653//1653 1654//1654 1652//1652
f 1657//1657 1656//1656 1655//1655
f 1479//1479 1480//1480 1655//1655
f 1480//1480 1657//1657 1655//1655
f 1480//1480 1658//1658 1657//1657
f 1480//1480 1473//1473 1649//1649
f 1480//1480 1649//1649 1658//1658
f 1481//1481 1653//1653 1477//1477
f 1659//1659 1654//1654 1653//1653
f 1481//1481 1659//1659 1653//1653
f 1483//1483 1659//1659 1481//1481
f 1660//1660 1483//1483 1485//1485
f 1660//1660 1659//1659 1483//1483
f 1487//1487 1655//1655 1656//1656
f 1660//1660 1487//1487 1656//1656
f 1485//1485 1487//1487 1660//1660
f 1655//1655 1487//1487 1479//1479
f 1497//1497 1661//1661 1498//1498
f 1662//1662 1499//1499 1498//1498
f 1662//1662 1498//1498 1661//1661
f 1663//1663 1500//1500 1499//1499
f 1663//1663 1499//1499 1662//1662
f 1664//1664 1501//1501 1500//1500
f 1664//1664 1500//1500 1663//1663
f 1665//1665 1502//1502 1501//1501
f 1665//1665 1501//1501 1664//1664
f 1665//1665 1504//1504 1502//1502
f 1507//1507 1666//1666 1506//1506
f 1661//1661 1497//1497 1506//1506
f 1666//1666 1661//1661 1506//1506
f 1667//1667 1661//1661 1666//1666
f 1669//1669 1662//1662 1668//1668
f 1662//1662 1667//1667 1668//1668
f 1662//1662 1661//1661 1667//1667
f 1662//1662 1669//1669 1663//1663
f 1663//1663 1669//1669 1670//1670
f 1663//1663 1670//1670 1664//1664
f 1664//1664 1670//1670 1671//1671
f 1664//1664 1671//1671 1665//1665
f 1665//1665 1671//1671 1672//1672
f 1672//1672 1674//1674 1673//1673
f 1672//1672 1673//1673 1508//1508
f 1665//1665 1672//1672 1508//1508
f 1504//1504 1665//1665 1508//1508
f 1675//1675 1509//1509 1508//1508
f 1675//1675 1508//1508 1673//1673
f 1675//1675 1511//1511 1509//1509
f 1677//1677 1676//1676 1666//1666
f 1507//1507 1677//1677 1666//1666
f 1512//1512 1677//1677 1507//1507
f 1666//1666 1676//1676 1667//1667
f 1667//1667 1676//1676 1678//1678
f 1667//1667 1678//1678 1668//1668
f 1674//1674 1679//1679 1673//1673
f 1673//1673 1679//1679 1675//1675
f 1675//1675 1679//1679 1680//1680
f 1680//1680 1682//1682 1681//1681
f 1680//1680 1681//1681 1513//1513
f 1675//1675 1680//1680 1513//1513
f 1511//1511 1675//1675 1513//1513
f 1681//1681 1515//1515 1513//1513
f 1516//1516 1677//1677 1512//1512
f 1516//1516 1683//1683 1677//1677
f 1682//1682 1684//1684 1681//1681
f 1684//1684 1686//1686 1685//1685
f 1684//1684 1685//1685 1517//1517
f 1681//1681 1684//1684 1517//1517
f 1515//1515 1681//1681 1517//1517
f 1685//1685 1518//1518 1517//1517
f 1519//1519 1683//1683 1516//1516
f 1519//1519 1687//1687 1683//1683
f 1686//1686 1688//1688 1685//1685
f 1518//1518 1685//1685 1688//1688
f 1689//1689 1518//1518 1688//1688
f 1521//1521 1518//1518 1689//1689
f 1522//1522 1687//1687 1519//1519
f 1522//1522 1690//1690 1687//1687
f 1523//1523 1521//1521 1691//1691
f 1521//1521 1692//1692 1691//1691
f 1521//1521 1689//1689 1692//1692
f 1691//1691 1524//1524 1523//1523
f 1525//1525 1690//1690 1522//1522
f 1525//1525 1693//1693 1690//1690
f 1691//1691 1692//1692 1694//1694
f 1694//1694 1692//1692 1695//1695
f 1694//1694 1526//1526 1524//1524
f 1694//1694 1524//1524 1691//1691
f 1527//1527 1693//1693 1525//1525
f 1527//1527 1696//1696 1693//1693
f 1695//1695 1697//1697 1694//1694
f 1526//1526 1694//1694 1697//1697
f 1698//1698 1526//1526 1697//1697
f 1528//1528 1526//1526 1698//1698
f 1529//1529 1696//1696 1527//1527
f 1529//1529 1699//1699 1696//1696
f 1698//1698 1531//1531 1528//1528
f 1700//1700 1531//1531 1698//1698
f 1532//1532 1699//1699 1529//1529
f 1532//1532 1701//1701 1699//1699
f 1533//1533 1531//1531 1702//1702
f 1531//1531 1703//1703 1702//1702
f 1531//1531 1700//1700 1703//1703
f 1702//1702 1534//1534 1533//1533
f 1535//1535 1701//1701 1532//1532
f 1535//1535 1704//1704 1701//1701
f 1703//1703 1705//1705 1702//1702
f 1534//1534 1702//1702 1705//1705
f 1706//1706 1534//1534 1705//1705
f 1536//1536 1534//1534 1706//1706
f 1537//1537 1704//1704 1535//1535
f 1537//1537 1707//1707 1704//1704
f 1706//1706 1538//1538 1536//1536
f 1708//1708 1538//1538 1706//1706
f 1539//1539 1707//1707 1537//1537
f 1539//1539 1709//1709 1707//1707
f 1708//1708 1540//1540 1538//1538
f 1710//1710 1540//1540 1708//1708
f 1541//1541 1709//1709 1539//1539
f 1541//1541 1711//1711 1709//1709
f 1710//1710 1542//1542 1540//1540
f 1712//1712 1542//1542 1710//1710
f 1713//1713 1711//1711 1541//1541
f 1713//1713 1541//1541 1543//1543
f 1543//1543 1545//1545 1713//1713
f 1713//1713 1545//1545 1714//1714
f 1712//1712 1546//1546 1542//1542
f 1715//1715 1546//1546 1712//1712
f 1547//1547 1714//1714 1545//1545
f 1547//1547 1716//1716 1714//1714
f 1715//1715 1548//1548 1546//1546
f 1717//1717 1548//1548 1715//1715
f 1549//1549 1716//1716 1547//1547
f 1549//1549 1718//1718 1716//1716
f 1717//1717 1550//1550 1548//1548
f 1719//1719 1550//1550 1717//1717
f 1551//1551 1718//1718 1549//1549
f 1551//1551 1720//1720 1718//1718
f 1719//1719 1552//1552 1550//1550
f 1721//1721 1552//1552 1719//1719
f 1553//1553 1720//1720 1551//1551
f 1553//1553 1722//1722 1720//1720
f 1721//1721 1554//1554 1552//1552
f 1723//1723 1554//1554 1721//1721
f 1556//1556 1722//1722 1553//1553
f 1556//1556 1724//1724 1722//1722
f 1723//1723 1558//1558 1554//1554
f 1725//1725 1558//1558 1723//1723
f 1556//1556 1559//1559 1726//1726
f 1727//1727 1556//1556 1726//1726
f 1724//1724 1556//1556 1727//1727
f 1561//1561 1726//1726 1559//1559
f 1729//1729 1728//1728 1563//1563
f 1563//1563 1728//1728 1562//1562
f 1563//1563 1558//1558 1725//1725
f 1563//1563 1725//1725 1729//1729
f 1730//1730 1727//1727 1726//1726
f 1732//1732 1730//1730 1731//1731
f 1731//1731 1730//1730 1564//1564
f 1730//1730 1726//1726 1564//1564
f 1726//1726 1561//1561 1564//1564
f 1566//1566 1731//1731 1564//1564
f 1733//1733 1567//1567 1568//1568
f 1734//1734 1733//1733 1568//1568
f 1562//1562 1734//1734 1568//1568
f 1728//1728 1734//1734 1562//1562
f 1735//1735 1732//1732 1731//1731
f 1737//1737 1735//1735 1736//1736
f 1736//1736 1735//1735 1569//1569
f 1735//1735 1731//1731 1569//1569
f 1731//1731 1566//1566 1569//1569
f 1571//1571 1736//1736 1569//1569
f 1738//1738 1572//1572 1573//1573
f 1739//1739 1738//1738 1573//1573
f 1739//1739 1573//1573 1567//1567
f 1740//1740 1739//1739 1567//1567
f 1733//1733 1740//1740 1567//1567
f 1740//1740 1733//1733 1734//1734
f 1741//1741 1737//1737 1736//1736
f 1741//1741 1736//1736 1571//1571
f 1574//1574 1741//1741 1571//1571
f 1742//1742 1741//1741 1574//1574
f 1744//1744 1742//1742 1743//1743
f 1742//1742 1575//1575 1743//1743
f 1742//1742 1574//1574 1575//1575
f 1577//1577 1743//1743 1575//1575
f 1745//1745 1578//1578 1579//1579
f 1745//1745 1579//1579 1746//1746
f 1579//1579 1747//1747 1746//1746
f 1579//1579 1580//1580 1747//1747
f 1580//1580 1572//1572 1738//1738
f 1748//1748 1580//1580 1738//1738
f 1747//1747 1580//1580 1748//1748
f 1748//1748 1738//1738 1739//1739
f 1749//1749 1744//1744 1743//1743
f 1749//1749 1743//1743 1577//1577
f 1581//1581 1749//1749 1577//1577
f 1750//1750 1749//1749 1581//1581
f 1581//1581 1578//1578 1745//1745
f 1751//1751 1581//1581 1745//1745
f 1750//1750 1581//1581 1751//1751
f 1751//1751 1745//1745 1746//1746
f 1754//1754 1753//1753 1752//1752
f 1756//1756 1755//1755 1752//1752
f 1756//1756 1752//1752 1753//1753
f 1758//1758 1757//1757 1755//1755
f 1758//1758 1755//1755 1756//1756
f 1759//1759 1757//1757 1758//1758
f 1762//1762 1761//1761 1760//1760
f 1760//1760 1761//1761 1754//1754
f 1752//1752 1760//1760 1754//1754
f 1763//1763 1760//1760 1752//1752
f 1764//1764 1752//1752 1755//1755
f 1763//1763 1752//1752 1764//1764
f 1765//1765 1755//1755 1757//1757
f 1764//1764 1755//1755 1765//1765
f 1757//1757 1759//1759 1766//1766
f 1767//1767 1757//1757 1766//1766
f 1765//1765 1757//1757 1767//1767
f 1769//1769 1768//1768 1767//1767
f 1769//1769 1767//1767 1766//1766
f 1770//1770 1768//1768 1769//1769
f 1773//1773 1772//1772 1771//1771
f 1771//1771 1772//1772 1762//1762
f 1760//1760 1771//1771 1762//1762
f 1774//1774 1771//1771 1760//1760
f 1775//1775 1760//1760 1763//1763
f 1774//1774 1760//1760 1775//1775
f 1776//1776 1763//1763 1764//1764
f 1775//1775 1763//1763 1776//1776
f 1777//1777 1764//1764 1765//1765
f 1776//1776 1764//1764 1777//1777
f 1778//1778 1765//1765 1767//1767
f 1777//1777 1765//1765 1778//1778
f 1779//1779 1767//1767 1768//1768
f 1778//1778 1767//1767 1779//1779
f 1768//1768 1770//1770 1780//1780
f 1781//1781 1768//1768 1780//1780
f 1779//1779 1768//1768 1781//1781
f 1782//1782 1781//1781 1780//1780
f 1773//1773 1771//1771 1783//1783
f 1773//1773 1783//1783 1784//1784
f 1785//1785 1771//1771 1774//1774
f 1783//1783 1771//1771 1785//1785
f 1786//1786 1774//1774 1775//1775
f 1785//1785 1774//1774 1786//1786
f 1584//1584 1786//1786 1583//1583
f 1786//1786 1776//1776 1583//1583
f 1786//1786 1775//1775 1776//1776
f 1583//1583 1776//1776 1585//1585
f 1776//1776 1787//1787 1585//1585
f 1776//1776 1777//1777 1787//1787
f 1788//1788 1777//1777 1778//1778
f 1787//1787 1777//1777 1788//1788
f 1789//1789 1778//1778 1779//1779
f 1788//1788 1778//1778 1789//1789
f 1790//1790 1779//1779 1781//1781
f 1789//1789 1779//1779 1790//1790
f 1781//1781 1782//1782 1791//1791
f 1781//1781 1791//1791 1790//1790
f 1794//1794 1793//1793 1792//1792
f 1792//1792 1793//1793 1784//1784
f 1783//1783 1792//1792 1784//1784
f 1795//1795 1792//1792 1783//1783
f 1796//1796 1783//1783 1785//1785
f 1795//1795 1783//1783 1796//1796
f 1588//1588 1796//1796 1587//1587
f 1796//1796 1786//1786 1587//1587
f 1796//1796 1785//1785 1786//1786
f 1587//1587 1786//1786 1584//1584
f 1787//1787 1590//1590 1585//1585
f 1590//1590 1787//1787 1592//1592
f 1787//1787 1797//1797 1592//1592
f 1787//1787 1788//1788 1797//1797
f 1798//1798 1788//1788 1789//1789
f 1797//1797 1788//1788 1798//1798
f 1799//1799 1789//1789 1790//1790
f 1798//1798 1789//1789 1799//1799
f 1790//1790 1791//1791 1800//1800
f 1801//1801 1790//1790 1800//1800
f 1799//1799 1790//1790 1801//1801
f 1802//1802 1801//1801 1800//1800
f 1794//1794 1792//1792 1803//1803
f 1794//1794 1803//1803 1804//1804
f 1805//1805 1792//1792 1795//1795
f 1803//1803 1792//1792 1805//1805
f 1595//1595 1805//1805 1594//1594
f 1805//1805 1796//1796 1594//1594
f 1805//1805 1795//1795 1796//1796
f 1594//1594 1796//1796 1588//1588
f 1806//1806 1599//1599 1797//1797
f 1797//1797 1599//1599 1592//1592
f 1807//1807 1797//1797 1798//1798
f 1806//1806 1797//1797 1807//1807
f 1808//1808 1798//1798 1799//1799
f 1807//1807 1798//1798 1808//1808
f 1809//1809 1799//1799 1801//1801
f 1808//1808 1799//1799 1809//1809
f 1801//1801 1802//1802 1810//1810
f 1801//1801 1810//1810 1809//1809
f 1804//1804 1803//1803 1811//1811
f 1804//1804 1811//1811 1812//1812
f 1813//1813 1803//1803 1805//1805
f 1811//1811 1803//1803 1813//1813
f 1601//1601 1813//1813 1595//1595
f 1595//1595 1813//1813 1805//1805
f 1806//1806 1605//1605 1599//1599
f 1605//1605 1806//1806 1607//1607
f 1806//1806 1814//1814 1607//1607
f 1806//1806 1807//1807 1814//1814
f 1815//1815 1807//1807 1808//1808
f 1814//1814 1807//1807 1815//1815
f 1816//1816 1808//1808 1809//1809
f 1815//1815 1808//1808 1816//1816
f 1809//1809 1810//1810 1817//1817
f 1809//1809 1817//1817 1816//1816
f 1812//1812 1811//1811 1818//1818
f 1812//1812 1818//1818 1819//1819
f 1820//1820 1811//1811 1813//1813
f 1818//1818 1811//1811 1820//1820
f 1608//1608 1821//1821 1601//1601
f 1821//1821 1813//1813 1601//1601
f 1821//1821 1820//1820 1813//1813
f 1609//1609 1821//1821 1608//1608
f 1822//1822 1614//1614 1814//1814
f 1814//1814 1614//1614 1607//1607
f 1823//1823 1814//1814 1815//1815
f 1822//1822 1814//1814 1823//1823
f 1824//1824 1815//1815 1816//1816
f 1823//1823 1815//1815 1824//1824
f 1816//1816 1817//1817 1825//1825
f 1816//1816 1825//1825 1824//1824
f 1819//1819 1818//1818 1826//1826
f 1819//1819 1826//1826 1827//1827
f 1828//1828 1818//1818 1820//1820
f 1826//1826 1818//1818 1828//1828
f 1829//1829 1820//1820 1821//1821
f 1828//1828 1820//1820 1829//1829
f 1616//1616 1829//1829 1609//1609
f 1609//1609 1829//1829 1821//1821
f 1830//1830 1620//1620 1822//1822
f 1822//1822 1620//1620 1614//1614
f 1831//1831 1822//1822 1823//1823
f 1830//1830 1822//1822 1831//1831
f 1832//1832 1823//1823 1824//1824
f 1831//1831 1823//1823 1832//1832
f 1824//1824 1825//1825 1833//1833
f 1824//1824 1833//1833 1832//1832
f 1827//1827 1826//1826 1834//1834
f 1827//1827 1834//1834 1835//1835
f 1836//1836 1826//1826 1828//1828
f 1834//1834 1826//1826 1836//1836
f 1837//1837 1828//1828 1829//1829
f 1836//1836 1828//1828 1837//1837
f 1622//1622 1837//1837 1616//1616
f 1616//1616 1837//1837 1829//1829
f 1838//1838 1625//1625 1626//1626
f 1620//1620 1830//1830 1626//1626
f 1830//1830 1838//1838 1626//1626
f 1830//1830 1839//1839 1838//1838
f 1840//1840 1830//1830 1831//1831
f 1839//1839 1830//1830 1840//1840
f 1841//1841 1831//1831 1832//1832
f 1840//1840 1831//1831 1841//1841
f 1832//1832 1833//1833 1842//1842
f 1832//1832 1842//1842 1841//1841
f 1835//1835 1834//1834 1843//1843
f 1835//1835 1843//1843 1844//1844
f 1845//1845 1834//1834 1836//1836
f 1843//1843 1834//1834 1845//1845
f 1846//1846 1836//1836 1837//1837
f 1845//1845 1836//1836 1846//1846
f 1627//1627 1847//1847 1622//1622
f 1847//1847 1837//1837 1622//1622
f 1847//1847 1846//1846 1837//1837
f 1628//1628 1848//1848 1627//1627
f 1627//1627 1848//1848 1847//1847
f 1629//1629 1849//1849 1628//1628
f 1628//1628 1849//1849 1848//1848
f 1625//1625 1838//1838 1629//1629
f 1838//1838 1849//1849 1629//1629
f 1838//1838 1850//1850 1849//1849
f 1851//1851 1838//1838 1839//1839
f 1850//1850 1838//1838 1851//1851
f 1852//1852 1839//1839 1840//1840
f 1851//1851 1839//1839 1852//1852
f 1853//1853 1840//1840 1841//1841
f 1852//1852 1840//1840 1853//1853
f 1841//1841 1842//1842 1854//1854
f 1841//1841 1854//1854 1853//1853
f 1844//1844 1843//1843 1855//1855
f 1844//1844 1855//1855 1856//1856
f 1857//1857 1843//1843 1845//1845
f 1855//1855 1843//1843 1857//1857
f 1858//1858 1845//1845 1846//1846
f 1857//1857 1845//1845 1858//1858
f 1859//1859 1846//1846 1847//1847
f 1858//1858 1846//1846 1859//1859
f 1860//1860 1847//1847 1848//1848
f 1859//1859 1847//1847 1860//1860
f 1861//1861 1848//1848 1849//1849
f 1860//1860 1848//1848 1861//1861
f 1862//1862 1849//1849 1850//1850
f 1861//1861 1849//1849 1862//1862
f 1863//1863 1850//1850 1851//1851
f 1862//1862 1850//1850 1863//1863
f 1864//1864 1851//1851 1852//1852
f 1863//1863 1851//1851 1864//1864
f 1865//1865 1852//1852 1853//1853
f 1864//1864 1852//1852 1865//1865
f 1853//1853 1854//1854 1866//1866
f 1853//1853 1866//1866 1865//1865
f 1867//1867 1856//1856 1855//1855
f 1869//1869 1868//1868 1867//1867
f 1855//1855 1869//1869 1867//1867
f 1857//1857 1869//1869 1855//1855
f 1870//1870 1857//1857 1858//1858
f 1869//1869 1857//1857 1870//1870
f 1871//1871 1858//1858 1859//1859
f 1870//1870 1858//1858 1871//1871
f 1872//1872 1859//1859 1860//1860
f 1871//1871 1859//1859 1872//1872
f 1873//1873 1860//1860 1861//1861
f 1872//1872 1860//1860 1873//1873
f 1874//1874 1861//1861 1862//1862
f 1873//1873 1861//1861 1874//1874
f 1875//1875 1862//1862 1863//1863
f 1874//1874 1862//1862 1875//1875
f 1876//1876 1863//1863 1864//1864
f 1875//1875 1863//1863 1876//1876
f 1865//1865 1878//1878 1877//1877
f 1876//1876 1865//1865 1877//1877
f 1864//1864 1865//1865 1876//1876
f 1878//1878 1865//1865 1866//1866
f 1879//1879 1868//1868 1869//1869
f 1881//1881 1880//1880 1879//1879
f 1869//1869 1881//1881 1879//1879
f 1870//1870 1881//1881 1869//1869
f 1882//1882 1870//1870 1871//1871
f 1881//1881 1870//1870 1882//1882
f 1883//1883 1871//1871 1872//1872
f 1882//1882 1871//1871 1883//1883
f 1884//1884 1872//1872 1873//1873
f 1883//1883 1872//1872 1884//1884
f 1885//1885 1873//1873 1874//1874
f 1884//1884 1873//1873 1885//1885
f 1886//1886 1874//1874 1875//1875
f 1885//1885 1874//1874 1886//1886
f 1876//1876 1888//1888 1887//1887
f 1886//1886 1876//1876 1887//1887
f 1875//1875 1876//1876 1886//1886
f 1888//1888 1876//1876 1877//1877
f 1889//1889 1880//1880 1881//1881
f 1891//1891 1890//1890 1889//1889
f 1881//1881 1891//1891 1889//1889
f 1882//1882 1891//1891 1881//1881
f 1892//1892 1882//1882 1883//1883
f 1891//1891 1882//1882 1892//1892
f 1893//1893 1883//1883 1884//1884
f 1892//1892 1883//1883 1893//1893
f 1894//1894 1884//1884 1885//1885
f 1893//1893 1884//1884 1894//1894
f 1895//1895 1885//1885 1886//1886
f 1894//1894 1885//1885 1895//1895
f 1886//1886 1887//1887 1896//1896
f 1886//1886 1896//1896 1895//1895
f 1890//1890 1891//1891 1897//1897
f 1890//1890 1897//1897 1898//1898
f 1899//1899 1891//1891 1892//1892
f 1897//1897 1891//1891 1899//1899
f 1900//1900 1892//1892 1893//1893
f 1899//1899 1892//1892 1900//1900
f 1901//1901 1893//1893 1894//1894
f 1900//1900 1893//1893 1901//1901
f 1895//1895 1903//1903 1902//1902
f 1901//1901 1895//1895 1902//1902
f 1894//1894 1895//1895 1901//1901
f 1903//1903 1895//1895 1896//1896
f 1898//1898 1897//1897 1904//1904
f 1898//1898 1904//1904 1905//1905
f 1906//1906 1897//1897 1899//1899
f 1904//1904 1897//1897 1906//1906
f 1907//1907 1899//1899 1900//1900
f 1906//1906 1899//1899 1907//1907
f 1901//1901 1909//1909 1908//1908
f 1907//1907 1901//1901 1908//1908
f 1900//1900 1901//1901 1907//1907
f 1909//1909 1901//1901 1902//1902
f 1910//1910 1905//1905 1904//1904
f 1910//1910 1904//1904 1906//1906
f 1910//1910 1906//1906 1911//1911
f 1911//1911 1906//1906 1907//1907
f 1911//1911 1907//1907 1912//1912
f 1912//1912 1907//1907 1908//1908
f 1633//1633 1913//1913 1630//1630
f 1633//1633 1635//1635 1913//1913
f 1635//1635 1914//1914 1913//1913
f 1635//1635 1916//1916 1914//1914
f 1915//1915 1636//1636 1632//1632
f 1917//1917 1636//1636 1915//1915
f 1637//1637 1919//1919 1918//1918
f 1916//1916 1637//1637 1918//1918
f 1635//1635 1637//1637 1916//1916
f 1919//1919 1920//1920 1918//1918
f 1923//1923 1922//1922 1921//1921
f 1917//1917 1923//1923 1921//1921
f 1638//1638 1917//1917 1921//1921
f 1636//1636 1917//1917 1638//1638
f 1639//1639 1919//1919 1637//1637
f 1639//1639 1641//1641 1919//1919
f 1641//1641 1920//1920 1919//1919
f 1641//1641 1924//1924 1920//1920
f 1921//1921 1922//1922 1644//1644
f 1922//1922 1643//1643 1644//1644
f 1922//1922 1925//1925 1643//1643
f 1921//1921 1644//1644 1638//1638
f 1645//1645 1927//1927 1926//1926
f 1924//1924 1645//1645 1926//1926
f 1641//1641 1645//1645 1924//1924
f 1927//1927 1928//1928 1926//1926
f 1931//1931 1930//1930 1929//1929
f 1925//1925 1931//1931 1929//1929
f 1646//1646 1925//1925 1929//1929
f 1643//1643 1925//1925 1646//1646
f 1647//1647 1927//1927 1645//1645
f 1933//1933 1932//1932 1648//1648
f 1648//1648 1932//1932 1647//1647
f 1932//1932 1928//1928 1647//1647
f 1928//1928 1927//1927 1647//1647
f 1933//1933 1934//1934 1932//1932
f 1937//1937 1936//1936 1935//1935
f 1937//1937 1935//1935 1930//1930
f 1930//1930 1935//1935 1929//1929
f 1935//1935 1649//1649 1929//1929
f 1649//1649 1650//1650 1929//1929
f 1929//1929 1650//1650 1646//1646
f 1651//1651 1933//1933 1648//1648
f 1938//1938 1934//1934 1933//1933
f 1651//1651 1938//1938 1933//1933
f 1652//1652 1938//1938 1651//1651
f 1940//1940 1939//1939 1654//1654
f 1939//1939 1652//1652 1654//1654
f 1939//1939 1938//1938 1652//1652
f 1942//1942 1941//1941 1940//1940
f 1940//1940 1941//1941 1939//1939
f 1656//1656 1657//1657 1942//1942
f 1657//1657 1941//1941 1942//1942
f 1657//1657 1943//1943 1941//1941
f 1658//1658 1935//1935 1936//1936
f 1943//1943 1658//1658 1936//1936
f 1657//1657 1658//1658 1943//1943
f 1935//1935 1658//1658 1649//1649
f 1659//1659 1940//1940 1654//1654
f 1940//1940 1659//1659 1660//1660
f 1940//1940 1660//1660 1942//1942
f 1942//1942 1660//1660 1656//1656
f 1668//1668 1944//1944 1669//1669
f 1945//1945 1670//1670 1669//1669
f 1945//1945 1669//1669 1944//1944
f 1946//1946 1671//1671 1670//1670
f 1946//1946 1670//1670 1945//1945
f 1947//1947 1672//1672 1671//1671
f 1947//1947 1671//1671 1946//1946
f 1947//1947 1674//1674 1672//1672
f 1677//1677 1948//1948 1676//1676
f 1949//1949 1678//1678 1676//1676
f 1949//1949 1676//1676 1948//1948
f 1949//1949 1950//1950 1678//1678
f 1678//1678 1950//1950 1668//1668
f 1950//1950 1951//1951 1668//1668
f 1951//1951 1944//1944 1668//1668
f 1944//1944 1951//1951 1945//1945
f 1945//1945 1951//1951 1952//1952
f 1945//1945 1952//1952 1946//1946
f 1946//1946 1952//1952 1953//1953
f 1955//1955 1954//1954 1953//1953
f 1954//1954 1946//1946 1953//1953
f 1954//1954 1947//1947 1946//1946
f 1956//1956 1679//1679 1674//1674
f 1947//1947 1956//1956 1674//1674
f 1954//1954 1956//1956 1947//1947
f 1957//1957 1680//1680 1679//1679
f 1957//1957 1679//1679 1956//1956
f 1957//1957 1682//1682 1680//1680
f 1683//1683 1958//1958 1948//1948
f 1683//1683 1948//1948 1677//1677
f 1960//1960 1949//1949 1959//1959
f 1949//1949 1958//1958 1959//1959
f 1949//1949 1948//1948 1958//1958
f 1949//1949 1960//1960 1950//1950
f 1955//1955 1961//1961 1954//1954
f 1954//1954 1961//1961 1956//1956
f 1956//1956 1961//1961 1962//1962
f 1956//1956 1962//1962 1957//1957
f 1957//1957 1962//1962 1963//1963
f 1963//1963 1965//1965 1964//1964
f 1963//1963 1964//1964 1684//1684
f 1957//1957 1963//1963 1684//1684
f 1682//1682 1957//1957 1684//1684
f 1964//1964 1686//1686 1684//1684
f 1967//1967 1966//1966 1958//1958
f 1683//1683 1967//1967 1958//1958
f 1687//1687 1967//1967 1683//1683
f 1958//1958 1966//1966 1959//1959
f 1965//1965 1968//1968 1964//1964
f 1968//1968 1970//1970 1969//1969
f 1968//1968 1969//1969 1688//1688
f 1964//1964 1968//1968 1688//1688
f 1686//1686 1964//1964 1688//1688
f 1969//1969 1689//1689 1688//1688
f 1690//1690 1967//1967 1687//1687
f 1690//1690 1971//1971 1967//1967
f 1969//1969 1970//1970 1972//1972
f 1972//1972 1970//1970 1973//1973
f 1972//1972 1692//1692 1689//1689
f 1972//1972 1689//1689 1969//1969
f 1693//1693 1971//1971 1690//1690
f 1693//1693 1974//1974 1971//1971
f 1973//1973 1975//1975 1972//1972
f 1692//1692 1972//1972 1975//1975
f 1976//1976 1692//1692 1975//1975
f 1695//1695 1692//1692 1976//1976
f 1696//1696 1974//1974 1693//1693
f 1696//1696 1977//1977 1974//1974
f 1697//1697 1695//1695 1978//1978
f 1695//1695 1979//1979 1978//1978
f 1695//1695 1976//1976 1979//1979
f 1978//1978 1698//1698 1697//1697
f 1699//1699 1977//1977 1696//1696
f 1699//1699 1980//1980 1977//1977
f 1979//1979 1981//1981 1978//1978
f 1698//1698 1978//1978 1981//1981
f 1982//1982 1698//1698 1981//1981
f 1700//1700 1698//1698 1982//1982
f 1701//1701 1980//1980 1699//1699
f 1701//1701 1983//1983 1980//1980
f 1982//1982 1703//1703 1700//1700
f 1984//1984 1703//1703 1982//1982
f 1704//1704 1983//1983 1701//1701
f 1704//1704 1985//1985 1983//1983
f 1705//1705 1703//1703 1986//1986
f 1703//1703 1987//1987 1986//1986
f 1703//1703 1984//1984 1987//1987
f 1986//1986 1706//1706 1705//1705
f 1707//1707 1985//1985 1704//1704
f 1707//1707 1988//1988 1985//1985
f 1987//1987 1989//1989 1986//1986
f 1706//1706 1986//1986 1989//1989
f 1990//1990 1706//1706 1989//1989
f 1708//1708 1706//1706 1990//1990
f 1709//1709 1988//1988 1707//1707
f 1709//1709 1991//1991 1988//1988
f 1990//1990 1710//1710 1708//1708
f 1992//1992 1710//1710 1990//1990
f 1711//1711 1991//1991 1709//1709
f 1711//1711 1993//1993 1991//1991
f 1992//1992 1712//1712 1710//1710
f 1994//1994 1712//1712 1992//1992
f 1995//1995 1993//1993 1711//1711
f 1995//1995 1711//1711 1713//1713
f 1713//1713 1714//1714 1995//1995
f 1995//1995 1714//1714 1996//1996
f 1994//1994 1715//1715 1712//1712
f 1997//1997 1715//1715 1994//1994
f 1716//1716 1996//1996 1714//1714
f 1716//1716 1998//1998 1996//1996
f 1997//1997 1717//1717 1715//1715
f 1999//1999 1717//1717 1997//1997
f 1718//1718 1998//1998 1716//1716
f 1718//1718 2000//2000 1998//1998
f 1999//1999 1719//1719 1717//1717
f 2001//2001 1719//1719 1999//1999
f 1720//1720 2000//2000 1718//1718
f 1720//1720 2002//2002 2000//2000
f 2001//2001 1721//1721 1719//1719
f 2003//2003 1721//1721 2001//2001
f 1722//1722 2002//2002 1720//1720
f 1722//1722 2004//2004 2002//2002
f 2003//2003 1723//1723 1721//1721
f 2005//2005 1723//1723 2003//2003
f 1724//1724 2004//2004 1722//1722
f 1724//1724 2006//2006 2004//2004
f 2005//2005 1725//1725 1723//1723
f 2007//2007 1725//1725 2005//2005
f 1727//1727 2006//2006 1724//1724
f 1727//1727 2008//2008 2006//2006
f 2010//2010 2009//2009 1729//1729
f 1729//1729 2009//2009 1728//1728
f 1729//1729 1725//1725 2007//2007
f 1729//1729 2007//2007 2010//2010
f 1727//1727 1730//1730 2011//2011
f 2012//2012 1727//1727 2011//2011
f 2008//2008 1727//1727 2012//2012
f 1732//1732 2011//2011 1730//1730
f 2009//2009 1734//1734 1728//1728
f 2013//2013 1734//1734 2009//2009
f 2014//2014 2012//2012 2011//2011
f 2016//2016 2014//2014 2015//2015
f 2015//2015 2014//2014 1735//1735
f 2014//2014 2011//2011 1735//1735
f 2011//2011 1732//1732 1735//1735
f 1737//1737 2015//2015 1735//1735
f 2018//2018 2017//2017 1740//1740
f 1740//1740 2017//2017 1739//1739
f 1740//1740 1734//1734 2013//2013
f 1740//1740 2013//2013 2018//2018
f 2016//2016 2015//2015 2019//2019
f 2016//2016 2019//2019 2020//2020
f 1741//1741 2021//2021 1737//1737
f 2021//2021 2015//2015 1737//1737
f 2021//2021 2019//2019 2015//2015
f 1742//1742 2022//2022 1741//1741
f 1741//1741 2022//2022 2021//2021
f 1744//1744 2022//2022 1742//1742
f 2023//2023 1746//1746 1747//1747
f 2023//2023 1747//1747 2024//2024
f 1747//1747 2025//2025 2024//2024
f 1747//1747 1748//1748 2025//2025
f 1748//1748 1739//1739 2017//2017
f 1748//1748 2017//2017 2025//2025
f 2026//2026 2020//2020 2019//2019
f 2028//2028 2027//2027 2026//2026
f 2019//2019 2028//2028 2026//2026
f 2021//2021 2028//2028 2019//2019
f 2029//2029 2021//2021 2022//2022
f 2028//2028 2021//2021 2029//2029
f 1749//1749 2030//2030 1744//1744
f 2030//2030 2022//2022 1744//1744
f 2030//2030 2029//2029 2022//2022
f 1750//1750 2031//2031 1749//1749
f 1749//1749 2031//2031 2030//2030
f 1751//1751 2032//2032 1750//1750
f 1750//1750 2032//2032 2031//2031
f 1746//1746 2023//2023 1751//1751
f 2023//2023 2032//2032 1751//1751
f 2023//2023 2033//2033 2032//2032
f 2023//2023 2024//2024 2034//2034
f 2023//2023 2034//2034 2033//2033
f 2035//2035 2027//2027 2028//2028
f 2037//2037 2036//2036 2035//2035
f 2028//2028 2037//2037 2035//2035
f 2029//2029 2037//2037 2028//2028
f 2038//2038 2029//2029 2030//2030
f 2037//2037 2029//2029 2038//2038
f 2039//2039 2030//2030 2031//2031
f 2038//2038 2030//2030 2039//2039
f 2040//2040 2031//2031 2032//2032
f 2039//2039 2031//2031 2040//2040
f 2041//2041 2032//2032 2033//2033
f 2040//2040 2032//2032 2041//2041
f 2033//2033 2034//2034 2042//2042
f 2033//2033 2042//2042 2041//2041
f 2036//2036 2037//2037 2043//2043
f 2036//2036 2043//2043 2044//2044
f 2045//2045 2037//2037 2038//2038
f 2043//2043 2037//2037 2045//2045
f 2046//2046 2038//2038 2039//2039
f 2045//2045 2038//2038 2046//2046
f 2047//2047 2039//2039 2040//2040
f 2046//2046 2039//2039 2047//2047
f 2041//2041 2049//2049 2048//2048
f 2047//2047 2041//2041 2048//2048
f 2040//2040 2041//2041 2047//2047
f 2049//2049 2041//2041 2042//2042
f 2050//2050 2044//2044 2043//2043
f 2052//2052 2051//2051 2050//2050
f 2043//2043 2052//2052 2050//2050
f 2045//2045 2052//2052 2043//2043
f 2053//2053 2045//2045 2046//2046
f 2052//2052 2045//2045 2053//2053
f 2054//2054 2046//2046 2047//2047
f 2053//2053 2046//2046 2054//2054
f 2047//2047 2048//2048 2055//2055
f 2047//2047 2055//2055 2054//2054
f 2056//2056 2051//2051 2052//2052
f 2056//2056 2052//2052 2053//2053
f 2056//2056 2053//2053 2057//2057
f 2057//2057 2053//2053 2054//2054
f 2057//2057 2054//2054 2058//2058
f 2058//2058 2054//2054 2055//2055
f 2061//2061 2060//2060 2059//2059
f 2062//2062 2059//2059 2060//2060
f 2065//2065 2064//2064 2063//2063
f 2063//2063 2064//2064 2061//2061
f 2059//2059 2063//2063 2061//2061
f 2066//2066 2063//2063 2059//2059
f 2059//2059 2062//2062 2067//2067
f 2068//2068 2059//2059 2067//2067
f 2066//2066 2059//2059 2068//2068
f 2069//2069 2068//2068 2067//2067
f 2065//2065 2063//2063 2070//2070
f 2065//2065 2070//2070 2071//2071
f 2072//2072 2063//2063 2066//2066
f 2070//2070 2063//2063 2072//2072
f 2073//2073 2066//2066 2068//2068
f 2072//2072 2066//2066 2073//2073
f 2068//2068 2069//2069 2074//2074
f 2075//2075 2068//2068 2074//2074
f 2073//2073 2068//2068 2075//2075
f 2076//2076 2075//2075 2074//2074
f 2079//2079 2078//2078 2077//2077
f 2077//2077 2078//2078 2071//2071
f 2070//2070 2077//2077 2071//2071
f 2080//2080 2077//2077 2070//2070
f 2081//2081 2070//2070 2072//2072
f 2080//2080 2070//2070 2081//2081
f 2082//2082 2072//2072 2073//2073
f 2081//2081 2072//2072 2082//2082
f 2083//2083 2073//2073 2075//2075
f 2082//2082 2073//2073 2083//2083
f 2075//2075 2076//2076 2084//2084
f 2085//2085 2075//2075 2084//2084
f 2083//2083 2075//2075 2085//2085
f 2087//2087 2086//2086 2085//2085
f 2087//2087 2085//2085 2084//2084
f 2088//2088 2086//2086 2087//2087
f 2091//2091 2090//2090 2089//2089
f 2089//2089 2090//2090 2079//2079
f 2077//2077 2089//2089 2079//2079
f 2092//2092 2089//2089 2077//2077
f 2093//2093 2077//2077 2080//2080
f 2092//2092 2077//2077 2093//2093
f 1754//1754 2093//2093 1753//1753
f 2093//2093 2081//2081 1753//1753
f 2093//2093 2080//2080 2081//2081
f 1753//1753 2081//2081 1756//1756
f 1756//1756 2081//2081 2082//2082
f 1756//1756 2082//2082 1758//1758
f 1758//1758 2082//2082 2083//2083
f 1758//1758 2083//2083 1759//1759
f 2083//2083 2094//2094 1759//1759
f 2083//2083 2085//2085 2094//2094
f 2095//2095 2085//2085 2086//2086
f 2094//2094 2085//2085 2095//2095
f 2086//2086 2088//2088 2096//2096
f 2097//2097 2086//2086 2096//2096
f 2095//2095 2086//2086 2097//2097
f 2098//2098 2097//2097 2096//2096
f 2101//2101 2100//2100 2099//2099
f 2099//2099 2100//2100 2091//2091
f 2089//2089 2099//2099 2091//2091
f 2102//2102 2099//2099 2089//2089
f 2103//2103 2089//2089 2092//2092
f 2102//2102 2089//2089 2103//2103
f 1762//1762 2103//2103 1761//1761
f 2103//2103 2093//2093 1761//1761
f 2103//2103 2092//2092 2093//2093
f 1761//1761 2093//2093 1754//1754
f 2094//2094 1766//1766 1759//1759
f 1766//1766 2094//2094 1769//1769
f 1769//1769 2094//2094 2095//2095
f 1769//1769 2095//2095 1770//1770
f 2095//2095 2104//2104 1770//1770
f 2095//2095 2097//2097 2104//2104
f 2097//2097 2098//2098 2105//2105
f 2106//2106 2097//2097 2105//2105
f 2104//2104 2097//2097 2106//2106
f 2107//2107 2106//2106 2105//2105
f 2101//2101 2099//2099 2108//2108
f 2101//2101 2108//2108 2109//2109
f 2110//2110 2099//2099 2102//2102
f 2108//2108 2099//2099 2110//2110
f 1773//1773 2110//2110 1772//1772
f 2110//2110 2103//2103 1772//1772
f 2110//2110 2102//2102 2103//2103
f 1772//1772 2103//2103 1762//1762
f 2104//2104 1780//1780 1770//1770
f 1780//1780 2104//2104 1782//1782
f 2104//2104 2111//2111 1782//1782
f 2104//2104 2106//2106 2111//2111
f 2106//2106 2107//2107 2112//2112
f 2106//2106 2112//2112 2111//2111
f 2115//2115 2114//2114 2113//2113
f 2113//2113 2114//2114 2109//2109
f 2108//2108 2113//2113 2109//2109
f 2116//2116 2113//2113 2108//2108
f 2117//2117 2108//2108 2110//2110
f 2116//2116 2108//2108 2117//2117
f 1784//1784 2117//2117 1773//1773
f 1773//1773 2117//2117 2110//2110
f 2118//2118 1791//1791 2111//2111
f 2111//2111 1791//1791 1782//1782
f 2111//2111 2112//2112 2119//2119
f 2120//2120 2111//2111 2119//2119
f 2118//2118 2111//2111 2120//2120
f 2121//2121 2120//2120 2119//2119
f 2115//2115 2113//2113 2122//2122
f 2115//2115 2122//2122 2123//2123
f 2124//2124 2113//2113 2116//2116
f 2122//2122 2113//2113 2124//2124
f 1794//1794 2124//2124 1793//1793
f 2124//2124 2117//2117 1793//1793
f 2124//2124 2116//2116 2117//2117
f 1793//1793 2117//2117 1784//1784
f 2118//2118 1800//1800 1791//1791
f 1800//1800 2118//2118 1802//1802
f 2118//2118 2125//2125 1802//1802
f 2118//2118 2120//2120 2125//2125
f 2120//2120 2121//2121 2126//2126
f 2120//2120 2126//2126 2125//2125
f 2123//2123 2122//2122 2127//2127
f 2123//2123 2127//2127 2128//2128
f 2129//2129 2122//2122 2124//2124
f 2127//2127 2122//2122 2129//2129
f 1804//1804 2129//2129 1794//1794
f 1794//1794 2129//2129 2124//2124
f 2130//2130 1810//1810 2125//2125
f 2125//2125 1810//1810 1802//1802
f 2125//2125 2126//2126 2131//2131
f 2125//2125 2131//2131 2130//2130
f 2128//2128 2127//2127 2132//2132
f 2128//2128 2132//2132 2133//2133
f 2134//2134 2127//2127 2129//2129
f 2132//2132 2127//2127 2134//2134
f 1812//1812 2134//2134 1804//1804
f 1804//1804 2134//2134 2129//2129
f 2135//2135 1817//1817 2130//2130
f 2130//2130 1817//1817 1810//1810
f 2130//2130 2131//2131 2136//2136
f 2130//2130 2136//2136 2135//2135
f 2133//2133 2132//2132 2137//2137
f 2133//2133 2137//2137 2138//2138
f 2139//2139 2132//2132 2134//2134
f 2137//2137 2132//2132 2139//2139
f 1819//1819 2139//2139 1812//1812
f 1812//1812 2139//2139 2134//2134
f 2140//2140 1825//1825 2135//2135
f 2135//2135 1825//1825 1817//1817
f 2135//2135 2136//2136 2141//2141
f 2142//2142 2135//2135 2141//2141
f 2140//2140 2135//2135 2142//2142
f 2143//2143 2142//2142 2141//2141
f 2138//2138 2137//2137 2144//2144
f 2138//2138 2144//2144 2145//2145
f 2146//2146 2137//2137 2139//2139
f 2144//2144 2137//2137 2146//2146
f 1827//1827 2146//2146 1819//1819
f 1819//1819 2146//2146 2139//2139
f 2147//2147 1833//1833 2140//2140
f 2140//2140 1833//1833 1825//1825
f 2148//2148 2140//2140 2142//2142
f 2147//2147 2140//2140 2148//2148
f 2142//2142 2143//2143 2149//2149
f 2142//2142 2149//2149 2148//2148
f 2145//2145 2144//2144 2150//2150
f 2145//2145 2150//2150 2151//2151
f 2152//2152 2144//2144 2146//2146
f 2150//2150 2144//2144 2152//2152
f 1835//1835 2152//2152 1827//1827
f 1827//1827 2152//2152 2146//2146
f 2153//2153 1842//1842 2147//2147
f 2147//2147 1842//1842 1833//1833
f 2154//2154 2147//2147 2148//2148
f 2153//2153 2147//2147 2154//2154
f 2148//2148 2149//2149 2155//2155
f 2148//2148 2155//2155 2154//2154
f 2151//2151 2150//2150 2156//2156
f 2151//2151 2156//2156 2157//2157
f 2158//2158 2150//2150 2152//2152
f 2156//2156 2150//2150 2158//2158
f 1844//1844 2158//2158 1835//1835
f 1835//1835 2158//2158 2152//2152
f 2159//2159 1854//1854 2153//2153
f 2153//2153 1854//1854 1842//1842
f 2160//2160 2153//2153 2154//2154
f 2159//2159 2153//2153 2160//2160
f 2154//2154 2155//2155 2161//2161
f 2154//2154 2161//2161 2160//2160
f 2157//2157 2156//2156 2162//2162
f 2157//2157 2162//2162 2163//2163
f 2164//2164 2156//2156 2158//2158
f 2162//2162 2156//2156 2164//2164
f 1856//1856 2164//2164 1844//1844
f 1844//1844 2164//2164 2158//2158
f 2165//2165 1866//1866 2159//2159
f 2159//2159 1866//1866 1854//1854
f 2166//2166 2159//2159 2160//2160
f 2165//2165 2159//2159 2166//2166
f 2160//2160 2161//2161 2167//2167
f 2160//2160 2167//2167 2166//2166
f 2168//2168 2163//2163 2162//2162
f 2170//2170 2169//2169 2168//2168
f 2162//2162 2170//2170 2168//2168
f 2164//2164 2170//2170 2162//2162
f 1867//1867 2171//2171 1856//1856
f 2171//2171 2164//2164 1856//1856
f 2171//2171 2170//2170 2164//2164
f 1868//1868 2171//2171 1867//1867
f 2172//2172 1877//1877 1878//1878
f 1866//1866 2165//2165 1878//1878
f 2165//2165 2172//2172 1878//1878
f 2165//2165 2173//2173 2172//2172
f 2166//2166 2175//2175 2174//2174
f 2173//2173 2166//2166 2174//2174
f 2165//2165 2166//2166 2173//2173
f 2175//2175 2166//2166 2167//2167
f 2176//2176 2169//2169 2170//2170
f 2178//2178 2177//2177 2176//2176
f 2170//2170 2178//2178 2176//2176
f 2171//2171 2178//2178 2170//2170
f 1879//1879 2179//2179 1868//1868
f 2179//2179 2171//2171 1868//1868
f 2179//2179 2178//2178 2171//2171
f 1880//1880 2179//2179 1879//1879
f 2180//2180 1887//1887 1888//1888
f 1877//1877 2172//2172 1888//1888
f 2172//2172 2180//2180 1888//1888
f 2172//2172 2181//2181 2180//2180
f 2182//2182 2172//2172 2173//2173
f 2181//2181 2172//2172 2182//2182
f 2173//2173 2174//2174 2183//2183
f 2173//2173 2183//2183 2182//2182
f 2184//2184 2177//2177 2178//2178
f 2186//2186 2185//2185 2184//2184
f 2178//2178 2186//2186 2184//2184
f 2179//2179 2186//2186 2178//2178
f 1889//1889 2187//2187 1880//1880
f 2187//2187 2179//2179 1880//1880
f 2187//2187 2186//2186 2179//2179
f 1890//1890 2187//2187 1889//1889
f 2188//2188 1896//1896 2180//2180
f 2180//2180 1896//1896 1887//1887
f 2189//2189 2180//2180 2181//2181
f 2188//2188 2180//2180 2189//2189
f 2182//2182 2191//2191 2190//2190
f 2189//2189 2182//2182 2190//2190
f 2181//2181 2182//2182 2189//2189
f 2191//2191 2182//2182 2183//2183
f 2185//2185 2186//2186 2192//2192
f 2185//2185 2192//2192 2193//2193
f 2194//2194 2186//2186 2187//2187
f 2192//2192 2186//2186 2194//2194
f 1898//1898 2194//2194 1890//1890
f 1890//1890 2194//2194 2187//2187
f 2195//2195 1902//1902 1903//1903
f 1896//1896 2188//2188 1903//1903
f 2188//2188 2195//2195 1903//1903
f 2188//2188 2196//2196 2195//2195
f 2189//2189 2198//2198 2197//2197
f 2196//2196 2189//2189 2197//2197
f 2188//2188 2189//2189 2196//2196
f 2198//2198 2189//2189 2190//2190
f 2193//2193 2192//2192 2199//2199
f 2193//2193 2199//2199 2200//2200
f 2201//2201 2192//2192 2194//2194
f 2199//2199 2192//2192 2201//2201
f 1905//1905 2201//2201 1898//1898
f 1898//1898 2201//2201 2194//2194
f 2202//2202 1908//1908 1909//1909
f 1902//1902 2195//2195 1909//1909
f 2195//2195 2202//2202 1909//1909
f 2195//2195 2203//2203 2202//2202
f 2204//2204 2195//2195 2196//2196
f 2203//2203 2195//2195 2204//2204
f 2196//2196 2197//2197 2205//2205
f 2196//2196 2205//2205 2204//2204
f 2206//2206 2200//2200 2199//2199
f 2206//2206 2199//2199 2201//2201
f 2206//2206 2201//2201 2207//2207
f 2207//2207 2201//2201 1905//1905
f 1910//1910 2207//2207 1905//1905
f 2208//2208 2207//2207 1910//1910
f 2209//2209 1910//1910 1911//1911
f 2209//2209 2208//2208 1910//1910
f 2210//2210 1911//1911 1912//1912
f 2210//2210 2209//2209 1911//1911
f 1912//1912 1908//1908 2202//2202
f 2211//2211 1912//1912 2202//2202
f 2210//2210 1912//1912 2211//2211
f 2211//2211 2202//2202 2203//2203
f 2211//2211 2203//2203 2212//2212
f 2212//2212 2203//2203 2204//2204
f 2212//2212 2204//2204 2213//2213
f 2213//2213 2204//2204 2205//2205
f 1916//1916 2218//2218 2214//2214
f 1916//1916 2214//2214 1914//1914
f 2215//2215 2214//2214 2219//2219
f 2219//2219 2214//2214 2218//2218
f 2216//2216 2217//2217 2220//2220
f 2220//2220 2217//2217 2221//2221
f 2220//2220 1917//1917 1915//1915
f 2220//2220 1915//1915 2216//2216
f 1918//1918 2218//2218 1916//1916
f 1918//1918 1920//1920 2218//2218
f 1920//1920 2219//2219 2218//2218
f 1920//1920 2222//2222 2219//2219
f 2220//2220 2221//2221 1923//1923
f 2221//2221 1922//1922 1923//1923
f 2221//2221 2223//2223 1922//1922
f 2220//2220 1923//1923 1917//1917
f 1924//1924 2225//2225 2224//2224
f 2222//2222 1924//1924 2224//2224
f 1920//1920 1924//1924 2222//2222
f 2225//2225 2226//2226 2224//2224
f 2229//2229 2228//2228 2227//2227
f 2223//2223 2229//2229 2227//2227
f 1925//1925 2223//2223 2227//2227
f 1922//1922 2223//2223 1925//1925
f 1926//1926 2225//2225 1924//1924
f 2231//2231 2230//2230 1928//1928
f 1928//1928 2230//2230 1926//1926
f 2230//2230 2226//2226 1926//1926
f 2226//2226 2225//2225 1926//1926
f 2231//2231 2232//2232 2230//2230
f 2235//2235 2234//2234 2233//2233
f 2235//2235 2233//2233 2228//2228
f 2228//2228 2233//2233 2227//2227
f 2233//2233 1930//1930 2227//2227
f 1930//1930 1931//1931 2227//2227
f 2227//2227 1931//1931 1925//1925
f 1932//1932 2231//2231 1928//1928
f 2237//2237 2236//2236 1934//1934
f 1934//1934 2236//2236 1932//1932
f 2236//2236 2232//2232 1932//1932
f 2232//2232 2231//2231 1932//1932
f 2239//2239 2238//2238 2237//2237
f 2237//2237 2238//2238 2236//2236
f 2241//2241 2240//2240 2239//2239
f 2239//2239 2240//2240 2238//2238
f 2243//2243 2242//2242 2241//2241
f 2241//2241 2242//2242 2240//2240
f 2242//2242 2243//2243 2234//2234
f 2234//2234 2243//2243 2233//2233
f 2243//2243 1936//1936 2233//2233
f 1936//1936 1937//1937 2233//2233
f 2233//2233 1937//1937 1930//1930
f 1938//1938 2237//2237 1934//1934
f 2237//2237 1938//1938 1939//1939
f 2237//2237 1939//1939 2239//2239
f 2239//2239 1939//1939 1941//1941
f 2239//2239 1941//1941 2241//2241
f 2241//2241 1941//1941 1943//1943
f 2241//2241 1943//1943 2243//2243
f 2243//2243 1943//1943 1936//1936
f 1950//1950 2244//2244 1951//1951
f 2245//2245 1952//1952 1951//1951
f 2245//2245 1951//1951 2244//2244
f 2246//2246 1953//1953 1952//1952
f 2246//2246 1952//1952 2245//2245
f 2246//2246 1955//1955 1953//1953
f 1959//1959 2247//2247 1960//1960
f 2244//2244 1950//1950 1960//1960
f 2247//2247 2244//2244 1960//1960
f 2248//2248 2244//2244 2247//2247
f 2244//2244 2249//2249 2245//2245
f 2244//2244 2248//2248 2249//2249
f 2245//2245 2250//2250 2246//2246
f 2245//2245 2249//2249 2250//2250
f 2251//2251 1961//1961 1955//1955
f 2246//2246 2251//2251 1955//1955
f 2250//2250 2251//2251 2246//2246
f 2252//2252 1962//1962 1961//1961
f 2252//2252 1961//1961 2251//2251
f 2253//2253 1963//1963 1962//1962
f 2253//2253 1962//1962 2252//2252
f 2253//2253 1965//1965 1963//1963
f 1967//1967 2254//2254 1966//1966
f 2247//2247 1959//1959 1966//1966
f 2254//2254 2247//2247 1966//1966
f 2255//2255 2247//2247 2254//2254
f 2257//2257 2248//2248 2256//2256
f 2248//2248 2255//2255 2256//2256
f 2248//2248 2247//2247 2255//2255
f 2248//2248 2257//2257 2249//2249
f 2249//2249 2257//2257 2258//2258
f 2249//2249 2258//2258 2250//2250
f 2250//2250 2258//2258 2259//2259
f 2250//2250 2259//2259 2251//2251
f 2251//2251 2259//2259 2260//2260
f 2251//2251 2260//2260 2252//2252
f 2252//2252 2260//2260 2261//2261
f 2263//2263 2262//2262 2261//2261
f 2262//2262 2252//2252 2261//2261
f 2262//2262 2253//2253 2252//2252
f 2264//2264 1968//1968 1965//1965
f 2253//2253 2264//2264 1965//1965
f 2262//2262 2264//2264 2253//2253
f 2264//2264 1970//1970 1968//1968
f 1971//1971 2265//2265 2254//2254
f 1971//1971 2254//2254 1967//1967
f 2267//2267 2255//2255 2266//2266
f 2255//2255 2265//2265 2266//2266
f 2255//2255 2254//2254 2265//2265
f 2255//2255 2267//2267 2256//2256
f 2263//2263 2268//2268 2262//2262
f 2270//2270 2269//2269 2268//2268
f 2269//2269 2262//2262 2268//2268
f 2269//2269 2264//2264 2262//2262
f 2269//2269 1973//1973 1970//1970
f 2269//2269 1970//1970 2264//2264
f 2272//2272 2271//2271 2265//2265
f 1971//1971 2272//2272 2265//2265
f 1974//1974 2272//2272 1971//1971
f 2265//2265 2271//2271 2266//2266
f 2270//2270 2273//2273 2269//2269
f 2273//2273 2275//2275 2274//2274
f 2273//2273 2274//2274 1975//1975
f 2269//2269 2273//2273 1975//1975
f 1973//1973 2269//2269 1975//1975
f 2274//2274 1976//1976 1975//1975
f 1977//1977 2272//2272 1974//1974
f 1977//1977 2276//2276 2272//2272
f 2275//2275 2277//2277 2274//2274
f 1976//1976 2274//2274 2277//2277
f 2278//2278 1976//1976 2277//2277
f 1979//1979 1976//1976 2278//2278
f 1980//1980 2276//2276 1977//1977
f 1980//1980 2279//2279 2276//2276
f 1981//1981 1979//1979 2280//2280
f 1979//1979 2281//2281 2280//2280
f 1979//1979 2278//2278 2281//2281
f 2280//2280 1982//1982 1981//1981
f 1983//1983 2279//2279 1980//1980
f 1983//1983 2282//2282 2279//2279
f 2281//2281 2283//2283 2280//2280
f 1982//1982 2280//2280 2283//2283
f 2284//2284 1982//1982 2283//2283
f 1984//1984 1982//1982 2284//2284
f 1985//1985 2282//2282 1983//1983
f 1985//1985 2285//2285 2282//2282
f 2284//2284 1987//1987 1984//1984
f 2286//2286 1987//1987 2284//2284
f 1988//1988 2285//2285 1985//1985
f 1988//1988 2287//2287 2285//2285
f 1989//1989 1987//1987 2288//2288
f 1987//1987 2289//2289 2288//2288
f 1987//1987 2286//2286 2289//2289
f 2288//2288 1990//1990 1989//1989
f 1991//1991 2287//2287 1988//1988
f 1991//1991 2290//2290 2287//2287
f 2289//2289 2291//2291 2288//2288
f 1990//1990 2288//2288 2291//2291
f 2292//2292 1990//1990 2291//2291
f 1992//1992 1990//1990 2292//2292
f 1993//1993 2294//2294 2293//2293
f 2290//2290 1993//1993 2293//2293
f 1991//1991 1993//1993 2290//2290
f 2294//2294 2295//2295 2293//2293
f 2292//2292 1994//1994 1992//1992
f 2296//2296 1994//1994 2292//2292
f 1995//1995 2294//2294 1993//1993
f 1995//1995 1996//1996 2294//2294
f 1996//1996 2295//2295 2294//2294
f 1996//1996 2297//2297 2295//2295
f 2296//2296 1997//1997 1994//1994
f 2298//2298 1997//1997 2296//2296
f 1998//1998 2297//2297 1996//1996
f 1998//1998 2299//2299 2297//2297
f 2298//2298 1999//1999 1997//1997
f 2300//2300 1999//1999 2298//2298
f 2000//2000 2299//2299 1998//1998
f 2000//2000 2301//2301 2299//2299
f 2300//2300 2001//2001 1999//1999
f 2302//2302 2001//2001 2300//2300
f 2002//2002 2301//2301 2000//2000
f 2002//2002 2303//2303 2301//2301
f 2302//2302 2003//2003 2001//2001
f 2304//2304 2003//2003 2302//2302
f 2004//2004 2303//2303 2002//2002
f 2004//2004 2305//2305 2303//2303
f 2304//2304 2005//2005 2003//2003
f 2306//2306 2005//2005 2304//2304
f 2006//2006 2305//2305 2004//2004
f 2006//2006 2307//2307 2305//2305
f 2306//2306 2007//2007 2005//2005
f 2308//2308 2007//2007 2306//2306
f 2008//2008 2307//2307 2006//2006
f 2008//2008 2309//2309 2307//2307
f 2310//2310 2009//2009 2010//2010
f 2311//2311 2310//2310 2010//2010
f 2007//2007 2311//2311 2010//2010
f 2308//2308 2311//2311 2007//2007
f 2012//2012 2309//2309 2008//2008
f 2012//2012 2312//2312 2309//2309
f 2314//2314 2313//2313 2310//2310
f 2313//2313 2009//2009 2310//2310
f 2313//2313 2013//2013 2009//2009
f 2314//2314 2310//2310 2311//2311
f 2012//2012 2014//2014 2315//2315
f 2316//2316 2012//2012 2315//2315
f 2312//2312 2012//2012 2316//2316
f 2016//2016 2315//2315 2014//2014
f 2317//2317 2017//2017 2018//2018
f 2318//2318 2317//2317 2018//2018
f 2013//2013 2318//2318 2018//2018
f 2313//2313 2318//2318 2013//2013
f 2316//2316 2315//2315 2319//2319
f 2316//2316 2319//2319 2320//2320
f 2020//2020 2319//2319 2016//2016
f 2016//2016 2319//2319 2315//2315
f 2321//2321 2024//2024 2025//2025
f 2017//2017 2317//2317 2025//2025
f 2317//2317 2321//2321 2025//2025
f 2317//2317 2322//2322 2321//2321
f 2317//2317 2318//2318 2323//2323
f 2317//2317 2323//2323 2322//2322
f 2320//2320 2319//2319 2324//2324
f 2320//2320 2324//2324 2325//2325
f 2026//2026 2326//2326 2020//2020
f 2326//2326 2319//2319 2020//2020
f 2326//2326 2324//2324 2319//2319
f 2027//2027 2326//2326 2026//2026
f 2327//2327 2034//2034 2321//2321
f 2321//2321 2034//2034 2024//2024
f 2328//2328 2321//2321 2322//2322
f 2327//2327 2321//2321 2328//2328
f 2322//2322 2323//2323 2329//2329
f 2322//2322 2329//2329 2328//2328
f 2330//2330 2325//2325 2324//2324
f 2332//2332 2331//2331 2330//2330
f 2324//2324 2332//2332 2330//2330
f 2326//2326 2332//2332 2324//2324
f 2035//2035 2333//2333 2027//2027
f 2333//2333 2326//2326 2027//2027
f 2333//2333 2332//2332 2326//2326
f 2036//2036 2333//2333 2035//2035
f 2334//2334 2042//2042 2327//2327
f 2327//2327 2042//2042 2034//2034
f 2335//2335 2327//2327 2328//2328
f 2334//2334 2327//2327 2335//2335
f 2328//2328 2329//2329 2336//2336
f 2328//2328 2336//2336 2335//2335
f 2331//2331 2332//2332 2337//2337
f 2331//2331 2337//2337 2338//2338
f 2339//2339 2332//2332 2333//2333
f 2337//2337 2332//2332 2339//2339
f 2044//2044 2339//2339 2036//2036
f 2036//2036 2339//2339 2333//2333
f 2340//2340 2048//2048 2049//2049
f 2042//2042 2334//2334 2049//2049
f 2334//2334 2340//2340 2049//2049
f 2334//2334 2341//2341 2340//2340
f 2342//2342 2334//2334 2335//2335
f 2341//2341 2334//2334 2342//2342
f 2335//2335 2336//2336 2343//2343
f 2335//2335 2343//2343 2342//2342
f 2344//2344 2338//2338 2337//2337
f 2346//2346 2345//2345 2344//2344
f 2337//2337 2346//2346 2344//2344
f 2339//2339 2346//2346 2337//2337
f 2050//2050 2347//2347 2044//2044
f 2347//2347 2339//2339 2044//2044
f 2347//2347 2346//2346 2339//2339
f 2051//2051 2347//2347 2050//2050
f 2348//2348 2055//2055 2340//2340
f 2340//2340 2055//2055 2048//2048
f 2349//2349 2340//2340 2341//2341
f 2348//2348 2340//2340 2349//2349
f 2350//2350 2341//2341 2342//2342
f 2349//2349 2341//2341 2350//2350
f 2342//2342 2343//2343 2351//2351
f 2342//2342 2351//2351 2350//2350
f 2345//2345 2346//2346 2352//2352
f 2345//2345 2352//2352 2353//2353
f 2354//2354 2346//2346 2347//2347
f 2352//2352 2346//2346 2354//2354
f 2056//2056 2355//2355 2051//2051
f 2355//2355 2347//2347 2051//2051
f 2355//2355 2354//2354 2347//2347
f 2057//2057 2356//2356 2056//2056
f 2056//2056 2356//2356 2355//2355
f 2058//2058 2357//2357 2057//2057
f 2057//2057 2357//2357 2356//2356
f 2055//2055 2348//2348 2058//2058
f 2348//2348 2357//2357 2058//2058
f 2348//2348 2358//2358 2357//2357
f 2359//2359 2348//2348 2349//2349
f 2358//2358 2348//2348 2359//2359
f 2360//2360 2349//2349 2350//2350
f 2359//2359 2349//2349 2360//2360
f 2350//2350 2351//2351 2361//2361
f 2350//2350 2361//2361 2360//2360
f 2362//2362 2353//2353 2352//2352
f 2364//2364 2363//2363 2362//2362
f 2352//2352 2364//2364 2362//2362
f 2354//2354 2364//2364 2352//2352
f 2365//2365 2354//2354 2355//2355
f 2364//2364 2354//2354 2365//2365
f 2366//2366 2355//2355 2356//2356
f 2365//2365 2355//2355 2366//2366
f 2061//2061 2366//2366 2060//2060
f 2366//2366 2357//2357 2060//2060
f 2366//2366 2356//2356 2357//2357
f 2060//2060 2357//2357 2062//2062
f 2357//2357 2367//2367 2062//2062
f 2357//2357 2358//2358 2367//2367
f 2368//2368 2358//2358 2359//2359
f 2367//2367 2358//2358 2368//2368
f 2369//2369 2359//2359 2360//2360
f 2368//2368 2359//2359 2369//2369
f 2360//2360 2361//2361 2370//2370
f 2360//2360 2370//2370 2369//2369
f 2363//2363 2364//2364 2371//2371
f 2363//2363 2371//2371 2372//2372
f 2373//2373 2364//2364 2365//2365
f 2371//2371 2364//2364 2373//2373
f 2065//2065 2373//2373 2064//2064
f 2373//2373 2366//2366 2064//2064
f 2373//2373 2365//2365 2366//2366
f 2064//2064 2366//2366 2061//2061
f 2367//2367 2067//2067 2062//2062
f 2067//2067 2367//2367 2069//2069
f 2367//2367 2374//2374 2069//2069
f 2367//2367 2368//2368 2374//2374
f 2375//2375 2368//2368 2369//2369
f 2374//2374 2368//2368 2375//2375
f 2369//2369 2370//2370 2376//2376
f 2377//2377 2369//2369 2376//2376
f 2375//2375 2369//2369 2377//2377
f 2378//2378 2377//2377 2376//2376
f 2381//2381 2380//2380 2379//2379
f 2379//2379 2380//2380 2372//2372
f 2371//2371 2379//2379 2372//2372
f 2382//2382 2379//2379 2371//2371
f 2383//2383 2371//2371 2373//2373
f 2382//2382 2371//2371 2383//2383
f 2071//2071 2383//2383 2065//2065
f 2065//2065 2383//2383 2373//2373
f 2374//2374 2074//2074 2069//2069
f 2074//2074 2374//2374 2076//2076
f 2374//2374 2384//2384 2076//2076
f 2374//2374 2375//2375 2384//2384
f 2385//2385 2375//2375 2377//2377
f 2384//2384 2375//2375 2385//2385
f 2377//2377 2378//2378 2386//2386
f 2377//2377 2386//2386 2385//2385
f 2381//2381 2379//2379 2387//2387
f 2381//2381 2387//2387 2388//2388
f 2389//2389 2379//2379 2382//2382
f 2387//2387 2379//2379 2389//2389
f 2079//2079 2389//2389 2078//2078
f 2389//2389 2383//2383 2078//2078
f 2389//2389 2382//2382 2383//2383
f 2078//2078 2383//2383 2071//2071
f 2384//2384 2084//2084 2076//2076
f 2084//2084 2384//2384 2087//2087
f 2087//2087 2384//2384 2385//2385
f 2391//2391 2390//2390 2088//2088
f 2391//2391 2088//2088 2087//2087
f 2386//2386 2391//2391 2087//2087
f 2385//2385 2386//2386 2087//2087
f 2392//2392 2390//2390 2391//2391
f 2395//2395 2394//2394 2393//2393
f 2393//2393 2394//2394 2388//2388
f 2387//2387 2393//2393 2388//2388
f 2396//2396 2393//2393 2387//2387
f 2091//2091 2396//2396 2090//2090
f 2396//2396 2389//2389 2090//2090
f 2396//2396 2387//2387 2389//2389
f 2090//2090 2389//2389 2079//2079
f 2390//2390 2096//2096 2088//2088
f 2398//2398 2397//2397 2098//2098
f 2398//2398 2098//2098 2096//2096
f 2392//2392 2398//2398 2096//2096
f 2390//2390 2392//2392 2096//2096
f 2399//2399 2397//2397 2398//2398
f 2395//2395 2393//2393 2400//2400
f 2395//2395 2400//2400 2401//2401
f 2101//2101 2400//2400 2100//2100
f 2400//2400 2396//2396 2100//2100
f 2400//2400 2393//2393 2396//2396
f 2100//2100 2396//2396 2091//2091
f 2397//2397 2105//2105 2098//2098
f 2403//2403 2402//2402 2107//2107
f 2403//2403 2107//2107 2105//2105
f 2399//2399 2403//2403 2105//2105
f 2397//2397 2399//2399 2105//2105
f 2404//2404 2402//2402 2403//2403
f 2401//2401 2400//2400 2405//2405
f 2401//2401 2405//2405 2406//2406
f 2109//2109 2405//2405 2101//2101
f 2101//2101 2405//2405 2400//2400
f 2407//2407 2112//2112 2402//2402
f 2402//2402 2112//2112 2107//2107
f 2402//2402 2404//2404 2408//2408
f 2402//2402 2408//2408 2407//2407
f 2411//2411 2410//2410 2409//2409
f 2409//2409 2410//2410 2406//2406
f 2409//2409 2406//2406 2405//2405
f 2115//2115 2409//2409 2405//2405
f 2114//2114 2115//2115 2405//2405
f 2114//2114 2405//2405 2109//2109
f 2407//2407 2119//2119 2112//2112
f 2413//2413 2412//2412 2121//2121
f 2413//2413 2121//2121 2119//2119
f 2408//2408 2413//2413 2119//2119
f 2407//2407 2408//2408 2119//2119
f 2414//2414 2412//2412 2413//2413
f 2411//2411 2409//2409 2415//2415
f 2411//2411 2415//2415 2416//2416
f 2123//2123 2415//2415 2115//2115
f 2115//2115 2415//2415 2409//2409
f 2417//2417 2126//2126 2412//2412
f 2412//2412 2126//2126 2121//2121
f 2412//2412 2414//2414 2418//2418
f 2412//2412 2418//2418 2417//2417
f 2416//2416 2415//2415 2419//2419
f 2416//2416 2419//2419 2420//2420
f 2128//2128 2419//2419 2123//2123
f 2123//2123 2419//2419 2415//2415
f 2421//2421 2131//2131 2417//2417
f 2417//2417 2131//2131 2126//2126
f 2417//2417 2418//2418 2422//2422
f 2417//2417 2422//2422 2421//2421
f 2420//2420 2419//2419 2423//2423
f 2420//2420 2423//2423 2424//2424
f 2133//2133 2423//2423 2128//2128
f 2128//2128 2423//2423 2419//2419
f 2425//2425 2136//2136 2421//2421
f 2421//2421 2136//2136 2131//2131
f 2421//2421 2422//2422 2426//2426
f 2427//2427 2421//2421 2426//2426
f 2425//2425 2421//2421 2427//2427
f 2428//2428 2427//2427 2426//2426
f 2424//2424 2423//2423 2429//2429
f 2424//2424 2429//2429 2430//2430
f 2138//2138 2429//2429 2133//2133
f 2133//2133 2429//2429 2423//2423
f 2433//2433 2432//2432 2431//2431
f 2435//2435 2434//2434 2431//2431
f 2431//2431 2434//2434 2433//2433
f 2435//2435 2436//2436 2434//2434
f 2425//2425 2141//2141 2136//2136
f 2141//2141 2425//2425 2143//2143
f 2425//2425 2437//2437 2143//2143
f 2425//2425 2427//2427 2437//2437
f 2427//2427 2428//2428 2438//2438
f 2427//2427 2438//2438 2437//2437
f 2430//2430 2429//2429 2439//2439
f 2430//2430 2439//2439 2440//2440
f 2145//2145 2439//2439 2138//2138
f 2138//2138 2439//2439 2429//2429
f 2432//2432 2431//2431 2441//2441
f 2431//2431 2435//2435 2441//2441
f 2435//2435 2442//2442 2441//2441
f 2435//2435 2436//2436 2442//2442
f 2443//2443 2149//2149 2437//2437
f 2437//2437 2149//2149 2143//2143
f 2437//2437 2438//2438 2444//2444
f 2437//2437 2444//2444 2443//2443
f 2440//2440 2439//2439 2445//2445
f 2440//2440 2445//2445 2446//2446
f 2151//2151 2445//2445 2145//2145
f 2145//2145 2445//2445 2439//2439
f 2447//2447 2155//2155 2443//2443
f 2443//2443 2155//2155 2149//2149
f 2443//2443 2444//2444 2448//2448
f 2443//2443 2448//2448 2447//2447
f 2446//2446 2445//2445 2449//2449
f 2446//2446 2449//2449 2450//2450
f 2157//2157 2449//2449 2151//2151
f 2151//2151 2449//2449 2445//2445
f 2451//2451 2161//2161 2447//2447
f 2447//2447 2161//2161 2155//2155
f 2447//2447 2448//2448 2452//2452
f 2447//2447 2452//2452 2451//2451
f 2450//2450 2449//2449 2453//2453
f 2450//2450 2453//2453 2454//2454
f 2163//2163 2453//2453 2157//2157
f 2157//2157 2453//2453 2449//2449
f 2455//2455 2167//2167 2451//2451
f 2451//2451 2167//2167 2161//2161
f 2451//2451 2452//2452 2456//2456
f 2451//2451 2456//2456 2455//2455
f 2457//2457 2454//2454 2453//2453
f 2459//2459 2457//2457 2458//2458
f 2458//2458 2457//2457 2168//2168
f 2457//2457 2453//2453 2168//2168
f 2453//2453 2163//2163 2168//2168
f 2169//2169 2458//2458 2168//2168
f 2460//2460 2174//2174 2175//2175
f 2167//2167 2455//2455 2175//2175
f 2455//2455 2460//2460 2175//2175
f 2455//2455 2461//2461 2460//2460
f 2455//2455 2456//2456 2462//2462
f 2455//2455 2462//2462 2461//2461
f 2459//2459 2458//2458 2463//2463
f 2459//2459 2463//2463 2464//2464
f 2176//2176 2465//2465 2169//2169
f 2465//2465 2458//2458 2169//2169
f 2465//2465 2463//2463 2458//2458
f 2177//2177 2465//2465 2176//2176
f 2466//2466 2183//2183 2460//2460
f 2460//2460 2183//2183 2174//2174
f 2461//2461 2468//2468 2467//2467
f 2466//2466 2461//2461 2467//2467
f 2460//2460 2461//2461 2466//2466
f 2468//2468 2461//2461 2462//2462
f 2464//2464 2463//2463 2469//2469
f 2464//2464 2469//2469 2470//2470
f 2471//2471 2463//2463 2465//2465
f 2469//2469 2463//2463 2471//2471
f 2184//2184 2472//2472 2177//2177
f 2472//2472 2465//2465 2177//2177
f 2472//2472 2471//2471 2465//2465
f 2185//2185 2472//2472 2184//2184
f 2473//2473 2190//2190 2191//2191
f 2183//2183 2466//2466 2191//2191
f 2466//2466 2473//2473 2191//2191
f 2466//2466 2474//2474 2473//2473
f 2466//2466 2467//2467 2475//2475
f 2466//2466 2475//2475 2474//2474
f 2476//2476 2470//2470 2469//2469
f 2478//2478 2477//2477 2476//2476
f 2469//2469 2478//2478 2476//2476
f 2471//2471 2478//2478 2469//2469
f 2479//2479 2471//2471 2472//2472
f 2478//2478 2471//2471 2479//2479
f 2193//2193 2479//2479 2185//2185
f 2185//2185 2479//2479 2472//2472
f 2480//2480 2197//2197 2198//2198
f 2190//2190 2473//2473 2198//2198
f 2473//2473 2480//2480 2198//2198
f 2473//2473 2481//2481 2480//2480
f 2474//2474 2483//2483 2482//2482
f 2481//2481 2474//2474 2482//2482
f 2473//2473 2474//2474 2481//2481
f 2483//2483 2474//2474 2475//2475
f 2477//2477 2478//2478 2484//2484
f 2477//2477 2484//2484 2485//2485
f 2486//2486 2478//2478 2479//2479
f 2484//2484 2478//2478 2486//2486
f 2200//2200 2486//2486 2193//2193
f 2193//2193 2486//2486 2479//2479
f 2487//2487 2205//2205 2480//2480
f 2480//2480 2205//2205 2197//2197
f 2488//2488 2480//2480 2481//2481
f 2487//2487 2480//2480 2488//2488
f 2481//2481 2482//2482 2489//2489
f 2481//2481 2489//2489 2488//2488
f 2490//2490 2485//2485 2484//2484
f 2490//2490 2484//2484 2486//2486
f 2490//2490 2486//2486 2491//2491
f 2491//2491 2486//2486 2200//2200
f 2206//2206 2491//2491 2200//2200
f 2492//2492 2491//2491 2206//2206
f 2493//2493 2206//2206 2207//2207
f 2493//2493 2492//2492 2206//2206
f 2494//2494 2207//2207 2208//2208
f 2494//2494 2493//2493 2207//2207
f 2495//2495 2208//2208 2209//2209
f 2495//2495 2494//2494 2208//2208
f 2496//2496 2209//2209 2210//2210
f 2496//2496 2495//2495 2209//2209
f 2497//2497 2210//2210 2211//2211
f 2497//2497 2496//2496 2210//2210
f 2498//2498 2211//2211 2212//2212
f 2498//2498 2497//2497 2211//2211
f 2499//2499 2212//2212 2213//2213
f 2499//2499 2498//2498 2212//2212
f 2213//2213 2205//2205 2487//2487
f 2500//2500 2213//2213 2487//2487
f 2499//2499 2213//2213 2500//2500
f 2500//2500 2487//2487 2488//2488
f 2500//2500 2488//2488 2501//2501
f 2501//2501 2488//2488 2489//2489
f 2219//2219 2510//2510 2502//2502
f 2219//2219 2502//2502 2215//2215
f 2502//2502 2511//2511 2503//2503
f 2502//2502 2510//2510 2511//2511
f 2503//2503 2512//2512 2504//2504
f 2503//2503 2511//2511 2512//2512
f 2504//2504 2513//2513 2505//2505
f 2504//2504 2512//2512 2513//2513
f 2505//2505 2514//2514 2506//2506
f 2505//2505 2513//2513 2514//2514
f 2506//2506 2515//2515 2507//2507
f 2506//2506 2514//2514 2515//2515
f 2507//2507 2516//2516 2508//2508
f 2507//2507 2515//2515 2516//2516
f 2508//2508 2517//2517 2509//2509
f 2508//2508 2516//2516 2517//2517
f 2517//2517 2221//2221 2217//2217
f 2517//2517 2217//2217 2509//2509
f 2222//2222 2518//2518 2510//2510
f 2222//2222 2510//2510 2219//2219
f 2510//2510 2519//2519 2511//2511
f 2510//2510 2518//2518 2519//2519
f 2511//2511 2520//2520 2512//2512
f 2511//2511 2519//2519 2520//2520
f 2512//2512 2521//2521 2513//2513
f 2512//2512 2520//2520 2521//2521
f 2513//2513 2522//2522 2514//2514
f 2513//2513 2521//2521 2522//2522
f 2514//2514 2523//2523 2515//2515
f 2514//2514 2522//2522 2523//2523
f 2515//2515 2524//2524 2516//2516
f 2515//2515 2523//2523 2524//2524
f 2516//2516 2525//2525 2517//2517
f 2516//2516 2524//2524 2525//2525
f 2525//2525 2223//2223 2221//2221
f 2525//2525 2221//2221 2517//2517
f 2224//2224 2518//2518 2222//2222
f 2518//2518 2224//2224 2226//2226
f 2526//2526 2518//2518 2226//2226
f 2519//2519 2518//2518 2526//2526
f 2519//2519 2527//2527 2520//2520
f 2519//2519 2526//2526 2527//2527
f 2520//2520 2528//2528 2521//2521
f 2520//2520 2527//2527 2528//2528
f 2521//2521 2529//2529 2522//2522
f 2521//2521 2528//2528 2529//2529
f 2522//2522 2530//2530 2523//2523
f 2522//2522 2529//2529 2530//2530
f 2523//2523 2531//2531 2524//2524
f 2523//2523 2530//2530 2531//2531
f 2531//2531 2228//2228 2229//2229
f 2525//2525 2531//2531 2229//2229
f 2524//2524 2531//2531 2525//2525
f 2525//2525 2229//2229 2223//2223
f 2230//2230 2526//2526 2226//2226
f 2526//2526 2230//2230 2232//2232
f 2532//2532 2526//2526 2232//2232
f 2527//2527 2526//2526 2532//2532
f 2527//2527 2533//2533 2528//2528
f 2527//2527 2532//2532 2533//2533
f 2528//2528 2534//2534 2529//2529
f 2528//2528 2533//2533 2534//2534
f 2529//2529 2535//2535 2530//2530
f 2529//2529 2534//2534 2535//2535
f 2535//2535 2234//2234 2235//2235
f 2531//2531 2535//2535 2235//2235
f 2530//2530 2535//2535 2531//2531
f 2531//2531 2235//2235 2228//2228
f 2236//2236 2532//2532 2232//2232
f 2532//2532 2236//2236 2238//2238
f 2532//2532 2238//2238 2533//2533
f 2533//2533 2238//2238 2240//2240
f 2533//2533 2240//2240 2534//2534
f 2534//2534 2240//2240 2242//2242
f 2534//2534 2242//2242 2535//2535
f 2535//2535 2242//2242 2234//2234
f 2256//2256 2536//2536 2257//2257
f 2537//2537 2258//2258 2257//2257
f 2537//2537 2257//2257 2536//2536
f 2538//2538 2259//2259 2258//2258
f 2538//2538 2258//2258 2537//2537
f 2539//2539 2260//2260 2259//2259
f 2539//2539 2259//2259 2538//2538
f 2540//2540 2261//2261 2260//2260
f 2540//2540 2260//2260 2539//2539
f 2540//2540 2263//2263 2261//2261
f 2266//2266 2541//2541 2267//2267
f 2536//2536 2256//2256 2267//2267
f 2541//2541 2536//2536 2267//2267
f 2542//2542 2536//2536 2541//2541
f 2536//2536 2543//2543 2537//2537
f 2536//2536 2542//2542 2543//2543
f 2537//2537 2544//2544 2538//2538
f 2537//2537 2543//2543 2544//2544
f 2538//2538 2545//2545 2539//2539
f 2538//2538 2544//2544 2545//2545
f 2539//2539 2546//2546 2540//2540
f 2539//2539 2545//2545 2546//2546
f 2547//2547 2268//2268 2263//2263
f 2540//2540 2547//2547 2263//2263
f 2546//2546 2547//2547 2540//2540
f 2547//2547 2270//2270 2268//2268
f 2272//2272 2548//2548 2271//2271
f 2548//2548 2549//2549 2271//2271
f 2271//2271 2549//2549 2266//2266
f 2549//2549 2550//2550 2266//2266
f 2550//2550 2541//2541 2266//2266
f 2541//2541 2550//2550 2542//2542
f 2542//2542 2550//2550 2551//2551
f 2542//2542 2551//2551 2543//2543
f 2543//2543 2551//2551 2552//2552
f 2543//2543 2552//2552 2544//2544
f 2544//2544 2552//2552 2553//2553
f 2544//2544 2553//2553 2545//2545
f 2545//2545 2553//2553 2554//2554
f 2545//2545 2554//2554 2546//2546
f 2546//2546 2554//2554 2555//2555
f 2546//2546 2555//2555 2547//2547
f 2547//2547 2555//2555 2556//2556
f 2556//2556 2558//2558 2557//2557
f 2556//2556 2557//2557 2273//2273
f 2547//2547 2556//2556 2273//2273
f 2270//2270 2547//2547 2273//2273
f 2557//2557 2275//2275 2273//2273
f 2560//2560 2559//2559 2548//2548
f 2272//2272 2560//2560 2548//2548
f 2276//2276 2560//2560 2272//2272
f 2548//2548 2559//2559 2549//2549
f 2558//2558 2561//2561 2557//2557
f 2561//2561 2563//2563 2562//2562
f 2561//2561 2562//2562 2277//2277
f 2557//2557 2561//2561 2277//2277
f 2275//2275 2557//2557 2277//2277
f 2562//2562 2278//2278 2277//2277
f 2279//2279 2560//2560 2276//2276
f 2279//2279 2564//2564 2560//2560
f 2563//2563 2565//2565 2562//2562
f 2278//2278 2562//2562 2565//2565
f 2566//2566 2278//2278 2565//2565
f 2281//2281 2278//2278 2566//2566
f 2282//2282 2564//2564 2279//2279
f 2282//2282 2567//2567 2564//2564
f 2283//2283 2281//2281 2568//2568
f 2281//2281 2569//2569 2568//2568
f 2281//2281 2566//2566 2569//2569
f 2568//2568 2284//2284 2283//2283
f 2285//2285 2567//2567 2282//2282
f 2285//2285 2570//2570 2567//2567
f 2569//2569 2571//2571 2568//2568
f 2284//2284 2568//2568 2571//2571
f 2572//2572 2284//2284 2571//2571
f 2286//2286 2284//2284 2572//2572
f 2287//2287 2570//2570 2285//2285
f 2287//2287 2573//2573 2570//2570
f 2572//2572 2289//2289 2286//2286
f 2574//2574 2289//2289 2572//2572
f 2290//2290 2573//2573 2287//2287
f 2290//2290 2575//2575 2573//2573
f 2574//2574 2576//2576 2289//2289
f 2289//2289 2576//2576 2291//2291
f 2292//2292 2291//2291 2576//2576
f 2292//2292 2576//2576 2577//2577
f 2578//2578 2575//2575 2290//2290
f 2578//2578 2290//2290 2293//2293
f 2293//2293 2295//2295 2578//2578
f 2578//2578 2295//2295 2579//2579
f 2577//2577 2296//2296 2292//2292
f 2580//2580 2296//2296 2577//2577
f 2297//2297 2579//2579 2295//2295
f 2297//2297 2581//2581 2579//2579
f 2580//2580 2298//2298 2296//2296
f 2582//2582 2298//2298 2580//2580
f 2299//2299 2581//2581 2297//2297
f 2299//2299 2583//2583 2581//2581
f 2582//2582 2300//2300 2298//2298
f 2584//2584 2300//2300 2582//2582
f 2301//2301 2583//2583 2299//2299
f 2301//2301 2585//2585 2583//2583
f 2584//2584 2302//2302 2300//2300
f 2586//2586 2302//2302 2584//2584
f 2303//2303 2585//2585 2301//2301
f 2303//2303 2587//2587 2585//2585
f 2589//2589 2304//2304 2588//2588
f 2304//2304 2586//2586 2588//2588
f 2304//2304 2302//2302 2586//2586
f 2590//2590 2589//2589 2588//2588
f 2305//2305 2587//2587 2303//2303
f 2305//2305 2591//2591 2587//2587
f 2592//2592 2306//2306 2589//2589
f 2589//2589 2306//2306 2304//2304
f 2589//2589 2590//2590 2593//2593
f 2589//2589 2593//2593 2592//2592
f 2307//2307 2591//2591 2305//2305
f 2307//2307 2594//2594 2591//2591
f 2596//2596 2595//2595 2592//2592
f 2595//2595 2306//2306 2592//2592
f 2595//2595 2308//2308 2306//2306
f 2596//2596 2592//2592 2593//2593
f 2309//2309 2594//2594 2307//2307
f 2309//2309 2597//2597 2594//2594
f 2595//2595 2311//2311 2308//2308
f 2598//2598 2311//2311 2595//2595
f 2312//2312 2597//2597 2309//2309
f 2312//2312 2599//2599 2597//2597
f 2600//2600 2313//2313 2314//2314
f 2601//2601 2600//2600 2314//2314
f 2311//2311 2601//2601 2314//2314
f 2598//2598 2601//2601 2311//2311
f 2316//2316 2599//2599 2312//2312
f 2316//2316 2602//2602 2599//2599
f 2603//2603 2318//2318 2600//2600
f 2600//2600 2318//2318 2313//2313
f 2600//2600 2601//2601 2604//2604
f 2600//2600 2604//2604 2603//2603
f 2320//2320 2602//2602 2316//2316
f 2320//2320 2605//2605 2602//2602
f 2606//2606 2323//2323 2603//2603
f 2603//2603 2323//2323 2318//2318
f 2603//2603 2604//2604 2607//2607
f 2603//2603 2607//2607 2606//2606
f 2325//2325 2605//2605 2320//2320
f 2325//2325 2608//2608 2605//2605
f 2609//2609 2329//2329 2606//2606
f 2606//2606 2329//2329 2323//2323
f 2606//2606 2607//2607 2610//2610
f 2606//2606 2610//2610 2609//2609
f 2325//2325 2330//2330 2611//2611
f 2612//2612 2325//2325 2611//2611
f 2608//2608 2325//2325 2612//2612
f 2331//2331 2611//2611 2330//2330
f 2613//2613 2336//2336 2609//2609
f 2609//2609 2336//2336 2329//2329
f 2609//2609 2610//2610 2614//2614
f 2609//2609 2614//2614 2613//2613
f 2612//2612 2611//2611 2615//2615
f 2612//2612 2615//2615 2616//2616
f 2338//2338 2615//2615 2331//2331
f 2331//2331 2615//2615 2611//2611
f 2617//2617 2343//2343 2613//2613
f 2613//2613 2343//2343 2336//2336
f 2613//2613 2614//2614 2618//2618
f 2613//2613 2618//2618 2617//2617
f 2616//2616 2615//2615 2619//2619
f 2616//2616 2619//2619 2620//2620
f 2344//2344 2621//2621 2338//2338
f 2621//2621 2615//2615 2338//2338
f 2621//2621 2619//2619 2615//2615
f 2345//2345 2621//2621 2344//2344
f 2622//2622 2351//2351 2617//2617
f 2617//2617 2351//2351 2343//2343
f 2617//2617 2618//2618 2623//2623
f 2617//2617 2623//2623 2622//2622
f 2624//2624 2620//2620 2619//2619
f 2626//2626 2625//2625 2624//2624
f 2619//2619 2626//2626 2624//2624
f 2621//2621 2626//2626 2619//2619
f 2353//2353 2626//2626 2345//2345
f 2345//2345 2626//2626 2621//2621
f 2627//2627 2361//2361 2622//2622
f 2622//2622 2361//2361 2351//2351
f 2622//2622 2623//2623 2628//2628
f 2622//2622 2628//2628 2627//2627
f 2625//2625 2626//2626 2629//2629
f 2625//2625 2629//2629 2630//2630
f 2362//2362 2631//2631 2353//2353
f 2631//2631 2626//2626 2353//2353
f 2631//2631 2629//2629 2626//2626
f 2363//2363 2631//2631 2362//2362
f 2632//2632 2370//2370 2627//2627
f 2627//2627 2370//2370 2361//2361
f 2627//2627 2628//2628 2633//2633
f 2634//2634 2627//2627 2633//2633
f 2632//2632 2627//2627 2634//2634
f 2635//2635 2634//2634 2633//2633
f 2630//2630 2629//2629 2636//2636
f 2630//2630 2636//2636 2637//2637
f 2638//2638 2629//2629 2631//2631
f 2636//2636 2629//2629 2638//2638
f 2372//2372 2638//2638 2363//2363
f 2363//2363 2638//2638 2631//2631
f 2632//2632 2376//2376 2370//2370
f 2376//2376 2632//2632 2378//2378
f 2632//2632 2639//2639 2378//2378
f 2632//2632 2634//2634 2639//2639
f 2634//2634 2635//2635 2640//2640
f 2634//2634 2640//2640 2639//2639
f 2637//2637 2636//2636 2641//2641
f 2637//2637 2641//2641 2642//2642
f 2381//2381 2641//2641 2380//2380
f 2641//2641 2638//2638 2380//2380
f 2641//2641 2636//2636 2638//2638
f 2380//2380 2638//2638 2372//2372
f 2643//2643 2386//2386 2639//2639
f 2639//2639 2386//2386 2378//2378
f 2639//2639 2640//2640 2644//2644
f 2645//2645 2639//2639 2644//2644
f 2643//2643 2639//2639 2645//2645
f 2646//2646 2645//2645 2644//2644
f 2649//2649 2648//2648 2647//2647
f 2647//2647 2648//2648 2642//2642
f 2641//2641 2647//2647 2642//2642
f 2650//2650 2647//2647 2641//2641
f 2388//2388 2650//2650 2381//2381
f 2381//2381 2650//2650 2641//2641
f 2643//2643 2391//2391 2386//2386
f 2391//2391 2643//2643 2392//2392
f 2643//2643 2651//2651 2392//2392
f 2643//2643 2645//2645 2651//2651
f 2645//2645 2646//2646 2652//2652
f 2645//2645 2652//2652 2651//2651
f 2649//2649 2647//2647 2653//2653
f 2649//2649 2653//2653 2654//2654
f 2395//2395 2653//2653 2394//2394
f 2653//2653 2650//2650 2394//2394
f 2653//2653 2647//2647 2650//2650
f 2394//2394 2650//2650 2388//2388
f 2651//2651 2398//2398 2392//2392
f 2656//2656 2655//2655 2399//2399
f 2656//2656 2399//2399 2398//2398
f 2652//2652 2656//2656 2398//2398
f 2651//2651 2652//2652 2398//2398
f 2657//2657 2655//2655 2656//2656
f 2654//2654 2653//2653 2658//2658
f 2654//2654 2658//2658 2659//2659
f 2401//2401 2658//2658 2395//2395
f 2395//2395 2658//2658 2653//2653
f 2655//2655 2403//2403 2399//2399
f 2661//2661 2660//2660 2404//2404
f 2661//2661 2404//2404 2403//2403
f 2657//2657 2661//2661 2403//2403
f 2655//2655 2657//2657 2403//2403
f 2662//2662 2660//2660 2661//2661
f 2659//2659 2658//2658 2663//2663
f 2659//2659 2663//2663 2664//2664
f 2406//2406 2663//2663 2401//2401
f 2401//2401 2663//2663 2658//2658
f 2665//2665 2408//2408 2660//2660
f 2660//2660 2408//2408 2404//2404
f 2660//2660 2662//2662 2666//2666
f 2660//2660 2666//2666 2665//2665
f 2664//2664 2663//2663 2410//2410
f 2411//2411 2664//2664 2410//2410
f 2667//2667 2664//2664 2411//2411
f 2410//2410 2663//2663 2406//2406
f 2665//2665 2413//2413 2408//2408
f 2669//2669 2668//2668 2414//2414
f 2669//2669 2414//2414 2413//2413
f 2666//2666 2669//2669 2413//2413
f 2665//2665 2666//2666 2413//2413
f 2670//2670 2668//2668 2669//2669
f 2673//2673 2672//2672 2671//2671
f 2672//2672 2667//2667 2671//2671
f 2667//2667 2416//2416 2671//2671
f 2667//2667 2411//2411 2416//2416
f 2674//2674 2418//2418 2668//2668
f 2668//2668 2418//2418 2414//2414
f 2668//2668 2670//2670 2675//2675
f 2668//2668 2675//2675 2674//2674
f 2673//2673 2671//2671 2676//2676
f 2673//2673 2676//2676 2677//2677
f 2420//2420 2676//2676 2416//2416
f 2416//2416 2676//2676 2671//2671
f 2678//2678 2422//2422 2674//2674
f 2674//2674 2422//2422 2418//2418
f 2674//2674 2675//2675 2679//2679
f 2674//2674 2679//2679 2678//2678
f 2677//2677 2676//2676 2680//2680
f 2677//2677 2680//2680 2681//2681
f 2424//2424 2680//2680 2420//2420
f 2420//2420 2680//2680 2676//2676
f 2678//2678 2426//2426 2422//2422
f 2428//2428 2426//2426 2678//2678
f 2679//2679 2428//2428 2678//2678
f 2682//2682 2428//2428 2679//2679
f 2681//2681 2680//2680 2683//2683
f 2681//2681 2683//2683 2684//2684
f 2430//2430 2683//2683 2424//2424
f 2424//2424 2683//2683 2680//2680
f 2685//2685 2432//2432 2433//2433
f 2434//2434 2686//2686 2433//2433
f 2433//2433 2686//2686 2685//2685
f 2436//2436 2686//2686 2434//2434
f 2688//2688 2438//2438 2687//2687
f 2438//2438 2682//2682 2687//2687
f 2438//2438 2428//2428 2682//2682
f 2689//2689 2688//2688 2687//2687
f 2684//2684 2683//2683 2690//2690
f 2684//2684 2690//2690 2691//2691
f 2440//2440 2690//2690 2430//2430
f 2430//2430 2690//2690 2683//2683
f 2685//2685 2441//2441 2432//2432
f 2441//2441 2685//2685 2442//2442
f 2442//2442 2685//2685 2686//2686
f 2442//2442 2686//2686 2436//2436
f 2692//2692 2444//2444 2688//2688
f 2688//2688 2444//2444 2438//2438
f 2688//2688 2689//2689 2693//2693
f 2688//2688 2693//2693 2692//2692
f 2691//2691 2690//2690 2694//2694
f 2691//2691 2694//2694 2695//2695
f 2446//2446 2694//2694 2440//2440
f 2440//2440 2694//2694 2690//2690
f 2696//2696 2448//2448 2692//2692
f 2692//2692 2448//2448 2444//2444
f 2692//2692 2693//2693 2697//2697
f 2692//2692 2697//2697 2696//2696
f 2695//2695 2694//2694 2698//2698
f 2695//2695 2698//2698 2699//2699
f 2450//2450 2698//2698 2446//2446
f 2446//2446 2698//2698 2694//2694
f 2700//2700 2452//2452 2696//2696
f 2696//2696 2452//2452 2448//2448
f 2696//2696 2697//2697 2701//2701
f 2696//2696 2701//2701 2700//2700
f 2699//2699 2698//2698 2702//2702
f 2699//2699 2702//2702 2703//2703
f 2454//2454 2702//2702 2450//2450
f 2450//2450 2702//2702 2698//2698
f 2704//2704 2456//2456 2700//2700
f 2700//2700 2456//2456 2452//2452
f 2700//2700 2701//2701 2705//2705
f 2700//2700 2705//2705 2704//2704
f 2706//2706 2703//2703 2702//2702
f 2708//2708 2706//2706 2707//2707
f 2707//2707 2706//2706 2457//2457
f 2706//2706 2702//2702 2457//2457
f 2702//2702 2454//2454 2457//2457
f 2459//2459 2707//2707 2457//2457
f 2709//2709 2462//2462 2704//2704
f 2704//2704 2462//2462 2456//2456
f 2704//2704 2705//2705 2710//2710
f 2704//2704 2710//2710 2709//2709
f 2708//2708 2707//2707 2711//2711
f 2708//2708 2711//2711 2712//2712
f 2464//2464 2711//2711 2459//2459
f 2459//2459 2711//2711 2707//2707
f 2713//2713 2467//2467 2468//2468
f 2462//2462 2709//2709 2468//2468
f 2709//2709 2713//2713 2468//2468
f 2709//2709 2714//2714 2713//2713
f 2709//2709 2710//2710 2715//2715
f 2709//2709 2715//2715 2714//2714
f 2712//2712 2711//2711 2716//2716
f 2712//2712 2716//2716 2717//2717
f 2470//2470 2716//2716 2464//2464
f 2464//2464 2716//2716 2711//2711
f 2718//2718 2475//2475 2713//2713
f 2713//2713 2475//2475 2467//2467
f 2714//2714 2720//2720 2719//2719
f 2718//2718 2714//2714 2719//2719
f 2713//2713 2714//2714 2718//2718
f 2720//2720 2714//2714 2715//2715
f 2721//2721 2717//2717 2716//2716
f 2723//2723 2721//2721 2722//2722
f 2722//2722 2721//2721 2476//2476
f 2721//2721 2716//2716 2476//2476
f 2716//2716 2470//2470 2476//2476
f 2477//2477 2722//2722 2476//2476
f 2724//2724 2482//2482 2483//2483
f 2475//2475 2718//2718 2483//2483
f 2718//2718 2724//2724 2483//2483
f 2718//2718 2725//2725 2724//2724
f 2718//2718 2719//2719 2726//2726
f 2718//2718 2726//2726 2725//2725
f 2723//2723 2722//2722 2727//2727
f 2723//2723 2727//2727 2728//2728
f 2485//2485 2727//2727 2477//2477
f 2477//2477 2727//2727 2722//2722
f 2729//2729 2489//2489 2724//2724
f 2724//2724 2489//2489 2482//2482
f 2725//2725 2731//2731 2730//2730
f 2729//2729 2725//2725 2730//2730
f 2724//2724 2725//2725 2729//2729
f 2731//2731 2725//2725 2726//2726
f 2732//2732 2728//2728 2727//2727
f 2732//2732 2727//2727 2485//2485
f 2490//2490 2732//2732 2485//2485
f 2733//2733 2732//2732 2490//2490
f 2734//2734 2490//2490 2491//2491
f 2734//2734 2733//2733 2490//2490
f 2735//2735 2491//2491 2492//2492
f 2735//2735 2734//2734 2491//2491
f 2736//2736 2492//2492 2493//2493
f 2736//2736 2735//2735 2492//2492
f 2737//2737 2493//2493 2494//2494
f 2737//2737 2736//2736 2493//2493
f 2738//2738 2494//2494 2495//2495
f 2738//2738 2737//2737 2494//2494
f 2739//2739 2495//2495 2496//2496
f 2739//2739 2738//2738 2495//2495
f 2740//2740 2496//2496 2497//2497
f 2740//2740 2739//2739 2496//2496
f 2741//2741 2497//2497 2498//2498
f 2741//2741 2740//2740 2497//2497
f 2742//2742 2498//2498 2499//2499
f 2742//2742 2741//2741 2498//2498
f 2743//2743 2499//2499 2500//2500
f 2743//2743 2742//2742 2499//2499
f 2744//2744 2500//2500 2501//2501
f 2744//2744 2743//2743 2500//2500
f 2501//2501 2489//2489 2729//2729
f 2745//2745 2501//2501 2729//2729
f 2744//2744 2501//2501 2745//2745
f 2745//2745 2729//2729 2730//2730
f 2549//2549 2746//2746 2550//2550
f 2747//2747 2551//2551 2550//2550
f 2747//2747 2550//2550 2746//2746
f 2748//2748 2552//2552 2551//2551
f 2748//2748 2551//2551 2747//2747
f 2552//2552 2748//2748 2749//2749
f 2750//2750 2552//2552 2749//2749
f 2553//2553 2552//2552 2750//2750
f 2553//2553 2751//2751 2554//2554
f 2750//2750 2751//2751 2553//2553
f 2751//2751 2753//2753 2752//2752
f 2555//2555 2751//2751 2752//2752
f 2554//2554 2751//2751 2555//2555
f 2754//2754 2556//2556 2555//2555
f 2754//2754 2555//2555 2752//2752
f 2754//2754 2558//2558 2556//2556
f 2560//2560 2755//2755 2559//2559
f 2755//2755 2756//2756 2559//2559
f 2559//2559 2756//2756 2549//2549
f 2756//2756 2757//2757 2549//2549
f 2757//2757 2746//2746 2549//2549
f 2746//2746 2757//2757 2747//2747
f 2747//2747 2757//2757 2758//2758
f 2747//2747 2758//2758 2748//2748
f 2748//2748 2758//2758 2759//2759
f 2748//2748 2759//2759 2749//2749
f 2753//2753 2760//2760 2752//2752
f 2752//2752 2760//2760 2754//2754
f 2754//2754 2760//2760 2761//2761
f 2761//2761 2763//2763 2762//2762
f 2761//2761 2762//2762 2561//2561
f 2754//2754 2761//2761 2561//2561
f 2558//2558 2754//2754 2561//2561
f 2762//2762 2563//2563 2561//2561
f 2765//2765 2764//2764 2755//2755
f 2560//2560 2765//2765 2755//2755
f 2564//2564 2765//2765 2560//2560
f 2755//2755 2764//2764 2756//2756
f 2763//2763 2766//2766 2762//2762
f 2766//2766 2768//2768 2767//2767
f 2766//2766 2767//2767 2565//2565
f 2762//2762 2766//2766 2565//2565
f 2563//2563 2762//2762 2565//2565
f 2767//2767 2566//2566 2565//2565
f 2567//2567 2765//2765 2564//2564
f 2567//2567 2769//2769 2765//2765
f 2768//2768 2770//2770 2767//2767
f 2566//2566 2767//2767 2770//2770
f 2771//2771 2566//2566 2770//2770
f 2569//2569 2566//2566 2771//2771
f 2570//2570 2769//2769 2567//2567
f 2570//2570 2772//2772 2769//2769
f 2771//2771 2773//2773 2569//2569
f 2569//2569 2773//2773 2571//2571
f 2572//2572 2571//2571 2773//2773
f 2572//2572 2773//2773 2774//2774
f 2573//2573 2772//2772 2570//2570
f 2573//2573 2775//2775 2772//2772
f 2774//2774 2574//2574 2572//2572
f 2776//2776 2574//2574 2774//2774
f 2575//2575 2775//2775 2573//2573
f 2575//2575 2777//2777 2775//2775
f 2576//2576 2574//2574 2778//2778
f 2574//2574 2779//2779 2778//2778
f 2574//2574 2776//2776 2779//2779
f 2778//2778 2577//2577 2576//2576
f 2780//2780 2777//2777 2575//2575
f 2780//2780 2575//2575 2578//2578
f 2578//2578 2579//2579 2780//2780
f 2780//2780 2579//2579 2781//2781
f 2779//2779 2782//2782 2778//2778
f 2577//2577 2778//2778 2782//2782
f 2783//2783 2577//2577 2782//2782
f 2580//2580 2577//2577 2783//2783
f 2581//2581 2781//2781 2579//2579
f 2581//2581 2784//2784 2781//2781
f 2783//2783 2582//2582 2580//2580
f 2785//2785 2582//2582 2783//2783
f 2583//2583 2784//2784 2581//2581
f 2583//2583 2786//2786 2784//2784
f 2785//2785 2584//2584 2582//2582
f 2787//2787 2584//2584 2785//2785
f 2585//2585 2786//2786 2583//2583
f 2585//2585 2788//2788 2786//2786
f 2787//2787 2586//2586 2584//2584
f 2789//2789 2586//2586 2787//2787
f 2587//2587 2788//2788 2585//2585
f 2587//2587 2790//2790 2788//2788
f 2789//2789 2791//2791 2586//2586
f 2586//2586 2791//2791 2588//2588
f 2590//2590 2588//2588 2791//2791
f 2590//2590 2791//2791 2792//2792
f 2591//2591 2790//2790 2587//2587
f 2591//2591 2793//2793 2790//2790
f 2792//2792 2593//2593 2590//2590
f 2794//2794 2593//2593 2792//2792
f 2594//2594 2793//2793 2591//2591
f 2594//2594 2795//2795 2793//2793
f 2796//2796 2595//2595 2596//2596
f 2797//2797 2796//2796 2596//2596
f 2593//2593 2797//2797 2596//2596
f 2794//2794 2797//2797 2593//2593
f 2597//2597 2795//2795 2594//2594
f 2597//2597 2798//2798 2795//2795
f 2799//2799 2598//2598 2796//2796
f 2796//2796 2598//2598 2595//2595
f 2796//2796 2797//2797 2800//2800
f 2796//2796 2800//2800 2799//2799
f 2599//2599 2798//2798 2597//2597
f 2599//2599 2801//2801 2798//2798
f 2802//2802 2601//2601 2799//2799
f 2799//2799 2601//2601 2598//2598
f 2799//2799 2800//2800 2803//2803
f 2799//2799 2803//2803 2802//2802
f 2602//2602 2801//2801 2599//2599
f 2602//2602 2804//2804 2801//2801
f 2805//2805 2604//2604 2802//2802
f 2802//2802 2604//2604 2601//2601
f 2802//2802 2803//2803 2806//2806
f 2802//2802 2806//2806 2805//2805
f 2605//2605 2804//2804 2602//2602
f 2605//2605 2807//2807 2804//2804
f 2809//2809 2808//2808 2805//2805
f 2808//2808 2604//2604 2805//2805
f 2808//2808 2607//2607 2604//2604
f 2809//2809 2805//2805 2806//2806
f 2608//2608 2807//2807 2605//2605
f 2608//2608 2810//2810 2807//2807
f 2808//2808 2610//2610 2607//2607
f 2811//2811 2610//2610 2808//2808
f 2612//2612 2810//2810 2608//2608
f 2612//2612 2812//2812 2810//2810
f 2811//2811 2614//2614 2610//2610
f 2813//2813 2614//2614 2811//2811
f 2616//2616 2812//2812 2612//2612
f 2616//2616 2814//2814 2812//2812
f 2813//2813 2618//2618 2614//2614
f 2815//2815 2618//2618 2813//2813
f 2620//2620 2814//2814 2616//2616
f 2620//2620 2816//2816 2814//2814
f 2818//2818 2623//2623 2817//2817
f 2623//2623 2815//2815 2817//2817
f 2623//2623 2618//2618 2815//2815
f 2819//2819 2818//2818 2817//2817
f 2620//2620 2624//2624 2820//2820
f 2821//2821 2620//2620 2820//2820
f 2816//2816 2620//2620 2821//2821
f 2625//2625 2820//2820 2624//2624
f 2822//2822 2628//2628 2818//2818
f 2818//2818 2628//2628 2623//2623
f 2818//2818 2819//2819 2823//2823
f 2818//2818 2823//2823 2822//2822
f 2821//2821 2820//2820 2824//2824
f 2821//2821 2824//2824 2825//2825
f 2630//2630 2824//2824 2625//2625
f 2625//2625 2824//2824 2820//2820
f 2822//2822 2633//2633 2628//2628
f 2827//2827 2826//2826 2635//2635
f 2827//2827 2635//2635 2633//2633
f 2823//2823 2827//2827 2633//2633
f 2822//2822 2823//2823 2633//2633
f 2828//2828 2826//2826 2827//2827
f 2825//2825 2824//2824 2829//2829
f 2825//2825 2829//2829 2830//2830
f 2637//2637 2829//2829 2630//2630
f 2630//2630 2829//2829 2824//2824
f 2831//2831 2640//2640 2826//2826
f 2826//2826 2640//2640 2635//2635
f 2826//2826 2828//2828 2832//2832
f 2826//2826 2832//2832 2831//2831
f 2830//2830 2829//2829 2833//2833
f 2830//2830 2833//2833 2834//2834
f 2642//2642 2833//2833 2637//2637
f 2637//2637 2833//2833 2829//2829
f 2831//2831 2644//2644 2640//2640
f 2836//2836 2835//2835 2646//2646
f 2836//2836 2646//2646 2644//2644
f 2832//2832 2836//2836 2644//2644
f 2831//2831 2832//2832 2644//2644
f 2837//2837 2835//2835 2836//2836
f 2834//2834 2833//2833 2648//2648
f 2649//2649 2834//2834 2648//2648
f 2838//2838 2834//2834 2649//2649
f 2648//2648 2833//2833 2642//2642
f 2839//2839 2652//2652 2835//2835
f 2835//2835 2652//2652 2646//2646
f 2835//2835 2837//2837 2840//2840
f 2835//2835 2840//2840 2839//2839
f 2843//2843 2842//2842 2841//2841
f 2842//2842 2838//2838 2841//2841
f 2838//2838 2654//2654 2841//2841
f 2838//2838 2649//2649 2654//2654
f 2839//2839 2656//2656 2652//2652
f 2845//2845 2844//2844 2657//2657
f 2845//2845 2657//2657 2656//2656
f 2840//2840 2845//2845 2656//2656
f 2839//2839 2840//2840 2656//2656
f 2846//2846 2844//2844 2845//2845
f 2843//2843 2841//2841 2847//2847
f 2843//2843 2847//2847 2848//2848
f 2659//2659 2847//2847 2654//2654
f 2654//2654 2847//2847 2841//2841
f 2844//2844 2661//2661 2657//2657
f 2662//2662 2661//2661 2844//2844
f 2846//2846 2662//2662 2844//2844
f 2849//2849 2662//2662 2846//2846
f 2848//2848 2847//2847 2850//2850
f 2848//2848 2850//2850 2851//2851
f 2664//2664 2850//2850 2659//2659
f 2659//2659 2850//2850 2847//2847
f 2853//2853 2666//2666 2852//2852
f 2666//2666 2849//2849 2852//2852
f 2666//2666 2662//2662 2849//2849
f 2854//2854 2853//2853 2852//2852
f 2851//2851 2850//2850 2855//2855
f 2851//2851 2855//2855 2856//2856
f 2667//2667 2855//2855 2664//2664
f 2664//2664 2855//2855 2850//2850
f 2853//2853 2669//2669 2666//2666
f 2670//2670 2669//2669 2853//2853
f 2854//2854 2670//2670 2853//2853
f 2857//2857 2670//2670 2854//2854
f 2856//2856 2855//2855 2672//2672
f 2673//2673 2856//2856 2672//2672
f 2858//2858 2856//2856 2673//2673
f 2672//2672 2855//2855 2667//2667
f 2860//2860 2675//2675 2859//2859
f 2675//2675 2857//2857 2859//2859
f 2675//2675 2670//2670 2857//2857
f 2861//2861 2860//2860 2859//2859
f 2677//2677 2858//2858 2673//2673
f 2677//2677 2862//2862 2858//2858
f 2863//2863 2679//2679 2860//2860
f 2860//2860 2679//2679 2675//2675
f 2860//2860 2861//2861 2864//2864
f 2860//2860 2864//2864 2863//2863
f 2681//2681 2862//2862 2677//2677
f 2681//2681 2865//2865 2862//2862
f 2866//2866 2682//2682 2863//2863
f 2863//2863 2682//2682 2679//2679
f 2863//2863 2864//2864 2867//2867
f 2863//2863 2867//2867 2866//2866
f 2684//2684 2865//2865 2681//2681
f 2684//2684 2868//2868 2865//2865
f 2866//2866 2687//2687 2682//2682
f 2689//2689 2687//2687 2866//2866
f 2867//2867 2689//2689 2866//2866
f 2869//2869 2689//2689 2867//2867
f 2691//2691 2868//2868 2684//2684
f 2691//2691 2870//2870 2868//2868
f 2869//2869 2693//2693 2689//2689
f 2871//2871 2693//2693 2869//2869
f 2695//2695 2870//2870 2691//2691
f 2695//2695 2872//2872 2870//2870
f 2874//2874 2697//2697 2873//2873
f 2697//2697 2871//2871 2873//2873
f 2697//2697 2693//2693 2871//2871
f 2875//2875 2874//2874 2873//2873
f 2699//2699 2872//2872 2695//2695
f 2699//2699 2876//2876 2872//2872
f 2877//2877 2701//2701 2874//2874
f 2874//2874 2701//2701 2697//2697
f 2874//2874 2875//2875 2878//2878
f 2874//2874 2878//2878 2877//2877
f 2703//2703 2876//2876 2699//2699
f 2703//2703 2879//2879 2876//2876
f 2880//2880 2705//2705 2877//2877
f 2877//2877 2705//2705 2701//2701
f 2877//2877 2878//2878 2881//2881
f 2877//2877 2881//2881 2880//2880
f 2703//2703 2706//2706 2882//2882
f 2883//2883 2703//2703 2882//2882
f 2879//2879 2703//2703 2883//2883
f 2708//2708 2882//2882 2706//2706
f 2885//2885 2884//2884 2880//2880
f 2884//2884 2705//2705 2880//2880
f 2884//2884 2710//2710 2705//2705
f 2885//2885 2880//2880 2881//2881
f 2883//2883 2882//2882 2886//2886
f 2883//2883 2886//2886 2887//2887
f 2712//2712 2886//2886 2708//2708
f 2708//2708 2886//2886 2882//2882
f 2884//2884 2715//2715 2710//2710
f 2888//2888 2715//2715 2884//2884
f 2887//2887 2886//2886 2889//2889
f 2887//2887 2889//2889 2890//2890
f 2717//2717 2889//2889 2712//2712
f 2712//2712 2889//2889 2886//2886
f 2891//2891 2719//2719 2720//2720
f 2892//2892 2891//2891 2720//2720
f 2715//2715 2892//2892 2720//2720
f 2888//2888 2892//2892 2715//2715
f 2893//2893 2890//2890 2889//2889
f 2895//2895 2893//2893 2894//2894
f 2894//2894 2893//2893 2721//2721
f 2893//2893 2889//2889 2721//2721
f 2889//2889 2717//2717 2721//2721
f 2723//2723 2894//2894 2721//2721
f 2896//2896 2726//2726 2891//2891
f 2891//2891 2726//2726 2719//2719
f 2891//2891 2892//2892 2897//2897
f 2891//2891 2897//2897 2896//2896
f 2895//2895 2894//2894 2898//2898
f 2895//2895 2898//2898 2899//2899
f 2728//2728 2898//2898 2723//2723
f 2723//2723 2898//2898 2894//2894
f 2900//2900 2730//2730 2731//2731
f 2901//2901 2900//2900 2731//2731
f 2901//2901 2731//2731 2726//2726
f 2902//2902 2901//2901 2726//2726
f 2896//2896 2902//2902 2726//2726
f 2902//2902 2896//2896 2897//2897
f 2903//2903 2899//2899 2898//2898
f 2903//2903 2898//2898 2728//2728
f 2732//2732 2903//2903 2728//2728
f 2904//2904 2903//2903 2732//2732
f 2905//2905 2732//2732 2733//2733
f 2905//2905 2904//2904 2732//2732
f 2906//2906 2733//2733 2734//2734
f 2906//2906 2905//2905 2733//2733
f 2907//2907 2734//2734 2735//2735
f 2907//2907 2906//2906 2734//2734
f 2908//2908 2735//2735 2736//2736
f 2908//2908 2907//2907 2735//2735
f 2909//2909 2736//2736 2737//2737
f 2909//2909 2908//2908 2736//2736
f 2910//2910 2737//2737 2738//2738
f 2910//2910 2909//2909 2737//2737
f 2911//2911 2738//2738 2739//2739
f 2911//2911 2910//2910 2738//2738
f 2912//2912 2739//2739 2740//2740
f 2912//2912 2911//2911 2739//2739
f 2913//2913 2740//2740 2741//2741
f 2913//2913 2912//2912 2740//2740
f 2914//2914 2741//2741 2742//2742
f 2914//2914 2913//2913 2741//2741
f 2915//2915 2742//2742 2743//2743
f 2915//2915 2914//2914 2742//2742
f 2916//2916 2743//2743 2744//2744
f 2916//2916 2915//2915 2743//2743
f 2917//2917 2744//2744 2745//2745
f 2917//2917 2916//2916 2744//2744
f 2745//2745 2730//2730 2900//2900
f 2918//2918 2745//2745 2900//2900
f 2917//2917 2745//2745 2918//2918
f 2918//2918 2900//2900 2901//2901
f 2749//2749 2919//2919 2750//2750
f 2920//2920 2751//2751 2750//2750
f 2920//2920 2750//2750 2919//2919
f 2920//2920 2753//2753 2751//2751
f 2756//2756 2921//2921 2757//2757
f 2922//2922 2758//2758 2757//2757
f 2922//2922 2757//2757 2921//2921
f 2758//2758 2922//2922 2923//2923
f 2924//2924 2758//2758 2923//2923
f 2759//2759 2758//2758 2924//2924
f 2749//2749 2759//2759 2919//2919
f 2759//2759 2925//2925 2919//2919
f 2759//2759 2924//2924 2925//2925
f 2919//2919 2925//2925 2920//2920
f 2920//2920 2925//2925 2926//2926
f 2920//2920 2926//2926 2753//2753
f 2926//2926 2760//2760 2753//2753
f 2926//2926 2927//2927 2760//2760
f 2927//2927 2929//2929 2928//2928
f 2761//2761 2927//2927 2928//2928
f 2760//2760 2927//2927 2761//2761
f 2928//2928 2763//2763 2761//2761
f 2765//2765 2930//2930 2764//2764
f 2930//2930 2931//2931 2764//2764
f 2764//2764 2931//2931 2756//2756
f 2931//2931 2932//2932 2756//2756
f 2932//2932 2921//2921 2756//2756
f 2921//2921 2932//2932 2922//2922
f 2922//2922 2932//2932 2933//2933
f 2922//2922 2933//2933 2923//2923
f 2929//2929 2934//2934 2928//2928
f 2934//2934 2936//2936 2935//2935
f 2934//2934 2935//2935 2766//2766
f 2928//2928 2934//2934 2766//2766
f 2763//2763 2928//2928 2766//2766
f 2935//2935 2768//2768 2766//2766
f 2938//2938 2937//2937 2930//2930
f 2765//2765 2938//2938 2930//2930
f 2769//2769 2938//2938 2765//2765
f 2930//2930 2937//2937 2931//2931
f 2936//2936 2939//2939 2935//2935
f 2939//2939 2941//2941 2940//2940
f 2939//2939 2940//2940 2770//2770
f 2935//2935 2939//2939 2770//2770
f 2768//2768 2935//2935 2770//2770
f 2940//2940 2771//2771 2770//2770
f 2772//2772 2938//2938 2769//2769
f 2772//2772 2942//2942 2938//2938
f 2941//2941 2943//2943 2940//2940
f 2943//2943 2945//2945 2944//2944
f 2943//2943 2944//2944 2773//2773
f 2940//2940 2943//2943 2773//2773
f 2771//2771 2940//2940 2773//2773
f 2944//2944 2774//2774 2773//2773
f 2775//2775 2942//2942 2772//2772
f 2775//2775 2946//2946 2942//2942
f 2945//2945 2947//2947 2944//2944
f 2774//2774 2944//2944 2947//2947
f 2948//2948 2774//2774 2947//2947
f 2776//2776 2774//2774 2948//2948
f 2777//2777 2946//2946 2775//2775
f 2777//2777 2949//2949 2946//2946
f 2948//2948 2779//2779 2776//2776
f 2950//2950 2779//2779 2948//2948
f 2951//2951 2949//2949 2777//2777
f 2951//2951 2777//2777 2780//2780
f 2780//2780 2781//2781 2951//2951
f 2951//2951 2781//2781 2952//2952
f 2782//2782 2779//2779 2953//2953
f 2779//2779 2954//2954 2953//2953
f 2779//2779 2950//2950 2954//2954
f 2953//2953 2783//2783 2782//2782
f 2784//2784 2952//2952 2781//2781
f 2784//2784 2955//2955 2952//2952
f 2954//2954 2956//2956 2953//2953
f 2783//2783 2953//2953 2956//2956
f 2957//2957 2783//2783 2956//2956
f 2785//2785 2783//2783 2957//2957
f 2786//2786 2955//2955 2784//2784
f 2786//2786 2958//2958 2955//2955
f 2957//2957 2787//2787 2785//2785
f 2959//2959 2787//2787 2957//2957
f 2788//2788 2958//2958 2786//2786
f 2788//2788 2960//2960 2958//2958
f 2959//2959 2789//2789 2787//2787
f 2961//2961 2789//2789 2959//2959
f 2790//2790 2960//2960 2788//2788
f 2790//2790 2962//2962 2960//2960
f 2961//2961 2963//2963 2789//2789
f 2789//2789 2963//2963 2791//2791
f 2792//2792 2791//2791 2963//2963
f 2792//2792 2963//2963 2964//2964
f 2793//2793 2962//2962 2790//2790
f 2793//2793 2965//2965 2962//2962
f 2964//2964 2794//2794 2792//2792
f 2966//2966 2794//2794 2964//2964
f 2795//2795 2965//2965 2793//2793
f 2795//2795 2967//2967 2965//2965
f 2966//2966 2797//2797 2794//2794
f 2968//2968 2797//2797 2966//2966
f 2798//2798 2967//2967 2795//2795
f 2798//2798 2969//2969 2967//2967
f 2968//2968 2800//2800 2797//2797
f 2970//2970 2800//2800 2968//2968
f 2801//2801 2969//2969 2798//2798
f 2801//2801 2971//2971 2969//2969
f 2970//2970 2803//2803 2800//2800
f 2972//2972 2803//2803 2970//2970
f 2804//2804 2971//2971 2801//2801
f 2804//2804 2973//2973 2971//2971
f 2972//2972 2806//2806 2803//2803
f 2974//2974 2806//2806 2972//2972
f 2807//2807 2973//2973 2804//2804
f 2807//2807 2975//2975 2973//2973
f 2976//2976 2808//2808 2809//2809
f 2977//2977 2976//2976 2809//2809
f 2806//2806 2977//2977 2809//2809
f 2974//2974 2977//2977 2806//2806
f 2810//2810 2975//2975 2807//2807
f 2810//2810 2978//2978 2975//2975
f 2979//2979 2811//2811 2976//2976
f 2976//2976 2811//2811 2808//2808
f 2976//2976 2977//2977 2980//2980
f 2976//2976 2980//2980 2979//2979
f 2812//2812 2978//2978 2810//2810
f 2812//2812 2981//2981 2978//2978
f 2982//2982 2813//2813 2979//2979
f 2979//2979 2813//2813 2811//2811
f 2979//2979 2980//2980 2983//2983
f 2979//2979 2983//2983 2982//2982
f 2814//2814 2981//2981 2812//2812
f 2814//2814 2984//2984 2981//2981
f 2985//2985 2815//2815 2982//2982
f 2982//2982 2815//2815 2813//2813
f 2982//2982 2983//2983 2986//2986
f 2982//2982 2986//2986 2985//2985
f 2816//2816 2984//2984 2814//2814
f 2816//2816 2987//2987 2984//2984
f 2985//2985 2817//2817 2815//2815
f 2989//2989 2988//2988 2819//2819
f 2989//2989 2819//2819 2817//2817
f 2986//2986 2989//2989 2817//2817
f 2985//2985 2986//2986 2817//2817
f 2990//2990 2988//2988 2989//2989
f 2821//2821 2987//2987 2816//2816
f 2821//2821 2991//2991 2987//2987
f 2992//2992 2823//2823 2988//2988
f 2988//2988 2823//2823 2819//2819
f 2988//2988 2990//2990 2993//2993
f 2988//2988 2993//2993 2992//2992
f 2825//2825 2991//2991 2821//2821
f 2825//2825 2994//2994 2991//2991
f 2992//2992 2827//2827 2823//2823
f 2996//2996 2995//2995 2828//2828
f 2996//2996 2828//2828 2827//2827
f 2993//2993 2996//2996 2827//2827
f 2992//2992 2993//2993 2827//2827
f 2997//2997 2995//2995 2996//2996
f 2830//2830 2994//2994 2825//2825
f 2830//2830 2998//2998 2994//2994
f 2999//2999 2832//2832 2995//2995
f 2995//2995 2832//2832 2828//2828
f 2995//2995 2997//2997 3000//3000
f 2995//2995 3000//3000 2999//2999
f 2834//2834 2998//2998 2830//2830
f 2834//2834 3001//3001 2998//2998
f 2999//2999 2836//2836 2832//2832
f 3003//3003 3002//3002 2837//2837
f 3003//3003 2837//2837 2836//2836
f 3000//3000 3003//3003 2836//2836
f 2999//2999 3000//3000 2836//2836
f 3004//3004 3002//3002 3003//3003
f 3007//3007 3006//3006 3005//3005
f 3006//3006 3001//3001 3005//3005
f 3001//3001 2838//2838 3005//3005
f 3001//3001 2834//2834 2838//2838
f 3008//3008 2840//2840 3002//3002
f 3002//3002 2840//2840 2837//2837
f 3002//3002 3004//3004 3009//3009
f 3002//3002 3009//3009 3008//3008
f 3007//3007 3005//3005 2842//2842
f 2843//2843 3007//3007 2842//2842
f 3010//3010 3007//3007 2843//2843
f 2842//2842 3005//3005 2838//2838
f 3008//3008 2845//2845 2840//2840
f 3012//3012 3011//3011 2846//2846
f 3012//3012 2846//2846 2845//2845
f 3009//3009 3012//3012 2845//2845
f 3008//3008 3009//3009 2845//2845
f 3013//3013 3011//3011 3012//3012
f 2848//2848 3010//3010 2843//2843
f 2848//2848 3014//3014 3010//3010
f 3015//3015 2849//2849 3011//3011
f 3011//3011 2849//2849 2846//2846
f 3011//3011 3013//3013 3016//3016
f 3011//3011 3016//3016 3015//3015
f 2851//2851 3014//3014 2848//2848
f 2851//2851 3017//3017 3014//3014
f 3015//3015 2852//2852 2849//2849
f 3019//3019 3018//3018 2854//2854
f 3019//3019 2854//2854 2852//2852
f 3016//3016 3019//3019 2852//2852
f 3015//3015 3016//3016 2852//2852
f 3020//3020 3018//3018 3019//3019
f 2856//2856 3017//3017 2851//2851
f 2856//2856 3021//3021 3017//3017
f 3022//3022 2857//2857 3018//3018
f 3018//3018 2857//2857 2854//2854
f 3018//3018 3020//3020 3023//3023
f 3018//3018 3023//3023 3022//3022
f 2858//2858 3021//3021 2856//2856
f 2858//2858 3024//3024 3021//3021
f 3022//3022 2859//2859 2857//2857
f 2861//2861 2859//2859 3022//3022
f 3023//3023 2861//2861 3022//3022
f 3025//3025 2861//2861 3023//3023
f 2862//2862 3024//3024 2858//2858
f 2862//2862 3026//3026 3024//3024
f 3025//3025 2864//2864 2861//2861
f 3027//3027 2864//2864 3025//3025
f 2865//2865 3026//3026 2862//2862
f 2865//2865 3028//3028 3026//3026
f 3030//3030 2867//2867 3029//3029
f 2867//2867 3027//3027 3029//3029
f 2867//2867 2864//2864 3027//3027
f 3031//3031 3030//3030 3029//3029
f 2868//2868 3028//3028 2865//2865
f 2868//2868 3032//3032 3028//3028
f 3033//3033 2869//2869 3030//3030
f 3030//3030 2869//2869 2867//2867
f 3030//3030 3031//3031 3034//3034
f 3030//3030 3034//3034 3033//3033
f 2870//2870 3032//3032 2868//2868
f 2870//2870 3035//3035 3032//3032
f 3036//3036 2871//2871 3033//3033
f 3033//3033 2871//2871 2869//2869
f 3033//3033 3034//3034 3037//3037
f 3033//3033 3037//3037 3036//3036
f 2872//2872 3035//3035 2870//2870
f 2872//2872 3038//3038 3035//3035
f 3036//3036 2873//2873 2871//2871
f 2875//2875 2873//2873 3036//3036
f 3037//3037 2875//2875 3036//3036
f 3039//3039 2875//2875 3037//3037
f 2876//2876 3038//3038 2872//2872
f 2876//2876 3040//3040 3038//3038
f 3039//3039 2878//2878 2875//2875
f 3041//3041 2878//2878 3039//3039
f 2879//2879 3040//3040 2876//2876
f 2879//2879 3042//3042 3040//3040
f 3041//3041 2881//2881 2878//2878
f 3043//3043 2881//2881 3041//3041
f 2883//2883 3042//3042 2879//2879
f 2883//2883 3044//3044 3042//3042
f 3045//3045 2884//2884 2885//2885
f 3046//3046 3045//3045 2885//2885
f 2881//2881 3046//3046 2885//2885
f 3043//3043 3046//3046 2881//2881
f 2887//2887 3044//3044 2883//2883
f 2887//2887 3047//3047 3044//3044
f 3048//3048 2888//2888 3045//3045
f 3045//3045 2888//2888 2884//2884
f 3045//3045 3046//3046 3049//3049
f 3045//3045 3049//3049 3048//3048
f 2890//2890 3047//3047 2887//2887
f 2890//2890 3050//3050 3047//3047
f 3051//3051 2892//2892 3048//3048
f 3048//3048 2892//2892 2888//2888
f 3048//3048 3049//3049 3052//3052
f 3048//3048 3052//3052 3051//3051
f 2890//2890 2893//2893 3053//3053
f 3054//3054 2890//2890 3053//3053
f 3050//3050 2890//2890 3054//3054
f 2895//2895 3053//3053 2893//2893
f 3056//3056 3055//3055 3051//3051
f 3055//3055 2892//2892 3051//3051
f 3055//3055 2897//2897 2892//2892
f 3056//3056 3051//3051 3052//3052
f 3054//3054 3053//3053 3057//3057
f 3054//3054 3057//3057 3058//3058
f 2899//2899 3057//3057 2895//2895
f 2895//2895 3057//3057 3053//3053
f 3059//3059 2901//2901 2902//2902
f 3060//3060 3059//3059 2902//2902
f 2897//2897 3060//3060 2902//2902
f 3055//3055 3060//3060 2897//2897
f 3061//3061 3058//3058 3057//3057
f 3061//3061 3057//3057 2899//2899
f 2903//2903 3061//3061 2899//2899
f 3062//3062 3061//3061 2903//2903
f 3063//3063 2903//2903 2904//2904
f 3063//3063 3062//3062 2903//2903
f 3064//3064 2904//2904 2905//2905
f 3064//3064 3063//3063 2904//2904
f 3065//3065 2905//2905 2906//2906
f 3065//3065 3064//3064 2905//2905
f 3066//3066 2906//2906 2907//2907
f 3066//3066 3065//3065 2906//2906
f 3067//3067 2907//2907 2908//2908
f 3067//3067 3066//3066 2907//2907
f 3068//3068 2908//2908 2909//2909
f 3068//3068 3067//3067 2908//2908
f 3069//3069 2909//2909 2910//2910
f 3069//3069 3068//3068 2909//2909
f 3070//3070 2910//2910 2911//2911
f 3070//3070 3069//3069 2910//2910
f 3071//3071 2911//2911 2912//2912
f 3071//3071 3070//3070 2911//2911
f 3072//3072 2912//2912 2913//2913
f 3072//3072 3071//3071 2912//2912
f 3073//3073 2913//2913 2914//2914
f 3073//3073 3072//3072 2913//2913
f 3074//3074 2914//2914 2915//2915
f 3074//3074 3073//3073 2914//2914
f 3075//3075 2915//2915 2916//2916
f 3075//3075 3074//3074 2915//2915
f 3076//3076 2916//2916 2917//2917
f 3076//3076 3075//3075 2916//2916
f 3077//3077 2917//2917 2918//2918
f 3077//3077 3076//3076 2917//2917
f 2918//2918 2901//2901 3059//3059
f 3078//3078 2918//2918 3059//3059
f 3077//3077 2918//2918 3078//3078
f 3078//3078 3059//3059 3060//3060
f 2923//2923 3079//3079 2924//2924
f 3080//3080 2925//2925 2924//2924
f 3080//3080 2924//2924 3079//3079
f 3081//3081 2926//2926 2925//2925
f 3081//3081 2925//2925 3080//3080
f 3082//3082 2927//2927 2926//2926
f 3082//3082 2926//2926 3081//3081
f 3082//3082 2929//2929 2927//2927
f 2931//2931 3083//3083 2932//2932
f 3084//3084 2933//2933 2932//2932
f 3084//3084 2932//2932 3083//3083
f 3084//3084 3085//3085 2933//2933
f 2933//2933 3085//3085 2923//2923
f 3085//3085 3086//3086 2923//2923
f 3086//3086 3079//3079 2923//2923
f 3079//3079 3086//3086 3080//3080
f 3080//3080 3086//3086 3087//3087
f 3080//3080 3087//3087 3081//3081
f 3081//3081 3087//3087 3088//3088
f 3081//3081 3088//3088 3082//3082
f 3082//3082 3088//3088 3089//3089
f 3089//3089 3091//3091 3090//3090
f 3089//3089 3090//3090 2934//2934
f 3082//3082 3089//3089 2934//2934
f 2929//2929 3082//3082 2934//2934
f 3090//3090 2936//2936 2934//2934
f 2938//2938 3092//3092 2937//2937
f 3092//3092 3093//3093 2937//2937
f 2937//2937 3093//3093 2931//2931
f 3093//3093 3094//3094 2931//2931
f 3094//3094 3083//3083 2931//2931
f 3083//3083 3094//3094 3084//3084
f 3084//3084 3094//3094 3095//3095
f 3084//3084 3095//3095 3085//3085
f 3091//3091 3096//3096 3090//3090
f 3096//3096 3098//3098 3097//3097
f 3096//3096 3097//3097 2939//2939
f 3090//3090 3096//3096 2939//2939
f 2936//2936 3090//3090 2939//2939
f 3097//3097 2941//2941 2939//2939
f 3100//3100 3099//3099 3092//3092
f 2938//2938 3100//3100 3092//3092
f 2942//2942 3100//3100 2938//2938
f 3092//3092 3099//3099 3093//3093
f 3098//3098 3101//3101 3097//3097
f 3101//3101 3103//3103 3102//3102
f 3101//3101 3102//3102 2943//2943
f 3097//3097 3101//3101 2943//2943
f 2941//2941 3097//3097 2943//2943
f 3102//3102 2945//2945 2943//2943
f 2946//2946 3100//3100 2942//2942
f 2946//2946 3104//3104 3100//3100
f 3103//3103 3105//3105 3102//3102
f 3105//3105 3107//3107 3106//3106
f 3105//3105 3106//3106 2947//2947
f 3102//3102 3105//3105 2947//2947
f 2945//2945 3102//3102 2947//2947
f 3106//3106 2948//2948 2947//2947
f 2949//2949 3104//3104 2946//2946
f 2949//2949 3108//3108 3104//3104
f 3107//3107 3109//3109 3106//3106
f 2948//2948 3106//3106 3109//3109
f 3110//3110 2948//2948 3109//3109
f 2950//2950 2948//2948 3110//3110
f 3111//3111 3108//3108 2949//2949
f 3111//3111 2949//2949 2951//2951
f 2951//2951 2952//2952 3111//3111
f 3111//3111 2952//2952 3112//3112
f 3110//3110 2954//2954 2950//2950
f 3113//3113 2954//2954 3110//3110
f 2955//2955 3112//3112 2952//2952
f 2955//2955 3114//3114 3112//3112
f 3113//3113 3115//3115 2954//2954
f 2954//2954 3115//3115 2956//2956
f 2957//2957 2956//2956 3115//3115
f 2957//2957 3115//3115 3116//3116
f 2958//2958 3114//3114 2955//2955
f 2958//2958 3117//3117 3114//3114
f 3116//3116 2959//2959 2957//2957
f 3118//3118 2959//2959 3116//3116
f 2960//2960 3117//3117 2958//2958
f 2960//2960 3119//3119 3117//3117
f 3118//3118 2961//2961 2959//2959
f 3120//3120 2961//2961 3118//3118
f 2962//2962 3119//3119 2960//2960
f 2962//2962 3121//3121 3119//3119
f 3120//3120 3122//3122 2961//2961
f 2961//2961 3122//3122 2963//2963
f 2964//2964 2963//2963 3122//3122
f 2964//2964 3122//3122 3123//3123
f 2965//2965 3121//3121 2962//2962
f 2965//2965 3124//3124 3121//3121
f 3123//3123 2966//2966 2964//2964
f 3125//3125 2966//2966 3123//3123
f 2967//2967 3124//3124 2965//2965
f 2967//2967 3126//3126 3124//3124
f 3125//3125 2968//2968 2966//2966
f 3127//3127 2968//2968 3125//3125
f 2969//2969 3126//3126 2967//2967
f 2969//2969 3128//3128 3126//3126
f 3127//3127 2970//2970 2968//2968
f 3129//3129 2970//2970 3127//3127
f 2971//2971 3128//3128 2969//2969
f 2971//2971 3130//3130 3128//3128
f 3129//3129 2972//2972 2970//2970
f 3131//3131 2972//2972 3129//3129
f 2973//2973 3130//3130 2971//2971
f 2973//2973 3132//3132 3130//3130
f 3131//3131 2974//2974 2972//2972
f 3133//3133 2974//2974 3131//3131
f 2975//2975 3132//3132 2973//2973
f 2975//2975 3134//3134 3132//3132
f 3133//3133 2977//2977 2974//2974
f 3135//3135 2977//2977 3133//3133
f 2978//2978 3134//3134 2975//2975
f 2978//2978 3136//3136 3134//3134
f 3138//3138 2980//2980 3137//3137
f 2980//2980 3135//3135 3137//3137
f 2980//2980 2977//2977 3135//3135
f 3139//3139 3138//3138 3137//3137
f 2981//2981 3136//3136 2978//2978
f 2981//2981 3140//3140 3136//3136
f 3141//3141 2983//2983 3138//3138
f 3138//3138 2983//2983 2980//2980
f 3138//3138 3139//3139 3142//3142
f 3138//3138 3142//3142 3141//3141
f 2984//2984 3140//3140 2981//2981
f 2984//2984 3143//3143 3140//3140
f 3144//3144 2986//2986 3141//3141
f 3141//3141 2986//2986 2983//2983
f 3141//3141 3142//3142 3145//3145
f 3141//3141 3145//3145 3144//3144
f 2987//2987 3143//3143 2984//2984
f 2987//2987 3146//3146 3143//3143
f 3144//3144 2989//2989 2986//2986
f 2990//2990 2989//2989 3144//3144
f 3145//3145 2990//2990 3144//3144
f 3147//3147 2990//2990 3145//3145
f 2991//2991 3146//3146 2987//2987
f 2991//2991 3148//3148 3146//3146
f 3150//3150 2993//2993 3149//3149
f 2993//2993 3147//3147 3149//3149
f 2993//2993 2990//2990 3147//3147
f 3151//3151 3150//3150 3149//3149
f 2994//2994 3148//3148 2991//2991
f 2994//2994 3152//3152 3148//3148
f 3150//3150 2996//2996 2993//2993
f 2997//2997 2996//2996 3150//3150
f 3151//3151 2997//2997 3150//3150
f 3153//3153 2997//2997 3151//3151
f 2998//2998 3152//3152 2994//2994
f 2998//2998 3154//3154 3152//3152
f 3156//3156 3000//3000 3155//3155
f 3000//3000 3153//3153 3155//3155
f 3000//3000 2997//2997 3153//3153
f 3157//3157 3156//3156 3155//3155
f 3160//3160 3159//3159 3158//3158
f 3159//3159 3154//3154 3158//3158
f 3154//3154 3001//3001 3158//3158
f 3154//3154 2998//2998 3001//3001
f 3156//3156 3003//3003 3000//3000
f 3004//3004 3003//3003 3156//3156
f 3157//3157 3004//3004 3156//3156
f 3161//3161 3004//3004 3157//3157
f 3160//3160 3158//3158 3006//3006
f 3007//3007 3160//3160 3006//3006
f 3162//3162 3160//3160 3007//3007
f 3006//3006 3158//3158 3001//3001
f 3164//3164 3009//3009 3163//3163
f 3009//3009 3161//3161 3163//3163
f 3009//3009 3004//3004 3161//3161
f 3165//3165 3164//3164 3163//3163
f 3010//3010 3162//3162 3007//3007
f 3010//3010 3166//3166 3162//3162
f 3164//3164 3012//3012 3009//3009
f 3013//3013 3012//3012 3164//3164
f 3165//3165 3013//3013 3164//3164
f 3167//3167 3013//3013 3165//3165
f 3014//3014 3166//3166 3010//3010
f 3014//3014 3168//3168 3166//3166
f 3170//3170 3016//3016 3169//3169
f 3016//3016 3167//3167 3169//3169
f 3016//3016 3013//3013 3167//3167
f 3171//3171 3170//3170 3169//3169
f 3017//3017 3168//3168 3014//3014
f 3017//3017 3172//3172 3168//3168
f 3170//3170 3019//3019 3016//3016
f 3020//3020 3019//3019 3170//3170
f 3171//3171 3020//3020 3170//3170
f 3173//3173 3020//3020 3171//3171
f 3021//3021 3172//3172 3017//3017
f 3021//3021 3174//3174 3172//3172
f 3173//3173 3023//3023 3020//3020
f 3175//3175 3023//3023 3173//3173
f 3024//3024 3174//3174 3021//3021
f 3024//3024 3176//3176 3174//3174
f 3178//3178 3025//3025 3177//3177
f 3025//3025 3175//3175 3177//3177
f 3025//3025 3023//3023 3175//3175
f 3179//3179 3178//3178 3177//3177
f 3026//3026 3176//3176 3024//3024
f 3026//3026 3180//3180 3176//3176
f 3181//3181 3027//3027 3178//3178
f 3178//3178 3027//3027 3025//3025
f 3178//3178 3179//3179 3182//3182
f 3178//3178 3182//3182 3181//3181
f 3028//3028 3180//3180 3026//3026
f 3028//3028 3183//3183 3180//3180
f 3181//3181 3029//3029 3027//3027
f 3031//3031 3029//3029 3181//3181
f 3182//3182 3031//3031 3181//3181
f 3184//3184 3031//3031 3182//3182
f 3032//3032 3183//3183 3028//3028
f 3032//3032 3185//3185 3183//3183
f 3184//3184 3034//3034 3031//3031
f 3186//3186 3034//3034 3184//3184
f 3035//3035 3185//3185 3032//3032
f 3035//3035 3187//3187 3185//3185
f 3186//3186 3037//3037 3034//3034
f 3188//3188 3037//3037 3186//3186
f 3038//3038 3187//3187 3035//3035
f 3038//3038 3189//3189 3187//3187
f 3192//3192 3191//3191 3190//3190
f 3194//3194 3193//3193 3190//3190
f 3190//3190 3193//3193 3192//3192
f 3196//3196 3195//3195 3194//3194
f 3194//3194 3195//3195 3193//3193
f 3198//3198 3197//3197 3196//3196
f 3196//3196 3197//3197 3195//3195
f 3198//3198 3199//3199 3197//3197
f 3201//3201 3039//3039 3200//3200
f 3039//3039 3188//3188 3200//3200
f 3039//3039 3037//3037 3188//3188
f 3202//3202 3201//3201 3200//3200
f 3040//3040 3189//3189 3038//3038
f 3040//3040 3203//3203 3189//3189
f 3191//3191 3204//3204 3190//3190
f 3190//3190 3204//3204 3194//3194
f 3194//3194 3204//3204 3205//3205
f 3194//3194 3205//3205 3196//3196
f 3196//3196 3205//3205 3206//3206
f 3196//3196 3206//3206 3198//3198
f 3198//3198 3206//3206 3207//3207
f 3198//3198 3207//3207 3199//3199
f 3208//3208 3041//3041 3201//3201
f 3201//3201 3041//3041 3039//3039
f 3201//3201 3202//3202 3209//3209
f 3201//3201 3209//3209 3208//3208
f 3042//3042 3203//3203 3040//3040
f 3042//3042 3210//3210 3203//3203
f 3211//3211 3043//3043 3208//3208
f 3208//3208 3043//3043 3041//3041
f 3208//3208 3209//3209 3212//3212
f 3208//3208 3212//3212 3211//3211
f 3044//3044 3210//3210 3042//3042
f 3044//3044 3213//3213 3210//3210
f 3215//3215 3214//3214 3211//3211
f 3214//3214 3043//3043 3211//3211
f 3214//3214 3046//3046 3043//3043
f 3215//3215 3211//3211 3212//3212
f 3047//3047 3213//3213 3044//3044
f 3047//3047 3216//3216 3213//3213
f 3214//3214 3049//3049 3046//3046
f 3217//3217 3049//3049 3214//3214
f 3050//3050 3216//3216 3047//3047
f 3050//3050 3218//3218 3216//3216
f 3217//3217 3052//3052 3049//3049
f 3219//3219 3052//3052 3217//3217
f 3054//3054 3218//3218 3050//3050
f 3054//3054 3220//3220 3218//3218
f 3221//3221 3055//3055 3056//3056
f 3222//3222 3221//3221 3056//3056
f 3052//3052 3222//3222 3056//3056
f 3219//3219 3222//3222 3052//3052
f 3058//3058 3220//3220 3054//3054
f 3058//3058 3223//3223 3220//3220
f 3224//3224 3060//3060 3221//3221
f 3221//3221 3060//3060 3055//3055
f 3221//3221 3222//3222 3225//3225
f 3221//3221 3225//3225 3224//3224
f 3226//3226 3223//3223 3058//3058
f 3226//3226 3058//3058 3061//3061
f 3227//3227 3061//3061 3062//3062
f 3227//3227 3226//3226 3061//3061
f 3228//3228 3062//3062 3063//3063
f 3228//3228 3227//3227 3062//3062
f 3229//3229 3063//3063 3064//3064
f 3229//3229 3228//3228 3063//3063
f 3230//3230 3064//3064 3065//3065
f 3230//3230 3229//3229 3064//3064
f 3231//3231 3065//3065 3066//3066
f 3231//3231 3230//3230 3065//3065
f 3232//3232 3066//3066 3067//3067
f 3232//3232 3231//3231 3066//3066
f 3233//3233 3067//3067 3068//3068
f 3233//3233 3232//3232 3067//3067
f 3234//3234 3068//3068 3069//3069
f 3234//3234 3233//3233 3068//3068
f 3235//3235 3069//3069 3070//3070
f 3235//3235 3234//3234 3069//3069
f 3236//3236 3070//3070 3071//3071
f 3236//3236 3235//3235 3070//3070
f 3237//3237 3071//3071 3072//3072
f 3237//3237 3236//3236 3071//3071
f 3238//3238 3072//3072 3073//3073
f 3238//3238 3237//3237 3072//3072
f 3239//3239 3073//3073 3074//3074
f 3239//3239 3238//3238 3073//3073
f 3240//3240 3074//3074 3075//3075
f 3240//3240 3239//3239 3074//3074
f 3241//3241 3075//3075 3076//3076
f 3241//3241 3240//3240 3075//3075
f 3242//3242 3076//3076 3077//3077
f 3242//3242 3241//3241 3076//3076
f 3243//3243 3077//3077 3078//3078
f 3243//3243 3242//3242 3077//3077
f 3078//3078 3060//3060 3224//3224
f 3244//3244 3078//3078 3224//3224
f 3243//3243 3078//3078 3244//3244
f 3244//3244 3224//3224 3225//3225
f 3085//3085 3245//3245 3086//3086
f 3246//3246 3087//3087 3086//3086
f 3246//3246 3086//3086 3245//3245
f 3247//3247 3088//3088 3087//3087
f 3247//3247 3087//3087 3246//3246
f 3248//3248 3089//3089 3088//3088
f 3248//3248 3088//3088 3247//3247
f 3248//3248 3091//3091 3089//3089
f 3093//3093 3249//3249 3094//3094
f 3250//3250 3095//3095 3094//3094
f 3250//3250 3094//3094 3249//3249
f 3250//3250 3251//3251 3095//3095
f 3095//3095 3251//3251 3085//3085
f 3251//3251 3252//3252 3085//3085
f 3252//3252 3245//3245 3085//3085
f 3245//3245 3252//3252 3246//3246
f 3246//3246 3252//3252 3253//3253
f 3246//3246 3253//3253 3247//3247
f 3247//3247 3253//3253 3254//3254
f 3247//3247 3254//3254 3248//3248
f 3248//3248 3254//3254 3255//3255
f 3255//3255 3257//3257 3256//3256
f 3255//3255 3256//3256 3096//3096
f 3248//3248 3255//3255 3096//3096
f 3091//3091 3248//3248 3096//3096
f 3256//3256 3098//3098 3096//3096
f 3100//3100 3258//3258 3099//3099
f 3258//3258 3259//3259 3099//3099
f 3099//3099 3259//3259 3093//3093
f 3259//3259 3260//3260 3093//3093
f 3260//3260 3249//3249 3093//3093
f 3249//3249 3260//3260 3250//3250
f 3250//3250 3260//3260 3261//3261
f 3250//3250 3261//3261 3251//3251
f 3257//3257 3262//3262 3256//3256
f 3262//3262 3264//3264 3263//3263
f 3262//3262 3263//3263 3101//3101
f 3256//3256 3262//3262 3101//3101
f 3098//3098 3256//3256 3101//3101
f 3263//3263 3103//3103 3101//3101
f 3266//3266 3265//3265 3258//3258
f 3100//3100 3266//3266 3258//3258
f 3104//3104 3266//3266 3100//3100
f 3258//3258 3265//3265 3259//3259
f 3264//3264 3267//3267 3263//3263
f 3267//3267 3269//3269 3268//3268
f 3267//3267 3268//3268 3105//3105
f 3263//3263 3267//3267 3105//3105
f 3103//3103 3263//3263 3105//3105
f 3268//3268 3107//3107 3105//3105
f 3108//3108 3271//3271 3270//3270
f 3266//3266 3108//3108 3270//3270
f 3104//3104 3108//3108 3266//3266
f 3271//3271 3272//3272 3270//3270
f 3269//3269 3273//3273 3268//3268
f 3273//3273 3275//3275 3274//3274
f 3273//3273 3274//3274 3109//3109
f 3268//3268 3273//3273 3109//3109
f 3107//3107 3268//3268 3109//3109
f 3274//3274 3110//3110 3109//3109
f 3111//3111 3271//3271 3108//3108
f 3111//3111 3112//3112 3271//3271
f 3112//3112 3272//3272 3271//3271
f 3112//3112 3276//3276 3272//3272
f 3275//3275 3277//3277 3274//3274
f 3110//3110 3274//3274 3277//3277
f 3278//3278 3110//3110 3277//3277
f 3113//3113 3110//3110 3278//3278
f 3114//3114 3276//3276 3112//3112
f 3114//3114 3279//3279 3276//3276
f 3115//3115 3113//3113 3280//3280
f 3113//3113 3281//3281 3280//3280
f 3113//3113 3278//3278 3281//3281
f 3280//3280 3116//3116 3115//3115
f 3117//3117 3279//3279 3114//3114
f 3117//3117 3282//3282 3279//3279
f 3281//3281 3283//3283 3280//3280
f 3116//3116 3280//3280 3283//3283
f 3284//3284 3116//3116 3283//3283
f 3118//3118 3116//3116 3284//3284
f 3119//3119 3282//3282 3117//3117
f 3119//3119 3285//3285 3282//3282
f 3284//3284 3120//3120 3118//3118
f 3286//3286 3120//3120 3284//3284
f 3121//3121 3285//3285 3119//3119
f 3121//3121 3287//3287 3285//3285
f 3286//3286 3288//3288 3120//3120
f 3120//3120 3288//3288 3122//3122
f 3123//3123 3122//3122 3288//3288
f 3123//3123 3288//3288 3289//3289
f 3124//3124 3287//3287 3121//3121
f 3124//3124 3290//3290 3287//3287
f 3289//3289 3125//3125 3123//3123
f 3291//3291 3125//3125 3289//3289
f 3126//3126 3290//3290 3124//3124
f 3126//3126 3292//3292 3290//3290
f 3291//3291 3127//3127 3125//3125
f 3293//3293 3127//3127 3291//3291
f 3128//3128 3292//3292 3126//3126
f 3128//3128 3294//3294 3292//3292
f 3293//3293 3129//3129 3127//3127
f 3295//3295 3129//3129 3293//3293
f 3130//3130 3294//3294 3128//3128
f 3130//3130 3296//3296 3294//3294
f 3295//3295 3131//3131 3129//3129
f 3297//3297 3131//3131 3295//3295
f 3132//3132 3296//3296 3130//3130
f 3132//3132 3298//3298 3296//3296
f 3300//3300 3133//3133 3299//3299
f 3133//3133 3297//3297 3299//3299
f 3133//3133 3131//3131 3297//3297
f 3301//3301 3300//3300 3299//3299
f 3134//3134 3298//3298 3132//3132
f 3134//3134 3302//3302 3298//3298
f 3303//3303 3135//3135 3300//3300
f 3300//3300 3135//3135 3133//3133
f 3300//3300 3301//3301 3304//3304
f 3300//3300 3304//3304 3303//3303
f 3136//3136 3302//3302 3134//3134
f 3136//3136 3305//3305 3302//3302
f 3303//3303 3137//3137 3135//3135
f 3139//3139 3137//3137 3303//3303
f 3304//3304 3139//3139 3303//3303
f 3306//3306 3139//3139 3304//3304
f 3140//3140 3305//3305 3136//3136
f 3140//3140 3307//3307 3305//3305
f 3306//3306 3142//3142 3139//3139
f 3308//3308 3142//3142 3306//3306
f 3143//3143 3307//3307 3140//3140
f 3143//3143 3309//3309 3307//3307
f 3311//3311 3145//3145 3310//3310
f 3145//3145 3308//3308 3310//3310
f 3145//3145 3142//3142 3308//3308
f 3312//3312 3311//3311 3310//3310
f 3146//3146 3309//3309 3143//3143
f 3146//3146 3313//3313 3309//3309
f 3314//3314 3147//3147 3311//3311
f 3311//3311 3147//3147 3145//3145
f 3311//3311 3312//3312 3315//3315
f 3311//3311 3315//3315 3314//3314
f 3148//3148 3313//3313 3146//3146
f 3148//3148 3316//3316 3313//3313
f 3314//3314 3149//3149 3147//3147
f 3151//3151 3149//3149 3314//3314
f 3315//3315 3151//3151 3314//3314
f 3317//3317 3151//3151 3315//3315
f 3152//3152 3316//3316 3148//3148
f 3152//3152 3318//3318 3316//3316
f 3320//3320 3153//3153 3319//3319
f 3153//3153 3317//3317 3319//3319
f 3153//3153 3151//3151 3317//3317
f 3321//3321 3320//3320 3319//3319
f 3154//3154 3318//3318 3152//3152
f 3154//3154 3322//3322 3318//3318
f 3320//3320 3155//3155 3153//3153
f 3157//3157 3155//3155 3320//3320
f 3321//3321 3157//3157 3320//3320
f 3323//3323 3157//3157 3321//3321
f 3325//3325 3324//3324 3159//3159
f 3325//3325 3159//3159 3160//3160
f 3154//3154 3159//3159 3322//3322
f 3322//3322 3159//3159 3324//3324
f 3327//3327 3161//3161 3326//3326
f 3161//3161 3323//3323 3326//3326
f 3161//3161 3157//3157 3323//3323
f 3328//3328 3327//3327 3326//3326
f 3162//3162 3325//3325 3160//3160
f 3162//3162 3329//3329 3325//3325
f 3327//3327 3163//3163 3161//3161
f 3165//3165 3163//3163 3327//3327
f 3328//3328 3165//3165 3327//3327
f 3330//3330 3165//3165 3328//3328
f 3166//3166 3329//3329 3162//3162
f 3166//3166 3331//3331 3329//3329
f 3333//3333 3167//3167 3332//3332
f 3167//3167 3330//3330 3332//3332
f 3167//3167 3165//3165 3330//3330
f 3334//3334 3333//3333 3332//3332
f 3168//3168 3331//3331 3166//3166
f 3168//3168 3335//3335 3331//3331
f 3333//3333 3169//3169 3167//3167
f 3171//3171 3169//3169 3333//3333
f 3334//3334 3171//3171 3333//3333
f 3336//3336 3171//3171 3334//3334
f 3172//3172 3335//3335 3168//3168
f 3172//3172 3337//3337 3335//3335
f 3339//3339 3173//3173 3338//3338
f 3173//3173 3336//3336 3338//3338
f 3173//3173 3171//3171 3336//3336
f 3340//3340 3339//3339 3338//3338
f 3174//3174 3337//3337 3172//3172
f 3174//3174 3341//3341 3337//3337
f 3342//3342 3175//3175 3339//3339
f 3339//3339 3175//3175 3173//3173
f 3339//3339 3340//3340 3343//3343
f 3339//3339 3343//3343 3342//3342
f 3176//3176 3341//3341 3174//3174
f 3176//3176 3344//3344 3341//3341
f 3342//3342 3177//3177 3175//3175
f 3179//3179 3177//3177 3342//3342
f 3343//3343 3179//3179 3342//3342
f 3345//3345 3179//3179 3343//3343
f 3180//3180 3344//3344 3176//3176
f 3180//3180 3346//3346 3344//3344
f 3345//3345 3182//3182 3179//3179
f 3347//3347 3182//3182 3345//3345
f 3183//3183 3346//3346 3180//3180
f 3183//3183 3348//3348 3346//3346
f 3350//3350 3184//3184 3349//3349
f 3184//3184 3347//3347 3349//3349
f 3184//3184 3182//3182 3347//3347
f 3351//3351 3350//3350 3349//3349
f 3185//3185 3348//3348 3183//3183
f 3185//3185 3352//3352 3348//3348
f 3353//3353 3186//3186 3350//3350
f 3350//3350 3186//3186 3184//3184
f 3350//3350 3351//3351 3354//3354
f 3350//3350 3354//3354 3353//3353
f 3187//3187 3352//3352 3185//3185
f 3187//3187 3355//3355 3352//3352
f 3356//3356 3188//3188 3353//3353
f 3353//3353 3188//3188 3186//3186
f 3353//3353 3354//3354 3357//3357
f 3353//3353 3357//3357 3356//3356
f 3189//3189 3355//3355 3187//3187
f 3189//3189 3358//3358 3355//3355
f 3359//3359 3191//3191 3192//3192
f 3193//3193 3360//3360 3192//3192
f 3192//3192 3360//3360 3359//3359
f 3195//3195 3361//3361 3193//3193
f 3193//3193 3361//3361 3360//3360
f 3197//3197 3362//3362 3195//3195
f 3195//3195 3362//3362 3361//3361
f 3199//3199 3362//3362 3197//3197
f 3356//3356 3200//3200 3188//3188
f 3202//3202 3200//3200 3356//3356
f 3357//3357 3202//3202 3356//3356
f 3363//3363 3202//3202 3357//3357
f 3203//3203 3358//3358 3189//3189
f 3203//3203 3364//3364 3358//3358
f 3359//3359 3204//3204 3191//3191
f 3204//3204 3359//3359 3205//3205
f 3205//3205 3359//3359 3360//3360
f 3205//3205 3360//3360 3206//3206
f 3206//3206 3360//3360 3361//3361
f 3206//3206 3361//3361 3207//3207
f 3207//3207 3361//3361 3362//3362
f 3207//3207 3362//3362 3199//3199
f 3363//3363 3209//3209 3202//3202
f 3365//3365 3209//3209 3363//3363
f 3210//3210 3364//3364 3203//3203
f 3210//3210 3366//3366 3364//3364
f 3365//3365 3212//3212 3209//3209
f 3367//3367 3212//3212 3365//3365
f 3213//3213 3366//3366 3210//3210
f 3213//3213 3368//3368 3366//3366
f 3369//3369 3214//3214 3215//3215
f 3370//3370 3369//3369 3215//3215
f 3212//3212 3370//3370 3215//3215
f 3367//3367 3370//3370 3212//3212
f 3216//3216 3368//3368 3213//3213
f 3216//3216 3371//3371 3368//3368
f 3372//3372 3217//3217 3369//3369
f 3369//3369 3217//3217 3214//3214
f 3369//3369 3370//3370 3373//3373
f 3369//3369 3373//3373 3372//3372
f 3218//3218 3371//3371 3216//3216
f 3218//3218 3374//3374 3371//3371
f 3376//3376 3375//3375 3372//3372
f 3375//3375 3217//3217 3372//3372
f 3375//3375 3219//3219 3217//3217
f 3376//3376 3372//3372 3373//3373
f 3220//3220 3374//3374 3218//3218
f 3220//3220 3377//3377 3374//3374
f 3375//3375 3222//3222 3219//3219
f 3378//3378 3222//3222 3375//3375
f 3223//3223 3377//3377 3220//3220
f 3223//3223 3379//3379 3377//3377
f 3378//3378 3225//3225 3222//3222
f 3380//3380 3225//3225 3378//3378
f 3381//3381 3379//3379 3223//3223
f 3381//3381 3223//3223 3226//3226
f 3382//3382 3226//3226 3227//3227
f 3382//3382 3381//3381 3226//3226
f 3383//3383 3227//3227 3228//3228
f 3383//3383 3382//3382 3227//3227
f 3384//3384 3228//3228 3229//3229
f 3384//3384 3383//3383 3228//3228
f 3385//3385 3229//3229 3230//3230
f 3385//3385 3384//3384 3229//3229
f 3386//3386 3230//3230 3231//3231
f 3386//3386 3385//3385 3230//3230
f 3387//3387 3231//3231 3232//3232
f 3387//3387 3386//3386 3231//3231
f 3388//3388 3232//3232 3233//3233
f 3388//3388 3387//3387 3232//3232
f 3389//3389 3233//3233 3234//3234
f 3389//3389 3388//3388 3233//3233
f 3390//3390 3234//3234 3235//3235
f 3390//3390 3389//3389 3234//3234
f 3391//3391 3235//3235 3236//3236
f 3391//3391 3390//3390 3235//3235
f 3392//3392 3236//3236 3237//3237
f 3392//3392 3391//3391 3236//3236
f 3393//3393 3237//3237 3238//3238
f 3393//3393 3392//3392 3237//3237
f 3394//3394 3238//3238 3239//3239
f 3394//3394 3393//3393 3238//3238
f 3395//3395 3239//3239 3240//3240
f 3395//3395 3394//3394 3239//3239
f 3396//3396 3240//3240 3241//3241
f 3396//3396 3395//3395 3240//3240
f 3397//3397 3241//3241 3242//3242
f 3397//3397 3396//3396 3241//3241
f 3398//3398 3242//3242 3243//3243
f 3398//3398 3397//3397 3242//3242
f 3399//3399 3243//3243 3244//3244
f 3399//3399 3398//3398 3243//3243
f 3244//3244 3225//3225 3380//3380
f 3244//3244 3380//3380 3399//3399
f 3251//3251 3400//3400 3252//3252
f 3401//3401 3253//3253 3252//3252
f 3401//3401 3252//3252 3400//3400
f 3402//3402 3254//3254 3253//3253
f 3402//3402 3253//3253 3401//3401
f 3403//3403 3255//3255 3254//3254
f 3403//3403 3254//3254 3402//3402
f 3403//3403 3257//3257 3255//3255
f 3259//3259 3404//3404 3260//3260
f 3405//3405 3261//3261 3260//3260
f 3405//3405 3260//3260 3404//3404
f 3405//3405 3406//3406 3261//3261
f 3261//3261 3406//3406 3251//3251
f 3406//3406 3407//3407 3251//3251
f 3407//3407 3400//3400 3251//3251
f 3400//3400 3407//3407 3401//3401
f 3401//3401 3407//3407 3408//3408
f 3401//3401 3408//3408 3402//3402
f 3402//3402 3408//3408 3409//3409
f 3411//3411 3410//3410 3409//3409
f 3410//3410 3402//3402 3409//3409
f 3410//3410 3403//3403 3402//3402
f 3412//3412 3262//3262 3257//3257
f 3403//3403 3412//3412 3257//3257
f 3410//3410 3412//3412 3403//3403
f 3412//3412 3264//3264 3262//3262
f 3266//3266 3413//3413 3265//3265
f 3404//3404 3259//3259 3265//3265
f 3413//3413 3404//3404 3265//3265
f 3414//3414 3404//3404 3413//3413
f 3416//3416 3405//3405 3415//3415
f 3405//3405 3414//3414 3415//3415
f 3405//3405 3404//3404 3414//3414
f 3405//3405 3416//3416 3406//3406
f 3411//3411 3417//3417 3410//3410
f 3410//3410 3417//3417 3412//3412
f 3412//3412 3417//3417 3418//3418
f 3418//3418 3420//3420 3419//3419
f 3418//3418 3419//3419 3267//3267
f 3412//3412 3418//3418 3267//3267
f 3264//3264 3412//3412 3267//3267
f 3419//3419 3269//3269 3267//3267
f 3270//3270 3413//3413 3266//3266
f 3414//3414 3413//3413 3421//3421
f 3413//3413 3272//3272 3421//3421
f 3272//3272 3422//3422 3421//3421
f 3272//3272 3413//3413 3270//3270
f 3414//3414 3421//3421 3415//3415
f 3420//3420 3423//3423 3419//3419
f 3423//3423 3425//3425 3424//3424
f 3423//3423 3424//3424 3273//3273
f 3419//3419 3423//3423 3273//3273
f 3269//3269 3419//3419 3273//3273
f 3424//3424 3275//3275 3273//3273
f 3276//3276 3422//3422 3272//3272
f 3276//3276 3426//3426 3422//3422
f 3425//3425 3427//3427 3424//3424
f 3427//3427 3429//3429 3428//3428
f 3427//3427 3428//3428 3277//3277
f 3424//3424 3427//3427 3277//3277
f 3275//3275 3424//3424 3277//3277
f 3428//3428 3278//3278 3277//3277
f 3279//3279 3426//3426 3276//3276
f 3279//3279 3430//3430 3426//3426
f 3429//3429 3431//3431 3428//3428
f 3278//3278 3428//3428 3431//3431
f 3432//3432 3278//3278 3431//3431
f 3281//3281 3278//3278 3432//3432
f 3282//3282 3430//3430 3279//3279
f 3282//3282 3433//3433 3430//3430
f 3283//3283 3281//3281 3434//3434
f 3281//3281 3435//3435 3434//3434
f 3281//3281 3432//3432 3435//3435
f 3434//3434 3284//3284 3283//3283
f 3285//3285 3433//3433 3282//3282
f 3285//3285 3436//3436 3433//3433
f 3435//3435 3437//3437 3434//3434
f 3284//3284 3434//3434 3437//3437
f 3438//3438 3284//3284 3437//3437
f 3286//3286 3284//3284 3438//3438
f 3287//3287 3436//3436 3285//3285
f 3287//3287 3439//3439 3436//3436
f 3288//3288 3286//3286 3440//3440
f 3286//3286 3441//3441 3440//3440
f 3286//3286 3438//3438 3441//3441
f 3440//3440 3289//3289 3288//3288
f 3290//3290 3439//3439 3287//3287
f 3290//3290 3442//3442 3439//3439
f 3441//3441 3443//3443 3440//3440
f 3289//3289 3440//3440 3443//3443
f 3444//3444 3289//3289 3443//3443
f 3291//3291 3289//3289 3444//3444
f 3292//3292 3442//3442 3290//3290
f 3292//3292 3445//3445 3442//3442
f 3444//3444 3293//3293 3291//3291
f 3446//3446 3293//3293 3444//3444
f 3294//3294 3445//3445 3292//3292
f 3294//3294 3447//3447 3445//3445
f 3446//3446 3295//3295 3293//3293
f 3448//3448 3295//3295 3446//3446
f 3296//3296 3447//3447 3294//3294
f 3296//3296 3449//3449 3447//3447
f 3451//3451 3297//3297 3450//3450
f 3297//3297 3448//3448 3450//3450
f 3297//3297 3295//3295 3448//3448
f 3452//3452 3451//3451 3450//3450
f 3298//3298 3449//3449 3296//3296
f 3298//3298 3453//3453 3449//3449
f 3451//3451 3299//3299 3297//3297
f 3301//3301 3299//3299 3451//3451
f 3452//3452 3301//3301 3451//3451
f 3454//3454 3301//3301 3452//3452
f 3302//3302 3453//3453 3298//3298
f 3302//3302 3455//3455 3453//3453
f 3454//3454 3304//3304 3301//3301
f 3456//3456 3304//3304 3454//3454
f 3305//3305 3455//3455 3302//3302
f 3305//3305 3457//3457 3455//3455
f 3456//3456 3306//3306 3304//3304
f 3458//3458 3306//3306 3456//3456
f 3307//3307 3457//3457 3305//3305
f 3307//3307 3459//3459 3457//3457
f 3461//3461 3308//3308 3460//3460
f 3308//3308 3458//3458 3460//3460
f 3308//3308 3306//3306 3458//3458
f 3462//3462 3461//3461 3460//3460
f 3309//3309 3459//3459 3307//3307
f 3309//3309 3463//3463 3459//3459
f 3461//3461 3310//3310 3308//3308
f 3312//3312 3310//3310 3461//3461
f 3462//3462 3312//3312 3461//3461
f 3464//3464 3312//3312 3462//3462
f 3313//3313 3463//3463 3309//3309
f 3313//3313 3465//3465 3463//3463
f 3464//3464 3315//3315 3312//3312
f 3466//3466 3315//3315 3464//3464
f 3316//3316 3465//3465 3313//3313
f 3316//3316 3467//3467 3465//3465
f 3469//3469 3317//3317 3468//3468
f 3317//3317 3466//3466 3468//3468
f 3317//3317 3315//3315 3466//3466
f 3470//3470 3469//3469 3468//3468
f 3318//3318 3467//3467 3316//3316
f 3318//3318 3471//3471 3467//3467
f 3469//3469 3319//3319 3317//3317
f 3321//3321 3319//3319 3469//3469
f 3470//3470 3321//3321 3469//3469
f 3472//3472 3321//3321 3470//3470
f 3475//3475 3474//3474 3473//3473
f 3474//3474 3471//3471 3473//3473
f 3471//3471 3322//3322 3473//3473
f 3471//3471 3318//3318 3322//3322
f 3472//3472 3323//3323 3321//3321
f 3476//3476 3323//3323 3472//3472
f 3475//3475 3473//3473 3324//3324
f 3325//3325 3475//3475 3324//3324
f 3477//3477 3475//3475 3325//3325
f 3324//3324 3473//3473 3322//3322
f 3476//3476 3478//3478 3323//3323
f 3323//3323 3478//3478 3326//3326
f 3328//3328 3326//3326 3478//3478
f 3328//3328 3478//3478 3479//3479
f 3329//3329 3477//3477 3325//3325
f 3329//3329 3480//3480 3477//3477
f 3479//3479 3330//3330 3328//3328
f 3481//3481 3330//3330 3479//3479
f 3331//3331 3480//3480 3329//3329
f 3331//3331 3482//3482 3480//3480
f 3481//3481 3483//3483 3330//3330
f 3330//3330 3483//3483 3332//3332
f 3334//3334 3332//3332 3483//3483
f 3334//3334 3483//3483 3484//3484
f 3335//3335 3482//3482 3331//3331
f 3335//3335 3485//3485 3482//3482
f 3484//3484 3336//3336 3334//3334
f 3486//3486 3336//3336 3484//3484
f 3337//3337 3485//3485 3335//3335
f 3337//3337 3487//3487 3485//3485
f 3486//3486 3488//3488 3336//3336
f 3336//3336 3488//3488 3338//3338
f 3340//3340 3338//3338 3488//3488
f 3340//3340 3488//3488 3489//3489
f 3341//3341 3487//3487 3337//3337
f 3341//3341 3490//3490 3487//3487
f 3489//3489 3343//3343 3340//3340
f 3491//3491 3343//3343 3489//3489
f 3344//3344 3490//3490 3341//3341
f 3344//3344 3492//3492 3490//3490
f 3494//3494 3345//3345 3493//3493
f 3345//3345 3491//3491 3493//3493
f 3345//3345 3343//3343 3491//3491
f 3495//3495 3494//3494 3493//3493
f 3346//3346 3492//3492 3344//3344
f 3346//3346 3496//3496 3492//3492
f 3497//3497 3347//3347 3494//3494
f 3494//3494 3347//3347 3345//3345
f 3494//3494 3495//3495 3498//3498
f 3494//3494 3498//3498 3497//3497
f 3348//3348 3496//3496 3346//3346
f 3348//3348 3499//3499 3496//3496
f 3497//3497 3349//3349 3347//3347
f 3351//3351 3349//3349 3497//3497
f 3498//3498 3351//3351 3497//3497
f 3500//3500 3351//3351 3498//3498
f 3352//3352 3499//3499 3348//3348
f 3352//3352 3501//3501 3499//3499
f 3500//3500 3354//3354 3351//3351
f 3502//3502 3354//3354 3500//3500
f 3355//3355 3501//3501 3352//3352
f 3355//3355 3503//3503 3501//3501
f 3502//3502 3357//3357 3354//3354
f 3504//3504 3357//3357 3502//3502
f 3358//3358 3503//3503 3355//3355
f 3358//3358 3505//3505 3503//3503
f 3504//3504 3363//3363 3357//3357
f 3506//3506 3363//3363 3504//3504
f 3364//3364 3505//3505 3358//3358
f 3364//3364 3507//3507 3505//3505
f 3506//3506 3365//3365 3363//3363
f 3508//3508 3365//3365 3506//3506
f 3366//3366 3507//3507 3364//3364
f 3366//3366 3509//3509 3507//3507
f 3508//3508 3367//3367 3365//3365
f 3510//3510 3367//3367 3508//3508
f 3368//3368 3509//3509 3366//3366
f 3368//3368 3511//3511 3509//3509
f 3510//3510 3370//3370 3367//3367
f 3512//3512 3370//3370 3510//3510
f 3371//3371 3511//3511 3368//3368
f 3371//3371 3513//3513 3511//3511
f 3512//3512 3373//3373 3370//3370
f 3514//3514 3373//3373 3512//3512
f 3374//3374 3513//3513 3371//3371
f 3374//3374 3515//3515 3513//3513
f 3516//3516 3375//3375 3376//3376
f 3517//3517 3516//3516 3376//3376
f 3373//3373 3517//3517 3376//3376
f 3514//3514 3517//3517 3373//3373
f 3377//3377 3515//3515 3374//3374
f 3377//3377 3518//3518 3515//3515
f 3519//3519 3378//3378 3516//3516
f 3516//3516 3378//3378 3375//3375
f 3516//3516 3517//3517 3520//3520
f 3516//3516 3520//3520 3519//3519
f 3379//3379 3518//3518 3377//3377
f 3379//3379 3521//3521 3518//3518
f 3523//3523 3522//3522 3519//3519
f 3522//3522 3378//3378 3519//3519
f 3522//3522 3380//3380 3378//3378
f 3523//3523 3519//3519 3520//3520
f 3524//3524 3521//3521 3379//3379
f 3524//3524 3379//3379 3381//3381
f 3525//3525 3381//3381 3382//3382
f 3525//3525 3524//3524 3381//3381
f 3526//3526 3382//3382 3383//3383
f 3526//3526 3525//3525 3382//3382
f 3527//3527 3383//3383 3384//3384
f 3527//3527 3526//3526 3383//3383
f 3528//3528 3384//3384 3385//3385
f 3528//3528 3527//3527 3384//3384
f 3529//3529 3385//3385 3386//3386
f 3529//3529 3528//3528 3385//3385
f 3530//3530 3386//3386 3387//3387
f 3530//3530 3529//3529 3386//3386
f 3531//3531 3387//3387 3388//3388
f 3531//3531 3530//3530 3387//3387
f 3532//3532 3388//3388 3389//3389
f 3532//3532 3531//3531 3388//3388
f 3533//3533 3389//3389 3390//3390
f 3533//3533 3532//3532 3389//3389
f 3534//3534 3390//3390 3391//3391
f 3534//3534 3533//3533 3390//3390
f 3535//3535 3391//3391 3392//3392
f 3535//3535 3534//3534 3391//3391
f 3536//3536 3392//3392 3393//3393
f 3536//3536 3535//3535 3392//3392
f 3537//3537 3393//3393 3394//3394
f 3537//3537 3536//3536 3393//3393
f 3538//3538 3394//3394 3395//3395
f 3538//3538 3537//3537 3394//3394
f 3539//3539 3395//3395 3396//3396
f 3539//3539 3538//3538 3395//3395
f 3540//3540 3396//3396 3397//3397
f 3540//3540 3539//3539 3396//3396
f 3541//3541 3397//3397 3398//3398
f 3541//3541 3540//3540 3397//3397
f 3542//3542 3398//3398 3399//3399
f 3542//3542 3541//3541 3398//3398
f 3399//3399 3380//3380 3522//3522
f 3399//3399 3522//3522 3542//3542
f 3406//3406 3543//3543 3407//3407
f 3544//3544 3408//3408 3407//3407
f 3544//3544 3407//3407 3543//3543
f 3545//3545 3409//3409 3408//3408
f 3545//3545 3408//3408 3544//3544
f 3545//3545 3411//3411 3409//3409
f 3415//3415 3546//3546 3416//3416
f 3543//3543 3406//3406 3416//3416
f 3546//3546 3543//3543 3416//3416
f 3547//3547 3543//3543 3546//3546
f 3543//3543 3548//3548 3544//3544
f 3543//3543 3547//3547 3548//3548
f 3544//3544 3549//3549 3545//3545
f 3544//3544 3548//3548 3549//3549
f 3550//3550 3417//3417 3411//3411
f 3545//3545 3550//3550 3411//3411
f 3549//3549 3550//3550 3545//3545
f 3551//3551 3418//3418 3417//3417
f 3551//3551 3417//3417 3550//3550
f 3551//3551 3420//3420 3418//3418
f 3422//3422 3552//3552 3421//3421
f 3552//3552 3553//3553 3421//3421
f 3421//3421 3553//3553 3415//3415
f 3553//3553 3554//3554 3415//3415
f 3554//3554 3546//3546 3415//3415
f 3546//3546 3554//3554 3547//3547
f 3547//3547 3554//3554 3555//3555
f 3547//3547 3555//3555 3548//3548
f 3548//3548 3555//3555 3556//3556
f 3548//3548 3556//3556 3549//3549
f 3549//3549 3556//3556 3557//3557
f 3549//3549 3557//3557 3550//3550
f 3550//3550 3557//3557 3558//3558
f 3550//3550 3558//3558 3551//3551
f 3551//3551 3558//3558 3559//3559
f 3559//3559 3561//3561 3560//3560
f 3559//3559 3560//3560 3423//3423
f 3551//3551 3559//3559 3423//3423
f 3420//3420 3551//3551 3423//3423
f 3560//3560 3425//3425 3423//3423
f 3563//3563 3562//3562 3552//3552
f 3422//3422 3563//3563 3552//3552
f 3426//3426 3563//3563 3422//3422
f 3552//3552 3562//3562 3553//3553
f 3561//3561 3564//3564 3560//3560
f 3564//3564 3566//3566 3565//3565
f 3564//3564 3565//3565 3427//3427
f 3560//3560 3564//3564 3427//3427
f 3425//3425 3560//3560 3427//3427
f 3565//3565 3429//3429 3427//3427
f 3430//3430 3563//3563 3426//3426
f 3430//3430 3567//3567 3563//3563
f 3566//3566 3568//3568 3565//3565
f 3568//3568 3570//3570 3569//3569
f 3568//3568 3569//3569 3431//3431
f 3565//3565 3568//3568 3431//3431
f 3429//3429 3565//3565 3431//3431
f 3569//3569 3432//3432 3431//3431
f 3433//3433 3567//3567 3430//3430
f 3433//3433 3571//3571 3567//3567
f 3570//3570 3572//3572 3569//3569
f 3432//3432 3569//3569 3572//3572
f 3573//3573 3432//3432 3572//3572
f 3435//3435 3432//3432 3573//3573
f 3436//3436 3571//3571 3433//3433
f 3436//3436 3574//3574 3571//3571
f 3573//3573 3575//3575 3435//3435
f 3435//3435 3575//3575 3437//3437
f 3438//3438 3437//3437 3575//3575
f 3438//3438 3575//3575 3576//3576
f 3439//3439 3574//3574 3436//3436
f 3439//3439 3577//3577 3574//3574
f 3576//3576 3441//3441 3438//3438
f 3578//3578 3441//3441 3576//3576
f 3442//3442 3577//3577 3439//3439
f 3442//3442 3579//3579 3577//3577
f 3578//3578 3580//3580 3441//3441
f 3441//3441 3580//3580 3443//3443
f 3444//3444 3443//3443 3580//3580
f 3444//3444 3580//3580 3581//3581
f 3445//3445 3579//3579 3442//3442
f 3445//3445 3582//3582 3579//3579
f 3581//3581 3446//3446 3444//3444
f 3583//3583 3446//3446 3581//3581
f 3447//3447 3582//3582 3445//3445
f 3447//3447 3584//3584 3582//3582
f 3583//3583 3448//3448 3446//3446
f 3585//3585 3448//3448 3583//3583
f 3449//3449 3584//3584 3447//3447
f 3449//3449 3586//3586 3584//3584
f 3450//3450 3448//3448 3587//3587
f 3448//3448 3588//3588 3587//3587
f 3448//3448 3585//3585 3588//3588
f 3587//3587 3452//3452 3450//3450
f 3453//3453 3586//3586 3449//3449
f 3453//3453 3589//3589 3586//3586
f 3588//3588 3590//3590 3587//3587
f 3452//3452 3587//3587 3590//3590
f 3591//3591 3452//3452 3590//3590
f 3454//3454 3452//3452 3591//3591
f 3455//3455 3589//3589 3453//3453
f 3455//3455 3592//3592 3589//3589
f 3591//3591 3456//3456 3454//3454
f 3593//3593 3456//3456 3591//3591
f 3457//3457 3592//3592 3455//3455
f 3457//3457 3594//3594 3592//3592
f 3593//3593 3458//3458 3456//3456
f 3595//3595 3458//3458 3593//3593
f 3459//3459 3594//3594 3457//3457
f 3459//3459 3596//3596 3594//3594
f 3595//3595 3597//3597 3458//3458
f 3458//3458 3597//3597 3460//3460
f 3462//3462 3460//3460 3597//3597
f 3462//3462 3597//3597 3598//3598
f 3463//3463 3596//3596 3459//3459
f 3463//3463 3599//3599 3596//3596
f 3598//3598 3464//3464 3462//3462
f 3600//3600 3464//3464 3598//3598
f 3465//3465 3599//3599 3463//3463
f 3465//3465 3601//3601 3599//3599
f 3603//3603 3466//3466 3602//3602
f 3466//3466 3600//3600 3602//3602
f 3466//3466 3464//3464 3600//3600
f 3604//3604 3603//3603 3602//3602
f 3467//3467 3601//3601 3465//3465
f 3467//3467 3605//3605 3601//3601
f 3603//3603 3468//3468 3466//3466
f 3470//3470 3468//3468 3603//3603
f 3604//3604 3470//3470 3603//3603
f 3606//3606 3470//3470 3604//3604
f 3471//3471 3605//3605 3467//3467
f 3471//3471 3607//3607 3605//3605
f 3606//3606 3472//3472 3470//3470
f 3608//3608 3472//3472 3606//3606
f 3610//3610 3609//3609 3474//3474
f 3610//3610 3474//3474 3475//3475
f 3471//3471 3474//3474 3607//3607
f 3607//3607 3474//3474 3609//3609
f 3612//3612 3476//3476 3611//3611
f 3476//3476 3608//3608 3611//3611
f 3476//3476 3472//3472 3608//3608
f 3613//3613 3612//3612 3611//3611
f 3477//3477 3610//3610 3475//3475
f 3477//3477 3614//3614 3610//3610
f 3612//3612 3478//3478 3476//3476
f 3479//3479 3478//3478 3612//3612
f 3613//3613 3479//3479 3612//3612
f 3615//3615 3479//3479 3613//3613
f 3480//3480 3614//3614 3477//3477
f 3480//3480 3616//3616 3614//3614
f 3618//3618 3481//3481 3617//3617
f 3481//3481 3615//3615 3617//3617
f 3481//3481 3479//3479 3615//3615
f 3619//3619 3618//3618 3617//3617
f 3482//3482 3616//3616 3480//3480
f 3482//3482 3620//3620 3616//3616
f 3618//3618 3483//3483 3481//3481
f 3484//3484 3483//3483 3618//3618
f 3619//3619 3484//3484 3618//3618
f 3621//3621 3484//3484 3619//3619
f 3485//3485 3620//3620 3482//3482
f 3485//3485 3622//3622 3620//3620
f 3624//3624 3486//3486 3623//3623
f 3486//3486 3621//3621 3623//3623
f 3486//3486 3484//3484 3621//3621
f 3625//3625 3624//3624 3623//3623
f 3487//3487 3622//3622 3485//3485
f 3487//3487 3626//3626 3622//3622
f 3624//3624 3488//3488 3486//3486
f 3489//3489 3488//3488 3624//3624
f 3625//3625 3489//3489 3624//3624
f 3627//3627 3489//3489 3625//3625
f 3490//3490 3626//3626 3487//3487
f 3490//3490 3628//3628 3626//3626
f 3630//3630 3491//3491 3629//3629
f 3491//3491 3627//3627 3629//3629
f 3491//3491 3489//3489 3627//3627
f 3631//3631 3630//3630 3629//3629
f 3492//3492 3628//3628 3490//3490
f 3492//3492 3632//3632 3628//3628
f 3630//3630 3493//3493 3491//3491
f 3495//3495 3493//3493 3630//3630
f 3631//3631 3495//3495 3630//3630
f 3633//3633 3495//3495 3631//3631
f 3496//3496 3632//3632 3492//3492
f 3496//3496 3634//3634 3632//3632
f 3633//3633 3498//3498 3495//3495
f 3635//3635 3498//3498 3633//3633
f 3499//3499 3634//3634 3496//3496
f 3499//3499 3636//3636 3634//3634
f 3635//3635 3500//3500 3498//3498
f 3637//3637 3500//3500 3635//3635
f 3501//3501 3636//3636 3499//3499
f 3501//3501 3638//3638 3636//3636
f 3637//3637 3502//3502 3500//3500
f 3639//3639 3502//3502 3637//3637
f 3503//3503 3638//3638 3501//3501
f 3503//3503 3640//3640 3638//3638
f 3639//3639 3504//3504 3502//3502
f 3641//3641 3504//3504 3639//3639
f 3505//3505 3640//3640 3503//3503
f 3505//3505 3642//3642 3640//3640
f 3644//3644 3506//3506 3643//3643
f 3506//3506 3641//3641 3643//3643
f 3506//3506 3504//3504 3641//3641
f 3645//3645 3644//3644 3643//3643
f 3507//3507 3642//3642 3505//3505
f 3507//3507 3646//3646 3642//3642
f 3647//3647 3508//3508 3644//3644
f 3644//3644 3508//3508 3506//3506
f 3644//3644 3645//3645 3648//3648
f 3644//3644 3648//3648 3647//3647
f 3509//3509 3646//3646 3507//3507
f 3509//3509 3649//3649 3646//3646
f 3651//3651 3650//3650 3647//3647
f 3650//3650 3508//3508 3647//3647
f 3650//3650 3510//3510 3508//3508
f 3651//3651 3647//3647 3648//3648
f 3511//3511 3649//3649 3509//3509
f 3511//3511 3652//3652 3649//3649
f 3650//3650 3512//3512 3510//3510
f 3653//3653 3512//3512 3650//3650
f 3513//3513 3652//3652 3511//3511
f 3513//3513 3654//3654 3652//3652
f 3653//3653 3514//3514 3512//3512
f 3655//3655 3514//3514 3653//3653
f 3515//3515 3654//3654 3513//3513
f 3515//3515 3656//3656 3654//3654
f 3655//3655 3517//3517 3514//3514
f 3657//3657 3517//3517 3655//3655
f 3518//3518 3656//3656 3515//3515
f 3518//3518 3658//3658 3656//3656
f 3657//3657 3520//3520 3517//3517
f 3659//3659 3520//3520 3657//3657
f 3521//3521 3658//3658 3518//3518
f 3521//3521 3660//3660 3658//3658
f 3662//3662 3661//3661 3523//3523
f 3523//3523 3661//3661 3522//3522
f 3523//3523 3520//3520 3659//3659
f 3523//3523 3659//3659 3662//3662
f 3663//3663 3660//3660 3521//3521
f 3663//3663 3521//3521 3524//3524
f 3664//3664 3524//3524 3525//3525
f 3664//3664 3663//3663 3524//3524
f 3665//3665 3525//3525 3526//3526
f 3665//3665 3664//3664 3525//3525
f 3666//3666 3526//3526 3527//3527
f 3666//3666 3665//3665 3526//3526
f 3667//3667 3527//3527 3528//3528
f 3667//3667 3666//3666 3527//3527
f 3668//3668 3528//3528 3529//3529
f 3668//3668 3667//3667 3528//3528
f 3669//3669 3529//3529 3530//3530
f 3669//3669 3668//3668 3529//3529
f 3670//3670 3530//3530 3531//3531
f 3670//3670 3669//3669 3530//3530
f 3671//3671 3531//3531 3532//3532
f 3671//3671 3670//3670 3531//3531
f 3672//3672 3532//3532 3533//3533
f 3672//3672 3671//3671 3532//3532
f 3673//3673 3533//3533 3534//3534
f 3673//3673 3672//3672 3533//3533
f 3674//3674 3534//3534 3535//3535
f 3674//3674 3673//3673 3534//3534
f 3675//3675 3535//3535 3536//3536
f 3675//3675 3674//3674 3535//3535
f 3676//3676 3536//3536 3537//3537
f 3676//3676 3675//3675 3536//3536
f 3677//3677 3537//3537 3538//3538
f 3677//3677 3676//3676 3537//3537
f 3678//3678 3538//3538 3539//3539
f 3678//3678 3677//3677 3538//3538
f 3679//3679 3539//3539 3540//3540
f 3679//3679 3678//3678 3539//3539
f 3680//3680 3540//3540 3541//3541
f 3680//3680 3679//3679 3540//3540
f 3681//3681 3541//3541 3542//3542
f 3681//3681 3680//3680 3541//3541
f 3542//3542 3522//3522 3661//3661
f 3542//3542 3661//3661 3681//3681
f 3553//3553 3682//3682 3554//3554
f 3683//3683 3555//3555 3554//3554
f 3683//3683 3554//3554 3682//3682
f 3684//3684 3556//3556 3555//3555
f 3684//3684 3555//3555 3683//3683
f 3685//3685 3557//3557 3556//3556
f 3685//3685 3556//3556 3684//3684
f 3686//3686 3558//3558 3557//3557
f 3686//3686 3557//3557 3685//3685
f 3687//3687 3559//3559 3558//3558
f 3687//3687 3558//3558 3686//3686
f 3687//3687 3561//3561 3559//3559
f 3563//3563 3688//3688 3562//3562
f 3688//3688 3689//3689 3562//3562
f 3562//3562 3689//3689 3553//3553
f 3689//3689 3690//3690 3553//3553
f 3690//3690 3682//3682 3553//3553
f 3682//3682 3690//3690 3683//3683
f 3683//3683 3690//3690 3691//3691
f 3683//3683 3691//3691 3684//3684
f 3684//3684 3691//3691 3692//3692
f 3684//3684 3692//3692 3685//3685
f 3685//3685 3692//3692 3693//3693
f 3685//3685 3693//3693 3686//3686
f 3686//3686 3693//3693 3694//3694
f 3686//3686 3694//3694 3687//3687
f 3687//3687 3694//3694 3695//3695
f 3695//3695 3697//3697 3696//3696
f 3695//3695 3696//3696 3564//3564
f 3687//3687 3695//3695 3564//3564
f 3561//3561 3687//3687 3564//3564
f 3696//3696 3566//3566 3564//3564
f 3699//3699 3698//3698 3688//3688
f 3563//3563 3699//3699 3688//3688
f 3567//3567 3699//3699 3563//3563
f 3688//3688 3698//3698 3689//3689
f 3697//3697 3700//3700 3696//3696
f 3700//3700 3702//3702 3701//3701
f 3700//3700 3701//3701 3568//3568
f 3696//3696 3700//3700 3568//3568
f 3566//3566 3696//3696 3568//3568
f 3701//3701 3570//3570 3568//3568
f 3571//3571 3699//3699 3567//3567
f 3571//3571 3703//3703 3699//3699
f 3702//3702 3704//3704 3701//3701
f 3704//3704 3706//3706 3705//3705
f 3704//3704 3705//3705 3572//3572
f 3701//3701 3704//3704 3572//3572
f 3570//3570 3701//3701 3572//3572
f 3705//3705 3573//3573 3572//3572
f 3574//3574 3703//3703 3571//3571
f 3574//3574 3707//3707 3703//3703
f 3706//3706 3708//3708 3705//3705
f 3708//3708 3710//3710 3709//3709
f 3708//3708 3709//3709 3575//3575
f 3705//3705 3708//3708 3575//3575
f 3573//3573 3705//3705 3575//3575
f 3709//3709 3576//3576 3575//3575
f 3577//3577 3707//3707 3574//3574
f 3577//3577 3711//3711 3707//3707
f 3710//3710 3712//3712 3709//3709
f 3576//3576 3709//3709 3712//3712
f 3713//3713 3576//3576 3712//3712
f 3578//3578 3576//3576 3713//3713
f 3579//3579 3711//3711 3577//3577
f 3579//3579 3714//3714 3711//3711
f 3580//3580 3578//3578 3715//3715
f 3578//3578 3716//3716 3715//3715
f 3578//3578 3713//3713 3716//3716
f 3715//3715 3581//3581 3580//3580
f 3582//3582 3714//3714 3579//3579
f 3582//3582 3717//3717 3714//3714
f 3716//3716 3718//3718 3715//3715
f 3581//3581 3715//3715 3718//3718
f 3719//3719 3581//3581 3718//3718
f 3583//3583 3581//3581 3719//3719
f 3584//3584 3717//3717 3582//3582
f 3584//3584 3720//3720 3717//3717
f 3719//3719 3585//3585 3583//3583
f 3721//3721 3585//3585 3719//3719
f 3586//3586 3720//3720 3584//3584
f 3586//3586 3722//3722 3720//3720
f 3721//3721 3588//3588 3585//3585
f 3723//3723 3588//3588 3721//3721
f 3589//3589 3722//3722 3586//3586
f 3589//3589 3724//3724 3722//3722
f 3723//3723 3725//3725 3588//3588
f 3588//3588 3725//3725 3590//3590
f 3591//3591 3590//3590 3725//3725
f 3591//3591 3725//3725 3726//3726
f 3592//3592 3724//3724 3589//3589
f 3592//3592 3727//3727 3724//3724
f 3726//3726 3593//3593 3591//3591
f 3728//3728 3593//3593 3726//3726
f 3594//3594 3727//3727 3592//3592
f 3594//3594 3729//3729 3727//3727
f 3728//3728 3595//3595 3593//3593
f 3730//3730 3595//3595 3728//3728
f 3596//3596 3729//3729 3594//3594
f 3596//3596 3731//3731 3729//3729
f 3730//3730 3732//3732 3595//3595
f 3595//3595 3732//3732 3597//3597
f 3598//3598 3597//3597 3732//3732
f 3598//3598 3732//3732 3733//3733
f 3599//3599 3731//3731 3596//3596
f 3599//3599 3734//3734 3731//3731
f 3733//3733 3600//3600 3598//3598
f 3735//3735 3600//3600 3733//3733
f 3601//3601 3734//3734 3599//3599
f 3601//3601 3736//3736 3734//3734
f 3735//3735 3737//3737 3600//3600
f 3600//3600 3737//3737 3602//3602
f 3604//3604 3602//3602 3737//3737
f 3604//3604 3737//3737 3738//3738
f 3605//3605 3736//3736 3601//3601
f 3605//3605 3739//3739 3736//3736
f 3738//3738 3606//3606 3604//3604
f 3740//3740 3606//3606 3738//3738
f 3743//3743 3742//3742 3741//3741
f 3742//3742 3739//3739 3741//3741
f 3739//3739 3607//3607 3741//3741
f 3739//3739 3605//3605 3607//3607
f 3740//3740 3608//3608 3606//3606
f 3744//3744 3608//3608 3740//3740
f 3743//3743 3741//3741 3609//3609
f 3610//3610 3743//3743 3609//3609
f 3745//3745 3743//3743 3610//3610
f 3609//3609 3741//3741 3607//3607
f 3744//3744 3746//3746 3608//3608
f 3608//3608 3746//3746 3611//3611
f 3613//3613 3611//3611 3746//3746
f 3613//3613 3746//3746 3747//3747
f 3614//3614 3745//3745 3610//3610
f 3614//3614 3748//3748 3745//3745
f 3747//3747 3615//3615 3613//3613
f 3749//3749 3615//3615 3747//3747
f 3616//3616 3748//3748 3614//3614
f 3616//3616 3750//3750 3748//3748
f 3749//3749 3751//3751 3615//3615
f 3615//3615 3751//3751 3617//3617
f 3619//3619 3617//3617 3751//3751
f 3619//3619 3751//3751 3752//3752
f 3620//3620 3750//3750 3616//3616
f 3620//3620 3753//3753 3750//3750
f 3752//3752 3621//3621 3619//3619
f 3754//3754 3621//3621 3752//3752
f 3622//3622 3753//3753 3620//3620
f 3622//3622 3755//3755 3753//3753
f 3754//3754 3756//3756 3621//3621
f 3621//3621 3756//3756 3623//3623
f 3625//3625 3623//3623 3756//3756
f 3625//3625 3756//3756 3757//3757
f 3626//3626 3755//3755 3622//3622
f 3626//3626 3758//3758 3755//3755
f 3757//3757 3627//3627 3625//3625
f 3759//3759 3627//3627 3757//3757
f 3628//3628 3758//3758 3626//3626
f 3628//3628 3760//3760 3758//3758
f 3759//3759 3761//3761 3627//3627
f 3627//3627 3761//3761 3629//3629
f 3631//3631 3629//3629 3761//3761
f 3631//3631 3761//3761 3762//3762
f 3632//3632 3760//3760 3628//3628
f 3632//3632 3763//3763 3760//3760
f 3762//3762 3633//3633 3631//3631
f 3764//3764 3633//3633 3762//3762
f 3634//3634 3763//3763 3632//3632
f 3634//3634 3765//3765 3763//3763
f 3764//3764 3635//3635 3633//3633
f 3766//3766 3635//3635 3764//3764
f 3636//3636 3765//3765 3634//3634
f 3636//3636 3767//3767 3765//3765
f 3766//3766 3637//3637 3635//3635
f 3768//3768 3637//3637 3766//3766
f 3638//3638 3767//3767 3636//3636
f 3638//3638 3769//3769 3767//3767
f 3771//3771 3639//3639 3770//3770
f 3639//3639 3768//3768 3770//3770
f 3639//3639 3637//3637 3768//3768
f 3772//3772 3771//3771 3770//3770
f 3640//3640 3769//3769 3638//3638
f 3640//3640 3773//3773 3769//3769
f 3774//3774 3641//3641 3771//3771
f 3771//3771 3641//3641 3639//3639
f 3771//3771 3772//3772 3775//3775
f 3771//3771 3775//3775 3774//3774
f 3642//3642 3773//3773 3640//3640
f 3642//3642 3776//3776 3773//3773
f 3774//3774 3643//3643 3641//3641
f 3645//3645 3643//3643 3774//3774
f 3775//3775 3645//3645 3774//3774
f 3777//3777 3645//3645 3775//3775
f 3646//3646 3776//3776 3642//3642
f 3646//3646 3778//3778 3776//3776
f 3777//3777 3648//3648 3645//3645
f 3779//3779 3648//3648 3777//3777
f 3649//3649 3778//3778 3646//3646
f 3649//3649 3780//3780 3778//3778
f 3781//3781 3650//3650 3651//3651
f 3782//3782 3781//3781 3651//3651
f 3648//3648 3782//3782 3651//3651
f 3779//3779 3782//3782 3648//3648
f 3652//3652 3780//3780 3649//3649
f 3652//3652 3783//3783 3780//3780
f 3785//3785 3784//3784 3781//3781
f 3784//3784 3650//3650 3781//3781
f 3784//3784 3653//3653 3650//3650
f 3785//3785 3781//3781 3782//3782
f 3654//3654 3783//3783 3652//3652
f 3654//3654 3786//3786 3783//3783
f 3784//3784 3655//3655 3653//3653
f 3787//3787 3655//3655 3784//3784
f 3656//3656 3786//3786 3654//3654
f 3656//3656 3788//3788 3786//3786
f 3787//3787 3657//3657 3655//3655
f 3789//3789 3657//3657 3787//3787
f 3658//3658 3788//3788 3656//3656
f 3658//3658 3790//3790 3788//3788
f 3789//3789 3659//3659 3657//3657
f 3791//3791 3659//3659 3789//3789
f 3660//3660 3790//3790 3658//3658
f 3660//3660 3792//3792 3790//3790
f 3793//3793 3661//3661 3662//3662
f 3794//3794 3793//3793 3662//3662
f 3659//3659 3794//3794 3662//3662
f 3791//3791 3794//3794 3659//3659
f 3795//3795 3792//3792 3660//3660
f 3795//3795 3660//3660 3663//3663
f 3796//3796 3663//3663 3664//3664
f 3796//3796 3795//3795 3663//3663
f 3797//3797 3664//3664 3665//3665
f 3797//3797 3796//3796 3664//3664
f 3798//3798 3665//3665 3666//3666
f 3798//3798 3797//3797 3665//3665
f 3799//3799 3666//3666 3667//3667
f 3799//3799 3798//3798 3666//3666
f 3800//3800 3667//3667 3668//3668
f 3800//3800 3799//3799 3667//3667
f 3801//3801 3668//3668 3669//3669
f 3801//3801 3800//3800 3668//3668
f 3802//3802 3669//3669 3670//3670
f 3802//3802 3801//3801 3669//3669
f 3803//3803 3670//3670 3671//3671
f 3803//3803 3802//3802 3670//3670
f 3804//3804 3671//3671 3672//3672
f 3804//3804 3803//3803 3671//3671
f 3805//3805 3672//3672 3673//3673
f 3805//3805 3804//3804 3672//3672
f 3806//3806 3673//3673 3674//3674
f 3806//3806 3805//3805 3673//3673
f 3807//3807 3674//3674 3675//3675
f 3807//3807 3806//3806 3674//3674
f 3808//3808 3675//3675 3676//3676
f 3808//3808 3807//3807 3675//3675
f 3809//3809 3676//3676 3677//3677
f 3809//3809 3808//3808 3676//3676
f 3810//3810 3677//3677 3678//3678
f 3810//3810 3809//3809 3677//3677
f 3811//3811 3678//3678 3679//3679
f 3811//3811 3810//3810 3678//3678
f 3812//3812 3679//3679 3680//3680
f 3812//3812 3811//3811 3679//3679
f 3813//3813 3680//3680 3681//3681
f 3813//3813 3812//3812 3680//3680
f 3681//3681 3661//3661 3793//3793
f 3814//3814 3681//3681 3793//3793
f 3813//3813 3681//3681 3814//3814
f 3814//3814 3793//3793 3794//3794
f 3689//3689 3815//3815 3690//3690
f 3816//3816 3691//3691 3690//3690
f 3816//3816 3690//3690 3815//3815
f 3817//3817 3692//3692 3691//3691
f 3817//3817 3691//3691 3816//3816
f 3818//3818 3693//3693 3692//3692
f 3818//3818 3692//3692 3817//3817
f 3819//3819 3694//3694 3693//3693
f 3819//3819 3693//3693 3818//3818
f 3820//3820 3695//3695 3694//3694
f 3820//3820 3694//3694 3819//3819
f 3820//3820 3697//3697 3695//3695
f 3699//3699 3821//3821 3698//3698
f 3821//3821 3822//3822 3698//3698
f 3698//3698 3822//3822 3689//3689
f 3822//3822 3823//3823 3689//3689
f 3823//3823 3815//3815 3689//3689
f 3815//3815 3823//3823 3816//3816
f 3816//3816 3823//3823 3824//3824
f 3816//3816 3824//3824 3817//3817
f 3817//3817 3824//3824 3825//3825
f 3817//3817 3825//3825 3818//3818
f 3818//3818 3825//3825 3826//3826
f 3818//3818 3826//3826 3819//3819
f 3819//3819 3826//3826 3827//3827
f 3819//3819 3827//3827 3820//3820
f 3820//3820 3827//3827 3828//3828
f 3828//3828 3830//3830 3829//3829
f 3828//3828 3829//3829 3700//3700
f 3820//3820 3828//3828 3700//3700
f 3697//3697 3820//3820 3700//3700
f 3829//3829 3702//3702 3700//3700
f 3832//3832 3831//3831 3821//3821
f 3699//3699 3832//3832 3821//3821
f 3703//3703 3832//3832 3699//3699
f 3821//3821 3831//3831 3822//3822
f 3830//3830 3833//3833 3829//3829
f 3833//3833 3835//3835 3834//3834
f 3833//3833 3834//3834 3704//3704
f 3829//3829 3833//3833 3704//3704
f 3702//3702 3829//3829 3704//3704
f 3834//3834 3706//3706 3704//3704
f 3707//3707 3832//3832 3703//3703
f 3707//3707 3836//3836 3832//3832
f 3835//3835 3837//3837 3834//3834
f 3837//3837 3839//3839 3838//3838
f 3837//3837 3838//3838 3708//3708
f 3834//3834 3837//3837 3708//3708
f 3706//3706 3834//3834 3708//3708
f 3838//3838 3710//3710 3708//3708
f 3711//3711 3836//3836 3707//3707
f 3711//3711 3840//3840 3836//3836
f 3839//3839 3841//3841 3838//3838
f 3841//3841 3843//3843 3842//3842
f 3841//3841 3842//3842 3712//3712
f 3838//3838 3841//3841 3712//3712
f 3710//3710 3838//3838 3712//3712
f 3842//3842 3713//3713 3712//3712
f 3714//3714 3840//3840 3711//3711
f 3714//3714 3844//3844 3840//3840
f 3843//3843 3845//3845 3842//3842
f 3713//3713 3842//3842 3845//3845
f 3846//3846 3713//3713 3845//3845
f 3716//3716 3713//3713 3846//3846
f 3717//3717 3844//3844 3714//3714
f 3717//3717 3847//3847 3844//3844
f 3718//3718 3716//3716 3848//3848
f 3716//3716 3849//3849 3848//3848
f 3716//3716 3846//3846 3849//3849
f 3848//3848 3719//3719 3718//3718
f 3720//3720 3847//3847 3717//3717
f 3720//3720 3850//3850 3847//3847
f 3849//3849 3851//3851 3848//3848
f 3719//3719 3848//3848 3851//3851
f 3852//3852 3719//3719 3851//3851
f 3721//3721 3719//3719 3852//3852
f 3722//3722 3850//3850 3720//3720
f 3722//3722 3853//3853 3850//3850
f 3852//3852 3723//3723 3721//3721
f 3854//3854 3723//3723 3852//3852
f 3724//3724 3853//3853 3722//3722
f 3724//3724 3855//3855 3853//3853
f 3725//3725 3723//3723 3856//3856
f 3723//3723 3857//3857 3856//3856
f 3723//3723 3854//3854 3857//3857
f 3856//3856 3726//3726 3725//3725
f 3727//3727 3855//3855 3724//3724
f 3727//3727 3858//3858 3855//3855
f 3857//3857 3859//3859 3856//3856
f 3726//3726 3856//3856 3859//3859
f 3860//3860 3726//3726 3859//3859
f 3728//3728 3726//3726 3860//3860
f 3729//3729 3858//3858 3727//3727
f 3729//3729 3861//3861 3858//3858
f 3860//3860 3730//3730 3728//3728
f 3862//3862 3730//3730 3860//3860
f 3731//3731 3861//3861 3729//3729
f 3731//3731 3863//3863 3861//3861
f 3862//3862 3864//3864 3730//3730
f 3730//3730 3864//3864 3732//3732
f 3733//3733 3732//3732 3864//3864
f 3733//3733 3864//3864 3865//3865
f 3734//3734 3863//3863 3731//3731
f 3734//3734 3866//3866 3863//3863
f 3865//3865 3735//3735 3733//3733
f 3867//3867 3735//3735 3865//3865
f 3736//3736 3866//3866 3734//3734
f 3736//3736 3868//3868 3866//3866
f 3737//3737 3735//3735 3869//3869
f 3735//3735 3870//3870 3869//3869
f 3735//3735 3867//3867 3870//3870
f 3869//3869 3738//3738 3737//3737
f 3739//3739 3868//3868 3736//3736
f 3739//3739 3871//3871 3868//3868
f 3870//3870 3872//3872 3869//3869
f 3738//3738 3869//3869 3872//3872
f 3873//3873 3738//3738 3872//3872
f 3740//3740 3738//3738 3873//3873
f 3875//3875 3874//3874 3742//3742
f 3875//3875 3742//3742 3743//3743
f 3739//3739 3742//3742 3871//3871
f 3871//3871 3742//3742 3874//3874
f 3873//3873 3744//3744 3740//3740
f 3876//3876 3744//3744 3873//3873
f 3745//3745 3875//3875 3743//3743
f 3745//3745 3877//3877 3875//3875
f 3876//3876 3878//3878 3744//3744
f 3744//3744 3878//3878 3746//3746
f 3747//3747 3746//3746 3878//3878
f 3747//3747 3878//3878 3879//3879
f 3748//3748 3877//3877 3745//3745
f 3748//3748 3880//3880 3877//3877
f 3879//3879 3749//3749 3747//3747
f 3881//3881 3749//3749 3879//3879
f 3750//3750 3880//3880 3748//3748
f 3750//3750 3882//3882 3880//3880
f 3881//3881 3883//3883 3749//3749
f 3749//3749 3883//3883 3751//3751
f 3752//3752 3751//3751 3883//3883
f 3752//3752 3883//3883 3884//3884
f 3753//3753 3882//3882 3750//3750
f 3753//3753 3885//3885 3882//3882
f 3884//3884 3754//3754 3752//3752
f 3886//3886 3754//3754 3884//3884
f 3755//3755 3885//3885 3753//3753
f 3755//3755 3887//3887 3885//3885
f 3886//3886 3888//3888 3754//3754
f 3754//3754 3888//3888 3756//3756
f 3757//3757 3756//3756 3888//3888
f 3757//3757 3888//3888 3889//3889
f 3758//3758 3887//3887 3755//3755
f 3758//3758 3890//3890 3887//3887
f 3893//3893 3892//3892 3891//3891
f 3891//3891 3894//3894 3893//3893
f 3896//3896 3759//3759 3895//3895
f 3759//3759 3889//3889 3895//3895
f 3759//3759 3757//3757 3889//3889
f 3897//3897 3896//3896 3895//3895
f 3760//3760 3890//3890 3758//3758
f 3760//3760 3898//3898 3890//3890
f 3891//3891 3892//3892 3899//3899
f 3899//3899 3900//3900 3892//3892
f 3894//3894 3891//3891 3901//3901
f 3901//3901 3891//3891 3899//3899
f 3896//3896 3761//3761 3759//3759
f 3762//3762 3761//3761 3896//3896
f 3897//3897 3762//3762 3896//3896
f 3902//3902 3762//3762 3897//3897
f 3763//3763 3898//3898 3760//3760
f 3763//3763 3903//3903 3898//3898
f 3900//3900 3904//3904 3899//3899
f 3899//3899 3904//3904 3901//3901
f 3902//3902 3764//3764 3762//3762
f 3905//3905 3764//3764 3902//3902
f 3765//3765 3903//3903 3763//3763
f 3765//3765 3906//3906 3903//3903
f 3908//3908 3766//3766 3907//3907
f 3766//3766 3905//3905 3907//3907
f 3766//3766 3764//3764 3905//3905
f 3909//3909 3908//3908 3907//3907
f 3767//3767 3906//3906 3765//3765
f 3767//3767 3910//3910 3906//3906
f 3911//3911 3768//3768 3908//3908
f 3908//3908 3768//3768 3766//3766
f 3908//3908 3909//3909 3912//3912
f 3908//3908 3912//3912 3911//3911
f 3769//3769 3910//3910 3767//3767
f 3769//3769 3913//3913 3910//3910
f 3911//3911 3770//3770 3768//3768
f 3772//3772 3770//3770 3911//3911
f 3912//3912 3772//3772 3911//3911
f 3914//3914 3772//3772 3912//3912
f 3773//3773 3913//3913 3769//3769
f 3773//3773 3915//3915 3913//3913
f 3914//3914 3775//3775 3772//3772
f 3916//3916 3775//3775 3914//3914
f 3776//3776 3915//3915 3773//3773
f 3776//3776 3917//3917 3915//3915
f 3916//3916 3777//3777 3775//3775
f 3918//3918 3777//3777 3916//3916
f 3778//3778 3917//3917 3776//3776
f 3778//3778 3919//3919 3917//3917
f 3918//3918 3779//3779 3777//3777
f 3920//3920 3779//3779 3918//3918
f 3780//3780 3919//3919 3778//3778
f 3780//3780 3921//3921 3919//3919
f 3920//3920 3782//3782 3779//3779
f 3922//3922 3782//3782 3920//3920
f 3783//3783 3921//3921 3780//3780
f 3783//3783 3923//3923 3921//3921
f 3924//3924 3784//3784 3785//3785
f 3925//3925 3924//3924 3785//3785
f 3782//3782 3925//3925 3785//3785
f 3922//3922 3925//3925 3782//3782
f 3786//3786 3923//3923 3783//3783
f 3786//3786 3926//3926 3923//3923
f 3928//3928 3927//3927 3924//3924
f 3927//3927 3784//3784 3924//3924
f 3927//3927 3787//3787 3784//3784
f 3928//3928 3924//3924 3925//3925
f 3788//3788 3926//3926 3786//3786
f 3788//3788 3929//3929 3926//3926
f 3927//3927 3789//3789 3787//3787
f 3930//3930 3789//3789 3927//3927
f 3790//3790 3929//3929 3788//3788
f 3790//3790 3931//3931 3929//3929
f 3930//3930 3791//3791 3789//3789
f 3932//3932 3791//3791 3930//3930
f 3792//3792 3931//3931 3790//3790
f 3792//3792 3933//3933 3931//3931
f 3936//3936 3935//3935 3934//3934
f 3932//3932 3936//3936 3934//3934
f 3794//3794 3932//3932 3934//3934
f 3791//3791 3932//3932 3794//3794
f 3937//3937 3933//3933 3792//3792
f 3937//3937 3792//3792 3795//3795
f 3938//3938 3795//3795 3796//3796
f 3938//3938 3937//3937 3795//3795
f 3939//3939 3796//3796 3797//3797
f 3939//3939 3938//3938 3796//3796
f 3940//3940 3797//3797 3798//3798
f 3940//3940 3939//3939 3797//3797
f 3941//3941 3798//3798 3799//3799
f 3941//3941 3940//3940 3798//3798
f 3942//3942 3799//3799 3800//3800
f 3942//3942 3941//3941 3799//3799
f 3943//3943 3800//3800 3801//3801
f 3943//3943 3942//3942 3800//3800
f 3944//3944 3801//3801 3802//3802
f 3944//3944 3943//3943 3801//3801
f 3945//3945 3802//3802 3803//3803
f 3945//3945 3944//3944 3802//3802
f 3946//3946 3803//3803 3804//3804
f 3946//3946 3945//3945 3803//3803
f 3947//3947 3804//3804 3805//3805
f 3947//3947 3946//3946 3804//3804
f 3948//3948 3805//3805 3806//3806
f 3948//3948 3947//3947 3805//3805
f 3949//3949 3806//3806 3807//3807
f 3949//3949 3948//3948 3806//3806
f 3950//3950 3807//3807 3808//3808
f 3950//3950 3949//3949 3807//3807
f 3951//3951 3808//3808 3809//3809
f 3951//3951 3950//3950 3808//3808
f 3952//3952 3809//3809 3810//3810
f 3952//3952 3951//3951 3809//3809
f 3953//3953 3810//3810 3811//3811
f 3953//3953 3952//3952 3810//3810
f 3954//3954 3811//3811 3812//3812
f 3954//3954 3953//3953 3811//3811
f 3955//3955 3812//3812 3813//3813
f 3955//3955 3954//3954 3812//3812
f 3814//3814 3934//3934 3935//3935
f 3955//3955 3814//3814 3935//3935
f 3813//3813 3814//3814 3955//3955
f 3934//3934 3814//3814 3794//3794
