# generated by tools/gen_cave.py
o cave_22
v 32.000 -1.340 32.000
v 32.000 1.598 32.000
v 32.000 -1.407 32.250
v 32.000 1.750 32.233
v 32.000 1.760 32.250
v 32.000 -1.491 32.500
v 32.000 1.916 32.500
v 32.000 -1.500 32.525
v 32.000 -1.574 32.750
v 32.000 2.000 32.630
v 32.000 2.074 32.750
v 32.000 -1.583 33.000
v 32.000 2.213 33.000
v 32.000 -1.581 33.250
v 32.000 2.250 33.091
v 32.000 2.307 33.250
v 32.000 -1.578 33.500
v 32.000 2.360 33.500
v 32.000 -1.575 33.750
v 32.000 2.385 33.750
v 32.000 -1.574 34.000
v 32.000 2.389 34.000
v 32.000 -1.573 34.250
v 32.000 2.386 34.250
v 32.000 -1.573 34.500
v 32.000 2.379 34.500
v 32.000 -1.572 34.750
v 32.000 2.371 34.750
v 32.000 -1.569 35.000
v 32.000 2.359 35.000
v 32.000 -1.564 35.250
v 32.000 2.338 35.250
v 32.000 -1.559 35.500
v 32.000 2.300 35.500
v 32.000 -1.557 35.750
v 32.000 2.239 35.750
v 32.000 2.250 35.709
v 32.000 -1.500 35.894
v 32.000 -1.445 36.000
v 32.000 2.164 36.000
v 32.000 -1.304 36.250
v 32.000 2.090 36.250
v 32.000 -1.250 36.360
v 32.000 -1.184 36.500
v 32.000 2.019 36.500
v 32.000 -1.104 36.750
v 32.000 1.947 36.750
v 32.000 2.000 36.567
v 32.000 -1.064 37.000
v 32.000 1.860 37.000
v 32.000 -1.054 37.250
v 32.000 1.751 37.250
v 32.000 -1.052 37.500
v 32.000 1.617 37.500
v 32.000 1.750 37.252
v 32.000 -1.050 37.750
v 32.000 1.457 37.750
v 32.000 1.500 37.691
v 32.000 -1.047 38.000
v 32.000 1.261 38.000
v 32.000 -1.000 38.173
v 32.000 -0.958 38.250
v 32.000 1.049 38.250
v 32.000 1.250 38.015
v 32.000 -0.750 38.485
v 32.000 -0.729 38.500
v 32.000 0.799 38.500
v 32.000 1.000 38.307
v 32.000 -0.500 38.661
v 32.000 -0.250 38.745
v 32.000 -0.229 38.750
v 32.000 0.381 38.750
v 32.000 0.500 38.710
v 32.000 0.750 38.547
v 32.000 0.000 38.817
v 32.000 0.250 38.805
v 32.000 0.000 39.990
v 32.000 -0.036 40.000
v 32.000 0.250 39.963
v 32.000 0.500 39.999
v 32.000 0.503 40.000
v 32.000 -0.500 40.159
v 32.000 -0.646 40.250
v 32.000 -0.250 40.059
v 32.000 0.750 40.118
v 32.000 0.925 40.250
v 32.000 -0.750 40.317
v 32.000 -0.894 40.500
v 32.000 1.000 40.305
v 32.000 1.212 40.500
v 32.000 -0.918 40.750
v 32.000 1.250 40.533
v 32.000 1.450 40.750
v 32.000 -0.910 41.000
v 32.000 1.500 40.809
v 32.000 1.631 41.000
v 32.000 -0.904 41.250
v 32.000 1.750 41.217
v 32.000 1.766 41.250
v 32.000 -0.899 41.500
v 32.000 1.865 41.500
v 32.000 -0.895 41.750
v 32.000 1.935 41.750
v 32.000 -0.890 42.000
v 32.000 1.981 42.000
v 32.000 -0.886 42.250
v 32.000 2.000 42.175
v 32.000 2.008 42.250
v 32.000 -0.880 42.500
v 32.000 2.022 42.500
v 32.000 -0.875 42.750
v 32.000 2.022 42.750
v 32.000 -0.871 43.000
v 32.000 2.008 43.000
v 32.000 -0.868 43.250
v 32.000 1.976 43.250
v 32.000 2.000 43.066
v 32.000 -0.865 43.500
v 32.000 1.922 43.500
v 32.000 -0.862 43.750
v 32.000 1.842 43.750
v 32.000 -0.859 44.000
v 32.000 1.733 44.000
v 32.000 1.750 43.965
v 32.000 -0.855 44.250
v 32.000 1.567 44.250
v 32.000 -0.797 44.500
v 32.000 1.277 44.500
v 32.000 1.500 44.322
v 32.000 -0.750 44.547
v 32.000 -0.500 44.675
v 32.000 -0.306 44.750
v 32.000 0.640 44.750
v 32.000 0.750 44.719
v 32.000 1.000 44.630
v 32.000 1.250 44.517
v 32.000 -0.250 44.769
v 32.000 0.000 44.816
v 32.000 0.250 44.824
v 32.000 0.500 44.787
v 32.250 -1.316 32.000
v 32.250 1.608 32.000
v 32.250 -1.375 32.250
v 32.250 1.750 32.226
v 32.250 1.764 32.250
v 32.250 -1.450 32.500
v 32.250 1.915 32.500
v 32.250 -1.500 32.646
v 32.250 -1.535 32.750
v 32.250 2.000 32.646
v 32.250 2.057 32.750
v 32.250 -1.590 33.000
v 32.250 2.170 33.000
v 32.250 -1.588 33.250
v 32.232 2.250 33.250
v 32.250 2.245 33.250
v 32.250 -1.585 33.500
v 32.250 2.250 33.283
v 32.250 2.279 33.500
v 32.250 -1.582 33.750
v 32.250 2.286 33.750
v 32.250 -1.580 34.000
v 32.250 2.278 34.000
v 32.250 -1.579 34.250
v 32.250 2.264 34.250
v 32.250 -1.579 34.500
v 32.247 2.250 34.500
v 32.250 2.248 34.500
v 32.250 2.250 34.472
v 32.250 -1.578 34.750
v 32.226 2.250 34.750
v 32.250 2.237 34.750
v 32.250 -1.574 35.000
v 32.211 2.250 35.000
v 32.250 2.229 35.000
v 32.250 -1.569 35.250
v 32.184 2.250 35.250
v 32.250 2.215 35.250
v 32.250 -1.564 35.500
v 32.123 2.250 35.500
v 32.250 2.192 35.500
v 32.250 -1.500 35.730
v 32.228 -1.500 35.750
v 32.250 -1.493 35.750
v 32.250 2.157 35.750
v 32.250 -1.372 36.000
v 32.250 2.114 36.000
v 32.250 -1.251 36.250
v 32.250 2.069 36.250
v 32.250 -1.250 36.253
v 32.250 -1.151 36.500
v 32.250 2.026 36.500
v 32.250 -1.087 36.750
v 32.250 1.984 36.750
v 32.250 2.000 36.656
v 32.250 -1.061 37.000
v 32.250 1.927 37.000
v 32.250 -1.056 37.250
v 32.250 1.858 37.250
v 32.250 -1.054 37.500
v 32.204 1.750 37.500
v 32.250 1.776 37.500
v 32.250 -1.051 37.750
v 32.043 1.500 37.750
v 32.250 1.672 37.750
v 32.250 1.750 37.569
v 32.250 -1.047 38.000
v 32.207 1.500 38.000
v 32.250 1.542 38.000
v 32.081 -1.000 38.250
v 32.250 -1.043 38.250
v 32.135 1.250 38.250
v 32.250 1.389 38.250
v 32.250 1.500 38.074
v 32.188 -1.000 38.500
v 32.250 -1.041 38.500
v 32.008 -0.750 38.500
v 32.095 1.000 38.500
v 32.250 1.238 38.500
v 32.250 1.250 38.481
v 32.250 -1.000 38.633
v 32.250 -0.932 38.750
v 32.138 -0.750 38.750
v 32.045 -0.500 38.750
v 32.002 -0.250 38.750
v 32.018 0.500 38.750
v 32.092 0.750 38.750
v 32.206 1.000 38.750
v 32.250 1.074 38.750
v 32.250 -0.750 38.994
v 32.250 -0.743 39.000
v 32.153 -0.500 39.000
v 32.105 -0.250 39.000
v 32.074 0.000 39.000
v 32.076 0.250 39.000
v 32.114 0.500 39.000
v 32.188 0.750 39.000
v 32.250 0.887 39.000
v 32.250 1.000 38.865
v 32.241 -0.500 39.250
v 32.250 -0.523 39.250
v 32.187 -0.250 39.250
v 32.153 0.000 39.250
v 32.150 0.250 39.250
v 32.184 0.500 39.250
v 32.250 0.722 39.250
v 32.250 0.750 39.221
v 32.250 -0.500 39.295
v 32.250 -0.328 39.500
v 32.232 -0.250 39.500
v 32.193 0.000 39.500
v 32.184 0.250 39.500
v 32.213 0.500 39.500
v 32.250 0.629 39.500
v 32.214 -0.250 39.750
v 32.250 -0.367 39.750
v 32.164 0.000 39.750
v 32.146 0.250 39.750
v 32.173 0.500 39.750
v 32.250 0.734 39.750
v 32.129 -0.500 40.000
v 32.250 -0.500 39.823
v 32.250 -0.714 40.000
v 32.046 -0.250 40.000
v 32.084 0.750 40.000
v 32.250 0.750 39.759
v 32.234 1.000 40.000
v 32.250 1.000 39.978
v 32.250 1.021 40.000
v 32.067 -0.750 40.250
v 32.250 -0.750 40.030
v 32.250 -0.909 40.250
v 32.047 1.000 40.250
v 32.250 1.248 40.250
v 32.250 -0.934 40.500
v 32.032 1.250 40.500
v 32.250 1.250 40.252
v 32.250 1.451 40.500
v 32.250 -0.925 40.750
v 32.061 1.500 40.750
v 32.250 1.500 40.561
v 32.250 1.619 40.750
v 32.250 -0.919 41.000
v 32.235 1.750 41.000
v 32.250 1.750 40.987
v 32.250 1.756 41.000
v 32.250 -0.913 41.250
v 32.250 1.857 41.250
v 32.250 -0.908 41.500
v 32.250 1.928 41.500
v 32.250 -0.901 41.750
v 32.250 1.973 41.750
v 32.250 -0.895 42.000
v 32.250 1.998 42.000
v 32.250 -0.890 42.250
v 32.250 2.000 42.057
v 32.250 2.007 42.250
v 32.250 -0.887 42.500
v 32.250 2.003 42.500
v 32.250 -0.883 42.750
v 32.148 2.000 42.750
v 32.250 1.985 42.750
v 32.250 2.000 42.542
v 32.250 -0.879 43.000
v 32.037 2.000 43.000
v 32.250 1.952 43.000
v 32.250 -0.874 43.250
v 32.250 1.903 43.250
v 32.250 -0.869 43.500
v 32.250 1.831 43.500
v 32.250 -0.865 43.750
v 32.199 1.750 43.750
v 32.250 1.726 43.750
v 32.250 1.750 43.696
v 32.250 -0.862 44.000
v 32.250 1.572 44.000
v 32.250 -0.842 44.250
v 32.082 1.500 44.250
v 32.250 1.328 44.250
v 32.250 1.500 44.088
v 32.250 -0.750 44.363
v 32.065 -0.750 44.500
v 32.250 -0.500 44.487
v 32.233 -0.500 44.500
v 32.250 -0.466 44.500
v 32.159 1.000 44.500
v 32.250 0.772 44.500
v 32.250 1.000 44.427
v 32.250 1.250 44.306
v 32.021 1.250 44.500
v 32.250 -0.250 44.574
v 32.026 -0.250 44.750
v 32.250 0.000 44.614
v 32.084 0.000 44.750
v 32.250 0.250 44.614
v 32.088 0.250 44.750
v 32.250 0.500 44.572
v 32.042 0.500 44.750
v 32.250 0.750 44.507
v 32.500 -1.293 32.000
v 32.500 1.610 32.000
v 32.500 -1.340 32.250
v 32.500 1.750 32.241
v 32.500 1.755 32.250
v 32.500 -1.402 32.500
v 32.500 1.895 32.500
v 32.388 -1.500 32.750
v 32.500 -1.471 32.750
v 32.500 2.000 32.713
v 32.500 2.017 32.750
v 32.500 -1.500 32.856
v 32.500 -1.539 33.000
v 32.500 2.102 33.000
v 32.500 -1.586 33.250
v 32.500 2.152 33.250
v 32.500 -1.593 33.500
v 32.321 2.250 33.500
v 32.500 2.172 33.500
v 32.500 -1.589 33.750
v 32.329 2.250 33.750
v 32.500 2.170 33.750
v 32.500 -1.587 34.000
v 32.307 2.250 34.000
v 32.500 2.156 34.000
v 32.500 -1.586 34.250
v 32.276 2.250 34.250
v 32.500 2.136 34.250
v 32.500 -1.585 34.500
v 32.500 2.113 34.500
v 32.500 -1.583 34.750
v 32.500 2.093 34.750
v 32.500 -1.580 35.000
v 32.500 2.078 35.000
v 32.500 -1.567 35.250
v 32.500 2.069 35.250
v 32.500 -1.500 35.479
v 32.479 -1.500 35.500
v 32.500 -1.492 35.500
v 32.500 2.061 35.500
v 32.500 -1.392 35.750
v 32.500 2.055 35.750
v 32.500 -1.291 36.000
v 32.500 2.046 36.000
v 32.500 -1.250 36.106
v 32.255 -1.250 36.250
v 32.500 -1.195 36.250
v 32.500 2.034 36.250
v 32.500 -1.117 36.500
v 32.500 2.026 36.500
v 32.500 -1.072 36.750
v 32.396 2.000 36.750
v 32.500 2.011 36.750
v 32.500 -1.059 37.000
v 32.500 1.982 37.000
v 32.500 2.000 36.848
v 32.500 -1.057 37.250
v 32.500 1.940 37.250
v 32.500 -1.055 37.500
v 32.500 1.884 37.500
v 32.500 -1.052 37.750
v 32.381 1.750 37.750
v 32.500 1.813 37.750
v 32.500 -1.048 38.000
v 32.500 1.730 38.000
v 32.500 1.750 37.944
v 32.500 -1.044 38.250
v 32.353 1.500 38.250
v 32.500 1.638 38.250
v 32.500 -1.040 38.500
v 32.259 1.250 38.500
v 32.462 1.500 38.500
v 32.500 1.541 38.500
v 32.371 -1.000 38.750
v 32.500 -1.038 38.750
v 32.358 1.250 38.750
v 32.500 1.444 38.750
v 32.500 1.500 38.609
v 32.448 -1.000 39.000
v 32.500 -1.034 39.000
v 32.253 -0.750 39.000
v 32.298 1.000 39.000
v 32.437 1.250 39.000
v 32.500 1.345 39.000
v 32.500 -1.000 39.248
v 32.500 -1.000 39.250
v 32.340 -0.750 39.250
v 32.257 0.750 39.250
v 32.361 1.000 39.250
v 32.499 1.250 39.250
v 32.500 1.251 39.250
v 32.405 -0.750 39.500
v 32.500 -0.891 39.500
v 32.293 -0.500 39.500
v 32.285 0.750 39.500
v 32.400 1.000 39.500
v 32.500 1.166 39.500
v 32.500 1.250 39.253
v 32.412 -0.750 39.750
v 32.500 -0.873 39.750
v 32.290 -0.500 39.750
v 32.255 0.750 39.750
v 32.380 1.000 39.750
v 32.500 1.183 39.750
v 32.271 -0.750 40.000
v 32.500 -0.947 40.000
v 32.424 1.250 40.000
v 32.500 1.250 39.853
v 32.500 1.336 40.000
v 32.500 -0.950 40.250
v 32.252 1.250 40.250
v 32.500 1.499 40.250
v 32.500 -0.942 40.500
v 32.306 1.500 40.500
v 32.500 1.500 40.251
v 32.500 1.636 40.500
v 32.500 -0.933 40.750
v 32.492 1.750 40.750
v 32.500 1.750 40.740
v 32.500 1.754 40.750
v 32.500 -0.927 41.000
v 32.500 1.847 41.000
v 32.500 -0.922 41.250
v 32.500 1.918 41.250
v 32.500 -0.915 41.500
v 32.500 1.964 41.500
v 32.500 -0.908 41.750
v 32.500 1.988 41.750
v 32.500 -0.901 42.000
v 32.500 1.997 42.000
v 32.500 -0.896 42.250
v 32.376 2.000 42.250
v 32.500 1.993 42.250
v 32.500 -0.893 42.500
v 32.275 2.000 42.500
v 32.500 1.973 42.500
v 32.500 -0.891 42.750
v 32.500 1.936 42.750
v 32.500 -0.887 43.000
v 32.500 1.882 43.000
v 32.500 -0.881 43.250
v 32.500 1.811 43.250
v 32.500 -0.874 43.500
v 32.428 1.750 43.500
v 32.500 1.717 43.500
v 32.500 1.750 43.416
v 32.500 -0.869 43.750
v 32.500 1.581 43.750
v 32.500 -0.866 44.000
v 32.347 1.500 44.000
v 32.500 1.371 44.000
v 32.500 1.500 43.859
v 32.500 -0.750 44.176
v 32.407 -0.750 44.250
v 32.500 -0.603 44.250
v 32.487 1.000 44.250
v 32.500 0.976 44.250
v 32.500 1.000 44.241
v 32.500 1.250 44.100
v 32.319 1.250 44.250
v 32.500 -0.500 44.295
v 32.500 -0.250 44.375
v 32.346 -0.250 44.500
v 32.500 0.000 44.417
v 32.396 0.000 44.500
v 32.500 0.250 44.424
v 32.399 0.250 44.500
v 32.500 0.500 44.391
v 32.345 0.500 44.500
v 32.500 0.750 44.330
v 32.259 0.750 44.500
v 32.750 -1.275 32.000
v 32.750 1.609 32.000
v 32.750 -1.307 32.250
v 32.562 1.750 32.250
v 32.750 1.736 32.250
v 32.750 -1.352 32.500
v 32.750 1.750 32.280
v 32.750 1.858 32.500
v 32.750 -1.401 32.750
v 32.568 2.000 32.750
v 32.750 1.953 32.750
v 32.607 -1.500 33.000
v 32.750 -1.448 33.000
v 32.750 2.000 32.947
v 32.750 2.012 33.000
v 32.728 -1.500 33.250
v 32.750 -1.490 33.250
v 32.750 2.040 33.250
v 32.750 -1.500 33.315
v 32.750 -1.527 33.500
v 32.750 2.048 33.500
v 32.750 -1.560 33.750
v 32.750 2.042 33.750
v 32.750 -1.584 34.000
v 32.750 2.027 34.000
v 32.750 -1.584 34.250
v 32.750 2.002 34.250
v 32.750 -1.579 34.500
v 32.701 2.000 34.500
v 32.750 1.972 34.500
v 32.750 2.000 34.266
v 32.750 -1.567 34.750
v 32.655 2.000 34.750
v 32.750 1.941 34.750
v 32.750 -1.549 35.000
v 32.624 2.000 35.000
v 32.750 1.917 35.000
v 32.750 -1.500 35.158
v 32.678 -1.500 35.250
v 32.750 -1.466 35.250
v 32.609 2.000 35.250
v 32.750 1.905 35.250
v 32.750 -1.376 35.500
v 32.606 2.000 35.500
v 32.750 1.912 35.500
v 32.750 -1.291 35.750
v 32.614 2.000 35.750
v 32.750 1.933 35.750
v 32.750 -1.250 35.877
v 32.628 -1.250 36.000
v 32.750 -1.211 36.000
v 32.633 2.000 36.000
v 32.750 1.960 36.000
v 32.750 -1.141 36.250
v 32.678 2.000 36.250
v 32.750 1.987 36.250
v 32.750 -1.088 36.500
v 32.750 2.000 36.379
v 32.750 2.013 36.500
v 32.750 -1.063 36.750
v 32.750 2.025 36.750
v 32.750 -1.058 37.000
v 32.613 2.000 37.000
v 32.750 2.021 37.000
v 32.750 -1.056 37.250
v 32.750 1.998 37.250
v 32.750 2.000 37.231
v 32.750 -1.055 37.500
v 32.750 1.956 37.500
v 32.750 -1.052 37.750
v 32.750 1.905 37.750
v 32.750 -1.049 38.000
v 32.537 1.750 38.000
v 32.750 1.853 38.000
v 32.750 -1.045 38.250
v 32.657 1.750 38.250
v 32.750 1.807 38.250
v 32.750 -1.041 38.500
v 32.731 1.750 38.500
v 32.750 1.765 38.500
v 32.750 -1.036 38.750
v 32.545 1.500 38.750
v 32.750 1.717 38.750
v 32.750 1.750 38.580
v 32.750 -1.032 39.000
v 32.611 1.500 39.000
v 32.750 1.663 39.000
v 32.502 -1.000 39.250
v 32.750 -1.024 39.250
v 32.670 1.500 39.250
v 32.750 1.599 39.250
v 32.710 -1.000 39.500
v 32.750 -1.011 39.500
v 32.548 1.250 39.500
v 32.721 1.500 39.500
v 32.750 1.537 39.500
v 32.750 -1.000 39.636
v 32.750 -0.991 39.750
v 32.541 1.250 39.750
v 32.725 1.500 39.750
v 32.750 1.528 39.750
v 32.750 -0.971 40.000
v 32.640 1.500 40.000
v 32.750 1.607 40.000
v 32.750 -0.959 40.250
v 32.501 1.500 40.250
v 32.750 1.704 40.250
v 32.750 -0.948 40.500
v 32.677 1.750 40.500
v 32.750 1.750 40.373
v 32.750 1.792 40.500
v 32.750 -0.941 40.750
v 32.750 1.866 40.750
v 32.750 -0.934 41.000
v 32.750 1.925 41.000
v 32.750 -0.929 41.250
v 32.750 1.963 41.250
v 32.750 -0.922 41.500
v 32.750 1.981 41.500
v 32.750 -0.915 41.750
v 32.750 1.986 41.750
v 32.750 -0.907 42.000
v 32.750 1.981 42.000
v 32.750 -0.902 42.250
v 32.750 1.965 42.250
v 32.750 -0.900 42.500
v 32.750 1.930 42.500
v 32.750 -0.898 42.750
v 32.750 1.873 42.750
v 32.750 -0.895 43.000
v 32.750 1.794 43.000
v 32.750 -0.888 43.250
v 32.636 1.750 43.250
v 32.750 1.697 43.250
v 32.750 1.750 43.118
v 32.750 -0.881 43.500
v 32.750 1.574 43.500
v 32.750 -0.875 43.750
v 32.618 1.500 43.750
v 32.750 1.398 43.750
v 32.750 1.500 43.617
v 32.750 -0.750 43.971
v 32.719 -0.750 44.000
v 32.750 -0.695 44.000
v 32.623 1.250 44.000
v 32.750 1.093 44.000
v 32.750 1.250 43.892
v 32.750 -0.500 44.083
v 32.556 -0.500 44.250
v 32.750 -0.250 44.154
v 32.647 -0.250 44.250
v 32.750 0.000 44.203
v 32.698 0.000 44.250
v 32.750 0.250 44.229
v 32.725 0.250 44.250
v 32.750 0.500 44.210
v 32.696 0.500 44.250
v 32.750 0.750 44.152
v 32.613 0.750 44.250
v 32.750 1.000 44.054
v 33.000 -1.266 32.000
v 33.000 1.616 32.000
v 33.000 -1.283 32.250
v 33.000 1.719 32.250
v 33.000 -1.310 32.500
v 33.000 1.750 32.336
v 33.000 1.813 32.500
v 33.000 -1.340 32.750
v 33.000 1.879 32.750
v 33.000 -1.368 33.000
v 32.779 2.000 33.000
v 33.000 1.909 33.000
v 33.000 -1.394 33.250
v 32.832 2.000 33.250
v 33.000 1.917 33.250
v 32.814 -1.500 33.500
v 33.000 -1.421 33.500
v 32.841 2.000 33.500
v 33.000 1.916 33.500
v 32.890 -1.500 33.750
v 33.000 -1.452 33.750
v 32.828 2.000 33.750
v 33.000 1.906 33.750
v 32.963 -1.500 34.000
v 33.000 -1.483 34.000
v 32.800 2.000 34.000
v 33.000 1.886 34.000
v 33.000 -1.500 34.139
v 33.000 -1.513 34.250
v 32.753 2.000 34.250
v 33.000 1.855 34.250
v 33.000 -1.536 34.500
v 33.000 1.815 34.500
v 33.000 -1.527 34.750
v 33.000 1.777 34.750
v 33.000 -1.500 34.838
v 32.873 -1.500 35.000
v 33.000 -1.440 35.000
v 32.999 1.750 35.000
v 33.000 1.749 35.000
v 33.000 1.750 34.994
v 33.000 -1.351 35.250
v 32.987 1.750 35.250
v 33.000 1.742 35.250
v 33.000 -1.271 35.500
v 33.000 1.750 35.359
v 33.000 1.760 35.500
v 33.000 -1.250 35.574
v 32.864 -1.250 35.750
v 33.000 -1.202 35.750
v 33.000 1.804 35.750
v 33.000 -1.143 36.000
v 33.000 1.862 36.000
v 33.000 -1.097 36.250
v 33.000 1.925 36.250
v 33.000 -1.069 36.500
v 32.840 2.000 36.500
v 33.000 1.977 36.500
v 33.000 -1.060 36.750
v 33.000 2.000 36.658
v 33.000 2.013 36.750
v 33.000 -1.058 37.000
v 33.000 2.030 37.000
v 33.000 -1.056 37.250
v 32.765 2.000 37.250
v 33.000 2.026 37.250
v 33.000 -1.054 37.500
v 32.987 2.000 37.500
v 33.000 2.002 37.500
v 33.000 -1.052 37.750
v 33.000 1.968 37.750
v 33.000 2.000 37.517
v 33.000 -1.050 38.000
v 33.000 1.939 38.000
v 33.000 -1.046 38.250
v 33.000 1.919 38.250
v 33.000 -1.042 38.500
v 33.000 1.909 38.500
v 33.000 -1.035 38.750
v 32.790 1.750 38.750
v 33.000 1.900 38.750
v 33.000 -1.027 39.000
v 32.841 1.750 39.000
v 33.000 1.881 39.000
v 33.000 -1.019 39.250
v 32.896 1.750 39.250
v 33.000 1.843 39.250
v 33.000 -1.010 39.500
v 32.949 1.750 39.500
v 33.000 1.797 39.500
v 33.000 -1.000 39.646
v 33.000 -0.993 39.750
v 32.974 1.750 39.750
v 33.000 1.772 39.750
v 33.000 -0.980 40.000
v 32.923 1.750 40.000
v 33.000 1.803 40.000
v 33.000 -0.968 40.250
v 32.817 1.750 40.250
v 33.000 1.859 40.250
v 33.000 -0.957 40.500
v 33.000 1.918 40.500
v 33.000 -0.948 40.750
v 33.000 1.965 40.750
v 33.000 -0.942 41.000
v 33.000 1.990 41.000
v 33.000 -0.935 41.250
v 33.000 1.995 41.250
v 33.000 -0.929 41.500
v 33.000 1.987 41.500
v 33.000 -0.922 41.750
v 33.000 1.973 41.750
v 33.000 -0.915 42.000
v 33.000 1.954 42.000
v 33.000 -0.910 42.250
v 33.000 1.923 42.250
v 33.000 -0.907 42.500
v 33.000 1.870 42.500
v 33.000 -0.905 42.750
v 33.000 1.789 42.750
v 33.000 -0.901 43.000
v 32.849 1.750 43.000
v 33.000 1.677 43.000
v 33.000 1.750 42.843
v 33.000 -0.896 43.250
v 33.000 1.545 43.250
v 33.000 -0.888 43.500
v 32.854 1.500 43.500
v 33.000 1.379 43.500
v 33.000 1.500 43.326
v 33.000 -0.750 43.724
v 32.972 -0.750 43.750
v 33.000 -0.695 43.750
v 32.902 1.250 43.750
v 33.000 1.122 43.750
v 33.000 1.250 43.644
v 33.000 -0.500 43.833
v 32.836 -0.500 44.000
v 33.000 -0.250 43.893
v 32.900 -0.250 44.000
v 33.000 0.000 43.944
v 32.948 0.000 44.000
v 33.000 0.250 43.989
v 32.990 0.250 44.000
v 33.000 0.500 43.988
v 32.988 0.500 44.000
v 33.000 0.750 43.936
v 32.931 0.750 44.000
v 33.000 1.000 43.829
v 32.813 1.000 44.000
v 33.250 -1.267 32.000
v 33.250 1.633 32.000
v 33.250 -1.271 32.250
v 33.250 1.711 32.250
v 33.250 -1.283 32.500
v 33.250 1.750 32.415
v 33.250 1.772 32.500
v 33.250 -1.298 32.750
v 33.250 1.804 32.750
v 33.250 -1.313 33.000
v 33.250 1.808 33.000
v 33.250 -1.327 33.250
v 33.250 1.795 33.250
v 33.250 -1.343 33.500
v 33.250 1.776 33.500
v 33.250 -1.365 33.750
v 33.250 1.751 33.750
v 33.250 -1.391 34.000
v 33.205 1.750 34.000
v 33.250 1.717 34.000
v 33.250 1.750 33.759
v 33.035 -1.500 34.250
v 33.250 -1.419 34.250
v 33.148 1.750 34.250
v 33.250 1.669 34.250
v 33.109 -1.500 34.500
v 33.250 -1.435 34.500
v 33.091 1.750 34.500
v 33.250 1.621 34.500
v 33.060 -1.500 34.750
v 33.250 -1.376 34.750
v 33.039 1.750 34.750
v 33.250 1.584 34.750
v 33.250 -1.325 35.000
v 33.250 1.571 35.000
v 33.250 -1.253 35.250
v 33.250 1.582 35.250
v 33.250 -1.250 35.261
v 33.060 -1.250 35.500
v 33.250 -1.186 35.500
v 33.019 1.750 35.500
v 33.250 1.621 35.500
v 33.250 -1.134 35.750
v 33.112 1.750 35.750
v 33.250 1.683 35.750
v 33.250 -1.097 36.000
v 33.250 1.750 35.952
v 33.250 1.765 36.000
v 33.250 -1.073 36.250
v 33.250 1.846 36.250
v 33.250 -1.065 36.500
v 33.250 1.915 36.500
v 33.250 -1.061 36.750
v 33.077 2.000 36.750
v 33.250 1.969 36.750
v 33.250 -1.058 37.000
v 33.250 2.000 36.975
v 33.250 2.003 37.000
v 33.250 -1.056 37.250
v 33.250 2.017 37.250
v 33.250 -1.054 37.500
v 33.250 2.015 37.500
v 33.250 -1.052 37.750
v 33.215 2.000 37.750
v 33.250 2.005 37.750
v 33.250 -1.050 38.000
v 33.250 1.996 38.000
v 33.250 2.000 37.891
v 33.250 -1.046 38.250
v 33.250 1.995 38.250
v 33.250 -1.040 38.500
v 33.250 2.000 38.413
v 33.242 2.000 38.500
v 33.250 2.003 38.500
v 33.250 -1.033 38.750
v 33.209 2.000 38.750
v 33.250 2.018 38.750
v 33.250 -1.025 39.000
v 33.202 2.000 39.000
v 33.250 2.026 39.000
v 33.250 -1.017 39.250
v 33.234 2.000 39.250
v 33.250 2.010 39.250
v 33.250 -1.008 39.500
v 33.250 1.973 39.500
v 33.250 2.000 39.316
v 33.250 -1.000 39.716
v 33.250 -0.999 39.750
v 33.250 1.943 39.750
v 33.250 -0.984 40.000
v 33.250 1.945 40.000
v 33.250 -0.973 40.250
v 33.250 1.976 40.250
v 33.250 -0.963 40.500
v 33.250 2.000 40.410
v 33.214 2.000 40.500
v 33.250 2.013 40.500
v 33.250 -0.955 40.750
v 33.119 2.000 40.750
v 33.250 2.037 40.750
v 33.250 -0.948 41.000
v 33.054 2.000 41.000
v 33.250 2.035 41.000
v 33.250 -0.942 41.250
v 33.061 2.000 41.250
v 33.250 2.015 41.250
v 33.250 -0.936 41.500
v 33.250 1.986 41.500
v 33.250 2.000 41.380
v 33.250 -0.929 41.750
v 33.250 1.954 41.750
v 33.250 -0.923 42.000
v 33.250 1.916 42.000
v 33.250 -0.918 42.250
v 33.250 1.863 42.250
v 33.250 -0.914 42.500
v 33.250 1.783 42.500
v 33.250 -0.910 42.750
v 33.083 1.750 42.750
v 33.250 1.664 42.750
v 33.250 1.750 42.577
v 33.250 -0.906 43.000
v 33.250 1.508 43.000
v 33.250 -0.888 43.250
v 33.057 1.500 43.250
v 33.250 1.311 43.250
v 33.250 1.500 43.011
v 33.250 -0.750 43.448
v 33.203 -0.750 43.500
v 33.250 -0.643 43.500
v 33.115 1.250 43.500
v 33.250 1.038 43.500
v 33.250 1.250 43.320
v 33.250 -0.500 43.563
v 33.076 -0.500 43.750
v 33.250 -0.250 43.620
v 33.130 -0.250 43.750
v 33.250 0.000 43.664
v 33.173 0.000 43.750
v 33.250 0.250 43.703
v 33.210 0.250 43.750
v 33.250 0.500 43.698
v 33.208 0.500 43.750
v 33.250 0.750 43.643
v 33.164 0.750 43.750
v 33.250 1.000 43.527
v 33.071 1.000 43.750
v 33.500 -1.276 32.000
v 33.500 1.652 32.000
v 33.500 -1.272 32.250
v 33.500 1.707 32.250
v 33.500 -1.273 32.500
v 33.387 1.750 32.500
v 33.500 1.734 32.500
v 33.500 -1.277 32.750
v 33.436 1.750 32.750
v 33.500 1.732 32.750
v 33.500 -1.283 33.000
v 33.393 1.750 33.000
v 33.500 1.706 33.000
v 33.500 -1.288 33.250
v 33.338 1.750 33.250
v 33.500 1.663 33.250
v 33.500 -1.295 33.500
v 33.293 1.750 33.500
v 33.500 1.614 33.500
v 33.500 -1.306 33.750
v 33.252 1.750 33.750
v 33.500 1.561 33.750
v 33.500 -1.322 34.000
v 33.499 1.500 34.000
v 33.500 1.500 34.000
v 33.500 1.500 33.998
v 33.500 -1.292 34.250
v 33.435 1.500 34.250
v 33.500 1.432 34.250
v 33.500 -1.250 34.367
v 33.450 -1.250 34.500
v 33.500 -1.191 34.500
v 33.382 1.500 34.500
v 33.500 1.373 34.500
v 33.384 -1.250 34.750
v 33.500 -1.120 34.750
v 33.349 1.500 34.750
v 33.500 1.348 34.750
v 33.350 -1.250 35.000
v 33.500 -1.094 35.000
v 33.345 1.500 35.000
v 33.500 1.362 35.000
v 33.258 -1.250 35.250
v 33.500 -1.121 35.250
v 33.382 1.500 35.250
v 33.500 1.412 35.250
v 33.500 -1.127 35.500
v 33.478 1.500 35.500
v 33.500 1.487 35.500
v 33.500 -1.093 35.750
v 33.500 1.500 35.534
v 33.500 1.571 35.750
v 33.500 -1.074 36.000
v 33.289 1.750 36.000
v 33.500 1.666 36.000
v 33.500 -1.067 36.250
v 33.500 1.750 36.241
v 33.500 1.753 36.250
v 33.500 -1.065 36.500
v 33.500 1.829 36.500
v 33.500 -1.062 36.750
v 33.500 1.891 36.750
v 33.500 -1.060 37.000
v 33.264 2.000 37.000
v 33.500 1.938 37.000
v 33.500 -1.057 37.250
v 33.341 2.000 37.250
v 33.500 1.969 37.250
v 33.500 -1.055 37.500
v 33.399 2.000 37.500
v 33.500 1.990 37.500
v 33.500 -1.052 37.750
v 33.500 2.000 37.666
v 33.500 2.005 37.750
v 33.500 -1.049 38.000
v 33.288 2.000 38.000
v 33.500 2.021 38.000
v 33.500 -1.044 38.250
v 33.278 2.000 38.250
v 33.500 2.040 38.250
v 33.500 -1.038 38.500
v 33.500 2.065 38.500
v 33.500 -1.031 38.750
v 33.500 2.092 38.750
v 33.500 -1.023 39.000
v 33.500 2.113 39.000
v 33.500 -1.015 39.250
v 33.500 2.111 39.250
v 33.500 -1.008 39.500
v 33.307 2.000 39.500
v 33.500 2.087 39.500
v 33.500 -1.000 39.736
v 33.500 -1.000 39.750
v 33.370 2.000 39.750
v 33.500 2.060 39.750
v 33.500 -0.990 40.000
v 33.380 2.000 40.000
v 33.500 2.049 40.000
v 33.500 -0.980 40.250
v 33.320 2.000 40.250
v 33.500 2.059 40.250
v 33.500 -0.971 40.500
v 33.500 2.074 40.500
v 33.500 -0.962 40.750
v 33.500 2.077 40.750
v 33.500 -0.956 41.000
v 33.500 2.057 41.000
v 33.500 -0.950 41.250
v 33.500 2.021 41.250
v 33.500 -0.944 41.500
v 33.500 1.976 41.500
v 33.500 2.000 41.369
v 33.500 -0.938 41.750
v 33.500 1.925 41.750
v 33.500 -0.932 42.000
v 33.500 1.863 42.000
v 33.500 -0.926 42.250
v 33.500 1.778 42.250
v 33.500 -0.919 42.500
v 33.319 1.750 42.500
v 33.500 1.656 42.500
v 33.500 1.750 42.313
v 33.500 -0.914 42.750
v 33.478 1.500 42.750
v 33.500 1.482 42.750
v 33.500 1.500 42.728
v 33.500 -0.881 43.000
v 33.495 1.250 43.000
v 33.500 1.243 43.000
v 33.500 1.250 42.994
v 33.258 1.500 43.000
v 33.500 -0.750 43.159
v 33.421 -0.750 43.250
v 33.500 -0.555 43.250
v 33.448 1.000 43.250
v 33.500 0.871 43.250
v 33.500 1.000 43.186
v 33.299 1.250 43.250
v 33.500 -0.500 43.274
v 33.306 -0.500 43.500
v 33.500 -0.250 43.334
v 33.360 -0.250 43.500
v 33.500 0.000 43.376
v 33.396 0.000 43.500
v 33.500 0.250 43.399
v 33.418 0.250 43.500
v 33.500 0.500 43.376
v 33.403 0.500 43.500
v 33.500 0.750 43.307
v 33.355 0.750 43.500
v 33.269 1.000 43.500
v 33.750 -1.285 32.000
v 33.750 1.662 32.000
v 33.750 -1.281 32.250
v 33.750 1.692 32.250
v 33.750 -1.277 32.500
v 33.750 1.692 32.500
v 33.750 -1.274 32.750
v 33.750 1.660 32.750
v 33.750 -1.272 33.000
v 33.750 1.600 33.000
v 33.750 -1.271 33.250
v 33.750 1.520 33.250
v 33.750 -1.270 33.500
v 33.660 1.500 33.500
v 33.750 1.434 33.500
v 33.750 1.500 33.311
v 33.750 -1.272 33.750
v 33.573 1.500 33.750
v 33.750 1.341 33.750
v 33.750 -1.250 33.818
v 33.635 -1.250 34.000
v 33.750 -1.152 34.000
v 33.746 1.250 34.000
v 33.750 1.245 34.000
v 33.750 1.250 33.988
v 33.542 -1.250 34.250
v 33.750 -1.000 34.227
v 33.738 -1.000 34.250
v 33.750 -0.983 34.250
v 33.666 1.250 34.250
v 33.750 1.145 34.250
v 33.648 -1.000 34.500
v 33.750 -0.859 34.500
v 33.611 1.250 34.500
v 33.750 1.066 34.500
v 33.595 -1.000 34.750
v 33.750 -0.796 34.750
v 33.590 1.250 34.750
v 33.750 1.032 34.750
v 33.581 -1.000 35.000
v 33.750 -0.797 35.000
v 33.611 1.250 35.000
v 33.750 1.065 35.000
v 33.616 -1.000 35.250
v 33.750 -0.856 35.250
v 33.682 1.250 35.250
v 33.750 1.165 35.250
v 33.706 -1.000 35.500
v 33.750 -0.961 35.500
v 33.750 1.250 35.392
v 33.750 1.298 35.500
v 33.750 -1.000 35.567
v 33.750 -1.067 35.750
v 33.635 1.500 35.750
v 33.750 1.427 35.750
v 33.750 -1.068 36.000
v 33.750 1.500 35.900
v 33.750 1.541 36.000
v 33.750 -1.065 36.250
v 33.507 1.750 36.250
v 33.750 1.630 36.250
v 33.750 -1.064 36.500
v 33.672 1.750 36.500
v 33.750 1.711 36.500
v 33.750 -1.062 36.750
v 33.750 1.750 36.636
v 33.750 1.781 36.750
v 33.750 -1.060 37.000
v 33.750 1.839 37.000
v 33.750 -1.058 37.250
v 33.750 1.886 37.250
v 33.750 -1.055 37.500
v 33.750 1.926 37.500
v 33.750 -1.051 37.750
v 33.530 2.000 37.750
v 33.750 1.964 37.750
v 33.750 -1.048 38.000
v 33.750 2.000 37.976
v 33.750 2.004 38.000
v 33.750 -1.043 38.250
v 33.750 2.047 38.250
v 33.750 -1.037 38.500
v 33.750 2.090 38.500
v 33.750 -1.030 38.750
v 33.750 2.129 38.750
v 33.750 -1.023 39.000
v 33.750 2.156 39.000
v 33.750 -1.016 39.250
v 33.750 2.163 39.250
v 33.750 -1.008 39.500
v 33.750 2.149 39.500
v 33.578 -1.000 39.750
v 33.750 -1.001 39.750
v 33.750 2.126 39.750
v 33.750 -1.000 39.784
v 33.750 -0.993 40.000
v 33.750 2.109 40.000
v 33.750 -0.985 40.250
v 33.750 2.104 40.250
v 33.750 -0.978 40.500
v 33.750 2.100 40.500
v 33.750 -0.970 40.750
v 33.750 2.085 40.750
v 33.750 -0.964 41.000
v 33.750 2.051 41.000
v 33.750 -0.957 41.250
v 33.750 2.002 41.250
v 33.750 -0.952 41.500
v 33.750 1.941 41.500
v 33.750 2.000 41.259
v 33.750 -0.946 41.750
v 33.750 1.870 41.750
v 33.750 -0.940 42.000
v 33.750 1.779 42.000
v 33.750 -0.933 42.250
v 33.561 1.750 42.250
v 33.750 1.653 42.250
v 33.750 1.750 42.063
v 33.750 -0.926 42.500
v 33.718 1.500 42.500
v 33.750 1.473 42.500
v 33.750 1.500 42.468
v 33.750 -0.877 42.750
v 33.721 1.250 42.750
v 33.750 1.211 42.750
v 33.750 1.250 42.720
v 33.750 -0.750 42.875
v 33.635 -0.750 43.000
v 33.750 -0.500 42.970
v 33.723 -0.500 43.000
v 33.750 -0.330 43.000
v 33.654 1.000 43.000
v 33.750 0.779 43.000
v 33.750 1.000 42.898
v 33.520 -0.500 43.250
v 33.750 -0.250 43.015
v 33.568 -0.250 43.250
v 33.750 0.000 43.062
v 33.602 0.000 43.250
v 33.750 0.250 43.094
v 33.621 0.250 43.250
v 33.750 0.500 43.077
v 33.601 0.500 43.250
v 33.750 0.750 43.013
v 33.545 0.750 43.250
v 34.000 -1.295 32.000
v 34.000 1.654 32.000
v 34.000 -1.291 32.250
v 34.000 1.659 32.250
v 34.000 -1.286 32.500
v 34.000 1.633 32.500
v 34.000 -1.282 32.750
v 34.000 1.574 32.750
v 34.000 -1.277 33.000
v 33.967 1.500 33.000
v 34.000 1.485 33.000
v 34.000 1.500 32.960
v 34.000 -1.271 33.250
v 33.784 1.500 33.250
v 34.000 1.377 33.250
v 34.000 -1.265 33.500
v 34.000 1.255 33.500
v 34.000 -1.250 33.538
v 33.799 -1.250 33.750
v 34.000 -1.110 33.750
v 33.858 1.250 33.750
v 34.000 1.117 33.750
v 34.000 1.250 33.510
v 34.000 -1.000 33.864
v 33.880 -1.000 34.000
v 34.000 -0.839 34.000
v 33.970 1.000 34.000
v 34.000 0.958 34.000
v 34.000 1.000 33.946
v 34.000 -0.750 34.099
v 33.911 -0.750 34.250
v 34.000 -0.592 34.250
v 33.864 1.000 34.250
v 34.000 0.776 34.250
v 33.822 -0.750 34.500
v 34.000 -0.500 34.378
v 33.955 -0.500 34.500
v 34.000 -0.384 34.500
v 33.932 0.750 34.500
v 34.000 0.564 34.500
v 34.000 0.750 34.294
v 33.797 1.000 34.500
v 33.780 -0.750 34.750
v 33.912 -0.500 34.750
v 34.000 -0.250 34.733
v 33.996 -0.250 34.750
v 34.000 -0.214 34.750
v 33.973 0.500 34.750
v 34.000 0.336 34.750
v 34.000 0.500 34.613
v 33.893 0.750 34.750
v 33.771 1.000 34.750
v 33.782 -0.750 35.000
v 33.913 -0.500 35.000
v 33.990 -0.250 35.000
v 34.000 -0.132 35.000
v 33.971 0.500 35.000
v 34.000 0.290 35.000
v 33.902 0.750 35.000
v 33.791 1.000 35.000
v 33.828 -0.750 35.250
v 33.962 -0.500 35.250
v 34.000 -0.374 35.250
v 34.000 -0.250 35.057
v 34.000 0.500 35.141
v 33.960 0.750 35.250
v 34.000 0.594 35.250
v 33.856 1.000 35.250
v 33.919 -0.750 35.500
v 34.000 -0.608 35.500
v 34.000 -0.500 35.348
v 34.000 0.750 35.340
v 33.966 1.000 35.500
v 34.000 0.922 35.500
v 33.796 1.250 35.500
v 33.840 -1.000 35.750
v 34.000 -0.806 35.750
v 34.000 -0.750 35.662
v 34.000 1.000 35.558
v 33.937 1.250 35.750
v 34.000 1.166 35.750
v 33.951 -1.000 36.000
v 34.000 -0.973 36.000
v 34.000 1.250 35.862
v 33.807 1.500 36.000
v 34.000 1.328 36.000
v 34.000 -1.000 36.052
v 34.000 -1.062 36.250
v 33.936 1.500 36.250
v 34.000 1.447 36.250
v 34.000 -1.061 36.500
v 34.000 1.500 36.382
v 34.000 1.543 36.500
v 34.000 -1.061 36.750
v 33.806 1.750 36.750
v 34.000 1.631 36.750
v 34.000 -1.059 37.000
v 33.923 1.750 37.000
v 34.000 1.707 37.000
v 34.000 -1.058 37.250
v 34.000 1.750 37.152
v 34.000 1.775 37.250
v 34.000 -1.055 37.500
v 34.000 1.830 37.500
v 34.000 -1.052 37.750
v 34.000 1.888 37.750
v 34.000 -1.047 38.000
v 33.768 2.000 38.000
v 34.000 1.949 38.000
v 34.000 -1.043 38.250
v 34.000 2.000 38.196
v 34.000 2.014 38.250
v 34.000 -1.036 38.500
v 34.000 2.077 38.500
v 34.000 -1.030 38.750
v 34.000 2.128 38.750
v 34.000 -1.024 39.000
v 34.000 2.162 39.000
v 34.000 -1.017 39.250
v 34.000 2.174 39.250
v 34.000 -1.010 39.500
v 34.000 2.164 39.500
v 34.000 -1.004 39.750
v 34.000 2.142 39.750
v 34.000 -1.000 39.905
v 34.000 -0.998 40.000
v 34.000 2.121 40.000
v 34.000 -0.991 40.250
v 34.000 2.106 40.250
v 34.000 -0.985 40.500
v 34.000 2.088 40.500
v 34.000 -0.978 40.750
v 34.000 2.057 40.750
v 34.000 -0.971 41.000
v 34.000 2.007 41.000
v 34.000 -0.965 41.250
v 33.759 2.000 41.250
v 34.000 1.938 41.250
v 34.000 2.000 41.025
v 34.000 -0.958 41.500
v 34.000 1.858 41.500
v 34.000 -0.953 41.750
v 34.000 1.764 41.750
v 34.000 -0.946 42.000
v 33.808 1.750 42.000
v 34.000 1.642 42.000
v 34.000 1.750 41.782
v 34.000 -0.940 42.250
v 33.963 1.500 42.250
v 34.000 1.468 42.250
v 34.000 1.500 42.211
v 34.000 -0.895 42.500
v 33.966 1.250 42.500
v 34.000 1.206 42.500
v 34.000 1.250 42.466
v 34.000 -0.750 42.630
v 33.871 -0.750 42.750
v 34.000 -0.500 42.719
v 33.965 -0.500 42.750
v 34.000 -0.314 42.750
v 33.891 1.000 42.750
v 34.000 0.773 42.750
v 34.000 1.000 42.641
v 34.000 -0.250 42.761
v 33.763 -0.250 43.000
v 34.000 0.000 42.806
v 33.804 0.000 43.000
v 34.000 0.250 42.838
v 33.836 0.250 43.000
v 34.000 0.500 42.825
v 33.823 0.500 43.000
v 34.000 0.750 42.761
v 33.762 0.750 43.000
v 34.250 -1.305 32.000
v 34.250 1.622 32.000
v 34.250 -1.300 32.250
v 34.250 1.602 32.250
v 34.250 -1.295 32.500
v 34.250 1.550 32.500
v 34.250 -1.290 32.750
v 34.176 1.500 32.750
v 34.250 1.467 32.750
v 34.250 1.500 32.653
v 34.250 -1.285 33.000
v 34.250 1.356 33.000
v 34.250 -1.279 33.250
v 34.214 1.250 33.250
v 34.250 1.227 33.250
v 34.250 1.250 33.210
v 34.250 -1.250 33.335
v 34.052 -1.250 33.500
v 34.250 -1.157 33.500
v 34.007 1.250 33.500
v 34.250 1.070 33.500
v 34.250 -1.000 33.643
v 34.119 -1.000 33.750
v 34.250 -0.854 33.750
v 34.129 1.000 33.750
v 34.250 0.858 33.750
v 34.250 1.000 33.600
v 34.250 -0.750 33.832
v 34.072 -0.750 34.000
v 34.250 -0.500 33.989
v 34.238 -0.500 34.000
v 34.250 -0.470 34.000
v 34.146 0.750 34.000
v 34.250 0.523 34.000
v 34.250 0.750 33.855
v 34.051 -0.500 34.250
v 34.250 -0.250 34.100
v 34.151 -0.250 34.250
v 34.250 0.000 34.140
v 34.180 0.000 34.250
v 34.250 0.250 34.114
v 34.167 0.250 34.250
v 34.250 0.500 34.015
v 34.114 0.500 34.250
v 34.015 0.750 34.250
v 34.048 -0.250 34.500
v 34.075 0.000 34.500
v 34.066 0.250 34.500
v 34.021 0.500 34.500
v 34.020 0.000 34.750
v 34.013 0.250 34.750
v 34.010 0.000 35.000
v 34.005 0.250 35.000
v 34.032 -0.250 35.250
v 34.053 0.000 35.250
v 34.050 0.250 35.250
v 34.021 0.500 35.250
v 34.051 -0.500 35.500
v 34.123 -0.250 35.500
v 34.152 0.000 35.500
v 34.153 0.250 35.500
v 34.124 0.500 35.500
v 34.065 0.750 35.500
v 34.036 -0.750 35.750
v 34.161 -0.500 35.750
v 34.248 -0.250 35.750
v 34.250 -0.241 35.750
v 34.250 0.000 35.677
v 34.250 0.250 35.669
v 34.250 0.500 35.724
v 34.198 0.750 35.750
v 34.250 0.555 35.750
v 34.096 1.000 35.750
v 34.151 -0.750 36.000
v 34.250 -0.560 36.000
v 34.250 -0.500 35.936
v 34.250 -0.250 35.753
v 34.250 0.750 35.844
v 34.222 1.000 36.000
v 34.250 0.940 36.000
v 34.064 1.250 36.000
v 34.082 -1.000 36.250
v 34.250 -0.771 36.250
v 34.250 -0.750 36.221
v 34.250 1.000 36.059
v 34.172 1.250 36.250
v 34.250 1.140 36.250
v 34.168 -1.000 36.500
v 34.250 -0.949 36.500
v 34.250 1.250 36.414
v 34.049 1.500 36.500
v 34.250 1.298 36.500
v 34.250 -1.000 36.586
v 34.250 -1.057 36.750
v 34.166 1.500 36.750
v 34.250 1.427 36.750
v 34.250 -1.057 37.000
v 34.250 1.500 36.913
v 34.250 1.535 37.000
v 34.250 -1.056 37.250
v 34.044 1.750 37.250
v 34.250 1.623 37.250
v 34.250 -1.053 37.500
v 34.163 1.750 37.500
v 34.250 1.702 37.500
v 34.250 -1.051 37.750
v 34.250 1.750 37.649
v 34.250 1.780 37.750
v 34.250 -1.048 38.000
v 34.250 1.861 38.000
v 34.250 -1.043 38.250
v 34.053 2.000 38.250
v 34.250 1.945 38.250
v 34.250 -1.039 38.500
v 34.250 2.000 38.418
v 34.250 2.027 38.500
v 34.250 -1.032 38.750
v 34.250 2.088 38.750
v 34.250 -1.026 39.000
v 34.250 2.128 39.000
v 34.250 -1.020 39.250
v 34.250 2.145 39.250
v 34.250 -1.013 39.500
v 34.250 2.137 39.500
v 34.250 -1.007 39.750
v 34.250 2.114 39.750
v 34.114 -1.000 40.000
v 34.250 -1.003 40.000
v 34.250 2.087 40.000
v 34.250 -1.000 40.103
v 34.250 -0.996 40.250
v 34.250 2.061 40.250
v 34.250 -0.991 40.500
v 34.250 2.029 40.500
v 34.250 -0.985 40.750
v 34.191 2.000 40.750
v 34.250 1.982 40.750
v 34.250 2.000 40.656
v 34.250 -0.979 41.000
v 34.017 2.000 41.000
v 34.250 1.907 41.000
v 34.250 -0.973 41.250
v 34.250 1.815 41.250
v 34.250 -0.966 41.500
v 34.182 1.750 41.500
v 34.250 1.705 41.500
v 34.250 1.750 41.403
v 34.250 -0.959 41.750
v 34.022 1.750 41.750
v 34.250 1.587 41.750
v 34.250 -0.953 42.000
v 34.177 1.500 42.000
v 34.250 1.431 42.000
v 34.250 1.500 41.899
v 34.250 -0.916 42.250
v 34.209 1.250 42.250
v 34.250 1.196 42.250
v 34.250 1.250 42.203
v 34.250 -0.750 42.404
v 34.144 -0.750 42.500
v 34.250 -0.532 42.500
v 34.140 1.000 42.500
v 34.250 0.785 42.500
v 34.250 1.000 42.388
v 34.250 -0.500 42.513
v 34.250 -0.250 42.572
v 34.013 -0.250 42.750
v 34.250 0.000 42.614
v 34.068 0.000 42.750
v 34.250 0.250 42.629
v 34.102 0.250 42.750
v 34.250 0.500 42.598
v 34.082 0.500 42.750
v 34.250 0.750 42.518
v 34.011 0.750 42.750
v 34.500 -1.315 32.000
v 34.500 1.570 32.000
v 34.500 -1.309 32.250
v 34.500 1.528 32.250
v 34.500 -1.304 32.500
v 34.382 1.500 32.500
v 34.500 1.453 32.500
v 34.500 1.500 32.344
v 34.500 -1.298 32.750
v 34.500 1.347 32.750
v 34.500 -1.292 33.000
v 34.442 1.250 33.000
v 34.500 1.214 33.000
v 34.500 1.250 32.938
v 34.500 -1.250 33.166
v 34.393 -1.250 33.250
v 34.500 -1.214 33.250
v 34.500 1.053 33.250
v 34.500 -1.000 33.442
v 34.428 -1.000 33.500
v 34.500 -0.921 33.500
v 34.336 1.000 33.500
v 34.500 0.828 33.500
v 34.500 1.000 33.322
v 34.500 -0.750 33.620
v 34.341 -0.750 33.750
v 34.500 -0.512 33.750
v 34.474 0.500 33.750
v 34.500 0.428 33.750
v 34.500 0.500 33.723
v 34.500 0.750 33.569
v 34.335 0.750 33.750
v 34.500 -0.500 33.757
v 34.500 -0.250 33.834
v 34.328 -0.250 34.000
v 34.500 0.000 33.853
v 34.355 0.000 34.000
v 34.500 0.250 33.816
v 34.331 0.250 34.000
v 34.260 0.500 34.000
v 34.287 0.000 35.750
v 34.292 0.250 35.750
v 34.263 0.500 35.750
v 34.277 -0.500 36.000
v 34.368 -0.250 36.000
v 34.414 0.000 36.000
v 34.425 0.250 36.000
v 34.397 0.500 36.000
v 34.329 0.750 36.000
v 34.262 -0.750 36.250
v 34.378 -0.500 36.250
v 34.472 -0.250 36.250
v 34.500 -0.116 36.250
v 34.500 0.000 36.193
v 34.500 0.250 36.158
v 34.500 0.500 36.210
v 34.450 0.750 36.250
v 34.500 0.572 36.250
v 34.334 1.000 36.250
v 34.366 -0.750 36.500
v 34.479 -0.500 36.500
v 34.500 -0.443 36.500
v 34.500 -0.250 36.320
v 34.500 0.750 36.350
v 34.459 1.000 36.500
v 34.500 0.917 36.500
v 34.289 1.250 36.500
v 34.314 -1.000 36.750
v 34.468 -0.750 36.750
v 34.500 -0.681 36.750
v 34.500 -0.500 36.552
v 34.500 1.000 36.580
v 34.414 1.250 36.750
v 34.500 1.135 36.750
v 34.359 -1.000 37.000
v 34.500 -0.875 37.000
v 34.500 -0.750 36.827
v 34.500 1.250 36.911
v 34.292 1.500 37.000
v 34.500 1.303 37.000
v 34.500 -1.000 37.220
v 34.500 -1.012 37.250
v 34.411 1.500 37.250
v 34.500 1.419 37.250
v 34.500 -1.053 37.500
v 34.500 1.500 37.428
v 34.500 1.528 37.500
v 34.500 -1.051 37.750
v 34.304 1.750 37.750
v 34.500 1.626 37.750
v 34.500 -1.049 38.000
v 34.476 1.750 38.000
v 34.500 1.737 38.000
v 34.500 -1.044 38.250
v 34.500 1.750 38.031
v 34.500 1.839 38.250
v 34.500 -1.040 38.500
v 34.324 2.000 38.500
v 34.500 1.933 38.500
v 34.500 -1.034 38.750
v 34.500 2.000 38.734
v 34.500 2.005 38.750
v 34.500 -1.028 39.000
v 34.500 2.047 39.000
v 34.500 -1.023 39.250
v 34.500 2.066 39.250
v 34.500 -1.016 39.500
v 34.500 2.062 39.500
v 34.500 -1.011 39.750
v 34.500 2.035 39.750
v 34.500 -1.007 40.000
v 34.500 2.004 40.000
v 34.452 -1.000 40.250
v 34.500 -1.001 40.250
v 34.411 2.000 40.250
v 34.500 1.963 40.250
v 34.500 2.000 40.023
v 34.500 -1.000 40.314
v 34.500 -0.997 40.500
v 34.319 2.000 40.500
v 34.500 1.918 40.500
v 34.500 -0.991 40.750
v 34.500 1.851 40.750
v 34.500 -0.986 41.000
v 34.500 1.754 41.000
v 34.500 -0.978 41.250
v 34.341 1.750 41.250
v 34.500 1.623 41.250
v 34.500 1.750 41.008
v 34.500 -0.973 41.500
v 34.482 1.500 41.500
v 34.500 1.482 41.500
v 34.500 1.500 41.470
v 34.500 -0.964 41.750
v 34.342 1.500 41.750
v 34.500 1.330 41.750
v 34.500 -0.908 42.000
v 34.412 1.250 42.000
v 34.500 1.131 42.000
v 34.500 1.250 41.864
v 34.500 -0.750 42.140
v 34.404 -0.750 42.250
v 34.500 -0.566 42.250
v 34.380 1.000 42.250
v 34.500 0.765 42.250
v 34.500 1.000 42.108
v 34.500 -0.500 42.283
v 34.265 -0.500 42.500
v 34.500 -0.250 42.364
v 34.341 -0.250 42.500
v 34.500 0.000 42.408
v 34.393 0.000 42.500
v 34.500 0.250 42.406
v 34.398 0.250 42.500
v 34.500 0.500 42.354
v 34.353 0.500 42.500
v 34.500 0.750 42.258
v 34.267 0.750 42.500
v 34.750 -1.325 32.000
v 34.750 1.507 32.000
v 34.750 -1.318 32.250
v 34.596 1.500 32.250
v 34.750 1.455 32.250
v 34.750 1.500 32.035
v 34.750 -1.312 32.500
v 34.750 1.369 32.500
v 34.750 -1.306 32.750
v 34.735 1.250 32.750
v 34.750 1.243 32.750
v 34.750 1.250 32.738
v 34.750 -1.280 33.000
v 34.750 1.067 33.000
v 34.750 -1.250 33.042
v 34.750 -1.000 33.247
v 34.745 -1.000 33.250
v 34.750 -0.995 33.250
v 34.572 1.000 33.250
v 34.750 0.830 33.250
v 34.750 1.000 33.086
v 34.750 -0.750 33.413
v 34.644 -0.750 33.500
v 34.750 -0.592 33.500
v 34.734 0.500 33.500
v 34.750 0.467 33.500
v 34.750 0.500 33.485
v 34.750 0.750 33.321
v 34.569 0.750 33.500
v 34.750 -0.500 33.549
v 34.508 -0.500 33.750
v 34.750 -0.250 33.626
v 34.598 -0.250 33.750
v 34.750 0.000 33.639
v 34.617 0.000 33.750
v 34.750 0.250 33.590
v 34.570 0.250 33.750
v 34.522 0.000 36.250
v 34.539 0.250 36.250
v 34.518 0.500 36.250
v 34.566 -0.250 36.500
v 34.617 0.000 36.500
v 34.641 0.250 36.500
v 34.629 0.500 36.500
v 34.571 0.750 36.500
v 34.578 -0.500 36.750
v 34.668 -0.250 36.750
v 34.723 0.000 36.750
v 34.750 0.247 36.750
v 34.750 0.250 36.749
v 34.743 0.500 36.750
v 34.750 0.262 36.750
v 34.690 0.750 36.750
v 34.584 1.000 36.750
v 34.572 -0.750 37.000
v 34.690 -0.500 37.000
v 34.750 -0.345 37.000
v 34.750 -0.250 36.924
v 34.750 0.000 36.809
v 34.750 0.500 36.766
v 34.750 0.750 36.881
v 34.704 1.000 37.000
v 34.750 0.892 37.000
v 34.544 1.250 37.000
v 34.511 -1.000 37.250
v 34.677 -0.750 37.250
v 34.750 -0.617 37.250
v 34.750 -0.500 37.127
v 34.750 1.000 37.106
v 34.652 1.250 37.250
v 34.750 1.105 37.250
v 34.577 -1.000 37.500
v 34.750 -0.810 37.500
v 34.750 -0.750 37.412
v 34.750 1.250 37.477
v 34.532 1.500 37.500
v 34.750 1.262 37.500
v 34.685 -1.000 37.750
v 34.750 -0.973 37.750
v 34.654 1.500 37.750
v 34.750 1.405 37.750
v 34.750 -1.000 37.817
v 34.750 -1.048 38.000
v 34.750 1.500 37.908
v 34.750 1.549 38.000
v 34.750 -1.045 38.250
v 34.650 1.750 38.250
v 34.750 1.682 38.250
v 34.750 -1.041 38.500
v 34.750 1.750 38.407
v 34.750 1.788 38.500
v 34.750 -1.037 38.750
v 34.509 2.000 38.750
v 34.750 1.862 38.750
v 34.750 -1.030 39.000
v 34.586 2.000 39.000
v 34.750 1.899 39.000
v 34.750 -1.025 39.250
v 34.618 2.000 39.250
v 34.750 1.916 39.250
v 34.750 -1.019 39.500
v 34.614 2.000 39.500
v 34.750 1.914 39.500
v 34.750 -1.014 39.750
v 34.567 2.000 39.750
v 34.750 1.885 39.750
v 34.750 -1.009 40.000
v 34.507 2.000 40.000
v 34.750 1.849 40.000
v 34.750 -1.004 40.250
v 34.750 1.798 40.250
v 34.695 -1.000 40.500
v 34.750 -1.001 40.500
v 34.743 1.750 40.500
v 34.750 1.744 40.500
v 34.750 1.750 40.474
v 34.750 -1.000 40.535
v 34.750 -0.995 40.750
v 34.636 1.750 40.750
v 34.750 1.653 40.750
v 34.750 -0.991 41.000
v 34.505 1.750 41.000
v 34.750 1.532 41.000
v 34.750 -0.984 41.250
v 34.627 1.500 41.250
v 34.750 1.363 41.250
v 34.750 1.500 41.051
v 34.750 -0.963 41.500
v 34.706 1.250 41.500
v 34.750 1.192 41.500
v 34.750 1.250 41.420
v 34.750 -0.789 41.750
v 34.745 1.000 41.750
v 34.750 0.991 41.750
v 34.750 1.000 41.741
v 34.568 1.250 41.750
v 34.750 -0.750 41.790
v 34.609 -0.750 42.000
v 34.750 -0.500 41.972
v 34.731 -0.500 42.000
v 34.750 -0.438 42.000
v 34.709 0.750 42.000
v 34.750 0.632 42.000
v 34.750 0.750 41.941
v 34.585 1.000 42.000
v 34.531 -0.500 42.250
v 34.750 -0.250 42.077
v 34.611 -0.250 42.250
v 34.750 0.000 42.126
v 34.651 0.000 42.250
v 34.750 0.250 42.120
v 34.645 0.250 42.250
v 34.750 0.500 42.058
v 34.595 0.500 42.250
v 34.507 0.750 42.250
v 35.000 -1.333 32.000
v 34.780 1.500 32.000
v 35.000 1.446 32.000
v 35.000 -1.327 32.250
v 35.000 1.397 32.250
v 35.000 -1.322 32.500
v 35.000 1.303 32.500
v 35.000 -1.316 32.750
v 35.000 1.149 32.750
v 35.000 1.250 32.595
v 35.000 -1.250 32.869
v 34.819 -1.250 33.000
v 35.000 -1.116 33.000
v 34.873 1.000 33.000
v 35.000 0.912 33.000
v 35.000 1.000 32.922
v 35.000 -1.000 33.085
v 35.000 -0.750 33.227
v 34.966 -0.750 33.250
v 35.000 -0.700 33.250
v 34.836 0.750 33.250
v 35.000 0.549 33.250
v 35.000 0.750 33.131
v 35.000 -0.500 33.347
v 34.809 -0.500 33.500
v 35.000 -0.250 33.421
v 34.903 -0.250 33.500
v 35.000 0.000 33.434
v 34.919 0.000 33.500
v 35.000 0.250 33.382
v 34.857 0.250 33.500
v 35.000 0.500 33.278
v 34.750 0.250 36.750
v 34.788 -0.250 37.000
v 34.840 0.000 37.000
v 34.862 0.250 37.000
v 34.851 0.500 37.000
v 34.802 0.750 37.000
v 34.810 -0.500 37.250
v 34.915 -0.250 37.250
v 34.961 0.000 37.250
v 34.976 0.250 37.250
v 34.959 0.500 37.250
v 34.905 0.750 37.250
v 34.809 1.000 37.250
v 34.788 -0.750 37.500
v 34.927 -0.500 37.500
v 35.000 -0.328 37.500
v 35.000 -0.250 37.430
v 35.000 0.000 37.336
v 35.000 0.250 37.306
v 35.000 0.500 37.347
v 35.000 0.750 37.477
v 34.909 1.000 37.500
v 35.000 0.776 37.500
v 34.759 1.250 37.500
v 34.908 -0.750 37.750
v 35.000 -0.598 37.750
v 35.000 -0.500 37.644
v 35.000 1.000 37.686
v 34.877 1.250 37.750
v 35.000 1.054 37.750
v 34.819 -1.000 38.000
v 35.000 -0.803 38.000
v 35.000 -0.750 37.929
v 35.000 1.250 37.984
v 34.800 1.500 38.000
v 35.000 1.261 38.000
v 34.915 -1.000 38.250
v 35.000 -0.966 38.250
v 34.943 1.500 38.250
v 35.000 1.434 38.250
v 35.000 -1.000 38.340
v 35.000 -1.041 38.500
v 35.000 1.500 38.381
v 34.797 1.750 38.500
v 35.000 1.554 38.500
v 35.000 -1.038 38.750
v 34.881 1.750 38.750
v 35.000 1.629 38.750
v 35.000 -1.032 39.000
v 34.918 1.750 39.000
v 35.000 1.663 39.000
v 35.000 -1.027 39.250
v 34.929 1.750 39.250
v 35.000 1.673 39.250
v 35.000 -1.020 39.500
v 34.928 1.750 39.500
v 35.000 1.672 39.500
v 35.000 -1.015 39.750
v 34.899 1.750 39.750
v 35.000 1.643 39.750
v 35.000 -1.010 40.000
v 34.861 1.750 40.000
v 35.000 1.605 40.000
v 35.000 -1.007 40.250
v 34.804 1.750 40.250
v 35.000 1.541 40.250
v 35.000 -1.002 40.500
v 34.975 1.500 40.500
v 35.000 1.467 40.500
v 35.000 1.500 40.390
v 35.000 -1.000 40.646
v 35.000 -0.998 40.750
v 34.888 1.500 40.750
v 35.000 1.349 40.750
v 35.000 -0.952 41.000
v 34.965 1.250 41.000
v 35.000 1.193 41.000
v 35.000 1.250 40.916
v 34.778 1.500 41.000
v 35.000 -0.820 41.250
v 34.839 1.250 41.250
v 35.000 1.000 41.250
v 35.000 -0.750 41.344
v 34.920 -0.750 41.500
v 35.000 -0.591 41.500
v 34.998 0.750 41.500
v 35.000 0.745 41.500
v 35.000 0.750 41.496
v 35.000 1.000 41.250
v 34.876 1.000 41.500
v 34.776 -0.750 41.750
v 35.000 -0.500 41.577
v 34.899 -0.500 41.750
v 35.000 -0.250 41.709
v 34.976 -0.250 41.750
v 35.000 -0.072 41.750
v 35.000 0.250 41.750
v 35.000 0.247 41.750
v 35.000 0.250 41.750
v 35.000 0.500 41.661
v 34.953 0.500 41.750
v 34.870 0.750 41.750
v 34.805 -0.250 42.000
v 35.000 0.000 41.763
v 34.840 0.000 42.000
v 34.835 0.250 42.000
v 34.792 0.500 42.000
v 35.250 -1.341 32.000
v 35.250 1.380 32.000
v 35.250 -1.335 32.250
v 35.250 1.330 32.250
v 35.250 -1.330 32.500
v 35.186 1.250 32.500
v 35.250 1.229 32.500
v 35.250 1.250 32.455
v 35.250 -1.250 32.750
v 35.250 1.033 32.750
v 35.250 -1.250 32.750
v 35.250 -1.000 32.932
v 35.136 -1.000 33.000
v 35.250 -0.870 33.000
v 35.197 0.750 33.000
v 35.250 0.690 33.000
v 35.250 0.750 32.968
v 35.250 1.000 32.782
v 35.250 -0.750 33.061
v 35.250 -0.500 33.161
v 35.125 -0.500 33.250
v 35.250 -0.250 33.219
v 35.209 -0.250 33.250
v 35.250 0.000 33.229
v 35.222 0.000 33.250
v 35.250 0.250 33.186
v 35.163 0.250 33.250
v 35.250 0.500 33.098
v 35.035 0.500 33.250
v 35.032 -0.250 37.500
v 35.073 0.000 37.500
v 35.085 0.250 37.500
v 35.066 0.500 37.500
v 35.010 0.750 37.500
v 35.053 -0.500 37.750
v 35.156 -0.250 37.750
v 35.193 0.000 37.750
v 35.203 0.250 37.750
v 35.184 0.500 37.750
v 35.128 0.750 37.750
v 35.029 1.000 37.750
v 35.037 -0.750 38.000
v 35.188 -0.500 38.000
v 35.250 -0.362 38.000
v 35.250 -0.250 37.918
v 35.250 0.000 37.853
v 35.250 0.250 37.838
v 35.250 0.500 37.879
v 35.250 0.750 37.996
v 35.152 1.000 38.000
v 35.250 0.756 38.000
v 35.008 1.250 38.000
v 35.155 -0.750 38.250
v 35.250 -0.599 38.250
v 35.250 -0.500 38.127
v 35.250 1.000 38.243
v 35.124 1.250 38.250
v 35.250 1.006 38.250
v 35.048 -1.000 38.500
v 35.239 -0.750 38.500
v 35.250 -0.733 38.500
v 35.204 1.250 38.500
v 35.250 1.157 38.500
v 35.043 1.500 38.500
v 35.054 -1.000 38.750
v 35.250 -0.786 38.750
v 35.250 -0.750 38.576
v 35.245 1.250 38.750
v 35.250 1.239 38.750
v 35.099 1.500 38.750
v 35.054 -1.000 39.000
v 35.250 -0.819 39.000
v 35.250 1.250 38.805
v 35.125 1.500 39.000
v 35.250 1.283 39.000
v 35.055 -1.000 39.250
v 35.250 -0.847 39.250
v 35.131 1.500 39.250
v 35.250 1.295 39.250
v 35.063 -1.000 39.500
v 35.250 -0.901 39.500
v 35.132 1.500 39.500
v 35.250 1.308 39.500
v 35.068 -1.000 39.750
v 35.250 -0.935 39.750
v 35.111 1.500 39.750
v 35.250 1.291 39.750
v 35.048 -1.000 40.000
v 35.250 -0.930 40.000
v 35.081 1.500 40.000
v 35.250 1.253 40.000
v 35.019 -1.000 40.250
v 35.250 -0.865 40.250
v 35.204 1.250 40.250
v 35.250 1.174 40.250
v 35.250 1.250 40.008
v 35.031 1.500 40.250
v 35.004 -1.000 40.500
v 35.250 -0.755 40.500
v 35.142 1.250 40.500
v 35.250 1.060 40.500
v 35.250 -0.750 40.512
v 35.191 -0.750 40.750
v 35.250 -0.608 40.750
v 35.203 1.000 40.750
v 35.250 0.894 40.750
v 35.250 1.000 40.605
v 35.064 1.250 40.750
v 35.121 -0.750 41.000
v 35.250 -0.500 40.908
v 35.225 -0.500 41.000
v 35.250 -0.394 41.000
v 35.211 0.750 41.000
v 35.250 0.609 41.000
v 35.250 0.750 40.902
v 35.105 1.000 41.000
v 35.042 -0.750 41.250
v 35.153 -0.500 41.250
v 35.250 -0.250 41.138
v 35.220 -0.250 41.250
v 35.250 0.000 41.234
v 35.246 0.000 41.250
v 35.250 0.250 41.197
v 35.233 0.250 41.250
v 35.250 0.500 41.081
v 35.188 0.500 41.250
v 35.111 0.750 41.250
v 35.000 1.000 41.250
v 35.040 -0.500 41.500
v 35.111 -0.250 41.500
v 35.138 0.000 41.500
v 35.124 0.250 41.500
v 35.076 0.500 41.500
v 35.008 0.000 41.750
v 35.500 -1.349 32.000
v 35.500 1.296 32.000
v 35.500 -1.344 32.250
v 35.442 1.250 32.250
v 35.500 1.222 32.250
v 35.500 1.250 32.163
v 35.500 -1.303 32.500
v 35.500 1.078 32.500
v 35.500 -1.250 32.563
v 35.250 -1.250 32.750
v 35.500 -1.006 32.750
v 35.295 1.000 32.750
v 35.500 0.807 32.750
v 35.500 1.000 32.588
v 35.500 -1.000 32.754
v 35.500 -0.750 32.886
v 35.337 -0.750 33.000
v 35.500 -0.500 32.982
v 35.475 -0.500 33.000
v 35.500 -0.406 33.000
v 35.492 0.250 33.000
v 35.500 0.213 33.000
v 35.500 0.250 32.994
v 35.500 0.500 32.914
v 35.380 0.500 33.000
v 35.500 0.750 32.788
v 35.500 -0.250 33.028
v 35.500 0.000 33.033
v 35.295 -0.250 38.000
v 35.329 0.000 38.000
v 35.333 0.250 38.000
v 35.309 0.500 38.000
v 35.252 0.750 38.000
v 35.304 -0.500 38.250
v 35.403 -0.250 38.250
v 35.431 0.000 38.250
v 35.427 0.250 38.250
v 35.397 0.500 38.250
v 35.340 0.750 38.250
v 35.253 1.000 38.250
v 35.381 -0.500 38.500
v 35.479 -0.250 38.500
v 35.500 -0.015 38.500
v 35.500 0.000 38.496
v 35.491 0.250 38.500
v 35.500 0.031 38.500
v 35.457 0.500 38.500
v 35.400 0.750 38.500
v 35.318 1.000 38.500
v 35.273 -0.750 38.750
v 35.413 -0.500 38.750
v 35.500 -0.270 38.750
v 35.500 -0.250 38.687
v 35.500 0.250 38.595
v 35.479 0.500 38.750
v 35.500 0.356 38.750
v 35.424 0.750 38.750
v 35.348 1.000 38.750
v 35.296 -0.750 39.000
v 35.437 -0.500 39.000
v 35.500 -0.334 39.000
v 35.500 0.500 38.979
v 35.445 0.750 39.000
v 35.500 0.509 39.000
v 35.370 1.000 39.000
v 35.268 1.250 39.000
v 35.315 -0.750 39.250
v 35.456 -0.500 39.250
v 35.500 -0.384 39.250
v 35.462 0.750 39.250
v 35.500 0.592 39.250
v 35.381 1.000 39.250
v 35.275 1.250 39.250
v 35.352 -0.750 39.500
v 35.489 -0.500 39.500
v 35.500 -0.472 39.500
v 35.490 0.750 39.500
v 35.500 0.715 39.500
v 35.400 1.000 39.500
v 35.284 1.250 39.500
v 35.373 -0.750 39.750
v 35.500 -0.512 39.750
v 35.500 -0.500 39.659
v 35.500 0.750 39.656
v 35.404 1.000 39.750
v 35.500 0.765 39.750
v 35.275 1.250 39.750
v 35.362 -0.750 40.000
v 35.500 -0.500 39.810
v 35.482 -0.500 40.000
v 35.500 -0.445 40.000
v 35.492 0.750 40.000
v 35.500 0.721 40.000
v 35.500 0.750 39.849
v 35.387 1.000 40.000
v 35.252 1.250 40.000
v 35.318 -0.750 40.250
v 35.429 -0.500 40.250
v 35.500 -0.250 40.246
v 35.499 -0.250 40.250
v 35.500 -0.244 40.250
v 35.453 0.750 40.250
v 35.500 0.573 40.250
v 35.346 1.000 40.250
v 35.253 -0.750 40.500
v 35.352 -0.500 40.500
v 35.411 -0.250 40.500
v 35.500 0.000 40.342
v 35.444 0.000 40.500
v 35.500 0.250 40.373
v 35.458 0.250 40.500
v 35.500 0.500 40.309
v 35.441 0.500 40.500
v 35.383 0.750 40.500
v 35.281 1.000 40.500
v 35.289 -0.500 40.750
v 35.343 -0.250 40.750
v 35.373 0.000 40.750
v 35.384 0.250 40.750
v 35.365 0.500 40.750
v 35.306 0.750 40.750
v 35.281 -0.250 41.000
v 35.307 0.000 41.000
v 35.307 0.250 41.000
v 35.277 0.500 41.000
v 35.750 -1.358 32.000
v 35.596 1.250 32.000
v 35.750 1.168 32.000
v 35.750 -1.315 32.250
v 35.750 1.038 32.250
v 35.750 -1.250 32.331
v 35.570 -1.250 32.500
v 35.750 -1.041 32.500
v 35.584 1.000 32.500
v 35.750 0.812 32.500
v 35.750 1.000 32.302
v 35.750 -1.000 32.530
v 35.505 -1.000 32.750
v 35.750 -0.750 32.678
v 35.667 -0.750 32.750
v 35.750 -0.593 32.750
v 35.689 0.500 32.750
v 35.750 0.359 32.750
v 35.750 0.500 32.695
v 35.750 0.750 32.548
v 35.542 0.750 32.750
v 35.750 -0.500 32.788
v 35.750 -0.250 32.832
v 35.535 -0.250 33.000
v 35.750 0.000 32.832
v 35.539 0.000 33.000
v 35.750 0.250 32.787
v 35.501 0.000 38.500
v 35.507 -0.250 38.750
v 35.528 0.000 38.750
v 35.515 0.250 38.750
v 35.533 -0.250 39.000
v 35.557 0.000 39.000
v 35.544 0.250 39.000
v 35.502 0.500 39.000
v 35.554 -0.250 39.250
v 35.584 0.000 39.250
v 35.571 0.250 39.250
v 35.526 0.500 39.250
v 35.586 -0.250 39.500
v 35.618 0.000 39.500
v 35.609 0.250 39.500
v 35.564 0.500 39.500
v 35.506 -0.500 39.750
v 35.594 -0.250 39.750
v 35.625 0.000 39.750
v 35.621 0.250 39.750
v 35.581 0.500 39.750
v 35.506 0.750 39.750
v 35.560 -0.250 40.000
v 35.591 0.000 40.000
v 35.592 0.250 40.000
v 35.560 0.500 40.000
v 35.533 0.000 40.250
v 35.540 0.250 40.250
v 35.518 0.500 40.250
v 36.000 -1.313 32.000
v 35.990 1.000 32.000
v 36.000 0.992 32.000
v 36.000 -1.250 32.072
v 35.830 -1.250 32.250
v 36.000 -1.036 32.250
v 35.791 1.000 32.250
v 36.000 0.767 32.250
v 36.000 -1.000 32.277
v 35.781 -1.000 32.500
v 36.000 -0.750 32.438
v 35.938 -0.750 32.500
v 36.000 -0.636 32.500
v 35.951 0.500 32.500
v 36.000 0.394 32.500
v 36.000 0.500 32.447
v 36.000 0.750 32.266
v 35.796 0.750 32.500
v 36.000 -0.500 32.568
v 35.797 -0.500 32.750
v 36.000 -0.250 32.620
v 35.851 -0.250 32.750
v 36.000 0.000 32.617
v 35.849 0.000 32.750
v 36.000 0.250 32.561
v 35.794 0.250 32.750
v 36.067 -1.250 32.000
v 36.250 -1.010 32.000
v 36.222 0.750 32.000
v 36.250 0.710 32.000
v 36.250 -1.000 32.008
v 36.027 -1.000 32.250
v 36.250 -0.750 32.179
v 36.186 -0.750 32.250
v 36.250 -0.623 32.250
v 36.184 0.500 32.250
v 36.250 0.355 32.250
v 36.250 0.500 32.168
v 36.015 0.750 32.250
v 36.250 -0.500 32.313
v 36.071 -0.500 32.500
v 36.250 -0.250 32.366
v 36.125 -0.250 32.500
v 36.250 0.000 32.361
v 36.122 0.000 32.500
v 36.250 0.250 32.298
v 36.063 0.250 32.500
v 36.257 -1.000 32.000
v 36.398 -0.750 32.000
v 36.498 -0.500 32.000
v 36.500 -0.489 32.000
v 36.476 0.250 32.000
v 36.500 0.139 32.000
v 36.376 0.500 32.000
v 36.305 -0.500 32.250
v 36.500 -0.250 32.047
v 36.348 -0.250 32.250
v 36.500 0.000 32.038
v 36.343 0.000 32.250
v 36.291 0.250 32.250
v 36.532 -0.250 32.000
v 36.526 0.000 32.000
vn -0.088 0.969 0.231
vn 0.037 -0.819 0.573
vn -0.112 0.951 0.287
vn 0.019 -0.848 0.530
vn 0.019 -0.849 0.528
vn -0.133 0.934 0.332
vn 0.002 -0.847 0.531
vn -0.132 0.939 0.319
vn -0.085 0.982 0.171
vn -0.022 -0.851 0.525
vn -0.049 -0.858 0.511
vn 0.024 1.000 0.012
vn -0.124 -0.902 0.414
vn 0.027 1.000 -0.012
vn -0.155 -0.919 0.362
vn -0.204 -0.940 0.274
vn 0.027 1.000 -0.012
vn -0.272 -0.951 0.148
vn 0.026 1.000 -0.008
vn -0.329 -0.943 0.055
vn 0.023 1.000 -0.003
vn -0.374 -0.927 0.002
vn 0.022 1.000 -0.000
vn -0.404 -0.915 -0.018
vn 0.022 1.000 -0.003
vn -0.427 -0.904 -0.026
vn 0.022 1.000 -0.008
vn -0.439 -0.898 -0.036
vn 0.021 1.000 -0.016
vn -0.431 -0.901 -0.060
vn 0.020 1.000 -0.020
vn -0.403 -0.909 -0.109
vn 0.012 1.000 -0.013
vn -0.341 -0.921 -0.186
vn -0.106 0.976 -0.188
vn -0.255 -0.932 -0.256
vn -0.270 -0.931 -0.246
vn -0.191 0.915 -0.357
vn -0.234 0.853 -0.466
vn -0.155 -0.948 -0.278
vn -0.174 0.870 -0.461
vn -0.052 -0.960 -0.274
vn -0.151 0.892 -0.426
vn -0.119 0.920 -0.373
vn 0.056 -0.961 -0.272
vn -0.064 0.970 -0.235
vn 0.173 -0.940 -0.295
vn 0.087 -0.957 -0.277
vn -0.013 0.995 -0.095
vn 0.285 -0.892 -0.351
vn 0.008 1.000 -0.022
vn 0.412 -0.822 -0.392
vn 0.007 1.000 -0.010
vn 0.537 -0.730 -0.423
vn 0.414 -0.822 -0.392
vn 0.024 1.000 -0.012
vn 0.636 -0.628 -0.449
vn 0.613 -0.655 -0.442
vn 0.251 0.959 -0.130
vn 0.708 -0.543 -0.452
vn 0.484 0.810 -0.331
vn 0.603 0.680 -0.417
vn 0.779 -0.463 -0.423
vn 0.711 -0.539 -0.452
vn 0.799 0.402 -0.447
vn 0.806 0.386 -0.448
vn 0.843 -0.350 -0.409
vn 0.792 -0.444 -0.419
vn 0.867 0.236 -0.439
vn 0.898 0.134 -0.420
vn 0.899 0.126 -0.419
vn 0.906 -0.151 -0.395
vn 0.896 -0.210 -0.392
vn 0.855 -0.329 -0.402
vn 0.916 0.046 -0.399
vn 0.918 -0.085 -0.388
vn 0.800 0.113 0.590
vn 0.792 0.124 0.598
vn 0.820 -0.010 0.572
vn 0.793 -0.173 0.584
vn 0.792 -0.175 0.585
vn 0.700 0.326 0.636
vn 0.640 0.434 0.634
vn 0.762 0.202 0.616
vn 0.736 -0.350 0.579
vn 0.685 -0.446 0.576
vn 0.590 0.543 0.597
vn 0.318 0.891 0.324
vn 0.660 -0.477 0.580
vn 0.600 -0.548 0.583
vn 0.056 0.998 0.016
vn 0.591 -0.562 0.578
vn 0.531 -0.650 0.544
vn 0.035 0.999 -0.027
vn 0.515 -0.679 0.523
vn 0.456 -0.756 0.470
vn 0.036 0.999 -0.022
vn 0.384 -0.834 0.396
vn 0.375 -0.843 0.386
vn 0.033 0.999 -0.019
vn 0.288 -0.908 0.304
vn 0.026 1.000 -0.017
vn 0.193 -0.956 0.220
vn 0.020 1.000 -0.019
vn 0.105 -0.984 0.143
vn 0.019 1.000 -0.021
vn 0.052 -0.994 0.099
vn 0.029 -0.996 0.081
vn 0.025 0.999 -0.021
vn -0.042 -0.999 0.028
vn 0.030 0.999 -0.019
vn -0.113 -0.993 -0.025
vn 0.030 0.999 -0.015
vn -0.178 -0.980 -0.087
vn 0.023 1.000 -0.012
vn -0.234 -0.959 -0.160
vn -0.193 -0.976 -0.105
vn 0.015 1.000 -0.012
vn -0.289 -0.926 -0.245
vn 0.012 1.000 -0.014
vn -0.359 -0.873 -0.331
vn 0.016 1.000 -0.014
vn -0.446 -0.788 -0.424
vn -0.434 -0.802 -0.411
vn -0.013 0.995 -0.096
vn -0.522 -0.650 -0.552
vn -0.408 0.732 -0.545
vn -0.574 -0.425 -0.700
vn -0.534 -0.600 -0.596
vn -0.474 0.615 -0.630
vn -0.558 0.332 -0.760
vn -0.585 0.238 -0.775
vn -0.659 -0.197 -0.726
vn -0.651 -0.229 -0.724
vn -0.613 -0.299 -0.731
vn -0.577 -0.409 -0.707
vn -0.590 0.213 -0.779
vn -0.623 0.086 -0.777
vn -0.651 -0.038 -0.758
vn -0.666 -0.153 -0.730
vn -0.092 0.976 0.199
vn 0.019 -0.838 0.546
vn -0.128 0.958 0.257
vn -0.008 -0.855 0.519
vn -0.009 -0.856 0.517
vn -0.166 0.939 0.301
vn -0.035 -0.863 0.503
vn -0.193 0.935 0.298
vn -0.203 0.938 0.281
vn -0.074 -0.875 0.478
vn -0.103 -0.886 0.452
vn -0.076 0.993 0.092
vn -0.200 -0.920 0.338
vn 0.011 1.000 -0.010
vn -0.283 -0.938 0.203
vn -0.288 -0.937 0.197
vn 0.031 0.999 -0.012
vn -0.298 -0.937 0.181
vn -0.352 -0.933 0.078
vn 0.029 1.000 -0.010
vn -0.397 -0.918 -0.002
vn 0.027 1.000 -0.005
vn -0.424 -0.905 -0.040
vn 0.025 1.000 -0.002
vn -0.448 -0.893 -0.052
vn 0.024 1.000 -0.003
vn -0.470 -0.881 -0.046
vn -0.471 -0.881 -0.047
vn -0.468 -0.882 -0.047
vn 0.022 1.000 -0.010
vn -0.481 -0.876 -0.033
vn -0.485 -0.874 -0.035
vn 0.021 1.000 -0.017
vn -0.479 -0.877 -0.038
vn -0.488 -0.872 -0.037
vn 0.006 1.000 -0.020
vn -0.452 -0.889 -0.073
vn -0.471 -0.880 -0.063
vn -0.109 0.986 -0.129
vn -0.382 -0.912 -0.148
vn -0.425 -0.899 -0.104
vn -0.300 0.889 -0.347
vn -0.298 0.888 -0.350
vn -0.315 0.876 -0.364
vn -0.338 -0.930 -0.147
vn -0.267 0.866 -0.422
vn -0.224 -0.960 -0.169
vn -0.196 0.894 -0.402
vn -0.109 -0.980 -0.168
vn -0.196 0.895 -0.402
vn -0.129 0.941 -0.312
vn 0.013 -0.987 -0.163
vn -0.064 0.983 -0.174
vn 0.123 -0.974 -0.190
vn 0.081 -0.981 -0.178
vn -0.009 0.998 -0.058
vn 0.229 -0.944 -0.238
vn 0.005 1.000 -0.013
vn 0.336 -0.901 -0.273
vn 0.005 1.000 -0.011
vn 0.455 -0.827 -0.329
vn 0.437 -0.845 -0.309
vn 0.004 1.000 -0.014
vn 0.620 -0.655 -0.433
vn 0.532 -0.769 -0.356
vn 0.462 -0.827 -0.320
vn 0.003 1.000 -0.017
vn 0.635 -0.659 -0.403
vn 0.621 -0.680 -0.390
vn 0.425 0.862 -0.276
vn 0.108 0.994 -0.013
vn 0.729 -0.556 -0.399
vn 0.698 -0.609 -0.376
vn 0.643 -0.658 -0.391
vn 0.471 0.846 -0.251
vn 0.328 0.933 -0.148
vn 0.798 0.405 -0.446
vn 0.804 -0.452 -0.386
vn 0.761 -0.551 -0.344
vn 0.756 -0.556 -0.346
vn 0.504 0.813 -0.291
vn 0.673 0.627 -0.392
vn 0.814 0.415 -0.406
vn 0.876 0.239 -0.419
vn 0.898 0.134 -0.419
vn 0.899 -0.209 -0.386
vn 0.871 -0.329 -0.366
vn 0.833 -0.442 -0.334
vn 0.823 -0.467 -0.323
vn 0.842 0.419 -0.341
vn 0.844 0.414 -0.340
vn 0.902 0.254 -0.348
vn 0.928 0.145 -0.342
vn 0.938 0.053 -0.342
vn 0.941 -0.077 -0.329
vn 0.928 -0.204 -0.311
vn 0.900 -0.323 -0.293
vn 0.881 -0.379 -0.283
vn 0.847 -0.437 -0.303
vn 0.928 0.276 -0.252
vn 0.923 0.292 -0.251
vn 0.958 0.160 -0.238
vn 0.971 0.068 -0.229
vn 0.976 -0.060 -0.209
vn 0.962 -0.197 -0.188
vn 0.934 -0.311 -0.176
vn 0.926 -0.325 -0.189
vn 0.933 0.283 -0.224
vn 0.971 0.228 -0.068
vn 0.980 0.190 -0.055
vn 0.995 0.093 -0.023
vn 0.999 -0.039 0.003
vn 0.981 -0.195 0.013
vn 0.961 -0.276 0.006
vn 0.924 0.225 0.310
vn 0.916 0.285 0.283
vn 0.929 0.121 0.349
vn 0.928 -0.015 0.372
vn 0.912 -0.190 0.363
vn 0.879 -0.356 0.318
vn 0.755 0.335 0.564
vn 0.868 0.357 0.345
vn 0.714 0.486 0.504
vn 0.781 0.206 0.590
vn 0.760 -0.351 0.547
vn 0.872 -0.367 0.323
vn 0.718 -0.491 0.493
vn 0.730 -0.493 0.473
vn 0.716 -0.499 0.488
vn 0.608 0.533 0.588
vn 0.692 0.520 0.501
vn 0.383 0.877 0.292
vn 0.674 -0.482 0.560
vn 0.641 -0.574 0.509
vn 0.072 0.997 0.013
vn 0.596 -0.563 0.573
vn 0.641 -0.575 0.509
vn 0.555 -0.662 0.504
vn 0.030 0.999 -0.029
vn 0.511 -0.682 0.523
vn 0.529 -0.690 0.494
vn 0.451 -0.764 0.462
vn 0.034 0.999 -0.023
vn 0.356 -0.846 0.396
vn 0.356 -0.847 0.395
vn 0.351 -0.850 0.392
vn 0.035 0.999 -0.023
vn 0.271 -0.910 0.314
vn 0.033 0.999 -0.024
vn 0.186 -0.957 0.223
vn 0.026 0.999 -0.025
vn 0.104 -0.985 0.138
vn 0.021 1.000 -0.022
vn 0.033 -0.997 0.069
vn 0.021 1.000 -0.018
vn 0.018 -0.998 0.055
vn -0.031 -0.999 0.011
vn 0.026 1.000 -0.015
vn -0.097 -0.994 -0.044
vn 0.032 0.999 -0.015
vn -0.146 -0.987 -0.068
vn -0.170 -0.981 -0.098
vn -0.108 -0.993 -0.052
vn 0.032 0.999 -0.019
vn -0.188 -0.978 -0.096
vn -0.243 -0.958 -0.154
vn 0.026 0.999 -0.020
vn -0.307 -0.926 -0.222
vn 0.018 1.000 -0.018
vn -0.363 -0.879 -0.310
vn 0.014 1.000 -0.014
vn -0.412 -0.821 -0.396
vn -0.422 -0.807 -0.412
vn -0.410 -0.824 -0.391
vn 0.016 0.999 -0.043
vn -0.495 -0.695 -0.521
vn -0.261 0.882 -0.393
vn -0.537 -0.612 -0.580
vn -0.564 -0.499 -0.657
vn -0.519 -0.643 -0.562
vn -0.461 0.620 -0.634
vn -0.481 0.601 -0.638
vn -0.572 0.316 -0.757
vn -0.570 0.317 -0.758
vn -0.576 0.298 -0.761
vn -0.601 -0.288 -0.746
vn -0.592 -0.224 -0.774
vn -0.586 -0.297 -0.754
vn -0.574 -0.443 -0.689
vn -0.579 -0.409 -0.706
vn -0.601 0.193 -0.775
vn -0.591 0.211 -0.778
vn -0.617 0.061 -0.785
vn -0.623 0.075 -0.779
vn -0.616 -0.063 -0.785
vn -0.642 -0.052 -0.765
vn -0.604 -0.162 -0.780
vn -0.658 -0.157 -0.736
vn -0.593 -0.219 -0.775
vn -0.081 0.985 0.154
vn 0.000 -0.861 0.508
vn -0.132 0.968 0.211
vn -0.050 -0.868 0.493
vn -0.051 -0.869 0.493
vn -0.188 0.950 0.249
vn -0.101 -0.883 0.459
vn -0.234 0.933 0.274
vn -0.251 0.933 0.256
vn -0.178 -0.903 0.390
vn -0.190 -0.907 0.375
vn -0.271 0.930 0.248
vn -0.283 0.932 0.226
vn -0.293 -0.923 0.249
vn -0.176 0.979 0.100
vn -0.374 -0.919 0.126
vn -0.096 0.995 0.005
vn -0.374 -0.926 0.063
vn -0.420 -0.907 0.031
vn -0.034 0.999 -0.012
vn -0.412 -0.911 -0.014
vn -0.439 -0.898 -0.030
vn 0.008 1.000 -0.007
vn -0.431 -0.901 -0.047
vn -0.447 -0.892 -0.061
vn 0.010 1.000 -0.003
vn -0.450 -0.892 -0.055
vn -0.464 -0.883 -0.076
vn 0.001 1.000 -0.006
vn -0.484 -0.872 -0.075
vn -0.018 1.000 -0.011
vn -0.510 -0.858 -0.059
vn -0.046 0.998 -0.031
vn -0.530 -0.847 -0.041
vn -0.175 0.972 -0.155
vn -0.527 -0.849 -0.030
vn -0.341 0.884 -0.319
vn -0.335 0.888 -0.316
vn -0.355 0.874 -0.331
vn -0.488 -0.872 -0.026
vn -0.352 0.868 -0.350
vn -0.408 -0.913 -0.029
vn -0.288 0.890 -0.354
vn -0.291 -0.956 -0.040
vn -0.256 0.903 -0.345
vn -0.197 0.895 -0.401
vn -0.206 0.922 -0.326
vn -0.159 -0.987 -0.038
vn -0.123 0.964 -0.237
vn -0.027 -0.999 -0.044
vn -0.047 0.993 -0.110
vn 0.097 -0.987 -0.128
vn 0.080 -0.993 -0.086
vn -0.005 1.000 -0.028
vn 0.179 -0.974 -0.139
vn 0.119 -0.987 -0.106
vn 0.000 1.000 -0.008
vn 0.260 -0.947 -0.186
vn 0.001 1.000 -0.010
vn 0.325 -0.917 -0.231
vn 0.003 1.000 -0.014
vn 0.460 -0.832 -0.310
vn 0.398 -0.877 -0.269
vn 0.004 1.000 -0.016
vn 0.497 -0.819 -0.287
vn 0.473 -0.834 -0.284
vn 0.005 1.000 -0.016
vn 0.664 -0.665 -0.341
vn 0.610 -0.741 -0.282
vn 0.001 1.000 -0.012
vn 0.758 -0.556 -0.341
vn 0.712 -0.648 -0.272
vn 0.701 -0.665 -0.258
vn 0.389 0.899 -0.203
vn 0.121 0.993 -0.012
vn 0.796 -0.536 -0.281
vn 0.764 -0.601 -0.235
vn 0.730 -0.637 -0.247
vn 0.441 0.886 -0.142
vn 0.312 0.947 -0.074
vn 0.841 0.421 -0.340
vn 0.863 -0.429 -0.266
vn 0.825 -0.516 -0.228
vn 0.811 -0.544 -0.216
vn 0.512 0.833 -0.209
vn 0.514 0.832 -0.210
vn 0.841 0.467 -0.273
vn 0.929 -0.326 -0.176
vn 0.884 -0.431 -0.180
vn 0.839 -0.511 -0.185
vn 0.839 -0.511 -0.185
vn 0.860 0.491 -0.136
vn 0.729 0.665 -0.165
vn 0.944 0.314 -0.101
vn 0.938 -0.347 -0.006
vn 0.887 -0.459 -0.044
vn 0.859 -0.507 -0.071
vn 0.840 -0.511 -0.184
vn 0.832 0.522 0.187
vn 0.714 0.692 0.104
vn 0.901 0.354 0.250
vn 0.876 -0.366 0.314
vn 0.840 -0.485 0.244
vn 0.825 -0.533 0.189
vn 0.697 0.524 0.489
vn 0.315 0.944 0.098
vn 0.709 -0.571 0.414
vn 0.781 -0.563 0.269
vn 0.710 -0.594 0.379
vn 0.068 0.998 -0.013
vn 0.641 -0.575 0.508
vn 0.615 -0.672 0.412
vn 0.028 0.999 -0.033
vn 0.543 -0.690 0.479
vn 0.615 -0.672 0.412
vn 0.513 -0.764 0.391
vn 0.032 0.999 -0.029
vn 0.404 -0.845 0.352
vn 0.407 -0.844 0.349
vn 0.403 -0.846 0.348
vn 0.030 0.999 -0.023
vn 0.303 -0.905 0.299
vn 0.031 0.999 -0.023
vn 0.200 -0.954 0.225
vn 0.029 0.999 -0.028
vn 0.105 -0.985 0.139
vn 0.027 0.999 -0.029
vn 0.026 -0.997 0.067
vn 0.024 0.999 -0.024
vn -0.033 -0.999 0.009
vn 0.024 1.000 -0.015
vn -0.058 -0.998 -0.018
vn -0.085 -0.995 -0.047
vn 0.028 1.000 -0.010
vn -0.101 -0.994 -0.050
vn -0.143 -0.984 -0.110
vn 0.031 0.999 -0.013
vn -0.214 -0.961 -0.174
vn 0.032 0.999 -0.021
vn -0.293 -0.928 -0.231
vn 0.029 0.999 -0.026
vn -0.364 -0.885 -0.291
vn 0.025 0.999 -0.024
vn -0.405 -0.842 -0.356
vn -0.421 -0.826 -0.373
vn -0.403 -0.848 -0.345
vn 0.021 1.000 -0.016
vn -0.472 -0.735 -0.486
vn -0.167 0.951 -0.259
vn -0.510 -0.658 -0.554
vn -0.531 -0.577 -0.620
vn -0.497 -0.680 -0.539
vn -0.502 0.568 -0.652
vn -0.499 0.566 -0.656
vn -0.580 0.358 -0.732
vn -0.563 -0.331 -0.758
vn -0.562 -0.321 -0.762
vn -0.562 -0.333 -0.757
vn -0.552 -0.492 -0.673
vn -0.570 -0.454 -0.685
vn -0.597 0.291 -0.748
vn -0.626 0.183 -0.758
vn -0.609 0.189 -0.770
vn -0.625 0.075 -0.777
vn -0.620 0.065 -0.782
vn -0.599 -0.042 -0.800
vn -0.602 -0.056 -0.796
vn -0.570 -0.150 -0.808
vn -0.587 -0.161 -0.793
vn -0.557 -0.234 -0.797
vn -0.591 -0.219 -0.776
vn -0.054 0.994 0.100
vn 0.011 -0.892 0.452
vn -0.112 0.982 0.151
vn -0.056 -0.875 0.481
vn -0.066 -0.893 0.445
vn -0.178 0.967 0.182
vn -0.077 -0.894 0.440
vn -0.149 -0.908 0.392
vn -0.250 0.951 0.184
vn -0.210 -0.912 0.351
vn -0.256 -0.925 0.281
vn -0.308 0.929 0.206
vn -0.320 0.933 0.166
vn -0.339 -0.923 0.184
vn -0.359 -0.920 0.158
vn -0.362 0.921 0.144
vn -0.376 0.915 0.144
vn -0.426 -0.903 0.065
vn -0.371 0.918 0.141
vn -0.346 0.929 0.131
vn -0.457 -0.890 0.004
vn -0.270 0.956 0.112
vn -0.465 -0.885 -0.036
vn -0.189 0.981 0.043
vn -0.471 -0.879 -0.070
vn -0.130 0.991 -0.008
vn -0.484 -0.870 -0.096
vn -0.098 0.995 -0.033
vn -0.500 -0.861 -0.097
vn -0.507 -0.855 -0.104
vn -0.485 -0.869 -0.096
vn -0.115 0.992 -0.060
vn -0.522 -0.849 -0.079
vn -0.534 -0.840 -0.094
vn -0.256 0.950 -0.181
vn -0.543 -0.839 -0.050
vn -0.554 -0.830 -0.060
vn -0.356 0.895 -0.269
vn -0.344 0.897 -0.276
vn -0.400 0.862 -0.311
vn -0.543 -0.839 -0.020
vn -0.553 -0.833 -0.007
vn -0.387 0.870 -0.305
vn -0.506 -0.862 0.004
vn -0.519 -0.853 0.049
vn -0.342 0.891 -0.297
vn -0.429 -0.903 0.021
vn -0.448 -0.890 0.086
vn -0.311 0.905 -0.290
vn -0.284 0.905 -0.318
vn -0.275 0.920 -0.279
vn -0.319 -0.947 0.034
vn -0.343 -0.934 0.101
vn -0.186 0.954 -0.236
vn -0.194 -0.979 0.061
vn -0.209 -0.973 0.101
vn -0.093 0.984 -0.150
vn -0.151 -0.985 0.087
vn -0.096 -0.993 0.075
vn -0.022 0.998 -0.056
vn 0.004 -1.000 0.017
vn -0.003 1.000 -0.013
vn 0.141 -0.985 -0.099
vn 0.094 -0.994 -0.052
vn -0.002 1.000 -0.007
vn 0.168 -0.978 -0.125
vn 0.162 -0.980 -0.119
vn -0.002 1.000 -0.008
vn 0.225 -0.958 -0.178
vn 0.001 1.000 -0.011
vn 0.288 -0.938 -0.195
vn 0.004 1.000 -0.014
vn 0.479 -0.836 -0.270
vn 0.375 -0.910 -0.180
vn 0.005 1.000 -0.016
vn 0.527 -0.826 -0.199
vn 0.474 -0.867 -0.153
vn 0.003 1.000 -0.019
vn 0.585 -0.797 -0.153
vn 0.574 -0.806 -0.144
vn -0.006 1.000 -0.018
vn 0.748 -0.627 -0.220
vn 0.656 -0.740 -0.148
vn 0.602 -0.786 -0.145
vn -0.013 1.000 -0.023
vn 0.768 -0.611 -0.191
vn 0.712 -0.684 -0.159
vn 0.509 0.835 -0.208
vn 0.033 0.999 -0.042
vn 0.776 -0.607 -0.172
vn 0.746 -0.645 -0.165
vn 0.199 0.977 -0.081
vn 0.127 0.990 -0.067
vn 0.841 -0.535 -0.077
vn 0.785 -0.613 -0.091
vn 0.774 -0.626 -0.094
vn 0.124 0.990 -0.072
vn 0.127 0.989 -0.078
vn 0.814 -0.554 0.173
vn 0.764 -0.636 0.106
vn 0.755 -0.648 0.096
vn 0.051 0.997 -0.063
vn 0.685 -0.659 0.311
vn 0.655 -0.711 0.256
vn 0.035 0.998 -0.045
vn 0.615 -0.672 0.411
vn 0.554 -0.781 0.288
vn 0.029 0.999 -0.035
vn 0.477 -0.826 0.302
vn 0.508 -0.815 0.280
vn 0.467 -0.842 0.272
vn 0.028 0.999 -0.027
vn 0.377 -0.895 0.239
vn 0.029 0.999 -0.025
vn 0.269 -0.946 0.183
vn 0.027 0.999 -0.024
vn 0.150 -0.982 0.110
vn 0.027 0.999 -0.028
vn 0.045 -0.998 0.047
vn 0.028 0.999 -0.030
vn -0.031 -1.000 0.000
vn 0.028 0.999 -0.025
vn -0.088 -0.995 -0.042
vn 0.029 0.999 -0.014
vn -0.139 -0.985 -0.099
vn 0.028 1.000 -0.008
vn -0.198 -0.965 -0.173
vn 0.028 1.000 -0.011
vn -0.271 -0.929 -0.252
vn 0.028 0.999 -0.020
vn -0.355 -0.881 -0.314
vn 0.030 0.999 -0.027
vn -0.399 -0.855 -0.331
vn -0.431 -0.826 -0.362
vn -0.390 -0.857 -0.337
vn 0.027 0.999 -0.026
vn -0.492 -0.754 -0.435
vn -0.169 0.965 -0.202
vn -0.501 -0.694 -0.517
vn -0.543 -0.629 -0.557
vn -0.514 -0.706 -0.488
vn -0.594 0.491 -0.637
vn -0.590 0.493 -0.640
vn -0.627 0.401 -0.668
vn -0.555 -0.507 -0.659
vn -0.584 -0.415 -0.697
vn -0.569 -0.523 -0.635
vn -0.659 0.252 -0.709
vn -0.610 0.282 -0.741
vn -0.685 0.169 -0.709
vn -0.660 0.175 -0.731
vn -0.682 0.107 -0.724
vn -0.668 0.099 -0.737
vn -0.651 0.010 -0.759
vn -0.644 0.004 -0.765
vn -0.618 -0.118 -0.778
vn -0.603 -0.127 -0.788
vn -0.598 -0.237 -0.766
vn -0.569 -0.237 -0.788
vn -0.589 -0.363 -0.722
vn -0.014 0.999 0.044
vn 0.047 -0.923 0.383
vn -0.071 0.994 0.087
vn -0.045 -0.928 0.369
vn -0.135 0.984 0.112
vn -0.086 -0.933 0.349
vn -0.161 -0.940 0.300
vn -0.200 0.973 0.114
vn -0.279 -0.943 0.180
vn -0.259 0.960 0.104
vn -0.361 -0.921 0.148
vn -0.373 -0.925 0.071
vn -0.309 0.946 0.100
vn -0.429 -0.902 0.048
vn -0.436 -0.900 0.011
vn -0.353 0.927 0.125
vn -0.344 0.933 0.108
vn -0.462 -0.887 -0.004
vn -0.474 -0.880 -0.020
vn -0.336 0.934 0.120
vn -0.365 0.924 0.114
vn -0.473 -0.880 -0.040
vn -0.499 -0.865 -0.052
vn -0.353 0.930 0.106
vn -0.375 0.920 0.113
vn -0.479 -0.875 -0.073
vn -0.523 -0.848 -0.088
vn -0.352 0.930 0.109
vn -0.329 0.938 0.104
vn -0.484 -0.870 -0.096
vn -0.548 -0.828 -0.119
vn -0.250 0.968 0.023
vn -0.568 -0.813 -0.129
vn -0.296 0.941 -0.166
vn -0.577 -0.809 -0.110
vn -0.337 0.915 -0.223
vn -0.335 0.908 -0.253
vn -0.394 0.864 -0.313
vn -0.567 -0.822 -0.061
vn -0.567 -0.822 -0.061
vn -0.567 -0.821 -0.062
vn -0.377 0.877 -0.297
vn -0.541 -0.841 0.018
vn -0.541 -0.841 0.020
vn -0.347 0.898 -0.270
vn -0.523 -0.850 0.060
vn -0.499 -0.859 0.110
vn -0.332 0.906 -0.262
vn -0.323 0.906 -0.272
vn -0.292 0.927 -0.237
vn -0.442 -0.878 0.183
vn -0.217 0.956 -0.198
vn -0.358 -0.908 0.219
vn -0.129 0.981 -0.142
vn -0.265 -0.941 0.212
vn -0.044 0.997 -0.070
vn -0.127 -0.986 0.109
vn -0.186 -0.968 0.170
vn -0.003 1.000 -0.023
vn -0.136 -0.982 0.129
vn -0.108 -0.989 0.106
vn 0.000 1.000 -0.010
vn -0.035 -0.999 0.027
vn -0.001 1.000 -0.007
vn 0.160 -0.980 -0.121
vn 0.037 -0.998 -0.055
vn -0.001 1.000 -0.007
vn 0.121 -0.985 -0.120
vn 0.115 -0.986 -0.117
vn -0.001 1.000 -0.008
vn 0.193 -0.973 -0.125
vn 0.120 -0.986 -0.118
vn 0.002 1.000 -0.012
vn 0.271 -0.958 -0.094
vn 0.001 1.000 -0.017
vn 0.345 -0.937 -0.056
vn -0.002 1.000 -0.022
vn 0.419 -0.908 -0.033
vn -0.006 1.000 -0.028
vn 0.630 -0.765 -0.134
vn 0.502 -0.864 -0.046
vn -0.014 0.999 -0.032
vn 0.661 -0.738 -0.137
vn 0.572 -0.815 -0.093
vn -0.016 0.999 -0.036
vn 0.671 -0.727 -0.145
vn 0.617 -0.775 -0.134
vn -0.005 0.999 -0.052
vn 0.668 -0.737 -0.105
vn 0.640 -0.760 -0.111
vn 0.007 0.998 -0.056
vn 0.016 0.998 -0.059
vn 0.639 -0.769 0.020
vn 0.626 -0.780 0.011
vn 0.025 0.998 -0.050
vn 0.576 -0.798 0.176
vn 0.544 -0.826 0.146
vn 0.028 0.999 -0.046
vn 0.528 -0.809 0.260
vn 0.463 -0.864 0.201
vn 0.029 0.999 -0.039
vn 0.395 -0.899 0.191
vn 0.028 0.999 -0.029
vn 0.321 -0.938 0.134
vn 0.027 0.999 -0.024
vn 0.217 -0.975 0.057
vn 0.027 0.999 -0.025
vn 0.106 -0.994 -0.008
vn 0.027 0.999 -0.027
vn 0.009 -0.999 -0.045
vn 0.030 0.999 -0.028
vn -0.065 -0.996 -0.066
vn 0.032 0.999 -0.024
vn -0.130 -0.987 -0.099
vn 0.031 0.999 -0.016
vn -0.197 -0.968 -0.158
vn 0.027 1.000 -0.010
vn -0.272 -0.931 -0.245
vn 0.023 1.000 -0.012
vn -0.358 -0.871 -0.335
vn 0.024 1.000 -0.018
vn -0.391 -0.852 -0.347
vn -0.451 -0.800 -0.396
vn -0.391 -0.848 -0.359
vn 0.001 1.000 -0.027
vn -0.534 -0.729 -0.428
vn -0.215 0.952 -0.215
vn -0.532 -0.711 -0.460
vn -0.607 -0.622 -0.496
vn -0.554 -0.703 -0.446
vn -0.634 0.459 -0.622
vn -0.629 0.468 -0.621
vn -0.664 0.378 -0.645
vn -0.609 -0.529 -0.592
vn -0.663 -0.435 -0.609
vn -0.638 -0.529 -0.560
vn -0.708 0.220 -0.671
vn -0.681 0.239 -0.692
vn -0.728 0.147 -0.670
vn -0.717 0.156 -0.679
vn -0.734 0.127 -0.667
vn -0.727 0.126 -0.675
vn -0.730 0.059 -0.681
vn -0.728 0.058 -0.684
vn -0.715 -0.072 -0.695
vn -0.711 -0.074 -0.699
vn -0.696 -0.213 -0.686
vn -0.667 -0.220 -0.712
vn -0.675 -0.359 -0.644
vn -0.607 -0.363 -0.707
vn 0.021 1.000 0.001
vn 0.069 -0.947 0.314
vn -0.021 0.999 0.031
vn -0.023 -0.964 0.266
vn -0.073 0.996 0.054
vn -0.107 -0.971 0.212
vn -0.152 -0.971 0.182
vn -0.123 0.991 0.060
vn -0.277 -0.958 0.071
vn -0.167 0.984 0.057
vn -0.374 -0.927 -0.017
vn -0.205 0.977 0.059
vn -0.449 -0.892 -0.059
vn -0.242 0.967 0.073
vn -0.509 -0.857 -0.075
vn -0.278 0.956 0.091
vn -0.559 -0.823 -0.096
vn -0.306 0.947 0.102
vn -0.586 -0.801 -0.119
vn -0.602 -0.788 -0.127
vn -0.561 -0.822 -0.097
vn -0.331 0.937 0.107
vn -0.358 0.931 0.078
vn -0.598 -0.790 -0.133
vn -0.637 -0.757 -0.146
vn -0.361 0.932 0.008
vn -0.534 0.843 -0.055
vn -0.597 -0.792 -0.130
vn -0.655 -0.744 -0.131
vn -0.371 0.911 -0.182
vn -0.627 0.757 -0.184
vn -0.585 -0.804 -0.107
vn -0.647 -0.759 -0.079
vn -0.521 0.827 -0.213
vn -0.605 -0.796 -0.001
vn -0.348 0.904 -0.248
vn -0.540 -0.837 0.088
vn -0.346 0.905 -0.247
vn -0.331 0.907 -0.260
vn -0.268 0.938 -0.222
vn -0.496 -0.861 0.115
vn -0.472 -0.863 0.179
vn -0.206 0.964 -0.170
vn -0.425 -0.879 0.215
vn -0.408 -0.877 0.255
vn -0.131 0.985 -0.116
vn -0.358 -0.891 0.280
vn -0.347 -0.893 0.287
vn -0.056 0.997 -0.060
vn -0.316 -0.909 0.273
vn -0.009 1.000 -0.024
vn -0.273 -0.934 0.228
vn 0.003 1.000 -0.013
vn -0.144 -0.982 0.124
vn -0.228 -0.959 0.166
vn 0.004 1.000 -0.010
vn -0.181 -0.978 0.101
vn -0.176 -0.980 0.094
vn 0.003 1.000 -0.008
vn -0.113 -0.993 0.024
vn 0.001 1.000 -0.008
vn -0.027 -0.999 -0.025
vn -0.001 1.000 -0.008
vn 0.088 -0.995 -0.050
vn 0.072 -0.997 -0.038
vn -0.002 1.000 -0.012
vn 0.159 -0.987 -0.020
vn 0.121 -0.992 -0.028
vn -0.003 1.000 -0.019
vn 0.230 -0.973 0.013
vn -0.006 1.000 -0.025
vn 0.269 -0.962 0.033
vn 0.293 -0.955 0.042
vn 0.290 -0.956 0.044
vn -0.008 0.999 -0.031
vn 0.373 -0.927 0.030
vn 0.349 -0.936 0.043
vn -0.008 0.999 -0.033
vn 0.442 -0.897 -0.029
vn 0.411 -0.912 -0.015
vn -0.007 0.999 -0.033
vn 0.470 -0.877 -0.098
vn 0.459 -0.883 -0.095
vn -0.003 0.999 -0.036
vn 0.487 -0.865 -0.117
vn 0.466 -0.879 -0.102
vn 0.011 0.999 -0.047
vn 0.013 0.999 -0.048
vn 0.489 -0.871 -0.046
vn 0.020 0.999 -0.051
vn 0.434 -0.899 0.059
vn 0.025 0.999 -0.042
vn 0.363 -0.923 0.125
vn 0.028 0.999 -0.035
vn 0.319 -0.940 0.121
vn 0.310 -0.942 0.128
vn 0.294 -0.949 0.117
vn 0.029 0.999 -0.029
vn 0.276 -0.957 0.091
vn 0.219 -0.975 0.045
vn 0.028 0.999 -0.026
vn 0.201 -0.979 0.035
vn 0.135 -0.990 -0.044
vn 0.028 0.999 -0.024
vn 0.094 -0.995 -0.030
vn 0.053 -0.994 -0.100
vn 0.029 0.999 -0.025
vn -0.021 -0.992 -0.122
vn 0.015 -0.994 -0.112
vn 0.032 0.999 -0.025
vn -0.094 -0.986 -0.137
vn 0.034 0.999 -0.024
vn -0.176 -0.969 -0.174
vn 0.032 0.999 -0.019
vn -0.268 -0.932 -0.243
vn 0.025 1.000 -0.016
vn -0.365 -0.868 -0.337
vn 0.020 1.000 -0.015
vn -0.394 -0.843 -0.365
vn -0.467 -0.774 -0.428
vn -0.395 -0.844 -0.364
vn -0.028 0.999 -0.040
vn -0.566 -0.675 -0.474
vn -0.302 0.912 -0.278
vn -0.563 -0.698 -0.443
vn -0.666 -0.555 -0.498
vn -0.569 -0.671 -0.475
vn -0.659 0.466 -0.590
vn -0.654 0.476 -0.588
vn -0.703 0.329 -0.630
vn -0.673 -0.525 -0.521
vn -0.749 -0.368 -0.551
vn -0.688 -0.514 -0.511
vn -0.722 0.220 -0.656
vn -0.713 0.219 -0.667
vn -0.730 0.134 -0.670
vn -0.727 0.140 -0.672
vn -0.740 0.108 -0.664
vn -0.738 0.117 -0.665
vn -0.763 0.045 -0.644
vn -0.760 0.051 -0.648
vn -0.779 -0.071 -0.622
vn -0.773 -0.067 -0.631
vn -0.777 -0.199 -0.597
vn -0.757 -0.199 -0.622
vn -0.755 -0.344 -0.559
vn -0.704 -0.353 -0.617
vn 0.037 0.999 -0.016
vn 0.055 -0.968 0.245
vn 0.021 1.000 -0.007
vn -0.038 -0.986 0.160
vn -0.009 1.000 0.010
vn -0.152 -0.982 0.110
vn -0.154 -0.987 0.052
vn -0.047 0.999 0.020
vn -0.274 -0.962 -0.017
vn -0.274 -0.961 -0.050
vn -0.080 0.997 0.021
vn -0.378 -0.923 -0.074
vn -0.380 -0.916 -0.126
vn -0.109 0.994 0.025
vn -0.458 -0.884 -0.089
vn -0.474 -0.866 -0.160
vn -0.142 0.989 0.035
vn -0.517 -0.851 -0.089
vn -0.557 -0.813 -0.167
vn -0.181 0.982 0.051
vn -0.560 -0.823 -0.097
vn -0.625 -0.760 -0.176
vn -0.351 0.936 -0.012
vn -0.677 -0.714 -0.181
vn -0.677 -0.713 -0.181
vn -0.677 -0.714 -0.181
vn -0.635 0.747 -0.196
vn -0.694 -0.702 -0.161
vn -0.712 -0.681 -0.171
vn -0.694 0.685 -0.222
vn -0.714 0.669 -0.206
vn -0.736 0.639 -0.222
vn -0.697 -0.707 -0.120
vn -0.734 -0.669 -0.117
vn -0.709 0.691 -0.144
vn -0.748 0.652 -0.123
vn -0.677 -0.734 -0.053
vn -0.731 -0.682 -0.017
vn -0.626 0.771 -0.120
vn -0.732 0.681 0.004
vn -0.630 -0.776 0.035
vn -0.690 -0.718 0.097
vn -0.355 0.903 -0.243
vn -0.627 0.777 0.050
vn -0.566 -0.813 0.140
vn -0.608 -0.770 0.193
vn -0.341 0.938 -0.065
vn -0.501 -0.828 0.253
vn -0.507 -0.821 0.262
vn -0.124 0.987 -0.101
vn -0.493 -0.828 0.267
vn -0.424 -0.851 0.309
vn -0.053 0.997 -0.047
vn -0.351 -0.890 0.291
vn -0.385 -0.869 0.311
vn -0.015 1.000 -0.017
vn -0.375 -0.882 0.287
vn -0.374 -0.882 0.286
vn -0.002 1.000 -0.010
vn -0.362 -0.898 0.250
vn 0.002 1.000 -0.010
vn -0.339 -0.919 0.200
vn 0.005 1.000 -0.010
vn -0.182 -0.979 0.096
vn -0.301 -0.943 0.145
vn 0.004 1.000 -0.010
vn -0.164 -0.985 0.050
vn -0.250 -0.963 0.097
vn 0.002 1.000 -0.010
vn -0.117 -0.993 0.032
vn -0.176 -0.982 0.070
vn -0.001 1.000 -0.012
vn -0.115 -0.991 0.064
vn -0.083 -0.995 0.062
vn -0.004 1.000 -0.015
vn 0.136 -0.991 -0.006
vn 0.014 -0.998 0.069
vn -0.006 1.000 -0.020
vn 0.215 -0.976 0.021
vn 0.101 -0.991 0.085
vn -0.007 1.000 -0.027
vn 0.168 -0.981 0.101
vn -0.006 1.000 -0.030
vn 0.213 -0.973 0.093
vn -0.004 1.000 -0.031
vn 0.248 -0.968 0.037
vn -0.002 1.000 -0.031
vn 0.287 -0.957 -0.049
vn 0.000 0.999 -0.032
vn 0.449 -0.886 -0.113
vn 0.324 -0.941 -0.095
vn 0.004 0.999 -0.035
vn 0.005 0.999 -0.036
vn 0.412 -0.909 -0.059
vn 0.336 -0.939 -0.070
vn 0.018 0.999 -0.039
vn 0.363 -0.931 0.027
vn 0.305 -0.952 -0.003
vn 0.024 0.999 -0.038
vn 0.329 -0.939 0.104
vn 0.243 -0.969 0.048
vn 0.029 0.999 -0.035
vn 0.171 -0.985 0.036
vn 0.030 0.999 -0.029
vn 0.097 -0.995 -0.034
vn 0.030 0.999 -0.025
vn 0.032 -0.993 -0.112
vn 0.029 0.999 -0.024
vn -0.027 -0.987 -0.161
vn 0.030 0.999 -0.023
vn -0.086 -0.979 -0.187
vn -0.054 -0.983 -0.174
vn 0.032 0.999 -0.023
vn -0.161 -0.963 -0.216
vn 0.034 0.999 -0.024
vn -0.254 -0.929 -0.270
vn 0.031 0.999 -0.025
vn -0.357 -0.867 -0.349
vn 0.025 0.999 -0.023
vn -0.392 -0.843 -0.367
vn -0.467 -0.765 -0.445
vn -0.384 -0.845 -0.371
vn -0.041 0.997 -0.063
vn -0.555 -0.655 -0.514
vn -0.563 -0.641 -0.522
vn -0.554 -0.654 -0.515
vn -0.399 0.842 -0.362
vn -0.658 -0.503 -0.560
vn -0.660 -0.498 -0.562
vn -0.658 -0.503 -0.561
vn -0.569 -0.670 -0.477
vn -0.667 0.464 -0.582
vn -0.658 0.487 -0.574
vn -0.743 0.254 -0.619
vn -0.740 -0.354 -0.572
vn -0.752 -0.284 -0.595
vn -0.729 -0.354 -0.585
vn -0.688 -0.514 -0.513
vn -0.751 0.215 -0.624
vn -0.726 0.223 -0.651
vn -0.766 0.129 -0.630
vn -0.740 0.134 -0.659
vn -0.768 0.081 -0.636
vn -0.752 0.088 -0.653
vn -0.774 -0.001 -0.633
vn -0.771 0.008 -0.636
vn -0.777 -0.110 -0.620
vn -0.784 -0.100 -0.613
vn -0.765 -0.222 -0.605
vn -0.783 -0.210 -0.586
vn -0.757 -0.344 -0.555
vn 0.038 0.999 -0.016
vn 0.002 -0.987 0.162
vn 0.037 0.999 -0.016
vn -0.094 -0.994 0.059
vn 0.027 1.000 -0.015
vn -0.193 -0.979 -0.059
vn 0.010 1.000 -0.010
vn -0.293 -0.941 -0.167
vn -0.010 1.000 -0.005
vn -0.389 -0.888 -0.245
vn -0.033 0.999 -0.003
vn -0.480 -0.832 -0.279
vn -0.059 0.998 0.001
vn -0.567 -0.789 -0.237
vn -0.563 -0.777 -0.282
vn -0.501 -0.819 -0.280
vn -0.285 0.947 -0.149
vn -0.633 -0.748 -0.201
vn -0.637 -0.719 -0.276
vn -0.395 0.891 -0.225
vn -0.530 0.818 -0.225
vn -0.657 0.637 -0.402
vn -0.701 -0.665 -0.257
vn -0.702 -0.663 -0.259
vn -0.699 -0.667 -0.260
vn -0.674 0.699 -0.240
vn -0.753 0.559 -0.348
vn -0.757 0.560 -0.336
vn -0.760 0.555 -0.337
vn -0.742 -0.640 -0.199
vn -0.762 -0.609 -0.222
vn -0.782 0.582 -0.222
vn -0.814 0.542 -0.211
vn -0.765 -0.633 -0.119
vn -0.812 -0.567 -0.139
vn -0.782 0.615 -0.107
vn -0.834 0.546 -0.072
vn -0.768 -0.641 -0.003
vn -0.844 -0.536 -0.006
vn -0.761 0.648 0.028
vn -0.820 0.567 0.076
vn -0.748 -0.651 0.132
vn -0.833 -0.532 0.152
vn -0.720 0.673 0.169
vn -0.771 0.599 0.216
vn -0.717 -0.647 0.261
vn -0.765 -0.579 0.282
vn -0.647 0.711 0.275
vn -0.690 0.647 0.325
vn -0.701 -0.634 0.327
vn -0.659 -0.664 0.355
vn -0.623 0.727 0.290
vn -0.389 0.911 0.140
vn -0.489 -0.807 0.330
vn -0.560 -0.749 0.354
vn -0.133 0.991 -0.004
vn -0.527 -0.785 0.327
vn -0.512 -0.798 0.317
vn -0.010 1.000 -0.008
vn -0.377 -0.881 0.286
vn -0.488 -0.826 0.282
vn -0.007 1.000 -0.006
vn -0.437 -0.863 0.254
vn -0.472 -0.844 0.255
vn -0.003 1.000 -0.006
vn -0.457 -0.857 0.240
vn -0.444 -0.867 0.226
vn -0.000 1.000 -0.008
vn -0.409 -0.893 0.189
vn 0.002 1.000 -0.011
vn -0.354 -0.922 0.159
vn 0.000 1.000 -0.013
vn -0.298 -0.943 0.147
vn -0.000 1.000 -0.014
vn -0.101 -0.992 0.073
vn -0.224 -0.963 0.150
vn -0.003 1.000 -0.017
vn -0.148 -0.976 0.160
vn -0.140 -0.977 0.162
vn -0.004 1.000 -0.021
vn -0.049 -0.985 0.168
vn -0.004 1.000 -0.026
vn 0.025 -0.987 0.161
vn -0.001 1.000 -0.028
vn 0.072 -0.989 0.131
vn 0.001 1.000 -0.028
vn 0.097 -0.993 0.066
vn 0.003 1.000 -0.028
vn 0.123 -0.992 -0.015
vn 0.004 1.000 -0.029
vn 0.150 -0.986 -0.072
vn 0.006 0.999 -0.034
vn 0.008 1.000 -0.030
vn 0.160 -0.984 -0.077
vn 0.009 0.999 -0.030
vn 0.015 0.999 -0.031
vn 0.141 -0.989 -0.045
vn 0.022 0.999 -0.031
vn 0.093 -0.996 -0.018
vn 0.028 0.999 -0.030
vn 0.027 -0.999 -0.036
vn 0.031 0.999 -0.028
vn -0.040 -0.994 -0.098
vn 0.030 0.999 -0.026
vn -0.101 -0.981 -0.166
vn 0.031 0.999 -0.024
vn -0.158 -0.964 -0.212
vn 0.029 0.999 -0.023
vn -0.217 -0.945 -0.246
vn -0.160 -0.964 -0.213
vn 0.030 0.999 -0.022
vn -0.290 -0.911 -0.293
vn 0.029 0.999 -0.025
vn -0.369 -0.855 -0.363
vn 0.028 0.999 -0.028
vn -0.382 -0.845 -0.375
vn -0.464 -0.760 -0.454
vn -0.392 -0.836 -0.385
vn -0.028 0.996 -0.080
vn -0.542 -0.652 -0.531
vn -0.553 -0.632 -0.543
vn -0.542 -0.651 -0.531
vn -0.435 0.778 -0.453
vn -0.627 -0.502 -0.596
vn -0.636 -0.478 -0.606
vn -0.626 -0.501 -0.597
vn -0.650 0.440 -0.620
vn -0.654 0.470 -0.593
vn -0.736 0.181 -0.652
vn -0.742 0.185 -0.644
vn -0.754 0.138 -0.643
vn -0.691 -0.367 -0.623
vn -0.705 -0.247 -0.665
vn -0.678 -0.367 -0.637
vn -0.753 0.214 -0.622
vn -0.760 0.118 -0.639
vn -0.776 0.127 -0.618
vn -0.759 0.098 -0.643
vn -0.777 0.083 -0.624
vn -0.750 0.016 -0.661
vn -0.771 -0.002 -0.637
vn -0.732 -0.106 -0.673
vn -0.761 -0.116 -0.638
vn -0.708 -0.233 -0.667
vn -0.755 -0.227 -0.615
vn 0.040 0.999 -0.016
vn -0.077 -0.995 0.068
vn 0.038 0.999 -0.017
vn -0.172 -0.984 -0.039
vn 0.035 0.999 -0.018
vn -0.263 -0.952 -0.156
vn 0.031 0.999 -0.019
vn -0.344 -0.902 -0.262
vn 0.024 0.999 -0.022
vn -0.404 -0.855 -0.324
vn -0.408 -0.850 -0.334
vn -0.398 -0.859 -0.323
vn 0.015 1.000 -0.023
vn -0.479 -0.828 -0.292
vn -0.467 -0.803 -0.369
vn -0.150 0.968 -0.203
vn -0.534 -0.752 -0.387
vn -0.212 0.942 -0.259
vn -0.349 0.907 -0.235
vn -0.540 0.620 -0.570
vn -0.627 -0.709 -0.322
vn -0.625 -0.669 -0.403
vn -0.536 -0.750 -0.387
vn -0.597 0.554 -0.581
vn -0.675 0.552 -0.490
vn -0.669 0.501 -0.550
vn -0.722 -0.584 -0.371
vn -0.730 -0.562 -0.389
vn -0.703 -0.593 -0.391
vn -0.721 0.483 -0.497
vn -0.786 0.493 -0.374
vn -0.809 0.433 -0.398
vn -0.787 -0.554 -0.270
vn -0.836 -0.433 -0.337
vn -0.833 0.510 -0.214
vn -0.860 0.398 -0.320
vn -0.886 0.397 -0.238
vn -0.915 0.313 -0.257
vn -0.893 -0.397 -0.213
vn -0.927 -0.284 -0.246
vn -0.852 -0.415 -0.320
vn -0.829 -0.537 -0.154
vn -0.845 0.530 -0.069
vn -0.918 0.389 -0.076
vn -0.972 0.201 -0.122
vn -0.974 0.199 -0.111
vn -0.978 0.176 -0.113
vn -0.970 -0.224 -0.097
vn -0.984 -0.135 -0.114
vn -0.954 -0.236 -0.186
vn -0.927 -0.371 -0.057
vn -0.855 -0.518 -0.010
vn -0.834 0.545 0.082
vn -0.923 0.373 0.090
vn -0.982 0.178 0.071
vn -0.992 0.107 0.068
vn -0.976 -0.194 0.095
vn -0.993 -0.094 0.077
vn -0.935 -0.331 0.124
vn -0.860 -0.488 0.150
vn -0.809 0.541 0.230
vn -0.903 0.349 0.252
vn -0.933 0.253 0.257
vn -0.978 0.175 0.115
vn -0.962 -0.177 0.210
vn -0.909 -0.289 0.299
vn -0.932 -0.209 0.296
vn -0.842 -0.450 0.297
vn -0.788 0.517 0.336
vn -0.842 0.411 0.349
vn -0.891 0.342 0.298
vn -0.895 -0.280 0.348
vn -0.815 -0.418 0.402
vn -0.835 -0.367 0.410
vn -0.694 -0.621 0.365
vn -0.569 0.778 0.265
vn -0.776 0.516 0.364
vn -0.794 0.495 0.353
vn -0.816 -0.412 0.406
vn -0.713 -0.589 0.381
vn -0.759 -0.519 0.393
vn -0.546 0.779 0.308
vn -0.643 0.668 0.376
vn -0.732 -0.576 0.364
vn -0.554 -0.768 0.320
vn -0.701 -0.626 0.340
vn -0.583 0.740 0.334
vn -0.351 0.929 0.120
vn -0.611 -0.738 0.287
vn -0.653 -0.698 0.294
vn -0.141 0.990 -0.003
vn -0.625 -0.728 0.282
vn -0.602 -0.749 0.276
vn -0.009 1.000 -0.003
vn -0.469 -0.852 0.233
vn -0.551 -0.792 0.261
vn -0.008 1.000 -0.006
vn -0.475 -0.851 0.223
vn -0.503 -0.831 0.239
vn -0.004 1.000 -0.009
vn -0.468 -0.855 0.224
vn -0.447 -0.868 0.214
vn -0.003 1.000 -0.012
vn -0.395 -0.896 0.204
vn -0.000 1.000 -0.015
vn -0.336 -0.917 0.216
vn -0.000 1.000 -0.018
vn -0.148 -0.975 0.167
vn -0.266 -0.935 0.235
vn 0.001 1.000 -0.021
vn -0.207 -0.947 0.244
vn -0.191 -0.950 0.246
vn 0.004 1.000 -0.024
vn -0.122 -0.967 0.222
vn 0.004 1.000 -0.025
vn -0.080 -0.983 0.167
vn 0.006 1.000 -0.026
vn -0.054 -0.995 0.090
vn 0.008 1.000 -0.027
vn -0.034 -0.999 0.004
vn 0.008 1.000 -0.027
vn -0.020 -0.998 -0.062
vn 0.013 1.000 -0.025
vn -0.021 -0.996 -0.085
vn 0.016 1.000 -0.025
vn 0.019 0.999 -0.026
vn -0.040 -0.997 -0.073
vn 0.022 0.999 -0.026
vn -0.082 -0.994 -0.066
vn 0.027 0.999 -0.025
vn -0.138 -0.986 -0.097
vn 0.029 0.999 -0.027
vn -0.200 -0.967 -0.159
vn 0.031 0.999 -0.026
vn -0.267 -0.938 -0.223
vn 0.031 0.999 -0.025
vn -0.164 -0.963 -0.214
vn -0.329 -0.907 -0.265
vn -0.273 -0.935 -0.227
vn 0.028 0.999 -0.024
vn -0.397 -0.867 -0.300
vn 0.027 0.999 -0.024
vn -0.453 -0.821 -0.348
vn 0.024 0.999 -0.026
vn -0.402 -0.834 -0.378
vn -0.509 -0.745 -0.431
vn -0.460 -0.813 -0.358
vn -0.017 0.997 -0.071
vn -0.549 -0.653 -0.522
vn -0.563 -0.631 -0.534
vn -0.554 -0.653 -0.517
vn -0.391 0.797 -0.461
vn -0.617 -0.502 -0.606
vn -0.626 -0.478 -0.616
vn -0.618 -0.502 -0.605
vn -0.608 0.436 -0.663
vn -0.622 0.439 -0.648
vn -0.653 0.189 -0.733
vn -0.663 0.185 -0.725
vn -0.646 0.142 -0.750
vn -0.662 -0.376 -0.648
vn -0.677 -0.262 -0.688
vn -0.659 -0.380 -0.649
vn -0.644 0.128 -0.754
vn -0.756 0.118 -0.643
vn -0.652 0.112 -0.750
vn -0.743 0.105 -0.661
vn -0.674 0.027 -0.739
vn -0.728 0.027 -0.685
vn -0.683 -0.110 -0.722
vn -0.716 -0.104 -0.690
vn -0.678 -0.250 -0.691
vn -0.705 -0.234 -0.669
vn 0.041 0.999 -0.019
vn -0.163 -0.986 -0.026
vn 0.036 0.999 -0.020
vn -0.248 -0.959 -0.135
vn 0.034 0.999 -0.020
vn -0.329 -0.912 -0.243
vn 0.032 0.999 -0.021
vn -0.376 -0.873 -0.312
vn -0.390 -0.859 -0.331
vn -0.369 -0.881 -0.297
vn 0.030 0.999 -0.022
vn -0.437 -0.812 -0.387
vn -0.072 0.984 -0.164
vn -0.474 -0.775 -0.418
vn -0.481 -0.765 -0.428
vn -0.471 -0.776 -0.419
vn -0.200 0.932 -0.303
vn -0.214 0.935 -0.282
vn -0.467 0.663 -0.585
vn -0.533 -0.751 -0.389
vn -0.556 -0.677 -0.482
vn -0.535 0.543 -0.647
vn -0.550 0.550 -0.629
vn -0.568 0.489 -0.662
vn -0.636 -0.614 -0.468
vn -0.660 -0.522 -0.541
vn -0.592 -0.630 -0.502
vn -0.598 0.456 -0.659
vn -0.665 0.473 -0.578
vn -0.677 0.338 -0.654
vn -0.681 0.342 -0.648
vn -0.690 0.319 -0.650
vn -0.761 -0.434 -0.483
vn -0.779 -0.293 -0.554
vn -0.710 -0.445 -0.547
vn -0.815 0.394 -0.424
vn -0.794 0.182 -0.580
vn -0.859 0.213 -0.466
vn -0.833 0.018 -0.553
vn -0.879 0.027 -0.477
vn -0.830 -0.129 -0.542
vn -0.882 -0.117 -0.456
vn -0.786 -0.279 -0.551
vn -0.872 -0.263 -0.414
vn -0.840 -0.418 -0.346
vn -0.935 0.216 -0.283
vn -0.952 0.035 -0.303
vn -0.951 -0.102 -0.293
vn -0.934 -0.246 -0.259
vn -0.991 0.033 -0.129
vn -0.988 -0.090 -0.122
vn -0.997 0.030 0.066
vn -0.994 -0.076 0.074
vn -0.951 0.167 0.261
vn -0.960 0.035 0.278
vn -0.955 -0.061 0.289
vn -0.941 -0.165 0.294
vn -0.869 0.342 0.359
vn -0.899 0.184 0.398
vn -0.901 0.054 0.431
vn -0.895 -0.049 0.442
vn -0.886 -0.156 0.437
vn -0.865 -0.272 0.422
vn -0.793 0.487 0.365
vn -0.853 0.351 0.386
vn -0.876 0.217 0.431
vn -0.877 0.212 0.432
vn -0.886 0.072 0.459
vn -0.881 -0.044 0.470
vn -0.868 -0.160 0.469
vn -0.850 -0.279 0.447
vn -0.864 -0.186 0.467
vn -0.812 -0.412 0.413
vn -0.806 0.466 0.364
vn -0.847 0.382 0.370
vn -0.855 0.358 0.375
vn -0.876 0.217 0.431
vn -0.852 -0.286 0.438
vn -0.819 -0.423 0.388
vn -0.830 -0.391 0.398
vn -0.743 -0.571 0.348
vn -0.559 0.794 0.240
vn -0.817 0.456 0.353
vn -0.822 0.448 0.353
vn -0.819 -0.426 0.383
vn -0.751 -0.572 0.331
vn -0.786 -0.507 0.354
vn -0.532 0.804 0.264
vn -0.703 0.603 0.378
vn -0.742 -0.576 0.343
vn -0.628 -0.724 0.286
vn -0.719 -0.605 0.342
vn -0.613 0.723 0.317
vn -0.426 0.894 0.138
vn -0.620 -0.725 0.302
vn -0.655 -0.683 0.323
vn -0.216 0.976 -0.003
vn -0.611 -0.729 0.307
vn -0.590 -0.751 0.297
vn -0.074 0.997 -0.006
vn -0.464 -0.857 0.223
vn -0.551 -0.791 0.266
vn -0.004 1.000 -0.009
vn -0.455 -0.858 0.238
vn -0.494 -0.831 0.256
vn -0.002 1.000 -0.011
vn -0.460 -0.849 0.262
vn -0.439 -0.857 0.270
vn 0.003 1.000 -0.015
vn -0.370 -0.882 0.292
vn 0.004 1.000 -0.017
vn -0.217 -0.941 0.258
vn -0.312 -0.902 0.300
vn 0.007 1.000 -0.022
vn -0.278 -0.919 0.279
vn -0.263 -0.927 0.267
vn 0.007 1.000 -0.025
vn -0.234 -0.953 0.194
vn 0.008 1.000 -0.023
vn -0.219 -0.970 0.110
vn 0.010 1.000 -0.026
vn -0.205 -0.979 0.018
vn 0.012 1.000 -0.024
vn -0.193 -0.979 -0.060
vn 0.014 1.000 -0.019
vn -0.201 -0.975 -0.097
vn 0.018 1.000 -0.024
vn 0.018 1.000 -0.022
vn -0.221 -0.970 -0.103
vn 0.019 1.000 -0.022
vn 0.020 1.000 -0.023
vn -0.266 -0.958 -0.112
vn 0.026 0.999 -0.023
vn -0.313 -0.938 -0.148
vn 0.025 0.999 -0.024
vn -0.331 -0.921 -0.205
vn -0.367 -0.904 -0.218
vn -0.348 -0.918 -0.191
vn 0.030 0.999 -0.024
vn -0.279 -0.933 -0.227
vn -0.425 -0.860 -0.283
vn 0.026 0.999 -0.026
vn -0.492 -0.808 -0.324
vn 0.029 0.999 -0.027
vn -0.516 -0.790 -0.332
vn -0.557 -0.756 -0.344
vn -0.531 -0.778 -0.336
vn 0.020 0.999 -0.026
vn -0.466 -0.812 -0.351
vn -0.599 -0.705 -0.379
vn -0.036 0.997 -0.062
vn -0.592 -0.665 -0.456
vn -0.624 -0.624 -0.470
vn -0.614 -0.663 -0.428
vn -0.390 0.823 -0.414
vn -0.635 -0.512 -0.578
vn -0.648 -0.485 -0.588
vn -0.643 -0.516 -0.566
vn -0.610 0.445 -0.656
vn -0.602 0.441 -0.665
vn -0.628 0.259 -0.734
vn -0.658 -0.386 -0.647
vn -0.676 -0.297 -0.675
vn -0.665 -0.393 -0.635
vn -0.627 0.239 -0.741
vn -0.604 0.156 -0.781
vn -0.640 0.129 -0.758
vn -0.611 0.090 -0.787
vn -0.631 0.109 -0.768
vn -0.646 -0.023 -0.763
vn -0.655 0.013 -0.756
vn -0.673 -0.160 -0.722
vn -0.676 -0.123 -0.727
vn -0.677 -0.282 -0.679
vn -0.678 -0.252 -0.691
vn 0.039 0.999 -0.023
vn -0.223 -0.969 -0.107
vn 0.035 0.999 -0.023
vn -0.280 -0.935 -0.216
vn 0.033 0.999 -0.022
vn -0.333 -0.900 -0.283
vn -0.330 -0.889 -0.319
vn -0.300 -0.919 -0.255
vn 0.032 0.999 -0.023
vn -0.380 -0.836 -0.395
vn -0.006 0.993 -0.118
vn -0.442 -0.788 -0.429
vn -0.447 -0.775 -0.447
vn -0.427 -0.795 -0.431
vn -0.251 0.892 -0.376
vn -0.250 0.898 -0.362
vn -0.404 0.748 -0.527
vn -0.529 -0.681 -0.506
vn -0.531 0.528 -0.663
vn -0.529 0.532 -0.661
vn -0.547 0.497 -0.673
vn -0.572 -0.639 -0.514
vn -0.616 -0.527 -0.586
vn -0.553 -0.647 -0.525
vn -0.578 0.435 -0.691
vn -0.582 0.446 -0.680
vn -0.614 0.313 -0.725
vn -0.686 -0.312 -0.657
vn -0.683 -0.275 -0.677
vn -0.680 -0.317 -0.661
vn -0.641 -0.470 -0.606
vn -0.677 -0.451 -0.582
vn -0.617 0.306 -0.725
vn -0.662 0.138 -0.736
vn -0.739 0.162 -0.654
vn -0.686 -0.023 -0.727
vn -0.757 0.002 -0.654
vn -0.693 -0.175 -0.700
vn -0.773 -0.142 -0.618
vn -0.779 -0.280 -0.560
vn -0.883 0.080 0.463
vn -0.878 -0.041 0.477
vn -0.867 -0.161 0.472
vn -0.856 0.360 0.371
vn -0.887 0.243 0.392
vn -0.904 0.102 0.415
vn -0.900 -0.030 0.435
vn -0.881 -0.168 0.443
vn -0.854 -0.300 0.426
vn -0.823 0.446 0.352
vn -0.866 0.357 0.350
vn -0.902 0.253 0.351
vn -0.915 0.183 0.360
vn -0.919 0.118 0.376
vn -0.914 -0.016 0.406
vn -0.894 -0.159 0.419
vn -0.855 -0.310 0.415
vn -0.886 -0.201 0.418
vn -0.811 -0.442 0.382
vn -0.828 0.437 0.350
vn -0.875 0.342 0.343
vn -0.883 0.320 0.342
vn -0.904 0.252 0.346
vn -0.858 -0.304 0.413
vn -0.802 -0.444 0.400
vn -0.825 -0.392 0.407
vn -0.733 -0.581 0.354
vn -0.593 0.772 0.230
vn -0.830 0.435 0.349
vn -0.849 0.397 0.348
vn -0.875 0.341 0.345
vn -0.803 -0.441 0.402
vn -0.720 -0.586 0.371
vn -0.764 -0.513 0.391
vn -0.488 0.859 0.158
vn -0.782 0.520 0.344
vn -0.837 0.428 0.341
vn -0.726 -0.584 0.363
vn -0.607 -0.733 0.307
vn -0.709 -0.616 0.344
vn -0.593 0.755 0.279
vn -0.562 0.786 0.259
vn -0.621 -0.726 0.294
vn -0.668 -0.679 0.305
vn -0.305 0.950 0.063
vn -0.633 -0.714 0.301
vn -0.620 -0.725 0.300
vn -0.106 0.994 -0.008
vn -0.462 -0.841 0.280
vn -0.559 -0.764 0.322
vn 0.002 1.000 -0.012
vn -0.476 -0.814 0.333
vn -0.488 -0.805 0.338
vn 0.003 1.000 -0.016
vn -0.480 -0.810 0.337
vn -0.430 -0.840 0.331
vn 0.005 1.000 -0.020
vn -0.305 -0.912 0.274
vn -0.405 -0.868 0.286
vn 0.011 1.000 -0.024
vn -0.395 -0.895 0.209
vn -0.394 -0.896 0.204
vn 0.008 1.000 -0.022
vn -0.404 -0.908 0.113
vn 0.010 1.000 -0.023
vn -0.404 -0.914 0.028
vn 0.012 1.000 -0.023
vn -0.393 -0.918 -0.056
vn 0.012 1.000 -0.018
vn -0.397 -0.911 -0.109
vn 0.013 1.000 -0.020
vn -0.410 -0.903 -0.133
vn 0.017 1.000 -0.019
vn 0.016 1.000 -0.019
vn -0.381 -0.914 -0.140
vn -0.446 -0.882 -0.150
vn -0.413 -0.901 -0.135
vn 0.017 1.000 -0.019
vn 0.019 1.000 -0.021
vn -0.358 -0.920 -0.162
vn -0.476 -0.858 -0.191
vn 0.021 1.000 -0.022
vn -0.516 -0.815 -0.265
vn 0.023 0.999 -0.025
vn -0.550 -0.762 -0.341
vn 0.022 0.999 -0.027
vn -0.536 -0.771 -0.344
vn -0.611 -0.696 -0.378
vn -0.552 -0.760 -0.343
vn 0.001 1.000 -0.029
vn -0.649 -0.661 -0.377
vn -0.656 -0.653 -0.379
vn -0.651 -0.658 -0.379
vn -0.180 0.980 -0.080
vn -0.636 -0.669 -0.385
vn -0.694 -0.596 -0.404
vn -0.516 0.733 -0.444
vn -0.680 -0.542 -0.493
vn -0.707 -0.487 -0.512
vn -0.701 -0.556 -0.448
vn -0.669 0.441 -0.599
vn -0.644 0.463 -0.609
vn -0.695 0.320 -0.644
vn -0.681 -0.400 -0.614
vn -0.707 -0.308 -0.636
vn -0.707 -0.417 -0.570
vn -0.694 0.285 -0.661
vn -0.629 0.242 -0.739
vn -0.686 0.176 -0.706
vn -0.624 0.163 -0.764
vn -0.692 0.060 -0.719
vn -0.648 0.071 -0.758
vn -0.708 -0.074 -0.702
vn -0.677 -0.056 -0.734
vn -0.714 -0.199 -0.671
vn -0.686 -0.178 -0.705
vn -0.708 -0.302 -0.638
vn -0.679 -0.283 -0.678
vn 0.034 0.999 -0.024
vn -0.238 -0.959 -0.153
vn 0.034 0.999 -0.025
vn -0.269 -0.935 -0.232
vn -0.248 -0.934 -0.256
vn -0.240 -0.956 -0.168
vn 0.035 0.999 -0.024
vn -0.271 -0.888 -0.371
vn 0.035 0.998 -0.058
vn -0.326 -0.821 -0.470
vn -0.323 -0.818 -0.476
vn -0.319 -0.823 -0.470
vn -0.234 0.881 -0.410
vn -0.427 -0.707 -0.563
vn -0.303 0.819 -0.487
vn -0.504 0.509 -0.697
vn -0.505 0.509 -0.697
vn -0.505 0.507 -0.698
vn -0.536 -0.651 -0.537
vn -0.551 -0.551 -0.627
vn -0.467 -0.665 -0.583
vn -0.567 0.421 -0.708
vn -0.576 0.427 -0.697
vn -0.598 0.350 -0.721
vn -0.632 -0.357 -0.688
vn -0.632 -0.340 -0.696
vn -0.628 -0.359 -0.690
vn -0.579 -0.498 -0.646
vn -0.626 -0.479 -0.615
vn -0.610 0.306 -0.731
vn -0.616 0.306 -0.726
vn -0.631 0.134 -0.764
vn -0.638 0.135 -0.758
vn -0.639 -0.051 -0.767
vn -0.652 -0.038 -0.758
vn -0.642 -0.220 -0.735
vn -0.670 -0.189 -0.718
vn -0.921 0.123 0.369
vn -0.919 -0.005 0.394
vn -0.896 -0.156 0.416
vn -0.903 0.251 0.350
vn -0.920 0.139 0.366
vn -0.923 0.024 0.385
vn -0.907 -0.124 0.403
vn -0.863 -0.291 0.412
vn -0.865 0.342 0.368
vn -0.882 0.255 0.396
vn -0.902 0.147 0.406
vn -0.912 0.039 0.407
vn -0.913 0.038 0.407
vn -0.908 -0.102 0.406
vn -0.913 0.031 0.407
vn -0.874 -0.266 0.407
vn -0.806 -0.433 0.403
vn -0.827 0.444 0.346
vn -0.845 0.362 0.393
vn -0.857 0.299 0.420
vn -0.868 0.260 0.424
vn -0.899 0.145 0.414
vn -0.908 -0.101 0.406
vn -0.882 -0.258 0.394
vn -0.830 -0.416 0.372
vn -0.860 -0.342 0.377
vn -0.732 -0.583 0.353
vn -0.586 0.763 0.273
vn -0.794 0.486 0.365
vn -0.820 0.425 0.384
vn -0.835 0.377 0.401
vn -0.835 -0.414 0.363
vn -0.750 -0.576 0.326
vn -0.808 -0.481 0.340
vn -0.497 0.849 0.180
vn -0.778 0.514 0.362
vn -0.796 0.484 0.363
vn -0.758 -0.559 0.336
vn -0.637 -0.709 0.304
vn -0.754 -0.564 0.336
vn -0.490 0.833 0.257
vn -0.617 0.705 0.351
vn -0.638 -0.687 0.347
vn -0.687 -0.629 0.364
vn -0.542 0.789 0.289
vn -0.319 0.942 0.101
vn -0.648 -0.666 0.369
vn -0.627 -0.682 0.375
vn -0.105 0.994 -0.013
vn -0.513 -0.787 0.343
vn -0.573 -0.740 0.352
vn 0.002 1.000 -0.015
vn -0.565 -0.766 0.307
vn -0.562 -0.778 0.279
vn 0.008 1.000 -0.022
vn -0.400 -0.894 0.203
vn -0.573 -0.800 0.179
vn 0.007 1.000 -0.024
vn -0.470 -0.876 0.106
vn -0.593 -0.800 0.087
vn 0.008 1.000 -0.021
vn -0.503 -0.864 0.030
vn -0.606 -0.795 0.025
vn 0.008 1.000 -0.022
vn -0.491 -0.870 -0.049
vn -0.601 -0.798 -0.047
vn 0.008 1.000 -0.019
vn -0.453 -0.885 -0.108
vn -0.600 -0.793 -0.104
vn 0.006 1.000 -0.018
vn -0.415 -0.900 -0.133
vn -0.603 -0.786 -0.139
vn 0.011 1.000 -0.017
vn -0.622 -0.766 -0.163
vn 0.011 1.000 -0.019
vn 0.009 1.000 -0.018
vn -0.634 -0.745 -0.209
vn -0.639 -0.740 -0.209
vn -0.637 -0.743 -0.204
vn 0.010 1.000 -0.018
vn 0.014 1.000 -0.021
vn -0.592 -0.757 -0.278
vn -0.664 -0.690 -0.287
vn -0.036 0.999 -0.023
vn -0.553 -0.760 -0.342
vn -0.681 -0.634 -0.367
vn -0.167 0.985 -0.040
vn -0.657 -0.643 -0.394
vn -0.707 -0.585 -0.399
vn -0.686 -0.623 -0.375
vn -0.411 0.876 -0.252
vn -0.724 -0.568 -0.392
vn -0.742 -0.541 -0.394
vn -0.730 -0.559 -0.393
vn -0.732 0.485 -0.479
vn -0.766 -0.457 -0.452
vn -0.768 -0.452 -0.453
vn -0.767 -0.457 -0.450
vn -0.712 -0.567 -0.415
vn -0.753 0.444 -0.486
vn -0.699 0.455 -0.552
vn -0.784 0.300 -0.543
vn -0.780 0.300 -0.549
vn -0.790 0.270 -0.551
vn -0.773 -0.314 -0.551
vn -0.791 -0.259 -0.555
vn -0.785 -0.318 -0.532
vn -0.733 -0.428 -0.529
vn -0.705 0.287 -0.649
vn -0.795 0.176 -0.580
vn -0.734 0.174 -0.656
vn -0.801 0.049 -0.597
vn -0.758 0.048 -0.651
vn -0.799 -0.081 -0.596
vn -0.758 -0.083 -0.647
vn -0.792 -0.199 -0.577
vn -0.738 -0.200 -0.645
vn -0.709 -0.302 -0.637
vn 0.032 0.999 -0.025
vn -0.239 -0.959 -0.153
vn -0.244 -0.959 -0.147
vn 0.034 0.999 -0.022
vn -0.233 -0.936 -0.262
vn 0.035 0.999 -0.021
vn -0.244 -0.875 -0.418
vn -0.076 0.965 -0.252
vn -0.317 -0.760 -0.567
vn -0.266 -0.841 -0.471
vn -0.287 0.817 -0.500
vn -0.319 0.798 -0.511
vn -0.448 0.547 -0.707
vn -0.428 -0.659 -0.619
vn -0.433 -0.594 -0.678
vn -0.395 -0.657 -0.643
vn -0.468 0.482 -0.741
vn -0.528 0.389 -0.755
vn -0.534 0.394 -0.748
vn -0.541 0.369 -0.755
vn -0.553 -0.499 -0.667
vn -0.558 -0.387 -0.734
vn -0.500 -0.492 -0.712
vn -0.589 0.290 -0.754
vn -0.608 0.305 -0.733
vn -0.629 0.132 -0.766
vn -0.633 0.136 -0.762
vn -0.637 -0.058 -0.769
vn -0.641 -0.057 -0.765
vn -0.614 -0.230 -0.755
vn -0.633 -0.228 -0.739
vn -0.569 -0.364 -0.738
vn -0.913 0.038 0.407
vn -0.862 0.262 0.435
vn -0.891 0.132 0.435
vn -0.908 0.019 0.419
vn -0.910 -0.109 0.399
vn -0.888 -0.255 0.383
vn -0.829 0.391 0.401
vn -0.866 0.260 0.427
vn -0.900 0.108 0.421
vn -0.913 -0.003 0.407
vn -0.911 -0.124 0.392
vn -0.890 -0.263 0.374
vn -0.839 -0.415 0.351
vn -0.790 0.492 0.366
vn -0.822 0.402 0.403
vn -0.858 0.296 0.420
vn -0.870 0.253 0.424
vn -0.901 0.102 0.422
vn -0.912 -0.005 0.410
vn -0.907 -0.127 0.402
vn -0.877 -0.268 0.398
vn -0.830 -0.415 0.372
vn -0.872 -0.284 0.398
vn -0.758 -0.558 0.338
vn -0.766 0.511 0.391
vn -0.802 0.437 0.407
vn -0.818 0.402 0.411
vn -0.824 -0.407 0.395
vn -0.749 -0.544 0.378
vn -0.809 -0.433 0.397
vn -0.483 0.849 0.213
vn -0.752 0.532 0.390
vn -0.767 0.510 0.390
vn -0.760 -0.522 0.388
vn -0.653 -0.655 0.379
vn -0.757 -0.526 0.389
vn -0.451 0.863 0.228
vn -0.622 0.703 0.346
vn -0.702 -0.624 0.344
vn -0.739 -0.582 0.338
vn -0.548 0.791 0.271
vn -0.404 0.909 0.103
vn -0.739 -0.607 0.291
vn -0.594 -0.756 0.274
vn -0.739 -0.628 0.245
vn -0.315 0.949 -0.019
vn -0.665 -0.730 0.159
vn -0.752 -0.644 0.141
vn -0.254 0.967 -0.022
vn -0.701 -0.710 0.066
vn -0.756 -0.652 0.057
vn -0.207 0.978 -0.021
vn -0.718 -0.696 0.015
vn -0.762 -0.647 0.012
vn -0.140 0.990 -0.023
vn -0.716 -0.697 -0.041
vn -0.758 -0.651 -0.037
vn -0.097 0.995 -0.020
vn -0.698 -0.710 -0.096
vn -0.753 -0.652 -0.089
vn -0.095 0.995 -0.016
vn -0.677 -0.723 -0.136
vn -0.754 -0.644 -0.133
vn -0.154 0.988 -0.015
vn -0.656 -0.736 -0.165
vn -0.767 -0.619 -0.170
vn -0.263 0.965 -0.015
vn -0.775 -0.595 -0.214
vn -0.787 -0.578 -0.216
vn -0.779 -0.597 -0.195
vn -0.336 0.941 -0.042
vn -0.392 0.918 -0.065
vn -0.743 -0.605 -0.288
vn -0.795 -0.533 -0.289
vn -0.585 0.777 -0.234
vn -0.792 -0.505 -0.344
vn -0.808 -0.481 -0.340
vn -0.803 -0.500 -0.324
vn -0.696 -0.618 -0.365
vn -0.778 0.520 -0.351
vn -0.745 -0.540 -0.392
vn -0.819 -0.433 -0.378
vn -0.810 0.455 -0.369
vn -0.759 0.485 -0.434
vn -0.827 0.363 -0.430
vn -0.855 -0.329 -0.400
vn -0.856 -0.327 -0.401
vn -0.855 -0.329 -0.400
vn -0.819 -0.432 -0.378
vn -0.799 -0.452 -0.397
vn -0.757 0.446 -0.478
vn -0.833 0.311 -0.457
vn -0.810 0.306 -0.501
vn -0.846 0.173 -0.504
vn -0.840 0.174 -0.513
vn -0.856 0.075 -0.511
vn -0.866 -0.093 -0.492
vn -0.866 -0.091 -0.492
vn -0.866 -0.093 -0.492
vn -0.867 -0.212 -0.450
vn -0.854 -0.207 -0.477
vn -0.821 -0.327 -0.468
vn -0.810 0.175 -0.560
vn -0.858 0.036 -0.513
vn -0.824 0.047 -0.564
vn -0.823 -0.079 -0.562
vn -0.805 -0.198 -0.559
vn 0.032 0.999 -0.022
vn -0.283 -0.947 -0.151
vn 0.035 0.999 -0.022
vn -0.314 -0.911 -0.268
vn -0.028 0.992 -0.122
vn -0.319 -0.836 -0.446
vn -0.348 -0.818 -0.458
vn -0.341 -0.840 -0.422
vn -0.431 0.695 -0.575
vn -0.416 -0.644 -0.642
vn -0.431 0.695 -0.576
vn -0.488 0.456 -0.744
vn -0.473 0.466 -0.748
vn -0.503 0.398 -0.767
vn -0.492 -0.463 -0.737
vn -0.508 -0.422 -0.751
vn -0.496 -0.457 -0.739
vn -0.428 -0.621 -0.657
vn -0.522 0.351 -0.777
vn -0.571 0.249 -0.783
vn -0.580 0.270 -0.769
vn -0.619 0.108 -0.778
vn -0.623 0.112 -0.774
vn -0.632 -0.052 -0.773
vn -0.635 -0.053 -0.771
vn -0.603 -0.203 -0.771
vn -0.610 -0.214 -0.763
vn -0.554 -0.329 -0.765
vn -0.566 -0.360 -0.742
vn -0.870 0.250 0.424
vn -0.900 0.094 0.426
vn -0.906 -0.012 0.424
vn -0.899 -0.133 0.418
vn -0.876 -0.269 0.401
vn -0.815 0.401 0.419
vn -0.862 0.239 0.447
vn -0.887 0.085 0.454
vn -0.894 -0.015 0.448
vn -0.890 -0.133 0.437
vn -0.866 -0.270 0.420
vn -0.822 -0.406 0.400
vn -0.764 0.515 0.390
vn -0.809 0.412 0.420
vn -0.842 0.313 0.439
vn -0.861 0.237 0.450
vn -0.888 0.079 0.454
vn -0.897 -0.021 0.442
vn -0.896 -0.139 0.421
vn -0.882 -0.272 0.385
vn -0.834 -0.399 0.382
vn -0.882 -0.275 0.384
vn -0.761 -0.520 0.388
vn -0.784 0.533 0.319
vn -0.829 0.458 0.321
vn -0.829 0.416 0.374
vn -0.882 -0.375 0.285
vn -0.813 -0.491 0.315
vn -0.882 -0.377 0.283
vn -0.532 0.834 0.145
vn -0.820 0.539 0.194
vn -0.828 0.527 0.191
vn -0.861 -0.464 0.207
vn -0.887 -0.421 0.192
vn -0.765 -0.597 0.240
vn -0.457 0.890 0.009
vn -0.837 0.539 0.094
vn -0.831 0.532 0.162
vn -0.894 -0.434 0.109
vn -0.897 -0.429 0.108
vn -0.810 -0.572 0.132
vn -0.386 0.923 0.000
vn -0.827 0.557 0.070
vn -0.896 -0.433 0.097
vn -0.822 -0.567 0.054
vn -0.894 -0.446 0.053
vn -0.334 0.942 0.006
vn -0.810 0.578 0.099
vn -0.824 -0.566 0.011
vn -0.889 -0.458 0.025
vn -0.275 0.962 0.010
vn -0.741 0.662 0.116
vn -0.817 -0.576 -0.031
vn -0.874 -0.486 -0.004
vn -0.232 0.973 -0.005
vn -0.674 0.738 0.041
vn -0.801 -0.593 -0.085
vn -0.858 -0.509 -0.060
vn -0.191 0.981 -0.029
vn -0.686 0.722 -0.088
vn -0.790 -0.599 -0.132
vn -0.851 -0.511 -0.120
vn -0.197 0.980 -0.029
vn -0.788 0.582 -0.203
vn -0.834 -0.519 -0.185
vn -0.850 -0.492 -0.188
vn -0.851 -0.510 -0.123
vn -0.780 -0.602 -0.172
vn -0.272 0.962 -0.018
vn -0.875 0.433 -0.216
vn -0.834 -0.503 -0.227
vn -0.865 -0.440 -0.240
vn -0.877 0.429 -0.216
vn -0.852 0.466 -0.236
vn -0.913 0.336 -0.231
vn -0.859 -0.413 -0.301
vn -0.879 -0.364 -0.309
vn -0.868 -0.419 -0.266
vn -0.818 -0.498 -0.289
vn -0.841 0.469 -0.269
vn -0.931 0.279 -0.237
vn -0.928 0.283 -0.243
vn -0.945 0.227 -0.237
vn -0.890 -0.300 -0.343
vn -0.913 -0.230 -0.336
vn -0.895 -0.297 -0.334
vn -0.848 -0.409 -0.337
vn -0.827 0.453 -0.334
vn -0.897 0.303 -0.322
vn -0.951 0.158 -0.266
vn -0.939 0.161 -0.302
vn -0.954 0.022 -0.300
vn -0.952 0.021 -0.304
vn -0.942 -0.094 -0.321
vn -0.938 -0.103 -0.332
vn -0.922 -0.188 -0.337
vn -0.909 -0.211 -0.358
vn -0.873 -0.319 -0.370
vn -0.819 -0.432 -0.378
vn -0.846 0.312 -0.433
vn -0.883 0.170 -0.437
vn -0.902 0.019 -0.432
vn -0.899 -0.111 -0.423
vn -0.885 -0.219 -0.412
vn -0.860 0.035 -0.508
vn 0.034 0.999 -0.024
vn -0.376 -0.904 -0.205
vn -0.030 0.997 -0.076
vn -0.429 -0.845 -0.318
vn -0.465 -0.819 -0.336
vn -0.433 -0.854 -0.288
vn -0.372 0.815 -0.443
vn -0.536 -0.670 -0.513
vn -0.459 0.700 -0.547
vn -0.431 0.695 -0.576
vn -0.561 0.445 -0.698
vn -0.448 -0.615 -0.649
vn -0.575 -0.465 -0.674
vn -0.553 -0.606 -0.572
vn -0.561 0.443 -0.699
vn -0.568 0.342 -0.749
vn -0.532 0.345 -0.774
vn -0.576 0.219 -0.787
vn -0.573 0.220 -0.789
vn -0.587 0.164 -0.793
vn -0.607 -0.179 -0.774
vn -0.609 -0.160 -0.777
vn -0.608 -0.179 -0.774
vn -0.595 -0.303 -0.744
vn -0.568 -0.311 -0.762
vn -0.580 -0.432 -0.691
vn -0.604 0.078 -0.793
vn -0.616 -0.052 -0.786
vn -0.866 0.234 0.441
vn -0.899 0.069 0.433
vn -0.911 -0.035 0.411
vn -0.908 -0.148 0.392
vn -0.883 -0.272 0.384
vn -0.849 0.417 0.324
vn -0.918 0.223 0.327
vn -0.949 0.043 0.313
vn -0.955 -0.062 0.289
vn -0.949 -0.163 0.270
vn -0.926 -0.267 0.268
vn -0.883 -0.374 0.283
vn -0.886 0.421 0.194
vn -0.958 0.212 0.192
vn -0.983 0.032 0.183
vn -0.983 0.022 0.185
vn -0.982 -0.084 0.167
vn -0.984 0.009 0.181
vn -0.973 -0.173 0.156
vn -0.952 -0.260 0.158
vn -0.918 -0.355 0.176
vn -0.846 0.525 0.095
vn -0.903 0.417 0.099
vn -0.968 0.231 0.099
vn -0.969 0.214 0.123
vn -0.986 -0.088 0.141
vn -0.980 -0.180 0.088
vn -0.987 -0.132 0.092
vn -0.964 -0.253 0.087
vn -0.938 -0.333 0.096
vn -0.848 0.525 0.072
vn -0.903 0.422 0.080
vn -0.951 0.297 0.084
vn -0.977 -0.192 0.091
vn -0.962 -0.260 0.077
vn -0.976 -0.196 0.091
vn -0.941 -0.333 0.064
vn -0.901 -0.430 0.055
vn -0.846 0.524 0.095
vn -0.901 0.423 0.098
vn -0.934 0.342 0.102
vn -0.956 -0.280 0.091
vn -0.965 -0.237 0.108
vn -0.936 -0.348 0.057
vn -0.898 -0.439 0.028
vn -0.836 0.539 0.102
vn -0.905 0.416 0.093
vn -0.913 0.397 0.093
vn -0.947 -0.310 0.088
vn -0.950 -0.298 0.093
vn -0.923 -0.383 0.044
vn -0.886 -0.465 -0.000
vn -0.843 0.538 0.017
vn -0.915 0.403 -0.014
vn -0.914 0.405 0.023
vn -0.945 -0.324 0.033
vn -0.908 -0.419 -0.026
vn -0.942 -0.336 -0.000
vn -0.866 -0.497 -0.058
vn -0.854 0.510 -0.102
vn -0.921 0.388 -0.047
vn -0.924 0.357 -0.140
vn -0.935 0.322 -0.149
vn -0.942 -0.322 -0.098
vn -0.946 -0.307 -0.100
vn -0.944 -0.328 -0.040
vn -0.897 -0.429 -0.106
vn -0.852 -0.510 -0.120
vn -0.857 0.473 -0.203
vn -0.915 0.322 -0.242
vn -0.940 0.190 -0.283
vn -0.940 0.190 -0.285
vn -0.940 0.187 -0.285
vn -0.928 -0.311 -0.204
vn -0.954 -0.205 -0.220
vn -0.880 -0.435 -0.193
vn -0.877 0.429 -0.216
vn -0.924 0.287 -0.253
vn -0.942 0.172 -0.289
vn -0.953 0.084 -0.291
vn -0.950 0.089 -0.300
vn -0.961 -0.016 -0.276
vn -0.956 -0.005 -0.295
vn -0.958 -0.156 -0.239
vn -0.949 -0.138 -0.282
vn -0.919 -0.292 -0.265
vn -0.874 -0.420 -0.244
vn -0.932 0.274 -0.236
vn -0.956 0.158 -0.248
vn -0.961 0.078 -0.264
vn -0.957 -0.015 -0.289
vn -0.940 -0.144 -0.310
vn -0.903 -0.291 -0.315
vn -0.960 0.155 -0.234
vn -0.967 0.050 -0.251
vn -0.955 -0.057 -0.291
vn -0.928 -0.176 -0.329
vn -0.046 0.995 -0.084
vn -0.417 -0.873 -0.253
vn -0.485 -0.807 -0.337
vn -0.392 0.818 -0.421
vn -0.594 -0.667 -0.449
vn -0.511 0.670 -0.539
vn -0.484 0.689 -0.540
vn -0.618 0.456 -0.641
vn -0.581 -0.611 -0.538
vn -0.642 -0.494 -0.587
vn -0.608 -0.635 -0.477
vn -0.620 0.443 -0.647
vn -0.562 0.443 -0.698
vn -0.619 0.362 -0.697
vn -0.602 0.355 -0.715
vn -0.616 0.279 -0.736
vn -0.628 -0.315 -0.711
vn -0.637 -0.249 -0.729
vn -0.642 -0.324 -0.695
vn -0.644 -0.458 -0.613
vn -0.591 -0.434 -0.680
vn -0.614 0.227 -0.756
vn -0.624 0.064 -0.778
vn -0.604 0.074 -0.794
vn -0.632 -0.068 -0.772
vn -0.615 -0.055 -0.787
vn -0.636 -0.197 -0.746
vn -0.983 0.022 0.183
vn -0.971 0.215 0.101
vn -0.994 0.017 0.110
vn -0.990 -0.095 0.100
vn -0.969 0.230 0.095
vn -0.993 0.022 0.114
vn -0.988 -0.103 0.112
vn -0.977 -0.193 0.092
vn -0.965 0.242 0.105
vn -0.992 0.034 0.123
vn -0.986 -0.107 0.129
vn -0.970 -0.210 0.119
vn -0.968 0.240 0.073
vn -0.996 0.045 0.078
vn -0.991 -0.100 0.093
vn -0.970 -0.221 0.103
vn -0.918 0.397 -0.017
vn -0.973 0.224 -0.058
vn -0.997 0.053 -0.060
vn -0.996 -0.083 -0.042
vn -0.976 -0.217 -0.015
vn -0.943 -0.331 -0.000
vn -0.962 0.205 -0.179
vn -0.982 0.062 -0.178
vn -0.986 -0.059 -0.156
vn -0.974 -0.191 -0.125
vn -0.956 0.078 -0.283
vn -0.965 -0.030 -0.260
vn -0.960 -0.163 -0.228
vn -0.449 0.764 -0.463
vn -0.580 -0.674 -0.457
vn -0.584 -0.668 -0.461
vn -0.544 0.634 -0.549
vn -0.518 0.670 -0.532
vn -0.637 0.457 -0.621
vn -0.604 -0.644 -0.470
vn -0.646 -0.516 -0.562
vn -0.640 0.447 -0.625
vn -0.624 0.444 -0.643
vn -0.651 0.385 -0.654
vn -0.644 0.383 -0.662
vn -0.661 0.329 -0.674
vn -0.669 -0.361 -0.650
vn -0.681 -0.307 -0.664
vn -0.676 -0.368 -0.639
vn -0.649 -0.507 -0.567
vn -0.648 -0.468 -0.601
vn -0.666 0.251 -0.702
vn -0.621 0.231 -0.749
vn -0.677 0.066 -0.733
vn -0.637 0.064 -0.768
vn -0.679 -0.084 -0.729
vn -0.640 -0.075 -0.765
vn -0.681 -0.229 -0.696
vn -0.638 -0.202 -0.743
vn -0.553 0.639 -0.534
vn -0.684 0.449 -0.576
vn -0.686 -0.517 -0.513
vn -0.700 -0.492 -0.518
vn -0.684 0.446 -0.577
vn -0.642 0.448 -0.622
vn -0.695 0.374 -0.614
vn -0.678 0.380 -0.629
vn -0.712 0.311 -0.629
vn -0.704 -0.379 -0.600
vn -0.736 -0.294 -0.610
vn -0.722 -0.378 -0.579
vn -0.649 -0.508 -0.566
vn -0.727 0.241 -0.642
vn -0.682 0.253 -0.686
vn -0.750 0.061 -0.658
vn -0.712 0.068 -0.699
vn -0.753 -0.089 -0.652
vn -0.713 -0.087 -0.696
vn -0.742 -0.236 -0.627
vn -0.694 -0.234 -0.681
vn -0.686 0.446 -0.575
vn -0.749 0.350 -0.562
vn -0.806 0.205 -0.555
vn -0.808 0.197 -0.555
vn -0.810 -0.229 -0.540
vn -0.820 -0.166 -0.548
vn -0.765 -0.372 -0.525
vn -0.747 0.233 -0.622
vn -0.822 0.046 -0.568
vn -0.786 0.056 -0.616
vn -0.823 -0.090 -0.561
vn -0.787 -0.087 -0.610
vn -0.758 -0.233 -0.609
vn -0.828 0.045 -0.559
vn -0.827 -0.090 -0.554
f 3//3 141//141 1//1
f 3//3 143//143 141//141
f 142//142 144//144 2//2
f 2//2 144//144 4//4
f 5//5 4//4 144//144
f 5//5 144//144 145//145
f 6//6 143//143 3//3
f 6//6 146//146 143//143
f 145//145 7//7 5//5
f 147//147 7//7 145//145
f 149//149 148//148 8//8
f 149//149 8//8 9//9
f 6//6 8//8 146//146
f 146//146 8//8 148//148
f 147//147 150//150 7//7
f 7//7 150//150 10//10
f 11//11 10//10 150//150
f 11//11 150//150 151//151
f 12//12 149//149 9//9
f 12//12 152//152 149//149
f 151//151 13//13 11//11
f 153//153 13//13 151//151
f 14//14 152//152 12//12
f 14//14 154//154 152//152
f 15//15 13//13 155//155
f 13//13 156//156 155//155
f 13//13 153//153 156//156
f 155//155 16//16 15//15
f 17//17 154//154 14//14
f 17//17 157//157 154//154
f 156//156 158//158 155//155
f 16//16 155//155 158//158
f 159//159 16//16 158//158
f 18//18 16//16 159//159
f 19//19 157//157 17//17
f 19//19 160//160 157//157
f 159//159 20//20 18//18
f 161//161 20//20 159//159
f 21//21 160//160 19//19
f 21//21 162//162 160//160
f 161//161 22//22 20//20
f 163//163 22//22 161//161
f 23//23 162//162 21//21
f 23//23 164//164 162//162
f 163//163 24//24 22//22
f 165//165 24//24 163//163
f 25//25 164//164 23//23
f 25//25 166//166 164//164
f 169//169 168//168 167//167
f 165//165 169//169 167//167
f 26//26 165//165 167//167
f 24//24 165//165 26//26
f 27//27 166//166 25//25
f 27//27 170//170 166//166
f 167//167 168//168 171//171
f 171//171 168//168 172//172
f 171//171 28//28 26//26
f 171//171 26//26 167//167
f 29//29 170//170 27//27
f 29//29 173//173 170//170
f 171//171 172//172 174//174
f 174//174 172//172 175//175
f 174//174 30//30 28//28
f 174//174 28//28 171//171
f 31//31 173//173 29//29
f 31//31 176//176 173//173
f 174//174 175//175 177//177
f 177//177 175//175 178//178
f 177//177 32//32 30//30
f 177//177 30//30 174//174
f 33//33 176//176 31//31
f 33//33 179//179 176//176
f 177//177 178//178 180//180
f 180//180 178//178 181//181
f 180//180 34//34 32//32
f 180//180 32//32 177//177
f 35//35 183//183 182//182
f 179//179 35//35 182//182
f 33//33 35//35 179//179
f 183//183 184//184 182//182
f 180//180 181//181 37//37
f 181//181 36//36 37//37
f 181//181 185//185 36//36
f 180//180 37//37 34//34
f 38//38 183//183 35//35
f 38//38 39//39 183//183
f 39//39 184//184 183//183
f 39//39 186//186 184//184
f 185//185 40//40 36//36
f 187//187 40//40 185//185
f 41//41 186//186 39//39
f 41//41 188//188 186//186
f 187//187 42//42 40//40
f 189//189 42//42 187//187
f 190//190 188//188 41//41
f 190//190 41//41 43//43
f 43//43 44//44 190//190
f 190//190 44//44 191//191
f 189//189 45//45 42//42
f 192//192 45//45 189//189
f 46//46 191//191 44//44
f 46//46 193//193 191//191
f 195//195 194//194 48//48
f 48//48 194//194 47//47
f 48//48 45//45 192//192
f 48//48 192//192 195//195
f 49//49 193//193 46//46
f 49//49 196//196 193//193
f 194//194 50//50 47//47
f 197//197 50//50 194//194
f 51//51 196//196 49//49
f 51//51 198//198 196//196
f 197//197 52//52 50//50
f 199//199 52//52 197//197
f 53//53 198//198 51//51
f 53//53 200//200 198//198
f 201//201 54//54 55//55
f 202//202 201//201 55//55
f 52//52 202//202 55//55
f 199//199 202//202 52//52
f 56//56 200//200 53//53
f 56//56 203//203 200//200
f 204//204 57//57 58//58
f 205//205 204//204 58//58
f 205//205 58//58 54//54
f 206//206 205//205 54//54
f 201//201 206//206 54//54
f 206//206 201//201 202//202
f 59//59 203//203 56//56
f 59//59 207//207 203//203
f 208//208 60//60 204//204
f 204//204 60//60 57//57
f 204//204 205//205 209//209
f 204//204 209//209 208//208
f 59//59 61//61 210//210
f 211//211 59//59 210//210
f 207//207 59//59 211//211
f 62//62 210//210 61//61
f 212//212 63//63 64//64
f 213//213 212//212 64//64
f 213//213 64//64 60//60
f 214//214 213//213 60//60
f 208//208 214//214 60//60
f 214//214 208//208 209//209
f 211//211 210//210 215//215
f 211//211 215//215 216//216
f 65//65 217//217 62//62
f 217//217 210//210 62//62
f 217//217 215//215 210//210
f 66//66 217//217 65//65
f 218//218 67//67 68//68
f 219//219 218//218 68//68
f 219//219 68//68 63//63
f 220//220 219//219 63//63
f 212//212 220//220 63//63
f 220//220 212//212 213//213
f 221//221 216//216 215//215
f 223//223 222//222 221//221
f 215//215 223//223 221//221
f 217//217 223//223 215//215
f 69//69 224//224 66//66
f 224//224 217//217 66//66
f 224//224 223//223 217//217
f 70//70 225//225 69//69
f 69//69 225//225 224//224
f 71//71 225//225 70//70
f 226//226 72//72 73//73
f 74//74 227//227 73//73
f 73//73 227//227 226//226
f 67//67 218//218 74//74
f 218//218 227//227 74//74
f 218//218 228//228 227//227
f 218//218 219//219 229//229
f 218//218 229//229 228//228
f 230//230 222//222 223//223
f 232//232 231//231 230//230
f 223//223 232//232 230//230
f 224//224 232//232 223//223
f 233//233 224//224 225//225
f 232//232 224//224 233//233
f 75//75 234//234 71//71
f 234//234 225//225 71//71
f 234//234 233//233 225//225
f 76//76 235//235 75//75
f 75//75 235//235 234//234
f 72//72 226//226 76//76
f 226//226 235//235 76//76
f 226//226 236//236 235//235
f 237//237 226//226 227//227
f 236//236 226//226 237//237
f 228//228 239//239 238//238
f 237//237 228//228 238//238
f 227//227 228//228 237//237
f 239//239 228//228 229//229
f 231//231 232//232 240//240
f 231//231 240//240 241//241
f 242//242 232//232 233//233
f 240//240 232//232 242//242
f 243//243 233//233 234//234
f 242//242 233//233 243//243
f 244//244 234//234 235//235
f 243//243 234//234 244//244
f 245//245 235//235 236//236
f 244//244 235//235 245//245
f 237//237 247//247 246//246
f 245//245 237//237 246//246
f 236//236 237//237 245//245
f 247//247 237//237 238//238
f 248//248 241//241 240//240
f 250//250 249//249 248//248
f 240//240 250//250 248//248
f 242//242 250//250 240//240
f 251//251 242//242 243//243
f 250//250 242//242 251//251
f 252//252 243//243 244//244
f 251//251 243//243 252//252
f 253//253 244//244 245//245
f 252//252 244//244 253//253
f 245//245 246//246 254//254
f 245//245 254//254 253//253
f 249//249 250//250 255//255
f 249//249 255//255 256//256
f 257//257 250//250 251//251
f 255//255 250//250 257//257
f 258//258 251//251 252//252
f 257//257 251//251 258//258
f 259//259 252//252 253//253
f 258//258 252//252 259//259
f 253//253 254//254 260//260
f 253//253 260//260 259//259
f 263//263 262//262 261//261
f 261//261 262//262 256//256
f 255//255 261//261 256//256
f 264//264 261//261 255//255
f 78//78 264//264 77//77
f 264//264 257//257 77//77
f 264//264 255//255 257//257
f 77//77 257//257 79//79
f 79//79 257//257 258//258
f 79//79 258//258 80//80
f 80//80 258//258 259//259
f 266//266 265//265 81//81
f 266//266 81//81 80//80
f 260//260 266//266 80//80
f 259//259 260//260 80//80
f 268//268 267//267 265//265
f 268//268 265//265 266//266
f 269//269 267//267 268//268
f 272//272 271//271 270//270
f 270//270 271//271 263//263
f 270//270 263//263 261//261
f 83//83 270//270 261//261
f 82//82 83//83 261//261
f 82//82 261//261 84//84
f 84//84 261//261 264//264
f 84//84 264//264 78//78
f 265//265 85//85 81//81
f 85//85 265//265 86//86
f 265//265 273//273 86//86
f 265//265 267//267 273//273
f 267//267 269//269 274//274
f 267//267 274//274 273//273
f 272//272 270//270 87//87
f 88//88 272//272 87//87
f 275//275 272//272 88//88
f 87//87 270//270 83//83
f 273//273 89//89 86//86
f 277//277 276//276 90//90
f 277//277 90//90 89//89
f 274//274 277//277 89//89
f 273//273 274//274 89//89
f 278//278 276//276 277//277
f 91//91 275//275 88//88
f 91//91 279//279 275//275
f 276//276 92//92 90//90
f 281//281 280//280 93//93
f 281//281 93//93 92//92
f 278//278 281//281 92//92
f 276//276 278//278 92//92
f 282//282 280//280 281//281
f 94//94 279//279 91//91
f 94//94 283//283 279//279
f 280//280 95//95 93//93
f 285//285 284//284 96//96
f 285//285 96//96 95//95
f 282//282 285//285 95//95
f 280//280 282//282 95//95
f 286//286 284//284 285//285
f 97//97 283//283 94//94
f 97//97 287//287 283//283
f 284//284 98//98 96//96
f 99//99 98//98 284//284
f 286//286 99//99 284//284
f 288//288 99//99 286//286
f 100//100 287//287 97//97
f 100//100 289//289 287//287
f 288//288 101//101 99//99
f 290//290 101//101 288//288
f 102//102 289//289 100//100
f 102//102 291//291 289//289
f 290//290 103//103 101//101
f 292//292 103//103 290//290
f 104//104 291//291 102//102
f 104//104 293//293 291//291
f 292//292 105//105 103//103
f 294//294 105//105 292//292
f 106//106 293//293 104//104
f 106//106 295//295 293//293
f 294//294 296//296 105//105
f 105//105 296//296 107//107
f 108//108 107//107 296//296
f 108//108 296//296 297//297
f 109//109 295//295 106//106
f 109//109 298//298 295//295
f 297//297 110//110 108//108
f 299//299 110//110 297//297
f 111//111 298//298 109//109
f 111//111 300//300 298//298
f 303//303 302//302 301//301
f 299//299 303//303 301//301
f 112//112 299//299 301//301
f 110//110 299//299 112//112
f 113//113 300//300 111//111
f 113//113 304//304 300//300
f 301//301 302//302 305//305
f 305//305 302//302 306//306
f 305//305 114//114 112//112
f 305//305 112//112 301//301
f 115//115 304//304 113//113
f 115//115 307//307 304//304
f 305//305 306//306 117//117
f 306//306 116//116 117//117
f 306//306 308//308 116//116
f 305//305 117//117 114//114
f 118//118 307//307 115//115
f 118//118 309//309 307//307
f 308//308 119//119 116//116
f 310//310 119//119 308//308
f 120//120 309//309 118//118
f 120//120 311//311 309//309
f 314//314 313//313 312//312
f 310//310 314//314 312//312
f 121//121 310//310 312//312
f 119//119 310//310 121//121
f 122//122 311//311 120//120
f 122//122 315//315 311//311
f 312//312 313//313 124//124
f 313//313 123//123 124//124
f 313//313 316//316 123//123
f 312//312 124//124 121//121
f 125//125 315//315 122//122
f 125//125 317//317 315//315
f 320//320 319//319 318//318
f 316//316 320//320 318//318
f 126//126 316//316 318//318
f 123//123 316//316 126//126
f 127//127 322//322 321//321
f 317//317 127//127 321//321
f 125//125 127//127 317//317
f 324//324 323//323 322//322
f 322//322 323//323 321//321
f 324//324 325//325 323//323
f 328//328 327//327 326//326
f 330//330 329//329 326//326
f 326//326 329//329 328//328
f 329//329 330//330 319//319
f 319//319 330//330 318//318
f 330//330 128//128 318//318
f 128//128 129//129 318//318
f 318//318 129//129 126//126
f 130//130 322//322 127//127
f 322//322 130//130 131//131
f 322//322 131//131 324//324
f 332//332 331//331 132//132
f 132//132 331//331 131//131
f 331//331 325//325 131//131
f 325//325 324//324 131//131
f 334//334 333//333 332//332
f 332//332 333//333 331//331
f 336//336 335//335 334//334
f 334//334 335//335 333//333
f 338//338 337//337 336//336
f 336//336 337//337 335//335
f 133//133 134//134 338//338
f 134//134 337//337 338//338
f 134//134 339//339 337//337
f 135//135 326//326 327//327
f 339//339 135//135 327//327
f 134//134 135//135 339//339
f 326//326 135//135 136//136
f 326//326 136//136 330//330
f 330//330 136//136 128//128
f 137//137 332//332 132//132
f 332//332 137//137 138//138
f 332//332 138//138 334//334
f 334//334 138//138 139//139
f 334//334 139//139 336//336
f 336//336 139//139 140//140
f 336//336 140//140 338//338
f 338//338 140//140 133//133
f 143//143 340//340 141//141
f 143//143 342//342 340//340
f 341//341 343//343 142//142
f 142//142 343//343 144//144
f 145//145 144//144 343//343
f 145//145 343//343 344//344
f 146//146 342//342 143//143
f 146//146 345//345 342//342
f 344//344 147//147 145//145
f 346//346 147//147 344//344
f 149//149 347//347 148//148
f 347//347 348//348 148//148
f 348//348 146//146 148//148
f 348//348 345//345 146//146
f 346//346 349//349 147//147
f 147//147 349//349 150//150
f 151//151 150//150 349//349
f 151//151 349//349 350//350
f 352//352 351//351 347//347
f 149//149 352//352 347//347
f 152//152 352//352 149//149
f 347//347 351//351 348//348
f 350//350 153//153 151//151
f 353//353 153//153 350//350
f 154//154 352//352 152//152
f 154//154 354//354 352//352
f 353//353 156//156 153//153
f 355//355 156//156 353//353
f 157//157 354//354 154//154
f 157//157 356//356 354//354
f 158//158 156//156 357//357
f 156//156 358//358 357//357
f 156//156 355//355 358//358
f 357//357 159//159 158//158
f 160//160 356//356 157//157
f 160//160 359//359 356//356
f 357//357 358//358 360//360
f 360//360 358//358 361//361
f 360//360 161//161 159//159
f 360//360 159//159 357//357
f 162//162 359//359 160//160
f 162//162 362//362 359//359
f 360//360 361//361 363//363
f 363//363 361//361 364//364
f 363//363 163//163 161//161
f 363//363 161//161 360//360
f 164//164 362//362 162//162
f 164//164 365//365 362//362
f 363//363 364//364 366//366
f 366//366 364//364 367//367
f 366//366 165//165 163//163
f 366//366 163//163 363//363
f 166//166 365//365 164//164
f 166//166 368//368 365//365
f 366//366 367//367 169//169
f 367//367 168//168 169//169
f 367//367 369//369 168//168
f 366//366 169//169 165//165
f 170//170 368//368 166//166
f 170//170 370//370 368//368
f 369//369 172//172 168//168
f 371//371 172//172 369//369
f 173//173 370//370 170//170
f 173//173 372//372 370//370
f 371//371 175//175 172//172
f 373//373 175//175 371//371
f 176//176 372//372 173//173
f 176//176 374//374 372//372
f 373//373 178//178 175//175
f 375//375 178//178 373//373
f 179//179 377//377 376//376
f 374//374 179//179 376//376
f 176//176 179//179 374//374
f 377//377 378//378 376//376
f 375//375 181//181 178//178
f 379//379 181//181 375//375
f 182//182 377//377 179//179
f 182//182 184//184 377//377
f 184//184 378//378 377//377
f 184//184 380//380 378//378
f 379//379 185//185 181//181
f 381//381 185//185 379//379
f 186//186 380//380 184//184
f 186//186 382//382 380//380
f 381//381 187//187 185//185
f 383//383 187//187 381//381
f 188//188 385//385 384//384
f 382//382 188//188 384//384
f 186//186 188//188 382//382
f 385//385 386//386 384//384
f 383//383 189//189 187//187
f 387//387 189//189 383//383
f 190//190 385//385 188//188
f 190//190 191//191 385//385
f 191//191 386//386 385//385
f 191//191 388//388 386//386
f 387//387 192//192 189//189
f 389//389 192//192 387//387
f 193//193 388//388 191//191
f 193//193 390//390 388//388
f 391//391 194//194 195//195
f 392//392 391//391 195//195
f 192//192 392//392 195//195
f 389//389 392//392 192//192
f 196//196 390//390 193//193
f 196//196 393//393 390//390
f 395//395 394//394 391//391
f 394//394 194//194 391//391
f 394//394 197//197 194//194
f 395//395 391//391 392//392
f 198//198 393//393 196//196
f 198//198 396//396 393//393
f 394//394 199//199 197//197
f 397//397 199//199 394//394
f 200//200 396//396 198//198
f 200//200 398//398 396//396
f 397//397 202//202 199//199
f 399//399 202//202 397//397
f 203//203 398//398 200//200
f 203//203 400//400 398//398
f 401//401 205//205 206//206
f 402//402 401//401 206//206
f 202//202 402//402 206//206
f 399//399 402//402 202//202
f 207//207 400//400 203//203
f 207//207 403//403 400//400
f 405//405 404//404 401//401
f 404//404 205//205 401//401
f 404//404 209//209 205//205
f 405//405 401//401 402//402
f 211//211 403//403 207//207
f 211//211 406//406 403//403
f 407//407 213//213 214//214
f 408//408 407//407 214//214
f 209//209 408//408 214//214
f 404//404 408//408 209//209
f 216//216 406//406 211//211
f 216//216 409//409 406//406
f 410//410 219//219 220//220
f 213//213 407//407 220//220
f 407//407 410//410 220//220
f 407//407 411//411 410//410
f 407//407 408//408 412//412
f 407//407 412//412 411//411
f 216//216 221//221 413//413
f 414//414 216//216 413//413
f 409//409 216//216 414//414
f 222//222 413//413 221//221
f 415//415 229//229 410//410
f 410//410 229//229 219//219
f 411//411 417//417 416//416
f 415//415 411//411 416//416
f 410//410 411//411 415//415
f 417//417 411//411 412//412
f 414//414 413//413 418//418
f 414//414 418//418 419//419
f 230//230 420//420 222//222
f 420//420 413//413 222//222
f 420//420 418//418 413//413
f 231//231 420//420 230//230
f 421//421 238//238 239//239
f 229//229 415//415 239//239
f 415//415 421//421 239//239
f 415//415 422//422 421//421
f 415//415 416//416 423//423
f 415//415 423//423 422//422
f 424//424 419//419 418//418
f 426//426 425//425 424//424
f 418//418 426//426 424//424
f 420//420 426//426 418//418
f 241//241 426//426 231//231
f 231//231 426//426 420//420
f 427//427 246//246 247//247
f 238//238 421//421 247//247
f 421//421 427//427 247//247
f 421//421 428//428 427//427
f 429//429 421//421 422//422
f 428//428 421//421 429//429
f 422//422 423//423 430//430
f 422//422 430//430 429//429
f 425//425 426//426 431//431
f 425//425 431//431 432//432
f 248//248 433//433 241//241
f 433//433 426//426 241//241
f 433//433 431//431 426//426
f 249//249 433//433 248//248
f 434//434 254//254 427//427
f 427//427 254//254 246//246
f 435//435 427//427 428//428
f 434//434 427//427 435//435
f 429//429 437//437 436//436
f 435//435 429//429 436//436
f 428//428 429//429 435//435
f 437//437 429//429 430//430
f 432//432 431//431 438//438
f 432//432 438//438 439//439
f 440//440 431//431 433//433
f 438//438 431//431 440//440
f 256//256 440//440 249//249
f 249//249 440//440 433//433
f 441//441 260//260 434//434
f 434//434 260//260 254//254
f 442//442 434//434 435//435
f 441//441 434//434 442//442
f 435//435 436//436 443//443
f 435//435 443//443 442//442
f 439//439 438//438 444//444
f 439//439 444//444 445//445
f 263//263 444//444 262//262
f 444//444 440//440 262//262
f 444//444 438//438 440//440
f 262//262 440//440 256//256
f 441//441 266//266 260//260
f 266//266 441//441 268//268
f 268//268 441//441 442//442
f 447//447 446//446 269//269
f 447//447 269//269 268//268
f 443//443 447//447 268//268
f 442//442 443//443 268//268
f 448//448 446//446 447//447
f 445//445 444//444 271//271
f 272//272 445//445 271//271
f 449//449 445//445 272//272
f 271//271 444//444 263//263
f 450//450 274//274 446//446
f 446//446 274//274 269//269
f 446//446 448//448 451//451
f 446//446 451//451 450//450
f 275//275 449//449 272//272
f 275//275 452//452 449//449
f 450//450 277//277 274//274
f 454//454 453//453 278//278
f 454//454 278//278 277//277
f 451//451 454//454 277//277
f 450//450 451//451 277//277
f 455//455 453//453 454//454
f 279//279 452//452 275//275
f 279//279 456//456 452//452
f 453//453 281//281 278//278
f 458//458 457//457 282//282
f 458//458 282//282 281//281
f 455//455 458//458 281//281
f 453//453 455//455 281//281
f 459//459 457//457 458//458
f 283//283 456//456 279//279
f 283//283 460//460 456//456
f 457//457 285//285 282//282
f 286//286 285//285 457//457
f 459//459 286//286 457//457
f 461//461 286//286 459//459
f 287//287 460//460 283//283
f 287//287 462//462 460//460
f 461//461 288//288 286//286
f 463//463 288//288 461//461
f 289//289 462//462 287//287
f 289//289 464//464 462//462
f 463//463 290//290 288//288
f 465//465 290//290 463//463
f 291//291 464//464 289//289
f 291//291 466//466 464//464
f 465//465 292//292 290//290
f 467//467 292//292 465//465
f 293//293 466//466 291//291
f 293//293 468//468 466//466
f 467//467 294//294 292//292
f 469//469 294//294 467//467
f 295//295 468//468 293//293
f 295//295 470//470 468//468
f 296//296 294//294 471//471
f 294//294 472//472 471//471
f 294//294 469//469 472//472
f 471//471 297//297 296//296
f 298//298 470//470 295//295
f 298//298 473//473 470//470
f 471//471 472//472 474//474
f 474//474 472//472 475//475
f 474//474 299//299 297//297
f 474//474 297//297 471//471
f 300//300 473//473 298//298
f 300//300 476//476 473//473
f 474//474 475//475 303//303
f 475//475 302//302 303//303
f 475//475 477//477 302//302
f 474//474 303//303 299//299
f 304//304 476//476 300//300
f 304//304 478//478 476//476
f 477//477 306//306 302//302
f 479//479 306//306 477//477
f 307//307 478//478 304//304
f 307//307 480//480 478//478
f 479//479 308//308 306//306
f 481//481 308//308 479//479
f 309//309 480//480 307//307
f 309//309 482//482 480//480
f 485//485 484//484 483//483
f 481//481 485//485 483//483
f 310//310 481//481 483//483
f 308//308 481//481 310//310
f 311//311 482//482 309//309
f 311//311 486//486 482//482
f 483//483 484//484 314//314
f 484//484 313//313 314//314
f 484//484 487//487 313//313
f 483//483 314//314 310//310
f 315//315 486//486 311//311
f 315//315 488//488 486//486
f 491//491 490//490 489//489
f 487//487 491//491 489//489
f 316//316 487//487 489//489
f 313//313 487//487 316//316
f 317//317 493//493 492//492
f 488//488 317//317 492//492
f 315//315 317//317 488//488
f 493//493 494//494 492//492
f 497//497 496//496 495//495
f 499//499 498//498 495//495
f 495//495 498//498 497//497
f 498//498 499//499 490//490
f 490//490 499//499 489//489
f 499//499 319//319 489//489
f 319//319 320//320 489//489
f 489//489 320//320 316//316
f 321//321 493//493 317//317
f 500//500 494//494 493//493
f 321//321 500//500 493//493
f 323//323 500//500 321//321
f 502//502 501//501 325//325
f 501//501 323//323 325//325
f 501//501 500//500 323//323
f 504//504 503//503 502//502
f 502//502 503//503 501//501
f 506//506 505//505 504//504
f 504//504 505//505 503//503
f 508//508 507//507 506//506
f 506//506 507//507 505//505
f 510//510 509//509 508//508
f 508//508 509//509 507//507
f 509//509 510//510 496//496
f 496//496 510//510 495//495
f 510//510 327//327 495//495
f 327//327 328//328 495//495
f 495//495 328//328 329//329
f 495//495 329//329 499//499
f 499//499 329//329 319//319
f 331//331 502//502 325//325
f 502//502 331//331 333//333
f 502//502 333//333 504//504
f 504//504 333//333 335//335
f 504//504 335//335 506//506
f 506//506 335//335 337//337
f 506//506 337//337 508//508
f 508//508 337//337 339//339
f 508//508 339//339 510//510
f 510//510 339//339 327//327
f 342//342 511//511 340//340
f 342//342 513//513 511//511
f 343//343 341//341 514//514
f 341//341 515//515 514//514
f 341//341 512//512 515//515
f 514//514 344//344 343//343
f 345//345 513//513 342//342
f 345//345 516//516 513//513
f 515//515 517//517 514//514
f 344//344 514//514 517//517
f 518//518 344//344 517//517
f 346//346 344//344 518//518
f 348//348 516//516 345//345
f 348//348 519//519 516//516
f 349//349 346//346 520//520
f 346//346 521//521 520//520
f 346//346 518//518 521//521
f 520//520 350//350 349//349
f 352//352 522//522 351//351
f 522//522 523//523 351//351
f 523//523 348//348 351//351
f 523//523 519//519 348//348
f 521//521 524//524 520//520
f 350//350 520//520 524//524
f 525//525 350//350 524//524
f 353//353 350//350 525//525
f 354//354 526//526 522//522
f 354//354 522//522 352//352
f 523//523 522//522 527//527
f 527//527 522//522 526//526
f 525//525 355//355 353//353
f 528//528 355//355 525//525
f 530//530 529//529 526//526
f 354//354 530//530 526//526
f 356//356 530//530 354//354
f 526//526 529//529 527//527
f 528//528 358//358 355//355
f 531//531 358//358 528//528
f 359//359 530//530 356//356
f 359//359 532//532 530//530
f 531//531 361//361 358//358
f 533//533 361//361 531//531
f 362//362 532//532 359//359
f 362//362 534//534 532//532
f 533//533 364//364 361//361
f 535//535 364//364 533//533
f 365//365 534//534 362//362
f 365//365 536//536 534//534
f 535//535 367//367 364//364
f 537//537 367//367 535//535
f 368//368 536//536 365//365
f 368//368 538//538 536//536
f 541//541 540//540 539//539
f 537//537 541//541 539//539
f 369//369 537//537 539//539
f 367//367 537//537 369//369
f 370//370 538//538 368//368
f 370//370 542//542 538//538
f 539//539 540//540 543//543
f 543//543 540//540 544//544
f 543//543 371//371 369//369
f 543//543 369//369 539//539
f 372//372 542//542 370//370
f 372//372 545//545 542//542
f 543//543 544//544 546//546
f 546//546 544//544 547//547
f 546//546 373//373 371//371
f 546//546 371//371 543//543
f 374//374 549//549 548//548
f 545//545 374//374 548//548
f 372//372 374//374 545//545
f 549//549 550//550 548//548
f 546//546 547//547 551//551
f 551//551 547//547 552//552
f 551//551 375//375 373//373
f 551//551 373//373 546//546
f 376//376 549//549 374//374
f 376//376 378//378 549//549
f 378//378 550//550 549//549
f 378//378 553//553 550//550
f 551//551 552//552 554//554
f 554//554 552//552 555//555
f 554//554 379//379 375//375
f 554//554 375//375 551//551
f 380//380 553//553 378//378
f 380//380 556//556 553//553
f 554//554 555//555 557//557
f 557//557 555//555 558//558
f 557//557 381//381 379//379
f 557//557 379//379 554//554
f 382//382 560//560 559//559
f 556//556 382//382 559//559
f 380//380 382//382 556//556
f 560//560 561//561 559//559
f 557//557 558//558 562//562
f 562//562 558//558 563//563
f 562//562 383//383 381//381
f 562//562 381//381 557//557
f 384//384 560//560 382//382
f 384//384 386//386 560//560
f 386//386 561//561 560//560
f 386//386 564//564 561//561
f 562//562 563//563 565//565
f 565//565 563//563 566//566
f 565//565 387//387 383//383
f 565//565 383//383 562//562
f 388//388 564//564 386//386
f 388//388 567//567 564//564
f 566//566 568//568 565//565
f 387//387 565//565 568//568
f 569//569 387//387 568//568
f 389//389 387//387 569//569
f 390//390 567//567 388//388
f 390//390 570//570 567//567
f 569//569 392//392 389//389
f 571//571 392//392 569//569
f 393//393 570//570 390//390
f 393//393 572//572 570//570
f 573//573 394//394 395//395
f 574//574 573//573 395//395
f 392//392 574//574 395//395
f 571//571 574//574 392//392
f 396//396 572//572 393//393
f 396//396 575//575 572//572
f 577//577 576//576 573//573
f 576//576 394//394 573//573
f 576//576 397//397 394//394
f 577//577 573//573 574//574
f 398//398 575//575 396//396
f 398//398 578//578 575//575
f 576//576 399//399 397//397
f 579//579 399//399 576//576
f 400//400 578//578 398//398
f 400//400 580//580 578//578
f 579//579 402//402 399//399
f 581//581 402//402 579//579
f 403//403 580//580 400//400
f 403//403 582//582 580//580
f 583//583 404//404 405//405
f 584//584 583//583 405//405
f 402//402 584//584 405//405
f 581//581 584//584 402//402
f 406//406 582//582 403//403
f 406//406 585//585 582//582
f 586//586 408//408 583//583
f 583//583 408//408 404//404
f 583//583 584//584 587//587
f 583//583 587//587 586//586
f 409//409 585//585 406//406
f 409//409 588//588 585//585
f 589//589 412//412 586//586
f 586//586 412//412 408//408
f 586//586 587//587 590//590
f 586//586 590//590 589//589
f 414//414 588//588 409//409
f 414//414 591//591 588//588
f 592//592 416//416 417//417
f 593//593 592//592 417//417
f 593//593 417//417 412//412
f 594//594 593//593 412//412
f 589//589 594//594 412//412
f 594//594 589//589 590//590
f 419//419 591//591 414//414
f 419//419 595//595 591//591
f 596//596 423//423 592//592
f 592//592 423//423 416//416
f 592//592 593//593 597//597
f 592//592 597//597 596//596
f 419//419 424//424 598//598
f 599//599 419//419 598//598
f 595//595 419//419 599//599
f 425//425 598//598 424//424
f 600//600 430//430 596//596
f 596//596 430//430 423//423
f 596//596 597//597 601//601
f 596//596 601//601 600//600
f 599//599 598//598 602//602
f 599//599 602//602 603//603
f 432//432 602//602 425//425
f 425//425 602//602 598//598
f 604//604 436//436 437//437
f 430//430 600//600 437//437
f 600//600 604//604 437//437
f 600//600 605//605 604//604
f 600//600 601//601 606//606
f 600//600 606//606 605//605
f 607//607 603//603 602//602
f 602//602 432//432 607//607
f 432//432 608//608 607//607
f 432//432 439//439 608//608
f 609//609 443//443 604//604
f 604//604 443//443 436//436
f 610//610 604//604 605//605
f 609//609 604//604 610//610
f 605//605 606//606 611//611
f 605//605 611//611 610//610
f 445//445 608//608 439//439
f 445//445 612//612 608//608
f 609//609 447//447 443//443
f 447//447 609//609 448//448
f 609//609 613//613 448//448
f 609//609 610//610 613//613
f 610//610 611//611 614//614
f 610//610 614//614 613//613
f 449//449 612//612 445//445
f 449//449 615//615 612//612
f 616//616 451//451 613//613
f 613//613 451//451 448//448
f 613//613 614//614 617//617
f 613//613 617//617 616//616
f 452//452 615//615 449//449
f 452//452 618//618 615//615
f 616//616 454//454 451//451
f 620//620 619//619 455//455
f 620//620 455//455 454//454
f 617//617 620//620 454//454
f 616//616 617//617 454//454
f 621//621 619//619 620//620
f 456//456 618//618 452//452
f 456//456 622//622 618//618
f 619//619 458//458 455//455
f 459//459 458//458 619//619
f 621//621 459//459 619//619
f 623//623 459//459 621//621
f 460//460 622//622 456//456
f 460//460 624//624 622//622
f 623//623 461//461 459//459
f 625//625 461//461 623//623
f 462//462 624//624 460//460
f 462//462 626//626 624//624
f 625//625 463//463 461//461
f 627//627 463//463 625//625
f 464//464 626//626 462//462
f 464//464 628//628 626//626
f 627//627 465//465 463//463
f 629//629 465//465 627//627
f 466//466 628//628 464//464
f 466//466 630//630 628//628
f 629//629 467//467 465//465
f 631//631 467//467 629//629
f 468//468 630//630 466//466
f 468//468 632//632 630//630
f 631//631 469//469 467//467
f 633//633 469//469 631//631
f 470//470 632//632 468//468
f 470//470 634//634 632//632
f 633//633 472//472 469//469
f 635//635 472//472 633//633
f 473//473 634//634 470//470
f 473//473 636//636 634//634
f 635//635 475//475 472//472
f 637//637 475//475 635//635
f 476//476 636//636 473//473
f 476//476 638//638 636//636
f 637//637 477//477 475//475
f 639//639 477//477 637//637
f 478//478 638//638 476//476
f 478//478 640//640 638//638
f 639//639 479//479 477//477
f 641//641 479//479 639//639
f 480//480 640//640 478//478
f 480//480 642//642 640//640
f 645//645 644//644 643//643
f 641//641 645//645 643//643
f 481//481 641//641 643//643
f 479//479 641//641 481//481
f 482//482 642//642 480//480
f 482//482 646//646 642//642
f 643//643 644//644 485//485
f 644//644 484//484 485//485
f 644//644 647//647 484//484
f 643//643 485//485 481//481
f 486//486 646//646 482//482
f 486//486 648//648 646//646
f 651//651 650//650 649//649
f 647//647 651//651 649//649
f 487//487 647//647 649//649
f 484//484 647//647 487//487
f 488//488 653//653 652//652
f 648//648 488//488 652//652
f 486//486 488//488 648//648
f 653//653 654//654 652//652
f 657//657 656//656 655//655
f 657//657 655//655 650//650
f 650//650 655//655 649//649
f 655//655 490//490 649//649
f 490//490 491//491 649//649
f 649//649 491//491 487//487
f 492//492 653//653 488//488
f 659//659 658//658 494//494
f 494//494 658//658 492//492
f 658//658 654//654 492//492
f 654//654 653//653 492//492
f 661//661 660//660 659//659
f 659//659 660//660 658//658
f 663//663 662//662 661//661
f 661//661 662//662 660//660
f 665//665 664//664 663//663
f 663//663 664//664 662//662
f 667//667 666//666 665//665
f 665//665 666//666 664//664
f 669//669 668//668 667//667
f 667//667 668//668 666//666
f 496//496 497//497 669//669
f 497//497 668//668 669//669
f 497//497 670//670 668//668
f 498//498 655//655 656//656
f 670//670 498//498 656//656
f 497//497 498//498 670//670
f 655//655 498//498 490//490
f 500//500 659//659 494//494
f 659//659 500//500 501//501
f 659//659 501//501 661//661
f 661//661 501//501 503//503
f 661//661 503//503 663//663
f 663//663 503//503 505//505
f 663//663 505//505 665//665
f 665//665 505//505 507//507
f 665//665 507//507 667//667
f 667//667 507//507 509//509
f 667//667 509//509 669//669
f 669//669 509//509 496//496
f 513//513 671//671 511//511
f 513//513 673//673 671//671
f 672//672 515//515 512//512
f 674//674 515//515 672//672
f 516//516 673//673 513//513
f 516//516 675//675 673//673
f 674//674 676//676 515//515
f 515//515 676//676 517//517
f 518//518 517//517 676//676
f 518//518 676//676 677//677
f 519//519 675//675 516//516
f 519//519 678//678 675//675
f 677//677 521//521 518//518
f 679//679 521//521 677//677
f 523//523 678//678 519//519
f 523//523 680//680 678//678
f 524//524 521//521 681//681
f 521//521 682//682 681//681
f 521//521 679//679 682//682
f 681//681 525//525 524//524
f 527//527 680//680 523//523
f 527//527 683//683 680//680
f 681//681 682//682 684//684
f 684//684 682//682 685//685
f 684//684 528//528 525//525
f 684//684 525//525 681//681
f 530//530 686//686 529//529
f 686//686 687//687 529//529
f 687//687 527//527 529//529
f 687//687 683//683 527//527
f 684//684 685//685 688//688
f 688//688 685//685 689//689
f 688//688 531//531 528//528
f 688//688 528//528 684//684
f 532//532 690//690 686//686
f 532//532 686//686 530//530
f 687//687 686//686 691//691
f 691//691 686//686 690//690
f 688//688 689//689 692//692
f 692//692 689//689 693//693
f 692//692 533//533 531//531
f 692//692 531//531 688//688
f 534//534 694//694 690//690
f 534//534 690//690 532//532
f 691//691 690//690 695//695
f 695//695 690//690 694//694
f 692//692 693//693 696//696
f 696//696 693//693 697//697
f 696//696 535//535 533//533
f 696//696 533//533 692//692
f 699//699 698//698 694//694
f 534//534 699//699 694//694
f 536//536 699//699 534//534
f 694//694 698//698 695//695
f 696//696 697//697 700//700
f 700//700 697//697 701//701
f 700//700 537//537 535//535
f 700//700 535//535 696//696
f 538//538 699//699 536//536
f 538//538 702//702 699//699
f 700//700 701//701 541//541
f 701//701 540//540 541//541
f 701//701 703//703 540//540
f 700//700 541//541 537//537
f 542//542 702//702 538//538
f 542//542 704//704 702//702
f 703//703 544//544 540//540
f 705//705 544//544 703//703
f 545//545 707//707 706//706
f 704//704 545//545 706//706
f 542//542 545//545 704//704
f 707//707 708//708 706//706
f 711//711 710//710 709//709
f 705//705 711//711 709//709
f 547//547 705//705 709//709
f 544//544 705//705 547//547
f 548//548 707//707 545//545
f 548//548 550//550 707//707
f 550//550 708//708 707//707
f 550//550 712//712 708//708
f 709//709 710//710 713//713
f 713//713 710//710 714//714
f 713//713 552//552 547//547
f 713//713 547//547 709//709
f 553//553 712//712 550//550
f 553//553 715//715 712//712
f 714//714 716//716 713//713
f 552//552 713//713 716//716
f 717//717 552//552 716//716
f 555//555 552//552 717//717
f 556//556 719//719 718//718
f 715//715 556//556 718//718
f 553//553 556//556 715//715
f 719//719 720//720 718//718
f 717//717 558//558 555//555
f 721//721 558//558 717//717
f 559//559 719//719 556//556
f 559//559 561//561 719//719
f 561//561 720//720 719//719
f 561//561 722//722 720//720
f 721//721 563//563 558//558
f 723//723 563//563 721//721
f 564//564 722//722 561//561
f 564//564 724//724 722//722
f 723//723 566//566 563//563
f 725//725 566//566 723//723
f 567//567 724//724 564//564
f 567//567 726//726 724//724
f 568//568 566//566 727//727
f 566//566 728//728 727//727
f 566//566 725//725 728//728
f 727//727 569//569 568//568
f 570//570 726//726 567//567
f 570//570 729//729 726//726
f 728//728 730//730 727//727
f 569//569 727//727 730//730
f 731//731 569//569 730//730
f 571//571 569//569 731//731
f 572//572 729//729 570//570
f 572//572 732//732 729//729
f 731//731 574//574 571//571
f 733//733 574//574 731//731
f 575//575 732//732 572//572
f 575//575 734//734 732//732
f 735//735 576//576 577//577
f 736//736 735//735 577//577
f 574//574 736//736 577//577
f 733//733 736//736 574//574
f 578//578 734//734 575//575
f 578//578 737//737 734//734
f 738//738 579//579 735//735
f 735//735 579//579 576//576
f 735//735 736//736 739//739
f 735//735 739//739 738//738
f 580//580 737//737 578//578
f 580//580 740//740 737//737
f 742//742 741//741 738//738
f 741//741 579//579 738//738
f 741//741 581//581 579//579
f 742//742 738//738 739//739
f 582//582 740//740 580//580
f 582//582 743//743 740//740
f 741//741 584//584 581//581
f 744//744 584//584 741//741
f 585//585 743//743 582//582
f 585//585 745//745 743//743
f 744//744 587//587 584//584
f 746//746 587//587 744//744
f 588//588 745//745 585//585
f 588//588 747//747 745//745
f 746//746 590//590 587//587
f 748//748 590//590 746//746
f 591//591 747//747 588//588
f 591//591 749//749 747//747
f 750//750 593//593 594//594
f 751//751 750//750 594//594
f 590//590 751//751 594//594
f 748//748 751//751 590//590
f 595//595 749//749 591//591
f 595//595 752//752 749//749
f 753//753 597//597 750//750
f 750//750 597//597 593//593
f 750//750 751//751 754//754
f 750//750 754//754 753//753
f 599//599 752//752 595//595
f 599//599 755//755 752//752
f 756//756 601//601 753//753
f 753//753 601//601 597//597
f 753//753 754//754 757//757
f 753//753 757//757 756//756
f 603//603 755//755 599//599
f 603//603 758//758 755//755
f 759//759 606//606 756//756
f 756//756 606//606 601//601
f 756//756 757//757 760//760
f 756//756 760//760 759//759
f 761//761 758//758 603//603
f 761//761 603//603 607//607
f 607//607 608//608 761//761
f 761//761 608//608 762//762
f 763//763 611//611 759//759
f 759//759 611//611 606//606
f 759//759 760//760 764//764
f 759//759 764//764 763//763
f 612//612 762//762 608//608
f 612//612 765//765 762//762
f 766//766 614//614 763//763
f 763//763 614//614 611//611
f 763//763 764//764 767//767
f 763//763 767//767 766//766
f 615//615 765//765 612//612
f 615//615 768//768 765//765
f 769//769 617//617 766//766
f 766//766 617//617 614//614
f 766//766 767//767 770//770
f 766//766 770//770 769//769
f 618//618 768//768 615//615
f 618//618 771//771 768//768
f 769//769 620//620 617//617
f 621//621 620//620 769//769
f 770//770 621//621 769//769
f 772//772 621//621 770//770
f 622//622 771//771 618//618
f 622//622 773//773 771//771
f 772//772 623//623 621//621
f 774//774 623//623 772//772
f 624//624 773//773 622//622
f 624//624 775//775 773//773
f 774//774 625//625 623//623
f 776//776 625//625 774//774
f 626//626 775//775 624//624
f 626//626 777//777 775//775
f 776//776 627//627 625//625
f 778//778 627//627 776//776
f 628//628 777//777 626//626
f 628//628 779//779 777//777
f 778//778 629//629 627//627
f 780//780 629//629 778//778
f 630//630 779//779 628//628
f 630//630 781//781 779//779
f 780//780 631//631 629//629
f 782//782 631//631 780//780
f 632//632 781//781 630//630
f 632//632 783//783 781//781
f 782//782 633//633 631//631
f 784//784 633//633 782//782
f 634//634 783//783 632//632
f 634//634 785//785 783//783
f 784//784 635//635 633//633
f 786//786 635//635 784//784
f 636//636 785//785 634//634
f 636//636 787//787 785//785
f 786//786 637//637 635//635
f 788//788 637//637 786//786
f 638//638 787//787 636//636
f 638//638 789//789 787//787
f 788//788 639//639 637//637
f 790//790 639//639 788//788
f 640//640 789//789 638//638
f 640//640 791//791 789//789
f 794//794 793//793 792//792
f 790//790 794//794 792//792
f 641//641 790//790 792//792
f 639//639 790//790 641//641
f 642//642 791//791 640//640
f 642//642 795//795 791//791
f 792//792 793//793 645//645
f 793//793 644//644 645//645
f 793//793 796//796 644//644
f 792//792 645//645 641//641
f 646//646 795//795 642//642
f 646//646 797//797 795//795
f 800//800 799//799 798//798
f 796//796 800//800 798//798
f 647//647 796//796 798//798
f 644//644 796//796 647//647
f 648//648 802//802 801//801
f 797//797 648//648 801//801
f 646//646 648//648 797//797
f 802//802 803//803 801//801
f 806//806 805//805 804//804
f 806//806 804//804 799//799
f 799//799 804//804 798//798
f 804//804 650//650 798//798
f 650//650 651//651 798//798
f 798//798 651//651 647//647
f 652//652 802//802 648//648
f 808//808 807//807 654//654
f 654//654 807//807 652//652
f 807//807 803//803 652//652
f 803//803 802//802 652//652
f 810//810 809//809 808//808
f 808//808 809//809 807//807
f 812//812 811//811 810//810
f 810//810 811//811 809//809
f 814//814 813//813 812//812
f 812//812 813//813 811//811
f 816//816 815//815 814//814
f 814//814 815//815 813//813
f 818//818 817//817 816//816
f 816//816 817//817 815//815
f 820//820 819//819 818//818
f 818//818 819//819 817//817
f 819//819 820//820 805//805
f 805//805 820//820 804//804
f 820//820 656//656 804//804
f 656//656 657//657 804//804
f 804//804 657//657 650//650
f 658//658 808//808 654//654
f 808//808 658//658 660//660
f 808//808 660//660 810//810
f 810//810 660//660 662//662
f 810//810 662//662 812//812
f 812//812 662//662 664//664
f 812//812 664//664 814//814
f 814//814 664//664 666//666
f 814//814 666//666 816//816
f 816//816 666//666 668//668
f 816//816 668//668 818//818
f 818//818 668//668 670//670
f 818//818 670//670 820//820
f 820//820 670//670 656//656
f 673//673 821//821 671//671
f 673//673 823//823 821//821
f 822//822 674//674 672//672
f 824//824 674//674 822//822
f 675//675 823//823 673//673
f 675//675 825//825 823//823
f 824//824 826//826 674//674
f 674//674 826//826 676//676
f 677//677 676//676 826//826
f 677//677 826//826 827//827
f 678//678 825//825 675//675
f 678//678 828//828 825//825
f 827//827 679//679 677//677
f 829//829 679//679 827//827
f 680//680 828//828 678//678
f 680//680 830//830 828//828
f 829//829 682//682 679//679
f 831//831 682//682 829//829
f 683//683 830//830 680//680
f 683//683 832//832 830//830
f 831//831 685//685 682//682
f 833//833 685//685 831//831
f 687//687 832//832 683//683
f 687//687 834//834 832//832
f 833//833 689//689 685//685
f 835//835 689//689 833//833
f 691//691 834//834 687//687
f 691//691 836//836 834//834
f 835//835 693//693 689//689
f 837//837 693//693 835//835
f 695//695 836//836 691//691
f 695//695 838//838 836//836
f 841//841 840//840 839//839
f 837//837 841//841 839//839
f 697//697 837//837 839//839
f 693//693 837//837 697//697
f 699//699 842//842 698//698
f 842//842 843//843 698//698
f 843//843 695//695 698//698
f 843//843 838//838 695//695
f 839//839 840//840 844//844
f 844//844 840//840 845//845
f 844//844 701//701 697//697
f 844//844 697//697 839//839
f 702//702 846//846 842//842
f 702//702 842//842 699//699
f 843//843 842//842 847//847
f 847//847 842//842 846//846
f 844//844 845//845 848//848
f 848//848 845//845 849//849
f 848//848 703//703 701//701
f 848//848 701//701 844//844
f 704//704 850//850 846//846
f 704//704 846//846 702//702
f 847//847 846//846 851//851
f 851//851 846//846 850//850
f 848//848 849//849 852//852
f 852//852 849//849 853//853
f 852//852 705//705 703//703
f 852//852 703//703 848//848
f 706//706 850//850 704//704
f 706//706 708//708 850//850
f 708//708 851//851 850//850
f 708//708 854//854 851//851
f 852//852 853//853 711//711
f 853//853 710//710 711//711
f 853//853 855//855 710//710
f 852//852 711//711 705//705
f 712//712 854//854 708//708
f 712//712 856//856 854//854
f 855//855 714//714 710//710
f 857//857 714//714 855//855
f 715//715 859//859 858//858
f 856//856 715//715 858//858
f 712//712 715//715 856//856
f 859//859 860//860 858//858
f 716//716 714//714 861//861
f 714//714 862//862 861//861
f 714//714 857//857 862//862
f 861//861 717//717 716//716
f 718//718 859//859 715//715
f 718//718 720//720 859//859
f 720//720 860//860 859//859
f 720//720 863//863 860//860
f 861//861 862//862 864//864
f 864//864 862//862 865//865
f 864//864 721//721 717//717
f 864//864 717//717 861//861
f 722//722 863//863 720//720
f 722//722 866//866 863//863
f 865//865 867//867 864//864
f 721//721 864//864 867//867
f 868//868 721//721 867//867
f 723//723 721//721 868//868
f 724//724 866//866 722//722
f 724//724 869//869 866//866
f 868//868 725//725 723//723
f 870//870 725//725 868//868
f 726//726 869//869 724//724
f 726//726 871//871 869//869
f 870//870 728//728 725//725
f 872//872 728//728 870//870
f 729//729 871//871 726//726
f 729//729 873//873 871//871
f 730//730 728//728 874//874
f 728//728 875//875 874//874
f 728//728 872//872 875//875
f 874//874 731//731 730//730
f 732//732 873//873 729//729
f 732//732 876//876 873//873
f 875//875 877//877 874//874
f 731//731 874//874 877//877
f 878//878 731//731 877//877
f 733//733 731//731 878//878
f 734//734 876//876 732//732
f 734//734 879//879 876//876
f 878//878 736//736 733//733
f 880//880 736//736 878//878
f 737//737 879//879 734//734
f 737//737 881//881 879//879
f 880//880 739//739 736//736
f 882//882 739//739 880//880
f 740//740 881//881 737//737
f 740//740 883//883 881//881
f 884//884 741//741 742//742
f 885//885 884//884 742//742
f 739//739 885//885 742//742
f 882//882 885//885 739//739
f 743//743 883//883 740//740
f 743//743 886//886 883//883
f 888//888 887//887 884//884
f 887//887 741//741 884//884
f 887//887 744//744 741//741
f 888//888 884//884 885//885
f 745//745 886//886 743//743
f 745//745 889//889 886//886
f 887//887 746//746 744//744
f 890//890 746//746 887//887
f 747//747 889//889 745//745
f 747//747 891//891 889//889
f 893//893 748//748 892//892
f 748//748 890//890 892//892
f 748//748 746//746 890//890
f 894//894 893//893 892//892
f 749//749 891//891 747//747
f 749//749 895//895 891//891
f 896//896 751//751 893//893
f 893//893 751//751 748//748
f 893//893 894//894 897//897
f 893//893 897//897 896//896
f 752//752 895//895 749//749
f 752//752 898//898 895//895
f 899//899 754//754 896//896
f 896//896 754//754 751//751
f 896//896 897//897 900//900
f 896//896 900//900 899//899
f 755//755 898//898 752//752
f 755//755 901//901 898//898
f 902//902 757//757 899//899
f 899//899 757//757 754//754
f 899//899 900//900 903//903
f 899//899 903//903 902//902
f 758//758 901//901 755//755
f 758//758 904//904 901//901
f 906//906 905//905 902//902
f 905//905 757//757 902//902
f 905//905 760//760 757//757
f 906//906 902//902 903//903
f 907//907 904//904 758//758
f 907//907 758//758 761//761
f 761//761 762//762 907//907
f 907//907 762//762 908//908
f 905//905 764//764 760//760
f 909//909 764//764 905//905
f 765//765 908//908 762//762
f 765//765 910//910 908//908
f 909//909 767//767 764//764
f 911//911 767//767 909//909
f 768//768 910//910 765//765
f 768//768 912//912 910//910
f 911//911 770//770 767//767
f 913//913 770//770 911//911
f 771//771 912//912 768//768
f 771//771 914//914 912//912
f 916//916 772//772 915//915
f 772//772 913//913 915//915
f 772//772 770//770 913//913
f 917//917 916//916 915//915
f 773//773 914//914 771//771
f 773//773 918//918 914//914
f 919//919 774//774 916//916
f 916//916 774//774 772//772
f 916//916 917//917 920//920
f 916//916 920//920 919//919
f 775//775 918//918 773//773
f 775//775 921//921 918//918
f 922//922 776//776 919//919
f 919//919 776//776 774//774
f 919//919 920//920 923//923
f 919//919 923//923 922//922
f 777//777 921//921 775//775
f 777//777 924//924 921//921
f 925//925 778//778 922//922
f 922//922 778//778 776//776
f 922//922 923//923 926//926
f 922//922 926//926 925//925
f 779//779 924//924 777//777
f 779//779 927//927 924//924
f 929//929 928//928 925//925
f 928//928 778//778 925//925
f 928//928 780//780 778//778
f 929//929 925//925 926//926
f 781//781 927//927 779//779
f 781//781 930//930 927//927
f 928//928 782//782 780//780
f 931//931 782//782 928//928
f 783//783 930//930 781//781
f 783//783 932//932 930//930
f 931//931 784//784 782//782
f 933//933 784//784 931//931
f 785//785 932//932 783//783
f 785//785 934//934 932//932
f 933//933 786//786 784//784
f 935//935 786//786 933//933
f 787//787 934//934 785//785
f 787//787 936//936 934//934
f 935//935 788//788 786//786
f 937//937 788//788 935//935
f 789//789 936//936 787//787
f 789//789 938//938 936//936
f 941//941 940//940 939//939
f 937//937 941//941 939//939
f 790//790 937//937 939//939
f 788//788 937//937 790//790
f 791//791 938//938 789//789
f 791//791 942//942 938//938
f 939//939 940//940 794//794
f 940//940 793//793 794//794
f 940//940 943//943 793//793
f 939//939 794//794 790//790
f 795//795 942//942 791//791
f 795//795 944//944 942//942
f 947//947 946//946 945//945
f 943//943 947//947 945//945
f 796//796 943//943 945//945
f 793//793 943//943 796//796
f 797//797 949//949 948//948
f 944//944 797//797 948//948
f 795//795 797//797 944//944
f 949//949 950//950 948//948
f 953//953 952//952 951//951
f 953//953 951//951 946//946
f 946//946 951//951 945//945
f 951//951 799//799 945//945
f 799//799 800//800 945//945
f 945//945 800//800 796//796
f 801//801 949//949 797//797
f 955//955 954//954 803//803
f 803//803 954//954 801//801
f 954//954 950//950 801//801
f 950//950 949//949 801//801
f 957//957 956//956 955//955
f 955//955 956//956 954//954
f 959//959 958//958 957//957
f 957//957 958//958 956//956
f 961//961 960//960 959//959
f 959//959 960//960 958//958
f 963//963 962//962 961//961
f 961//961 962//962 960//960
f 965//965 964//964 963//963
f 963//963 964//964 962//962
f 967//967 966//966 965//965
f 965//965 966//966 964//964
f 966//966 967//967 952//952
f 952//952 967//967 951//951
f 967//967 805//805 951//951
f 805//805 806//806 951//951
f 951//951 806//806 799//799
f 807//807 955//955 803//803
f 955//955 807//807 809//809
f 955//955 809//809 957//957
f 957//957 809//809 811//811
f 957//957 811//811 959//959
f 959//959 811//811 813//813
f 959//959 813//813 961//961
f 961//961 813//813 815//815
f 961//961 815//815 963//963
f 963//963 815//815 817//817
f 963//963 817//817 965//965
f 965//965 817//817 819//819
f 965//965 819//819 967//967
f 967//967 819//819 805//805
f 823//823 968//968 821//821
f 823//823 970//970 968//968
f 969//969 824//824 822//822
f 971//971 824//824 969//969
f 825//825 970//970 823//823
f 825//825 972//972 970//970
f 826//826 824//824 973//973
f 824//824 974//974 973//973
f 824//824 971//971 974//974
f 973//973 827//827 826//826
f 828//828 972//972 825//825
f 828//828 975//975 972//972
f 973//973 974//974 976//976
f 976//976 974//974 977//977
f 976//976 829//829 827//827
f 976//976 827//827 973//973
f 830//830 975//975 828//828
f 830//830 978//978 975//975
f 976//976 977//977 979//979
f 979//979 977//977 980//980
f 979//979 831//831 829//829
f 979//979 829//829 976//976
f 832//832 978//978 830//830
f 832//832 981//981 978//978
f 979//979 980//980 982//982
f 982//982 980//980 983//983
f 982//982 833//833 831//831
f 982//982 831//831 979//979
f 834//834 981//981 832//832
f 834//834 984//984 981//981
f 982//982 983//983 985//985
f 985//985 983//983 986//986
f 985//985 835//835 833//833
f 985//985 833//833 982//982
f 836//836 984//984 834//834
f 836//836 987//987 984//984
f 985//985 986//986 988//988
f 988//988 986//986 989//989
f 988//988 837//837 835//835
f 988//988 835//835 985//985
f 838//838 987//987 836//836
f 838//838 990//990 987//987
f 993//993 992//992 991//991
f 993//993 991//991 989//989
f 989//989 991//991 988//988
f 991//991 840//840 988//988
f 840//840 841//841 988//988
f 988//988 841//841 837//837
f 843//843 990//990 838//838
f 843//843 994//994 990//990
f 991//991 992//992 995//995
f 995//995 992//992 996//996
f 995//995 845//845 840//840
f 995//995 840//840 991//991
f 847//847 998//998 997//997
f 994//994 847//847 997//997
f 843//843 847//847 994//994
f 998//998 999//999 997//997
f 995//995 996//996 1000//1000
f 1000//1000 996//996 1001//1001
f 1000//1000 849//849 845//845
f 1000//1000 845//845 995//995
f 851//851 1002//1002 998//998
f 851//851 998//998 847//847
f 999//999 998//998 1003//1003
f 1003//1003 998//998 1002//1002
f 1000//1000 1001//1001 1004//1004
f 1004//1004 1001//1001 1005//1005
f 1004//1004 853//853 849//849
f 1004//1004 849//849 1000//1000
f 854//854 1006//1006 1002//1002
f 854//854 1002//1002 851//851
f 1003//1003 1002//1002 1007//1007
f 1007//1007 1002//1002 1006//1006
f 1004//1004 1005//1005 1008//1008
f 1008//1008 1005//1005 1009//1009
f 1008//1008 855//855 853//853
f 1008//1008 853//853 1004//1004
f 856//856 1010//1010 1006//1006
f 856//856 1006//1006 854//854
f 1007//1007 1006//1006 1011//1011
f 1011//1011 1006//1006 1010//1010
f 1008//1008 1009//1009 1012//1012
f 1012//1012 1009//1009 1013//1013
f 1012//1012 857//857 855//855
f 1012//1012 855//855 1008//1008
f 858//858 1010//1010 856//856
f 858//858 860//860 1010//1010
f 860//860 1011//1011 1010//1010
f 860//860 1014//1014 1011//1011
f 1012//1012 1013//1013 1015//1015
f 1015//1015 1013//1013 1016//1016
f 1015//1015 862//862 857//857
f 1015//1015 857//857 1012//1012
f 863//863 1014//1014 860//860
f 863//863 1017//1017 1014//1014
f 1016//1016 1018//1018 1015//1015
f 862//862 1015//1015 1018//1018
f 1019//1019 862//862 1018//1018
f 865//865 862//862 1019//1019
f 866//866 1017//1017 863//863
f 866//866 1020//1020 1017//1017
f 867//867 865//865 1021//1021
f 865//865 1022//1022 1021//1021
f 865//865 1019//1019 1022//1022
f 1021//1021 868//868 867//867
f 869//869 1020//1020 866//866
f 869//869 1023//1023 1020//1020
f 1022//1022 1024//1024 1021//1021
f 868//868 1021//1021 1024//1024
f 1025//1025 868//868 1024//1024
f 870//870 868//868 1025//1025
f 871//871 1023//1023 869//869
f 871//871 1026//1026 1023//1023
f 1025//1025 872//872 870//870
f 1027//1027 872//872 1025//1025
f 873//873 1026//1026 871//871
f 873//873 1028//1028 1026//1026
f 1027//1027 875//875 872//872
f 1029//1029 875//875 1027//1027
f 876//876 1028//1028 873//873
f 876//876 1030//1030 1028//1028
f 877//877 875//875 1031//1031
f 875//875 1032//1032 1031//1031
f 875//875 1029//1029 1032//1032
f 1031//1031 878//878 877//877
f 879//879 1030//1030 876//876
f 879//879 1033//1033 1030//1030
f 1031//1031 1032//1032 1034//1034
f 1034//1034 1032//1032 1035//1035
f 1034//1034 880//880 878//878
f 1034//1034 878//878 1031//1031
f 881//881 1033//1033 879//879
f 881//881 1036//1036 1033//1033
f 1034//1034 1035//1035 1037//1037
f 1037//1037 1035//1035 1038//1038
f 1037//1037 882//882 880//880
f 1037//1037 880//880 1034//1034
f 883//883 1036//1036 881//881
f 883//883 1039//1039 1036//1036
f 1038//1038 1040//1040 1037//1037
f 882//882 1037//1037 1040//1040
f 1041//1041 882//882 1040//1040
f 885//885 882//882 1041//1041
f 886//886 1039//1039 883//883
f 886//886 1042//1042 1039//1039
f 1043//1043 887//887 888//888
f 1044//1044 1043//1043 888//888
f 885//885 1044//1044 888//888
f 1041//1041 1044//1044 885//885
f 889//889 1042//1042 886//886
f 889//889 1045//1045 1042//1042
f 1046//1046 890//890 1043//1043
f 1043//1043 890//890 887//887
f 1043//1043 1044//1044 1047//1047
f 1043//1043 1047//1047 1046//1046
f 891//891 1045//1045 889//889
f 891//891 1048//1048 1045//1045
f 1046//1046 892//892 890//890
f 894//894 892//892 1046//1046
f 1047//1047 894//894 1046//1046
f 1049//1049 894//894 1047//1047
f 895//895 1048//1048 891//891
f 895//895 1050//1050 1048//1048
f 1049//1049 897//897 894//894
f 1051//1051 897//897 1049//1049
f 898//898 1050//1050 895//895
f 898//898 1052//1052 1050//1050
f 1051//1051 900//900 897//897
f 1053//1053 900//900 1051//1051
f 901//901 1052//1052 898//898
f 901//901 1054//1054 1052//1052
f 1053//1053 903//903 900//900
f 1055//1055 903//903 1053//1053
f 904//904 1054//1054 901//901
f 904//904 1056//1056 1054//1054
f 1057//1057 905//905 906//906
f 1058//1058 1057//1057 906//906
f 903//903 1058//1058 906//906
f 1055//1055 1058//1058 903//903
f 1059//1059 1056//1056 904//904
f 1059//1059 904//904 907//907
f 907//907 908//908 1059//1059
f 1059//1059 908//908 1060//1060
f 1061//1061 909//909 1057//1057
f 1057//1057 909//909 905//905
f 1057//1057 1058//1058 1062//1062
f 1057//1057 1062//1062 1061//1061
f 910//910 1060//1060 908//908
f 910//910 1063//1063 1060//1060
f 1064//1064 911//911 1061//1061
f 1061//1061 911//911 909//909
f 1061//1061 1062//1062 1065//1065
f 1061//1061 1065//1065 1064//1064
f 912//912 1063//1063 910//910
f 912//912 1066//1066 1063//1063
f 1067//1067 913//913 1064//1064
f 1064//1064 913//913 911//911
f 1064//1064 1065//1065 1068//1068
f 1064//1064 1068//1068 1067//1067
f 914//914 1066//1066 912//912
f 914//914 1069//1069 1066//1066
f 1067//1067 915//915 913//913
f 917//917 915//915 1067//1067
f 1068//1068 917//917 1067//1067
f 1070//1070 917//917 1068//1068
f 918//918 1069//1069 914//914
f 918//918 1071//1071 1069//1069
f 1070//1070 920//920 917//917
f 1072//1072 920//920 1070//1070
f 921//921 1071//1071 918//918
f 921//921 1073//1073 1071//1071
f 1072//1072 923//923 920//920
f 1074//1074 923//923 1072//1072
f 924//924 1073//1073 921//921
f 924//924 1075//1075 1073//1073
f 1074//1074 926//926 923//923
f 1076//1076 926//926 1074//1074
f 927//927 1075//1075 924//924
f 927//927 1077//1077 1075//1075
f 1079//1079 1078//1078 929//929
f 929//929 1078//1078 928//928
f 929//929 926//926 1076//1076
f 929//929 1076//1076 1079//1079
f 930//930 1077//1077 927//927
f 930//930 1080//1080 1077//1077
f 1078//1078 931//931 928//928
f 1081//1081 931//931 1078//1078
f 932//932 1080//1080 930//930
f 932//932 1082//1082 1080//1080
f 1081//1081 933//933 931//931
f 1083//1083 933//933 1081//1081
f 934//934 1082//1082 932//932
f 934//934 1084//1084 1082//1082
f 1083//1083 935//935 933//933
f 1085//1085 935//935 1083//1083
f 936//936 1084//1084 934//934
f 936//936 1086//1086 1084//1084
f 1089//1089 1088//1088 1087//1087
f 1085//1085 1089//1089 1087//1087
f 937//937 1085//1085 1087//1087
f 935//935 1085//1085 937//937
f 938//938 1086//1086 936//936
f 938//938 1090//1090 1086//1086
f 1093//1093 1092//1092 1091//1091
f 1093//1093 1091//1091 1088//1088
f 1088//1088 1091//1091 1087//1087
f 1091//1091 940//940 1087//1087
f 940//940 941//941 1087//1087
f 1087//1087 941//941 937//937
f 942//942 1090//1090 938//938
f 942//942 1094//1094 1090//1090
f 1097//1097 1096//1096 1095//1095
f 1097//1097 1095//1095 1092//1092
f 1095//1095 1091//1091 1092//1092
f 1095//1095 1098//1098 1091//1091
f 1098//1098 943//943 940//940
f 1098//1098 940//940 1091//1091
f 944//944 1100//1100 1099//1099
f 1094//1094 944//944 1099//1099
f 942//942 944//944 1094//1094
f 1100//1100 1101//1101 1099//1099
f 1104//1104 1103//1103 1102//1102
f 1104//1104 1102//1102 1096//1096
f 1102//1102 1095//1095 1096//1096
f 1102//1102 1105//1105 1095//1095
f 1105//1105 946//946 947//947
f 1098//1098 1105//1105 947//947
f 1095//1095 1105//1105 1098//1098
f 1098//1098 947//947 943//943
f 948//948 1100//1100 944//944
f 1107//1107 1106//1106 950//950
f 950//950 1106//1106 948//948
f 1106//1106 1101//1101 948//948
f 1101//1101 1100//1100 948//948
f 1109//1109 1108//1108 1107//1107
f 1107//1107 1108//1108 1106//1106
f 1111//1111 1110//1110 1109//1109
f 1109//1109 1110//1110 1108//1108
f 1113//1113 1112//1112 1111//1111
f 1111//1111 1112//1112 1110//1110
f 1115//1115 1114//1114 1113//1113
f 1113//1113 1114//1114 1112//1112
f 1117//1117 1116//1116 1115//1115
f 1115//1115 1116//1116 1114//1114
f 1116//1116 1117//1117 1103//1103
f 1117//1117 1102//1102 1103//1103
f 1117//1117 1118//1118 1102//1102
f 1118//1118 952//952 953//953
f 1105//1105 1118//1118 953//953
f 1102//1102 1118//1118 1105//1105
f 1105//1105 953//953 946//946
f 954//954 1107//1107 950//950
f 1107//1107 954//954 956//956
f 1107//1107 956//956 1109//1109
f 1109//1109 956//956 958//958
f 1109//1109 958//958 1111//1111
f 1111//1111 958//958 960//960
f 1111//1111 960//960 1113//1113
f 1113//1113 960//960 962//962
f 1113//1113 962//962 1115//1115
f 1115//1115 962//962 964//964
f 1115//1115 964//964 1117//1117
f 1117//1117 964//964 966//966
f 1117//1117 966//966 1118//1118
f 1118//1118 966//966 952//952
f 970//970 1119//1119 968//968
f 970//970 1121//1121 1119//1119
f 1120//1120 971//971 969//969
f 1122//1122 971//971 1120//1120
f 972//972 1121//1121 970//970
f 972//972 1123//1123 1121//1121
f 1122//1122 974//974 971//971
f 1124//1124 974//974 1122//1122
f 975//975 1123//1123 972//972
f 975//975 1125//1125 1123//1123
f 1124//1124 977//977 974//974
f 1126//1126 977//977 1124//1124
f 978//978 1125//1125 975//975
f 978//978 1127//1127 1125//1125
f 1126//1126 980//980 977//977
f 1128//1128 980//980 1126//1126
f 981//981 1127//1127 978//978
f 981//981 1129//1129 1127//1127
f 1128//1128 983//983 980//980
f 1130//1130 983//983 1128//1128
f 984//984 1129//1129 981//981
f 984//984 1131//1131 1129//1129
f 1134//1134 1133//1133 1132//1132
f 1130//1130 1134//1134 1132//1132
f 986//986 1130//1130 1132//1132
f 983//983 1130//1130 986//986
f 987//987 1131//1131 984//984
f 987//987 1135//1135 1131//1131
f 1132//1132 1133//1133 1136//1136
f 1136//1136 1133//1133 1137//1137
f 1136//1136 989//989 986//986
f 1136//1136 986//986 1132//1132
f 990//990 1139//1139 1138//1138
f 1135//1135 990//990 1138//1138
f 987//987 990//990 1135//1135
f 1139//1139 1140//1140 1138//1138
f 1143//1143 1142//1142 1141//1141
f 1143//1143 1141//1141 1137//1137
f 1137//1137 1141//1141 1136//1136
f 1141//1141 992//992 1136//1136
f 992//992 993//993 1136//1136
f 1136//1136 993//993 989//989
f 994//994 1144//1144 1139//1139
f 994//994 1139//1139 990//990
f 1140//1140 1139//1139 1145//1145
f 1139//1139 1146//1146 1145//1145
f 1139//1139 1144//1144 1146//1146
f 1146//1146 1147//1147 1145//1145
f 1141//1141 1142//1142 1148//1148
f 1148//1148 1142//1142 1149//1149
f 1148//1148 996//996 992//992
f 1148//1148 992//992 1141//1141
f 997//997 1144//1144 994//994
f 1144//1144 997//997 999//999
f 1150//1150 1144//1144 999//999
f 1146//1146 1144//1144 1150//1150
f 1147//1147 1146//1146 1151//1151
f 1151//1151 1146//1146 1150//1150
f 1148//1148 1149//1149 1152//1152
f 1152//1152 1149//1149 1153//1153
f 1152//1152 1001//1001 996//996
f 1152//1152 996//996 1148//1148
f 1003//1003 1154//1154 1150//1150
f 1003//1003 1150//1150 999//999
f 1151//1151 1150//1150 1155//1155
f 1155//1155 1150//1150 1154//1154
f 1152//1152 1153//1153 1156//1156
f 1156//1156 1153//1153 1157//1157
f 1156//1156 1005//1005 1001//1001
f 1156//1156 1001//1001 1152//1152
f 1007//1007 1158//1158 1154//1154
f 1007//1007 1154//1154 1003//1003
f 1155//1155 1154//1154 1159//1159
f 1159//1159 1154//1154 1158//1158
f 1156//1156 1157//1157 1160//1160
f 1160//1160 1157//1157 1161//1161
f 1160//1160 1009//1009 1005//1005
f 1160//1160 1005//1005 1156//1156
f 1011//1011 1162//1162 1158//1158
f 1011//1011 1158//1158 1007//1007
f 1159//1159 1158//1158 1163//1163
f 1163//1163 1158//1158 1162//1162
f 1160//1160 1161//1161 1164//1164
f 1164//1164 1161//1161 1165//1165
f 1164//1164 1013//1013 1009//1009
f 1164//1164 1009//1009 1160//1160
f 1014//1014 1166//1166 1162//1162
f 1014//1014 1162//1162 1011//1011
f 1163//1163 1162//1162 1167//1167
f 1167//1167 1162//1162 1166//1166
f 1165//1165 1168//1168 1164//1164
f 1013//1013 1164//1164 1168//1168
f 1169//1169 1013//1013 1168//1168
f 1016//1016 1013//1013 1169//1169
f 1171//1171 1170//1170 1166//1166
f 1014//1014 1171//1171 1166//1166
f 1017//1017 1171//1171 1014//1014
f 1166//1166 1170//1170 1167//1167
f 1018//1018 1016//1016 1172//1172
f 1016//1016 1173//1173 1172//1172
f 1016//1016 1169//1169 1173//1173
f 1172//1172 1019//1019 1018//1018
f 1020//1020 1171//1171 1017//1017
f 1020//1020 1174//1174 1171//1171
f 1173//1173 1175//1175 1172//1172
f 1019//1019 1172//1172 1175//1175
f 1176//1176 1019//1019 1175//1175
f 1022//1022 1019//1019 1176//1176
f 1023//1023 1174//1174 1020//1020
f 1023//1023 1177//1177 1174//1174
f 1024//1024 1022//1022 1178//1178
f 1022//1022 1179//1179 1178//1178
f 1022//1022 1176//1176 1179//1179
f 1178//1178 1025//1025 1024//1024
f 1026//1026 1177//1177 1023//1023
f 1026//1026 1180//1180 1177//1177
f 1178//1178 1179//1179 1181//1181
f 1181//1181 1179//1179 1182//1182
f 1181//1181 1027//1027 1025//1025
f 1181//1181 1025//1025 1178//1178
f 1028//1028 1180//1180 1026//1026
f 1028//1028 1183//1183 1180//1180
f 1182//1182 1184//1184 1181//1181
f 1027//1027 1181//1181 1184//1184
f 1185//1185 1027//1027 1184//1184
f 1029//1029 1027//1027 1185//1185
f 1030//1030 1183//1183 1028//1028
f 1030//1030 1186//1186 1183//1183
f 1185//1185 1032//1032 1029//1029
f 1187//1187 1032//1032 1185//1185
f 1033//1033 1186//1186 1030//1030
f 1033//1033 1188//1188 1186//1186
f 1187//1187 1035//1035 1032//1032
f 1189//1189 1035//1035 1187//1187
f 1036//1036 1188//1188 1033//1033
f 1036//1036 1190//1190 1188//1188
f 1189//1189 1038//1038 1035//1035
f 1191//1191 1038//1038 1189//1189
f 1039//1039 1190//1190 1036//1036
f 1039//1039 1192//1192 1190//1190
f 1040//1040 1038//1038 1193//1193
f 1038//1038 1194//1194 1193//1193
f 1038//1038 1191//1191 1194//1194
f 1193//1193 1041//1041 1040//1040
f 1042//1042 1192//1192 1039//1039
f 1042//1042 1195//1195 1192//1192
f 1194//1194 1196//1196 1193//1193
f 1041//1041 1193//1193 1196//1196
f 1197//1197 1041//1041 1196//1196
f 1044//1044 1041//1041 1197//1197
f 1045//1045 1195//1195 1042//1042
f 1045//1045 1198//1198 1195//1195
f 1197//1197 1047//1047 1044//1044
f 1199//1199 1047//1047 1197//1197
f 1048//1048 1198//1198 1045//1045
f 1048//1048 1200//1200 1198//1198
f 1199//1199 1049//1049 1047//1047
f 1201//1201 1049//1049 1199//1199
f 1050//1050 1200//1200 1048//1048
f 1050//1050 1202//1202 1200//1200
f 1201//1201 1051//1051 1049//1049
f 1203//1203 1051//1051 1201//1201
f 1052//1052 1202//1202 1050//1050
f 1052//1052 1204//1204 1202//1202
f 1203//1203 1053//1053 1051//1051
f 1205//1205 1053//1053 1203//1203
f 1054//1054 1204//1204 1052//1052
f 1054//1054 1206//1206 1204//1204
f 1205//1205 1055//1055 1053//1053
f 1207//1207 1055//1055 1205//1205
f 1056//1056 1206//1206 1054//1054
f 1056//1056 1208//1208 1206//1206
f 1207//1207 1058//1058 1055//1055
f 1209//1209 1058//1058 1207//1207
f 1056//1056 1059//1059 1210//1210
f 1211//1211 1056//1056 1210//1210
f 1208//1208 1056//1056 1211//1211
f 1060//1060 1210//1210 1059//1059
f 1209//1209 1062//1062 1058//1058
f 1212//1212 1062//1062 1209//1209
f 1213//1213 1211//1211 1210//1210
f 1210//1210 1060//1060 1213//1213
f 1060//1060 1214//1214 1213//1213
f 1060//1060 1063//1063 1214//1214
f 1212//1212 1065//1065 1062//1062
f 1215//1215 1065//1065 1212//1212
f 1066//1066 1214//1214 1063//1063
f 1066//1066 1216//1216 1214//1214
f 1215//1215 1068//1068 1065//1065
f 1217//1217 1068//1068 1215//1215
f 1069//1069 1216//1216 1066//1066
f 1069//1069 1218//1218 1216//1216
f 1217//1217 1070//1070 1068//1068
f 1219//1219 1070//1070 1217//1217
f 1071//1071 1218//1218 1069//1069
f 1071//1071 1220//1220 1218//1218
f 1219//1219 1072//1072 1070//1070
f 1221//1221 1072//1072 1219//1219
f 1073//1073 1220//1220 1071//1071
f 1073//1073 1222//1222 1220//1220
f 1221//1221 1074//1074 1072//1072
f 1223//1223 1074//1074 1221//1221
f 1075//1075 1222//1222 1073//1073
f 1075//1075 1224//1224 1222//1222
f 1223//1223 1076//1076 1074//1074
f 1225//1225 1076//1076 1223//1223
f 1077//1077 1224//1224 1075//1075
f 1077//1077 1226//1226 1224//1224
f 1228//1228 1227//1227 1079//1079
f 1079//1079 1227//1227 1078//1078
f 1079//1079 1076//1076 1225//1225
f 1079//1079 1225//1225 1228//1228
f 1080//1080 1226//1226 1077//1077
f 1080//1080 1229//1229 1226//1226
f 1227//1227 1081//1081 1078//1078
f 1230//1230 1081//1081 1227//1227
f 1082//1082 1229//1229 1080//1080
f 1082//1082 1231//1231 1229//1229
f 1230//1230 1083//1083 1081//1081
f 1232//1232 1083//1083 1230//1230
f 1084//1084 1231//1231 1082//1082
f 1084//1084 1233//1233 1231//1231
f 1236//1236 1235//1235 1234//1234
f 1232//1232 1236//1236 1234//1234
f 1085//1085 1232//1232 1234//1234
f 1083//1083 1232//1232 1085//1085
f 1086//1086 1233//1233 1084//1084
f 1086//1086 1237//1237 1233//1233
f 1240//1240 1239//1239 1238//1238
f 1240//1240 1238//1238 1235//1235
f 1235//1235 1238//1238 1234//1234
f 1238//1238 1088//1088 1234//1234
f 1088//1088 1089//1089 1234//1234
f 1234//1234 1089//1089 1085//1085
f 1090//1090 1237//1237 1086//1086
f 1090//1090 1241//1241 1237//1237
f 1244//1244 1243//1243 1242//1242
f 1244//1244 1242//1242 1239//1239
f 1239//1239 1242//1242 1238//1238
f 1242//1242 1092//1092 1238//1238
f 1092//1092 1093//1093 1238//1238
f 1238//1238 1093//1093 1088//1088
f 1094//1094 1246//1246 1245//1245
f 1241//1241 1094//1094 1245//1245
f 1090//1090 1094//1094 1241//1241
f 1248//1248 1247//1247 1246//1246
f 1246//1246 1247//1247 1245//1245
f 1248//1248 1249//1249 1247//1247
f 1252//1252 1251//1251 1250//1250
f 1252//1252 1250//1250 1243//1243
f 1243//1243 1250//1250 1242//1242
f 1250//1250 1096//1096 1242//1242
f 1096//1096 1097//1097 1242//1242
f 1242//1242 1097//1097 1092//1092
f 1099//1099 1246//1246 1094//1094
f 1246//1246 1099//1099 1101//1101
f 1253//1253 1246//1246 1101//1101
f 1248//1248 1246//1246 1253//1253
f 1249//1249 1248//1248 1254//1254
f 1248//1248 1255//1255 1254//1254
f 1248//1248 1253//1253 1255//1255
f 1257//1257 1256//1256 1255//1255
f 1255//1255 1256//1256 1254//1254
f 1259//1259 1258//1258 1257//1257
f 1257//1257 1258//1258 1256//1256
f 1261//1261 1260//1260 1259//1259
f 1259//1259 1260//1260 1258//1258
f 1263//1263 1262//1262 1261//1261
f 1261//1261 1262//1262 1260//1260
f 1262//1262 1263//1263 1251//1251
f 1251//1251 1263//1263 1250//1250
f 1263//1263 1103//1103 1250//1250
f 1103//1103 1104//1104 1250//1250
f 1250//1250 1104//1104 1096//1096
f 1106//1106 1253//1253 1101//1101
f 1253//1253 1106//1106 1108//1108
f 1253//1253 1108//1108 1255//1255
f 1255//1255 1108//1108 1110//1110
f 1255//1255 1110//1110 1257//1257
f 1257//1257 1110//1110 1112//1112
f 1257//1257 1112//1112 1259//1259
f 1259//1259 1112//1112 1114//1114
f 1259//1259 1114//1114 1261//1261
f 1261//1261 1114//1114 1116//1116
f 1261//1261 1116//1116 1263//1263
f 1263//1263 1116//1116 1103//1103
f 1121//1121 1264//1264 1119//1119
f 1121//1121 1266//1266 1264//1264
f 1265//1265 1122//1122 1120//1120
f 1267//1267 1122//1122 1265//1265
f 1123//1123 1266//1266 1121//1121
f 1123//1123 1268//1268 1266//1266
f 1267//1267 1124//1124 1122//1122
f 1269//1269 1124//1124 1267//1267
f 1125//1125 1268//1268 1123//1123
f 1125//1125 1270//1270 1268//1268
f 1269//1269 1126//1126 1124//1124
f 1271//1271 1126//1126 1269//1269
f 1127//1127 1270//1270 1125//1125
f 1127//1127 1272//1272 1270//1270
f 1275//1275 1274//1274 1273//1273
f 1271//1271 1275//1275 1273//1273
f 1128//1128 1271//1271 1273//1273
f 1126//1126 1271//1271 1128//1128
f 1129//1129 1272//1272 1127//1127
f 1129//1129 1276//1276 1272//1272
f 1273//1273 1274//1274 1277//1277
f 1277//1277 1274//1274 1278//1278
f 1277//1277 1130//1130 1128//1128
f 1277//1277 1128//1128 1273//1273
f 1131//1131 1276//1276 1129//1129
f 1131//1131 1279//1279 1276//1276
f 1277//1277 1278//1278 1134//1134
f 1278//1278 1133//1133 1134//1134
f 1278//1278 1280//1280 1133//1133
f 1277//1277 1134//1134 1130//1130
f 1135//1135 1282//1282 1281//1281
f 1279//1279 1135//1135 1281//1281
f 1131//1131 1135//1135 1279//1279
f 1282//1282 1283//1283 1281//1281
f 1286//1286 1285//1285 1284//1284
f 1280//1280 1286//1286 1284//1284
f 1137//1137 1280//1280 1284//1284
f 1133//1133 1280//1280 1137//1137
f 1138//1138 1282//1282 1135//1135
f 1288//1288 1287//1287 1140//1140
f 1140//1140 1287//1287 1138//1138
f 1287//1287 1283//1283 1138//1138
f 1283//1283 1282//1282 1138//1138
f 1288//1288 1289//1289 1287//1287
f 1292//1292 1291//1291 1290//1290
f 1292//1292 1290//1290 1285//1285
f 1285//1285 1290//1290 1284//1284
f 1290//1290 1142//1142 1284//1284
f 1142//1142 1143//1143 1284//1284
f 1284//1284 1143//1143 1137//1137
f 1145//1145 1288//1288 1140//1140
f 1294//1294 1293//1293 1147//1147
f 1147//1147 1293//1293 1145//1145
f 1293//1293 1289//1289 1145//1145
f 1289//1289 1288//1288 1145//1145
f 1294//1294 1295//1295 1293//1293
f 1290//1290 1291//1291 1296//1296
f 1296//1296 1291//1291 1297//1297
f 1296//1296 1149//1149 1142//1142
f 1296//1296 1142//1142 1290//1290
f 1151//1151 1298//1298 1294//1294
f 1151//1151 1294//1294 1147//1147
f 1295//1295 1294//1294 1299//1299
f 1294//1294 1300//1300 1299//1299
f 1294//1294 1298//1298 1300//1300
f 1300//1300 1301//1301 1299//1299
f 1304//1304 1303//1303 1302//1302
f 1304//1304 1302//1302 1297//1297
f 1302//1302 1296//1296 1297//1297
f 1302//1302 1305//1305 1296//1296
f 1305//1305 1153//1153 1149//1149
f 1305//1305 1149//1149 1296//1296
f 1155//1155 1306//1306 1298//1298
f 1155//1155 1298//1298 1151//1151
f 1298//1298 1307//1307 1300//1300
f 1298//1298 1306//1306 1307//1307
f 1301//1301 1300//1300 1308//1308
f 1300//1300 1309//1309 1308//1308
f 1300//1300 1307//1307 1309//1309
f 1309//1309 1310//1310 1308//1308
f 1313//1313 1312//1312 1311//1311
f 1313//1313 1311//1311 1303//1303
f 1311//1311 1302//1302 1303//1303
f 1311//1311 1314//1314 1302//1302
f 1302//1302 1315//1315 1305//1305
f 1302//1302 1314//1314 1315//1315
f 1315//1315 1157//1157 1153//1153
f 1315//1315 1153//1153 1305//1305
f 1159//1159 1316//1316 1306//1306
f 1159//1159 1306//1306 1155//1155
f 1306//1306 1317//1317 1307//1307
f 1306//1306 1316//1316 1317//1317
f 1307//1307 1318//1318 1309//1309
f 1307//1307 1317//1317 1318//1318
f 1310//1310 1309//1309 1319//1319
f 1319//1319 1309//1309 1318//1318
f 1311//1311 1312//1312 1320//1320
f 1320//1320 1312//1312 1321//1321
f 1311//1311 1322//1322 1314//1314
f 1311//1311 1320//1320 1322//1322
f 1314//1314 1323//1323 1315//1315
f 1314//1314 1322//1322 1323//1323
f 1323//1323 1161//1161 1157//1157
f 1323//1323 1157//1157 1315//1315
f 1163//1163 1324//1324 1316//1316
f 1163//1163 1316//1316 1159//1159
f 1316//1316 1325//1325 1317//1317
f 1316//1316 1324//1324 1325//1325
f 1327//1327 1318//1318 1326//1326
f 1318//1318 1325//1325 1326//1326
f 1318//1318 1317//1317 1325//1325
f 1318//1318 1327//1327 1319//1319
f 1321//1321 1328//1328 1320//1320
f 1330//1330 1329//1329 1328//1328
f 1329//1329 1320//1320 1328//1328
f 1329//1329 1322//1322 1320//1320
f 1322//1322 1331//1331 1323//1323
f 1322//1322 1329//1329 1331//1331
f 1331//1331 1165//1165 1161//1161
f 1331//1331 1161//1161 1323//1323
f 1167//1167 1332//1332 1324//1324
f 1167//1167 1324//1324 1163//1163
f 1334//1334 1325//1325 1333//1333
f 1325//1325 1332//1332 1333//1333
f 1325//1325 1324//1324 1332//1332
f 1325//1325 1334//1334 1326//1326
f 1330//1330 1335//1335 1329//1329
f 1337//1337 1336//1336 1335//1335
f 1336//1336 1329//1329 1335//1335
f 1336//1336 1331//1331 1329//1329
f 1338//1338 1168//1168 1165//1165
f 1331//1331 1338//1338 1165//1165
f 1336//1336 1338//1338 1331//1331
f 1338//1338 1169//1169 1168//1168
f 1171//1171 1339//1339 1170//1170
f 1339//1339 1340//1340 1170//1170
f 1170//1170 1340//1340 1167//1167
f 1340//1340 1341//1341 1167//1167
f 1341//1341 1332//1332 1167//1167
f 1332//1332 1341//1341 1333//1333
f 1337//1337 1342//1342 1336//1336
f 1344//1344 1343//1343 1342//1342
f 1343//1343 1336//1336 1342//1342
f 1343//1343 1338//1338 1336//1336
f 1343//1343 1173//1173 1169//1169
f 1343//1343 1169//1169 1338//1338
f 1174//1174 1345//1345 1339//1339
f 1174//1174 1339//1339 1171//1171
f 1340//1340 1339//1339 1346//1346
f 1346//1346 1339//1339 1345//1345
f 1344//1344 1347//1347 1343//1343
f 1347//1347 1349//1349 1348//1348
f 1347//1347 1348//1348 1175//1175
f 1343//1343 1347//1347 1175//1175
f 1173//1173 1343//1343 1175//1175
f 1348//1348 1176//1176 1175//1175
f 1351//1351 1350//1350 1345//1345
f 1174//1174 1351//1351 1345//1345
f 1177//1177 1351//1351 1174//1174
f 1345//1345 1350//1350 1346//1346
f 1348//1348 1349//1349 1352//1352
f 1352//1352 1349//1349 1353//1353
f 1352//1352 1179//1179 1176//1176
f 1352//1352 1176//1176 1348//1348
f 1180//1180 1351//1351 1177//1177
f 1180//1180 1354//1354 1351//1351
f 1353//1353 1355//1355 1352//1352
f 1179//1179 1352//1352 1355//1355
f 1356//1356 1179//1179 1355//1355
f 1182//1182 1179//1179 1356//1356
f 1183//1183 1354//1354 1180//1180
f 1183//1183 1357//1357 1354//1354
f 1184//1184 1182//1182 1358//1358
f 1182//1182 1359//1359 1358//1358
f 1182//1182 1356//1356 1359//1359
f 1358//1358 1185//1185 1184//1184
f 1186//1186 1357//1357 1183//1183
f 1186//1186 1360//1360 1357//1357
f 1358//1358 1359//1359 1361//1361
f 1361//1361 1359//1359 1362//1362
f 1361//1361 1187//1187 1185//1185
f 1361//1361 1185//1185 1358//1358
f 1188//1188 1360//1360 1186//1186
f 1188//1188 1363//1363 1360//1360
f 1362//1362 1364//1364 1361//1361
f 1187//1187 1361//1361 1364//1364
f 1365//1365 1187//1187 1364//1364
f 1189//1189 1187//1187 1365//1365
f 1190//1190 1363//1363 1188//1188
f 1190//1190 1366//1366 1363//1363
f 1365//1365 1191//1191 1189//1189
f 1367//1367 1191//1191 1365//1365
f 1192//1192 1366//1366 1190//1190
f 1192//1192 1368//1368 1366//1366
f 1367//1367 1194//1194 1191//1191
f 1369//1369 1194//1194 1367//1367
f 1195//1195 1368//1368 1192//1192
f 1195//1195 1370//1370 1368//1368
f 1196//1196 1194//1194 1371//1371
f 1194//1194 1372//1372 1371//1371
f 1194//1194 1369//1369 1372//1372
f 1371//1371 1197//1197 1196//1196
f 1198//1198 1370//1370 1195//1195
f 1198//1198 1373//1373 1370//1370
f 1372//1372 1374//1374 1371//1371
f 1197//1197 1371//1371 1374//1374
f 1375//1375 1197//1197 1374//1374
f 1199//1199 1197//1197 1375//1375
f 1200//1200 1373//1373 1198//1198
f 1200//1200 1376//1376 1373//1373
f 1375//1375 1201//1201 1199//1199
f 1377//1377 1201//1201 1375//1375
f 1202//1202 1376//1376 1200//1200
f 1202//1202 1378//1378 1376//1376
f 1377//1377 1203//1203 1201//1201
f 1379//1379 1203//1203 1377//1377
f 1204//1204 1378//1378 1202//1202
f 1204//1204 1380//1380 1378//1378
f 1379//1379 1205//1205 1203//1203
f 1381//1381 1205//1205 1379//1379
f 1206//1206 1380//1380 1204//1204
f 1206//1206 1382//1382 1380//1380
f 1381//1381 1207//1207 1205//1205
f 1383//1383 1207//1207 1381//1381
f 1208//1208 1382//1382 1206//1206
f 1208//1208 1384//1384 1382//1382
f 1383//1383 1209//1209 1207//1207
f 1385//1385 1209//1209 1383//1383
f 1211//1211 1384//1384 1208//1208
f 1211//1211 1386//1386 1384//1384
f 1385//1385 1212//1212 1209//1209
f 1387//1387 1212//1212 1385//1385
f 1388//1388 1386//1386 1211//1211
f 1388//1388 1211//1211 1213//1213
f 1213//1213 1214//1214 1388//1388
f 1388//1388 1214//1214 1389//1389
f 1387//1387 1215//1215 1212//1212
f 1390//1390 1215//1215 1387//1387
f 1216//1216 1389//1389 1214//1214
f 1216//1216 1391//1391 1389//1389
f 1390//1390 1217//1217 1215//1215
f 1392//1392 1217//1217 1390//1390
f 1218//1218 1391//1391 1216//1216
f 1218//1218 1393//1393 1391//1391
f 1392//1392 1219//1219 1217//1217
f 1394//1394 1219//1219 1392//1392
f 1220//1220 1393//1393 1218//1218
f 1220//1220 1395//1395 1393//1393
f 1394//1394 1221//1221 1219//1219
f 1396//1396 1221//1221 1394//1394
f 1222//1222 1395//1395 1220//1220
f 1222//1222 1397//1397 1395//1395
f 1396//1396 1223//1223 1221//1221
f 1398//1398 1223//1223 1396//1396
f 1224//1224 1397//1397 1222//1222
f 1224//1224 1399//1399 1397//1397
f 1402//1402 1401//1401 1400//1400
f 1398//1398 1402//1402 1400//1400
f 1225//1225 1398//1398 1400//1400
f 1223//1223 1398//1398 1225//1225
f 1226//1226 1399//1399 1224//1224
f 1226//1226 1403//1403 1399//1399
f 1400//1400 1401//1401 1228//1228
f 1401//1401 1227//1227 1228//1228
f 1401//1401 1404//1404 1227//1227
f 1400//1400 1228//1228 1225//1225
f 1229//1229 1403//1403 1226//1226
f 1229//1229 1405//1405 1403//1403
f 1404//1404 1230//1230 1227//1227
f 1406//1406 1230//1230 1404//1404
f 1231//1231 1405//1405 1229//1229
f 1231//1231 1407//1407 1405//1405
f 1410//1410 1409//1409 1408//1408
f 1406//1406 1410//1410 1408//1408
f 1232//1232 1406//1406 1408//1408
f 1230//1230 1406//1406 1232//1232
f 1233//1233 1407//1407 1231//1231
f 1233//1233 1411//1411 1407//1407
f 1414//1414 1413//1413 1412//1412
f 1414//1414 1412//1412 1409//1409
f 1409//1409 1412//1412 1408//1408
f 1412//1412 1235//1235 1408//1408
f 1235//1235 1236//1236 1408//1408
f 1408//1408 1236//1236 1232//1232
f 1237//1237 1411//1411 1233//1233
f 1237//1237 1415//1415 1411//1411
f 1418//1418 1417//1417 1416//1416
f 1418//1418 1416//1416 1413//1413
f 1413//1413 1416//1416 1412//1412
f 1416//1416 1239//1239 1412//1412
f 1239//1239 1240//1240 1412//1412
f 1412//1412 1240//1240 1235//1235
f 1241//1241 1420//1420 1419//1419
f 1415//1415 1241//1241 1419//1419
f 1237//1237 1241//1241 1415//1415
f 1422//1422 1421//1421 1420//1420
f 1420//1420 1421//1421 1419//1419
f 1422//1422 1423//1423 1421//1421
f 1426//1426 1425//1425 1424//1424
f 1426//1426 1424//1424 1417//1417
f 1417//1417 1424//1424 1416//1416
f 1424//1424 1243//1243 1416//1416
f 1243//1243 1244//1244 1416//1416
f 1416//1416 1244//1244 1239//1239
f 1245//1245 1420//1420 1241//1241
f 1420//1420 1245//1245 1247//1247
f 1420//1420 1247//1247 1422//1422
f 1428//1428 1427//1427 1249//1249
f 1249//1249 1427//1427 1247//1247
f 1427//1427 1423//1423 1247//1247
f 1423//1423 1422//1422 1247//1247
f 1430//1430 1429//1429 1428//1428
f 1428//1428 1429//1429 1427//1427
f 1432//1432 1431//1431 1430//1430
f 1430//1430 1431//1431 1429//1429
f 1434//1434 1433//1433 1432//1432
f 1432//1432 1433//1433 1431//1431
f 1436//1436 1435//1435 1434//1434
f 1434//1434 1435//1435 1433//1433
f 1435//1435 1436//1436 1425//1425
f 1425//1425 1436//1436 1424//1424
f 1436//1436 1251//1251 1424//1424
f 1251//1251 1252//1252 1424//1424
f 1424//1424 1252//1252 1243//1243
f 1254//1254 1428//1428 1249//1249
f 1428//1428 1254//1254 1256//1256
f 1428//1428 1256//1256 1430//1430
f 1430//1430 1256//1256 1258//1258
f 1430//1430 1258//1258 1432//1432
f 1432//1432 1258//1258 1260//1260
f 1432//1432 1260//1260 1434//1434
f 1434//1434 1260//1260 1262//1262
f 1434//1434 1262//1262 1436//1436
f 1436//1436 1262//1262 1251//1251
f 1266//1266 1437//1437 1264//1264
f 1266//1266 1439//1439 1437//1437
f 1438//1438 1267//1267 1265//1265
f 1440//1440 1267//1267 1438//1438
f 1268//1268 1439//1439 1266//1266
f 1268//1268 1441//1441 1439//1439
f 1440//1440 1269//1269 1267//1267
f 1442//1442 1269//1269 1440//1440
f 1270//1270 1441//1441 1268//1268
f 1270//1270 1443//1443 1441//1441
f 1446//1446 1445//1445 1444//1444
f 1442//1442 1446//1446 1444//1444
f 1271//1271 1442//1442 1444//1444
f 1269//1269 1442//1442 1271//1271
f 1272//1272 1443//1443 1270//1270
f 1272//1272 1447//1447 1443//1443
f 1444//1444 1445//1445 1275//1275
f 1445//1445 1274//1274 1275//1275
f 1445//1445 1448//1448 1274//1274
f 1444//1444 1275//1275 1271//1271
f 1276//1276 1447//1447 1272//1272
f 1276//1276 1449//1449 1447//1447
f 1452//1452 1451//1451 1450//1450
f 1448//1448 1452//1452 1450//1450
f 1278//1278 1448//1448 1450//1450
f 1274//1274 1448//1448 1278//1278
f 1279//1279 1454//1454 1453//1453
f 1449//1449 1279//1279 1453//1453
f 1276//1276 1279//1279 1449//1449
f 1454//1454 1455//1455 1453//1453
f 1450//1450 1451//1451 1456//1456
f 1456//1456 1451//1451 1457//1457
f 1456//1456 1280//1280 1278//1278
f 1456//1456 1278//1278 1450//1450
f 1281//1281 1454//1454 1279//1279
f 1459//1459 1458//1458 1283//1283
f 1283//1283 1458//1458 1281//1281
f 1458//1458 1455//1455 1281//1281
f 1455//1455 1454//1454 1281//1281
f 1459//1459 1460//1460 1458//1458
f 1463//1463 1462//1462 1461//1461
f 1463//1463 1461//1461 1457//1457
f 1457//1457 1461//1461 1456//1456
f 1461//1461 1285//1285 1456//1456
f 1285//1285 1286//1286 1456//1456
f 1456//1456 1286//1286 1280//1280
f 1287//1287 1459//1459 1283//1283
f 1465//1465 1464//1464 1289//1289
f 1289//1289 1464//1464 1287//1287
f 1464//1464 1460//1460 1287//1287
f 1460//1460 1459//1459 1287//1287
f 1467//1467 1466//1466 1465//1465
f 1465//1465 1466//1466 1464//1464
f 1467//1467 1468//1468 1466//1466
f 1471//1471 1470//1470 1469//1469
f 1471//1471 1469//1469 1462//1462
f 1462//1462 1469//1469 1461//1461
f 1469//1469 1291//1291 1461//1461
f 1291//1291 1292//1292 1461//1461
f 1461//1461 1292//1292 1285//1285
f 1293//1293 1465//1465 1289//1289
f 1465//1465 1293//1293 1295//1295
f 1472//1472 1465//1465 1295//1295
f 1467//1467 1465//1465 1472//1472
f 1468//1468 1467//1467 1473//1473
f 1467//1467 1474//1474 1473//1473
f 1467//1467 1472//1472 1474//1474
f 1476//1476 1475//1475 1474//1474
f 1474//1474 1475//1475 1473//1473
f 1478//1478 1477//1477 1476//1476
f 1476//1476 1477//1477 1475//1475
f 1480//1480 1479//1479 1478//1478
f 1478//1478 1479//1479 1477//1477
f 1479//1479 1480//1480 1470//1470
f 1480//1480 1469//1469 1470//1470
f 1480//1480 1481//1481 1469//1469
f 1481//1481 1297//1297 1291//1291
f 1481//1481 1291//1291 1469//1469
f 1299//1299 1472//1472 1295//1295
f 1472//1472 1299//1299 1301//1301
f 1482//1482 1472//1472 1301//1301
f 1474//1474 1472//1472 1482//1482
f 1474//1474 1483//1483 1476//1476
f 1474//1474 1482//1482 1483//1483
f 1476//1476 1484//1484 1478//1478
f 1476//1476 1483//1483 1484//1484
f 1478//1478 1485//1485 1480//1480
f 1478//1478 1484//1484 1485//1485
f 1485//1485 1303//1303 1304//1304
f 1481//1481 1485//1485 1304//1304
f 1480//1480 1485//1485 1481//1481
f 1481//1481 1304//1304 1297//1297
f 1308//1308 1482//1482 1301//1301
f 1482//1482 1308//1308 1310//1310
f 1486//1486 1482//1482 1310//1310
f 1483//1483 1482//1482 1486//1486
f 1483//1483 1487//1487 1484//1484
f 1483//1483 1486//1486 1487//1487
f 1487//1487 1312//1312 1313//1313
f 1485//1485 1487//1487 1313//1313
f 1484//1484 1487//1487 1485//1485
f 1485//1485 1313//1313 1303//1303
f 1319//1319 1488//1488 1486//1486
f 1319//1319 1486//1486 1310//1310
f 1486//1486 1489//1489 1487//1487
f 1486//1486 1488//1488 1489//1489
f 1489//1489 1321//1321 1312//1312
f 1489//1489 1312//1312 1487//1487
f 1326//1326 1490//1490 1327//1327
f 1488//1488 1319//1319 1327//1327
f 1490//1490 1488//1488 1327//1327
f 1491//1491 1488//1488 1490//1490
f 1488//1488 1492//1492 1489//1489
f 1488//1488 1491//1491 1492//1492
f 1493//1493 1328//1328 1321//1321
f 1489//1489 1493//1493 1321//1321
f 1492//1492 1493//1493 1489//1489
f 1493//1493 1330//1330 1328//1328
f 1333//1333 1494//1494 1334//1334
f 1490//1490 1326//1326 1334//1334
f 1494//1494 1490//1490 1334//1334
f 1495//1495 1490//1490 1494//1494
f 1490//1490 1496//1496 1491//1491
f 1490//1490 1495//1495 1496//1496
f 1491//1491 1497//1497 1492//1492
f 1491//1491 1496//1496 1497//1497
f 1492//1492 1498//1498 1493//1493
f 1492//1492 1497//1497 1498//1498
f 1499//1499 1335//1335 1330//1330
f 1493//1493 1499//1499 1330//1330
f 1498//1498 1499//1499 1493//1493
f 1499//1499 1337//1337 1335//1335
f 1340//1340 1500//1500 1341//1341
f 1494//1494 1333//1333 1341//1341
f 1500//1500 1494//1494 1341//1341
f 1501//1501 1494//1494 1500//1500
f 1494//1494 1502//1502 1495//1495
f 1494//1494 1501//1501 1502//1502
f 1504//1504 1496//1496 1503//1503
f 1496//1496 1502//1502 1503//1503
f 1496//1496 1495//1495 1502//1502
f 1496//1496 1504//1504 1497//1497
f 1497//1497 1504//1504 1505//1505
f 1497//1497 1505//1505 1498//1498
f 1498//1498 1505//1505 1506//1506
f 1508//1508 1507//1507 1506//1506
f 1507//1507 1498//1498 1506//1506
f 1507//1507 1499//1499 1498//1498
f 1509//1509 1342//1342 1337//1337
f 1499//1499 1509//1509 1337//1337
f 1507//1507 1509//1509 1499//1499
f 1509//1509 1344//1344 1342//1342
f 1346//1346 1510//1510 1500//1500
f 1346//1346 1500//1500 1340//1340
f 1512//1512 1501//1501 1511//1511
f 1501//1501 1510//1510 1511//1511
f 1501//1501 1500//1500 1510//1510
f 1501//1501 1512//1512 1502//1502
f 1502//1502 1512//1512 1513//1513
f 1502//1502 1513//1513 1503//1503
f 1508//1508 1514//1514 1507//1507
f 1516//1516 1515//1515 1514//1514
f 1515//1515 1507//1507 1514//1514
f 1515//1515 1509//1509 1507//1507
f 1517//1517 1347//1347 1344//1344
f 1509//1509 1517//1517 1344//1344
f 1515//1515 1517//1517 1509//1509
f 1517//1517 1349//1349 1347//1347
f 1351//1351 1518//1518 1350//1350
f 1518//1518 1519//1519 1350//1350
f 1350//1350 1519//1519 1346//1346
f 1519//1519 1520//1520 1346//1346
f 1520//1520 1510//1510 1346//1346
f 1510//1510 1520//1520 1511//1511
f 1516//1516 1521//1521 1515//1515
f 1523//1523 1522//1522 1521//1521
f 1522//1522 1515//1515 1521//1521
f 1522//1522 1517//1517 1515//1515
f 1522//1522 1353//1353 1349//1349
f 1522//1522 1349//1349 1517//1517
f 1354//1354 1524//1524 1518//1518
f 1354//1354 1518//1518 1351//1351
f 1519//1519 1518//1518 1525//1525
f 1525//1525 1518//1518 1524//1524
f 1523//1523 1526//1526 1522//1522
f 1526//1526 1528//1528 1527//1527
f 1526//1526 1527//1527 1355//1355
f 1522//1522 1526//1526 1355//1355
f 1353//1353 1522//1522 1355//1355
f 1527//1527 1356//1356 1355//1355
f 1530//1530 1529//1529 1524//1524
f 1354//1354 1530//1530 1524//1524
f 1357//1357 1530//1530 1354//1354
f 1524//1524 1529//1529 1525//1525
f 1527//1527 1528//1528 1531//1531
f 1531//1531 1528//1528 1532//1532
f 1531//1531 1359//1359 1356//1356
f 1531//1531 1356//1356 1527//1527
f 1360//1360 1530//1530 1357//1357
f 1360//1360 1533//1533 1530//1530
f 1532//1532 1534//1534 1531//1531
f 1359//1359 1531//1531 1534//1534
f 1535//1535 1359//1359 1534//1534
f 1362//1362 1359//1359 1535//1535
f 1363//1363 1533//1533 1360//1360
f 1363//1363 1536//1536 1533//1533
f 1364//1364 1362//1362 1537//1537
f 1362//1362 1538//1538 1537//1537
f 1362//1362 1535//1535 1538//1538
f 1537//1537 1365//1365 1364//1364
f 1366//1366 1536//1536 1363//1363
f 1366//1366 1539//1539 1536//1536
f 1537//1537 1538//1538 1540//1540
f 1540//1540 1538//1538 1541//1541
f 1540//1540 1367//1367 1365//1365
f 1540//1540 1365//1365 1537//1537
f 1368//1368 1539//1539 1366//1366
f 1368//1368 1542//1542 1539//1539
f 1541//1541 1543//1543 1540//1540
f 1367//1367 1540//1540 1543//1543
f 1544//1544 1367//1367 1543//1543
f 1369//1369 1367//1367 1544//1544
f 1370//1370 1542//1542 1368//1368
f 1370//1370 1545//1545 1542//1542
f 1544//1544 1372//1372 1369//1369
f 1546//1546 1372//1372 1544//1544
f 1373//1373 1545//1545 1370//1370
f 1373//1373 1547//1547 1545//1545
f 1374//1374 1372//1372 1548//1548
f 1372//1372 1549//1549 1548//1548
f 1372//1372 1546//1546 1549//1549
f 1548//1548 1375//1375 1374//1374
f 1376//1376 1547//1547 1373//1373
f 1376//1376 1550//1550 1547//1547
f 1549//1549 1551//1551 1548//1548
f 1375//1375 1548//1548 1551//1551
f 1552//1552 1375//1375 1551//1551
f 1377//1377 1375//1375 1552//1552
f 1378//1378 1550//1550 1376//1376
f 1378//1378 1553//1553 1550//1550
f 1552//1552 1379//1379 1377//1377
f 1554//1554 1379//1379 1552//1552
f 1380//1380 1553//1553 1378//1378
f 1380//1380 1555//1555 1553//1553
f 1554//1554 1381//1381 1379//1379
f 1556//1556 1381//1381 1554//1554
f 1382//1382 1555//1555 1380//1380
f 1382//1382 1557//1557 1555//1555
f 1556//1556 1383//1383 1381//1381
f 1558//1558 1383//1383 1556//1556
f 1384//1384 1557//1557 1382//1382
f 1384//1384 1559//1559 1557//1557
f 1558//1558 1385//1385 1383//1383
f 1560//1560 1385//1385 1558//1558
f 1386//1386 1559//1559 1384//1384
f 1386//1386 1561//1561 1559//1559
f 1560//1560 1387//1387 1385//1385
f 1562//1562 1387//1387 1560//1560
f 1386//1386 1388//1388 1563//1563
f 1564//1564 1386//1386 1563//1563
f 1561//1561 1386//1386 1564//1564
f 1389//1389 1563//1563 1388//1388
f 1562//1562 1390//1390 1387//1387
f 1565//1565 1390//1390 1562//1562
f 1566//1566 1564//1564 1563//1563
f 1563//1563 1389//1389 1566//1566
f 1389//1389 1567//1567 1566//1566
f 1389//1389 1391//1391 1567//1567
f 1565//1565 1392//1392 1390//1390
f 1568//1568 1392//1392 1565//1565
f 1393//1393 1567//1567 1391//1391
f 1393//1393 1569//1569 1567//1567
f 1568//1568 1394//1394 1392//1392
f 1570//1570 1394//1394 1568//1568
f 1395//1395 1569//1569 1393//1393
f 1395//1395 1571//1571 1569//1569
f 1574//1574 1573//1573 1572//1572
f 1570//1570 1574//1574 1572//1572
f 1396//1396 1570//1570 1572//1572
f 1394//1394 1570//1570 1396//1396
f 1397//1397 1571//1571 1395//1395
f 1397//1397 1575//1575 1571//1571
f 1572//1572 1573//1573 1576//1576
f 1576//1576 1573//1573 1577//1577
f 1576//1576 1398//1398 1396//1396
f 1576//1576 1396//1396 1572//1572
f 1399//1399 1575//1575 1397//1397
f 1399//1399 1578//1578 1575//1575
f 1576//1576 1577//1577 1402//1402
f 1577//1577 1401//1401 1402//1402
f 1577//1577 1579//1579 1401//1401
f 1576//1576 1402//1402 1398//1398
f 1403//1403 1578//1578 1399//1399
f 1403//1403 1580//1580 1578//1578
f 1583//1583 1582//1582 1581//1581
f 1579//1579 1583//1583 1581//1581
f 1404//1404 1579//1579 1581//1581
f 1401//1401 1579//1579 1404//1404
f 1405//1405 1580//1580 1403//1403
f 1405//1405 1584//1584 1580//1580
f 1581//1581 1582//1582 1585//1585
f 1585//1585 1582//1582 1586//1586
f 1585//1585 1406//1406 1404//1404
f 1585//1585 1404//1404 1581//1581
f 1407//1407 1584//1584 1405//1405
f 1407//1407 1587//1587 1584//1584
f 1590//1590 1589//1589 1588//1588
f 1590//1590 1588//1588 1586//1586
f 1586//1586 1588//1588 1585//1585
f 1588//1588 1409//1409 1585//1585
f 1409//1409 1410//1410 1585//1585
f 1585//1585 1410//1410 1406//1406
f 1411//1411 1587//1587 1407//1407
f 1411//1411 1591//1591 1587//1587
f 1594//1594 1593//1593 1592//1592
f 1594//1594 1592//1592 1589//1589
f 1589//1589 1592//1592 1588//1588
f 1592//1592 1413//1413 1588//1588
f 1413//1413 1414//1414 1588//1588
f 1588//1588 1414//1414 1409//1409
f 1415//1415 1596//1596 1595//1595
f 1591//1591 1415//1415 1595//1595
f 1411//1411 1415//1415 1591//1591
f 1596//1596 1597//1597 1595//1595
f 1600//1600 1599//1599 1598//1598
f 1600//1600 1598//1598 1593//1593
f 1593//1593 1598//1598 1592//1592
f 1598//1598 1417//1417 1592//1592
f 1417//1417 1418//1418 1592//1592
f 1592//1592 1418//1418 1413//1413
f 1419//1419 1596//1596 1415//1415
f 1601//1601 1597//1597 1596//1596
f 1419//1419 1601//1601 1596//1596
f 1421//1421 1601//1601 1419//1419
f 1603//1603 1602//1602 1423//1423
f 1602//1602 1421//1421 1423//1423
f 1602//1602 1601//1601 1421//1421
f 1605//1605 1604//1604 1603//1603
f 1603//1603 1604//1604 1602//1602
f 1607//1607 1606//1606 1605//1605
f 1605//1605 1606//1606 1604//1604
f 1609//1609 1608//1608 1607//1607
f 1607//1607 1608//1608 1606//1606
f 1611//1611 1610//1610 1609//1609
f 1609//1609 1610//1610 1608//1608
f 1610//1610 1611//1611 1599//1599
f 1599//1599 1611//1611 1598//1598
f 1611//1611 1425//1425 1598//1598
f 1425//1425 1426//1426 1598//1598
f 1598//1598 1426//1426 1417//1417
f 1427//1427 1603//1603 1423//1423
f 1603//1603 1427//1427 1429//1429
f 1603//1603 1429//1429 1605//1605
f 1605//1605 1429//1429 1431//1431
f 1605//1605 1431//1431 1607//1607
f 1607//1607 1431//1431 1433//1433
f 1607//1607 1433//1433 1609//1609
f 1609//1609 1433//1433 1435//1435
f 1609//1609 1435//1435 1611//1611
f 1611//1611 1435//1435 1425//1425
f 1439//1439 1612//1612 1437//1437
f 1439//1439 1614//1614 1612//1612
f 1613//1613 1440//1440 1438//1438
f 1615//1615 1440//1440 1613//1613
f 1441//1441 1614//1614 1439//1439
f 1441//1441 1616//1616 1614//1614
f 1619//1619 1618//1618 1617//1617
f 1615//1615 1619//1619 1617//1617
f 1442//1442 1615//1615 1617//1617
f 1440//1440 1615//1615 1442//1442
f 1443//1443 1616//1616 1441//1441
f 1443//1443 1620//1620 1616//1616
f 1617//1617 1618//1618 1446//1446
f 1618//1618 1445//1445 1446//1446
f 1618//1618 1621//1621 1445//1445
f 1617//1617 1446//1446 1442//1442
f 1447//1447 1620//1620 1443//1443
f 1447//1447 1622//1622 1620//1620
f 1625//1625 1624//1624 1623//1623
f 1621//1621 1625//1625 1623//1623
f 1448//1448 1621//1621 1623//1623
f 1445//1445 1621//1621 1448//1448
f 1449//1449 1627//1627 1626//1626
f 1622//1622 1449//1449 1626//1626
f 1447//1447 1449//1449 1622//1622
f 1627//1627 1628//1628 1626//1626
f 1623//1623 1624//1624 1452//1452
f 1624//1624 1451//1451 1452//1452
f 1624//1624 1629//1629 1451//1451
f 1623//1623 1452//1452 1448//1448
f 1453//1453 1627//1627 1449//1449
f 1631//1631 1630//1630 1455//1455
f 1455//1455 1630//1630 1453//1453
f 1630//1630 1628//1628 1453//1453
f 1628//1628 1627//1627 1453//1453
f 1631//1631 1632//1632 1630//1630
f 1635//1635 1634//1634 1633//1633
f 1629//1629 1635//1635 1633//1633
f 1457//1457 1629//1629 1633//1633
f 1451//1451 1629//1629 1457//1457
f 1458//1458 1631//1631 1455//1455
f 1637//1637 1636//1636 1460//1460
f 1460//1460 1636//1636 1458//1458
f 1636//1636 1632//1632 1458//1458
f 1632//1632 1631//1631 1458//1458
f 1637//1637 1638//1638 1636//1636
f 1641//1641 1640//1640 1639//1639
f 1643//1643 1642//1642 1639//1639
f 1639//1639 1642//1642 1641//1641
f 1642//1642 1643//1643 1634//1634
f 1634//1634 1643//1643 1633//1633
f 1643//1643 1462//1462 1633//1633
f 1462//1462 1463//1463 1633//1633
f 1633//1633 1463//1463 1457//1457
f 1464//1464 1637//1637 1460//1460
f 1644//1644 1638//1638 1637//1637
f 1464//1464 1644//1644 1637//1637
f 1466//1466 1644//1644 1464//1464
f 1646//1646 1645//1645 1468//1468
f 1645//1645 1466//1466 1468//1468
f 1645//1645 1644//1644 1466//1466
f 1648//1648 1647//1647 1646//1646
f 1646//1646 1647//1647 1645//1645
f 1650//1650 1649//1649 1648//1648
f 1648//1648 1649//1649 1647//1647
f 1649//1649 1650//1650 1640//1640
f 1650//1650 1639//1639 1640//1640
f 1650//1650 1651//1651 1639//1639
f 1651//1651 1470//1470 1471//1471
f 1643//1643 1651//1651 1471//1471
f 1639//1639 1651//1651 1643//1643
f 1643//1643 1471//1471 1462//1462
f 1473//1473 1646//1646 1468//1468
f 1646//1646 1473//1473 1475//1475
f 1646//1646 1475//1475 1648//1648
f 1648//1648 1475//1475 1477//1477
f 1648//1648 1477//1477 1650//1650
f 1650//1650 1477//1477 1479//1479
f 1650//1650 1479//1479 1651//1651
f 1651//1651 1479//1479 1470//1470
f 1503//1503 1652//1652 1504//1504
f 1653//1653 1505//1505 1504//1504
f 1653//1653 1504//1504 1652//1652
f 1654//1654 1506//1506 1505//1505
f 1654//1654 1505//1505 1653//1653
f 1654//1654 1508//1508 1506//1506
f 1511//1511 1655//1655 1512//1512
f 1656//1656 1513//1513 1512//1512
f 1656//1656 1512//1512 1655//1655
f 1652//1652 1503//1503 1513//1513
f 1656//1656 1652//1652 1513//1513
f 1657//1657 1652//1652 1656//1656
f 1652//1652 1658//1658 1653//1653
f 1652//1652 1657//1657 1658//1658
f 1653//1653 1659//1659 1654//1654
f 1653//1653 1658//1658 1659//1659
f 1660//1660 1514//1514 1508//1508
f 1654//1654 1660//1660 1508//1508
f 1659//1659 1660//1660 1654//1654
f 1660//1660 1516//1516 1514//1514
f 1519//1519 1661//1661 1520//1520
f 1655//1655 1511//1511 1520//1520
f 1661//1661 1655//1655 1520//1520
f 1662//1662 1655//1655 1661//1661
f 1655//1655 1663//1663 1656//1656
f 1655//1655 1662//1662 1663//1663
f 1665//1665 1657//1657 1664//1664
f 1657//1657 1663//1663 1664//1664
f 1657//1657 1656//1656 1663//1663
f 1657//1657 1665//1665 1658//1658
f 1658//1658 1665//1665 1666//1666
f 1658//1658 1666//1666 1659//1659
f 1659//1659 1666//1666 1667//1667
f 1669//1669 1668//1668 1667//1667
f 1668//1668 1659//1659 1667//1667
f 1668//1668 1660//1660 1659//1659
f 1670//1670 1521//1521 1516//1516
f 1660//1660 1670//1670 1516//1516
f 1668//1668 1670//1670 1660//1660
f 1670//1670 1523//1523 1521//1521
f 1525//1525 1671//1671 1661//1661
f 1525//1525 1661//1661 1519//1519
f 1661//1661 1672//1672 1662//1662
f 1661//1661 1671//1671 1672//1672
f 1674//1674 1663//1663 1673//1673
f 1663//1663 1672//1672 1673//1673
f 1663//1663 1662//1662 1672//1672
f 1663//1663 1674//1674 1664//1664
f 1669//1669 1675//1675 1668//1668
f 1677//1677 1676//1676 1675//1675
f 1676//1676 1668//1668 1675//1675
f 1676//1676 1670//1670 1668//1668
f 1678//1678 1526//1526 1523//1523
f 1670//1670 1678//1678 1523//1523
f 1676//1676 1678//1678 1670//1670
f 1678//1678 1528//1528 1526//1526
f 1530//1530 1679//1679 1529//1529
f 1671//1671 1525//1525 1529//1529
f 1679//1679 1671//1671 1529//1529
f 1680//1680 1671//1671 1679//1679
f 1682//1682 1672//1672 1681//1681
f 1672//1672 1680//1680 1681//1681
f 1672//1672 1671//1671 1680//1680
f 1672//1672 1682//1682 1673//1673
f 1677//1677 1683//1683 1676//1676
f 1685//1685 1684//1684 1683//1683
f 1684//1684 1676//1676 1683//1683
f 1684//1684 1678//1678 1676//1676
f 1684//1684 1532//1532 1528//1528
f 1684//1684 1528//1528 1678//1678
f 1533//1533 1686//1686 1679//1679
f 1533//1533 1679//1679 1530//1530
f 1688//1688 1680//1680 1687//1687
f 1680//1680 1686//1686 1687//1687
f 1680//1680 1679//1679 1686//1686
f 1680//1680 1688//1688 1681//1681
f 1685//1685 1689//1689 1684//1684
f 1689//1689 1691//1691 1690//1690
f 1689//1689 1690//1690 1534//1534
f 1684//1684 1689//1689 1534//1534
f 1532//1532 1684//1684 1534//1534
f 1690//1690 1535//1535 1534//1534
f 1693//1693 1692//1692 1686//1686
f 1533//1533 1693//1693 1686//1686
f 1536//1536 1693//1693 1533//1533
f 1686//1686 1692//1692 1687//1687
f 1690//1690 1691//1691 1694//1694
f 1694//1694 1691//1691 1695//1695
f 1694//1694 1538//1538 1535//1535
f 1694//1694 1535//1535 1690//1690
f 1539//1539 1693//1693 1536//1536
f 1539//1539 1696//1696 1693//1693
f 1695//1695 1697//1697 1694//1694
f 1538//1538 1694//1694 1697//1697
f 1698//1698 1538//1538 1697//1697
f 1541//1541 1538//1538 1698//1698
f 1542//1542 1696//1696 1539//1539
f 1542//1542 1699//1699 1696//1696
f 1543//1543 1541//1541 1700//1700
f 1541//1541 1701//1701 1700//1700
f 1541//1541 1698//1698 1701//1701
f 1700//1700 1544//1544 1543//1543
f 1545//1545 1699//1699 1542//1542
f 1545//1545 1702//1702 1699//1699
f 1700//1700 1701//1701 1703//1703
f 1703//1703 1701//1701 1704//1704
f 1703//1703 1546//1546 1544//1544
f 1703//1703 1544//1544 1700//1700
f 1547//1547 1702//1702 1545//1545
f 1547//1547 1705//1705 1702//1702
f 1704//1704 1706//1706 1703//1703
f 1546//1546 1703//1703 1706//1706
f 1707//1707 1546//1546 1706//1706
f 1549//1549 1546//1546 1707//1707
f 1550//1550 1705//1705 1547//1547
f 1550//1550 1708//1708 1705//1705
f 1551//1551 1549//1549 1709//1709
f 1549//1549 1710//1710 1709//1709
f 1549//1549 1707//1707 1710//1710
f 1709//1709 1552//1552 1551//1551
f 1553//1553 1708//1708 1550//1550
f 1553//1553 1711//1711 1708//1708
f 1710//1710 1712//1712 1709//1709
f 1552//1552 1709//1709 1712//1712
f 1713//1713 1552//1552 1712//1712
f 1554//1554 1552//1552 1713//1713
f 1555//1555 1711//1711 1553//1553
f 1555//1555 1714//1714 1711//1711
f 1713//1713 1556//1556 1554//1554
f 1715//1715 1556//1556 1713//1713
f 1557//1557 1714//1714 1555//1555
f 1557//1557 1716//1716 1714//1714
f 1715//1715 1558//1558 1556//1556
f 1717//1717 1558//1558 1715//1715
f 1559//1559 1716//1716 1557//1557
f 1559//1559 1718//1718 1716//1716
f 1717//1717 1560//1560 1558//1558
f 1719//1719 1560//1560 1717//1717
f 1561//1561 1718//1718 1559//1559
f 1561//1561 1720//1720 1718//1718
f 1719//1719 1562//1562 1560//1560
f 1721//1721 1562//1562 1719//1719
f 1564//1564 1720//1720 1561//1561
f 1564//1564 1722//1722 1720//1720
f 1721//1721 1565//1565 1562//1562
f 1723//1723 1565//1565 1721//1721
f 1564//1564 1566//1566 1724//1724
f 1725//1725 1564//1564 1724//1724
f 1722//1722 1564//1564 1725//1725
f 1567//1567 1724//1724 1566//1566
f 1728//1728 1727//1727 1726//1726
f 1723//1723 1728//1728 1726//1726
f 1568//1568 1723//1723 1726//1726
f 1565//1565 1723//1723 1568//1568
f 1729//1729 1725//1725 1724//1724
f 1724//1724 1567//1567 1729//1729
f 1567//1567 1730//1730 1729//1729
f 1567//1567 1569//1569 1730//1730
f 1726//1726 1727//1727 1731//1731
f 1731//1731 1727//1727 1732//1732
f 1731//1731 1570//1570 1568//1568
f 1731//1731 1568//1568 1726//1726
f 1571//1571 1730//1730 1569//1569
f 1571//1571 1733//1733 1730//1730
f 1731//1731 1732//1732 1574//1574
f 1732//1732 1573//1573 1574//1574
f 1732//1732 1734//1734 1573//1573
f 1731//1731 1574//1574 1570//1570
f 1575//1575 1733//1733 1571//1571
f 1575//1575 1735//1735 1733//1733
f 1734//1734 1577//1577 1573//1573
f 1736//1736 1577//1577 1734//1734
f 1578//1578 1735//1735 1575//1575
f 1578//1578 1737//1737 1735//1735
f 1740//1740 1739//1739 1738//1738
f 1736//1736 1740//1740 1738//1738
f 1579//1579 1736//1736 1738//1738
f 1577//1577 1736//1736 1579//1579
f 1580//1580 1737//1737 1578//1578
f 1580//1580 1741//1741 1737//1737
f 1744//1744 1743//1743 1742//1742
f 1744//1744 1742//1742 1739//1739
f 1739//1739 1742//1742 1738//1738
f 1742//1742 1582//1582 1738//1738
f 1582//1582 1583//1583 1738//1738
f 1738//1738 1583//1583 1579//1579
f 1584//1584 1741//1741 1580//1580
f 1584//1584 1745//1745 1741//1741
f 1742//1742 1743//1743 1746//1746
f 1746//1746 1743//1743 1747//1747
f 1746//1746 1586//1586 1582//1582
f 1746//1746 1582//1582 1742//1742
f 1587//1587 1745//1745 1584//1584
f 1587//1587 1748//1748 1745//1745
f 1751//1751 1750//1750 1749//1749
f 1751//1751 1749//1749 1747//1747
f 1747//1747 1749//1749 1746//1746
f 1749//1749 1589//1589 1746//1746
f 1589//1589 1590//1590 1746//1746
f 1746//1746 1590//1590 1586//1586
f 1591//1591 1753//1753 1752//1752
f 1748//1748 1591//1591 1752//1752
f 1587//1587 1591//1591 1748//1748
f 1753//1753 1754//1754 1752//1752
f 1757//1757 1756//1756 1755//1755
f 1757//1757 1755//1755 1750//1750
f 1750//1750 1755//1755 1749//1749
f 1755//1755 1593//1593 1749//1749
f 1593//1593 1594//1594 1749//1749
f 1749//1749 1594//1594 1589//1589
f 1595//1595 1753//1753 1591//1591
f 1759//1759 1758//1758 1597//1597
f 1597//1597 1758//1758 1595//1595
f 1758//1758 1754//1754 1595//1595
f 1754//1754 1753//1753 1595//1595
f 1761//1761 1760//1760 1759//1759
f 1759//1759 1760//1760 1758//1758
f 1763//1763 1762//1762 1761//1761
f 1761//1761 1762//1762 1760//1760
f 1765//1765 1764//1764 1763//1763
f 1763//1763 1764//1764 1762//1762
f 1767//1767 1766//1766 1765//1765
f 1765//1765 1766//1766 1764//1764
f 1769//1769 1768//1768 1767//1767
f 1767//1767 1768//1768 1766//1766
f 1768//1768 1769//1769 1756//1756
f 1756//1756 1769//1769 1755//1755
f 1769//1769 1599//1599 1755//1755
f 1599//1599 1600//1600 1755//1755
f 1755//1755 1600//1600 1593//1593
f 1601//1601 1759//1759 1597//1597
f 1759//1759 1601//1601 1602//1602
f 1759//1759 1602//1602 1761//1761
f 1761//1761 1602//1602 1604//1604
f 1761//1761 1604//1604 1763//1763
f 1763//1763 1604//1604 1606//1606
f 1763//1763 1606//1606 1765//1765
f 1765//1765 1606//1606 1608//1608
f 1765//1765 1608//1608 1767//1767
f 1767//1767 1608//1608 1610//1610
f 1767//1767 1610//1610 1769//1769
f 1769//1769 1610//1610 1599//1599
f 1614//1614 1770//1770 1612//1612
f 1614//1614 1772//1772 1770//1770
f 1775//1775 1774//1774 1773//1773
f 1771//1771 1775//1775 1773//1773
f 1615//1615 1771//1771 1773//1773
f 1613//1613 1771//1771 1615//1615
f 1616//1616 1772//1772 1614//1614
f 1616//1616 1776//1776 1772//1772
f 1773//1773 1774//1774 1619//1619
f 1774//1774 1618//1618 1619//1619
f 1774//1774 1777//1777 1618//1618
f 1773//1773 1619//1619 1615//1615
f 1620//1620 1776//1776 1616//1616
f 1620//1620 1778//1778 1776//1776
f 1781//1781 1780//1780 1779//1779
f 1777//1777 1781//1781 1779//1779
f 1621//1621 1777//1777 1779//1779
f 1618//1618 1777//1777 1621//1621
f 1622//1622 1778//1778 1620//1620
f 1622//1622 1782//1782 1778//1778
f 1779//1779 1780//1780 1625//1625
f 1780//1780 1624//1624 1625//1625
f 1780//1780 1783//1783 1624//1624
f 1779//1779 1625//1625 1621//1621
f 1784//1784 1782//1782 1622//1622
f 1784//1784 1622//1622 1626//1626
f 1786//1786 1785//1785 1628//1628
f 1785//1785 1626//1626 1628//1628
f 1785//1785 1784//1784 1626//1626
f 1786//1786 1787//1787 1785//1785
f 1790//1790 1789//1789 1788//1788
f 1783//1783 1790//1790 1788//1788
f 1629//1629 1783//1783 1788//1788
f 1624//1624 1783//1783 1629//1629
f 1630//1630 1786//1786 1628//1628
f 1792//1792 1791//1791 1632//1632
f 1632//1632 1791//1791 1630//1630
f 1791//1791 1787//1787 1630//1630
f 1787//1787 1786//1786 1630//1630
f 1792//1792 1793//1793 1791//1791
f 1796//1796 1795//1795 1794//1794
f 1798//1798 1797//1797 1794//1794
f 1794//1794 1797//1797 1796//1796
f 1797//1797 1798//1798 1789//1789
f 1789//1789 1798//1798 1788//1788
f 1798//1798 1634//1634 1788//1788
f 1634//1634 1635//1635 1788//1788
f 1788//1788 1635//1635 1629//1629
f 1636//1636 1792//1792 1632//1632
f 1800//1800 1799//1799 1638//1638
f 1638//1638 1799//1799 1636//1636
f 1799//1799 1793//1793 1636//1636
f 1793//1793 1792//1792 1636//1636
f 1802//1802 1801//1801 1800//1800
f 1800//1800 1801//1801 1799//1799
f 1804//1804 1803//1803 1802//1802
f 1802//1802 1803//1803 1801//1801
f 1806//1806 1805//1805 1804//1804
f 1804//1804 1805//1805 1803//1803
f 1805//1805 1806//1806 1795//1795
f 1795//1795 1806//1806 1794//1794
f 1806//1806 1640//1640 1794//1794
f 1640//1640 1641//1641 1794//1794
f 1794//1794 1641//1641 1642//1642
f 1794//1794 1642//1642 1798//1798
f 1798//1798 1642//1642 1634//1634
f 1644//1644 1800//1800 1638//1638
f 1800//1800 1644//1644 1645//1645
f 1800//1800 1645//1645 1802//1802
f 1802//1802 1645//1645 1647//1647
f 1802//1802 1647//1647 1804//1804
f 1804//1804 1647//1647 1649//1649
f 1804//1804 1649//1649 1806//1806
f 1806//1806 1649//1649 1640//1640
f 1664//1664 1807//1807 1665//1665
f 1808//1808 1666//1666 1665//1665
f 1808//1808 1665//1665 1807//1807
f 1809//1809 1667//1667 1666//1666
f 1809//1809 1666//1666 1808//1808
f 1809//1809 1669//1669 1667//1667
f 1673//1673 1810//1810 1674//1674
f 1807//1807 1664//1664 1674//1674
f 1810//1810 1807//1807 1674//1674
f 1811//1811 1807//1807 1810//1810
f 1807//1807 1812//1812 1808//1808
f 1807//1807 1811//1811 1812//1812
f 1808//1808 1813//1813 1809//1809
f 1808//1808 1812//1812 1813//1813
f 1814//1814 1675//1675 1669//1669
f 1809//1809 1814//1814 1669//1669
f 1813//1813 1814//1814 1809//1809
f 1814//1814 1677//1677 1675//1675
f 1681//1681 1815//1815 1682//1682
f 1810//1810 1673//1673 1682//1682
f 1815//1815 1810//1810 1682//1682
f 1816//1816 1810//1810 1815//1815
f 1810//1810 1817//1817 1811//1811
f 1810//1810 1816//1816 1817//1817
f 1819//1819 1812//1812 1818//1818
f 1812//1812 1817//1817 1818//1818
f 1812//1812 1811//1811 1817//1817
f 1821//1821 1820//1820 1819//1819
f 1820//1820 1812//1812 1819//1819
f 1820//1820 1813//1813 1812//1812
f 1813//1813 1822//1822 1814//1814
f 1813//1813 1820//1820 1822//1822
f 1823//1823 1683//1683 1677//1677
f 1814//1814 1823//1823 1677//1677
f 1822//1822 1823//1823 1814//1814
f 1823//1823 1685//1685 1683//1683
f 1687//1687 1824//1824 1688//1688
f 1815//1815 1681//1681 1688//1688
f 1824//1824 1815//1815 1688//1688
f 1825//1825 1815//1815 1824//1824
f 1827//1827 1816//1816 1826//1826
f 1816//1816 1825//1825 1826//1826
f 1816//1816 1815//1815 1825//1825
f 1816//1816 1827//1827 1817//1817
f 1817//1817 1827//1827 1828//1828
f 1817//1817 1828//1828 1818//1818
f 1821//1821 1829//1829 1820//1820
f 1820//1820 1829//1829 1822//1822
f 1822//1822 1829//1829 1830//1830
f 1832//1832 1831//1831 1830//1830
f 1831//1831 1822//1822 1830//1830
f 1831//1831 1823//1823 1822//1822
f 1833//1833 1689//1689 1685//1685
f 1823//1823 1833//1833 1685//1685
f 1831//1831 1833//1833 1823//1823
f 1833//1833 1691//1691 1689//1689
f 1693//1693 1834//1834 1692//1692
f 1824//1824 1687//1687 1692//1692
f 1834//1834 1824//1824 1692//1692
f 1835//1835 1824//1824 1834//1834
f 1837//1837 1825//1825 1836//1836
f 1825//1825 1835//1835 1836//1836
f 1825//1825 1824//1824 1835//1835
f 1825//1825 1837//1837 1826//1826
f 1832//1832 1838//1838 1831//1831
f 1840//1840 1839//1839 1838//1838
f 1839//1839 1831//1831 1838//1838
f 1839//1839 1833//1833 1831//1831
f 1839//1839 1695//1695 1691//1691
f 1839//1839 1691//1691 1833//1833
f 1696//1696 1841//1841 1834//1834
f 1696//1696 1834//1834 1693//1693
f 1843//1843 1835//1835 1842//1842
f 1835//1835 1841//1841 1842//1842
f 1835//1835 1834//1834 1841//1841
f 1835//1835 1843//1843 1836//1836
f 1840//1840 1844//1844 1839//1839
f 1844//1844 1846//1846 1845//1845
f 1844//1844 1845//1845 1697//1697
f 1839//1839 1844//1844 1697//1697
f 1695//1695 1839//1839 1697//1697
f 1845//1845 1698//1698 1697//1697
f 1699//1699 1847//1847 1841//1841
f 1699//1699 1841//1841 1696//1696
f 1842//1842 1841//1841 1848//1848
f 1848//1848 1841//1841 1847//1847
f 1845//1845 1846//1846 1849//1849
f 1849//1849 1846//1846 1850//1850
f 1849//1849 1701//1701 1698//1698
f 1849//1849 1698//1698 1845//1845
f 1852//1852 1851//1851 1847//1847
f 1699//1699 1852//1852 1847//1847
f 1702//1702 1852//1852 1699//1699
f 1847//1847 1851//1851 1848//1848
f 1850//1850 1853//1853 1849//1849
f 1701//1701 1849//1849 1853//1853
f 1854//1854 1701//1701 1853//1853
f 1704//1704 1701//1701 1854//1854
f 1705//1705 1852//1852 1702//1702
f 1705//1705 1855//1855 1852//1852
f 1706//1706 1704//1704 1856//1856
f 1704//1704 1857//1857 1856//1856
f 1704//1704 1854//1854 1857//1857
f 1856//1856 1707//1707 1706//1706
f 1708//1708 1855//1855 1705//1705
f 1708//1708 1858//1858 1855//1855
f 1857//1857 1859//1859 1856//1856
f 1707//1707 1856//1856 1859//1859
f 1860//1860 1707//1707 1859//1859
f 1710//1710 1707//1707 1860//1860
f 1711//1711 1858//1858 1708//1708
f 1711//1711 1861//1861 1858//1858
f 1712//1712 1710//1710 1862//1862
f 1710//1710 1863//1863 1862//1862
f 1710//1710 1860//1860 1863//1863
f 1862//1862 1713//1713 1712//1712
f 1714//1714 1861//1861 1711//1711
f 1714//1714 1864//1864 1861//1861
f 1862//1862 1863//1863 1865//1865
f 1865//1865 1863//1863 1866//1866
f 1865//1865 1715//1715 1713//1713
f 1865//1865 1713//1713 1862//1862
f 1716//1716 1864//1864 1714//1714
f 1716//1716 1867//1867 1864//1864
f 1865//1865 1866//1866 1868//1868
f 1868//1868 1866//1866 1869//1869
f 1868//1868 1717//1717 1715//1715
f 1868//1868 1715//1715 1865//1865
f 1718//1718 1867//1867 1716//1716
f 1718//1718 1870//1870 1867//1867
f 1868//1868 1869//1869 1871//1871
f 1871//1871 1869//1869 1872//1872
f 1871//1871 1719//1719 1717//1717
f 1871//1871 1717//1717 1868//1868
f 1720//1720 1870//1870 1718//1718
f 1720//1720 1873//1873 1870//1870
f 1871//1871 1872//1872 1874//1874
f 1874//1874 1872//1872 1875//1875
f 1874//1874 1721//1721 1719//1719
f 1874//1874 1719//1719 1871//1871
f 1722//1722 1873//1873 1720//1720
f 1722//1722 1876//1876 1873//1873
f 1874//1874 1875//1875 1877//1877
f 1877//1877 1875//1875 1878//1878
f 1877//1877 1723//1723 1721//1721
f 1877//1877 1721//1721 1874//1874
f 1725//1725 1876//1876 1722//1722
f 1725//1725 1879//1879 1876//1876
f 1877//1877 1878//1878 1728//1728
f 1878//1878 1727//1727 1728//1728
f 1878//1878 1880//1880 1727//1727
f 1877//1877 1728//1728 1723//1723
f 1725//1725 1729//1729 1881//1881
f 1882//1882 1725//1725 1881//1881
f 1879//1879 1725//1725 1882//1882
f 1730//1730 1881//1881 1729//1729
f 1885//1885 1884//1884 1883//1883
f 1880//1880 1885//1885 1883//1883
f 1732//1732 1880//1880 1883//1883
f 1727//1727 1880//1880 1732//1732
f 1886//1886 1882//1882 1881//1881
f 1881//1881 1730//1730 1886//1886
f 1730//1730 1887//1887 1886//1886
f 1730//1730 1733//1733 1887//1887
f 1883//1883 1884//1884 1888//1888
f 1888//1888 1884//1884 1889//1889
f 1888//1888 1734//1734 1732//1732
f 1888//1888 1732//1732 1883//1883
f 1735//1735 1887//1887 1733//1733
f 1735//1735 1890//1890 1887//1887
f 1888//1888 1889//1889 1891//1891
f 1891//1891 1889//1889 1892//1892
f 1891//1891 1736//1736 1734//1734
f 1891//1891 1734//1734 1888//1888
f 1737//1737 1890//1890 1735//1735
f 1737//1737 1893//1893 1890//1890
f 1896//1896 1895//1895 1894//1894
f 1896//1896 1894//1894 1892//1892
f 1892//1892 1894//1894 1891//1891
f 1894//1894 1739//1739 1891//1891
f 1739//1739 1740//1740 1891//1891
f 1891//1891 1740//1740 1736//1736
f 1741//1741 1893//1893 1737//1737
f 1741//1741 1897//1897 1893//1893
f 1900//1900 1899//1899 1898//1898
f 1900//1900 1898//1898 1895//1895
f 1895//1895 1898//1898 1894//1894
f 1898//1898 1743//1743 1894//1894
f 1743//1743 1744//1744 1894//1894
f 1894//1894 1744//1744 1739//1739
f 1745//1745 1897//1897 1741//1741
f 1745//1745 1901//1901 1897//1897
f 1904//1904 1903//1903 1902//1902
f 1904//1904 1902//1902 1899//1899
f 1902//1902 1898//1898 1899//1899
f 1902//1902 1905//1905 1898//1898
f 1905//1905 1747//1747 1743//1743
f 1905//1905 1743//1743 1898//1898
f 1748//1748 1907//1907 1906//1906
f 1901//1901 1748//1748 1906//1906
f 1745//1745 1748//1748 1901//1901
f 1909//1909 1908//1908 1907//1907
f 1907//1907 1908//1908 1906//1906
f 1909//1909 1910//1910 1908//1908
f 1913//1913 1912//1912 1911//1911
f 1913//1913 1911//1911 1903//1903
f 1911//1911 1902//1902 1903//1903
f 1911//1911 1914//1914 1902//1902
f 1914//1914 1750//1750 1751//1751
f 1905//1905 1914//1914 1751//1751
f 1902//1902 1914//1914 1905//1905
f 1905//1905 1751//1751 1747//1747
f 1752//1752 1907//1907 1748//1748
f 1907//1907 1752//1752 1754//1754
f 1915//1915 1907//1907 1754//1754
f 1909//1909 1907//1907 1915//1915
f 1910//1910 1909//1909 1916//1916
f 1909//1909 1917//1917 1916//1916
f 1909//1909 1915//1915 1917//1917
f 1919//1919 1918//1918 1917//1917
f 1917//1917 1918//1918 1916//1916
f 1921//1921 1920//1920 1919//1919
f 1919//1919 1920//1920 1918//1918
f 1923//1923 1922//1922 1921//1921
f 1921//1921 1922//1922 1920//1920
f 1922//1922 1923//1923 1912//1912
f 1923//1923 1911//1911 1912//1912
f 1923//1923 1924//1924 1911//1911
f 1924//1924 1756//1756 1757//1757
f 1914//1914 1924//1924 1757//1757
f 1911//1911 1924//1924 1914//1914
f 1914//1914 1757//1757 1750//1750
f 1758//1758 1915//1915 1754//1754
f 1915//1915 1758//1758 1760//1760
f 1915//1915 1760//1760 1917//1917
f 1917//1917 1760//1760 1762//1762
f 1917//1917 1762//1762 1919//1919
f 1919//1919 1762//1762 1764//1764
f 1919//1919 1764//1764 1921//1921
f 1921//1921 1764//1764 1766//1766
f 1921//1921 1766//1766 1923//1923
f 1923//1923 1766//1766 1768//1768
f 1923//1923 1768//1768 1924//1924
f 1924//1924 1768//1768 1756//1756
f 1772//1772 1925//1925 1770//1770
f 1772//1772 1928//1928 1925//1925
f 1926//1926 1927//1927 1775//1775
f 1927//1927 1774//1774 1775//1775
f 1927//1927 1929//1929 1774//1774
f 1926//1926 1775//1775 1771//1771
f 1776//1776 1928//1928 1772//1772
f 1776//1776 1930//1930 1928//1928
f 1929//1929 1777//1777 1774//1774
f 1931//1931 1777//1777 1929//1929
f 1778//1778 1930//1930 1776//1776
f 1778//1778 1932//1932 1930//1930
f 1934//1934 1933//1933 1781//1781
f 1781//1781 1933//1933 1780//1780
f 1781//1781 1777//1777 1931//1931
f 1781//1781 1931//1931 1934//1934
f 1782//1782 1936//1936 1935//1935
f 1932//1932 1782//1782 1935//1935
f 1778//1778 1782//1782 1932//1932
f 1936//1936 1937//1937 1935//1935
f 1940//1940 1939//1939 1938//1938
f 1933//1933 1940//1940 1938//1938
f 1783//1783 1933//1933 1938//1938
f 1780//1780 1933//1933 1783//1783
f 1784//1784 1936//1936 1782//1782
f 1941//1941 1937//1937 1936//1936
f 1784//1784 1941//1941 1936//1936
f 1785//1785 1941//1941 1784//1784
f 1943//1943 1942//1942 1787//1787
f 1942//1942 1785//1785 1787//1787
f 1942//1942 1941//1941 1785//1785
f 1943//1943 1944//1944 1942//1942
f 1947//1947 1946//1946 1945//1945
f 1947//1947 1945//1945 1939//1939
f 1939//1939 1945//1945 1938//1938
f 1945//1945 1789//1789 1938//1938
f 1789//1789 1790//1790 1938//1938
f 1938//1938 1790//1790 1783//1783
f 1791//1791 1943//1943 1787//1787
f 1949//1949 1948//1948 1793//1793
f 1793//1793 1948//1948 1791//1791
f 1948//1948 1944//1944 1791//1791
f 1944//1944 1943//1943 1791//1791
f 1951//1951 1950//1950 1949//1949
f 1949//1949 1950//1950 1948//1948
f 1953//1953 1952//1952 1951//1951
f 1951//1951 1952//1952 1950//1950
f 1955//1955 1954//1954 1953//1953
f 1953//1953 1954//1954 1952//1952
f 1795//1795 1796//1796 1955//1955
f 1796//1796 1954//1954 1955//1955
f 1796//1796 1956//1956 1954//1954
f 1797//1797 1945//1945 1946//1946
f 1956//1956 1797//1797 1946//1946
f 1796//1796 1797//1797 1956//1956
f 1945//1945 1797//1797 1789//1789
f 1799//1799 1949//1949 1793//1793
f 1949//1949 1799//1799 1801//1801
f 1949//1949 1801//1801 1951//1951
f 1951//1951 1801//1801 1803//1803
f 1951//1951 1803//1803 1953//1953
f 1953//1953 1803//1803 1805//1805
f 1953//1953 1805//1805 1955//1955
f 1955//1955 1805//1805 1795//1795
f 1818//1818 1957//1957 1819//1819
f 1957//1957 1821//1821 1819//1819
f 1826//1826 1958//1958 1827//1827
f 1959//1959 1828//1828 1827//1827
f 1959//1959 1827//1827 1958//1958
f 1957//1957 1818//1818 1828//1828
f 1959//1959 1957//1957 1828//1828
f 1960//1960 1957//1957 1959//1959
f 1961//1961 1829//1829 1821//1821
f 1957//1957 1961//1961 1821//1821
f 1960//1960 1961//1961 1957//1957
f 1962//1962 1830//1830 1829//1829
f 1962//1962 1829//1829 1961//1961
f 1962//1962 1832//1832 1830//1830
f 1836//1836 1963//1963 1837//1837
f 1958//1958 1826//1826 1837//1837
f 1963//1963 1958//1958 1837//1837
f 1964//1964 1958//1958 1963//1963
f 1958//1958 1965//1965 1959//1959
f 1958//1958 1964//1964 1965//1965
f 1959//1959 1966//1966 1960//1960
f 1959//1959 1965//1965 1966//1966
f 1960//1960 1967//1967 1961//1961
f 1960//1960 1966//1966 1967//1967
f 1961//1961 1968//1968 1962//1962
f 1961//1961 1967//1967 1968//1968
f 1969//1969 1838//1838 1832//1832
f 1962//1962 1969//1969 1832//1832
f 1968//1968 1969//1969 1962//1962
f 1969//1969 1840//1840 1838//1838
f 1842//1842 1970//1970 1843//1843
f 1963//1963 1836//1836 1843//1843
f 1970//1970 1963//1963 1843//1843
f 1971//1971 1963//1963 1970//1970
f 1973//1973 1964//1964 1972//1972
f 1964//1964 1971//1971 1972//1972
f 1964//1964 1963//1963 1971//1971
f 1964//1964 1973//1973 1965//1965
f 1965//1965 1973//1973 1974//1974
f 1965//1965 1974//1974 1966//1966
f 1966//1966 1974//1974 1975//1975
f 1966//1966 1975//1975 1967//1967
f 1967//1967 1975//1975 1976//1976
f 1967//1967 1976//1976 1968//1968
f 1968//1968 1976//1976 1977//1977
f 1979//1979 1978//1978 1977//1977
f 1978//1978 1968//1968 1977//1977
f 1978//1978 1969//1969 1968//1968
f 1980//1980 1844//1844 1840//1840
f 1969//1969 1980//1980 1840//1840
f 1978//1978 1980//1980 1969//1969
f 1980//1980 1846//1846 1844//1844
f 1848//1848 1981//1981 1970//1970
f 1848//1848 1970//1970 1842//1842
f 1983//1983 1971//1971 1982//1982
f 1971//1971 1981//1981 1982//1982
f 1971//1971 1970//1970 1981//1981
f 1971//1971 1983//1983 1972//1972
f 1979//1979 1984//1984 1978//1978
f 1986//1986 1985//1985 1984//1984
f 1985//1985 1978//1978 1984//1984
f 1985//1985 1980//1980 1978//1978
f 1985//1985 1850//1850 1846//1846
f 1985//1985 1846//1846 1980//1980
f 1852//1852 1987//1987 1851//1851
f 1987//1987 1988//1988 1851//1851
f 1851//1851 1988//1988 1848//1848
f 1988//1988 1989//1989 1848//1848
f 1989//1989 1981//1981 1848//1848
f 1981//1981 1989//1989 1982//1982
f 1986//1986 1990//1990 1985//1985
f 1990//1990 1992//1992 1991//1991
f 1990//1990 1991//1991 1853//1853
f 1985//1985 1990//1990 1853//1853
f 1850//1850 1985//1985 1853//1853
f 1991//1991 1854//1854 1853//1853
f 1855//1855 1993//1993 1987//1987
f 1855//1855 1987//1987 1852//1852
f 1988//1988 1987//1987 1994//1994
f 1994//1994 1987//1987 1993//1993
f 1991//1991 1992//1992 1995//1995
f 1995//1995 1992//1992 1996//1996
f 1995//1995 1857//1857 1854//1854
f 1995//1995 1854//1854 1991//1991
f 1998//1998 1997//1997 1993//1993
f 1855//1855 1998//1998 1993//1993
f 1858//1858 1998//1998 1855//1855
f 1993//1993 1997//1997 1994//1994
f 1996//1996 1999//1999 1995//1995
f 1999//1999 2001//2001 2000//2000
f 1999//1999 2000//2000 1859//1859
f 1995//1995 1999//1999 1859//1859
f 1857//1857 1995//1995 1859//1859
f 2000//2000 1860//1860 1859//1859
f 1861//1861 1998//1998 1858//1858
f 1861//1861 2002//2002 1998//1998
f 2000//2000 2001//2001 2003//2003
f 2003//2003 2001//2001 2004//2004
f 2003//2003 1863//1863 1860//1860
f 2003//2003 1860//1860 2000//2000
f 1864//1864 2002//2002 1861//1861
f 1864//1864 2005//2005 2002//2002
f 2003//2003 2004//2004 2006//2006
f 2006//2006 2004//2004 2007//2007
f 2006//2006 1866//1866 1863//1863
f 2006//2006 1863//1863 2003//2003
f 1867//1867 2005//2005 1864//1864
f 1867//1867 2008//2008 2005//2005
f 2006//2006 2007//2007 2009//2009
f 2009//2009 2007//2007 2010//2010
f 2009//2009 1869//1869 1866//1866
f 2009//2009 1866//1866 2006//2006
f 1870//1870 2008//2008 1867//1867
f 1870//1870 2011//2011 2008//2008
f 2009//2009 2010//2010 2012//2012
f 2012//2012 2010//2010 2013//2013
f 2012//2012 1872//1872 1869//1869
f 2012//2012 1869//1869 2009//2009
f 1873//1873 2011//2011 1870//1870
f 1873//1873 2014//2014 2011//2011
f 2012//2012 2013//2013 2015//2015
f 2015//2015 2013//2013 2016//2016
f 2015//2015 1875//1875 1872//1872
f 2015//2015 1872//1872 2012//2012
f 1876//1876 2014//2014 1873//1873
f 1876//1876 2017//2017 2014//2014
f 2015//2015 2016//2016 2018//2018
f 2018//2018 2016//2016 2019//2019
f 2018//2018 1878//1878 1875//1875
f 2018//2018 1875//1875 2015//2015
f 1879//1879 2017//2017 1876//1876
f 1879//1879 2020//2020 2017//2017
f 2018//2018 2019//2019 2021//2021
f 2021//2021 2019//2019 2022//2022
f 2021//2021 1880//1880 1878//1878
f 2021//2021 1878//1878 2018//2018
f 1882//1882 2020//2020 1879//1879
f 1882//1882 2023//2023 2020//2020
f 2026//2026 2025//2025 2024//2024
f 2026//2026 2024//2024 2022//2022
f 2022//2022 2024//2024 2021//2021
f 2024//2024 1884//1884 2021//2021
f 1884//1884 1885//1885 2021//2021
f 2021//2021 1885//1885 1880//1880
f 2027//2027 2023//2023 1882//1882
f 2027//2027 1882//1882 1886//1886
f 1886//1886 1887//1887 2027//2027
f 2027//2027 1887//1887 2028//2028
f 2024//2024 2025//2025 2029//2029
f 2029//2029 2025//2025 2030//2030
f 2029//2029 1889//1889 1884//1884
f 2029//2029 1884//1884 2024//2024
f 1890//1890 2028//2028 1887//1887
f 1890//1890 2031//2031 2028//2028
f 2034//2034 2033//2033 2032//2032
f 2034//2034 2032//2032 2030//2030
f 2032//2032 2029//2029 2030//2030
f 2032//2032 2035//2035 2029//2029
f 2035//2035 1892//1892 1889//1889
f 2035//2035 1889//1889 2029//2029
f 1893//1893 2031//2031 1890//1890
f 1893//1893 2036//2036 2031//2031
f 2032//2032 2033//2033 2037//2037
f 2037//2037 2033//2033 2038//2038
f 2037//2037 1895//1895 1896//1896
f 2035//2035 2037//2037 1896//1896
f 2032//2032 2037//2037 2035//2035
f 2035//2035 1896//1896 1892//1892
f 1897//1897 2040//2040 2039//2039
f 2036//2036 1897//1897 2039//2039
f 1893//1893 1897//1897 2036//2036
f 2040//2040 2041//2041 2039//2039
f 2044//2044 2043//2043 2042//2042
f 2046//2046 2045//2045 2042//2042
f 2042//2042 2045//2045 2044//2044
f 2045//2045 2046//2046 2038//2038
f 2038//2038 2046//2046 2037//2037
f 2046//2046 1899//1899 2037//2037
f 1899//1899 1900//1900 2037//2037
f 2037//2037 1900//1900 1895//1895
f 1901//1901 2047//2047 2040//2040
f 1901//1901 2040//2040 1897//1897
f 2041//2041 2040//2040 2048//2048
f 2040//2040 2049//2049 2048//2048
f 2040//2040 2047//2047 2049//2049
f 2051//2051 2050//2050 2049//2049
f 2049//2049 2050//2050 2048//2048
f 2051//2051 2052//2052 2050//2050
f 2055//2055 2054//2054 2053//2053
f 2057//2057 2056//2056 2053//2053
f 2053//2053 2056//2056 2055//2055
f 2056//2056 2057//2057 2043//2043
f 2057//2057 2042//2042 2043//2043
f 2057//2057 2058//2058 2042//2042
f 2058//2058 1903//1903 1904//1904
f 2046//2046 2058//2058 1904//1904
f 2042//2042 2058//2058 2046//2046
f 2046//2046 1904//1904 1899//1899
f 1906//1906 2047//2047 1901//1901
f 2047//2047 1906//1906 1908//1908
f 2047//2047 1908//1908 2049//2049
f 2049//2049 1908//1908 1910//1910
f 2059//2059 2049//2049 1910//1910
f 2051//2051 2049//2049 2059//2059
f 2052//2052 2051//2051 2060//2060
f 2051//2051 2061//2061 2060//2060
f 2051//2051 2059//2059 2061//2061
f 2060//2060 2061//2061 2054//2054
f 2061//2061 2053//2053 2054//2054
f 2061//2061 2062//2062 2053//2053
f 2053//2053 2063//2063 2057//2057
f 2053//2053 2062//2062 2063//2063
f 2063//2063 1912//1912 1913//1913
f 2058//2058 2063//2063 1913//1913
f 2057//2057 2063//2063 2058//2058
f 2058//2058 1913//1913 1903//1903
f 1916//1916 2059//2059 1910//1910
f 2059//2059 1916//1916 1918//1918
f 2059//2059 1918//1918 2061//2061
f 2061//2061 1918//1918 1920//1920
f 2061//2061 1920//1920 2062//2062
f 2062//2062 1920//1920 1922//1922
f 2062//2062 1922//1922 2063//2063
f 2063//2063 1922//1922 1912//1912
f 1928//1928 2064//2064 1925//1925
f 1928//1928 2066//2066 2064//2064
f 2065//2065 1929//1929 1927//1927
f 2067//2067 1929//1929 2065//2065
f 1930//1930 2066//2066 1928//1928
f 1930//1930 2068//2068 2066//2066
f 2071//2071 2070//2070 2069//2069
f 2067//2067 2071//2071 2069//2069
f 1931//1931 2067//2067 2069//2069
f 1929//1929 2067//2067 1931//1931
f 1932//1932 2068//2068 1930//1930
f 1932//1932 2072//2072 2068//2068
f 2069//2069 2070//2070 1934//1934
f 2070//2070 1933//1933 1934//1934
f 2070//2070 2073//2073 1933//1933
f 2069//2069 1934//1934 1931//1931
f 2074//2074 2072//2072 1932//1932
f 2074//2074 1932//1932 1935//1935
f 2076//2076 2075//2075 1937//1937
f 2075//2075 1935//1935 1937//1937
f 2075//2075 2074//2074 1935//1935
f 2076//2076 2077//2077 2075//2075
f 2080//2080 2079//2079 2078//2078
f 1939//1939 1940//1940 2078//2078
f 1940//1940 2080//2080 2078//2078
f 1940//1940 2081//2081 2080//2080
f 1940//1940 1933//1933 2073//2073
f 1940//1940 2073//2073 2081//2081
f 1941//1941 2076//2076 1937//1937
f 2082//2082 2077//2077 2076//2076
f 1941//1941 2082//2082 2076//2076
f 1942//1942 2082//2082 1941//1941
f 2084//2084 2083//2083 1944//1944
f 2083//2083 1942//1942 1944//1944
f 2083//2083 2082//2082 1942//1942
f 2086//2086 2085//2085 2084//2084
f 2084//2084 2085//2085 2083//2083
f 2088//2088 2087//2087 2086//2086
f 2086//2086 2087//2087 2085//2085
f 2090//2090 2089//2089 2088//2088
f 2088//2088 2089//2089 2087//2087
f 2092//2092 2091//2091 2090//2090
f 2090//2090 2091//2091 2089//2089
f 2091//2091 2092//2092 2079//2079
f 2079//2079 2092//2092 2078//2078
f 2092//2092 1946//1946 2078//2078
f 1946//1946 1947//1947 2078//2078
f 2078//2078 1947//1947 1939//1939
f 1948//1948 2084//2084 1944//1944
f 2084//2084 1948//1948 1950//1950
f 2084//2084 1950//1950 2086//2086
f 2086//2086 1950//1950 1952//1952
f 2086//2086 1952//1952 2088//2088
f 2088//2088 1952//1952 1954//1954
f 2088//2088 1954//1954 2090//2090
f 2090//2090 1954//1954 1956//1956
f 2090//2090 1956//1956 2092//2092
f 2092//2092 1956//1956 1946//1946
f 1972//1972 2093//2093 1973//1973
f 2094//2094 1974//1974 1973//1973
f 2094//2094 1973//1973 2093//2093
f 2095//2095 1975//1975 1974//1974
f 2095//2095 1974//1974 2094//2094
f 2096//2096 1976//1976 1975//1975
f 2096//2096 1975//1975 2095//2095
f 2097//2097 1977//1977 1976//1976
f 2097//2097 1976//1976 2096//2096
f 2097//2097 1979//1979 1977//1977
f 1982//1982 2098//2098 1983//1983
f 2093//2093 1972//1972 1983//1983
f 2098//2098 2093//2093 1983//1983
f 2099//2099 2093//2093 2098//2098
f 2093//2093 2100//2100 2094//2094
f 2093//2093 2099//2099 2100//2100
f 2094//2094 2101//2101 2095//2095
f 2094//2094 2100//2100 2101//2101
f 2095//2095 2102//2102 2096//2096
f 2095//2095 2101//2101 2102//2102
f 2096//2096 2103//2103 2097//2097
f 2096//2096 2102//2102 2103//2103
f 2104//2104 1984//1984 1979//1979
f 2097//2097 2104//2104 1979//1979
f 2103//2103 2104//2104 2097//2097
f 2104//2104 1986//1986 1984//1984
f 1988//1988 2105//2105 1989//1989
f 2098//2098 1982//1982 1989//1989
f 2105//2105 2098//2098 1989//1989
f 2106//2106 2098//2098 2105//2105
f 2108//2108 2099//2099 2107//2107
f 2099//2099 2106//2106 2107//2107
f 2099//2099 2098//2098 2106//2106
f 2099//2099 2108//2108 2100//2100
f 2100//2100 2108//2108 2109//2109
f 2100//2100 2109//2109 2101//2101
f 2101//2101 2109//2109 2110//2110
f 2101//2101 2110//2110 2102//2102
f 2102//2102 2110//2110 2111//2111
f 2102//2102 2111//2111 2103//2103
f 2103//2103 2111//2111 2112//2112
f 2114//2114 2113//2113 2112//2112
f 2113//2113 2103//2103 2112//2112
f 2113//2113 2104//2104 2103//2103
f 2115//2115 1990//1990 1986//1986
f 2104//2104 2115//2115 1986//1986
f 2113//2113 2115//2115 2104//2104
f 2115//2115 1992//1992 1990//1990
f 1994//1994 2116//2116 2105//2105
f 1994//1994 2105//2105 1988//1988
f 2118//2118 2106//2106 2117//2117
f 2106//2106 2116//2116 2117//2117
f 2106//2106 2105//2105 2116//2116
f 2106//2106 2118//2118 2107//2107
f 2114//2114 2119//2119 2113//2113
f 2121//2121 2120//2120 2119//2119
f 2120//2120 2113//2113 2119//2119
f 2120//2120 2115//2115 2113//2113
f 2120//2120 1996//1996 1992//1992
f 2120//2120 1992//1992 2115//2115
f 1998//1998 2122//2122 1997//1997
f 2116//2116 1994//1994 1997//1997
f 2122//2122 2116//2116 1997//1997
f 2123//2123 2116//2116 2122//2122
f 2117//2117 2116//2116 2124//2124
f 2124//2124 2116//2116 2123//2123
f 2120//2120 2121//2121 2125//2125
f 2125//2125 2121//2121 2126//2126
f 2127//2127 1999//1999 1996//1996
f 2120//2120 2127//2127 1996//1996
f 2125//2125 2127//2127 2120//2120
f 2127//2127 2001//2001 1999//1999
f 2002//2002 2128//2128 2122//2122
f 2002//2002 2122//2122 1998//1998
f 2130//2130 2123//2123 2129//2129
f 2123//2123 2128//2128 2129//2129
f 2123//2123 2122//2122 2128//2128
f 2123//2123 2130//2130 2124//2124
f 2125//2125 2126//2126 2131//2131
f 2131//2131 2126//2126 2132//2132
f 2125//2125 2133//2133 2127//2127
f 2125//2125 2131//2131 2133//2133
f 2133//2133 2004//2004 2001//2001
f 2133//2133 2001//2001 2127//2127
f 2005//2005 2134//2134 2128//2128
f 2005//2005 2128//2128 2002//2002
f 2129//2129 2128//2128 2135//2135
f 2135//2135 2128//2128 2134//2134
f 2132//2132 2136//2136 2131//2131
f 2138//2138 2137//2137 2136//2136
f 2137//2137 2131//2131 2136//2136
f 2137//2137 2133//2133 2131//2131
f 2137//2137 2007//2007 2004//2004
f 2137//2137 2004//2004 2133//2133
f 2008//2008 2139//2139 2134//2134
f 2008//2008 2134//2134 2005//2005
f 2135//2135 2134//2134 2140//2140
f 2140//2140 2134//2134 2139//2139
f 2137//2137 2138//2138 2141//2141
f 2141//2141 2138//2138 2142//2142
f 2141//2141 2010//2010 2007//2007
f 2141//2141 2007//2007 2137//2137
f 2011//2011 2143//2143 2139//2139
f 2011//2011 2139//2139 2008//2008
f 2140//2140 2139//2139 2144//2144
f 2144//2144 2139//2139 2143//2143
f 2141//2141 2142//2142 2145//2145
f 2145//2145 2142//2142 2146//2146
f 2145//2145 2013//2013 2010//2010
f 2145//2145 2010//2010 2141//2141
f 2014//2014 2147//2147 2143//2143
f 2014//2014 2143//2143 2011//2011
f 2144//2144 2143//2143 2148//2148
f 2148//2148 2143//2143 2147//2147
f 2145//2145 2146//2146 2149//2149
f 2149//2149 2146//2146 2150//2150
f 2149//2149 2016//2016 2013//2013
f 2149//2149 2013//2013 2145//2145
f 2017//2017 2151//2151 2147//2147
f 2017//2017 2147//2147 2014//2014
f 2148//2148 2147//2147 2152//2152
f 2152//2152 2147//2147 2151//2151
f 2149//2149 2150//2150 2153//2153
f 2153//2153 2150//2150 2154//2154
f 2153//2153 2019//2019 2016//2016
f 2153//2153 2016//2016 2149//2149
f 2020//2020 2155//2155 2151//2151
f 2020//2020 2151//2151 2017//2017
f 2152//2152 2151//2151 2156//2156
f 2156//2156 2151//2151 2155//2155
f 2159//2159 2158//2158 2157//2157
f 2159//2159 2157//2157 2154//2154
f 2157//2157 2153//2153 2154//2154
f 2157//2157 2160//2160 2153//2153
f 2160//2160 2022//2022 2019//2019
f 2160//2160 2019//2019 2153//2153
f 2023//2023 2161//2161 2155//2155
f 2023//2023 2155//2155 2020//2020
f 2156//2156 2155//2155 2162//2162
f 2162//2162 2155//2155 2161//2161
f 2157//2157 2158//2158 2163//2163
f 2163//2163 2158//2158 2164//2164
f 2163//2163 2025//2025 2026//2026
f 2160//2160 2163//2163 2026//2026
f 2157//2157 2163//2163 2160//2160
f 2160//2160 2026//2026 2022//2022
f 2027//2027 2161//2161 2023//2023
f 2166//2166 2165//2165 2028//2028
f 2028//2028 2165//2165 2027//2027
f 2165//2165 2162//2162 2027//2027
f 2162//2162 2161//2161 2027//2027
f 2166//2166 2167//2167 2165//2165
f 2170//2170 2169//2169 2168//2168
f 2170//2170 2168//2168 2164//2164
f 2168//2168 2163//2163 2164//2164
f 2168//2168 2171//2171 2163//2163
f 2171//2171 2030//2030 2025//2025
f 2171//2171 2025//2025 2163//2163
f 2031//2031 2172//2172 2166//2166
f 2031//2031 2166//2166 2028//2028
f 2167//2167 2166//2166 2173//2173
f 2166//2166 2174//2174 2173//2173
f 2166//2166 2172//2172 2174//2174
f 2174//2174 2175//2175 2173//2173
f 2178//2178 2177//2177 2176//2176
f 2178//2178 2176//2176 2169//2169
f 2176//2176 2168//2168 2169//2169
f 2176//2176 2179//2179 2168//2168
f 2179//2179 2033//2033 2034//2034
f 2171//2171 2179//2179 2034//2034
f 2168//2168 2179//2179 2171//2171
f 2171//2171 2034//2034 2030//2030
f 2036//2036 2180//2180 2172//2172
f 2036//2036 2172//2172 2031//2031
f 2172//2172 2181//2181 2174//2174
f 2172//2172 2180//2180 2181//2181
f 2175//2175 2174//2174 2182//2182
f 2174//2174 2183//2183 2182//2182
f 2174//2174 2181//2181 2183//2183
f 2185//2185 2184//2184 2183//2183
f 2183//2183 2184//2184 2182//2182
f 2187//2187 2186//2186 2185//2185
f 2185//2185 2186//2186 2184//2184
f 2189//2189 2188//2188 2187//2187
f 2187//2187 2188//2188 2186//2186
f 2188//2188 2189//2189 2177//2177
f 2189//2189 2176//2176 2177//2177
f 2189//2189 2190//2190 2176//2176
f 2176//2176 2191//2191 2179//2179
f 2176//2176 2190//2190 2191//2191
f 2191//2191 2038//2038 2033//2033
f 2191//2191 2033//2033 2179//2179
f 2039//2039 2180//2180 2036//2036
f 2180//2180 2039//2039 2041//2041
f 2192//2192 2180//2180 2041//2041
f 2181//2181 2180//2180 2192//2192
f 2181//2181 2193//2193 2183//2183
f 2181//2181 2192//2192 2193//2193
f 2183//2183 2194//2194 2185//2185
f 2183//2183 2193//2193 2194//2194
f 2185//2185 2195//2195 2187//2187
f 2185//2185 2194//2194 2195//2195
f 2187//2187 2196//2196 2189//2189
f 2187//2187 2195//2195 2196//2196
f 2196//2196 2043//2043 2044//2044
f 2190//2190 2196//2196 2044//2044
f 2189//2189 2196//2196 2190//2190
f 2190//2190 2044//2044 2045//2045
f 2190//2190 2045//2045 2191//2191
f 2191//2191 2045//2045 2038//2038
f 2048//2048 2192//2192 2041//2041
f 2192//2192 2048//2048 2050//2050
f 2192//2192 2050//2050 2193//2193
f 2193//2193 2050//2050 2052//2052
f 2197//2197 2193//2193 2052//2052
f 2194//2194 2193//2193 2197//2197
f 2197//2197 2054//2054 2055//2055
f 2195//2195 2197//2197 2055//2055
f 2194//2194 2197//2197 2195//2195
f 2195//2195 2055//2055 2056//2056
f 2195//2195 2056//2056 2196//2196
f 2196//2196 2056//2056 2043//2043
f 2060//2060 2197//2197 2052//2052
f 2197//2197 2060//2060 2054//2054
f 2066//2066 2198//2198 2064//2064
f 2066//2066 2200//2200 2198//2198
f 2203//2203 2202//2202 2201//2201
f 2199//2199 2203//2203 2201//2201
f 2067//2067 2199//2199 2201//2201
f 2065//2065 2199//2199 2067//2067
f 2068//2068 2200//2200 2066//2066
f 2068//2068 2204//2204 2200//2200
f 2201//2201 2202//2202 2071//2071
f 2202//2202 2070//2070 2071//2071
f 2202//2202 2205//2205 2070//2070
f 2201//2201 2071//2071 2067//2067
f 2072//2072 2207//2207 2206//2206
f 2204//2204 2072//2072 2206//2206
f 2068//2068 2072//2072 2204//2204
f 2207//2207 2208//2208 2206//2206
f 2211//2211 2210//2210 2209//2209
f 2205//2205 2211//2211 2209//2209
f 2073//2073 2205//2205 2209//2209
f 2070//2070 2205//2205 2073//2073
f 2074//2074 2207//2207 2072//2072
f 2212//2212 2208//2208 2207//2207
f 2074//2074 2212//2212 2207//2207
f 2075//2075 2212//2212 2074//2074
f 2214//2214 2213//2213 2077//2077
f 2213//2213 2075//2075 2077//2077
f 2213//2213 2212//2212 2075//2075
f 2216//2216 2215//2215 2214//2214
f 2214//2214 2215//2215 2213//2213
f 2216//2216 2217//2217 2215//2215
f 2220//2220 2219//2219 2218//2218
f 2222//2222 2221//2221 2218//2218
f 2218//2218 2221//2221 2220//2220
f 2079//2079 2080//2080 2222//2222
f 2080//2080 2221//2221 2222//2222
f 2080//2080 2223//2223 2221//2221
f 2081//2081 2209//2209 2210//2210
f 2223//2223 2081//2081 2210//2210
f 2080//2080 2081//2081 2223//2223
f 2209//2209 2081//2081 2073//2073
f 2082//2082 2214//2214 2077//2077
f 2214//2214 2082//2082 2083//2083
f 2214//2214 2083//2083 2216//2216
f 2224//2224 2217//2217 2216//2216
f 2083//2083 2224//2224 2216//2216
f 2085//2085 2224//2224 2083//2083
f 2225//2225 2085//2085 2087//2087
f 2225//2225 2224//2224 2085//2085
f 2089//2089 2218//2218 2219//2219
f 2225//2225 2089//2089 2219//2219
f 2087//2087 2089//2089 2225//2225
f 2218//2218 2089//2089 2091//2091
f 2218//2218 2091//2091 2222//2222
f 2222//2222 2091//2091 2079//2079
f 2107//2107 2226//2226 2108//2108
f 2227//2227 2109//2109 2108//2108
f 2227//2227 2108//2108 2226//2226
f 2228//2228 2110//2110 2109//2109
f 2228//2228 2109//2109 2227//2227
f 2229//2229 2111//2111 2110//2110
f 2229//2229 2110//2110 2228//2228
f 2230//2230 2112//2112 2111//2111
f 2230//2230 2111//2111 2229//2229
f 2230//2230 2114//2114 2112//2112
f 2117//2117 2231//2231 2118//2118
f 2226//2226 2107//2107 2118//2118
f 2231//2231 2226//2226 2118//2118
f 2232//2232 2226//2226 2231//2231
f 2226//2226 2233//2233 2227//2227
f 2226//2226 2232//2232 2233//2233
f 2227//2227 2234//2234 2228//2228
f 2227//2227 2233//2233 2234//2234
f 2228//2228 2235//2235 2229//2229
f 2228//2228 2234//2234 2235//2235
f 2229//2229 2236//2236 2230//2230
f 2229//2229 2235//2235 2236//2236
f 2237//2237 2119//2119 2114//2114
f 2230//2230 2237//2237 2114//2114
f 2236//2236 2237//2237 2230//2230
f 2237//2237 2121//2121 2119//2119
f 2124//2124 2238//2238 2231//2231
f 2124//2124 2231//2231 2117//2117
f 2231//2231 2239//2239 2232//2232
f 2231//2231 2238//2238 2239//2239
f 2241//2241 2233//2233 2240//2240
f 2233//2233 2239//2239 2240//2240
f 2233//2233 2232//2232 2239//2239
f 2243//2243 2242//2242 2241//2241
f 2242//2242 2233//2233 2241//2241
f 2242//2242 2234//2234 2233//2233
f 2234//2234 2244//2244 2235//2235
f 2234//2234 2242//2242 2244//2244
f 2235//2235 2245//2245 2236//2236
f 2235//2235 2244//2244 2245//2245
f 2236//2236 2246//2246 2237//2237
f 2236//2236 2245//2245 2246//2246
f 2246//2246 2126//2126 2121//2121
f 2246//2246 2121//2121 2237//2237
f 2129//2129 2247//2247 2130//2130
f 2238//2238 2124//2124 2130//2130
f 2247//2247 2238//2238 2130//2130
f 2248//2248 2238//2238 2247//2247
f 2250//2250 2239//2239 2249//2249
f 2239//2239 2248//2248 2249//2249
f 2239//2239 2238//2238 2248//2248
f 2239//2239 2250//2250 2240//2240
f 2243//2243 2251//2251 2242//2242
f 2253//2253 2252//2252 2251//2251
f 2252//2252 2242//2242 2251//2251
f 2252//2252 2244//2244 2242//2242
f 2244//2244 2254//2254 2245//2245
f 2244//2244 2252//2252 2254//2254
f 2245//2245 2255//2255 2246//2246
f 2245//2245 2254//2254 2255//2255
f 2255//2255 2132//2132 2126//2126
f 2255//2255 2126//2126 2246//2246
f 2135//2135 2256//2256 2247//2247
f 2135//2135 2247//2247 2129//2129
f 2247//2247 2257//2257 2248//2248
f 2247//2247 2256//2256 2257//2257
f 2249//2249 2248//2248 2258//2258
f 2258//2258 2248//2248 2257//2257
f 2253//2253 2259//2259 2252//2252
f 2261//2261 2260//2260 2259//2259
f 2260//2260 2252//2252 2259//2259
f 2260//2260 2254//2254 2252//2252
f 2254//2254 2262//2262 2255//2255
f 2254//2254 2260//2260 2262//2262
f 2263//2263 2136//2136 2132//2132
f 2255//2255 2263//2263 2132//2132
f 2262//2262 2263//2263 2255//2255
f 2263//2263 2138//2138 2136//2136
f 2140//2140 2264//2264 2256//2256
f 2140//2140 2256//2256 2135//2135
f 2256//2256 2265//2265 2257//2257
f 2256//2256 2264//2264 2265//2265
f 2258//2258 2257//2257 2266//2266
f 2266//2266 2257//2257 2265//2265
f 2260//2260 2261//2261 2267//2267
f 2267//2267 2261//2261 2268//2268
f 2260//2260 2269//2269 2262//2262
f 2260//2260 2267//2267 2269//2269
f 2262//2262 2270//2270 2263//2263
f 2262//2262 2269//2269 2270//2270
f 2270//2270 2142//2142 2138//2138
f 2270//2270 2138//2138 2263//2263
f 2144//2144 2271//2271 2264//2264
f 2144//2144 2264//2264 2140//2140
f 2264//2264 2272//2272 2265//2265
f 2264//2264 2271//2271 2272//2272
f 2266//2266 2265//2265 2273//2273
f 2273//2273 2265//2265 2272//2272
f 2267//2267 2268//2268 2274//2274
f 2274//2274 2268//2268 2275//2275
f 2267//2267 2276//2276 2269//2269
f 2267//2267 2274//2274 2276//2276
f 2269//2269 2277//2277 2270//2270
f 2269//2269 2276//2276 2277//2277
f 2277//2277 2146//2146 2142//2142
f 2277//2277 2142//2142 2270//2270
f 2148//2148 2278//2278 2271//2271
f 2148//2148 2271//2271 2144//2144
f 2280//2280 2272//2272 2279//2279
f 2272//2272 2278//2278 2279//2279
f 2272//2272 2271//2271 2278//2278
f 2272//2272 2280//2280 2273//2273
f 2275//2275 2281//2281 2274//2274
f 2283//2283 2282//2282 2281//2281
f 2282//2282 2274//2274 2281//2281
f 2282//2282 2276//2276 2274//2274
f 2276//2276 2284//2284 2277//2277
f 2276//2276 2282//2282 2284//2284
f 2284//2284 2150//2150 2146//2146
f 2284//2284 2146//2146 2277//2277
f 2152//2152 2285//2285 2278//2278
f 2152//2152 2278//2278 2148//2148
f 2279//2279 2278//2278 2286//2286
f 2278//2278 2287//2287 2286//2286
f 2278//2278 2285//2285 2287//2287
f 2287//2287 2288//2288 2286//2286
f 2291//2291 2290//2290 2289//2289
f 2291//2291 2289//2289 2283//2283
f 2289//2289 2282//2282 2283//2283
f 2289//2289 2292//2292 2282//2282
f 2282//2282 2293//2293 2284//2284
f 2282//2282 2292//2292 2293//2293
f 2293//2293 2154//2154 2150//2150
f 2293//2293 2150//2150 2284//2284
f 2156//2156 2294//2294 2285//2285
f 2156//2156 2285//2285 2152//2152
f 2285//2285 2295//2295 2287//2287
f 2285//2285 2294//2294 2295//2295
f 2288//2288 2287//2287 2296//2296
f 2287//2287 2297//2297 2296//2296
f 2287//2287 2295//2295 2297//2297
f 2297//2297 2298//2298 2296//2296
f 2289//2289 2290//2290 2299//2299
f 2299//2299 2290//2290 2300//2300
f 2289//2289 2301//2301 2292//2292
f 2289//2289 2299//2299 2301//2301
f 2301//2301 2158//2158 2159//2159
f 2293//2293 2301//2301 2159//2159
f 2292//2292 2301//2301 2293//2293
f 2293//2293 2159//2159 2154//2154
f 2162//2162 2302//2302 2294//2294
f 2162//2162 2294//2294 2156//2156
f 2294//2294 2303//2303 2295//2295
f 2294//2294 2302//2302 2303//2303
f 2295//2295 2304//2304 2297//2297
f 2295//2295 2303//2303 2304//2304
f 2298//2298 2297//2297 2305//2305
f 2297//2297 2306//2306 2305//2305
f 2297//2297 2304//2304 2306//2306
f 2308//2308 2307//2307 2306//2306
f 2306//2306 2307//2307 2305//2305
f 2310//2310 2309//2309 2308//2308
f 2308//2308 2309//2309 2307//2307
f 2309//2309 2310//2310 2300//2300
f 2310//2310 2299//2299 2300//2300
f 2310//2310 2311//2311 2299//2299
f 2299//2299 2312//2312 2301//2301
f 2299//2299 2311//2311 2312//2312
f 2312//2312 2164//2164 2158//2158
f 2312//2312 2158//2158 2301//2301
f 2165//2165 2302//2302 2162//2162
f 2302//2302 2165//2165 2167//2167
f 2313//2313 2302//2302 2167//2167
f 2303//2303 2302//2302 2313//2313
f 2303//2303 2314//2314 2304//2304
f 2303//2303 2313//2313 2314//2314
f 2304//2304 2315//2315 2306//2306
f 2304//2304 2314//2314 2315//2315
f 2306//2306 2316//2316 2308//2308
f 2306//2306 2315//2315 2316//2316
f 2308//2308 2317//2317 2310//2310
f 2308//2308 2316//2316 2317//2317
f 2310//2310 2318//2318 2311//2311
f 2310//2310 2317//2317 2318//2318
f 2318//2318 2169//2169 2170//2170
f 2312//2312 2318//2318 2170//2170
f 2311//2311 2318//2318 2312//2312
f 2312//2312 2170//2170 2164//2164
f 2173//2173 2313//2313 2167//2167
f 2313//2313 2173//2173 2175//2175
f 2319//2319 2313//2313 2175//2175
f 2314//2314 2313//2313 2319//2319
f 2314//2314 2320//2320 2315//2315
f 2314//2314 2319//2319 2320//2320
f 2315//2315 2321//2321 2316//2316
f 2315//2315 2320//2320 2321//2321
f 2316//2316 2322//2322 2317//2317
f 2316//2316 2321//2321 2322//2322
f 2322//2322 2177//2177 2178//2178
f 2318//2318 2322//2322 2178//2178
f 2317//2317 2322//2322 2318//2318
f 2318//2318 2178//2178 2169//2169
f 2182//2182 2319//2319 2175//2175
f 2319//2319 2182//2182 2184//2184
f 2319//2319 2184//2184 2320//2320
f 2320//2320 2184//2184 2186//2186
f 2320//2320 2186//2186 2321//2321
f 2321//2321 2186//2186 2188//2188
f 2321//2321 2188//2188 2322//2322
f 2322//2322 2188//2188 2177//2177
f 2200//2200 2323//2323 2198//2198
f 2200//2200 2326//2326 2323//2323
f 2324//2324 2325//2325 2203//2203
f 2325//2325 2202//2202 2203//2203
f 2325//2325 2327//2327 2202//2202
f 2324//2324 2203//2203 2199//2199
f 2204//2204 2329//2329 2328//2328
f 2326//2326 2204//2204 2328//2328
f 2200//2200 2204//2204 2326//2326
f 2329//2329 2330//2330 2328//2328
f 2333//2333 2332//2332 2331//2331
f 2327//2327 2333//2333 2331//2331
f 2205//2205 2327//2327 2331//2331
f 2202//2202 2327//2327 2205//2205
f 2206//2206 2329//2329 2204//2204
f 2335//2335 2334//2334 2208//2208
f 2208//2208 2334//2334 2206//2206
f 2334//2334 2330//2330 2206//2206
f 2330//2330 2329//2329 2206//2206
f 2337//2337 2336//2336 2335//2335
f 2335//2335 2336//2336 2334//2334
f 2337//2337 2338//2338 2336//2336
f 2341//2341 2340//2340 2339//2339
f 2343//2343 2342//2342 2339//2339
f 2339//2339 2342//2342 2341//2341
f 2342//2342 2343//2343 2332//2332
f 2332//2332 2343//2343 2331//2331
f 2343//2343 2210//2210 2331//2331
f 2210//2210 2211//2211 2331//2331
f 2331//2331 2211//2211 2205//2205
f 2212//2212 2335//2335 2208//2208
f 2335//2335 2212//2212 2213//2213
f 2335//2335 2213//2213 2337//2337
f 2344//2344 2338//2338 2337//2337
f 2213//2213 2344//2344 2337//2337
f 2215//2215 2344//2344 2213//2213
f 2346//2346 2345//2345 2217//2217
f 2345//2345 2215//2215 2217//2217
f 2345//2345 2344//2344 2215//2215
f 2348//2348 2347//2347 2346//2346
f 2346//2346 2347//2347 2345//2345
f 2219//2219 2220//2220 2348//2348
f 2220//2220 2347//2347 2348//2348
f 2220//2220 2349//2349 2347//2347
f 2221//2221 2339//2339 2340//2340
f 2349//2349 2221//2221 2340//2340
f 2220//2220 2221//2221 2349//2349
f 2339//2339 2221//2221 2223//2223
f 2339//2339 2223//2223 2343//2343
f 2343//2343 2223//2223 2210//2210
f 2224//2224 2346//2346 2217//2217
f 2346//2346 2224//2224 2225//2225
f 2346//2346 2225//2225 2348//2348
f 2348//2348 2225//2225 2219//2219
f 2240//2240 2350//2350 2241//2241
f 2350//2350 2243//2243 2241//2241
f 2249//2249 2351//2351 2250//2250
f 2350//2350 2240//2240 2250//2250
f 2351//2351 2350//2350 2250//2250
f 2352//2352 2350//2350 2351//2351
f 2353//2353 2251//2251 2243//2243
f 2350//2350 2353//2353 2243//2243
f 2352//2352 2353//2353 2350//2350
f 2353//2353 2253//2253 2251//2251
f 2258//2258 2354//2354 2351//2351
f 2258//2258 2351//2351 2249//2249
f 2351//2351 2355//2355 2352//2352
f 2351//2351 2354//2354 2355//2355
f 2352//2352 2356//2356 2353//2353
f 2352//2352 2355//2355 2356//2356
f 2357//2357 2259//2259 2253//2253
f 2353//2353 2357//2357 2253//2253
f 2356//2356 2357//2357 2353//2353
f 2357//2357 2261//2261 2259//2259
f 2266//2266 2358//2358 2354//2354
f 2266//2266 2354//2354 2258//2258
f 2354//2354 2359//2359 2355//2355
f 2354//2354 2358//2358 2359//2359
f 2355//2355 2360//2360 2356//2356
f 2355//2355 2359//2359 2360//2360
f 2356//2356 2361//2361 2357//2357
f 2356//2356 2360//2360 2361//2361
f 2361//2361 2268//2268 2261//2261
f 2361//2361 2261//2261 2357//2357
f 2273//2273 2362//2362 2358//2358
f 2273//2273 2358//2358 2266//2266
f 2358//2358 2363//2363 2359//2359
f 2358//2358 2362//2362 2363//2363
f 2359//2359 2364//2364 2360//2360
f 2359//2359 2363//2363 2364//2364
f 2360//2360 2365//2365 2361//2361
f 2360//2360 2364//2364 2365//2365
f 2365//2365 2275//2275 2268//2268
f 2365//2365 2268//2268 2361//2361
f 2279//2279 2366//2366 2280//2280
f 2362//2362 2273//2273 2280//2280
f 2366//2366 2362//2362 2280//2280
f 2367//2367 2362//2362 2366//2366
f 2362//2362 2368//2368 2363//2363
f 2362//2362 2367//2367 2368//2368
f 2363//2363 2369//2369 2364//2364
f 2363//2363 2368//2368 2369//2369
f 2364//2364 2370//2370 2365//2365
f 2364//2364 2369//2369 2370//2370
f 2371//2371 2281//2281 2275//2275
f 2365//2365 2371//2371 2275//2275
f 2370//2370 2371//2371 2365//2365
f 2371//2371 2283//2283 2281//2281
f 2286//2286 2366//2366 2279//2279
f 2366//2366 2286//2286 2288//2288
f 2372//2372 2366//2366 2288//2288
f 2367//2367 2366//2366 2372//2372
f 2367//2367 2373//2373 2368//2368
f 2367//2367 2372//2372 2373//2373
f 2368//2368 2374//2374 2369//2369
f 2368//2368 2373//2373 2374//2374
f 2369//2369 2375//2375 2370//2370
f 2369//2369 2374//2374 2375//2375
f 2375//2375 2290//2290 2291//2291
f 2371//2371 2375//2375 2291//2291
f 2370//2370 2375//2375 2371//2371
f 2371//2371 2291//2291 2283//2283
f 2296//2296 2372//2372 2288//2288
f 2372//2372 2296//2296 2298//2298
f 2376//2376 2372//2372 2298//2298
f 2373//2373 2372//2372 2376//2376
f 2373//2373 2377//2377 2374//2374
f 2373//2373 2376//2376 2377//2377
f 2374//2374 2378//2378 2375//2375
f 2374//2374 2377//2377 2378//2378
f 2378//2378 2300//2300 2290//2290
f 2378//2378 2290//2290 2375//2375
f 2305//2305 2376//2376 2298//2298
f 2376//2376 2305//2305 2307//2307
f 2376//2376 2307//2307 2377//2377
f 2377//2377 2307//2307 2309//2309
f 2377//2377 2309//2309 2378//2378
f 2378//2378 2309//2309 2300//2300
f 2326//2326 2383//2383 2382//2382
f 2379//2379 2326//2326 2382//2382
f 2323//2323 2326//2326 2379//2379
f 2383//2383 2384//2384 2382//2382
f 2380//2380 2381//2381 2385//2385
f 2385//2385 2381//2381 2386//2386
f 2385//2385 2327//2327 2325//2325
f 2385//2385 2325//2325 2380//2380
f 2328//2328 2383//2383 2326//2326
f 2388//2388 2387//2387 2330//2330
f 2330//2330 2387//2387 2328//2328
f 2387//2387 2384//2384 2328//2328
f 2384//2384 2383//2383 2328//2328
f 2390//2390 2389//2389 2388//2388
f 2388//2388 2389//2389 2387//2387
f 2390//2390 2391//2391 2389//2389
f 2394//2394 2393//2393 2392//2392
f 2396//2396 2395//2395 2392//2392
f 2392//2392 2395//2395 2394//2394
f 2395//2395 2396//2396 2386//2386
f 2386//2386 2396//2396 2385//2385
f 2396//2396 2332//2332 2385//2385
f 2332//2332 2333//2333 2385//2385
f 2385//2385 2333//2333 2327//2327
f 2334//2334 2388//2388 2330//2330
f 2388//2388 2334//2334 2336//2336
f 2388//2388 2336//2336 2390//2390
f 2398//2398 2397//2397 2338//2338
f 2338//2338 2397//2397 2336//2336
f 2397//2397 2391//2391 2336//2336
f 2391//2391 2390//2390 2336//2336
f 2400//2400 2399//2399 2398//2398
f 2398//2398 2399//2399 2397//2397
f 2402//2402 2401//2401 2400//2400
f 2400//2400 2401//2401 2399//2399
f 2404//2404 2403//2403 2402//2402
f 2402//2402 2403//2403 2401//2401
f 2403//2403 2404//2404 2393//2393
f 2393//2393 2404//2404 2392//2392
f 2404//2404 2340//2340 2392//2392
f 2340//2340 2341//2341 2392//2392
f 2392//2392 2341//2341 2342//2342
f 2392//2392 2342//2342 2396//2396
f 2396//2396 2342//2342 2332//2332
f 2344//2344 2398//2398 2338//2338
f 2398//2398 2344//2344 2345//2345
f 2398//2398 2345//2345 2400//2400
f 2400//2400 2345//2345 2347//2347
f 2400//2400 2347//2347 2402//2402
f 2402//2402 2347//2347 2349//2349
f 2402//2402 2349//2349 2404//2404
f 2404//2404 2349//2349 2340//2340
f 2382//2382 2405//2405 2379//2379
f 2410//2410 2409//2409 2384//2384
f 2384//2384 2409//2409 2382//2382
f 2409//2409 2406//2406 2382//2382
f 2406//2406 2405//2405 2382//2382
f 2412//2412 2411//2411 2410//2410
f 2410//2410 2411//2411 2409//2409
f 2412//2412 2413//2413 2411//2411
f 2416//2416 2415//2415 2414//2414
f 2416//2416 2414//2414 2408//2408
f 2414//2414 2407//2407 2408//2408
f 2414//2414 2417//2417 2407//2407
f 2417//2417 2386//2386 2381//2381
f 2417//2417 2381//2381 2407//2407
f 2387//2387 2410//2410 2384//2384
f 2410//2410 2387//2387 2389//2389
f 2410//2410 2389//2389 2412//2412
f 2419//2419 2418//2418 2391//2391
f 2391//2391 2418//2418 2389//2389
f 2418//2418 2413//2413 2389//2389
f 2413//2413 2412//2412 2389//2389
f 2421//2421 2420//2420 2419//2419
f 2419//2419 2420//2420 2418//2418
f 2423//2423 2422//2422 2421//2421
f 2421//2421 2422//2422 2420//2420
f 2425//2425 2424//2424 2423//2423
f 2423//2423 2424//2424 2422//2422
f 2424//2424 2425//2425 2415//2415
f 2415//2415 2425//2425 2414//2414
f 2425//2425 2393//2393 2414//2414
f 2393//2393 2394//2394 2414//2414
f 2414//2414 2394//2394 2395//2395
f 2414//2414 2395//2395 2417//2417
f 2417//2417 2395//2395 2386//2386
f 2397//2397 2419//2419 2391//2391
f 2419//2419 2397//2397 2399//2399
f 2419//2419 2399//2399 2421//2421
f 2421//2421 2399//2399 2401//2401
f 2421//2421 2401//2401 2423//2423
f 2423//2423 2401//2401 2403//2403
f 2423//2423 2403//2403 2425//2425
f 2425//2425 2403//2403 2393//2393
f 2409//2409 2426//2426 2406//2406
f 2426//2426 2409//2409 2411//2411
f 2426//2426 2411//2411 2427//2427
f 2427//2427 2411//2411 2413//2413
f 2433//2433 2427//2427 2413//2413
f 2428//2428 2427//2427 2433//2433
f 2429//2429 2428//2428 2434//2434
f 2428//2428 2435//2435 2434//2434
f 2428//2428 2433//2433 2435//2435
f 2437//2437 2436//2436 2435//2435
f 2435//2435 2436//2436 2434//2434
f 2436//2436 2437//2437 2431//2431
f 2437//2437 2430//2430 2431//2431
f 2437//2437 2438//2438 2430//2430
f 2438//2438 2415//2415 2416//2416
f 2432//2432 2438//2438 2416//2416
f 2430//2430 2438//2438 2432//2432
f 2432//2432 2416//2416 2408//2408
f 2418//2418 2433//2433 2413//2413
f 2433//2433 2418//2418 2420//2420
f 2433//2433 2420//2420 2435//2435
f 2435//2435 2420//2420 2422//2422
f 2435//2435 2422//2422 2437//2437
f 2437//2437 2422//2422 2424//2424
f 2437//2437 2424//2424 2438//2438
f 2438//2438 2424//2424 2415//2415
f 2434//2434 2439//2439 2429//2429
f 2439//2439 2434//2434 2436//2436
f 2439//2439 2436//2436 2440//2440
f 2440//2440 2436//2436 2431//2431
